2121 5863 1
5863 5146 1
5146 5521 1
5521 6672 1
6672 6278 1
6278 3787 1
3787 7626 27
7626 9772 1
9772 7299 1
7299 799 1
799 494 1
494 8462 1
8462 6425 2
6425 6050 1
6050 2619 1
2619 2595 3
2595 7466 1
7466 2853 1
2853 3713 1
3713 3901 1
3901 8307 1
8307 1 1
1 2121 4
2121 6169 1
6169 5146 1
5146 502 2
502 4235 15
4235 2427 1
2427 8012 1
8012 716 1
716 494 1
494 7322 1
7322 5497 1
5497 6521 1
6521 9 1
9 4074 1
4074 4788 1
4788 74 1
74 2018 1
2018 1062 14
1062 4090 42
4090 6924 3
6924 2997 2
2997 4728 2
4728 6227 1
6227 8704 2
8704 8110 17
8110 8678 1
8678 1062 1
1062 4463 5
4463 9787 6
9787 7437 2
7437 4402 14
4402 4090 47
4090 2552 69
2552 8834 1
8834 951 1
951 4336 2
4336 4402 9
4402 4902 2
4902 2255 1
2255 2997 1
2997 494 1
494 3961 3
3961 3517 1
3517 8609 1
8609 502 1
502 4631 8
4631 1394 1
1394 1774 2
1774 6285 1
6285 6001 1
6001 9585 10
9585 1651 4
1651 4090 11
4090 4558 1
4558 155 2
155 3020 1
3020 6536 1
6536 4407 1
4407 556 10
556 3787 4
3787 9772 67
9772 2819 4
2819 1395 13
1395 7626 1
7626 8369 6
8369 6252 1
6252 1037 6
1037 7540 1
7540 3245 2
3245 9787 3
9787 1738 27
1738 787 1
787 1023 1
1023 3317 1
3317 3503 1
3503 8688 10
8688 502 1
502 8741 61
8741 2686 4
2686 1919 5
1919 7945 1
7945 2730 1
2730 2595 1
2595 4631 1
4631 6289 3
6289 8182 1
8182 3391 1
3391 8870 1
8870 5890 8
5890 1566 1
1566 545 1
545 1566 1
1566 2024 4
2024 3727 3
3727 494 31
494 7521 1
7521 3173 1
3173 3775 1
3775 8870 1
5890 8741 1
8741 7569 11
7569 9585 6
9585 6663 3
6663 8869 1
8869 8741 1
8741 6687 2
6687 4789 3
4789 2576 14
2576 543 2
543 1937 2
1937 7303 1
7303 502 1
502 9131 1
9131 9012 2
9012 2998 1
2998 875 2
875 1394 5
1394 6285 1
6285 2018 1
2018 4090 13
4090 4588 12
4588 764 3
764 3787 12
3787 4210 5
4210 502 1
502 4789 26
4789 6536 1
6536 9585 1
9585 2914 16
2914 1738 1
1738 3775 1
3775 8678 1
8678 4463 2
4463 4789 5
4789 494 27
494 7401 1
7401 938 1
938 4463 1
9787 7559 45
7559 3022 1
3022 8147 1
8147 502 1
502 6227 1
8110 8591 1
8591 7303 1
7303 2819 1
2819 3761 20
3761 7540 73
7540 8704 14
8704 4020 1
4020 1660 2
1660 8270 3
8270 7066 1
7066 502 1
502 5408 12
5408 2576 5
2576 8582 13
8582 4575 75
4575 7064 1
7064 3787 1
3787 1825 3
1825 2809 1
2809 2595 14
2595 3761 15
3761 6520 12
6520 5497 2
5497 9663 4
9663 8850 13
8850 1820 18
1820 9571 1
9571 2561 1
2561 8407 1
8407 494 1
494 1577 6
1577 7999 1
7999 3787 8
3787 8582 11
8582 9036 4
9036 1618 1
1618 4134 2
4134 7925 1
7925 6291 1
6291 8373 1
8373 8470 1
8470 8852 1
8852 2144 1
2144 1037 3
1037 9773 6
9773 1660 14
1660 2576 11
2576 4984 3
4984 4790 2
4790 3787 22
3787 6920 2
6920 1002 1
1002 9585 8
9585 4790 72
4790 6576 2
6576 2809 1
3761 5497 7
5497 1820 1
1820 502 7
502 1659 4
1659 502 8
502 6758 21
6758 9458 2
9458 1399 1
1399 8678 2
8678 2021 17
2021 1427 1
1427 386 2
386 9520 7
9520 3761 8
3761 502 33
502 8184 39
8184 494 12
494 8758 1
8758 545 1
545 1937 2
1937 689 1
689 9787 3
9787 2802 11
2802 7701 14
7701 502 40
502 1826 28
1826 7999 1
3787 524 5
524 5846 4
5846 7935 4
7935 2819 1
2819 3787 6
3787 7449 1
7449 8547 1
8547 2576 3
2576 2202 1
2202 3937 1
3937 4788 1
4788 9475 1
9475 6574 1
6574 502 7
502 764 10
764 8887 1
8887 6291 1
6291 2576 2
2576 6549 2
6549 4575 1
4575 2093 1
2093 545 1
545 9787 3
9787 494 84
494 8873 10
8873 4789 27
4789 1738 4
1738 3170 1
3170 8860 1
8860 2576 1
2576 3011 12
3011 6520 1
6520 8082 1
8082 9006 2
9006 4130 1
4130 9787 1
9787 4940 15
4940 4789 10
4789 7588 2
7588 5182 1
5182 8031 1
8031 502 2
502 3436 3
3436 2576 2
2576 502 83
502 386 7
386 401 1
401 2664 1
2664 7584 1
7584 5391 1
5391 9787 1
494 6256 1
6256 7701 10
7701 4840 2
4840 7661 3
7661 2576 1
2576 1776 2
1776 4407 1
4407 8741 5
8741 8110 30
8110 9787 2
9787 7210 4
7210 4788 2
4788 8943 1
8943 9787 1
9787 594 8
594 2802 12
2802 545 3
545 2576 3
2576 1672 7
1672 7701 13
7701 313 2
313 4489 1
4489 502 2
502 3841 4
3841 2121 4
2121 9772 22
9772 6582 1
6582 9787 3
9787 502 99
502 9630 2
9630 7066 2
7066 3154 3
3154 8050 3
8050 4843 1
4843 532 1
532 8582 1
8582 2283 1
2283 4488 1
4488 9787 1
9787 4226 6
4226 2056 25
2056 594 2
545 8926 1
8926 9787 7
9787 4789 9
4789 7260 1
7260 3883 1
3883 9787 2
9787 146 1
146 2137 1
2137 9797 1
9797 2576 1
2576 3847 1
3847 9787 1
9787 3674 2
3674 1919 5
1919 5687 4
5687 2056 8
2056 6773 1
6773 4090 1
4090 2694 21
2694 951 1
951 4373 1
4373 3503 67
3503 2059 6
2059 9787 4
9787 4879 1
4879 3787 1
3787 9787 48
9787 4840 10
4840 3854 1
3854 4414 1
4414 5460 3
5460 502 1
502 3154 31
3154 9787 31
9787 1037 22
1037 968 37
968 4518 1
4518 6186 1
6186 2576 3
2576 9593 5
9593 7701 63
7701 8576 11
8576 2819 259
2819 453 33
453 1037 2
1037 3683 12
3683 8621 2
8621 7625 1
7625 8467 1
8467 1037 1
1037 853 1
853 4840 1
4840 502 12
502 6387 4
6387 2802 1
2802 3328 1
3328 545 1
545 8109 1
8109 621 1
621 7732 6
7732 2802 1
2802 9016 4
9016 5497 2
5497 3047 1
3047 2402 1
2402 2495 1
2495 3856 1
3856 8742 1
8742 2056 62
2056 9791 2
9791 502 8
502 8378 6
8378 1 1
1 3562 27
3562 8626 50
8626 1746 1
1746 8824 2
8824 986 1
986 4222 1
4222 494 30
494 2384 1
2384 4226 1
4226 9522 1
9522 8542 1
8542 6663 1
6663 2054 1
2054 5819 3
5819 545 2
545 7832 1
7832 1408 3
1408 6697 1
6697 3503 1
8688 3846 1
3846 349 1
349 9420 1
9420 7540 2
7540 4790 109
4790 2576 28
2576 155 29
155 8741 13
8741 1037 3
1037 5547 1
5547 4606 1
4606 311 9
311 1037 1
1037 494 11
494 7759 1
7759 2576 1
2576 7605 2
7605 502 1
502 3581 1
3581 2709 1
2709 1651 2
1651 2018 2
2018 482 131
482 5606 1
5606 3787 1
3787 8371 11
8371 402 1
402 2845 1
2845 3616 1
3616 8683 1
8683 2245 1
2245 3727 1
3727 482 68
482 5769 8
5769 4737 2
4737 3244 1
3244 8095 1
8095 9414 1
9414 482 3
482 5335 1
5335 1188 1
1188 482 1
482 2595 3
2595 7701 8
7701 8113 1
8113 2576 1
2576 8337 10
8337 482 15
482 734 1
734 6110 1
6110 9016 7
9016 545 1
545 1863 1
1863 384 1
384 2997 1
2997 2576 5
2576 6575 5
6575 9787 1
9787 9277 1
9277 6687 1
6687 3682 1
3682 2576 2
2576 8792 1
8792 9787 1
9787 1066 1
1066 2595 1
2595 7780 3
7780 9587 1
9587 9024 3
9024 6687 4
6687 4788 4
4788 621 3
621 5680 5
5680 2576 2
2576 7540 34
7540 8658 9
8658 968 8
968 1744 1
1744 4940 1
4940 545 1
545 4635 1
4635 9585 1
9585 9773 24
9773 7569 7
7569 3682 1
3682 1576 1
1576 9012 1
9012 9088 3
9088 8683 1
8683 9787 12
9787 8069 17
8069 5371 1
5371 4790 1
4790 2723 1
2723 6189 1
6189 9585 33
9585 4090 77
4090 8218 1
8218 8582 1
8582 8680 1
8680 2819 1
2819 3591 1
3591 9530 1
9530 622 1
622 4304 1
4304 968 3
968 9787 27
9787 5195 3
5195 2059 1
2059 3269 1
3269 2576 2
2576 6041 2
6041 545 1
545 1788 1
1788 9787 1
9787 9772 44
9772 4789 6
4789 4090 31
4090 8084 13
8084 4632 1
4632 3268 1
3268 4366 1
4366 5484 1
5484 1543 1
1543 6466 1
6466 2576 1
2576 6195 1
6195 9587 2
9587 9787 14
9787 8082 7
8082 4940 1
4940 4788 26
4788 5007 1
5007 9517 1
9517 8242 1
8242 2576 7
2576 7538 7
7538 502 2
4631 8578 1
8578 4790 1
4790 8932 1
8932 641 1
641 4463 1
4463 3154 4
3154 7437 1
2552 930 1
930 9419 1
9419 482 2
482 1461 1
1461 1937 9
1937 8932 1
8932 3682 1
2576 6151 2
6151 8610 1
8610 6687 1
4788 9420 1
9420 4788 3
4788 7842 2
7842 9787 6
9787 2607 5
2607 4090 3
4090 1773 11
1773 4789 1
4789 7450 1
7450 2802 1
2802 8741 36
8741 2056 37
2056 4940 1
4788 4090 98
4090 3727 169
3727 5941 2
5941 4373 1
3503 6791 4
6791 1734 1
1734 3015 1
3015 8576 1
2819 4788 40
4788 556 6
556 1575 1
1575 9012 14
9088 6436 1
6436 621 16
621 8741 10
8741 1461 1
1937 8414 1
8414 3801 1
3801 3787 1
9787 2121 28
2121 3268 1
3268 502 1
3154 986 1
986 494 1
494 4210 2
4210 6791 2
6791 1 1
8626 7559 1
7559 545 2
545 4461 1
4461 8565 1
8565 2576 1
2576 4090 152
4090 4068 2
4068 502 1
502 9772 80
9772 4402 6
4402 1952 8
1952 155 1
155 8136 58
8136 6189 2
9585 1648 4
1648 9772 12
9772 7559 12
7559 2802 1
2802 1461 1
1937 8702 1
8702 9585 25
9585 6502 3
6502 2576 1
2576 6099 2
6099 3787 1
3787 2105 2
2105 3649 1
3649 521 24
521 1774 1
1774 9442 1
9442 8334 1
8334 1620 4
1620 502 1
502 5178 1
5178 880 1
880 19 1
19 4789 1
4789 3987 1
3987 3787 1
9787 2576 78
2576 242 1
242 4572 1
4572 9611 1
9611 4090 48
4090 9459 1
9459 9489 3
9489 5819 1
545 4090 2
4090 9142 1
9142 4789 1
4789 5085 2
5085 3683 2
3683 1960 2
1960 3787 3
3787 5828 3
5828 9787 1
502 7559 60
7559 1651 58
482 1160 1
1160 1812 1
1812 8582 1
8582 7009 1
7009 2430 1
2430 6445 2
6445 7540 10
7540 9489 4
9489 8400 1
8400 7975 1
7975 7880 1
7880 9787 1
9787 8678 2
8678 2576 8
2576 1651 5
1651 9822 1
9822 3787 1
3787 8440 6
8440 1 3
1 3649 1
3649 520 1
520 8139 1
8139 2009 1
2009 9787 1
9787 4912 1
4912 7773 1
7773 7990 7
7990 1334 1
1334 4090 1
4090 377 1
377 4415 1
4415 2802 2
2802 9585 32
9585 1062 58
1062 8576 7
8576 7878 1
7878 1673 1
1673 6956 1
6956 4090 1
4090 2511 1
2511 2576 3
4090 6206 1
6206 1334 1
1334 4350 1
4350 1062 13
3727 618 1
618 7701 6
313 1394 1
1394 4789 2
4789 9787 7
9787 1 6
1 2430 94
2430 6583 11
6583 4638 1
4638 9585 4
9585 6436 9
6436 8582 18
8582 1952 1
1952 5525 1
5525 4090 1
4090 3738 2
3738 8945 1
8945 502 1
502 5171 5
5171 4361 1
4361 3600 1
3600 2692 1
2692 11 1
11 9787 1
9787 5497 21
5497 6876 1
6876 1960 1
1960 7407 1
7407 9585 25
9585 9787 202
9787 4090 215
4090 3617 11
3617 482 3
482 8591 7
8591 5523 1
5523 2576 1
2576 5019 4
5019 8149 1
8149 4789 3
4789 4463 4
4463 9772 46
4789 9010 1
9010 652 1
652 9420 1
7540 3683 13
3683 8392 9
8392 4090 2
4090 494 104
494 8834 7
8834 4373 5
3503 1952 1
1952 9110 1
9110 9787 1
9787 875 5
875 9418 1
9418 9038 3
9038 3253 1
3253 3252 1
3252 2691 4
2691 494 7
494 1734 17
1734 9787 49
8069 191 11
191 8576 3
2819 9787 62
9787 2029 1
2029 502 1
502 8516 13
8516 8702 3
8702 5329 1
5329 8334 1
1620 4632 1
4632 9585 88
9585 7540 21
8392 494 9
494 5171 35
5171 1951 2
1951 1394 1
1394 8582 3
8582 641 5
641 9585 1
9585 7559 3
7559 4789 2
4789 4373 4
4373 2121 39
2121 9585 39
9585 3787 32
7626 4090 8
4090 7799 14
7799 4402 1
4402 5687 9
5687 2576 2
2576 3939 1
3939 2107 1
2107 8576 2
8576 9587 13
9587 6015 1
6015 502 11
502 3600 5
3600 2526 3
2526 2587 1
2587 6288 1
6288 9125 1
9125 9787 1
9787 3383 24
3383 4090 4
4090 695 25
695 1734 1
1734 7701 24
7701 4373 6
3503 1091 3
1091 4069 1
4069 502 29
502 4701 29
4701 3600 3
3600 7540 2
7540 4789 18
4789 1 1
1 6189 119
6189 7407 3
7407 502 4
502 9084 2
9084 7666 2
7666 4090 9
4090 1648 12
1648 4373 1
3503 2802 1
8741 6050 1
6050 951 1
951 9787 8
4090 8337 53
8337 4789 1
4789 7302 2
7302 4463 7
4463 7666 10
7666 7403 1
7403 8576 3
2819 9772 24
9772 3727 14
482 4789 13
4789 8702 2
8702 7295 1
7295 2576 2
4090 6573 2
6573 482 2
482 9787 42
9787 4388 4
4388 5945 2
5945 3649 1
521 6256 1
7701 6982 1
6982 502 2
502 9395 4
9395 4090 2
3727 7852 2
7852 4916 1
4916 2576 8
2576 6756 4
6756 9787 5
9787 7224 2
7224 7802 5
7802 6687 2
6687 3600 1
2526 4789 1
4789 8921 3
8921 453 12
453 5497 1
5497 5254 3
5254 8824 2
8824 9517 1
9517 2109 1
2109 6398 1
6398 4788 2
4788 9459 3
9459 1659 12
1659 1738 3
1738 7847 2
7847 563 2
563 8702 1
8702 2576 2
2576 1648 3
1648 9585 2
9585 7351 1
7351 7701 1
7701 7540 5
7540 77 1
77 2576 1
2576 5398 1
5398 9787 1
9787 9773 9
9773 5389 1
5389 4902 1
4902 4090 1
4090 6405 1
6405 4407 1
4407 9787 79
4090 1217 1
1217 4789 1
4789 7666 3
7666 3663 3
3663 1 2
1 8702 4
8702 8268 1
8268 2819 6
2819 4789 16
4789 1941 1
1941 6015 1
6015 3358 1
3358 8741 1
8110 502 1
2526 2686 1
2686 4336 7
4336 4789 4
4789 8860 1
8860 670 1
670 2576 2
2576 5976 1
5976 4233 3
4233 4962 2
4962 502 2
502 5093 1
5093 8012 1
8012 9787 1
9773 5171 6
5171 4574 8
4574 8576 2
1738 9580 28
9580 9418 1
9418 7540 1
4790 4090 45
4090 7137 1
7137 3649 1
521 6756 1
9787 9708 2
9708 9787 1
9772 5171 8
5171 3863 1
3863 2576 3
2576 4017 1
4017 5596 1
5596 3074 70
3074 4714 6
4714 6436 1
6436 2488 1
2488 502 1
502 3063 30
3063 4142 1
4142 6583 1
6583 9573 4
9573 3687 2
3687 2576 1
2576 7167 2
7167 5497 5
5497 8209 2
8209 9787 2
9787 9038 10
9038 502 14
502 7666 100
7666 3064 1
3064 7540 1
7540 7635 7
7635 3154 1
3154 2576 10
2576 6143 5
6143 3787 4
8371 1 1
2430 9163 1
9163 820 2
820 4749 1
4749 3787 3
8440 6696 1
6696 1941 1
1941 4463 6
4463 9522 2
9522 2125 1
2125 4407 1
4407 8873 8
8873 9787 149
4090 1269 5
1269 4402 1
4402 6995 8
6995 9787 1
9787 8337 18
8337 8576 2
8576 1539 2
1539 9585 1
9585 502 56
502 9773 25
9773 3641 9
3641 9418 1
9418 1577 1
1577 9088 1
9088 2489 1
2489 332 1
332 2812 1
2812 2851 1
2851 5400 1
5400 2595 1
2595 3342 7
3342 1839 2
1839 1540 1
1540 9652 1
9652 3369 1
3369 1329 1
1329 537 1
537 3200 1
3200 8066 1
8066 7197 1
7197 3846 1
3846 5839 1
5839 4385 2
4385 7957 1
7957 2178 1
2178 8045 1
8045 2576 7
2576 2037 1
2037 3197 1
3197 9035 1
9035 6327 1
6327 9620 1
9620 7976 1
7976 625 1
625 6575 1
6575 9590 1
9590 4087 1
4087 9585 1
3727 7161 1
7161 418 1
418 4407 1
4407 5137 1
5137 8873 1
9787 1245 1
1245 5497 1
5497 621 18
621 8621 13
8621 9408 3
9408 6170 2
6170 2430 1
2430 9787 6
9787 9182 13
9182 2595 1
3342 1373 1
1373 1414 1
1414 3591 1
3591 3154 2
3154 3859 1
3859 4407 1
4407 4090 26
4090 8960 11
8960 1217 1
1217 8678 1
8678 9585 43
9585 3327 1
3327 8873 3
8873 4788 84
4788 3787 34
3787 1960 6
1960 147 1
147 4090 1
3727 8244 1
8244 3327 1
3327 502 4
7666 3675 1
3675 2576 4
2576 1818 6
1818 435 1
435 5497 2
5497 4438 5
4438 502 8
502 4241 1
4241 3600 1
3600 9787 9
8069 9119 1
9119 1958 1
1958 2576 5
2576 4684 1
4684 4902 1
4902 8626 1
8626 9585 22
9585 8873 49
494 5596 5
5596 7498 12
7498 4388 1
4388 8681 1
8681 993 1
993 4714 7
4714 8278 1
8278 3787 8
9787 5259 1
5259 2576 5
2576 6028 2
6028 5497 1
5497 3683 7
3683 5473 2
5473 9787 4
9787 6133 3
6133 8438 1
8438 4788 1
4788 7540 28
7540 7701 63
7701 1 4
1 4788 10
4788 9119 1
9119 6954 1
6954 3787 17
3787 7635 1
7635 2576 6
2576 6384 3
6384 9520 36
9520 9787 14
9787 9189 11
9189 6265 1
6265 621 1
621 7998 1
7998 2576 1
2576 4474 1
4474 9787 1
9787 2552 31
2552 2576 4
2576 7559 21
7559 9585 11
9585 9772 64
9772 494 71
494 8414 2
8414 1952 1
1952 6330 2
6330 2576 1
2576 9585 60
9585 1348 1
1348 5259 1
5259 6573 1
6573 9787 3
9787 4334 1
4334 9772 1
9772 9787 27
1738 8582 40
8582 8350 39
8350 7323 1
7323 9585 1
9787 9611 14
4090 7165 1
7165 3787 1
3787 7701 9
7701 4695 1
4695 6284 1
6284 9585 4
9787 8742 18
2056 1016 4
1016 2576 9
2576 8780 1
8780 4557 1
4557 854 2
854 3063 1
3063 5497 2
5497 4701 6
4701 2576 9
2576 8626 4
8626 2056 3
2056 7897 1
7897 2809 1
2809 7053 28
7053 4873 1
4873 7701 1
7701 3192 1
3192 1 1
2430 5296 1
5296 2980 1
2980 7666 1
7666 859 1
859 4401 1
4401 9587 1
9587 4482 1
4482 7701 1
7701 8582 18
4575 4940 2
4940 557 1
557 8626 1
8626 4090 34
4090 3578 28
3578 9787 7
9787 986 24
986 4090 21
3727 9593 3
7701 8069 10
8069 8245 3
8245 9772 1
9772 5973 1
5973 3011 1
3011 750 1
750 8741 23
8741 9587 63
9587 6535 1
6535 3898 1
3898 3438 1
3438 5658 2
5658 3846 1
3846 1605 2
1605 4789 2
4789 6177 2
6177 4407 2
9787 4389 24
4389 4090 51
4090 7956 11
7956 9587 1
9587 3679 10
3679 494 93
494 5687 2
2056 4575 13
4575 6348 1
6348 4334 1
4334 6110 2
6110 8741 63
8741 2819 41
2819 7949 1
7949 8894 1
8894 5259 1
5259 1915 1
1915 621 4
8621 9787 3
9787 9163 3
9163 4840 1
4840 3787 22
8440 2576 5
2576 1870 1
1870 7701 1
7701 8797 1
8797 8050 1
8050 3269 1
3269 502 1
1826 8637 1
8637 8400 1
8400 3786 3
3786 8674 7
8674 2576 2
2576 545 7
545 4390 1
4390 4575 6
4575 4090 5
3727 9024 2
9024 4463 3
4463 3683 6
3683 6749 1
6749 4407 1
4407 930 5
930 5497 1
5497 2777 5
2777 1806 1
1806 968 4
9182 2819 4
2819 9498 1
9498 1329 1
1329 1581 1
1581 502 1
502 1443 53
1443 4076 1
4076 288 1
288 466 1
466 4790 1
4790 6693 1
6693 1602 1
1602 7053 1
7053 2576 9
2576 2430 4
2430 1037 3
1037 4840 1
4840 8362 1
8362 2576 4
2576 1577 11
1577 8337 1
8337 2819 2
453 8670 1
8670 9520 1
9520 6384 2
6384 993 1
993 6110 9
8741 9787 14
2819 763 1
763 502 2
502 8633 9
8633 502 1
502 9496 8
9496 1667 1
1667 9435 1
9435 627 1
627 2576 1
2576 2425 1
2425 1979 1
1979 8337 1
8337 6618 2
6618 8742 1
2056 6110 7
8741 7106 1
7106 5123 1
5123 3162 1
3162 3783 1
3783 3784 1
3784 4445 1
4445 9772 3
9772 3293 2
3293 7799 1
7799 9787 32
7559 7701 24
7701 2576 13
2576 8742 10
2056 4962 2
7666 5172 49
5172 3784 1
3784 5497 1
5497 825 11
825 3777 1
3777 2576 1
2576 4179 1
4179 8712 1
8712 6204 1
6204 7635 1
7635 1148 1
1148 2595 6
2595 4749 14
3787 3239 4
3239 7574 1
7574 6181 1
6181 7818 1
7818 5497 1
5497 4789 11
4789 8269 1
8269 3884 1
3884 2576 2
2576 6698 5
6698 502 6
502 9504 1
9504 1667 1
1667 8591 3
8591 1640 3
1640 9787 1
9787 8926 18
8926 5653 1
5653 9787 2
9787 8704 3
8110 3761 2
3761 2592 4
2592 3787 4
3787 9483 12
9483 3562 1
3562 1667 6
1667 3975 1
3975 2802 6
2802 1585 1
1585 3074 2
3074 7544 1
7544 2576 2
2576 6471 1
6471 8576 1
9587 627 1
627 4090 1
4090 9466 2
9466 3761 1
3761 2121 3
2121 1408 2
1408 6915 1
6915 3639 6
3639 3280 1
3280 9787 1
9787 8257 1
8257 4463 1
4463 3105 1
3105 2839 1
2839 1667 1
1667 2576 8
2576 9119 2
9119 6676 1
6676 3853 1
3853 7197 1
7197 3503 1
8688 9716 1
9716 3761 3
3761 6545 1
6545 2802 1
2802 2517 1
2517 2576 4
2576 3327 4
3327 8069 2
8069 4273 1
4273 1701 1
1701 7477 1
7477 4142 2
4142 1624 2
1624 521 2
521 7773 1
7773 2819 2
2819 7053 69
7053 502 28
502 1605 9
1605 3787 4
3787 6069 1
6069 3761 1
3761 7132 2
7132 4788 1
4788 8069 8
8069 9795 4
9795 8576 1
2819 502 20
502 3280 1
3280 1437 1
1437 7635 3
7635 4788 1
4788 1016 1
1016 1262 1
1262 9671 1
9671 3702 1
3702 6618 1
6618 7540 1
7540 3641 10
3641 2576 6
2430 8268 2
8268 3245 2
3245 8591 3
8591 4090 10
4090 5936 5
5936 4961 2
4961 4788 1
4788 8031 4
8031 4076 2
4076 6618 7
6618 1 1
1 6186 20
6186 1128 1
1128 3787 13
9483 2595 1
2595 3280 3
3280 2576 5
2576 4916 9
4916 2819 3
502 6812 1
6812 3562 2
3562 9787 4
2576 8704 2
8704 3761 3
3761 494 27
494 4940 4
4788 8576 23
8576 340 9
340 9585 3
9585 9611 5
4090 1882 3
1882 1738 2
1738 4788 8
4788 502 60
502 8658 23
8658 4317 1
4317 3641 5
3641 5822 1
5822 9787 12
9787 5171 28
5171 1806 1
1806 4090 2
4090 7958 2
7958 494 2
494 4373 9
4373 4701 12
4701 2496 1
2496 1 3
8626 3761 5
3761 1037 25
1037 8787 2
8787 6252 1
6252 2914 1
2914 1918 1
1918 2819 1
9772 968 25
968 8873 3
9787 2473 1
2473 820 1
820 9741 1
9741 4407 1
4090 4893 1
4893 6243 1
6243 1001 1
1001 2121 16
2121 8626 14
8626 8873 2
9787 8414 3
8414 2392 1
2392 820 1
820 9261 1
9261 1 1
6186 3787 3
3787 8231 6
8231 2819 1
7053 3562 2
3562 5473 1
9787 2812 25
2812 9585 17
9787 6872 3
6872 9088 1
9088 2018 1
2018 674 1
674 8974 1
8974 1806 1
1806 3244 1
3244 9787 2
9787 1773 3
1773 2298 1
2298 4090 1
4090 7053 7
7053 946 1
946 2121 1
2121 7701 21
7701 9772 8
9772 7668 1
7668 2819 1
2819 8701 2
8701 2802 8
2802 4069 1
502 6549 3
6549 4630 1
4630 2686 1
2686 3787 12
3787 6230 5
6230 7008 1
7008 9187 1
9187 4090 1
4090 9593 5
9593 2802 1
2802 9773 18
9773 4904 1
4904 5154 1
5154 3129 1
3129 1394 2
1394 2809 1
7053 3011 18
3011 9544 1
9544 8082 1
8082 4212 1
4212 4289 1
4289 5197 1
5197 5808 1
5808 2802 1
9773 9611 1
9611 3358 3
3358 4090 3
4090 502 62
502 8850 2
8850 3600 1
3600 993 1
4714 1701 2
1701 6419 1
6419 3704 1
3704 2576 1
2576 8268 17
3245 2056 12
2056 8847 20
8847 8582 3
8582 1326 1
1326 1062 4
1062 7169 1
7169 7026 1
7026 3683 2
3683 3165 3
3165 2018 3
2018 9787 31
7956 2501 1
2501 9590 1
9590 8582 8
8582 4445 2
4445 3293 25
3293 9787 16
9787 9012 14
9012 2552 3
2552 9585 55
9585 7694 6
7694 9787 6
9787 7755 4
7755 930 1
930 2501 1
2501 2576 5
8337 7952 1
7952 5819 1
5819 4090 20
4090 9182 4
9182 9589 2
9589 4840 2
4840 9163 1
9163 3787 7
3787 8790 3
8790 8576 1
8576 9585 120
6663 2819 2
8704 4788 3
4788 6615 1
6615 2802 2
2802 1667 4
2576 9683 2
9683 7236 3
7236 4415 2
4415 1002 2
9585 4701 5
4701 2595 65
2595 4790 39
4790 9611 1
4090 2211 1
2211 2121 1
2121 3683 6
3683 4415 1
4415 8683 1
8683 8873 4
9787 4076 20
4076 9544 1
9544 4430 1
4430 1738 1
1738 8741 78
8741 9585 69
9585 7904 2
7904 1245 3
1245 3787 2
3787 1360 21
1360 4407 2
4090 7978 16
7978 9544 1
9544 2430 1
2430 9590 1
9590 6583 1
6583 9787 5
9787 9733 1
9733 770 1
770 4430 1
4430 2576 5
2576 3911 8
3911 6954 1
6954 5596 2
5596 4430 4
4430 3846 1
3846 1547 1
1547 4090 1
2552 6296 3
6296 2819 1
9787 8969 14
8969 7699 1
7699 2576 1
3327 7990 1
7990 8582 1
8582 2536 1
2536 7540 1
7540 8398 1
8398 1733 1
1733 3641 1
3641 9663 1
9663 2686 3
2686 7729 2
7729 4407 1
4407 9773 7
3641 2812 1
2812 9787 6
9787 636 1
636 8873 1
9787 9544 1
9544 502 1
502 4705 1
4705 7160 1
7160 3600 1
9787 9593 26
9593 9585 8
502 7780 11
7780 1107 1
1107 4373 1
4701 3641 1
3641 371 1
371 1 1
6189 8359 1
8359 2570 1
2570 2576 5
2576 7408 2
7408 6048 1
6048 8527 6
8527 2819 2
9772 3550 13
3550 1701 1
1701 6583 5
6583 8860 1
8860 1981 3
1981 2576 1
8741 2465 1
2465 9787 1
4090 2287 12
2287 8683 1
8683 9196 1
9196 2576 7
2576 6519 7
6519 502 30
502 4427 1
4427 8184 1
8184 8741 1
8741 5606 1
5606 9787 3
9787 7768 1
7768 3324 1
3324 2468 1
2468 1547 1
1547 2576 3
2576 3761 26
3761 6028 1
6028 1580 1
1580 3787 1
3787 9550 7
9550 3011 1
3011 3761 24
3761 5077 1
5077 9345 1
9345 3787 1
3787 1683 4
1683 8741 2
8741 9655 2
9655 9787 1
9787 9585 21
9585 4172 1
4172 494 1
494 482 88
482 6436 1
6436 1290 3
1290 1701 1
1701 9721 1
9721 7044 3
7044 2802 1
1667 4407 1
9787 2918 1
2918 5007 1
5007 4636 1
4636 9585 20
9585 4142 9
4142 3727 1
3727 6862 1
6862 2576 7
2576 5683 4
5683 8582 4
8582 3197 2
3197 9585 1
9585 7072 1
7072 621 1
621 1826 3
1826 1 3
1 8683 2
8683 5026 1
5026 3683 1
3683 5109 4
5109 8741 1
8741 6519 2
6519 8834 1
8834 4257 1
4257 502 1
502 1408 47
1408 9585 8
9585 4788 177
4788 2453 1
2453 7540 12
7701 7914 1
7914 3497 1
3497 7635 1
7635 1 1
6189 4788 3
4788 2679 1
2679 2059 3
2059 2234 1
2234 3787 1
3787 3280 7
2576 5791 3
5791 8591 1
8591 9787 9
9787 8075 2
8075 4788 2
4788 815 1
815 4940 2
4940 5687 1
5687 6050 1
6050 8576 1
2819 1701 2
1701 3727 6
3727 8626 1
8626 968 25
968 6862 1
2576 5080 8
5080 8824 5
8824 8685 1
8685 8741 1
8741 9418 1
9418 4714 1
4714 8071 1
8071 502 1
502 9585 9
9585 482 25
482 8678 11
8678 4373 11
4373 8337 6
8337 2845 1
2845 7418 1
7418 5622 1
5622 3761 1
3761 540 4
540 7540 1
4790 6275 2
6275 6698 1
6698 8672 1
8672 3787 1
2576 7116 4
7116 8591 1
8591 8777 2
8777 7635 1
7635 502 5
502 9120 2
9120 2121 1
2121 3154 10
3154 8741 2
8741 5911 2
5911 3787 5
8371 7023 1
7023 9465 6
9465 2430 2
2430 3761 9
3761 1128 3
1128 2595 22
2576 9787 101
8414 9418 1
9418 8901 1
8901 5123 1
5123 1586 1
1586 4407 3
9787 4373 21
4373 2819 1
2819 4090 13
3727 8077 1
8077 7540 1
7540 7666 31
7666 8681 4
8681 4788 2
4788 6028 1
6028 4840 1
9550 2802 1
8741 3600 21
3600 1326 30
1326 8215 1
8215 1701 1
1701 9587 4
9587 8545 1
8545 7540 5
7540 4142 2
4142 2853 1
2853 9721 3
9721 9787 7
9787 2054 1
2054 4788 6
7540 4337 4
4337 2576 2
4788 5171 9
5171 3558 1
3558 8576 1
2819 1032 1
1032 3216 3
3216 8400 3
8674 8742 1
2056 5497 6
5497 807 8
807 8704 1
3761 6756 4
6756 7666 5
7666 6996 3
6996 5497 1
5497 8790 4
8790 4547 1
4547 7549 1
7549 2142 1
2142 2576 1
2576 6146 1
6146 681 1
681 5497 2
5497 3227 1
3227 7831 1
7831 9405 4
9405 3787 2
3787 7569 5
7569 608 2
608 8741 1
8741 7300 4
7300 9787 9
9787 6436 11
6436 9772 60
9772 9585 5
9585 8042 1
8042 7540 15
7540 1408 5
1408 1701 2
1701 9696 1
9696 2576 4
2576 5541 2
5541 4789 1
4789 3787 17
3787 8505 1
8505 8741 1
8741 7559 6
7559 1667 1
1667 5596 1
5596 3154 1
3154 8215 1
8215 4142 1
4142 1701 5
1701 6436 5
9772 7896 2
7896 2476 1
2476 4407 1
4090 6862 1
6862 946 1
946 1701 1
1701 8921 5
8921 9585 18
9585 557 3
557 4788 2
4788 4751 1
4751 6436 1
6436 566 1
566 4788 2
8184 4118 4
4118 2576 1
2576 7201 1
7201 3787 1
3787 4235 20
4235 5497 2
621 9713 2
9713 1 1
2430 8031 1
8031 9156 1
9156 5596 1
5596 1618 1
1618 7539 2
7539 2576 2
2576 9587 2
9587 9206 1
9206 1037 1
1037 8136 1
8136 5541 1
5541 4788 1
4788 9696 2
9696 3787 1
3787 8474 1
8474 3787 1
3787 1919 29
1919 1659 10
1659 5567 1
5567 9773 2
9773 7299 1
7299 1701 1
1701 1740 1
1740 9585 9
557 8540 1
8540 3787 2
4235 502 2
502 4414 2
4414 4851 3
4851 2576 3
2576 6110 7
8741 7540 2
7540 2809 4
2809 4414 1
4414 5363 1
5363 1037 1
1037 371 12
371 7364 1
7364 4511 1
4511 7666 1
7666 8409 1
8409 5596 1
3074 1286 1
1286 9585 3
557 2012 1
2012 3787 2
621 7626 4
7626 2307 1
2307 4788 1
4788 9611 4
4090 1738 10
1738 7976 6
7976 2080 1
2080 3943 1
3943 4788 1
4788 8231 3
8231 6002 1
6002 1651 33
1651 9585 9
9585 1701 13
1701 9010 1
9010 9772 1
9772 811 1
811 1651 1
1651 1791 3
1791 1738 16
4788 6252 3
6252 4090 8
4090 8995 1
8995 1919 1
1919 4142 2
4142 7666 1
7666 764 1
764 4790 1
4790 6662 1
6662 2708 1
2708 2121 1
2121 4317 2
4317 599 1
599 5497 1
5497 7952 2
7952 4788 7
4788 6227 1
6227 2576 1
2576 4788 42
4788 8337 8
8337 5947 1
5947 502 3
502 4790 17
4790 8289 1
8289 4251 1
4251 8905 1
8905 2576 2
2576 6259 1
6259 8069 1
8069 9604 1
9604 4142 2
4142 8400 1
8400 2709 1
2709 7053 14
7053 820 2
820 2142 2
2142 7127 1
7127 7482 1
7482 2576 7
2576 1375 10
1375 3787 26
3787 1701 2
1701 7917 1
7917 3787 4
3787 2842 1
2842 9596 1
9596 3011 1
3011 8346 5
8346 4142 1
4142 7777 1
7777 820 1
820 4679 2
4679 3787 4
3280 977 1
977 8691 1
8691 3562 1
3562 7701 1
7701 6687 1
6687 3036 1
3036 2576 5
2576 557 4
557 2018 1
2018 3247 5
3247 2168 1
2168 8582 1
8582 7095 1
7095 2576 2
2576 7008 4
7008 1129 1
1129 7701 6
7701 5497 6
5497 9773 14
9773 9497 6
9497 7609 1
7609 9517 1
9517 1701 2
1701 8369 1
8369 8702 10
8702 853 1
853 2576 1
2576 7799 36
7799 1377 2
1377 7073 1
7073 1062 6
1062 2552 9
2552 9589 1
9589 4463 2
4463 865 1
865 2576 1
2576 7921 1
7921 4142 1
4142 7917 1
7917 3247 1
3247 2266 1
2266 4788 1
4788 1442 1
1442 6695 1
6695 8742 1
2056 9101 1
9101 1 1
2430 6181 1
6181 8450 1
8450 502 1
502 2212 5
2212 7536 1
7536 1701 1
1701 6853 1
6853 1977 1
1977 502 1
502 7016 1
7016 3709 2
3709 2576 7
2576 6753 1
6753 502 1
4789 9702 1
9702 4432 1
4432 3709 1
3709 6151 1
6151 3787 1
3787 9671 9
9671 4638 1
9772 8589 1
8589 8062 1
8062 5303 1
5303 9623 1
9623 4632 1
9585 3679 12
3679 3355 1
3355 4790 1
4790 4940 3
4940 621 6
621 372 1
372 2576 3
502 7945 11
7945 3861 4
3861 1126 1
1126 3036 1
557 1734 1
1734 9772 13
9772 7900 5
7900 6782 1
6782 8702 1
8702 3495 1
3495 2245 1
2245 3154 1
3154 4788 7
4788 1672 5
1672 7197 1
7197 502 2
502 7716 1
7716 4142 1
4142 8050 1
8050 2802 1
2802 1701 12
1701 7540 4
7540 621 9
621 4772 1
4772 2576 1
2576 4981 2
4981 4788 1
4788 1037 10
1037 9585 33
8873 4790 31
4790 2695 1
2695 8702 1
8702 1734 4
1734 8741 35
9587 5576 2
5576 3787 4
3787 9773 71
9773 7016 1
3709 4407 2
4407 4373 1
4373 5596 12
5596 2843 12
2843 691 12
691 4090 9
4090 8087 2
8087 1738 1
1738 4789 4
4789 1883 2
1883 2552 1
9585 4789 42
4789 5523 1
5523 502 2
502 7498 30
7498 8873 10
8873 7559 5
7559 1983 1
1983 1701 1
1701 502 14
502 2926 6
2926 7935 1
7935 6519 1
502 5900 5
5900 4137 1
4137 1738 1
8350 4788 2
4788 7695 3
7695 3858 1
3858 2576 1
2576 8843 1
8843 6110 1
2819 3383 1
3383 5546 1
5546 7540 5
7540 9623 1
9623 2576 2
2576 818 2
818 3787 1
3787 7666 11
7666 8231 1
8231 557 1
557 681 1
681 3787 6
608 9405 1
9405 4069 1
4069 5789 3
5789 1826 1
1826 1461 1
1937 3761 1
3761 4745 1
4745 664 2
664 1668 1
1668 3327 1
3327 763 1
763 2576 1
2576 2292 2
2292 8777 1
8777 2686 15
2686 9555 15
9555 4679 2
4679 3593 2
3593 502 1
502 4749 11
4749 1826 2
1826 1326 3
1326 596 1
596 2695 1
2695 382 1
382 2489 1
2489 3846 1
3846 3761 6
3761 7795 1
7795 2024 1
2024 9810 1
9810 9773 1
9773 4679 4
4679 1 1
1 763 1
763 2121 1
2121 1666 1
1666 6888 1
6888 7388 1
7388 9681 1
9681 502 3
502 9459 4
9459 3638 3
3638 577 1
577 2576 1
2576 8245 4
8245 8278 1
8278 7540 8
7540 9405 4
9405 3761 1
3761 7210 5
7210 1703 1
1703 1320 2
1320 216 1
216 7442 2
7442 2576 1
2576 2024 4
2024 1597 2
1597 2686 24
2686 8777 19
8777 3505 1
3505 5653 1
5653 3761 1
502 8334 2
8334 2146 2
2146 3028 1
3028 4973 1
4973 3402 2
3402 3761 2
3761 7722 1
7722 502 4
2576 8278 4
8278 762 5
762 5497 55
5497 7388 24
7388 6445 2
6445 3787 5
3787 1597 13
1597 7540 6
7540 5902 7
5902 41 1
41 3638 1
3638 1738 1
1738 1366 1
1366 936 2
936 3838 1
3838 218 2
218 6671 2
6671 8591 1
8591 3761 6
3761 8112 1
8112 3787 4
3787 218 45
218 2576 25
2576 1791 3
1738 3600 3
3600 6062 2
6062 3279 1
3279 8741 1
8741 689 1
689 7540 9
621 3505 1
3505 2993 1
2993 4090 2
4090 1098 5
1098 4788 1
4788 8574 1
8574 1 1
2430 6711 1
6711 3761 1
3761 7823 2
7823 7569 1
7569 1560 2
1560 9504 1
9504 2802 1
2802 5408 1
5408 4069 1
502 9405 1
9405 8591 2
3761 2222 3
2222 7635 6
2576 6687 10
6687 5883 1
5883 3787 1
3787 7498 10
7498 2576 31
2576 3039 1
3039 6445 1
6445 9628 1
9628 7540 4
7540 5925 1
5925 7823 1
7823 4380 1
4380 9021 1
9021 6913 1
6913 2430 1
2430 9773 1
9773 5654 1
5654 3109 1
3109 7695 1
7695 1277 1
1277 8576 1
494 2592 1
2592 9012 1
9012 8397 1
8397 8741 1
8741 6583 6
6583 2187 1
2187 502 2
502 7160 4
7160 369 1
369 4788 1
4788 9395 1
9395 993 1
993 4788 1
4788 3835 2
3835 2576 3
2576 2795 2
2795 502 2
502 8347 2
8347 1326 1
1326 4392 2
4392 6149 1
6149 2576 2
4090 2292 11
2292 482 1
482 8512 1
8512 4954 1
4954 6520 1
6520 6692 1
6692 4317 1
4317 1681 1
1681 9628 1
9628 4840 1
4840 5497 1
5497 9022 1
9022 3109 1
3109 1 1
3761 853 5
853 502 21
502 1774 1
1774 4626 1
4626 5963 1
5963 3549 1
3549 8553 1
8553 2576 1
2576 9407 1
9407 8591 1
3761 4916 4
2576 8741 30
8741 4585 1
4585 2802 12
2802 3761 23
7540 7903 1
7903 2483 1
2483 8637 1
8637 3761 7
3761 8179 1
8179 9630 1
3154 494 12
494 2693 1
2693 9630 1
9630 8704 2
8110 2809 1
2809 3245 5
3245 9417 1
9417 6625 1
6625 2802 1
2802 4789 10
4789 1818 4
1818 6645 1
6645 3787 1
3787 592 1
592 8681 1
8681 2576 2
2576 5700 2
5700 5596 2
5596 9773 1
9773 6644 1
6644 8064 1
8064 7666 9
7666 3207 2
3207 8741 1
8741 1252 1
1252 2595 9
2595 2903 7
2903 3368 1
3368 467 1
467 3787 3
3787 3154 20
3961 6644 1
6644 2576 1
2576 6924 3
6924 4789 2
4789 3761 5
3761 1003 1
1003 2809 1
2809 3505 1
3505 6574 1
6574 3787 2
7701 2994 1
2994 4488 2
4488 8400 1
8400 2121 5
2121 9630 1
9630 2576 2
1098 4389 1
4389 4789 1
4789 8574 2
8574 2018 1
3247 3945 1
3945 4880 1
4880 3505 1
3505 6569 1
6569 2802 3
2802 9630 2
9630 4498 1
4498 2576 1
4788 7732 4
7732 4226 2
4226 1818 1
1818 494 72
494 9089 1
9089 8626 1
8626 2595 1
2595 7066 2
7066 3245 1
3245 9772 1
494 6352 1
6352 82 1
82 5940 1
5940 8582 3
8582 6351 1
6351 919 1
919 2021 1
2021 2576 4
2576 8216 2
8216 1738 1
8741 6052 58
6052 5819 35
5819 4788 11
4090 9089 1
9089 3940 1
3940 2075 1
2075 2576 1
4090 1205 1
1205 8873 2
3787 1532 16
1532 3192 1
3192 1815 1
1815 7941 2
7941 9176 2
9176 5035 1
5035 2545 1
2545 9630 1
8110 3381 1
3381 4090 2
4090 6568 2
6568 2802 5
9630 2362 1
2362 5947 1
5947 9772 1
9772 2974 1
2974 6892 1
6892 716 1
716 801 1
801 3787 1
3787 5282 6
5282 7053 4
7053 8462 1
6425 1 1
1 502 29
7945 5564 1
5564 4788 1
4788 6477 1
6477 2802 1
2802 7976 2
7976 2018 2
482 3246 1
3246 2595 2
2595 9576 3
9576 9630 2
9630 4893 1
4893 7053 1
7053 1362 1
1362 4789 1
8574 4788 1
4788 4727 1
4727 8415 1
8415 9271 1
9271 2995 1
2995 8221 1
8221 5360 1
5360 482 1
482 1442 1
1442 1 1
2430 7760 1
7760 4788 1
4788 8805 3
8805 2576 2
2576 7297 1
7297 4788 1
4788 5275 1
5275 5497 1
5497 625 2
625 1273 1
1273 482 2
482 4788 33
4788 2700 3
2700 8064 1
8064 3207 3
3207 2595 1
2595 8236 1
8236 7066 1
7066 2576 1
2576 4389 9
4389 386 4
386 4463 1
4463 4235 9
4235 4090 6
4090 1007 2
1007 2701 1
2701 2819 3
2819 7540 2
7540 7569 3
7569 9011 1
9011 6795 1
6795 9414 1
9414 2056 2
2056 621 1
621 6509 1
6509 4090 1
1007 778 1
778 4463 1
4463 2646 1
2646 2576 1
2576 6322 1
6322 4788 1
2700 637 1
637 2126 1
2126 3761 1
3761 621 7
621 9773 11
9773 9328 1
9328 6644 1
6644 5171 1
5171 5998 4
5998 2576 1
3761 7312 1
7312 8704 1
8704 4350 1
4350 4788 5
4788 7559 23
7559 6496 1
6496 8582 3
8582 9595 1
9595 641 1
641 4788 2
4788 9569 1
9569 8107 1
8107 9585 6
9585 3022 1
3022 6568 1
6568 4788 1
4788 3383 6
3383 4407 1
4407 384 2
384 9497 4
9497 494 2
494 2231 1
2231 2595 1
2595 2997 2
2997 1326 1
1326 4809 1
4809 5622 1
5622 8503 1
8503 2576 1
2576 3719 1
3719 7066 4
7066 5497 1
5497 4788 7
4788 7918 9
7918 2809 1
2809 6094 1
6094 7068 1
7068 9630 4
9630 4289 1
4289 2694 1
2694 7666 1
7666 8064 8
8064 6644 1
6644 4210 1
4210 2595 10
3761 6519 4
6519 3787 1
3787 9084 11
9084 9585 3
9585 494 24
482 4172 1
4172 1205 1
1205 621 1
7732 3505 1
3505 2644 1
2644 9630 1
9630 8741 2
8741 6513 1
6513 9773 1
9773 2588 1
2588 333 1
333 2576 1
2576 7694 23
7694 8834 2
8834 2056 14
2056 2896 1
2896 8151 1
8151 1741 1
1741 502 1
502 6646 1
6646 3368 2
3368 8683 1
8683 216 1
216 7441 6
7441 2292 1
2292 4445 1
4445 1 19
1 930 2
930 3980 3
3980 1333 1
1333 9313 16
9313 8873 1
8873 3154 7
3154 4336 3
4336 7732 1
7732 2819 1
2819 2056 19
2056 3761 10
3761 6556 1
6556 482 1
482 2802 2
2802 4788 43
4788 9773 4
9773 6978 1
6978 1566 1
1566 556 27
556 8873 4
4788 2021 2
2021 5001 1
5001 840 1
840 8741 4
8110 5909 1
5909 9585 18
9585 8576 16
8576 4407 4
4407 4788 22
4788 5001 6
5001 2576 11
7540 8045 7
8045 8637 1
8637 4090 12
4090 7210 3
7210 6384 1
6384 483 1
483 4788 1
4788 7014 1
7014 514 1
514 7540 1
7540 7650 3
7650 502 3
502 3028 1
3028 4407 1
930 9012 1
9012 4752 1
4752 1399 1
1399 2819 1
2819 4463 1
4235 4336 1
4336 4373 14
4373 7942 2
7942 4373 2
4373 1958 2
1958 5497 1
9773 8250 1
8250 885 2
885 812 1
812 2049 1
2049 6408 1
6408 9787 1
9787 9417 22
9417 494 7
494 2732 1
2732 2595 1
2595 9566 1
9566 2875 1
2875 502 1
502 7066 3
7066 8306 1
8306 3787 3
3787 5109 2
5109 7732 1
7732 2686 1
2686 875 3
875 9517 2
9517 3154 25
3154 502 10
7945 3683 2
3683 2643 1
2643 3679 1
482 2378 1
2378 1002 1
9787 4739 3
4739 453 1
453 482 4
482 502 11
502 371 2
371 1092 1
1092 5908 1
5908 9520 3
9520 4911 2
4911 9576 1
9630 4392 1
4392 4090 47
3727 6496 7
6496 1267 1
1267 2595 1
2595 9773 4
9773 7792 1
7792 1037 1
1037 3761 7
3761 4069 2
502 4170 4
4170 2576 2
2576 3705 1
3705 9787 2
9787 1472 7
1472 494 8
494 9012 30
9012 7260 1
7260 2819 1
2819 549 5
549 8873 1
9787 331 3
331 8529 2
8529 3767 3
3767 9787 10
9787 6334 2
6334 2121 1
502 6083 1
6083 3649 1
521 2018 1
9787 674 4
674 2644 1
2644 3679 1
3679 556 1
556 494 2
494 4789 3
4789 2378 1
2378 1037 1
1037 8742 1
2056 7047 1
7047 903 1
903 6002 1
1651 3679 2
3679 1037 1
1037 2555 3
2555 8637 1
8637 502 10
502 6092 7
6092 1333 1
1333 3727 1
3727 6161 3
6161 502 5
9630 2809 1
3761 9049 1
9049 5210 1
5210 462 1
462 9587 1
9587 1738 1
1738 494 2
1734 5704 1
5704 3207 1
3207 1 1
1 9787 35
5497 4143 2
4143 5497 1
5497 8310 1
8310 3787 1
3787 6646 1
3368 3192 1
3192 4445 1
4445 9520 1
9520 2056 14
2056 494 12
494 6821 1
6821 4086 1
4086 9630 5
9630 8268 1
8268 216 1
7441 2004 1
2004 3391 9
3391 7065 1
7065 2576 1
2576 8889 1
8889 4966 1
4966 8741 3
8110 9585 2
9585 2056 53
494 7056 1
7056 1826 1
1826 7861 1
7861 1612 1
1612 2686 2
2686 3761 1
3761 4294 1
4294 2320 1
2320 8582 4
8582 1651 6
1651 9772 3
482 4090 25
4090 7065 1
7065 1 1
1 6870 2
6870 1476 1
1476 3761 1
3761 2056 2
2056 4090 15
4090 1474 1
1474 1 1
1 4041 1
4041 7066 1
7066 7530 1
7530 386 1
386 1853 2
1853 3761 3
494 3851 1
3851 3787 2
7701 3521 1
3521 4912 1
4912 1722 1
1722 2576 1
2576 2901 1
2901 8886 1
8886 6916 1
6916 2576 1
2576 4942 1
4942 8873 1
4790 1660 2
2576 9498 1
9498 1 1
1 7073 1
7073 4289 1
4289 3859 3
3859 8886 1
8886 7197 1
7197 3859 3
3859 9772 1
9772 8532 2
8532 9414 1
9414 8252 2
8252 7112 1
7112 7540 1
7540 6764 1
6764 4210 1
4210 10 1
10 1673 1
1673 3787 6
9773 8535 7
8535 1919 1
1919 3663 1
3663 4407 1
4407 385 3
385 4068 1
4068 621 1
621 9093 1
9093 8894 1
8894 2576 5
2576 3074 2
3074 502 3
502 782 22
782 951 1
951 3679 2
494 6462 1
6462 4210 1
4210 6992 1
6992 8557 1
8557 502 6
1672 4790 4
4790 2501 3
2501 5819 2
5819 4790 7
4090 5030 2
5030 2819 1
2056 4790 9
4790 5030 1
5030 3011 1
1037 4940 3
4940 4790 14
4790 5057 1
5057 4090 1
2552 4407 4
4407 8702 26
8702 8576 1
8576 9006 2
9006 6582 1
6582 8873 1
8873 7065 1
7065 4385 2
4385 9787 1
9787 1275 3
1275 6687 1
6687 1144 1
1144 502 1
502 2997 6
3761 7900 10
7900 6582 1
6582 9772 3
9772 2802 2
2802 7500 1
7500 9520 1
3761 8337 3
8337 7501 1
7501 3011 1
3011 4090 2
4090 5995 21
5995 502 3
502 9520 25
9520 1651 10
1651 3497 1
3497 3358 5
3358 9585 13
5995 1 1
1 986 7
986 1818 1
1818 7501 1
7501 556 1
556 9787 14
9787 2056 7
2056 1062 10
1062 1394 16
1394 9585 37
9772 3961 1
3961 502 1
2997 4350 1
1062 482 5
482 9418 2
9418 5106 1
5106 4940 1
4940 5402 1
5402 8618 1
8618 2576 1
2576 2154 1
2154 8582 1
8582 2927 2
2927 9585 1
9585 6186 1
6186 1577 1
1577 4090 15
4090 7353 1
7353 1037 1
1037 9772 43
9772 8847 8
8847 9415 1
9415 1394 2
1394 8741 3
8110 4407 3
4407 986 23
986 4279 1
4279 2843 1
2843 4575 17
4575 8337 1
8337 5029 1
5029 8873 1
8873 3761 79
3761 5469 1
5469 3011 1
3011 8873 6
4790 2121 6
2121 1960 1
1960 4090 1
4090 4918 7
4918 4373 2
4373 1528 7
1528 9585 1
9585 3761 78
3761 875 1
875 8337 1
8337 7540 4
4790 1648 2
1648 502 3
502 2843 16
2843 8012 1
8012 2062 1
2062 482 5
2552 3859 1
3859 5995 1
5995 7918 1
7918 5029 1
5029 1818 1
494 502 43
502 2710 1
2710 8012 1
8012 596 1
596 3761 1
494 1672 3
4790 8873 6
8873 7701 22
5408 1738 1
4090 9088 5
9088 7666 2
7666 7976 3
7976 4445 1
4445 930 7
930 9772 3
9787 5995 6
5995 8576 1
8576 494 11
494 5769 2
5769 3293 1
3293 8576 1
8576 3679 1
482 4632 1
4632 7540 1
7540 7559 11
7559 4073 9
4073 9585 1
5030 7976 1
7976 4364 1
4364 7799 9
7799 1450 1
1450 494 1
494 4790 3
4790 9271 1
9271 3011 1
4790 3096 2
3096 1037 1
1037 8542 1
8542 2576 3
2576 4790 17
4790 8879 1
8879 502 13
502 8845 1
8845 6050 1
6050 8880 1
8880 5112 1
5112 8408 1
8408 641 4
641 1394 1
1394 8847 5
8847 216 1
7441 7073 1
7073 3679 8
3679 8880 1
8880 3011 2
3011 2501 2
2501 494 2
494 4069 3
4069 9491 1
9491 1472 1
1472 6636 1
6636 4790 2
4790 2819 8
2819 8702 41
8702 4790 5
4790 9649 1
9649 5210 1
5210 9491 1
9491 9772 1
9772 2024 13
2024 8702 8
8702 4090 13
4090 9353 5
9353 4350 1
4350 3070 1
3070 2595 3
6520 7773 2
7773 9459 1
9459 4438 10
4438 155 1
155 8139 1
8139 1734 1
8741 8702 2
8702 9587 4
9587 4790 15
4790 2898 1
2898 9772 1
482 9012 4
9012 9571 1
9571 1371 1
1371 5137 1
5137 4090 2
4090 689 4
689 1761 1
1761 1935 1
1935 2576 1
4090 2406 4
2406 4790 3
4790 4789 3
4789 5030 1
5030 7715 1
7715 2056 61
2056 2819 12
4790 8557 3
8557 6015 2
6015 4222 1
4222 6189 1
2997 4402 1
4402 6687 2
6687 9772 11
9772 4090 73
4090 3961 1
3961 621 1
621 885 2
885 216 1
7442 2246 1
2246 502 4
8741 7900 2
7900 3358 1
3358 3761 6
3761 6160 1
6160 5497 2
5497 6289 1
6289 2686 1
2686 2056 40
2056 6042 1
6042 1643 1
1643 3949 1
3949 556 1
556 8741 1
8741 3245 9
3245 5429 1
5429 2997 1
2997 2552 1
2552 3855 1
3855 2819 1
2819 2691 1
2691 7900 2
7900 6160 1
6160 3761 1
7540 1062 21
482 4790 12
4790 7197 2
7197 4404 1
4404 3787 1
3787 9277 1
9277 3981 1
3981 8741 7
8741 3761 7
7900 9278 1
9278 8873 1
6275 8460 1
8460 3761 2
8337 4589 1
4589 7540 7
7540 5470 1
5470 2819 1
2819 5685 1
5685 6021 1
6021 4445 1
9787 8085 3
8085 3787 3
3787 1037 17
1037 4407 1
8702 155 1
155 9721 5
9772 2812 6
2812 4233 1
4233 4326 1
4326 9585 1
494 3761 6
3761 8886 1
8886 8577 1
8577 2576 27
2576 2073 1
2073 90 1
90 216 1
7441 2018 1
494 8582 11
8582 4111 3
4111 9517 2
9517 9787 7
482 2199 1
2199 8380 1
8380 1719 2
1719 885 1
885 7073 1
3679 8886 1
8886 2073 1
2073 4336 1
4336 2615 1
2615 4373 1
4373 502 19
2843 2997 1
2997 4090 2
4090 1023 3
1023 4402 1
5687 2073 1
2073 6462 1
6462 8557 1
2576 4589 4
4790 1738 7
1738 1296 1
1296 560 1
560 8576 1
9585 5596 11
3074 4790 3
4790 746 1
746 502 1
502 3761 2
3761 2576 13
4090 1130 1
1130 386 1
386 4373 2
2059 594 1
594 1831 10
1831 4445 1
4445 9585 30
9585 2025 10
2025 6987 1
6987 7701 4
7701 2107 1
2107 4407 1
8702 9787 13
9787 8582 12
1651 2320 1
2320 4090 1
4090 3938 9
3938 502 1
502 4086 18
4086 5408 2
5408 3803 1
3803 8582 1
9036 1033 1
1033 95 2
95 2576 1
2576 3693 1
3693 4727 1
4727 1144 1
1144 9585 1
4918 3600 1
3600 1734 3
1734 7559 1
7559 7066 1
7066 951 1
951 6756 1
6756 1459 1
1459 82 1
82 9787 1
3938 1062 1
1062 838 1
838 3499 1
3499 8708 1
8708 119 1
119 2802 1
8741 968 12
968 9187 1
9187 3011 1
3761 4788 9
4788 7072 2
7072 4788 2
4788 6519 2
5171 1952 2
1952 7267 2
7267 1958 4
1958 7260 1
7260 4632 1
9585 9417 5
9417 2592 2
2592 1831 1
1831 2802 1
2802 3509 1
3509 2576 3
4090 2062 9
2062 386 1
386 8185 1
8185 502 3
7066 621 1
621 9630 1
9630 6583 1
6583 3846 1
3846 4790 11
4790 7985 1
7985 2576 4
2576 3890 3
3890 4788 4
4788 5450 1
5450 9772 1
9772 4788 26
4788 7295 1
4788 4632 25
9585 5497 8
807 1831 3
1831 5282 1
5282 1651 2
1651 1101 1
1101 1037 1
1037 8574 1
8574 4086 1
8741 7964 1
7964 1594 1
1594 3508 1
3508 7023 1
9465 1734 1
9587 4788 22
4788 9195 1
9195 2576 1
2576 8149 6
8149 9585 13
9585 8637 9
8637 1037 4
3761 7167 1
5497 1826 3
1 3787 11
3787 7903 21
7903 4153 1
4153 8059 1
8059 9587 1
9587 6055 1
6055 3787 1
3787 7887 4
7887 2576 2
8136 8894 1
8894 8683 1
8683 4224 1
4224 3994 1
3994 216 1
7441 4636 1
4788 3679 5
3679 5041 1
5041 2595 1
2595 1826 14
1826 8702 1
8702 5497 5
5497 907 2
907 2576 1
2576 1198 1
1198 2059 1
2059 9587 1
9587 9630 1
9630 5080 1
5080 3787 13
3787 1763 1
1763 502 2
502 339 1
339 5282 1
5282 907 1
907 1037 1
1037 6925 4
6925 7066 1
7066 6513 1
6513 4714 1
4714 9585 22
5497 6302 1
6302 1497 1
1497 2320 1
1651 8582 1
4575 885 1
885 9773 2
9773 494 14
494 9064 1
9064 3761 2
3761 8084 2
8084 8059 1
8059 2024 1
2024 7053 10
2576 3888 1
3888 502 1
7559 4304 2
968 1659 3
1659 5282 1
5282 4086 1
4086 1267 1
1267 3787 1
3787 384 2
384 1853 1
1853 2430 1
2430 7540 3
7540 8054 2
8054 621 2
621 8762 1
8762 9327 1
9327 3761 1
3761 1072 1
1072 8704 1
8110 8333 1
8333 82 1
82 2576 1
2576 1703 1
1320 4788 1
4788 2291 1
2291 4086 1
2576 594 7
594 897 2
897 2819 1
7053 5300 3
5300 7292 5
7292 9787 6
9787 681 2
3239 7575 3
7575 2576 1
2576 742 2
742 5123 1
5123 4586 2
4586 502 6
4749 7666 1
7666 3063 6
3063 4414 1
4414 3683 1
3683 5460 1
5460 494 1
494 1037 6
1037 5344 1
5344 2576 1
2576 1155 1
1155 1364 1
1364 1 1
1 7559 5
7559 9787 10
9787 9201 1
9201 2819 3
2819 6111 2
6111 8045 1
8045 9251 1
9251 9787 5
9787 5940 6
5940 4940 8
4940 8334 2
1620 1761 1
1761 1410 1
1410 2121 1
2121 8678 10
9585 4893 2
4893 8576 1
8576 182 1
182 1167 1
1167 5460 1
5460 545 1
4090 410 2
410 4789 1
8702 1062 2
1062 9567 2
9567 4788 1
4788 7569 3
7569 8842 1
8842 4575 1
4575 2576 4
2576 2812 4
2812 6436 2
9772 1738 6
8741 4803 1
4803 9585 1
9787 3766 2
3766 7407 1
7407 618 1
7701 2018 3
2018 8702 13
8702 9772 4
8969 9419 2
9419 4210 1
4210 968 30
968 1756 1
1756 2430 1
2430 3649 1
521 4940 1
4940 618 1
618 9787 4
502 4905 1
4905 3063 1
3063 2576 11
2576 6583 43
6583 8591 2
8591 9160 1
9160 3690 2
3690 2121 2
3683 2758 1
2758 4407 1
4407 4388 1
4388 8689 2
8689 2595 3
2595 9772 10
4090 5941 2
5941 4789 1
4789 565 2
565 9787 2
9787 3690 3
3690 2809 1
2809 1659 10
1659 2576 13
2576 4489 5
4489 9585 1
502 8582 104
8582 7945 47
7945 9787 14
9787 4398 1
4398 494 1
1037 4463 3
4463 9520 12
494 6858 2
6858 8576 1
8576 502 3
1651 4714 1
4714 4090 9
4090 1128 12
1128 9787 1
9787 9420 2
9420 2576 6
2576 6696 3
6696 4407 1
9787 4402 13
6995 4090 2
4090 1094 1
1094 4713 1
4713 9787 1
9787 7116 1
7116 7701 6
7701 8999 1
8999 4407 1
4407 155 3
155 3241 1
3241 7053 1
7053 8777 3
9555 3690 1
3690 9787 2
9787 6186 1
6186 4463 1
4463 3242 1
3242 4407 1
4407 200 1
200 9787 1
9787 7407 23
9585 1818 2
494 4090 39
4090 9094 10
9094 2819 1
2819 7900 9
7900 6583 1
6583 2121 14
2121 1651 8
1651 2576 15
2576 9078 1
9078 8988 3
8988 3642 1
3642 6041 1
6041 3649 2
521 5975 1
5975 4463 1
4463 4397 2
4397 9787 1
9787 4317 3
4317 3241 1
3241 2802 1
2802 8999 1
8999 502 3
502 4961 8
4961 3787 5
3787 3683 16
3683 6885 1
6885 4789 2
4789 4632 3
9787 1372 1
1372 2819 2
2819 6695 1
6695 4407 1
4090 4636 1
4636 6238 1
6238 2691 1
2691 6519 1
6519 2802 7
2802 8582 3
8582 2247 2
2247 9787 4
7559 8685 1
8685 494 3
8184 8143 1
8143 5137 1
5137 5687 1
5687 6885 1
6885 7540 1
8392 5822 1
5822 4789 1
8350 1372 2
1372 7053 1
7053 2851 4
2851 9787 1
502 3342 35
3342 2576 18
2576 9163 9
9163 8591 3
8591 6583 1
6583 7149 1
7149 3787 1
9773 8627 5
8627 6436 1
9772 4126 2
4126 8873 1
9787 833 2
833 885 1
885 7559 1
7559 9734 1
9734 7668 3
7668 2018 1
2018 9517 1
9517 1640 1
1640 4399 1
4399 1037 1
9520 4788 4
4788 6858 3
6858 8678 1
8678 5137 1
5137 2056 16
2056 5001 1
5001 9033 1
9033 4090 1
3727 593 2
593 7701 1
7701 1660 3
1660 6176 1
6176 4790 1
4790 502 44
502 4341 1
4341 8219 1
8219 7540 1
7650 5137 1
5137 7559 1
7559 1461 1
1937 1738 1
1738 7714 19
7714 6052 19
6052 4090 8
494 2024 10
2024 4398 1
4398 9053 1
9053 8873 1
4789 7746 1
7746 8566 1
8566 9006 1
9006 3787 4
3787 9585 11
9585 9160 1
3690 3649 1
521 1 1
986 4908 1
4908 9442 1
9442 2819 1
2819 9739 1
9739 5497 1
5497 2510 3
2510 7148 3
7148 9787 1
9585 7478 1
7478 4048 1
4048 123 1
123 4940 1
4940 3687 1
3687 9571 1
9571 668 3
668 9787 2
9787 8576 20
8576 4636 1
4636 2576 1
545 4407 1
4407 4789 14
4789 840 2
840 9585 7
9585 3687 1
3687 6586 1
6586 2731 1
2731 8702 2
8702 1959 1
1959 292 2
292 9772 1
8069 9006 1
9006 8867 1
8867 782 1
782 871 1
871 4407 1
4407 6251 2
6251 1461 1
1937 7297 1
7297 3734 1
3734 3683 1
3683 4109 1
4109 8149 1
9585 9517 9
9517 8998 1
8998 8582 1
8582 292 1
292 9593 1
7701 4655 1
4655 5973 1
5973 1919 1
1919 1648 1
1648 1734 1
1734 1919 2
1919 1037 2
9585 3727 18
3727 2143 1
2143 977 1
977 4463 1
4463 1919 2
1919 2576 4
4090 1941 8
4463 7701 1
7701 7559 22
7559 1734 1
3383 2802 1
2802 9566 1
9566 1919 1
1919 6568 1
6568 8685 1
8685 2576 1
2576 3649 4
521 9787 2
9038 4841 1
4841 502 1
3342 9587 2
9587 8988 1
8988 6323 1
6323 7148 1
7148 4407 1
3727 9186 1
9186 4373 1
1091 1734 1
7559 2595 2
2595 4508 1
4508 5687 1
5687 1959 1
292 2018 1
482 1734 4
1734 3245 3
3245 2576 2
2576 3727 7
5941 8834 1
8834 123 1
123 8678 1
8678 2691 1
2691 8702 1
1919 1 4
1 4090 18
4090 1734 1
3383 5596 1
3074 9787 6
4090 8369 14
8369 3415 1
3415 7666 1
7666 1408 3
1408 3846 2
3846 8582 1
8582 7329 1
7329 494 1
494 9585 3
494 6186 1
6186 3727 2
494 2576 12
2576 1286 1
1286 502 1
1651 2819 4
9787 9414 5
9414 621 15
621 5497 3
5497 8445 2
8445 2708 1
2708 545 1
545 6575 1
6575 226 2
226 7540 8
7540 9787 57
2576 7302 3
4463 360 1
360 6712 2
6712 8576 1
9787 6870 4
6870 4082 1
4082 8659 1
8659 2595 1
2595 7482 1
7482 7960 1
7960 4407 1
4407 3649 2
521 3787 2
1919 2056 4
2056 1659 7
1659 483 1
483 7189 1
7189 7666 1
7666 7918 5
7918 2576 7
2576 4635 1
4635 7405 1
7405 1037 26
494 8103 1
8103 5300 1
5300 8626 20
8626 4789 5
4789 7753 2
7753 1461 1
1937 6146 1
6146 4073 1
4073 8873 1
833 8882 1
8882 9585 6
621 597 2
597 8513 1
8513 1597 1
1597 7160 1
7160 6712 1
6712 2576 2
9585 147 1
147 6871 1
6871 7975 1
7975 3679 1
482 2024 10
2024 2107 2
2107 6592 2
6592 7540 1
7540 5980 11
5980 8741 1
6687 694 2
694 4463 1
3154 1394 2
1394 545 2
545 8683 1
8683 2819 11
7540 360 1
6712 3649 1
521 4788 1
4788 6520 6
6520 482 16
482 6834 1
6834 982 1
982 4575 1
4575 6519 1
7407 4985 1
4985 6687 1
694 545 1
545 2018 1
2018 4788 21
4788 6372 1
6372 502 1
502 9787 7
9787 2821 1
2821 3861 3
3861 748 1
748 7540 68
7540 8626 37
8626 4714 3
4714 9787 7
3727 8143 2
8143 2843 3
2843 1091 1
1091 5940 1
5940 4791 1
4791 4940 2
4940 9773 5
9773 4800 2
4800 8576 1
2819 8104 1
8104 7701 6
7701 6871 1
6871 4111 1
4111 1529 1
1529 2576 1
2576 4096 1
4096 3506 1
3506 7449 1
7449 3683 1
3683 5001 15
5001 4069 1
502 157 1
157 5109 1
5109 9012 1
9012 371 2
371 1399 1
1399 2576 2
2576 9772 15
9772 4605 5
4605 494 3
9787 622 2
622 6684 1
6684 8576 1
2694 4373 4
2059 4840 1
4840 7540 1
4790 7641 2
7641 502 1
502 8769 1
8769 691 2
691 5224 1
5224 2694 1
2694 6466 3
6466 1933 1
1933 9787 1
9787 977 7
977 2819 1
9787 6016 5
6016 4788 2
4788 5596 7
7498 1 6
6189 3011 2
3011 4788 23
4788 5824 1
5824 1328 1
1328 5497 3
5497 8171 21
8171 9787 1
9787 8320 3
8320 9263 1
9263 2133 1
2133 502 1
3342 4147 1
4147 7285 1
7285 494 1
494 7942 1
7942 453 3
453 3683 1
5001 9241 1
9241 502 1
502 7388 20
7388 3638 3
3638 502 12
502 1602 1
1602 1277 1
1277 4086 1
4086 3597 3
3597 9244 1
9244 6513 1
6513 2121 1
3683 7444 9
7444 8576 1
4788 494 48
8582 2056 39
2056 7480 1
7480 2819 1
2819 3683 2
5001 4697 1
4697 502 5
2576 4510 5
4510 4252 1
4252 1732 1
1732 3622 1
3622 859 1
859 3381 1
3381 7265 1
7265 502 1
502 8746 8
8746 494 1
494 4222 3
4222 1002 1
1002 1806 1
1806 6309 1
6309 502 3
782 4791 1
4791 9189 1
9189 8069 2
8069 9012 4
9012 7136 1
7136 1394 1
1394 453 5
453 9242 1
9242 3335 1
3335 4020 1
4020 5448 1
5448 3787 1
8231 4788 1
4788 1252 2
2595 782 8
782 2576 12
2576 6229 2
6229 8834 1
2056 3787 7
218 8221 1
8221 494 4
494 9787 14
9787 5532 2
5532 9585 1
9585 3683 9
1651 9241 1
9241 4407 2
9787 4222 4
494 1807 2
1807 9228 1
9228 7701 2
8582 3767 4
3767 4476 1
4476 9413 2
9413 9787 4
9787 1009 4
1009 9585 6
9585 9241 1
9241 3745 1
3745 4389 1
4090 5448 1
5448 449 1
449 530 1
530 2576 4
2056 8143 4
8143 9585 16
9585 750 1
750 3683 1
5001 6229 1
6229 2853 1
2853 2073 1
2073 502 4
502 3744 1
3744 5460 2
5460 6110 1
8337 4840 3
4840 3757 1
3757 8767 1
8767 4794 1
4794 9787 1
3383 778 1
778 4090 51
4090 9418 4
9418 1020 1
1020 7540 15
7540 5224 3
5224 4407 2
494 8917 4
8917 9585 7
968 4289 1
4289 9791 1
4086 1666 2
1666 502 1
8658 3602 1
3602 3761 1
3761 4317 3
4317 7053 6
7053 2585 2
2585 502 1
7066 4407 1
4407 6186 1
6186 9787 4
9772 3863 2
9787 1128 4
2595 9630 1
9630 8678 1
8678 2056 24
2056 7569 21
7569 951 1
951 7694 1
7694 2576 4
2576 1037 34
1037 4911 18
4911 3505 1
3505 3761 2
3761 4392 2
4090 4685 2
4685 2576 1
4090 8894 2
2576 8702 6
8702 1648 1
1648 691 2
691 453 7
453 2320 1
2320 1476 1
1476 3787 1
3787 386 1
1853 2708 1
2708 4086 1
9630 756 1
756 1221 1
1221 2595 1
2576 3741 1
3741 3950 1
3950 3787 1
3787 8312 1
8312 7650 1
7650 2686 1
3787 8619 1
8619 502 1
3154 2073 1
2073 562 1
562 4664 1
4664 3787 1
3787 7524 2
7524 4407 1
4407 3761 6
3761 6436 4
9772 4688 1
4688 977 1
977 8702 1
8702 1655 1
1655 8741 1
8110 3890 1
3890 7650 1
7650 2562 1
2562 7911 1
7911 1 1
1 7393 1
7393 3716 1
3716 2576 1
2576 8576 31
8576 5199 9
5199 1896 1
1896 8896 2
8896 9052 1
9052 7567 1
7567 2861 1
2861 8071 1
8071 8582 1
8582 3789 1
3789 3761 1
3761 8964 2
8964 502 1
5408 1326 1
1326 2809 2
2809 7302 1
7666 9596 1
9596 9424 1
9424 2576 1
2576 4463 10
4463 8741 29
8741 7842 1
7842 3265 1
3265 6992 1
6992 2576 1
2576 8119 1
8119 4788 1
4788 8894 5
2576 7973 1
7973 7220 1
7220 9787 1
9787 6514 13
6514 4090 10
695 502 6
502 621 34
621 9772 9
9772 1734 9
6791 2851 1
2851 7053 1
7053 8741 3
8741 565 1
565 4701 1
2595 4086 3
4086 3505 1
3505 136 1
136 5497 5
5497 4771 1
4771 7540 1
7540 2222 1
2222 5213 1
5213 3891 1
3891 8873 1
3761 7924 1
7924 2576 1
2576 7941 4
9176 2545 1
2545 1734 1
1734 9630 1
9630 8059 1
8059 748 1
748 2576 3
2576 1245 1
1245 502 2
502 9757 1
9757 82 1
82 4632 1
4632 3761 1
3761 9585 1
9585 5940 2
4940 7666 7
7666 9709 2
9709 7717 1
7717 7608 1
7608 4463 1
4463 6444 1
6444 352 1
352 2894 2
2894 384 1
384 5245 2
5245 2742 1
2742 3265 1
3265 2576 1
2576 352 1
352 59 1
59 1818 1
494 7269 1
7269 2174 1
2174 3289 1
3289 502 1
502 6984 1
6984 9283 1
9283 2894 1
2894 494 1
494 8185 2
8185 2595 5
2595 1606 1
1606 7932 1
7932 9665 1
9665 585 1
585 2576 2
2576 371 3
371 8850 1
8850 3222 1
3222 3750 1
3750 3826 1
3826 432 1
432 502 1
502 5161 1
5161 4788 1
4788 5099 1
5099 4047 1
4047 621 1
621 8702 9
8702 9556 1
9556 8119 1
8119 82 1
82 6523 1
6523 3761 2
3761 9212 2
9212 2389 1
2389 5285 1
5285 621 1
621 8119 1
8119 1738 1
1738 2007 4
2007 2576 1
2576 2453 2
2453 1895 1
1895 3761 1
3761 6352 1
6352 494 1
494 5122 1
5122 7542 2
7542 8841 1
8841 2387 1
2387 7497 3
7497 2576 8
2576 1673 5
1673 3839 1
3839 3859 1
3859 2292 1
2292 9585 26
3761 6574 2
6574 8582 1
8582 3581 1
3581 6347 2
6347 2809 1
3011 6376 1
6376 8071 1
8071 3951 1
3951 3787 1
3787 2853 1
2853 8619 1
8619 3844 1
3844 7393 1
7393 7542 1
7542 4086 1
4086 2631 1
2631 2595 1
2595 1732 1
1732 9739 1
9739 1 1
1 7497 1
7497 7941 1
7941 5213 1
5213 4940 1
4940 9644 1
9644 6519 1
6519 9012 1
9012 502 10
502 4137 4
4137 4321 1
4321 3787 15
1037 4086 12
4086 9167 3
9167 5122 1
7542 2576 1
2576 2387 1
7497 5282 1
5282 4222 1
494 7489 1
7489 1 1
1 1046 2
1046 8419 1
8419 6275 1
6275 9787 13
9787 2851 1
2851 4090 1
4090 589 3
589 9585 1
3761 3727 12
3727 8262 1
8262 7540 1
7540 8582 30
8582 8694 1
8694 2741 1
2741 2576 1
2576 59 1
59 4407 2
4407 2435 7
2435 9787 3
5171 9418 8
9418 6126 1
6126 3787 2
3787 7932 2
7932 2576 1
2576 585 1
2576 3787 34
7903 1659 8
502 8457 1
8457 9787 1
9787 1757 2
1757 2325 1
2325 6141 1
6141 6337 1
6337 9787 1
502 2389 1
2389 5497 2
5497 7768 1
7768 3761 1
3761 9209 2
9209 2595 1
7540 1517 1
1517 3197 2
3197 442 1
442 7540 1
3787 2894 1
2894 3154 1
3154 1818 5
4069 763 1
763 3787 1
3787 7559 14
1651 3761 2
3761 4090 74
4090 4020 4
4020 8591 3
8591 4373 6
4373 2741 1
2741 4373 1
4373 59 1
59 4373 1
4373 7932 1
7932 4373 1
4373 585 1
585 750 1
750 621 1
9772 3761 16
3761 1020 2
7540 6303 1
6303 6739 1
6739 3660 1
3660 2970 2
2970 4086 1
4086 7723 1
7723 9690 1
9690 3742 1
3742 4086 1
4086 81 1
81 3985 1
3985 1684 1
1684 2576 1
2576 2406 9
2406 4789 2
4789 4585 1
4585 502 3
502 143 2
143 530 1
530 5497 25
5497 1819 1
1819 4909 1
4909 3761 2
502 1763 1
1763 4317 1
4317 5425 1
5425 2576 1
2576 3276 1
3276 630 1
630 951 1
951 216 1
7441 5688 1
5688 3209 1
3209 8741 38
8741 7346 1
7346 3257 1
3257 1 1
1 1703 1
1703 1319 2
1319 7116 1
7701 3688 1
3688 2576 2
2576 2855 1
2855 3885 1
3885 443 1
443 4407 1
4407 2819 11
968 9276 1
9276 6776 1
6776 3787 6
3787 3761 20
3761 3085 1
3085 7540 1
8582 9766 2
9766 9585 1
3761 5520 1
5520 7405 1
1037 2576 5
2576 6133 7
6133 7397 2
7397 9787 1
9787 778 16
695 432 1
432 4463 1
9520 2576 3
2576 4632 27
4632 8741 3
8110 4788 2
4788 6583 13
6583 4714 1
9787 8921 1
9585 5300 3
5300 3761 9
494 9459 2
9459 1426 1
1426 432 1
432 6568 1
6568 2742 1
2742 2576 1
2576 60 1
60 3265 1
3265 3154 1
3154 562 1
562 4790 1
7932 584 1
584 349 1
349 2576 1
2576 3750 1
3750 5137 1
695 4402 1
4402 9772 1
9772 8268 2
8268 9787 11
9787 2018 4
482 8847 13
8847 4090 42
4111 3699 1
3699 2576 1
4728 1832 1
1832 2939 1
2939 9416 1
9416 8678 1
8678 1577 1
1577 2576 24
482 4589 2
4589 2802 11
2802 9787 43
9787 7540 44
8582 7984 1
7984 885 1
885 502 1
621 714 1
714 8834 1
8834 865 1
865 8921 1
8921 9787 2
9787 82 1
82 9459 1
9459 8192 6
8192 8119 1
8119 7932 1
7932 1895 1
1895 2576 1
1037 8582 1
8582 6923 1
6923 494 1
8834 3927 1
3927 4407 1
4407 956 1
956 863 1
863 2062 1
2062 3761 1
3761 3787 13
3787 8121 1
8121 6315 1
6315 502 1
4701 3550 5
3550 352 1
2894 502 1
502 1685 2
1685 908 1
908 9690 5
9690 9787 4
9787 4632 9
7945 3761 8
7900 482 12
482 4289 2
4289 5818 1
5818 851 1
851 3787 1
3787 863 1
863 4407 1
8110 840 1
9585 8582 18
8582 6333 1
6333 7640 1
7640 8702 1
8702 4463 5
3683 3169 1
3169 3696 1
3696 2576 1
2576 4263 1
4263 6582 1
6582 502 5
764 9585 5
9585 863 1
863 3727 1
3727 502 4
502 3469 5
3469 3641 3
3641 1121 1
1121 9459 1
8192 5750 1
5750 4788 1
4788 1958 1
1958 3154 2
3154 2737 1
2737 8847 1
8847 502 11
502 3566 1
3566 3277 2
3277 6384 1
9520 8847 3
8847 9189 2
9189 1090 1
1090 8582 1
8582 3980 1
3980 7918 1
7918 2819 3
2819 1694 1
1694 7429 1
7429 4790 1
4790 1282 1
1282 7540 1
7540 386 3
386 1667 2
1667 1 3
1 8700 2
8700 6445 1
7540 4086 10
4086 9474 3
9474 1 1
1 3245 3
2056 3617 1
3617 3761 1
3761 6507 1
6507 2802 1
7701 3787 29
3787 5980 6
5980 8582 1
2056 1958 1
1958 7073 1
7073 3761 1
4090 8002 3
8002 2201 1
2201 8683 1
8683 8817 1
8817 863 1
863 1566 1
1566 2819 3
8847 4790 1
4790 1121 1
1121 9773 2
9773 1958 2
1958 1843 1
1843 9772 1
556 863 1
863 1126 1
1126 2056 1
4790 2829 1
2829 8252 1
8252 4445 1
4445 1566 5
1566 4790 2
4790 6575 1
6575 8639 2
8639 8476 1
8476 8811 1
8811 8334 1
8334 2082 5
2082 3306 3
3306 2686 3
2686 2064 1
2064 3057 2
3057 2576 1
2576 8683 17
8683 1958 1
1958 9792 1
9792 7999 1
7999 5497 1
5497 3861 1
3861 502 3
502 4710 1
4710 2686 1
2686 9459 1
8192 2576 1
2576 8850 1
8850 1513 1
1513 1490 1
1490 3691 1
3691 7616 3
7616 2576 2
1037 3216 7
3216 3969 1
3969 1971 1
1971 1033 1
1033 4984 1
4984 6522 1
6522 4790 1
4790 2753 1
2753 7715 1
2056 2576 12
2576 244 1
244 1734 1
1734 4790 8
4790 4402 3
8369 1203 1
1203 7540 3
7540 3105 5
3105 2595 1
2595 2517 1
2517 384 1
384 8176 1
8176 2576 1
2576 5018 1
5018 4789 1
4789 5497 7
5497 1408 7
1408 2712 1
2712 908 1
9690 2686 1
2686 3469 1
3469 1919 3
1919 8380 3
8380 2056 9
2056 744 1
744 9517 1
9517 9585 3
2056 2407 1
2407 4790 1
4790 264 1
264 8582 1
8582 4463 4
4463 7168 8
7168 1566 1
1566 930 5
930 2691 4
2691 9772 2
9772 7569 7
7569 8770 1
8770 3306 1
2686 3056 1
3056 9443 1
9443 4790 1
4790 1818 1
1818 5550 1
5550 8741 1
3245 2320 1
2320 9772 1
9772 1651 9
2576 1178 2
1178 1037 1
4788 6523 1
6523 2018 1
4788 573 1
573 4790 1
4790 1242 1
1242 1613 1
1613 502 1
502 8163 6
8163 3638 3
3638 5497 2
5497 9300 1
9300 2595 1
2595 432 1
432 9571 1
9571 782 1
782 3968 1
3968 4788 1
4788 3325 1
3325 3622 1
3622 2686 1
2686 8865 1
8865 2686 1
2686 9522 2
9522 2709 1
2709 502 2
9772 7440 2
7440 2576 1
2576 6573 3
6573 8824 1
8824 1892 1
1892 2959 1
2959 2696 1
2696 9587 1
9587 5529 1
5529 4790 1
4790 3727 10
3727 3787 4
3787 4789 31
4789 2070 1
2070 4790 1
4790 4655 1
4655 1062 1
1062 5895 3
5895 4788 1
4788 6522 2
6522 2576 1
2576 6654 13
6654 4090 3
4090 5800 5
5800 927 1
927 8123 2
8123 3787 2
7903 2056 4
1659 2430 1
2430 2018 1
2018 8847 12
8847 7116 3
8582 3306 1
2686 3057 1
3057 8678 1
8678 3727 2
3727 6523 1
6523 1958 1
1958 5293 1
5293 8847 1
8847 748 1
7540 1613 1
1613 3252 1
3252 8847 2
8847 675 2
675 2595 1
2595 4701 2
4701 3074 2
3074 7626 1
7626 502 3
502 1919 11
1919 1818 1
494 9773 2
1958 8082 1
8082 171 1
171 1945 1
1945 840 1
840 9787 13
9787 7666 6
7666 82 1
82 556 1
556 4790 2
4790 494 29
482 1427 3
1427 1092 3
1092 4909 1
4909 8582 1
8582 1613 1
1613 7701 1
7701 750 2
9587 8603 1
8603 7540 1
4790 5497 10
5497 7626 2
7626 2753 1
2753 9604 1
9604 2888 1
2888 2018 1
494 4701 6
2595 1958 1
1958 9787 5
9787 3787 50
3787 595 3
595 4090 1
4090 8969 24
8969 482 7
482 5066 1
5066 4940 2
4940 8064 1
8064 3683 9
3683 1651 5
2576 1121 2
1121 2802 1
2802 2849 2
2849 370 1
370 3154 1
3154 6180 1
6180 8475 1
8475 8334 1
3306 8847 1
8847 1037 7
1037 668 1
668 3701 2
3701 3461 1
3461 9313 1
9313 2018 2
8847 494 7
494 1958 1
1958 8678 2
8678 1818 1
482 9791 1
9791 868 1
868 2686 1
2686 4122 1
4122 2819 1
8702 8847 4
8847 1121 1
1121 8770 1
8770 8611 1
8611 8589 1
8589 1566 1
482 8683 9
8683 7480 1
7480 7540 1
7569 386 1
8700 6558 1
6558 7540 1
7540 9474 1
9474 4445 1
2056 2018 3
9787 4289 14
4289 6520 1
6520 9791 1
9791 9787 3
9787 2201 2
2201 482 1
482 1121 1
1121 9787 1
9787 9517 4
9517 8582 2
8582 8817 1
8817 9585 1
4788 4113 1
4113 482 1
482 7626 1
7626 361 2
361 2576 1
2576 5057 2
5057 482 1
482 8873 7
4788 7666 5
7666 8589 1
8589 2552 1
9585 1333 4
9313 7540 1
7540 8847 26
8369 1394 1
1394 4463 4
4463 5687 1
5687 641 1
641 8847 2
4790 5995 1
5995 7435 1
7435 8381 1
8381 2056 5
2056 7842 1
7842 7650 1
502 51 1
51 1659 1
1659 1597 4
8777 9787 2
9787 7149 2
7149 4463 3
4463 621 9
9772 2576 26
2430 7407 1
7407 6776 1
6776 4837 2
4837 7116 1
7116 8334 1
3306 2576 1
2576 2064 1
3057 9787 1
6583 8639 1
8639 4790 1
4790 6010 1
6010 9659 1
9659 8811 1
8811 1738 1
5819 6170 1
6170 4076 1
4076 3374 1
3374 7540 1
9787 1477 1
1477 9787 2
9417 6157 1
6157 7701 1
7701 1613 1
1613 2576 1
2576 6745 5
6745 4788 2
4788 4407 3
9773 7361 1
7361 4737 1
4737 5189 1
5189 8576 1
2819 1958 1
1958 4090 2
4090 5497 8
5497 2062 1
2062 2802 1
9787 9791 4
9791 8683 1
9585 1037 24
1037 7224 1
7224 7798 2
7798 6687 1
6687 4790 2
494 9571 2
9571 3408 3
3408 3637 1
3637 3683 6
3683 8704 1
8110 951 1
951 494 4
494 3727 28
3727 4788 6
4788 2576 40
7559 588 1
588 502 1
7666 59 1
59 2576 1
2576 7932 1
7932 4407 1
4407 3787 8
3383 4790 1
4790 6777 1
6777 8069 1
8069 9793 1
9793 940 1
940 5441 1
5441 3660 1
2970 908 1
9690 7540 1
7540 8741 26
6052 6789 1
6789 8777 1
9555 3602 1
3602 4027 1
4027 5419 1
5419 4041 1
4041 2523 1
2523 1037 1
9787 6252 4
6252 2008 1
2008 9397 1
9397 502 16
502 9690 6
9690 1266 1
1266 6093 1
6093 9573 1
9573 2576 3
2576 3503 3
8688 5429 1
5429 9787 1
494 2608 2
2608 1577 1
1577 8567 1
8567 9098 1
9098 4940 1
4940 2003 1
2003 4701 1
4701 1738 1
1738 9663 1
9663 7729 1
7729 8779 1
8779 7023 5
7023 1584 1
1584 9787 1
3727 1125 1
1125 1577 1
1577 2018 4
494 8473 1
8473 2107 1
2107 8381 1
2056 1399 1
1399 7842 1
7842 3538 1
3538 2576 1
968 4090 4
4090 8521 4
8521 7540 5
7540 9691 1
9691 7810 1
7810 9787 1
502 3529 1
3529 4090 1
4090 7782 1
7782 2576 3
2576 4388 1
4388 1651 1
1651 7540 4
4789 2694 1
2694 4090 2
2062 8221 1
8221 9690 1
9690 494 1
9787 4240 1
4240 4407 1
4407 3501 2
3501 9787 1
4789 6465 2
6465 2576 3
2576 4737 6
4737 9585 21
9787 3727 38
3727 4789 6
4789 1160 1
1160 2018 1
2018 4789 6
4789 7914 2
7914 9006 11
9006 9787 3
9787 3862 1
3862 9787 1
4789 5042 1
5042 8683 1
8683 3787 10
1659 9787 6
9787 9204 1
9204 6067 1
6067 3154 1
3154 6777 1
6777 3787 3
9787 2809 6
7053 5171 1
5171 9414 5
9414 940 1
940 8576 1
7701 6110 3
6110 4789 2
4789 1427 1
1427 623 1
623 2576 2
2576 358 2
358 9520 1
9520 1806 1
1806 9787 1
9787 6103 1
6103 9690 1
9690 8626 1
8626 3482 1
3482 8317 1
8317 1734 1
9787 8824 3
8824 9397 2
9397 9787 1
4076 2819 1
453 6464 1
6464 2802 1
2802 2093 1
2093 8873 1
8873 545 2
545 8576 1
9787 8591 8
8591 9012 1
9012 3578 1
3578 3118 1
3118 9520 1
6384 6284 1
6284 9787 6
2812 2024 2
2024 1774 4
1774 4591 1
4591 2107 1
2107 502 14
1826 2576 14
8216 502 5
502 6145 15
6145 4407 4
4407 1738 2
1738 4045 1
4045 9406 1
9406 9787 1
9787 968 2
968 4940 19
4940 968 18
968 9263 1
9263 9051 1
9051 5497 1
2576 8215 2
8215 8591 1
8591 1738 4
1738 7292 7
7292 9772 1
9772 1867 2
1867 9787 2
502 4210 3
4210 7440 2
7440 4515 1
4515 6387 1
6387 2108 1
2108 4442 1
4442 9787 1
986 386 1
386 4407 1
9787 4082 3
4082 4234 1
4234 3465 1
3465 2576 1
2576 4456 1
4456 7666 1
7666 2106 1
2106 545 1
545 1394 1
9787 3555 1
3555 4407 1
4407 310 1
310 6746 1
6746 939 2
939 2576 5
2576 618 1
7701 5171 10
5171 8991 1
8991 8623 2
8623 8576 1
4789 4336 3
4336 4388 2
4388 4898 2
4898 5171 1
5171 235 1
235 2121 1
2121 9787 25
2576 8452 1
8452 4713 1
4713 9251 3
5497 4363 5
4363 4824 1
4824 2121 1
2121 2175 1
2175 8130 1
8130 2576 1
2056 8518 1
8518 9740 1
9740 8131 1
8131 9587 1
9587 5315 1
5315 4789 1
4789 7701 4
7701 2121 6
2121 3321 2
3321 5473 4
5473 1567 1
1567 6319 1
6319 4972 1
4972 8956 1
8956 9787 2
9787 152 1
152 3649 1
521 7764 1
7764 1687 1
1687 2819 1
7053 3981 1
3981 5960 1
5960 9787 1
9787 1177 2
1177 9773 4
9773 4250 1
4250 6919 1
6919 903 1
903 6931 1
6931 7498 1
7498 1334 1
1334 8847 1
8847 8082 4
8082 4090 8
9094 1672 1
2121 8371 3
8371 545 1
545 2121 1
9787 2418 2
2418 4407 1
4407 8626 12
2552 2819 9
2819 4222 33
4222 9414 22
9414 9585 6
7559 5497 7
5497 7701 7
7701 4090 11
3727 4960 1
4960 4230 1
4230 4334 1
6110 2174 1
2174 2803 1
2803 9787 1
2056 1128 4
1826 8576 3
2819 9593 4
502 1958 1
1958 1916 1
1916 6689 1
6689 5497 1
621 3683 7
8621 3011 1
3011 9787 47
9787 2199 2
2199 7701 4
7701 885 4
885 1640 1
1640 3358 2
3358 8437 1
8437 3859 1
3859 9787 7
9787 8637 16
8637 144 1
144 2576 2
9520 2691 6
2691 4789 2
4210 7945 1
7945 8960 1
8960 6348 1
6348 8582 1
8582 144 1
144 8741 1
2686 2709 2
2709 8252 2
8252 4407 1
9773 7053 29
7053 4790 2
4790 4296 1
4296 1 1
6189 1577 2
4090 7008 8
7008 6438 1
6438 2802 2
2802 6350 1
6350 3581 1
3581 951 1
951 9419 1
9419 9787 1
2576 494 28
5171 5600 1
5600 8184 1
8184 4407 2
986 765 1
765 1005 3
1005 502 3
502 1037 13
1037 4774 1
4774 4727 1
4727 9585 4
9585 931 1
931 7715 1
7715 7540 2
9787 7949 3
7949 9589 1
9589 9011 1
9011 8278 1
8278 502 6
502 5211 1
5211 9787 1
5497 8444 1
8444 5386 1
5386 3296 1
3296 5287 1
5287 9530 1
9530 1230 1
1230 2142 1
2142 3787 1
3787 9072 6
9072 2517 1
2517 494 1
494 5857 2
5857 5455 1
5455 7611 1
7611 8025 1
8025 8699 1
8699 4423 1
4423 5497 1
5497 3169 56
3169 3581 56
3581 7540 2
7540 1987 1
1987 2576 2
9772 8025 1
8025 9787 1
8926 5072 1
5072 9619 1
9619 7897 1
7897 1269 1
1269 2595 7
2595 8170 2
8170 2864 1
2864 9517 1
9517 4909 1
4909 6110 1
6110 7701 2
7701 7897 1
7897 5695 1
5695 2802 26
2802 5322 1
5322 6150 1
6150 4210 1
968 4752 1
4752 4788 3
4788 1 6
2430 8962 1
8962 2592 1
2592 547 5
547 7549 1
7549 4686 1
4686 9787 1
9787 5822 8
5822 8408 1
8408 5137 1
5137 4788 2
4090 2234 2
2234 502 2
1826 2018 2
2018 9012 1
9012 1791 1
1738 5322 1
5322 9787 1
9787 4387 10
4387 4090 19
3727 7205 1
7205 7701 1
4605 4407 1
4407 4791 1
4791 5171 2
5171 9787 5
9787 2722 5
2722 8576 1
9012 8050 2
8050 5818 1
5818 5497 3
5497 7897 3
7897 4407 1
4407 6325 1
6325 8623 1
8623 3835 1
3835 9587 1
9587 4603 1
4603 4788 1
4788 7310 1
7310 3787 1
5282 664 4
664 9787 2
2292 4402 3
4402 4904 4
4904 4407 2
4407 1001 1
8626 9787 12
9787 442 4
442 502 6
502 1360 13
1360 2657 1
2657 3192 1
3192 3787 1
3787 3321 3
3321 2806 1
2806 7571 1
7571 1325 1
1325 7540 1
7540 384 6
384 9697 1
9697 494 1
494 729 1
729 502 4
502 2806 1
2806 8582 1
8582 2691 1
2691 4575 10
4575 7540 6
7540 9460 3
9460 4980 1
4980 229 1
229 3806 2
3806 502 1
502 7903 25
7903 3550 13
3550 9787 6
9787 5684 2
5684 2576 2
2576 9209 2
9209 141 2
141 762 1
762 7540 1
9405 4674 1
4674 965 1
965 3880 1
3880 9787 4
4090 6561 1
6561 951 1
951 5789 1
5789 7701 4
7701 4392 1
4392 2576 2
2576 4402 5
4402 5694 5
5694 2576 1
2576 311 3
311 1746 2
1746 1738 18
1738 1826 1
1826 8470 1
8470 8604 12
8604 8926 1
9787 4788 50
4788 8268 8
8268 9585 4
8847 3683 2
3683 3505 4
3505 8847 3
8082 2368 1
2368 8847 1
8847 3727 5
494 6519 2
6519 5940 1
5940 6920 1
6920 7540 1
7666 2883 1
2883 4336 1
4336 8460 11
8460 7073 1
7073 9787 8
9787 6675 1
6675 2825 1
2825 6920 1
6920 4859 1
4859 9787 2
9787 1566 3
1566 2121 1
2121 5282 1
5282 5926 1
5926 8299 1
8299 4044 1
4044 2819 1
7053 1057 1
1057 634 6
634 8847 1
8847 7900 2
7900 5940 1
5940 371 1
371 8367 1
8367 7023 1
7023 1683 2
1683 1820 5
1820 8576 1
494 9458 1
9458 8184 2
8184 1734 1
1734 3505 1
3505 8611 1
8611 1399 2
1399 4090 2
4090 9414 6
9414 3358 3
3358 494 8
494 5911 1
5911 9773 1
9773 8487 2
8487 3787 1
6920 748 1
7540 8611 5
8611 9663 1
8850 6189 1
9585 2018 26
8847 689 1
689 4789 5
4789 8637 4
8637 7701 1
7701 8678 2
8678 7197 2
7197 6817 1
6817 4336 1
8460 9787 9
4090 7268 6
7268 3722 1
3722 1660 1
1660 9787 5
4090 3859 5
3859 4373 1
4373 6920 1
6920 4373 1
4373 2883 1
2883 9787 2
9787 482 21
482 2062 3
2062 9587 2
9587 1062 5
1062 689 4
689 4790 3
4790 7701 3
7701 9787 7
9417 4984 1
4984 1062 1
1062 1037 4
2576 9663 2
1820 2576 8
2576 6675 1
6675 2121 1
2121 4790 41
4790 6687 1
6687 9465 1
9465 4788 1
7540 2674 4
2674 1375 1
9787 2819 18
453 4090 4
1651 4407 4
4407 5596 5
3074 8268 1
482 9772 17
3727 2558 4
2558 3637 1
3505 5770 1
5770 4090 18
4090 7312 1
7312 9787 1
9787 8460 3
8460 7694 1
7694 8702 2
8702 3635 1
3635 689 1
689 4940 1
4940 9787 30
1660 4962 1
4962 9787 8
4788 8407 1
8407 5171 2
5171 8407 3
8407 9585 1
2056 8582 7
8582 7943 1
7943 3429 3
3429 6756 1
6756 4860 1
4860 8470 1
8470 5770 1
5770 689 1
689 7701 2
7701 3683 2
3683 1660 4
4090 8264 1
8264 9787 3
4373 4463 4
9520 8576 1
2819 1062 20
1062 2597 1
2597 9787 4
9772 4940 4
4940 4249 1
4249 3317 1
3317 5740 1
5740 4233 3
4233 8470 1
8470 7799 1
1377 2812 1
5995 8637 1
8637 494 2
494 1651 6
1651 8847 2
8847 3859 2
3859 6745 1
6745 1037 1
1037 8611 2
8611 2699 1
2699 8576 1
502 6557 5
6557 595 1
595 4445 1
4788 8873 3
8873 8847 22
8847 3266 1
3266 3961 1
3961 4317 1
4317 8431 1
8431 3787 1
3787 3371 3
3371 1343 1
1343 467 1
467 4788 2
4788 6924 2
6924 9787 1
9787 1003 1
1003 8092 1
8092 3961 1
3961 2576 1
7799 502 5
502 1801 1
1801 2559 1
2559 9585 1
9585 8847 43
8847 9217 1
9217 9787 1
8611 2698 1
2698 6296 1
6296 2121 1
2121 9175 1
9175 9462 1
9462 3154 1
2576 5940 4
5940 8247 1
8247 4445 1
4445 8637 12
8637 2621 1
2621 5940 1
5940 7540 2
9787 1820 2
2576 5703 1
5703 5596 1
5596 1801 1
1801 9787 1
9787 5700 1
5700 2576 1
2576 9038 11
9038 9131 1
9012 1701 1
1701 4142 3
521 494 1
494 8529 2
8529 4509 1
4509 3065 1
3065 7604 1
7604 9658 1
9658 9773 1
9773 3065 2
3065 8700 1
8700 502 3
502 3259 1
3259 494 1
494 2619 1
2595 9554 1
9554 2065 1
2065 487 1
487 2576 1
4737 8589 1
8589 4507 1
4507 1568 1
1568 864 1
864 7668 1
7668 1701 1
1701 9227 1
9227 9585 10
9585 8591 15
8591 7773 3
7773 1958 1
3154 2608 1
2608 621 4
5680 9787 1
9787 5818 6
5818 634 1
634 2802 1
9773 4142 5
4142 2576 20
2576 7300 10
7300 4788 9
4788 9585 19
3683 5224 7
5224 155 2
8136 594 1
594 8576 2
9787 8064 1
8064 1360 6
1360 695 1
695 3787 5
3787 8025 1
8025 4788 1
4788 7897 1
7897 9787 1
8637 2061 1
2061 9024 2
9024 9585 8
9585 7044 7
7044 4788 1
4788 594 5
594 2576 2
2576 8050 7
8050 3358 3
3358 4788 7
4788 2501 8
2501 4918 1
4918 1701 2
1701 1252 1
1252 7666 2
7666 3065 1
3065 9658 6
9658 5513 1
5513 3846 1
4790 5683 1
5683 4788 3
4788 530 1
2576 9154 1
9154 3787 1
3787 5864 28
5864 4788 2
4788 9701 1
9701 1774 1
1774 3190 1
3190 3787 1
5864 2576 7
2576 5011 1
5011 621 1
621 3391 32
3391 3787 9
3787 2845 1
2845 1987 1
1987 6748 1
6748 7053 1
7053 1597 5
1597 8678 2
7569 2576 1
7569 9190 1
9190 4142 1
4142 8337 1
8337 3787 5
3787 3039 15
3039 6550 1
6550 9261 2
9261 2802 2
2802 2986 1
2986 9658 1
9658 2576 1
2576 4076 13
6618 9772 1
9772 4737 8
4737 4714 8
4714 239 1
239 2986 1
2986 3705 1
3705 2576 4
2576 5497 16
5497 7918 3
7918 1701 1
1701 4090 19
494 7268 1
7268 1394 1
1394 6436 1
4788 4636 5
4788 8589 2
8589 9492 1
9492 5009 1
5009 5022 1
5022 454 1
454 2018 2
4090 5940 8
5940 8152 1
8152 1657 1
1657 831 1
831 9787 1
9787 8149 7
8149 1701 1
1701 9585 5
9787 2695 9
2695 8334 1
8334 2791 1
2791 9294 1
9294 3709 2
3709 502 3
502 9553 5
9553 1820 3
1820 3154 1
3154 4393 1
4393 4090 2
4090 1401 5
1401 8576 1
2819 3561 1
3561 9012 1
9012 7896 1
7896 700 1
700 7823 1
7823 8714 1
8714 7929 1
7929 3905 1
3905 7745 1
7745 951 1
951 2018 4
482 1577 13
1577 3561 1
3561 2576 1
4090 6855 1
6855 3709 1
3709 4392 1
4392 482 2
4090 6582 5
6582 8576 1
4789 8337 4
8337 7914 1
7914 9012 1
9012 2103 1
2103 3787 2
3787 5193 2
5193 2576 2
2576 2809 6
2809 8288 1
8288 3727 1
482 1778 2
1778 9585 5
4789 9294 2
9294 9787 1
7666 4402 1
4090 1394 24
1394 6687 4
6687 1820 1
1820 5940 3
4940 8470 2
8470 3727 1
494 951 5
951 9585 9
9585 3065 1
9658 8084 1
8084 6582 1
6582 9773 1
9773 3709 1
3709 8576 1
2819 5769 1
5769 4090 2
4090 8486 1
8486 5036 1
5036 4789 1
4789 4940 5
4940 4041 1
4041 7746 1
7746 1701 1
1701 5999 1
5999 5606 1
5606 4788 1
4788 9787 19
9787 2933 1
2933 6039 1
6039 3787 1
3787 2570 2
2570 6173 1
6173 2576 1
9585 6144 2
6144 1029 1
1029 3709 1
3709 3065 1
9658 1101 1
1101 4789 1
4789 2121 5
2121 4041 2
4041 1660 1
1660 4788 2
4788 7181 1
7181 8553 1
8553 2910 1
2910 5911 1
5911 502 2
9294 2933 1
2933 2576 1
2576 6751 1
6751 4788 1
4788 8591 9
8591 621 2
621 4438 1
4438 2802 2
2802 7903 1
7903 9250 6
9250 3561 1
3561 8082 1
494 701 3
701 3709 1
3709 5371 1
5371 494 1
494 2103 1
4090 8702 18
8702 3065 1
9658 4407 1
4407 2576 16
2576 2104 1
2104 4086 1
3597 4090 1
4090 2217 4
2217 6582 1
6582 4789 2
4041 9787 1
7559 2552 4
5980 2911 1
2911 3679 1
3679 1738 1
1738 289 1
289 8582 1
8582 7384 2
7384 4407 1
4407 502 29
502 1589 24
1589 3641 9
3641 2851 1
2851 9149 1
9149 9772 2
9772 2595 3
2595 691 12
691 5911 1
5911 9294 1
9294 9553 1
502 3065 1
9658 1701 1
1701 4840 2
4840 4833 1
4833 3787 1
3039 2576 6
2576 6552 1
6552 2802 1
3065 9261 1
9261 3787 1
7053 4142 1
4142 4632 3
8589 1643 1
1643 8069 1
8069 2759 1
2759 2576 1
2576 7224 1
7224 7799 1
9787 621 9
3683 8469 2
8469 2018 1
9787 2720 2
2720 9024 1
9024 4789 1
4789 6987 1
6987 1394 1
1394 4632 1
4632 9787 9
2576 1640 6
1640 3065 1
9658 6583 1
6583 7302 5
7302 1701 2
1701 1 5
1 1701 7
1701 4226 2
4226 5301 1
5301 9772 1
4632 524 1
524 8321 1
8321 5001 2
5001 4090 3
2552 8637 2
8637 2576 3
494 1648 1
1648 2709 1
7053 4788 10
4788 6662 3
6662 3787 3
9084 9038 1
9038 1 3
6186 4788 2
4788 1941 3
1941 9585 42
9585 9414 6
9414 5769 1
5769 4918 1
4918 1734 1
1734 1062 7
1062 9414 4
621 7773 1
7773 8069 2
8069 8244 13
8244 502 1
502 4726 6
4726 5819 4
5819 8321 1
8321 3787 1
3787 9589 6
9589 7408 1
7408 854 1
854 4788 2
4788 3349 1
3349 1597 1
1597 39 1
39 4701 1
4790 213 1
213 8582 1
8582 333 1
333 1 1
1 1919 10
1919 8082 1
8082 9622 1
9622 213 1
213 38 1
38 2709 1
7053 8960 1
8960 6711 1
6711 4788 1
4788 4234 1
4234 6956 1
6956 1853 1
1853 4407 1
8702 5666 1
5666 9622 1
9622 38 1
38 524 1
524 8326 1
8326 7715 1
2056 7592 1
7592 7540 1
7540 6996 1
6996 4392 1
4392 8637 1
3727 7799 4
7799 3809 1
3809 3154 1
3154 2595 2
2595 38 1
38 8923 1
8923 4788 1
3074 7540 2
7701 1734 1
1062 7559 16
7559 3981 1
3981 1037 1
1037 4606 8
311 8873 1
8873 1062 31
1062 502 13
502 2093 26
2093 494 3
494 384 1
384 4300 1
4300 2576 1
2576 384 1
384 7049 1
7049 7540 1
1062 494 11
494 6531 1
6531 968 1
968 7160 1
7160 144 1
4090 8527 1
8527 1062 1
1577 6658 1
6658 4407 1
4407 2809 1
7053 494 1
494 1123 1
1123 2576 1
1037 4761 1
4761 311 1
311 3787 1
524 2093 2
494 2694 2
2694 743 1
743 1597 1
1597 1628 1
1628 4701 1
4701 346 1
346 1919 1
1919 448 1
448 4701 1
4701 352 1
352 1919 1
1919 146 1
146 1062 1
1062 8221 2
8221 2070 1
2070 3787 1
3787 146 1
146 1 1
6186 3501 1
3501 2576 1
3787 352 1
352 1062 1
1062 3859 3
3859 1673 1
1673 824 1
824 1586 1
1586 4940 4
4940 782 2
2576 816 1
816 4940 1
4940 7418 1
7418 6162 1
6162 1 1
1 8678 8
9585 1761 18
1761 2819 1
9772 6329 1
6329 2802 1
2802 3685 1
3685 9658 1
9658 1062 1
1062 3727 12
3727 2024 6
2024 5769 2
5769 5541 1
5541 502 1
7569 632 2
632 3011 2
7498 853 1
3063 8591 1
7773 9012 1
9012 3683 1
5001 8064 1
8064 5388 1
5388 1054 1
1054 502 7
3063 9787 3
9787 2341 2
2341 2121 3
7701 1605 4
1605 1 2
2430 4484 1
4484 8925 1
8925 4788 2
4788 7222 1
7222 9787 1
5171 404 2
404 5001 1
5001 8576 1
9787 242 1
242 1933 1
1933 2576 1
7053 9787 13
5822 453 2
453 9787 10
4788 404 1
404 4407 1
7903 3641 3
3641 9787 10
9787 8879 18
7666 5187 1
5187 9787 1
8702 5184 1
5184 4259 1
4259 1021 1
1021 7540 4
8741 4259 1
4259 9585 1
502 5282 22
5282 3641 3
3641 2819 1
453 1577 1
1577 1958 1
1958 2453 1
2453 4407 1
4407 8742 1
2056 9787 23
8879 9585 48
9585 4463 2
4463 2847 1
2847 7752 1
7752 8413 1
8413 5300 1
5300 5001 2
5001 8873 1
2576 7401 1
7401 4090 1
494 5001 1
5001 494 3
9012 1399 3
1399 5596 4
5596 7024 1
7024 2576 2
9772 440 1
440 502 3
1360 859 1
859 494 2
4788 1732 1
1732 3139 1
3139 4502 1
4502 7961 1
7961 2101 1
2101 4790 1
4790 4396 1
4396 4788 1
4788 6954 5
3787 3381 2
3381 8576 2
4788 1360 4
1360 332 1
332 7823 1
7823 4790 1
4790 7917 2
7917 2637 1
2637 7409 1
7409 2686 1
2686 595 2
595 7823 1
7823 9504 1
9504 3279 1
3279 859 1
859 9773 1
494 8069 15
8069 9622 1
9622 155 1
155 3503 2
3503 6559 1
6559 7709 1
7709 1732 1
1732 688 1
688 9155 1
9155 2576 2
2576 101 1
101 494 1
494 8685 6
8685 9622 1
9622 2819 3
2819 7994 2
7994 502 1
1326 3679 3
494 7091 4
7091 3381 1
3381 3787 2
4090 2299 1
2299 2576 1
2576 8636 2
8636 7506 1
7506 4791 1
4791 5034 1
5034 9581 1
9581 328 1
328 4407 1
4090 8582 7
8582 2843 2
2843 1023 1
1023 8873 2
8873 1919 2
1919 9517 4
9517 3787 6
9773 205 1
205 6893 1
6893 2576 1
2576 8414 3
8414 494 2
494 1375 3
1375 8576 1
4789 3970 1
3970 7701 4
7701 205 1
205 4210 1
4210 3345 1
3345 2115 1
2115 2686 1
2056 208 1
208 26 1
26 9585 1
2914 4695 1
4695 8678 1
8678 4789 7
494 621 4
621 2595 1
2595 1901 1
1901 2576 1
2576 722 1
722 3435 1
3435 5001 1
5001 7773 1
7773 5315 1
5315 4701 1
4701 4415 5
4415 3787 1
1919 8576 2
9585 9741 1
9741 4415 1
4415 5838 1
5838 3787 3
3039 7571 1
7571 3787 1
9773 4415 1
4415 494 2
494 1978 1
1978 2576 1
2576 7823 2
7823 4954 2
4954 502 4
4235 8737 1
8737 1597 2
1597 5210 2
5210 3154 1
3154 3683 1
5001 968 1
968 9647 1
9647 3787 1
5864 514 2
514 4788 1
9696 8334 1
8334 9622 1
9622 850 1
850 9696 3
9696 7540 4
7540 2650 1
2650 781 1
781 776 1
776 8826 1
8826 9787 1
9787 8400 4
8400 2576 4
3787 5001 2
5001 4788 2
5172 1375 2
9787 5012 1
5012 3787 1
3787 8232 2
8232 8440 2
2576 7896 4
7896 7232 1
7232 643 1
643 2576 5
2576 939 5
939 6143 1
6143 7635 2
7635 3787 2
8371 9787 3
9787 4745 1
664 3063 1
2576 8926 6
8926 9585 17
9585 4749 2
4749 7224 1
7224 3237 1
3237 5001 1
5001 2555 1
2555 742 1
742 2802 1
5497 3239 1
7575 6630 1
6630 4672 1
4672 9787 1
7540 4415 9
4415 1738 5
1738 1408 5
1408 5224 1
5224 6733 1
6733 3911 2
3911 2798 1
2798 556 1
556 5740 1
5740 2843 1
2843 4788 6
4788 9397 4
9397 9745 1
9745 1577 1
1577 7487 1
7487 4432 1
4432 7540 1
7540 3787 2
3787 3185 2
3185 894 1
894 8847 1
8847 1818 7
494 8531 2
8531 7701 7
5171 506 2
506 5388 1
5388 4041 1
4041 353 1
353 3727 1
8531 1 1
1 3727 3
2576 4336 1
4336 840 3
4090 8075 3
8075 1394 1
1394 7540 10
8582 8712 1
8712 8847 2
8847 2121 2
5109 8414 1
8414 2151 1
2151 2576 1
4076 5678 1
5678 4430 1
4430 695 1
695 9585 17
9787 6520 17
6520 6092 1
6092 5497 1
5497 7591 1
7591 7540 1
8847 8223 1
8223 1394 1
453 8847 3
8847 7695 1
7695 9517 1
9517 9279 1
9279 9094 1
9094 1577 1
1577 9573 1
2576 5429 2
5429 9006 1
9006 4090 13
4090 8531 8
8531 3358 1
3358 8847 13
8847 7701 1
7701 9099 2
9099 5001 1
5001 5119 1
5119 9585 5
4090 2320 1
8582 1371 2
1371 9787 4
9787 1281 1
1281 2595 1
2595 8847 3
8847 621 1
9773 1954 1
1954 7799 1
7799 3787 20
3787 3635 16
3635 3245 1
3245 3727 4
3727 527 1
527 502 1
502 8611 4
8611 1408 1
1408 453 2
8847 6547 1
6547 2320 1
8582 8480 1
8480 641 1
641 2062 1
2552 3245 5
3245 2691 15
2691 4893 1
4893 9772 1
9772 7694 10
7694 545 1
545 4789 1
9787 9397 2
9690 8576 2
8576 2555 2
2555 543 1
1937 2154 1
2154 621 1
9773 2803 1
2803 9715 1
9715 4445 1
1 5497 14
5497 9509 2
9509 6522 1
6522 4789 1
4789 5797 1
5797 7701 15
7701 752 1
752 502 3
502 1651 7
1651 3154 2
3154 4789 7
4789 778 2
4090 2914 3
2914 4392 1
4392 4789 1
4789 4402 2
4090 6524 1
6524 4445 1
9787 6908 1
6908 4789 1
2121 751 1
751 4445 1
1 8847 14
8847 3461 2
3461 7952 1
7952 9585 2
9787 8847 11
8847 1394 10
1394 441 1
441 9690 1
2201 4790 1
4790 5380 1
5380 2121 1
2121 3831 1
3831 1677 1
1677 915 1
915 3506 1
3506 8576 1
4788 1375 3
1375 7672 1
7672 3787 1
2576 8531 2
9099 7444 1
7444 6124 1
6124 8847 1
8847 8702 5
8702 2024 2
2024 8603 1
8603 502 2
9787 5124 2
5124 8847 2
8847 4940 3
9773 3587 1
3587 8611 1
8611 3537 3
3537 4090 1
9094 4373 1
4373 9573 1
9573 4373 1
4373 5429 1
5429 2576 2
2576 9088 4
9088 164 1
164 4392 1
4392 2595 7
2595 8611 2
8611 7732 1
7732 1479 1
1479 4090 1
4090 9278 1
9278 9787 1
7559 9517 1
9517 164 1
164 1 1
8847 8637 2
8637 5798 1
5798 7701 9
8576 836 1
836 3846 1
3761 4336 4
4336 9787 12
9772 4373 8
4090 6175 2
6175 7956 1
7956 8847 2
8847 9772 9
9772 4452 1
4452 8637 1
8637 5821 2
5821 9787 2
9787 6154 1
6154 2819 1
2819 8847 11
8847 9573 1
9573 9787 1
9787 689 5
689 2998 1
2998 2576 2
9573 9590 1
8582 6687 1
6687 1335 1
1335 525 1
525 2576 2
2576 851 1
851 2121 1
2121 4870 1
4870 5497 1
7952 9787 3
7540 5893 2
5893 4788 1
4788 1203 1
1203 8873 2
9787 2997 1
2997 9646 1
9646 4789 2
4463 8347 2
8347 2576 3
7799 1774 1
1774 8637 2
8637 9787 20
9787 695 25
8847 9094 3
9094 9573 1
9573 8221 1
9787 4233 2
4233 8135 1
8135 4407 1
4407 8637 12
8637 1925 3
1925 6003 1
6003 9585 11
6175 386 1
386 8582 1
8582 9323 1
9323 8873 1
8847 7559 5
2552 7274 1
7274 3127 1
3127 9787 1
494 6619 1
6619 2121 4
2121 8847 2
8847 1420 1
1420 2576 1
2576 2018 17
2018 5672 1
5672 8678 1
8678 2201 1
2201 8847 1
8582 3451 1
3451 9585 1
9585 8611 2
8611 3635 1
3635 4102 1
4102 5822 1
5822 7540 1
7540 4666 2
4666 9006 1
4090 8050 3
8847 6161 1
502 5252 1
5252 9414 1
9414 8549 2
8549 4364 1
7799 689 1
7540 8371 5
8371 7247 1
7247 7788 1
7788 2118 1
2118 2576 2
2576 3179 1
3179 3175 1
3175 2907 1
2907 4788 1
8268 1 5
1 9772 10
2024 9585 1
5940 9772 1
9772 502 15
2121 6542 2
6542 2576 1
2576 9190 1
9190 4788 2
4788 8742 1
2056 7169 1
7169 2908 1
2908 2576 1
6557 9414 3
9414 3842 1
3842 8847 1
6542 6034 1
6034 7391 1
7391 2595 1
2595 3120 1
3120 9692 1
9692 4105 1
4105 4918 1
4918 1776 1
1776 4788 1
4788 2024 11
2024 7540 5
7540 3642 7
3642 7773 1
7773 9647 1
9647 1547 1
2576 391 1
391 7701 2
7701 9590 3
9590 5596 2
4430 1 1
2430 7799 2
7799 9770 1
9770 5740 2
5740 7124 1
7124 9335 1
9335 9585 1
4788 8702 7
8702 4336 1
4336 502 3
3063 3205 1
3205 7540 1
7540 6880 1
6880 2576 4
2576 4700 1
4700 2521 1
2521 3004 1
3004 3787 1
5864 1 1
8626 7449 2
7449 4788 2
5001 8216 1
8216 748 1
502 2146 1
2146 3027 1
3027 4364 1
7799 9414 5
8549 7509 1
7509 9585 6
9585 6384 4
9787 4988 1
4988 9787 1
4940 8582 3
8582 3586 1
3586 2432 1
2432 2576 1
2576 6667 1
6667 4364 1
4364 8847 1
8847 9506 1
9506 5300 1
2576 872 1
872 7701 7
7701 351 2
351 2552 4
2552 2843 3
2843 506 1
506 6964 1
6964 1394 1
1394 3244 1
3244 453 1
8847 8337 4
8337 352 1
352 9517 2
9517 4452 1
4452 9585 1
8847 9787 9
9772 7799 8
7799 9585 33
9772 9571 2
3408 1375 1
1375 9787 1
9787 6954 6
6954 502 20
1360 2576 10
2576 223 1
223 9787 1
9787 4530 1
4530 8847 1
1037 7036 24
7036 9787 1
9787 414 1
414 4090 2
4090 6711 3
6711 9787 2
4090 2595 3
2595 8580 2
8580 1 1
6189 9414 1
9414 2576 11
7008 957 1
957 9787 2
9787 2501 9
2501 502 14
502 3597 2
3597 9012 1
9012 9459 2
9459 1597 2
1597 1659 4
1037 9787 4
9787 7302 3
7302 9585 6
8847 8414 1
8414 7064 1
7064 8678 1
7569 1394 2
1394 9787 17
3787 7388 13
7388 538 1
538 5112 1
5112 762 4
5497 8658 75
8658 9772 2
2406 9787 7
2802 2177 1
2177 1659 2
1659 2621 2
2621 1738 1
1738 8337 1
8337 9787 6
1037 1660 2
1660 4790 3
4790 9787 11
9787 4448 4
4448 1660 1
1660 8873 7
9787 4336 10
4336 8847 5
8847 3317 3
3317 4790 1
8873 8470 4
8604 2621 1
2621 689 1
4788 2174 2
2174 9251 4
9251 4790 1
4448 1394 1
1394 2056 1
1062 9585 11
9585 1660 1
4336 8268 1
8268 4463 3
9772 8873 5
8604 4788 1
4788 5735 1
5735 9772 4
9787 8873 6
8268 2576 1
2406 7246 1
7246 2018 1
4090 9417 37
9417 9587 11
7559 6655 1
6655 2802 1
2802 8458 1
8458 4445 1
1 7842 3
7842 8873 2
8847 1660 1
1660 502 7
502 2903 16
2903 3928 1
3928 5598 1
5598 4790 1
8557 8873 1
3391 4701 5
4701 1820 2
1820 1566 3
1566 2576 18
4448 9787 1
4090 2722 2
2722 3787 1
8847 9417 4
9417 4788 4
4788 2788 1
2788 4984 1
4984 9787 7
4788 7715 6
7715 1394 1
8847 5992 1
5992 3548 2
3548 689 1
689 8873 2
1820 4788 1
4788 2762 1
2762 2570 1
2570 4788 1
4788 1755 1
1755 2576 1
9585 8521 3
8521 7715 2
2056 502 10
3597 2121 1
2121 789 1
789 8576 1
8658 9458 3
9458 1659 4
1659 4402 1
4402 8234 1
8234 4090 1
4090 6696 1
6696 1073 1
1073 3787 10
7575 4788 1
8031 6883 1
6883 1408 2
1408 502 12
4749 2576 8
2576 1208 1
1208 9787 1
9787 503 1
503 2576 1
7008 7695 1
7695 9099 1
9099 4788 1
9787 1941 24
1941 9012 1
9012 9585 2
9585 3472 1
3472 7444 1
7444 3683 1
3683 9038 1
9038 4407 1
4788 4257 1
4257 594 1
594 6883 1
2576 6129 3
6129 9787 5
9787 5972 1
5972 6687 1
6687 2363 1
2363 9397 1
2819 9212 1
9212 1734 2
9787 1328 1
8171 2389 1
2389 2576 1
2576 4996 1
4996 9787 1
1037 3110 1
3110 2018 1
674 8603 1
8582 4286 1
4286 3600 1
3600 3787 9
1659 3963 1
3963 7014 5
7014 5001 1
5001 5497 2
5497 2592 1
2592 2802 10
2802 8470 1
8604 3836 1
3836 4788 1
4788 1677 1
1677 2576 2
2576 8762 2
8762 9587 2
9587 8470 1
8470 4984 2
4984 4788 2
4788 3683 4
1660 8879 1
8969 2412 1
2412 8604 1
8604 6251 1
6251 3683 1
7444 5837 1
5837 9585 2
9585 6578 1
6578 4788 1
4788 8462 1
8462 6092 1
6092 593 1
593 1660 1
1660 2062 1
2062 2597 1
4940 3954 1
3954 8470 1
8470 2576 1
545 5606 1
5606 502 2
502 8458 4
8458 6933 1
6933 2576 1
2576 9396 1
9396 4463 2
4463 3887 1
3887 3859 1
9787 4799 1
4799 4414 1
4414 4086 1
4086 8470 2
8470 4714 1
4714 6161 1
6161 4147 1
4147 3787 1
3787 7938 1
7938 2576 1
2552 3683 1
3683 8326 2
8326 5001 1
9773 4788 1
9585 155 7
155 3169 1
3169 4249 1
4249 8458 1
8458 4090 1
4090 947 2
947 754 1
754 502 2
502 5054 1
5054 3562 1
3562 7444 1
7444 2576 2
2576 7374 5
7374 2576 7
2576 7188 1
7188 7732 1
7732 494 1
482 8861 1
8861 1497 1
1497 4942 1
4942 4940 1
4940 5001 3
5001 2005 1
2005 4788 1
4788 8547 3
8547 6436 1
8582 4605 12
4605 8470 1
8604 2576 3
545 4737 1
4737 4090 5
8184 9787 1
9787 5978 4
5978 2576 3
2576 1161 1
1161 494 7
494 6513 1
6513 7445 1
7445 6296 1
6296 3683 1
5001 9772 1
9772 1865 4
1865 3683 1
5224 568 1
568 8994 4
8994 4940 1
4940 7049 16
7049 4788 2
3727 1577 7
1577 9164 1
9164 3787 3
3787 3600 21
3600 2576 9
9585 5062 1
5062 9787 1
9787 7391 1
7391 8576 1
3787 621 14
8621 4090 1
4918 2086 2
2086 3600 1
3600 2018 3
7053 1762 3
1762 4788 1
4788 1328 2
1328 1661 1
1661 9787 1
9787 2325 3
2325 8683 2
8604 8777 1
8777 1820 2
5940 3154 1
3154 5001 1
5001 8742 1
2056 3963 1
7014 2576 1
8582 691 1
691 4076 1
4076 7933 1
7933 5497 2
5497 9072 5
9072 3597 1
3597 9204 1
9204 1032 1
1032 156 1
156 7812 1
7812 4788 1
4788 3200 3
3200 7495 1
7495 2576 3
2576 8339 1
8339 1329 1
1329 2064 1
2064 7839 1
7839 3052 1
3052 502 1
4789 4370 1
4370 2819 1
502 113 1
113 8582 1
4575 264 1
264 4788 1
1738 5930 2
5930 3011 1
4788 2640 3
2640 2576 3
2576 4960 3
4960 502 3
502 9270 1
9270 3787 2
1659 4788 4
4788 6414 1
6414 502 1
8458 2576 1
2576 2390 2
2390 502 5
502 8856 14
8856 3787 1
3787 9459 3
9459 4153 9
4153 5001 1
5001 4632 1
9585 8069 5
8069 1776 4
1776 4556 1
4556 3622 2
3622 6478 1
6478 1158 1
1158 8470 1
8470 8576 1
4788 986 5
986 8199 1
8199 740 1
740 3846 1
3846 8547 1
8547 9772 1
9772 830 1
830 4788 1
4788 2121 16
2121 1037 4
1037 5497 1
5497 1267 1
1267 5001 1
5001 3683 1
3683 2595 1
2595 8856 8
8856 4414 1
4414 8470 1
8470 848 1
848 3937 1
3937 7694 1
7694 2595 4
2595 4788 13
4788 9517 2
9517 4788 2
4788 689 7
689 3683 2
5224 2802 1
1826 4698 1
4698 4788 2
4788 4828 1
4828 7550 1
7550 4479 1
4479 2576 1
2576 9017 1
9017 7540 1
7666 7732 3
7732 2576 2
2576 875 6
875 307 1
307 4788 1
4788 2819 13
1395 779 1
779 6110 1
9016 8470 1
8470 6575 1
5224 4048 1
4048 8768 1
8768 2576 1
2576 7160 11
7160 2709 2
2709 1752 1
1752 8576 1
3074 3683 1
8326 7260 1
7260 2576 2
494 1738 13
6052 196 1
196 2576 1
2576 8480 1
8480 1548 1
1548 7666 2
7666 2093 7
2093 4407 1
8637 4076 1
4076 4789 1
4789 8546 1
8546 2576 1
8337 8582 1
8582 9517 3
9517 2546 1
2546 7540 2
7540 3154 11
3154 4392 2
4392 8452 1
8452 4090 1
494 4788 7
4788 1217 1
1217 3852 2
3852 9585 9
9585 8470 1
8470 5639 1
5639 4788 1
9772 7403 5
7403 2576 3
8337 6388 2
6388 2121 2
2121 6387 1
6387 197 1
197 8470 1
8470 2679 1
2679 3683 1
5224 1471 1
1471 7358 1
7358 4788 1
2121 9773 6
9773 7918 16
2576 2278 1
2278 4940 1
4940 9095 1
9095 7904 1
7904 2068 1
2068 4788 4
4788 8685 2
8685 7260 2
7260 5224 1
5224 7799 2
7799 8683 3
8683 9585 13
9585 336 1
336 1738 1
6052 4788 2
5995 8470 1
8470 4632 2
9585 2734 1
2734 9773 2
9773 588 1
588 8321 1
8321 8149 1
8149 502 1
502 987 4
987 9585 2
9585 5202 1
5202 9517 1
9517 4446 1
4446 502 3
502 8207 1
8207 8470 1
8470 5735 1
1037 748 5
748 6807 1
6807 7904 1
7904 3011 2
3011 6519 1
6519 6052 1
6052 7355 1
7355 5497 1
8209 5224 1
5224 3683 1
3683 1016 1
2576 6905 1
6905 7498 1
7498 7799 3
7799 666 1
666 3787 15
4789 6251 1
6251 1587 1
1587 2576 3
2576 1698 2
1698 689 1
2576 5773 2
5773 9413 1
9413 7498 1
7498 9773 4
9773 1738 2
6052 494 1
494 7498 1
7498 7650 1
7650 4407 1
8637 4789 1
8337 8082 2
8082 2709 2
2709 9772 1
9772 7498 2
7498 9517 1
9517 4076 1
4076 4414 1
4414 2093 1
2093 9517 1
3154 7851 1
7851 9088 2
9088 9520 3
9520 594 1
594 3787 5
3787 6387 5
6387 7666 3
7666 1498 1
1498 6996 1
6996 2292 1
2292 7701 14
7701 9773 2
4090 2147 5
2147 9585 2
4790 7799 3
9787 7498 6
9773 8637 2
8637 9571 1
9571 2576 1
2576 1062 16
3727 5773 1
5773 4789 1
4789 155 5
155 403 1
403 1037 1
1037 4701 1
4701 2121 4
2121 1919 5
1919 5773 1
5773 5224 1
5224 7498 1
2576 7260 2
7260 2068 1
2068 8470 1
8470 6519 1
8582 9758 1
9758 9585 1
9585 1577 7
1577 6232 1
6232 9773 1
9773 7498 1
7498 8683 2
8683 3683 1
3683 8321 6
8321 5699 1
5699 2994 1
4488 4090 1
4090 418 4
418 502 1
502 454 2
454 9390 1
9390 502 1
502 7482 8
7482 6143 1
6143 5497 1
4143 5596 1
5596 4790 6
4790 3192 1
3192 8470 1
9585 4389 7
4389 2024 21
2024 502 7
2093 4090 9
4090 2772 4
2772 8582 6
8582 7682 1
7682 922 1
922 2819 1
875 8082 1
8082 7334 1
7334 2430 1
2430 4790 2
4790 9212 2
9212 8321 1
8321 6145 1
6145 502 1
502 9414 6
9414 5230 1
5230 3063 2
3063 4439 1
4439 4788 3
4788 4073 1
4073 8414 1
8414 8706 1
8706 2028 1
2028 4788 1
4788 742 2
742 3787 4
3239 5229 1
5229 5753 1
5753 1 1
1 5123 2
5123 8278 1
8278 5497 6
5497 3049 1
3049 3787 1
9072 6813 1
6813 502 1
502 8170 5
8170 5438 1
5438 1826 1
1826 7666 1
7666 8562 3
8562 3787 1
3787 3250 1
3250 8165 1
8165 789 1
789 4788 1
4788 681 1
681 4586 1
502 5230 2
5230 2273 1
2273 2576 4
2576 6711 2
6711 5171 1
5171 612 2
612 4438 1
502 225 1
225 7540 1
7540 3250 1
3250 5596 1
5596 9250 1
9250 5224 1
5224 494 6
9012 7014 1
7014 2819 3
2819 7572 2
7572 3011 1
3011 2214 2
2214 1148 1
1148 4840 1
9072 3787 1
7053 4714 3
4714 4788 6
4788 7603 1
7603 7540 3
7540 3239 1
3239 5753 1
5753 7930 1
7930 7701 4
7701 3321 1
3321 7498 1
7498 502 6
502 1597 17
1597 3600 1
2576 4289 2
4289 482 4
482 2311 1
2311 1738 1
482 7540 9
7540 927 1
8123 4788 2
4090 8926 9
8926 2576 1
4090 5688 1
5688 2188 1
2188 8683 2
8683 502 8
3063 4020 1
4020 4789 2
4789 2184 1
2184 1738 1
8350 9585 5
9585 3859 2
3859 494 13
494 7540 18
7540 4922 1
4922 4891 1
4891 9587 2
9587 183 1
183 6143 1
5864 4415 1
4415 8470 1
8470 6110 1
8741 4234 1
4234 667 2
667 4788 1
5001 3679 1
5769 2756 1
2756 1761 1
1761 7496 1
7496 6977 2
6977 4407 1
4407 9585 7
9585 1919 1
1919 2755 1
2755 8294 1
8294 3823 1
3823 3358 18
3358 5644 1
5644 8321 1
8321 993 1
993 1151 1
1151 1016 1
1016 3787 2
3787 4415 11
4415 2576 11
2056 799 1
799 6892 1
6892 8470 1
8604 2726 1
2726 8762 1
8762 7701 4
7701 4940 7
1660 4716 1
4716 7540 5
7540 9772 12
6583 5155 1
5155 2121 1
9787 9587 4
9587 3900 1
3900 9787 1
9787 6756 5
6756 9397 1
9690 7053 1
1597 4788 3
4788 8969 6
8969 9787 3
9787 2640 1
2576 676 1
676 4407 1
502 385 8
385 7945 8
4788 311 3
311 8876 1
8876 8576 1
4788 4908 1
4908 7540 1
7540 4430 2
4430 6384 1
6384 9787 3
4090 1867 3
1867 386 2
386 8994 6
8994 9397 1
9690 4407 1
9585 3886 1
3886 5224 1
494 6103 1
6103 4789 1
4789 22 1
22 8462 1
8462 7058 3
7058 2592 1
2592 8873 2
502 32 5
32 2819 1
2819 2607 2
2607 9533 1
9533 9628 1
9628 1 2
1 9585 7
2914 2726 1
2726 6382 1
6382 3683 1
5001 8678 1
8678 4788 12
4788 5547 1
5547 8082 1
4090 8786 3
8786 7540 4
7540 3600 10
3600 6436 1
4605 9787 4
9787 6663 9
6663 968 1
968 2319 1
2319 8873 2
8470 1597 1
4981 4790 1
4790 5224 2
5224 9586 1
9586 2597 1
2597 7701 1
4940 247 1
247 6067 1
6067 5940 1
5940 1660 5
1660 5001 1
5001 22 1
22 2809 1
7053 3959 1
3959 2576 1
2576 8380 3
2056 22 1
22 2429 1
2429 502 1
1443 7812 1
7812 2121 1
4788 4351 1
4351 7550 1
7550 502 1
8856 1037 1
4788 1160 1
1160 195 1
195 8576 1
2819 5687 1
5687 2093 2
2093 6663 1
6663 4788 1
4222 371 10
371 5497 1
5497 733 3
733 4788 1
6583 7914 1
9006 9494 1
9494 435 1
435 820 2
820 1826 1
1826 545 1
2576 1461 1
1937 4632 1
4632 4788 3
4788 3911 1
3911 9585 3
4090 4909 2
4909 4789 3
4789 502 23
502 5839 13
5839 8678 1
8678 1651 2
1651 5769 1
5769 3096 1
3096 1734 1
1734 4788 17
5171 5486 3
5486 9772 1
4788 4758 1
4758 651 1
651 2576 1
4788 7407 2
7407 5821 1
5821 545 1
545 3245 1
3245 4041 1
4041 9401 1
9401 1333 1
9313 6582 1
6582 8582 4
8582 7403 4
7403 4788 2
4788 5656 1
5656 9787 1
9787 4713 2
4713 617 1
617 2640 1
2576 6095 2
6095 502 2
502 3402 16
3402 6838 1
6838 3638 1
3638 8777 1
8777 5497 1
7388 530 2
8658 3761 12
3761 6671 1
6671 2802 5
2802 5857 1
5857 1560 1
1560 3342 5
3342 2688 1
2688 218 13
218 8834 1
8834 4090 3
494 4388 4
4388 2099 1
2099 2121 1
2121 2730 23
2730 8327 1
8327 345 1
345 4069 1
8582 9496 1
9496 1326 1
1326 4788 8
494 7210 1
7210 8702 1
8702 2552 1
2552 3787 1
595 9585 1
8591 8369 1
8369 5001 1
5001 1672 1
1672 9787 4
968 6436 1
6436 7701 4
8960 4940 1
4788 8880 1
8880 3761 1
3761 2107 1
7559 345 1
345 1 2
3787 4438 6
4438 4788 2
4788 2346 2
2346 1605 1
3787 2304 8
2304 2576 4
2576 2988 1
2988 2972 1
2972 7701 1
7701 5596 4
5596 1408 1
1408 8873 5
8873 5001 2
5001 2695 1
2695 7497 2
7497 3154 1
4788 596 2
596 1328 1
1328 8339 1
8339 3761 1
3761 2320 2
2320 5154 1
5154 2576 2
2576 7517 1
7517 3398 2
3398 965 1
965 4788 1
2346 9787 1
502 345 16
345 2576 7
2576 5081 2
5081 3638 1
3638 2121 3
2121 8777 1
8777 762 1
8658 1326 1
1326 2576 1
2576 4532 1
4532 7513 1
7513 2576 6
2576 1729 1
1729 3787 1
3787 789 1
789 5497 1
1831 4788 1
4788 3959 1
3959 6662 1
6662 502 5
502 623 1
623 4042 2
4042 2576 4
2576 2199 1
2199 9787 1
9787 1761 4
1761 8817 1
8817 545 1
545 7196 1
7196 5596 1
3074 1326 1
1326 9787 10
9787 4069 10
4069 2576 2
2576 5697 1
5697 4701 1
2595 7666 13
7666 2547 1
2547 9587 1
9587 1210 1
1210 9787 2
9787 4407 8
4407 5224 2
5224 6489 1
6489 2413 1
2413 4788 2
2819 8045 3
4575 2406 1
2406 594 1
594 4373 1
4373 7540 9
7540 9520 1
9520 993 1
9787 6465 1
6465 2802 1
2802 2106 1
2106 502 1
2576 4791 1
4791 8337 1
9787 4442 4
4442 2121 1
2730 7197 1
7197 5512 1
5512 1774 1
1774 9494 1
9494 1062 1
1062 5200 1
5200 3787 2
3683 1825 1
1825 9787 2
9787 2109 1
2109 8591 1
1640 4172 1
4172 9787 2
9787 612 1
612 2576 2
2576 168 1
168 3327 1
3327 9459 2
1659 3787 5
3787 449 2
449 3269 1
3269 8984 1
8984 7513 1
2694 3861 2
3861 3130 1
3130 3846 1
3846 2997 2
2997 1804 1
1804 2201 1
2201 9153 1
9153 8576 1
8576 6789 1
6789 3602 1
3602 1597 1
2686 386 6
386 5460 1
5460 3787 3
9787 1168 1
1168 2576 1
2576 4549 1
4549 2576 1
4076 2676 1
2676 2843 1
2843 875 1
875 4575 1
4575 3727 3
3727 9787 9
4442 6309 1
6309 8873 1
545 1326 1
1326 6663 2
6663 2809 1
1659 3771 1
3771 2021 1
2021 4419 1
4419 2576 8
2576 708 2
708 7540 1
7540 8600 1
8600 6678 1
6678 3404 1
3404 8216 2
8216 2576 4
2576 1014 1
1014 502 1
502 4823 1
4823 968 1
968 6151 1
6151 7773 1
7773 3846 1
1062 4432 1
4432 2023 1
2023 3952 1
3952 2540 1
2540 8334 1
1620 3649 1
9593 4373 1
3503 6194 3
6194 8824 1
8824 594 1
594 545 1
4090 3465 2
3465 3189 1
3189 7918 1
7918 1 3
6189 9787 24
8082 494 2
494 5371 1
5371 9136 1
9136 502 4
502 7095 2
7095 6795 1
6795 4407 2
8873 5224 2
5224 9787 2
4840 2802 2
2802 4790 10
4790 6465 1
6465 8576 1
2694 6892 2
6892 4790 3
4790 7437 2
4402 502 6
502 4767 1
4767 1910 1
1910 3342 1
3342 875 1
7701 6398 2
6398 6146 1
6146 4714 1
4714 5224 1
5224 8337 1
8337 9012 2
9012 7914 1
7914 2539 1
2539 1205 1
1205 4790 1
4790 8225 1
8225 1734 1
9787 9386 1
9386 2595 1
2595 5171 1
5171 6930 1
6930 2576 1
2576 9759 1
9759 33 1
33 4849 1
4849 4590 1
4590 4788 1
9787 7695 5
7695 8069 3
8069 4132 1
4132 2576 1
2576 9502 1
9502 3683 1
3683 1811 1
1811 5352 1
5352 2802 1
2056 4788 16
8337 9263 1
9263 502 1
502 6111 12
6111 968 5
968 3864 1
3864 2595 1
2595 345 4
345 4910 1
4910 9787 1
9787 648 1
648 7053 1
2851 5001 1
4090 806 5
806 9459 1
9459 8787 1
8787 8498 4
8498 9787 1
9787 9010 2
9010 8175 1
8175 502 1
502 4709 1
4709 2576 1
2576 7407 7
4788 3807 3
3807 9241 1
9241 2576 2
6520 5573 1
5573 502 1
345 5027 1
5027 9787 1
4090 1073 2
1073 9787 1
8337 5910 1
5910 8414 1
8414 2576 1
9787 6583 15
6583 4609 1
4609 885 1
885 2843 3
9787 5123 1
5123 9038 1
9038 5277 1
5277 4075 1
4075 4387 1
8960 6496 1
6496 7843 1
7843 5744 1
5744 8252 1
8252 7823 1
7823 4749 3
4749 502 3
345 4090 3
3727 6859 1
6859 2576 1
2576 8048 1
8048 5403 1
5403 8795 2
8795 4737 1
4737 1738 2
8350 9022 1
9022 9585 1
4789 6803 1
6803 1605 1
1605 494 1
494 7840 2
7840 2595 2
2595 8697 1
8697 3524 1
3524 1936 1
1936 5463 1
5463 9263 1
9263 2595 3
345 5224 1
5224 4389 1
4090 4910 4
4910 502 3
502 3683 15
3683 7273 2
7273 4419 1
4419 2686 1
2686 2838 2
2838 1919 3
1919 7380 1
7380 2716 1
2716 7540 1
5980 3154 2
482 1215 1
1215 2595 1
2595 2247 2
2247 3859 1
3859 5866 5
5866 9585 14
9787 371 2
371 8192 2
8192 7053 1
7053 4649 1
4649 1037 1
1037 8947 2
8947 2576 4
2576 2258 2
2258 502 1
345 9787 1
9787 9136 1
9136 3787 1
9772 1037 11
3683 7661 1
7661 968 1
968 3154 1
3154 1037 5
7036 3859 1
494 2833 1
2833 8894 3
8894 3787 1
7053 951 1
951 8969 1
8969 3022 1
3022 3898 1
3898 9787 3
6016 3787 2
1360 8334 1
8334 2379 1
2379 5419 1
5419 155 1
155 7510 2
7510 2421 1
2421 3562 1
3562 6185 1
6185 103 1
103 2576 1
2576 444 1
444 2595 1
2595 3154 6
7840 3239 1
3239 7961 1
7961 5419 1
5419 7557 1
7557 9787 1
8742 6583 1
2121 7030 5
7030 502 2
2212 3074 1
3074 345 1
345 494 2
494 6535 1
6535 2802 2
2802 421 1
421 3438 1
3438 6032 1
6032 9587 1
9587 2480 1
2480 7635 1
7635 8400 1
8400 3787 11
8371 4940 1
4940 7822 1
7822 625 1
625 2145 1
2145 5596 1
5596 8371 2
9787 6596 1
6596 6032 1
6032 2576 1
6583 1169 1
1169 3276 1
3276 4378 1
4378 421 2
421 1868 1
1868 386 3
386 9587 3
494 6803 1
6803 502 1
502 7694 1
7694 8582 1
4575 4954 1
4954 7030 1
7030 9773 1
494 1806 1
1806 2576 1
2576 8804 1
8804 4407 2
4789 986 2
986 6443 1
6443 2802 6
2802 3074 5
3074 3011 3
9182 502 1
3342 1240 1
1240 2595 3
2595 5129 1
5129 7497 1
7497 9787 5
9787 8319 1
8319 7876 1
7876 1037 1
1037 7897 1
7897 7666 1
7666 7030 3
7030 4832 1
4832 6032 1
6032 3787 1
2576 8270 8
8270 5419 1
5419 993 1
8741 3683 2
7444 594 1
594 502 17
345 4788 2
4788 4737 8
4737 502 12
502 4651 1
4651 1952 1
9585 2012 1
2012 502 3
1443 1326 4
1326 7405 1
1037 4788 4
4788 1651 3
1651 2592 5
2592 2595 2
2595 7498 8
7498 869 4
869 5486 3
5486 13 1
13 5224 1
5224 8921 1
9585 4289 4
4289 1127 1
1127 4788 1
4788 6921 1
6921 2576 1
2576 1738 7
494 1660 1
1660 2018 2
8702 2726 1
2726 1791 1
1738 8462 1
7058 2802 1
2802 8100 11
8100 2695 1
2695 825 1
825 5039 1
5039 4788 1
502 1585 5
1585 9819 2
9819 9520 1
9520 8470 1
8604 155 1
8136 916 1
916 9397 1
9397 8577 1
8577 7942 1
453 545 1
545 8050 1
8050 1043 1
1043 5606 1
8458 6885 1
6885 4463 1
8741 9586 1
9586 5057 1
5057 9787 1
4984 4789 1
4789 5596 2
5596 4799 1
4799 5866 1
7053 6885 1
494 8906 1
8906 9772 1
5171 1018 1
1018 8576 1
9417 806 1
806 2802 2
545 3154 1
3154 7197 1
7197 4840 1
4840 6583 1
9787 4613 1
4613 2576 1
2576 6856 1
6856 2406 1
2406 9397 1
502 8652 2
8652 3272 1
3272 2409 1
2409 3787 1
1037 6971 1
6971 2576 1
2576 2008 1
2008 2575 1
2575 9153 1
9153 9585 1
2914 3683 1
8321 8678 1
4788 4076 5
4076 7495 2
2576 6794 1
6794 4789 1
4789 6676 1
6676 4937 1
4937 6795 1
6795 1037 1
2576 621 14
621 9585 3
9585 6662 1
6662 4788 2
9084 5567 1
4800 3670 1
3670 1567 1
1567 945 1
945 8919 1
8919 9585 1
4090 7694 14
7694 4388 1
4388 9150 1
9150 4788 1
4788 2256 1
2256 9524 1
9524 970 1
970 4631 1
4631 6795 1
6795 5053 1
5053 7168 1
7168 2802 1
2802 621 1
621 3245 6
3245 4788 3
2552 5497 2
5497 2700 11
2700 1 1
6189 3890 1
3890 2819 1
2819 291 3
291 4790 1
4790 5068 1
5068 621 1
9773 4193 1
4193 502 1
502 8601 7
8601 2576 1
2576 783 1
783 4790 1
4790 8591 6
8591 7569 1
7569 8415 1
8415 2245 1
2245 5224 1
5224 3911 1
3911 4909 1
4909 4790 2
5839 2576 1
6583 8031 3
8031 5997 1
5997 545 1
545 4788 1
9585 6126 1
6126 2819 1
4789 8969 1
8969 2357 1
2357 9787 1
494 7999 7
7999 502 1
502 4464 8
4464 2576 3
2018 6049 1
6049 8545 1
4790 2853 1
9721 8678 1
4788 9146 1
9146 9787 1
502 9663 2
7729 3638 2
3638 4940 6
4940 345 1
345 502 1
8582 3600 3
1326 4790 6
8045 4090 3
4090 5146 3
3641 2483 1
2483 9772 3
9772 5644 1
5644 3787 3
5171 4299 2
4299 4407 1
8337 1786 1
1786 5819 1
5819 5226 1
5226 6456 1
6456 7666 2
7666 5453 4
5453 502 3
502 2748 5
2748 5001 1
5001 6109 1
6109 9787 2
2802 3402 3
3402 9587 3
9587 6436 2
6436 4331 2
4331 5123 1
5123 6455 1
6455 4790 1
4790 641 1
641 8591 1
8591 4737 4
4737 3620 1
3620 3492 1
3492 3749 3
3749 611 1
611 502 2
502 7024 2
7024 9343 1
9343 4762 1
4762 630 1
630 2668 1
2668 2332 1
2332 6075 1
6075 2576 1
2576 6977 1
6977 3250 1
3250 7540 4
7540 789 4
789 749 2
749 502 2
502 9555 4
9555 1301 1
1301 8334 1
8334 2997 1
2576 1597 5
1597 1297 1
1297 6336 1
6336 3787 1
3787 7005 1
7005 2576 1
2576 4210 4
4210 3042 2
3042 5207 1
5207 9787 1
9787 5049 4
5049 6094 1
6094 1533 1
1533 502 1
2430 594 2
3402 2576 16
2576 6610 1
6610 3787 1
4789 4430 2
4430 9587 1
9587 4994 1
4994 8841 1
8841 4608 2
4608 7666 1
7666 5908 4
5908 9787 5
7407 9038 1
9038 2453 1
7701 7497 5
4090 7842 12
7842 8999 1
8999 7197 1
968 7874 2
7874 502 4
3342 4090 1
4090 4908 8
4908 1807 1
1807 3787 1
3787 4701 22
3600 4407 3
4407 6692 1
6692 1037 1
1037 1586 2
1586 2576 4
2576 1586 1
1586 6393 1
6393 4439 1
4439 3679 1
3679 8683 1
8683 2107 1
2107 5154 1
2576 7518 1
7518 2576 1
9038 5596 1
3074 8576 1
8576 1581 3
1581 9585 2
9585 4373 11
4373 5001 1
5001 4373 1
4373 545 1
7210 9787 1
9787 7331 5
7331 9585 10
9585 5224 5
5224 502 2
9773 4438 3
4438 3963 1
3963 1738 1
9787 4392 7
4090 5960 5
5960 8082 1
8082 6836 1
6836 4954 2
8347 345 2
2576 1148 1
1148 5123 1
5123 9787 4
494 945 2
945 8883 1
8883 9585 4
4788 3963 2
3963 502 1
502 8345 2
8345 9773 1
9773 3767 3
3767 1738 2
8350 9787 2
9787 2165 1
2165 9585 1
9010 2301 1
2301 596 1
596 9787 1
9787 6857 3
6857 482 1
2024 1807 1
1807 8873 1
8873 3402 1
3402 2018 1
482 5001 1
4090 2979 1
2979 9787 1
4090 8268 1
9787 8216 1
8216 2686 1
2686 3727 1
494 9241 1
9241 9787 3
9787 8027 2
8027 8683 1
8683 1037 3
4911 641 1
641 502 5
345 4082 1
4082 9012 3
9012 7972 1
7972 5819 1
5819 9787 12
9787 517 1
517 9016 1
9016 3683 1
8321 9373 1
9373 7175 1
7175 2686 1
2686 1597 24
1597 2595 1
2595 3250 2
3250 2576 1
4575 3496 1
3496 8089 1
8089 1 1
6583 4840 5
4840 7495 1
7495 4788 1
4788 7013 1
7013 9012 1
9012 2576 6
1443 2819 2
2819 3890 2
3890 2595 1
2595 559 1
559 4086 1
1666 2576 1
2576 6801 2
6801 9459 2
502 791 1
791 2873 1
2873 301 1
301 9773 5
9773 3787 1
3787 4788 46
4788 8369 2
8369 6126 1
6126 9517 1
9517 3128 1
3128 2547 1
2547 7540 2
7540 270 1
270 3727 1
482 6582 1
6582 4788 2
2121 4160 1
4160 12 1
12 4788 1
7540 8400 1
8400 2812 1
2812 9454 1
9454 2595 1
2595 1364 2
1364 2576 1
2576 1544 3
1544 2809 1
3011 8235 1
8235 5227 1
5227 4082 1
4082 7059 1
7059 5224 1
5224 4788 1
4788 4645 3
4645 6575 1
6575 410 1
410 3787 1
3787 9520 8
9520 7626 5
8369 6292 1
6292 8576 1
8576 2576 34
2576 8637 10
8637 4788 3
4632 2576 1
2024 3890 1
3890 6292 2
6292 6199 1
6199 8702 1
8702 666 2
2576 6126 8
6126 9585 4
9772 2121 3
2121 3587 1
3587 930 1
3980 9420 1
9420 482 15
482 4086 1
4086 2251 2
2251 4790 1
4790 1401 1
1401 8702 1
8702 3787 8
3787 8678 25
8678 9587 5
9587 5057 1
5057 4940 2
5001 7449 1
8547 7374 1
7374 912 1
912 3154 2
3154 8369 3
8369 351 1
351 552 5
552 2843 3
2843 9384 1
9384 2576 5
2576 2635 1
2635 2576 1
2576 930 5
930 3011 1
3011 9773 2
9773 3504 1
3504 4082 1
4082 5713 1
5713 8576 1
3727 3019 1
3019 7031 1
7031 2576 3
7941 5001 1
5001 9419 1
9419 3495 1
3495 5673 1
5673 2251 1
2251 4942 1
4942 4788 1
4788 6931 1
6931 2576 2
2576 4910 4
4910 147 1
147 5001 1
5001 155 2
155 1033 17
1033 5641 1
5641 2576 1
9772 3890 1
6292 3497 1
3497 8741 3
8741 2251 1
2251 8369 1
8369 2121 1
2121 8327 1
8327 8470 1
2576 5973 2
5973 4788 2
4788 3386 1
3386 9787 1
9787 2253 1
2253 3683 1
3683 8063 2
8063 930 1
930 2834 3
2834 4086 1
2251 9517 1
9517 7540 10
7540 2883 1
2883 371 1
371 9663 1
1820 1818 1
1818 301 1
301 4790 1
4790 7773 1
7773 7540 1
7540 5794 3
5794 7799 3
8582 3086 1
3086 2819 1
2819 9773 11
9773 345 1
2576 7101 1
7101 502 1
502 5460 1
5460 6436 1
6436 3385 1
3385 2849 1
2849 4712 1
4712 2805 1
2805 4364 1
9414 6292 1
6292 6001 1
8582 6292 1
6292 9517 1
9517 4090 5
3727 1744 1
1744 6511 1
6511 2253 1
2253 7666 1
7666 6296 4
6296 2708 1
2708 9787 1
9787 6662 2
9084 7053 1
2576 3824 6
3824 5833 1
5833 2502 1
2502 3600 3
3600 155 3
9787 1394 26
1394 9012 4
9012 4790 2
4790 4463 4
9772 1394 5
1394 6954 1
502 3381 7
3381 5596 1
5596 3413 1
3413 8321 1
8321 8604 1
8604 9787 1
1394 980 1
980 9459 1
8192 7639 1
7639 3727 1
3727 5735 2
9772 5596 2
5596 6644 2
6644 9787 2
9787 2679 4
2679 1471 7
1471 2121 1
2121 1597 2
1597 9465 1
9465 4909 1
4909 9773 1
9773 4090 6
4090 1402 1
1402 8406 1
8406 2576 1
4389 371 7
371 8557 1
8557 4090 2
806 2691 1
2691 8578 1
8578 494 3
494 3683 3
3683 8064 6
8064 7918 2
7918 666 1
666 8702 2
3683 9696 1
9696 1394 1
8702 4789 2
4789 3679 3
3679 3883 1
3883 9696 1
9696 4789 1
4789 556 3
556 4373 3
4373 3787 14
4090 6228 1
6228 8826 1
8826 6831 1
6831 9611 1
4090 4014 1
4014 1 1
1 1037 4
4911 3922 1
3922 9787 1
4090 3787 17
3787 5610 1
5610 3011 1
9787 3851 1
3851 9773 1
9773 9696 1
9696 3679 1
3679 5740 1
5740 9585 6
9787 4432 2
4432 8873 1
3787 1408 7
1408 3277 1
3277 5403 1
8795 8576 1
8576 930 3
930 1394 1
9787 2843 2
2843 9696 1
9696 6663 1
6663 9787 1
4432 2807 1
2807 8873 1
494 8458 1
8458 6288 1
6288 2576 2
2576 7858 1
7858 556 1
9787 4737 4
4737 482 12
482 4701 2
2595 5282 1
5282 353 1
353 502 1
4086 1443 2
1443 1566 2
1566 5597 1
5597 3548 1
3548 9595 1
9595 8873 1
3761 6292 1
6292 6296 1
6296 9595 1
9595 5740 1
5740 8702 4
8702 8557 1
8557 6502 1
6502 2595 1
2595 4667 1
4667 7661 1
7661 4142 2
4142 3751 1
3751 6252 1
6252 8582 1
2056 213 1
213 2819 1
7559 4788 3
4788 4432 1
4432 9571 1
9571 3914 1
3914 7487 1
7487 2576 8
2576 3678 1
3678 333 1
333 9476 1
9476 502 1
621 1443 12
1443 4090 3
494 9517 4
9517 4697 2
4697 8582 1
8582 9745 1
9745 9585 1
9585 8702 3
8702 8873 1
494 2562 1
2562 9498 1
9498 7540 2
7540 9468 1
9468 8793 1
8793 7540 1
7540 7746 1
7746 3787 1
3787 102 1
102 4445 1
4445 4701 1
4701 7918 13
4788 6126 1
6126 5740 1
9772 352 1
352 7712 1
7712 3787 1
3787 350 1
350 502 1
9713 3497 1
8741 9227 1
9227 453 5
453 4788 7
4788 8185 1
8185 1329 1
1329 6909 1
6909 502 1
502 9114 1
9114 3727 1
3727 1394 3
1394 3787 6
621 9803 1
9803 2576 3
2576 2552 4
2552 975 1
975 4062 1
4062 9772 1
2024 4090 35
4090 1037 7
1037 1394 2
453 8873 1
3787 7443 3
7443 4788 1
4788 3727 22
3727 9267 1
9267 502 4
502 1070 2
1070 2576 3
2576 5598 4
5598 1414 3
1414 9772 1
9772 9012 1
9012 1079 1
1079 9787 1
8069 2595 3
1941 2802 2
2056 6519 2
7945 7704 1
7704 7540 2
7540 2001 2
2001 9713 2
9713 2819 2
7053 3787 8
9773 1659 3
1659 494 4
494 3888 1
3888 1070 1
494 8683 9
8683 7914 1
7914 7014 1
7014 9787 2
4289 5080 1
5080 482 1
482 8685 2
8685 3787 3
3787 1416 1
1416 4407 1
4407 3011 6
9787 7799 37
3761 2695 5
2695 8582 3
8582 9713 1
9713 502 1
3154 1789 1
1789 9773 1
4142 8685 1
8685 5598 1
1414 9787 2
9787 5107 1
5107 2576 1
386 4090 7
8337 9267 1
502 1416 1
1416 9772 1
494 8064 2
3683 7918 7
7918 7799 1
987 6987 1
6987 8098 1
8098 9713 2
9713 8637 1
8637 6832 1
6832 9787 1
9772 8069 7
191 9787 2
986 5819 1
5819 2086 1
2086 4090 1
8337 371 3
371 9267 1
2576 2819 16
9773 4140 8
4140 4142 2
4142 5798 1
7701 503 1
503 4788 1
9417 6148 1
6148 2576 1
2576 9218 1
9218 9787 1
9787 1853 1
1853 5819 1
4090 8377 1
8377 4788 1
7540 8794 1
8794 9787 1
1394 621 2
621 2576 5
2809 6238 1
6238 9772 1
9772 4142 13
4142 4090 4
4090 8518 2
8518 2576 2
4090 6745 2
6745 7540 5
7540 85 5
85 9585 1
2056 8265 1
8265 9787 1
9787 4962 6
4962 5497 2
5497 2251 5
2251 9772 1
4142 4222 1
494 6745 6
6745 5819 1
4090 6770 2
6770 502 2
502 9713 3
9713 5869 1
5869 3562 1
8626 1734 2
4788 8299 1
8299 9773 1
9773 2024 1
1128 4407 1
4407 4841 1
4841 2843 1
2843 9772 3
9772 6292 1
6292 3041 1
3041 4791 1
4791 4090 2
3727 6745 1
85 7661 1
4142 3154 10
3154 4090 8
9713 9663 1
9663 3602 2
3602 4791 1
4791 3890 1
3890 7701 3
7701 6292 1
6292 5798 1
5798 8531 1
7701 8579 1
8579 2576 2
2576 5769 1
5769 1941 1
9585 4791 8
4791 502 1
1651 6292 1
6292 1 1
8626 7773 1
7773 7925 3
7925 7498 3
7498 9459 1
9459 9663 1
3602 6384 1
9520 6582 1
6582 3911 1
3911 3857 1
3857 7403 1
7403 6745 1
7540 6969 2
6969 8725 2
8725 2151 1
2151 436 1
436 1984 1
1984 3584 1
3584 2576 1
2576 4140 3
3154 7209 1
7209 2595 1
7701 6909 1
6909 9397 1
502 9571 1
9571 3787 1
3185 7487 1
2576 5224 1
8582 802 4
802 9585 3
4588 4373 4
3503 764 8
8678 3252 3
2691 4432 1
4432 4788 1
4788 8334 2
8334 7304 1
7304 7014 1
7014 4415 1
1002 9772 3
4788 4059 2
4059 6957 1
6957 3787 1
3787 402 1
402 7540 1
7540 8132 1
8132 7645 1
7645 9530 1
9530 3154 1
2576 5880 1
5880 530 1
530 8733 2
8733 6676 1
6676 2079 1
2079 4548 1
4548 7701 1
7701 4464 1
4464 3481 1
3481 4788 1
4788 2248 1
2248 6275 1
6275 7666 1
7666 7401 2
7401 459 1
459 2601 1
2601 4270 1
4270 1197 1
1197 3972 1
3972 384 1
9497 6892 1
6892 4142 1
2576 6292 1
6292 9420 1
9420 3076 1
3076 3022 1
3022 5343 1
5343 8577 1
1825 402 1
402 5224 1
5224 1807 1
1807 6949 1
6949 5497 2
5497 345 2
345 8221 1
8221 3787 3
4415 6186 1
1919 6494 1
6494 8678 1
8678 4701 3
4701 8678 3
8678 1919 3
1919 3481 1
3481 1 1
6186 4554 1
4554 1594 1
1594 2595 1
2595 621 3
621 7780 4
7780 8582 1
8582 5421 1
5421 3321 1
3321 4415 1
4415 402 1
402 9585 1
9585 8741 13
8741 1577 1
1577 2198 1
2198 6162 1
6162 9773 1
9773 7540 1
7540 8392 10
8392 3683 2
7444 4737 1
4090 8082 11
8082 317 1
317 8576 1
2819 3321 1
3321 7571 1
7571 8873 2
6858 2021 1
2021 1196 1
1196 8657 1
8657 8641 1
8641 2595 1
4788 2691 2
2691 2576 3
2576 8737 1
5210 5224 1
5224 7362 1
7362 4790 1
4790 8637 2
8637 8576 1
9585 663 1
663 8082 1
8082 5793 1
5793 442 1
442 6954 2
3787 1543 1
1543 5864 1
2576 9258 2
9258 2121 5
2121 4769 1
4769 5210 1
5210 6583 1
6583 2917 1
2917 2595 1
2595 8392 4
8392 502 5
502 8392 14
8392 7178 1
7178 572 1
572 6795 1
6795 5300 1
5300 3154 1
1037 6387 1
6387 5105 1
5105 5910 1
5910 3787 2
3787 2212 4
2212 5453 2
5453 4788 1
3581 9352 1
9352 9772 1
9772 946 1
946 4788 1
4788 1773 1
1773 7952 1
7952 4944 1
4944 7492 1
7492 8321 1
8321 8194 1
8194 9348 1
9348 2576 1
4788 8921 9
8969 8637 1
8637 6311 1
6311 8321 1
8321 4407 2
4407 622 1
622 824 1
824 9585 2
1589 7945 14
7444 5797 1
7701 6659 1
6659 6110 1
9016 5224 1
5224 7751 1
7751 6583 1
2121 3250 1
789 4632 1
8591 4789 2
4789 1868 1
1868 9587 1
9587 3787 7
3787 5443 2
5443 1597 1
1597 7053 3
7053 1851 1
1851 1 1
502 8774 6
8774 7053 3
7053 1738 2
1738 213 2
213 1455 1
1455 9772 1
951 4788 3
4788 3463 1
3463 5580 1
5580 9787 1
9787 3855 2
3855 9585 16
4090 371 4
371 2819 2
2819 9530 4
9530 9489 5
9489 4788 2
4788 8082 5
8082 7603 1
8683 3679 4
494 1141 1
1141 8873 2
4788 2988 2
2988 2686 1
2056 1171 1
1171 3787 1
3787 868 3
868 5224 1
5224 5442 1
5442 5171 1
5171 1757 1
1757 2576 1
3911 7603 1
7603 3787 2
7666 6145 1
986 9787 3
9787 5910 15
5910 4090 13
4090 562 5
562 4788 1
4090 8959 1
8959 3429 4
3429 3190 1
3190 2403 2
2403 3981 1
8741 4788 11
4788 8139 1
8139 494 2
5171 8767 1
8767 4788 1
4788 8385 2
8385 391 1
391 7140 1
7140 7498 3
2576 4415 6
4415 6595 1
6595 1720 1
1720 4731 1
4731 3216 1
3216 8031 1
8031 4831 1
4831 3787 2
3787 4700 3
4700 2576 6
2576 8031 7
8031 6575 2
6575 8385 1
8385 8626 1
4073 4719 1
4719 8582 1
8582 1909 1
1909 9585 1
9585 1360 2
1360 8873 5
5910 7910 1
7910 4321 1
3683 9167 2
9167 9773 1
9773 918 2
918 5596 1
3074 8069 1
8069 4188 1
4188 1734 1
7701 4575 1
4575 9787 12
2121 8040 1
8040 4090 1
4090 9189 12
9189 1577 1
1577 5571 1
5571 7635 1
7635 4090 2
2552 7842 5
7842 2691 3
2691 968 2
9787 8215 4
8215 3011 1
3011 9009 1
9009 884 1
884 2406 1
9787 6862 5
6862 9772 1
9772 883 1
883 3683 1
7444 3154 1
3154 7540 3
7540 1719 3
1719 7338 1
7338 691 2
691 6949 1
6949 2819 2
2819 269 3
269 5497 1
621 345 2
2576 3200 9
3200 9585 2
4788 2031 1
2031 2543 1
2543 4788 3
4788 9593 2
9593 2819 2
2819 4790 18
4790 4470 1
4470 854 1
4788 4415 4
2576 944 1
944 4788 1
3787 8621 1
8621 4940 2
4940 9772 16
9772 2691 4
2691 4788 6
4788 5010 1
5010 8582 1
8582 5135 1
5135 6951 2
6951 2768 1
2768 8380 1
1719 884 1
884 4788 1
453 4701 1
2595 2543 1
2543 9061 3
9061 4788 3
502 9731 1
9731 4407 2
621 8318 3
8318 4090 1
3727 8926 1
8926 4373 1
4701 2543 2
2543 5170 1
5170 9585 3
9585 2543 2
8702 3583 1
3583 549 1
549 4788 2
4788 994 3
994 2576 5
6583 136 2
345 3200 1
3200 502 4
1037 1442 6
1442 8042 1
8042 4789 1
4789 6931 1
6931 4789 1
4789 2031 1
2031 9787 1
502 2449 2
2449 4389 1
2024 9787 2
4090 7948 10
7948 695 4
8873 9517 3
8582 1719 1
1719 2765 1
2765 1197 1
1197 993 1
4714 5001 1
5001 9238 1
9238 2576 3
2576 8860 3
1981 5497 1
5497 512 1
512 3787 1
3787 2517 11
2517 1 2
1 1001 1
8626 4076 1
4076 7540 2
7540 2672 1
2672 491 1
491 2917 1
2917 7540 1
7540 368 1
368 3787 1
3787 368 1
368 5497 1
5497 5864 2
5864 267 1
267 601 1
601 3216 1
3216 5074 1
5074 2576 1
2576 5114 2
5114 4940 3
4940 9508 1
9508 7498 1
7498 6676 1
6676 883 1
883 2576 2
3200 453 1
453 502 3
502 4788 20
4788 9012 11
9012 1056 1
1056 3017 1
3017 9623 1
9623 3501 1
3501 4714 2
4788 9238 1
3327 4210 1
968 8069 2
8069 7990 7
7990 6756 1
6756 3391 1
3391 6181 1
6181 8385 1
8385 3911 1
3911 4788 5
8082 9102 1
9102 2576 1
2576 2433 1
2433 2595 1
1839 1738 4
1738 9787 12
9787 2178 1
2178 8066 1
8066 2576 1
2576 855 1
855 301 1
301 3154 2
3154 4773 1
4773 8674 2
8674 2812 2
9787 2024 10
2024 371 10
371 8415 2
8415 5224 1
5224 3327 1
7990 502 2
502 8948 3
8948 6146 1
6146 4788 1
453 5180 1
5180 7896 1
7896 6597 1
6597 3787 2
3787 3412 2
3412 7832 1
1408 3798 2
3798 4076 1
6618 2576 1
2576 6181 1
6181 6733 1
6733 9772 1
9772 7976 1
7976 8717 1
8717 4790 1
4790 2592 2
2592 2121 4
9417 9097 1
9097 4790 1
4790 9012 1
9012 2501 2
2501 4790 1
9787 1882 1
1882 7498 3
7498 6931 4
6931 4790 1
4790 556 2
556 8582 3
8582 9407 1
9407 6982 1
6982 9787 1
9787 1062 31
1062 4448 1
4448 4909 1
4909 9787 6
9787 147 1
147 2024 1
2024 5781 1
5781 4788 1
4788 5881 1
5881 3787 1
9550 9140 1
9140 3017 1
3017 5085 1
5085 4788 2
4788 1960 2
5828 2157 1
2157 502 1
502 4700 3
2576 9043 1
9043 5596 1
8371 2595 1
2595 8177 1
8177 1860 2
1860 9140 1
9140 2576 1
2576 3706 1
3706 4909 1
4909 4788 5
502 2086 10
2086 1 3
6583 2036 1
2036 5449 1
5449 5224 1
5224 9063 1
9063 7540 1
4700 4407 1
986 7956 1
7956 2819 6
4788 1031 2
1031 5497 1
5497 6935 9
6935 4210 5
968 4788 10
4788 1131 1
1131 4714 1
4714 2664 1
2664 8371 1
8371 994 1
994 3787 6
4415 7651 1
7651 4896 1
4896 3216 7
3216 2576 6
2576 549 2
549 8518 1
8518 7540 1
8371 4419 1
4419 4257 1
4257 442 1
442 3787 5
4788 1424 1
1424 2121 2
345 3890 1
3890 9787 5
9787 38 1
38 7976 1
7976 2576 3
2576 8921 4
2018 2378 1
2378 9787 1
8678 9787 17
4790 371 3
371 4090 8
4090 6519 13
6519 9787 4
9787 3689 1
3689 5001 1
5001 4463 2
4463 6267 2
6267 8921 1
8921 4788 1
9787 1333 3
1333 4407 2
4788 9429 1
9429 7224 1
7224 7985 1
7985 4632 1
6711 2576 1
1719 7539 1
2576 6795 2
6795 6756 1
6756 1424 1
9787 5555 1
5555 9587 1
9587 8928 1
8928 4940 2
4940 5224 2
5224 2576 8
2576 6859 2
6859 5596 1
5596 4788 3
4788 1261 1
1261 7498 1
7498 9787 7
9611 494 5
4090 6016 4
4788 9257 1
9257 9787 2
2121 9672 5
9672 2576 3
9012 1941 1
9585 4030 1
4030 3683 1
3683 3074 1
3074 4407 2
4407 2802 9
2802 8527 6
8527 9787 3
8969 7540 1
7540 491 5
491 3691 1
3691 1222 1
1222 2595 3
2595 3272 1
3272 2576 3
4575 8214 1
8214 4940 1
4940 2316 1
2316 9012 1
9012 4419 1
4419 5001 1
5001 993 1
993 9201 1
9201 7755 1
7755 3787 4
5864 6615 1
6615 8231 1
8231 2802 1
2802 1605 7
1605 2576 14
9585 4994 1
4994 7540 1
3642 1 2
6186 9006 1
9787 2378 1
2378 5911 1
5911 5596 1
5596 7701 1
7701 4419 2
4419 4788 2
4788 1740 6
9585 9610 1
9610 6131 1
6131 1567 1
1567 5663 1
5663 3496 1
3496 2576 1
8683 9006 2
9006 7276 1
7276 7540 3
9787 6096 1
6096 4788 1
1651 9187 1
9187 9787 1
689 8683 1
8683 8440 1
8440 7540 2
7540 6743 1
6743 7772 1
7772 4921 1
4921 990 1
990 3787 2
4788 9587 2
9587 4090 9
1648 3390 1
3390 9716 1
9716 2576 5
2576 8042 2
7540 8347 3
8347 7497 2
7497 6039 1
6039 502 1
502 8343 1
8343 9705 1
9705 9787 1
9585 7497 1
7497 2387 1
2387 1 1
2430 783 1
783 9705 1
9705 3787 1
3600 5911 1
5911 7497 2
7497 3787 2
3787 401 2
401 7540 2
7540 7393 1
7393 4071 1
4071 502 1
502 5224 2
9163 2121 1
2121 401 1
401 1118 1
1118 3011 1
4788 6862 3
2576 674 4
674 3787 2
442 968 1
968 8864 1
8864 1734 1
1738 4120 2
4120 3555 1
3555 9751 1
9751 8847 1
8847 3505 4
3505 6862 1
6862 9585 1
8847 8591 4
8591 1648 4
1648 9787 3
9787 7252 1
7252 1360 2
2576 4896 4
3216 8320 1
8320 9286 1
9286 7701 6
7701 1326 1
9787 2691 1
2691 4069 9
4069 4737 1
9585 8123 2
8123 1575 1
9012 682 3
682 2576 3
9787 6092 3
6092 1237 1
1237 5224 1
5224 5170 1
5170 9593 1
8082 2506 1
2506 8400 1
8400 3859 1
1375 8958 1
8958 9585 1
8847 1648 1
1648 7540 1
7540 7497 6
7497 8268 1
8268 4788 8
9787 8143 6
9585 5001 4
8136 4090 3
3503 6373 1
6373 4463 4
4463 8064 2
7666 6749 2
6749 9787 2
4962 3248 1
3248 3418 1
3418 2802 1
1605 8576 2
8576 9787 4
3787 1033 9
1033 7945 50
7945 8042 1
7497 9587 1
9587 494 2
494 9520 1
9520 4568 1
4568 5137 1
4090 7072 6
7072 9787 8
9787 6696 3
6696 1062 1
1062 451 1
451 4407 1
3727 1062 11
1062 7342 1
7342 4445 1
3293 4364 1
4364 8834 1
8834 7333 1
7333 8521 1
8521 3787 2
7388 2576 21
6126 4336 1
4336 3358 7
3358 3787 1
3787 8999 3
8999 7516 1
7516 2802 1
2802 2175 5
2175 9787 2
9787 8685 14
8685 7715 1
7715 594 1
594 4788 1
4788 5070 1
5070 1605 1
9787 6724 2
6724 9700 1
9700 2595 1
345 3973 1
3973 2802 17
2802 218 30
218 7388 11
8658 5743 2
5743 2802 7
218 9787 10
9787 2292 11
7388 5494 1
5494 421 1
421 9459 1
9459 1667 1
1667 1203 2
3105 3276 1
3276 1906 1
1906 3103 2
3103 2576 1
8741 5687 14
5687 1033 1
1033 1036 1
1036 9772 1
9772 7640 3
7640 9585 4
9585 782 2
782 6452 1
6452 2018 1
494 8637 6
1443 8678 2
8678 155 6
8136 3727 1
482 2370 1
2370 9414 1
9414 1660 2
1660 2801 1
2801 5905 1
5905 494 1
977 8529 1
8529 968 1
968 2819 9
8702 782 1
782 5679 1
5679 7388 1
7388 2809 1
7053 4331 1
4331 7540 3
7701 3523 1
3523 421 1
421 4524 1
4524 5481 1
5481 8185 1
8185 2469 1
2469 2595 1
2595 1986 2
1986 421 1
421 7674 2
7674 748 2
748 8576 1
9585 8369 5
8369 4790 1
4790 8702 3
8702 3394 1
3394 2576 1
2576 6741 1
6741 3787 1
3787 3345 1
3345 1612 2
3787 3346 1
3346 9787 1
9787 2592 9
547 218 14
218 7898 1
7898 4701 1
4701 1360 1
1360 2121 1
2121 5224 1
5224 1 1
1919 2121 1
9585 5494 3
5494 3639 8
3639 9787 3
7388 3011 1
3011 549 7
549 2292 1
9585 6443 1
6443 9621 1
9621 572 1
572 9621 1
9621 1730 1
1730 7552 1
7552 502 3
4788 5494 5
5494 6954 2
6954 5497 2
8658 7841 1
7841 5497 3
5497 782 2
782 2819 4
2819 9234 1
9234 9787 1
4090 7108 1
7108 442 1
782 1408 1
1408 762 1
762 2819 1
2819 3479 1
3479 2576 1
6133 6026 2
6026 2802 3
2802 9621 1
9621 6514 1
6514 4727 1
9585 3247 6
3247 3327 1
3327 8591 7
8591 3787 14
3787 1659 9
1659 9773 1
9773 9721 1
9721 4310 1
4310 6750 1
6750 502 1
4086 3600 4
3600 9587 1
9587 4722 2
4722 9517 1
9517 483 1
483 6026 1
3402 3154 2
3154 2812 2
2812 8069 1
8069 6984 3
6984 2576 1
8050 2121 1
2121 4789 11
4789 9258 1
9258 2819 1
549 9401 1
9401 4789 1
4789 1014 1
1014 2576 3
2576 7178 1
7178 1517 1
1517 9421 1
9421 3787 1
4714 9621 1
9621 1640 1
1640 8160 1
8160 5028 1
5028 7540 1
7540 6633 2
6633 2576 6
2576 9113 2
9113 762 1
8658 9787 6
681 502 1
9773 9621 1
9621 2576 4
4960 4788 2
4788 2802 13
218 4445 1
4445 1941 1
1941 8743 1
8743 4574 1
4574 3683 1
8321 4788 1
4788 1210 1
1210 2121 1
2121 9621 1
9621 3807 1
3807 1820 1
1820 1683 1
1683 5707 1
5707 2802 3
8879 4714 2
5224 4336 1
4336 5497 1
8171 6275 1
6275 3011 1
9787 6671 2
6671 502 1
502 3495 6
3495 1366 1
1366 481 1
481 8069 2
8069 2262 2
2262 4940 1
4940 683 2
683 1560 1
1560 3410 2
3410 8873 1
9787 3572 2
3572 8069 1
8069 2709 5
2709 3767 2
7407 8841 1
8841 8270 1
8270 9773 2
9773 3402 3
2576 916 4
916 4789 2
4789 1734 3
1734 7666 3
7666 5500 1
5500 750 1
9587 347 1
347 5497 1
5497 3342 3
3342 9787 2
9787 8278 7
3638 3787 9
3787 7024 1
2576 7269 6
7269 1328 1
1328 3289 1
3289 9772 1
9787 1427 1
1427 8245 2
8245 2576 3
2576 8988 1
8988 9520 1
9520 8410 1
8410 351 1
2552 502 4
2843 1583 1
1583 5407 1
5407 9787 2
5171 340 1
340 4940 2
4940 4086 2
4086 6633 2
2812 453 9
453 7958 1
7958 9628 1
9628 3683 1
9189 8270 1
8270 3402 2
3402 1 7
2430 4921 1
4921 1073 1
1073 2576 1
2576 1086 1
1086 2637 1
2637 3278 2
3278 5451 1
5451 2577 2
2577 8926 1
8926 5224 1
5224 1774 1
1774 1581 4
1581 4940 3
8790 4788 1
7053 9455 1
9455 2595 1
2595 7497 2
7497 502 3
502 6964 1
6964 502 1
7903 2430 3
2430 3550 3
3550 7106 2
7106 1240 2
1240 5170 1
5001 4402 1
2292 3011 1
4788 5695 2
9787 9160 2
9160 8320 1
8320 1062 1
1062 8605 2
8605 1837 1
1837 8999 2
8999 4788 1
4788 3496 1
3496 5516 1
5516 9787 1
2121 3557 1
3557 4407 1
9787 7300 12
9585 9119 1
9119 502 3
2691 2208 2
2208 9787 1
556 2576 5
8741 3727 2
3727 8925 1
8925 9585 1
621 6814 1
6814 1 1
6189 3683 2
3683 4635 3
4635 6377 1
6377 7313 1
7313 7540 1
7540 4788 20
4788 8392 6
8392 3761 3
3761 2640 1
2640 7023 1
7023 384 2
384 7513 1
1831 6110 1
6110 2175 6
2175 3761 2
3761 3356 1
3356 6131 1
6131 8576 1
2819 4464 2
4464 6092 1
6092 9201 2
9201 4407 1
9787 750 3
9587 8216 1
8216 4076 1
4076 1941 1
2819 494 11
482 9415 1
9415 2018 2
482 8969 1
8969 8973 1
8973 2828 1
2828 4575 1
4575 5224 1
545 4940 1
4940 7459 1
7459 9772 1
1427 595 1
595 9520 1
9520 6961 1
6961 4940 1
4790 9420 1
1577 3787 2
3787 6254 2
6254 7320 1
7320 2802 1
2056 3497 1
3727 7949 5
7949 2819 1
2819 9415 3
9415 4373 1
4373 6961 1
6961 1 2
986 9585 1
1761 7210 1
7210 502 3
8658 4210 3
6496 4402 2
6995 5224 1
5172 8279 1
8279 4317 2
4317 3622 1
3622 4451 3
4451 1016 1
1016 2747 1
2747 4234 1
4234 788 1
788 2576 1
7799 2018 5
3247 674 2
674 502 1
1919 7053 2
7053 435 1
435 4752 2
4752 345 1
345 7072 1
4289 7956 1
8847 4788 6
6662 3807 1
3807 7540 2
7540 4155 1
4155 9110 1
9110 7900 1
4788 6636 2
6636 7999 1
7999 2056 1
7903 7053 4
7053 7072 1
4289 2430 1
2430 5001 1
5001 8031 1
8031 9069 1
9069 2576 1
2576 2403 3
2403 4407 2
7918 5597 1
5597 3358 1
3358 9787 17
8741 3767 1
3767 3154 3
9787 4165 1
4165 9787 1
9787 8104 6
8104 8637 1
8637 825 1
825 9213 1
9213 8576 2
9585 4392 6
1408 9787 6
9787 7211 2
7211 4752 1
4752 5870 4
5870 3761 1
7540 5001 2
5001 1128 1
1128 4840 2
4840 2595 2
2576 3973 8
3973 547 1
218 782 1
782 502 9
7388 490 1
490 6452 1
6452 2576 1
2576 4331 2
7701 3666 1
3666 3345 1
3345 3530 3
3530 3562 1
3562 6928 10
6928 502 1
502 3787 2
3787 9715 3
9715 8392 1
8392 3975 1
3975 4598 1
4598 420 1
420 5481 5
5481 2595 2
2595 1636 1
1636 7674 1
7674 1918 1
1918 7540 25
7540 1918 24
1918 421 1
421 3761 1
3761 6983 5
6983 2121 4
3787 5225 1
5225 3402 1
3402 6475 1
6475 4788 1
218 1 3
2430 6004 1
6004 1919 1
3600 5224 1
5224 4463 1
4463 2054 3
2054 482 1
2024 1662 1
1662 2576 1
2576 6049 2
6049 482 1
482 3930 1
3930 386 1
386 421 1
421 4407 1
4407 8582 1
4575 1639 7
1639 494 1
502 733 1
733 3683 1
7444 1734 1
494 1868 7
1868 2576 1
2576 1636 1
1636 421 1
421 3787 2
4701 7053 2
4788 1818 5
494 4226 1
4226 5494 1
5494 502 1
1443 2576 15
6745 4790 2
8591 6275 1
6275 4788 3
4788 2341 1
2341 9787 1
2304 7755 1
7755 502 7
7666 3402 6
2576 5076 3
5076 6558 1
6558 8576 3
502 5902 4
5902 9554 1
9554 6030 1
6030 618 1
618 2121 1
3787 460 4
460 5481 1
5481 9787 12
4788 3823 2
3358 594 1
594 1738 2
1738 7903 1
9250 2576 2
2576 4552 5
4552 9587 1
4788 5145 1
5145 3787 1
3787 6549 2
6549 7320 2
7320 1252 1
1252 8270 1
8270 9787 1
9787 5419 1
5419 2576 1
6583 1841 1
1841 2256 1
2256 6252 1
6252 4954 1
345 6384 2
9520 5224 1
5224 9189 1
9189 5310 1
5310 9530 1
9530 7388 13
7388 9787 9
9787 1148 1
1148 9012 1
9012 2595 8
2595 6748 1
6748 9787 1
9787 1975 1
1975 4788 1
4788 5481 2
5481 700 1
700 2024 1
2024 538 1
538 3787 1
3787 782 10
502 691 11
691 3495 1
3495 1999 1
1999 2295 1
2295 7021 1
7021 689 1
689 3620 2
3620 7540 29
7540 3492 2
3749 9787 1
5049 4788 4
2802 480 4
480 1326 1
1326 8270 4
8270 494 2
9787 9621 1
9621 7107 1
7107 624 2
624 2576 4
2576 3410 1
3410 9787 2
9787 9077 3
9077 4788 4
4788 8824 4
8824 2430 1
9787 6161 4
6161 8582 2
7540 4763 1
4763 630 1
630 2576 1
2576 3250 1
789 2144 1
2144 621 1
621 2695 1
2695 8873 12
5224 2332 1
2332 3158 1
3158 2576 1
2576 7582 1
7582 6075 1
6075 6977 1
6977 2576 1
2576 3530 1
3530 1734 2
1734 7005 1
7005 3209 1
9787 6660 1
6660 554 1
554 2576 2
2576 9320 1
9320 2082 2
2082 3648 1
3648 2576 1
2576 9538 1
9538 8334 1
8334 7666 1
7666 2581 1
2581 1597 1
1597 4700 1
4700 9594 1
9594 3148 1
3148 3159 1
3159 8999 1
8999 8240 1
8240 2576 1
5687 4701 1
7918 1037 1
9585 2694 5
2694 9464 1
9464 9420 1
4701 9465 1
9465 8582 1
4575 345 1
6984 8719 1
8719 4737 1
5171 5878 3
5878 4407 1
494 2005 1
2005 8719 1
8719 2695 1
494 8270 3
8270 502 2
502 9711 1
9711 1913 2
1913 2576 3
3787 4898 4
4898 1230 1
1230 8142 1
8142 7408 1
7408 4090 2
418 4788 1
502 2247 4
5049 502 2
3402 7497 2
4575 8873 1
502 1818 1
1818 6092 1
6092 6802 1
6802 3670 1
3670 7823 1
7823 6836 1
4954 2576 1
2576 6886 1
6886 7823 1
7823 4788 2
4788 8582 6
8582 3523 1
3523 641 1
641 9787 2
9787 4909 3
4909 4752 1
4788 7914 4
7914 2295 1
2295 7897 1
7897 3859 1
494 7876 1
7876 4790 1
825 9414 1
7694 8841 1
8841 7186 1
7186 5391 1
5391 2576 2
2576 6540 2
6540 4790 3
4790 4805 1
4805 2121 1
9787 1015 1
1015 1170 1
1170 3276 1
3276 421 1
421 4586 1
4586 3787 5
3600 2421 1
2421 5596 2
4788 8777 1
8777 2867 1
2867 8576 1
2819 421 1
421 494 2
494 4234 2
4234 3196 1
3196 2576 1
2914 2517 1
2576 4840 1
4840 5716 1
5716 5392 1
5392 7540 1
7540 7320 1
7320 5924 1
5924 2686 1
1597 80 1
80 9517 1
9585 2595 3
2595 421 3
421 1170 1
1170 3249 1
3249 8113 2
8113 4373 1
9772 6561 1
6561 3209 1
8741 1975 1
1975 4069 1
2212 8347 3
2576 972 1
972 3358 1
3358 3679 1
494 4727 2
4727 9587 1
9587 3247 4
3247 8337 1
8337 4890 1
4890 4789 2
4789 7843 1
7843 8841 1
8841 9787 1
2802 7666 9
7666 9513 1
9513 4445 1
4445 2809 1
7053 4754 1
4754 6997 1
6997 5497 1
8790 1 1
2430 8276 1
8276 7540 2
6633 502 1
2576 6692 2
6692 5497 2
5497 3566 1
3566 3600 1
3600 547 1
218 4090 2
4910 6110 1
4373 2843 2
2843 7897 1
7897 3787 2
9787 6790 1
6790 2024 1
7053 9772 1
9772 6997 1
6997 2576 1
4916 3787 12
218 4745 1
4745 8842 1
8842 664 1
664 7388 1
7388 4090 4
5694 9787 1
689 2595 1
2595 3402 4
3342 7540 2
7540 3937 4
3937 6009 1
6009 2121 1
2121 3020 1
3020 6964 1
6964 3011 1
6016 3825 1
3825 1719 1
1719 6073 1
6073 7650 1
7650 3154 1
3154 8960 1
8960 154 1
154 7540 2
7540 9304 1
9304 502 2
502 6420 1
6420 490 1
490 1728 1
1728 502 1
3600 2413 1
2413 6073 1
6073 9787 1
9787 6573 2
6573 4788 4
345 2453 1
2453 5497 1
5497 1853 9
1853 8719 1
8719 7540 1
5980 9772 2
9772 8719 1
8719 9787 1
9787 1154 1
1154 1605 1
1605 345 1
345 6676 1
6676 242 1
242 4790 1
4790 2595 12
2595 7488 1
7488 2576 1
2576 7245 1
7245 6648 1
6648 6073 1
6073 502 1
345 9611 1
4090 2802 4
2802 7559 5
7559 8371 1
8371 4069 1
4069 8873 3
8873 2212 2
8347 9787 2
9787 3866 1
3866 4788 1
4788 8719 1
8719 1442 1
1442 2576 4
2576 5911 4
5911 4788 4
4788 3884 1
3884 1734 1
8591 9413 1
9413 2778 1
2778 3207 1
3207 9787 2
9787 9134 1
9134 7918 1
7918 3884 1
3884 6189 1
9585 1893 1
1893 5864 1
5864 502 3
4086 345 1
494 1 4
4788 3600 7
3600 2319 1
2319 5483 1
5483 9245 1
9245 2517 1
2517 689 1
689 2430 1
2430 8334 1
8334 3620 2
3620 9787 3
9787 5911 4
5911 8824 2
8824 5243 1
5243 384 1
384 2865 1
2865 613 1
613 2819 1
7053 8381 1
8381 7842 2
3727 9224 3
9224 6722 1
6722 3620 1
3620 4940 1
4940 8741 7
1326 3327 1
3327 6073 1
6073 1738 1
1738 1605 2
2576 5123 1
5123 9530 1
9530 3342 3
3342 1738 1
1738 218 4
2576 8591 6
8591 9243 1
9243 4788 1
3787 1366 2
1366 3600 1
3600 4338 1
4338 494 3
494 2292 3
5497 2517 1
2517 9590 1
8582 6887 1
6887 9787 1
9787 2030 2
2030 9585 2
8110 8576 1
2819 2552 5
4788 4289 7
4289 2233 1
2233 482 1
482 8582 7
8582 6363 1
6363 2576 1
2576 2670 1
2670 482 1
4788 1336 1
1336 2663 1
2663 7666 1
8064 9297 1
9297 3823 1
3358 3247 3
3247 3727 3
3727 8285 1
8285 7540 2
8110 5497 1
9497 502 1
9787 1203 2
7701 2595 3
2595 1408 4
1408 4317 1
4317 859 1
859 8319 1
8319 4770 1
4770 8719 1
8719 6530 1
6530 859 1
859 3207 1
3207 2802 1
4788 4615 1
4615 2576 1
2576 2146 1
2146 8719 1
8719 502 1
502 8947 4
8947 2430 1
2430 5497 2
5497 1745 1
1745 6073 1
6073 4620 1
4620 4788 1
4788 5864 1
5864 7666 2
7666 3272 1
2576 6503 2
6503 2802 6
7666 1532 2
1532 1734 1
3727 5497 2
4363 9119 2
9119 8582 1
9787 4921 2
4921 5049 1
2802 7388 5
7388 3787 2
3787 2668 1
2668 7320 1
7320 4940 5
4940 1826 3
1826 762 1
8658 1 4
2430 441 1
441 502 4
782 8834 1
8834 6519 1
1408 4414 1
4414 333 1
333 3767 3
9787 1162 2
1162 2595 2
3402 3620 1
7540 3749 1
3749 2576 3
2576 5049 2
4788 3880 1
3880 502 4
345 6143 1
6143 3620 2
3620 3787 1
4645 8400 1
8400 9787 1
9787 6848 1
6848 8873 1
1659 1975 1
1975 5419 1
5419 4248 1
4248 2292 4
494 4419 1
708 8576 1
2819 5224 2
5224 6436 1
6436 6484 1
6484 4478 1
4478 2576 2
2576 6193 1
6193 8579 1
8579 5947 1
5947 2731 1
2731 3391 1
3391 7666 1
7666 384 1
384 7829 1
7829 4419 10
4419 2430 1
9787 6887 1
6887 3620 1
3620 9628 1
9628 3787 4
3787 8367 2
8367 5497 1
5497 8749 2
8749 2576 7
7823 3410 1
3410 3787 1
3787 921 2
921 4940 1
1826 2802 4
2802 3567 1
3567 4730 1
4730 3638 1
502 7023 2
7023 9681 1
9681 2654 1
2654 2871 1
2871 1 1
968 1399 1
1399 8577 1
8577 9234 1
9234 2595 1
2595 4730 1
4730 1269 1
1269 7540 1
7540 6897 1
6897 8392 1
8392 7399 1
7399 2686 1
2686 6901 1
6901 3154 2
3154 934 1
934 7197 1
7197 3254 1
3254 4407 1
9715 7388 1
7388 3749 1
3749 6884 1
6884 5950 1
5950 2595 1
2595 1975 3
1975 4578 1
4578 3495 1
3495 1857 1
1857 3154 1
3154 618 2
618 2802 1
2802 4730 1
4730 9787 1
9787 441 3
441 820 1
820 9773 1
9773 1857 1
1857 8744 1
8744 444 1
444 3683 1
5001 502 1
502 3852 12
4788 3898 4
3898 4593 1
4593 2819 1
2819 482 16
482 7946 1
7946 2180 1
2180 6186 1
6186 1975 1
1975 609 1
609 9587 2
9587 3749 1
3749 4090 1
3727 371 1
371 2595 1
4788 1248 1
1248 9787 1
5049 3620 2
3620 2576 2
2576 5419 2
5419 3880 1
7666 9621 8
9621 2802 3
9773 968 2
968 9012 1
9012 8346 3
8346 1 2
502 9621 10
9621 762 1
2576 4915 2
4915 4788 1
5596 2577 1
2577 3818 1
3818 3846 3
3846 782 6
5819 682 1
682 3602 1
3602 1734 1
1734 384 3
384 184 2
184 9787 2
9787 6467 2
6467 9621 2
2802 8343 1
8343 4701 1
2595 2578 1
2578 4234 1
4234 2269 1
2269 2576 1
2576 9069 6
9069 3787 6
1659 9621 2
9621 9587 3
9587 1146 1
1146 8797 1
8797 2576 3
2576 7176 1
7176 5453 1
5453 1584 1
1584 1639 1
1639 9787 1
9787 7328 2
7328 7559 3
7559 7540 6
7701 9585 19
6384 621 12
621 7197 1
7197 5818 1
7897 4909 1
4909 3620 1
7540 2865 1
2865 1738 2
4076 7211 1
7211 3683 2
3683 8805 4
8805 5497 1
5497 8741 13
8741 155 2
8136 1746 1
1746 5497 1
5497 3759 1
3759 1857 1
1857 1738 1
1738 4730 1
4730 2576 1
6583 8841 2
8841 2774 1
2774 6901 1
3154 1253 1
1253 5123 1
5123 502 3
3852 3898 3
3898 7066 1
3154 8894 1
8894 9787 2
2576 4685 1
4685 345 1
345 8879 1
3683 7976 1
7976 4392 1
8337 5147 1
5147 9787 1
7388 7211 1
8805 8685 1
8685 4392 1
8337 1 2
6189 502 1
968 4909 1
5839 4445 1
4445 2576 6
2576 6398 8
6398 9787 4
9787 2555 2
2555 3727 1
3727 9213 1
9213 3787 1
2105 1326 1
9787 8946 3
8946 1695 1
1695 4925 2
4925 494 2
9787 5038 1
5038 6632 1
6632 9787 1
2552 4788 4
2819 7666 3
7666 7023 2
7023 5210 2
5210 2576 1
2576 3209 5
4788 4392 1
4392 4389 2
4090 6103 2
6103 5123 1
3727 5356 1
5356 4439 1
4439 3787 3
3787 3402 12
3402 502 3
2576 2333 1
2333 8591 1
8591 4250 1
4250 1734 7
9787 6319 2
6319 3603 1
3603 1566 1
1566 4925 1
4925 1695 2
1695 7569 1
7569 5744 5
5744 1734 4
9787 3600 1
9201 1 1
6189 6519 1
2802 9131 1
9131 7403 2
7403 4226 2
2056 2403 1
2403 6862 1
6862 9787 3
3641 1285 1
1285 1326 1
1326 2691 11
4069 9787 2
9787 1577 7
1577 4233 1
4233 2767 1
2767 2576 2
9163 502 7
9621 4076 1
4076 8767 1
8767 4674 1
4674 3216 2
3216 4407 2
4407 993 3
993 1009 1
1009 1037 1
9585 8763 2
8763 9587 1
9587 1594 4
1594 7701 5
7701 9816 3
9816 5138 3
5138 502 3
502 5908 2
5908 1651 2
4069 3679 1
494 6861 1
6861 3787 1
3787 4317 4
4317 3638 3
3638 8658 1
8658 7388 4
7388 3602 1
3602 7628 1
7628 8576 1
8576 9811 1
9811 9585 1
482 8189 1
8189 1037 1
1037 421 1
421 265 1
265 7841 1
7841 7917 1
7917 9622 2
9622 8636 1
8636 502 1
502 4317 5
4317 9628 6
9628 4940 4
4940 218 11
218 1032 1
1032 8400 2
8674 5170 1
9012 5171 1
5171 5801 1
5801 548 1
548 502 1
502 7701 6
7701 817 3
817 3679 1
494 9593 5
9593 9772 1
9772 5497 4
5497 2338 1
2338 2809 1
3245 7948 1
7948 485 1
485 502 1
8136 6003 1
9417 9772 3
7799 1 3
4090 4902 12
4902 8765 1
8765 4196 1
4196 8069 1
8069 6291 1
6291 1197 1
1197 1734 1
1734 3683 1
3683 3767 2
3767 2512 1
2512 9413 1
9787 6207 1
6207 9587 1
9587 7275 1
7275 7666 1
7666 9576 1
9576 4407 1
8702 3391 4
3391 8059 1
8059 4973 1
2576 6983 5
6983 502 7
502 6996 9
6996 3011 1
3011 1738 1
9787 1835 1
1835 7104 1
7104 3787 1
782 9716 2
9716 8841 1
8841 6618 1
6618 9787 1
2287 1285 1
1285 7701 4
7701 4788 3
4788 6672 1
6672 9772 1
494 1373 1
1373 7040 1
7040 8439 1
8439 623 1
623 7031 1
7031 502 4
502 9046 1
9046 4788 1
494 7305 3
7305 3391 2
3391 301 3
301 5900 1
5900 8674 1
8674 9444 1
9444 3216 1
3216 1086 1
1086 2664 1
2664 2158 1
2158 2580 1
2580 624 2
624 9787 1
9787 1640 6
1640 8926 2
8926 538 2
538 3402 1
3402 5494 2
5494 9530 1
7388 3975 1
8741 218 1
218 8873 2
4069 7842 1
494 8591 4
8591 9517 2
3727 7134 4
7134 3402 1
3402 6146 1
6146 6443 1
6443 2576 3
3011 3787 3
3787 3074 3
3074 6054 1
6054 7540 5
4789 7764 1
7764 1651 1
1651 621 1
4701 9517 6
9787 7715 17
2056 7407 1
3727 5224 1
5224 9420 1
4090 7331 5
8576 7223 2
7223 3402 1
3402 8027 1
8027 4376 1
4376 9787 1
2430 2592 1
218 4789 2
4789 4073 2
4073 4840 2
4840 5679 1
5679 530 2
530 5947 1
5947 8626 2
7559 218 5
218 8658 1
8658 6252 1
6252 4187 2
4187 4789 1
4789 6789 1
6789 8576 1
9585 6907 1
6907 7497 1
482 1883 1
1883 1738 2
1738 9517 1
4789 9138 1
9138 9772 1
494 1640 2
1640 3683 1
2576 2802 8
2056 8069 1
8069 8769 1
8769 9787 1
9787 2248 4
2248 9772 1
2595 8741 6
4788 7031 3
7031 615 8
615 4090 1
4090 8649 6
8649 968 6
3641 265 1
265 4407 1
4407 490 1
490 6026 1
6026 5497 1
8658 1673 2
1673 1037 2
968 502 7
502 5916 1
5916 8636 1
8636 3154 1
3154 4946 1
4946 3838 1
218 6838 1
6838 8582 2
4575 3638 2
3638 1597 4
5902 9787 1
9787 5534 1
5534 2802 1
2802 7747 2
7747 7388 9
2576 5064 1
5064 4940 1
218 6445 3
3787 9553 3
9553 3638 10
3638 2686 2
2686 4317 1
4317 371 1
371 8576 1
9585 6520 4
6520 993 1
993 6763 1
6763 3639 1
3639 6633 2
6633 5239 1
5239 5354 1
5354 2018 1
9787 5494 3
5494 528 1
528 218 1
218 8678 3
5769 8926 1
8926 7540 2
2576 4748 1
4748 8637 1
8637 2056 7
9787 9059 1
9059 3562 1
1667 3154 2
3154 4331 1
4331 762 1
8658 2576 12
9621 6341 1
6341 4788 2
5494 748 1
4790 3485 1
3485 8591 1
9787 4998 1
4998 2576 1
7540 4019 3
4019 3269 2
3269 8797 2
8797 535 1
535 502 3
502 180 1
180 4102 1
4102 7236 1
7236 3859 1
7666 5907 1
5907 4389 1
4389 6384 1
4090 872 2
7701 4102 1
4102 8582 1
8582 4202 1
4202 1366 1
1366 2843 1
2843 4791 1
4791 6375 1
6375 9787 5
8637 3011 2
9787 1375 2
502 9816 1
9816 3450 2
3450 4438 1
4438 3485 1
3485 3787 3
1659 7666 1
9621 2671 1
2671 8577 1
8577 2819 1
2819 1581 2
1581 3679 1
3679 7956 1
7956 3787 2
8582 8670 1
8670 9816 1
9816 4438 1
4438 9787 2
9414 7956 1
7956 7053 1
7053 1392 1
1392 3787 1
3787 6633 6
6633 8873 1
8873 5354 1
5354 2576 1
3727 8069 1
9795 7134 1
7134 2809 2
2809 7918 2
7918 3248 2
3248 2595 2
2595 5386 1
5386 847 1
847 2292 1
8637 968 1
968 338 2
338 2802 4
2802 1806 1
1806 1659 1
2576 3127 2
3127 4438 1
4438 1 4
1 8681 1
8681 2292 1
2292 4788 3
9585 4456 1
4456 4438 1
4438 2812 1
2812 4788 2
4788 4902 1
4902 3127 1
3127 4464 1
4464 4790 12
4790 8683 3
8683 7309 1
7309 9723 1
9723 5565 1
5565 2024 2
7053 7666 1
7666 4927 1
4927 3154 1
3154 4840 1
4840 1121 1
1121 7979 1
7979 2430 1
2430 4464 3
4464 5294 1
5294 7072 1
7072 8774 1
8774 9587 1
9587 5497 1
5497 8660 1
8660 4788 1
4788 8741 3
2056 7559 1
7559 9721 1
9721 4407 2
8702 2121 1
2121 896 1
896 2576 1
6041 4909 1
5839 5282 1
5282 2595 1
2595 5294 1
5294 4632 1
9585 5805 1
5805 7540 1
9772 3232 1
3232 7922 1
7922 7666 1
7666 8331 1
8331 2068 1
2068 3154 4
3154 4791 2
4791 3807 1
3807 5171 1
5998 9420 1
7559 7948 1
7948 1394 1
1394 2024 1
371 9388 1
9388 2576 1
2576 7782 1
7782 7918 1
3248 2292 1
8637 4752 1
4752 8777 1
8777 9489 5
9489 4438 2
4438 2576 6
9585 596 1
596 7291 1
7291 4090 1
5800 9520 1
9520 9530 1
9530 4153 2
4153 1414 1
1414 6141 1
6141 5272 4
5272 4940 1
9787 8964 1
8964 2576 1
9787 5371 4
5371 9012 1
9012 7132 1
7132 4992 1
4992 7918 1
7918 4407 5
4407 1037 12
1037 2024 7
2024 7956 1
7956 4372 1
4372 1554 1
1554 7095 1
7095 6422 1
6422 5497 1
5497 968 8
968 7979 1
7979 9787 1
8278 8683 1
8683 9012 1
9012 3941 1
3941 4376 1
4376 5354 1
5354 9163 1
9621 9787 4
8926 1695 1
4925 502 2
5902 3638 1
3638 762 3
8658 4925 1
4925 9773 1
9773 6062 1
6062 1230 1
1230 1667 1
1667 8400 3
8400 2819 2
7053 6101 3
6101 7388 3
7388 502 9
691 8867 1
8867 8241 1
8241 1514 1
1514 3970 1
7701 386 3
386 5241 4
5241 7540 2
7540 4183 1
4183 9324 1
9324 5044 1
5044 4069 2
4069 5300 1
5300 4925 1
4925 8069 1
8069 4090 3
494 702 1
702 782 1
782 6454 1
6454 9012 1
9012 4035 1
4035 7781 1
7781 9585 3
8069 2263 1
2263 9773 1
9773 5044 1
5044 8658 1
8658 993 1
993 6573 1
8824 9621 1
9621 3683 2
3683 6819 1
6819 3639 2
3639 5306 1
5306 9497 1
9497 4925 2
4925 7540 4
491 3097 1
3097 6982 1
6982 991 1
991 1 1
2430 6015 1
502 2642 3
2642 1326 1
1326 782 2
453 8082 1
4090 1607 1
1607 9787 1
2802 4925 6
8392 3154 1
3154 4584 1
4584 2802 3
2802 2688 5
2576 3972 3
3972 7666 3
502 9415 1
9415 2608 1
2608 9787 1
9787 1366 1
936 9787 1
6520 1734 2
9772 7107 1
624 3818 1
3846 4789 3
4789 2578 1
2578 3011 1
6467 7666 2
9621 502 1
502 1365 5
1365 9773 1
9773 480 3
480 4392 1
4392 155 1
4788 8925 1
8925 7540 1
7540 7388 3
7388 5684 2
5684 3787 4
3787 219 2
219 3228 3
3228 4925 1
4925 9787 11
9787 1746 3
1738 5306 1
5306 4788 1
4788 3765 1
3765 2576 1
3787 421 5
421 1074 1
1074 8591 1
218 6583 1
6583 1375 1
3787 577 1
577 7388 1
7388 8931 1
8931 7540 1
7701 3674 1
3674 421 1
421 2576 7
2576 1667 3
3105 5123 1
9787 5337 1
5337 7666 1
7666 683 1
683 3787 1
3787 1443 1
1443 4069 1
4069 3787 11
3787 7320 2
7320 8777 1
8777 3638 7
3638 8576 1
494 9794 1
9794 583 1
583 7134 1
7134 8777 1
9555 3593 1
3593 8591 1
8591 4679 2
4679 9598 1
9598 1516 1
1516 420 3
5481 7540 3
7540 793 1
793 3787 1
3787 7747 8
7747 4788 1
4788 9324 1
9324 4069 1
4069 6445 4
6445 502 9
502 3628 2
3628 4940 1
9787 530 1
2576 490 1
490 8276 1
8276 2802 1
9787 7898 2
7898 2121 6
2121 4788 8
4788 6444 1
6444 2576 1
6252 6054 1
4235 7106 1
7106 3058 1
3058 7031 1
615 3787 2
3787 3112 1
3112 5554 1
5554 1408 1
1408 741 1
741 3058 1
3058 7957 1
7957 8576 1
8576 9795 1
9795 2819 1
2819 2018 27
482 9401 1
9401 5481 1
5481 8400 1
820 9787 4
3787 4102 6
4102 6277 1
6277 9012 1
9012 9021 1
9021 7750 1
7750 5918 1
5918 6327 1
6327 7292 1
7292 1 1
502 1368 6
1368 3342 2
7269 8591 2
8591 672 1
672 5300 1
5300 2175 2
2175 3011 1
6862 8123 1
8123 8400 1
8400 8576 1
8576 1231 1
1231 9585 1
8136 2592 1
2592 1635 1
1635 9489 1
9489 3485 1
3787 8749 4
8749 502 1
502 6912 1
6912 8636 1
8636 9787 1
4463 7160 2
7160 6335 1
6335 9593 1
1776 2576 3
8245 7823 1
7823 4701 1
4701 2686 7
1597 6854 1
6854 1889 1
1889 1738 6
9787 8122 1
8122 3452 2
3452 4407 1
4407 876 1
876 1230 1
1230 2576 1
2576 7078 1
7078 1667 1
1667 439 1
439 4940 1
4940 7701 4
7701 1560 1
1560 8636 1
8636 3600 1
3600 3391 1
3391 700 1
700 3495 1
3495 7632 2
7632 7021 1
7021 8591 1
8591 1326 9
1326 7626 1
7626 6827 1
6827 7823 1
7823 3369 2
3369 9773 1
9773 7632 1
7632 3600 1
3600 7896 1
7896 3054 1
3054 4940 1
4940 3482 1
3482 626 3
626 5243 1
5243 209 1
209 7777 1
7777 3787 1
3787 8170 2
8170 627 1
627 6583 1
6583 2162 1
2162 9787 1
9787 3426 1
3426 7569 1
7569 1923 1
1923 4575 1
9787 5152 2
5152 9592 1
9592 6685 2
6685 3340 1
3340 8576 1
9585 4190 1
4190 1014 1
2576 1469 1
1469 2175 1
2175 6186 2
4840 494 2
494 672 1
672 3011 1
9787 7956 6
7956 1373 1
1373 2496 1
2496 466 1
466 1329 1
1329 538 1
538 530 1
2576 6597 1
3412 8337 1
6618 502 2
502 7858 3
7858 968 3
968 2496 1
2496 9773 1
9773 5566 1
5566 9787 1
9787 994 2
994 5608 1
5608 2802 2
2802 4701 4
2595 6727 1
6727 2576 1
2576 8271 3
8271 502 3
502 3278 8
3278 8926 1
8926 7823 1
502 3369 2
3369 1560 1
1560 2985 1
2985 1971 1
1971 7319 1
7319 3787 1
782 6445 1
3787 9152 1
9152 5354 1
5354 8834 1
2576 5238 1
5238 5350 1
5350 9517 1
9517 2576 15
2576 8276 2
8276 762 2
9787 8288 3
8288 6003 1
6003 502 2
1651 502 26
3550 8031 1
8031 7106 1
1240 2576 6
7540 395 1
395 5238 1
5238 1204 1
1204 2985 1
2985 213 1
213 1971 1
1971 9772 1
9772 8419 1
8419 2595 2
2595 7002 3
7002 3846 1
782 1734 2
9587 3683 2
8805 5684 1
3787 5537 3
5537 9787 1
9787 7781 2
7781 6735 3
6735 4407 2
494 2121 1
2121 2083 1
2083 4678 1
4678 8576 1
2819 9585 5
1761 4788 2
482 2292 2
2292 7540 1
7540 5238 1
5238 6275 1
9787 7773 5
3278 3466 1
3466 7001 1
7001 1971 1
1971 2576 1
2576 6618 3
6618 2802 7
2802 1526 1
1526 1240 1
1240 7388 1
7388 494 3
8834 9681 1
9681 7540 1
7540 3638 3
3638 4789 1
4789 6374 1
6374 7701 12
502 3351 3
3351 968 2
968 6685 1
6685 2565 1
2565 1 1
4090 6931 3
6931 3466 1
3466 5154 1
5154 2121 1
8064 4914 1
4914 2018 1
482 8702 7
8702 5596 1
7498 2695 1
2695 9589 1
9589 8542 4
8542 9787 1
1009 8683 1
8683 8514 1
8514 8873 1
3761 4650 1
4650 5590 1
5590 1670 1
1670 8313 1
8313 7540 2
7540 7485 2
7485 502 1
9459 9372 1
9372 2576 7
2576 8275 1
8275 4790 1
4790 6593 1
6593 6954 1
6954 2802 12
2802 3591 1
3591 2576 2
4916 3846 1
3846 2436 1
2436 8621 1
9787 7408 8
7408 6275 1
6275 1375 1
1375 502 3
2018 2292 2
2292 5497 1
8171 2844 1
2844 2595 1
2595 9372 1
9372 4226 1
4226 4788 1
2640 2552 1
9585 8658 3
8658 6915 1
6915 337 1
337 2688 1
218 4925 3
9787 5287 2
5287 8824 1
8824 2576 6
4090 6520 10
6520 7174 1
7174 384 1
384 1611 1
1611 463 1
463 5494 1
4789 9611 1
4090 2640 1
2640 1732 1
1732 5213 1
5213 4407 1
8100 6107 1
6107 2576 1
2576 4789 13
4789 6840 1
6840 3639 7
2325 5804 1
5804 2819 1
1326 8658 4
5743 621 1
621 339 1
339 2802 3
218 9772 1
9414 2607 3
2607 993 1
993 6593 1
6593 1919 1
1919 384 1
384 463 1
463 2576 2
4090 1594 6
1594 3540 1
3540 311 1
311 1252 1
1252 4789 1
4789 2595 6
2576 1162 1
1162 729 1
502 463 1
463 1670 1
1670 3055 1
3055 1074 1
1074 8313 1
7485 2576 1
2056 6583 5
6583 9122 1
9122 463 1
463 8576 1
9787 3391 2
3391 2121 2
2121 9261 2
9261 8776 1
8776 9772 1
494 3787 22
3787 8401 4
8401 213 1
213 9372 1
9372 6482 1
6482 502 1
502 464 1
464 2595 1
2595 9414 2
9414 8167 1
8167 3223 1
3223 3749 1
2576 9137 1
9137 2731 1
2731 3599 1
3599 4086 1
4086 2552 1
2552 1 4
4090 1930 1
1930 2120 1
2120 3341 1
3341 2595 1
2595 3492 2
3749 2843 1
2843 9236 1
9236 7666 1
7666 1412 1
1412 6873 1
6873 1072 1
1072 7701 3
7701 8988 2
8988 3597 6
3597 502 1
9496 3279 2
3279 9787 1
6583 2271 1
2271 463 1
2576 3796 2
3796 2121 6
2121 5238 1
5238 9787 2
7701 2819 10
371 1776 1
1776 7666 1
7666 9271 5
9271 6436 2
3572 3767 2
3154 6776 1
622 7782 1
7782 940 1
940 9787 2
9787 6372 1
6372 8069 1
8069 9815 3
9815 2819 2
2819 545 1
545 5252 1
5252 2686 1
2056 325 1
325 9517 1
9517 3690 1
3690 4463 2
9587 9773 1
9773 9372 1
9372 9787 1
7210 4090 1
4090 5665 7
5665 8136 4
8136 9585 5
502 3687 1
3687 494 1
6791 9787 2
7407 951 1
4789 485 1
485 9182 1
9182 3391 1
3391 502 11
8741 7945 3
7945 3011 4
3011 2792 1
2792 4940 1
4940 9517 1
9517 970 1
970 545 1
545 2686 1
2686 5252 1
5252 8582 1
2056 8159 1
8159 2819 2
8369 3690 1
3690 8626 1
8626 371 8
371 9585 7
482 9396 1
4463 1176 1
1176 9507 1
9507 1761 1
1761 2686 1
2686 325 1
325 2268 1
2268 8797 2
8797 9787 1
6756 7540 1
7540 3471 4
3471 7898 1
2121 5812 2
5812 6778 1
6778 3787 1
7388 5238 1
5238 5494 1
5494 5497 11
4090 9149 2
9149 7945 1
7945 6126 1
6126 3245 2
2691 3787 2
4235 2022 1
2022 5238 1
5238 1818 1
494 5695 1
5695 6252 2
6252 942 2
942 2802 4
7559 3600 3
3600 3252 1
3252 5494 1
5494 9372 1
9372 3011 1
3011 5238 1
5238 6447 1
6447 1868 1
1868 340 1
340 2802 6
9787 2186 1
2186 8797 1
8797 6698 1
6698 5882 1
5882 2802 1
1326 2320 1
2320 5300 1
8626 3398 1
3398 9372 1
2576 2275 1
2275 2121 1
2121 421 1
3787 3495 6
3495 6728 2
6728 820 1
820 7559 2
218 421 1
7540 7082 2
7082 7823 1
7823 3154 2
3727 8987 1
8987 3796 1
3796 5238 1
5238 1037 1
371 6443 2
2576 5695 1
5695 3911 1
3911 8576 1
494 5288 1
5288 3402 1
2576 8112 1
8112 5497 1
218 6252 1
3683 9414 2
9414 2547 1
2547 4737 1
4737 3787 5
3787 5238 5
5238 3683 1
5224 8470 1
8604 202 1
202 8604 1
8604 1703 1
1319 8741 1
8110 8332 1
8332 4788 1
4788 8869 1
8869 5890 1
5890 7770 1
7770 3775 2
3775 2576 2
2576 3664 2
3664 1919 1
1919 7405 1
1037 8691 1
8691 6687 3
6687 8889 2
8889 4407 3
4407 2885 1
2885 6419 1
6419 9773 3
9773 7095 2
7095 6522 1
6522 1375 1
1375 8637 1
4464 8658 1
8658 8037 1
8037 8834 1
8834 1037 1
1037 2802 1
7559 4925 1
4925 3505 1
3505 3727 1
3727 6442 1
6442 2802 1
2576 8805 1
8805 4788 1
4788 2467 1
2467 1328 1
1328 2121 2
2121 3278 2
3278 9787 2
3581 3855 2
3855 3898 1
3898 4788 3
4090 7114 1
7114 9772 1
9772 3663 3
3663 1037 1
1037 4069 1
5238 8379 1
8379 4752 1
4752 5382 1
5382 7540 1
8392 2576 6
2576 5292 1
5292 9530 1
9530 4790 1
4790 6630 1
6630 535 1
3278 4741 1
4741 218 1
9414 695 1
695 621 1
2809 4407 1
3727 7091 3
7091 2430 1
2430 2885 1
2885 7844 1
7844 3991 1
3991 6148 1
6148 5475 1
5475 7002 1
7002 8400 1
5238 1165 1
1165 6954 1
3787 3550 12
3550 4669 1
4669 4940 1
4940 8415 1
8415 1526 1
1526 2576 1
2576 9611 3
4090 4888 1
4888 4940 1
4940 1971 1
1971 8576 1
9585 8530 1
8530 7701 3
7701 8893 1
8893 2018 1
482 7002 1
7002 494 1
494 2387 1
2387 9802 1
9802 2686 1
2686 2906 1
2906 8678 1
8678 9772 6
9772 1240 1
1240 5769 1
5769 2576 4
2576 8969 2
482 1762 1
1762 8805 1
8805 3154 1
3154 8576 8
8576 8319 3
8319 7211 1
7211 502 3
9585 2802 5
8527 4918 1
4918 9459 2
9459 2576 4
2576 4129 8
4129 5238 1
5238 6026 1
6026 1586 1
2576 993 9
993 2795 1
2795 2595 2
691 4547 1
4547 5306 1
5306 4756 1
4756 4925 2
2819 965 1
965 5212 1
5212 7002 1
7002 4407 1
4407 2496 1
2496 1240 1
1240 1839 1
1037 7886 1
7886 2576 2
2576 6445 1
6445 9530 8
8069 4319 1
4319 4925 1
4925 8864 1
8864 502 1
502 1730 4
1730 3638 2
3787 8777 5
9585 5238 3
5238 1842 1
1842 1738 6
1738 4378 1
4378 4788 1
4788 4756 1
4756 5007 1
5007 4940 14
4940 1584 6
1584 5812 2
5812 3787 1
1651 4788 8
4788 4547 1
4547 4925 1
4925 2576 7
4076 5679 1
5679 5596 1
5596 5227 1
5227 5497 1
5497 6901 1
6901 4993 1
4993 4925 1
4925 4940 1
4940 3653 1
3653 218 6
218 6756 1
6756 968 1
968 8419 1
7002 8879 1
9787 5313 1
5313 3787 1
1919 8392 10
8392 4925 1
6756 3796 1
5812 6054 1
7540 3765 1
3765 5238 1
5238 6400 1
6400 5216 1
5216 2576 1
2802 3653 2
218 1326 3
1326 1037 1
3683 2547 2
2547 1128 1
3787 6634 4
6634 2576 1
1443 8637 2
3683 5453 5
5453 945 1
945 8969 1
8969 4373 1
4373 3245 3
3245 386 3
8337 2121 1
9787 5155 1
5155 9787 1
9787 1252 3
7666 5779 3
5779 2595 1
2595 9621 1
2576 9212 6
9212 7701 2
7701 9285 1
9285 3288 1
3288 8399 2
8399 502 1
502 3345 3
3345 9496 3
9496 7666 1
7666 4700 1
4700 9787 1
7224 2947 1
2947 502 1
691 9643 1
9643 1734 1
9587 4911 1
4911 3683 1
3683 641 2
641 4090 2
4090 6814 1
6814 502 1
7945 1785 1
1785 5817 1
5817 3787 3
8999 384 1
384 9744 1
9744 9787 1
9787 7261 1
7261 4789 1
4789 5419 1
5419 1 1
1 634 1
634 4182 1
4182 1738 3
1738 2461 2
2461 8123 3
8123 7079 1
7079 502 1
7666 3287 1
3287 3146 1
3146 2576 4
2576 6482 1
6482 7701 1
7701 9016 2
9016 6110 1
6110 3154 1
3154 2121 3
2121 441 1
441 3787 9
4438 8999 1
3852 5817 1
5817 9589 2
9589 2802 1
2175 1807 1
1807 2024 6
2024 6110 2
2819 8346 4
8346 9787 2
7773 4752 1
4752 7666 1
7666 3288 2
3288 3146 1
3146 3269 1
1776 3501 1
4714 4709 1
4709 9787 1
453 4017 1
4017 9787 1
9787 1016 2
1016 1128 1
8591 4076 1
2802 1392 1
1392 8436 1
8436 6689 1
6689 3639 1
3639 4940 1
4940 4364 1
4364 1648 1
6583 8531 3
8531 2489 2
2489 1 2
1 8577 11
2576 6839 1
6839 3639 1
3639 421 1
2576 5481 8
5481 3911 1
3911 9787 4
8337 2983 1
2983 2802 3
2802 8139 4
8139 2576 3
502 5209 2
5209 9787 1
9787 3356 3
3356 502 4
502 9211 1
9211 8591 1
8591 7701 1
7701 6145 1
6145 3011 1
3011 9517 3
9517 7882 1
7882 8139 1
8139 9792 1
9792 1734 2
7569 3873 1
3873 8294 1
8294 9587 1
9587 8894 2
8894 968 4
968 66 1
66 4739 1
4739 8834 3
8834 5171 2
5878 2819 1
8702 4076 1
4076 8531 1
2489 8576 1
8576 7715 1
2403 5687 1
5687 4575 5
4575 6711 1
3787 4925 19
4925 8787 1
8787 8456 1
8456 8686 1
8686 1659 1
1659 6226 1
6226 3787 2
1659 1 4
1 4438 1
4438 3787 1
4438 4388 1
4388 7152 1
7152 5672 1
5672 494 1
4222 3787 2
3787 9554 1
9554 1659 1
1659 4714 1
7408 8841 1
8841 4895 4
4895 621 1
621 7666 4
7666 4925 1
494 2018 6
2018 3679 8
3679 8576 6
8576 1199 5
1199 2007 1
2007 8308 1
8308 583 1
583 2576 1
2576 4255 1
4255 4788 1
4788 739 1
739 1 1
9787 7900 10
7900 7540 2
4790 9413 2
9413 4733 1
4733 621 1
621 371 4
371 5522 1
5522 9787 1
9773 9756 1
9756 2059 1
2059 8894 1
9787 3898 9
3898 3787 1
4925 3666 1
3666 8220 1
8220 6314 1
6314 2519 1
2519 4162 1
4162 717 1
717 2515 1
2515 2024 1
2024 7997 1
7997 445 1
445 2576 1
2576 9536 1
9536 7540 1
968 9773 1
9773 9798 1
9798 7197 1
7197 1818 1
9787 6479 1
6479 9787 2
9787 7933 1
3342 502 2
9496 1738 1
5819 5497 1
3683 7361 3
7361 4090 1
4090 1746 2
1746 6252 1
6252 1738 6
1738 6897 1
6897 3074 3
3074 4925 2
494 7497 1
7497 4407 1
4090 8419 2
8419 8576 1
2819 2453 1
2453 4788 3
4788 3391 2
7945 1734 1
1734 3385 2
3385 4567 1
4567 951 1
9417 3787 1
3787 4587 3
4587 6996 4
6996 5729 1
5729 7701 1
7701 9589 2
9589 3787 1
3787 9016 1
8171 4940 2
4940 3683 1
3683 8399 2
8399 2819 1
494 9131 1
9131 9787 1
4069 337 2
337 6897 1
4925 3011 2
549 9611 1
4090 4044 2
4044 3787 2
3787 2543 1
2543 8120 1
8120 7141 1
7141 4789 1
4789 6583 6
6583 4940 2
9787 8985 1
8985 7841 1
2576 3562 4
3562 9449 1
9449 4407 1
9787 5503 1
5503 2121 2
4789 7331 2
7331 9078 1
8988 3641 2
2576 7144 2
7144 4789 1
4789 1240 1
1240 1408 1
1408 8582 2
9787 4257 1
4257 3790 1
3790 6954 1
3787 5275 1
5275 7896 1
7896 2024 1
2024 1972 1
1972 3146 1
3146 7744 1
7744 8873 4
9787 2132 1
2132 8576 1
8576 7781 4
5910 5195 1
5195 379 1
379 502 2
502 1532 2
1532 4090 1
4090 536 1
536 502 3
371 4604 1
4604 2773 1
2773 9787 1
9787 6181 7
6181 4832 1
4832 657 1
657 3270 2
3270 7497 1
2576 4319 1
4319 9628 3
9483 2819 1
2819 3679 26
3679 492 2
492 7877 1
7877 502 3
9496 965 1
965 9787 1
3550 4913 1
4913 2576 2
2576 4082 2
4082 6618 1
6618 4407 4
4407 3683 1
3683 1532 1
1532 1981 1
1981 8576 1
8576 9272 1
9272 2576 1
8860 9585 1
9585 5910 3
5910 6418 1
6418 9787 1
9787 7132 1
7132 6149 1
6149 9716 1
9716 9787 1
9787 5064 2
5064 8683 1
8683 4233 1
4233 1586 1
4407 8576 6
8576 2056 26
2056 4340 1
4340 875 1
875 9787 4
5171 799 1
799 8184 2
8184 2809 1
2809 5270 1
5270 2812 1
9517 1 5
1 3011 3
9787 4043 1
4043 3787 1
3787 9358 1
9358 2576 1
5596 9787 3
9787 3416 1
3416 8873 1
9787 2454 1
2454 1979 1
1979 2576 4
7540 8798 8
8798 3727 1
3727 8974 4
8974 3787 1
4415 594 1
8399 9787 1
9787 6256 8
6256 7782 1
7782 9118 1
9118 1958 4
1958 7498 1
9787 4758 1
4758 4831 1
4831 4407 1
7799 7559 8
9585 3618 1
3618 2576 1
2576 3339 1
3339 8637 1
4090 968 1
968 1 3
6189 9077 1
9077 1037 3
1037 7666 7
7666 2699 1
2699 4586 1
9587 4791 1
3727 6016 1
6016 3070 1
3070 3787 1
1360 2430 1
9787 5571 1
5571 3146 1
2576 7071 1
7071 2560 1
2560 3216 1
3216 8576 2
494 1941 1
1941 453 1
453 4789 1
4789 4918 1
4918 4940 1
4940 6687 1
6687 9695 1
9695 8399 1
8399 1 1
2430 742 1
3787 1667 5
1667 3787 1
9772 1667 2
1667 9787 3
6857 1818 1
494 9489 1
9489 1597 1
1597 4407 3
4407 4402 6
695 2576 5
7956 7540 1
7666 3795 1
3795 6141 1
6141 9787 1
9787 3583 1
3583 951 1
951 453 1
2576 7956 4
7956 3674 1
3674 975 1
975 8415 1
8415 641 1
502 1033 42
7945 4222 1
494 635 1
635 7773 1
7773 3787 13
1667 8143 1
8143 9772 3
9787 5596 4
4788 7904 2
7904 4407 2
2595 9504 2
9504 2576 1
1673 4036 1
4036 5437 1
5437 9787 1
3727 8702 1
8702 9798 1
9798 2576 1
2576 4917 1
4917 4940 3
7666 2175 1
2175 2802 1
2802 4438 3
6735 1 1
3011 8082 1
8082 9012 1
8346 916 1
916 8626 2
9585 3602 1
3602 2024 1
4090 682 1
2576 5348 1
5348 7540 1
7540 4925 1
4925 3787 1
3787 2688 4
218 4069 2
7605 7701 1
9016 4407 1
7407 7269 1
7269 3787 3
3787 4436 3
4436 2819 1
549 9182 2
9182 4983 1
4983 3080 1
3080 8720 3
8720 4788 1
993 9787 2
3727 7132 1
7132 1839 1
1839 748 1
4790 9518 2
9518 1414 1
1414 6133 1
6133 8900 1
8900 7666 2
5779 502 3
7559 5080 2
5080 3342 2
3342 3787 2
3787 7075 4
7075 6676 1
6676 2592 1
2592 7540 4
7540 3169 1
3169 4922 2
4922 6789 1
6789 621 2
3391 4317 4
9628 9787 2
9182 3761 1
3761 9414 2
621 494 7
494 4916 2
4916 2501 1
2501 2018 1
8702 3898 1
3898 8988 2
8988 3600 2
1734 4436 1
4436 3440 1
3440 8082 1
8082 2783 1
2783 2501 1
2501 2812 1
2812 494 2
494 4172 1
9787 7197 11
7197 6132 1
6132 265 1
265 8962 1
8962 2576 1
5076 4586 1
4925 6467 1
9621 3787 1
6387 3600 4
9585 621 3
621 185 1
185 494 1
494 1237 1
1237 4090 1
8215 4222 1
4222 7799 5
7799 9587 8
9587 4902 2
4902 3666 2
3666 7160 1
7160 3767 1
3767 3617 1
3617 9787 2
9787 9187 1
9187 2802 1
2056 2809 1
9787 6701 1
6701 9787 1
9787 9353 1
9353 2121 1
2121 1442 3
1442 6436 1
4605 8139 1
8139 4090 1
9787 5662 1
5662 1651 1
502 4120 2
4120 618 1
618 371 1
371 8582 1
8582 2093 1
2093 3859 1
494 1285 1
1285 502 1
8337 3245 1
4069 748 2
9787 7369 1
7369 9686 3
9686 7196 1
7196 9772 1
9772 2686 3
2686 5573 1
5573 2576 1
2576 6582 4
7403 6256 1
7701 2556 1
2556 9414 1
9414 690 1
690 2121 7
2121 615 5
615 9787 3
9787 5121 1
5121 4940 1
218 621 1
3787 9628 2
9628 2686 1
1597 1 2
2430 6982 1
6982 7666 2
9621 547 1
547 4925 1
4925 1673 1
502 8636 3
8636 4438 1
4438 494 1
494 9816 1
3450 2576 1
2576 755 2
755 8634 1
8634 5916 1
5916 494 1
494 6252 2
6252 8576 1
2056 7629 1
7629 2819 2
2819 2576 30
2576 1659 6
5494 8582 1
4575 4752 1
4752 9489 3
9489 6676 1
6676 1032 1
8400 4302 1
4302 8673 1
8673 3787 1
3787 1842 1
1842 6252 1
1738 4756 1
6256 2819 1
2819 5684 2
5684 6090 1
6090 3482 1
3482 6912 1
6912 626 1
626 9792 1
9792 4325 1
4325 9039 1
9039 9585 1
9585 4438 1
4438 338 2
338 9012 1
9012 2802 5
3074 4317 1
4317 8965 1
8965 615 1
615 2406 1
2406 9621 1
9621 1223 1
1223 4430 1
4430 3787 1
3787 6451 2
6451 5391 1
5391 689 1
3342 1889 1
1889 6252 3
1738 7559 6
218 7755 1
7755 8591 1
3787 7602 1
7602 476 1
476 1667 1
6583 3796 3
3796 7823 2
3369 2121 1
2121 7388 2
2576 4102 1
4102 993 2
993 3602 1
3602 2239 1
2239 2576 1
621 7388 3
7388 4779 1
4779 4303 1
4303 3734 2
3734 1001 1
4714 3846 1
3846 608 1
608 1667 1
1667 5822 1
5822 7632 1
7632 5916 1
5916 6326 1
6326 4043 1
4043 1659 1
1659 8518 1
8518 7497 1
9787 3973 4
3973 6181 1
6181 502 1
8741 8392 4
8392 1326 2
1326 1019 1
1019 1057 1
1057 3146 1
3146 6676 1
6676 9530 1
9530 2809 1
2809 3641 3
3641 2686 2
1597 4913 1
562 5497 1
3581 9787 4
3727 3898 4
3898 9773 3
9773 3146 1
3146 4407 1
3074 1640 1
1640 2292 1
2292 538 1
538 3562 1
1667 3592 1
3592 4679 1
4679 2576 3
8337 4921 2
4921 2802 2
4788 6443 1
6443 9787 1
9787 6746 2
6746 6436 1
5171 3556 1
3556 4407 1
986 5695 2
5695 5596 1
3074 1868 1
1868 337 1
337 2802 2
2802 9587 1
9587 8879 1
9585 820 1
820 3146 1
3146 3327 1
3327 9517 1
9517 502 5
5282 3550 1
3550 8873 1
9787 2570 1
2570 4076 1
4076 8448 1
8448 4940 1
4940 8413 10
8413 9517 1
9517 9773 2
9773 2157 1
2157 7540 1
4700 3327 1
3327 8576 1
9585 1408 3
1408 4788 4
4090 2046 1
2046 502 1
502 4678 2
4678 9787 2
9787 8271 3
8271 2121 5
3278 621 1
502 8777 11
8777 9628 1
4090 7662 1
7662 7540 1
1360 2320 1
2320 9012 1
9012 7748 1
7748 9250 1
9250 9530 1
9530 4210 1
968 4193 1
4193 2512 1
2512 6207 2
6207 7598 1
7598 7540 1
7701 4700 1
4737 1701 1
1701 8626 1
8626 7569 2
7569 7477 1
4142 6568 2
6568 3649 1
521 7540 2
3154 9572 1
9572 9012 1
9012 5806 1
5806 3679 1
3679 6371 1
6371 7701 13
9787 4574 1
4574 8879 1
9772 9361 1
9361 1701 1
1701 903 1
903 9787 2
9787 1183 1
1183 2595 1
2595 3278 2
3278 4788 1
5172 994 1
6583 7540 5
7540 7338 1
691 8599 1
8599 3787 1
9787 1360 3
1360 1 3
2430 9119 1
9119 3787 5
3039 6907 1
6907 7540 1
7540 9104 2
9104 691 1
691 2802 1
2576 6733 1
6733 5770 3
4090 4499 3
4499 9787 3
9787 556 13
556 4389 1
1648 4402 4
1952 3786 1
3786 9517 1
977 3465 1
3465 3591 1
2576 4738 1
4738 4790 1
4790 1035 2
1035 9178 1
9178 9038 1
9038 5770 1
5770 3880 1
502 3888 1
3888 1062 1
1062 3600 2
1952 8321 1
8321 1701 6
1701 3154 3
3154 977 1
977 494 5
494 524 3
524 6682 1
6682 9787 2
8969 993 1
993 7343 1
7343 6251 1
6251 4142 1
4142 9585 3
2024 4069 1
502 9566 4
9566 2086 1
2086 9787 2
4574 6436 1
6436 691 2
691 1701 1
1701 9012 2
9012 6189 1
7701 371 3
371 4707 1
4707 748 1
9787 2694 2
2694 5900 2
5900 8916 2
8916 9585 2
8337 4392 2
4392 7302 1
3683 8884 1
8884 9787 1
968 1394 1
1394 1 4
1 4142 1
4142 3702 1
3702 7773 1
7773 2576 2
9787 3911 2
7799 8637 6
8637 8082 1
9006 7291 1
7291 2576 1
3617 5787 1
5787 5612 1
5612 7613 1
7613 9357 1
9357 502 1
4678 2802 1
2056 7087 1
7087 3146 2
3146 8268 1
4788 9006 6
8741 3358 1
3358 9587 1
9587 5649 1
5649 2519 1
2519 951 1
951 8873 2
1062 556 4
556 2695 1
7497 494 1
3727 7540 7
4788 5980 1
5980 3761 1
3761 1762 3
1762 7701 1
7701 5862 1
5862 9589 1
9589 9414 1
9414 8553 1
8553 2519 1
2519 2576 2
2576 445 1
445 4350 1
4350 8847 7
8847 3114 1
3114 2501 1
2501 8702 1
8702 2519 1
5687 1931 1
1931 9787 1
3727 7116 2
7116 8834 1
8834 4402 4
4402 1 1
1 1575 1
1575 8847 1
8847 3787 5
4925 1701 1
1701 9787 13
9787 6015 2
6015 8557 1
8557 3787 4
7903 4438 2
4438 6110 2
1062 8894 4
968 6704 1
6704 2501 2
2501 8745 1
8745 8576 16
2576 8847 8
968 4402 1
4090 2021 5
2021 3209 1
3209 8582 1
8582 1931 1
1931 7437 1
7945 8847 2
8414 6735 1
6735 9787 2
2812 3727 2
482 8543 2
8543 4090 1
502 1379 1
1379 1062 1
494 7799 4
7799 1577 1
1577 3591 1
3591 2018 1
4902 6904 1
6904 1 1
1 1062 12
1062 8460 7
8460 1575 1
1575 9006 1
7559 4438 1
4438 3011 6
9787 8894 7
8894 7799 1
3635 9520 1
1062 2107 2
2107 951 1
1062 2021 1
2021 7497 1
7497 1566 1
1566 7497 1
7497 9414 1
9414 9714 1
9714 1062 2
1062 9589 2
9589 2413 1
2413 1 1
9787 5819 1
5819 7079 1
7079 4678 1
9787 6711 1
6711 1701 1
1701 2802 1
1326 8400 5
8400 3683 1
3683 9621 3
2576 5819 2
5819 1701 1
1701 7087 1
3146 3787 1
3787 6062 1
6062 8749 1
8749 5949 1
5949 3562 1
9787 1870 1
1870 3749 1
3749 7645 1
7645 3159 1
3159 7838 1
7838 7582 1
7582 2576 1
2576 2082 1
2082 3219 1
3219 4142 1
4142 6256 1
6256 2802 2
9787 296 1
296 9008 1
9008 4226 1
4226 8143 2
9772 1762 1
1762 7540 2
5980 865 1
865 2242 1
2242 8999 1
8999 9787 1
4226 1252 1
1252 2504 1
2504 2860 1
2860 1701 1
1701 1180 1
1180 4789 1
7666 4419 1
2576 5650 1
5650 6482 1
6482 2175 1
3761 9069 1
2576 8543 2
8543 4788 2
4788 1453 1
1453 4902 1
4902 9160 1
9160 7031 7
7031 9519 1
9519 1701 1
1701 9611 1
4090 9097 1
9097 5300 1
8626 4940 2
4940 1412 1
1412 951 1
951 5497 1
5497 6284 1
6284 1394 1
1394 3761 4
3761 4464 16
4464 5764 1
5764 7540 1
384 55 1
55 1 1
2430 4050 1
4050 6323 1
6323 7892 1
7892 4403 1
4403 5976 1
5976 4210 2
968 1701 3
1701 8268 3
8268 7799 2
7799 4714 2
4714 3787 2
3635 1333 2
1333 3245 1
3245 494 2
494 8894 1
8894 502 2
345 2018 1
1062 4918 1
4918 502 10
9787 4636 7
4636 4788 6
4788 8683 6
8683 7666 1
6749 2576 2
3898 4789 2
4789 5171 5
5171 3395 1
3395 5497 1
4788 3663 2
3663 1577 1
1577 8741 2
8110 4090 1
4090 6496 4
6496 482 1
482 371 1
371 9363 2
9363 5453 1
5453 8683 1
5172 8268 2
8847 1701 8
1701 5497 4
5497 2843 5
2843 6672 1
6672 5182 1
5182 2501 2
8847 8557 1
6015 4142 1
4142 5170 1
5170 6256 1
5171 4220 1
4220 2576 1
3641 4402 1
4090 4966 1
4966 1 2
2430 6733 1
6733 5769 1
5769 9414 1
9414 494 7
482 4463 1
4090 7302 8
7302 5137 1
2056 1701 1
1701 1566 1
1566 8576 3
8576 8873 2
9772 2021 1
2021 6672 1
6672 951 1
951 556 3
556 1062 7
1062 9787 14
4090 1100 1
1100 1333 1
1333 2018 3
1062 7300 3
7300 621 2
621 6284 6
6284 494 1
9787 6796 1
6796 2018 1
2018 7694 1
7694 9772 14
9772 1701 4
1701 3293 1
9787 588 2
588 1062 1
1062 1333 5
1333 9787 6
502 135 1
135 494 1
3727 5972 1
5972 1062 3
1062 4489 1
4489 4090 2
7302 4392 1
4392 5972 1
1062 5837 1
5837 4090 1
1098 9787 2
1333 1566 1
1566 5837 1
5837 9787 1
4090 1101 4
1101 8847 1
8847 2576 10
2576 7698 1
7698 7666 1
7918 6296 1
6296 9787 2
4788 7698 1
7698 4090 1
4090 5487 4
5487 9546 1
9546 2703 1
2703 9787 1
9787 3076 1
3076 3883 1
3883 4381 1
4381 2576 2
2576 5671 1
5671 6 1
6 8395 1
8395 5045 1
5045 7035 1
7035 6553 1
6553 2632 9
2632 2576 4
8847 6538 1
6538 4407 1
9772 191 1
4392 4402 1
4090 7300 2
7300 8626 1
9585 4390 1
4575 8824 1
8824 4090 6
4090 594 10
594 4445 1
8637 7300 1
1037 5714 1
5714 6687 1
6687 8611 1
8611 5500 1
5500 695 1
695 2819 7
9772 7949 9
7949 8334 1
8334 124 3
124 8678 1
2021 9773 1
7569 3649 1
521 6151 1
6151 9787 1
9708 2576 1
9787 1775 1
1775 3224 1
3224 4407 1
4407 977 1
977 1394 2
4090 6687 1
6687 1594 1
1594 9787 9
502 4383 3
4383 7388 4
502 4851 6
4851 2292 1
2292 4714 1
968 9494 1
9494 6216 1
6216 7033 1
7033 9787 1
4076 3496 1
3496 235 1
235 7053 1
7053 5801 1
5801 634 4
634 9787 2
9787 5661 1
5661 2802 5
1 1605 2
1605 9773 1
4234 6589 1
6589 2576 1
930 9787 2
2819 8334 2
124 1394 1
1394 543 1
543 9585 1
9585 8050 3
8050 6745 1
6745 9787 1
4851 4789 1
7559 494 4
494 9772 4
5497 4453 1
4453 4407 1
4407 7540 3
7540 1919 8
8392 2121 1
9787 1568 2
1568 901 1
901 1820 2
1820 1 3
1 6892 1
6892 8582 3
8582 3222 2
3222 8487 2
8487 1660 1
1660 4789 2
4789 9203 1
9203 4090 1
3727 543 1
543 7008 1
7008 4978 1
4978 7666 1
7666 7753 1
7753 4940 1
9773 7696 1
7696 2576 1
4790 6136 1
6136 1918 1
1918 4407 2
8337 1783 1
1783 1595 1
1595 9520 1
9520 8873 7
3096 7095 1
7095 1 1
1 6132 1
6132 9065 1
9065 2595 1
1826 5689 1
5689 6384 1
621 9787 2
9405 2802 1
218 502 4
3852 916 1
916 8591 1
8591 9616 1
9616 3402 1
3402 4407 1
218 494 3
8683 2024 2
2024 5171 5
5171 3473 1
3473 1 1
8334 5931 1
5931 400 1
400 3526 1
3526 9587 1
9587 4463 1
5819 1037 4
1037 7167 1
1826 6371 1
6857 8591 1
8591 9459 2
2576 986 4
3727 9078 1
9078 8582 1
8582 3642 1
3642 3011 1
3011 482 2
482 4392 1
4392 3787 3
494 6445 2
6445 8576 1
8576 2802 1
2802 9663 1
9663 9489 1
9489 9250 2
9250 4076 1
4076 5494 1
9787 3402 1
3402 9489 1
9489 2056 2
2056 2802 5
2802 899 1
899 2686 2
2686 2802 2
2802 1636 1
1636 3787 1
3787 2809 5
4790 1394 4
9585 524 4
524 5224 1
5224 6502 1
6502 502 3
1443 4632 1
4632 4463 1
8894 9773 1
3402 494 4
494 5351 4
5351 1587 1
1698 2022 1
2022 4890 1
4890 3600 1
3600 8889 1
8889 7948 1
7948 9585 4
4790 6628 1
6628 2802 4
218 4234 1
4234 4994 3
4994 6384 1
9520 5355 1
5355 9530 4
7388 8576 1
2595 7956 1
7956 7095 3
7095 9787 1
9787 9024 2
9024 1037 2
1037 5715 4
5715 8889 2
8889 9787 1
5171 2041 5
2041 1333 1
1333 9585 5
8894 4407 2
9787 4463 12
9772 4395 2
4395 4090 14
4090 2030 1
2030 9787 1
9787 6801 1
6801 502 2
502 400 1
400 9459 1
1659 2121 3
2121 1860 2
1860 2576 2
2576 5171 5
5171 6735 1
2772 4388 1
4388 8413 1
8413 9787 3
9585 8334 1
124 2576 1
543 5818 1
5818 7715 1
2175 7952 1
7952 6844 1
6844 502 1
502 5024 2
5024 5875 2
5875 2576 1
1659 4790 1
494 2607 6
2607 9585 9
7540 7222 2
7222 9250 1
9250 9263 1
9263 3787 1
3787 5249 1
5249 6621 1
6621 2121 1
2121 7860 1
7860 9251 1
9251 3683 1
5109 4090 1
3727 442 1
442 4790 1
1360 6275 1
6275 4790 1
6687 3683 6
3683 5500 1
5500 3391 1
3391 634 1
634 6110 1
8346 6616 1
6616 8685 1
8685 4090 7
3727 4402 2
4402 2292 1
2292 6189 1
9585 2809 5
3011 1459 2
1459 4336 1
4336 4086 2
4086 414 2
414 5081 1
5081 8685 1
8685 5595 1
5595 5497 1
5497 7945 3
7945 6302 1
6302 2819 1
8702 4840 1
4840 8346 1
3787 1853 9
1853 2576 3
2576 6789 3
6789 5497 3
4789 3638 1
386 1738 2
1326 4090 2
494 1826 5
9012 4476 1
4476 2819 1
7900 6161 1
6161 9787 2
1701 6039 1
6039 9038 1
9038 5497 1
1853 8678 1
8678 8847 1
8847 1224 1
1224 8045 1
8045 2018 1
2018 2056 1
8847 9053 1
9053 3402 1
9587 5348 1
5348 3787 3
1919 218 4
218 4790 2
4790 7715 2
2056 2292 2
9585 3402 2
3402 4336 1
4336 2576 5
2576 8143 2
8847 5310 1
5310 3787 2
4789 9530 1
7388 4790 1
4090 8801 3
8801 494 1
494 5355 1
5355 8824 1
8824 7540 2
2576 4841 1
4841 7210 1
7210 8611 1
8611 7897 1
7897 8847 1
8847 1927 1
1927 1701 1
1701 3859 1
3859 5497 1
5254 2833 1
2833 3787 2
3787 5481 55
5481 4788 5
4910 5497 1
3581 4388 1
4388 7897 2
7388 5822 1
5822 2637 1
2637 3765 1
3765 4679 1
4679 2162 1
2162 4788 1
8742 5879 1
5879 502 1
782 1784 1
1784 5707 1
9787 421 1
1673 2121 1
4788 5348 1
5348 386 1
9520 5864 1
5864 1853 1
1853 9530 1
7388 8591 1
8591 1020 1
1020 9787 1
3674 1667 1
1667 8027 1
8027 5905 1
5905 2576 1
2576 5494 5
5494 762 4
8658 6961 1
6961 3562 1
3562 4790 7
9787 1673 1
1673 6892 1
6892 8658 7
8658 1738 2
5497 1791 4
1791 5481 1
5481 8683 1
9787 5707 1
4788 3112 1
3112 2576 2
4789 4102 1
4102 2171 2
2171 8838 2
8838 8576 2
4701 968 2
968 7695 1
7695 6093 1
6093 8630 1
8630 9787 1
9787 916 1
916 9772 3
9772 9587 1
9587 742 1
5481 2576 21
3787 1860 2
1860 5485 1
5485 8059 1
8059 1037 2
1037 6101 1
6101 4752 1
4752 9324 1
9324 782 1
7388 5679 1
5679 2576 1
2576 8658 1
8658 7695 1
7695 5171 1
5171 492 1
492 8576 1
7331 6840 1
6840 3787 1
9772 5481 2
5481 2121 2
2121 4438 2
4438 3638 1
3638 1599 1
1599 7023 3
7023 1 2
1 5300 1
7292 8278 1
8278 6181 2
6181 7540 3
782 5355 1
5355 3787 2
2576 9059 2
9059 8591 1
8591 502 11
9787 4714 4
562 2819 1
502 8678 23
8678 968 11
968 3011 13
3761 6054 1
7569 4925 1
2802 3112 2
3112 5481 1
5481 3975 1
3975 9517 1
7540 9324 2
9324 1786 1
1786 4788 1
4788 7197 3
7197 494 6
494 4190 1
4190 1 1
7540 5481 8
2576 6026 4
3679 6634 1
6634 2802 10
3469 3600 1
4407 9772 13
4737 1427 1
1427 8804 1
8804 7694 1
7694 9520 1
9787 4727 1
4727 8576 1
2819 218 1
218 8591 1
8591 5171 2
5171 3227 1
3227 9787 1
6520 6091 1
6091 6023 1
6023 3216 1
3216 4925 1
4925 6384 1
3597 9787 1
9038 2501 1
371 6696 1
6696 8527 1
8527 7540 2
5481 3787 8
3154 1437 1
1437 9324 1
9324 6436 1
6436 9787 4
2695 8797 1
8797 502 1
502 3024 1
3024 2955 1
2955 2576 1
2576 4317 6
4317 8240 1
8240 502 1
502 9344 1
9344 4790 1
4090 3942 1
3942 2576 1
2576 6275 2
5171 9415 9
9415 4714 1
4714 2025 1
2025 8847 1
8847 6663 1
6663 1037 1
968 2107 1
2107 155 1
155 9372 1
2576 3781 1
3781 5137 1
4090 3394 1
3394 9532 1
9532 1566 1
4790 5817 1
5817 4790 1
4790 3625 1
3625 8880 1
8880 1 3
1 2865 1
2865 502 2
4790 4439 2
4439 4090 1
4090 6015 3
6015 1659 1
1659 2056 1
2056 7073 1
3679 2121 1
4790 5155 2
5155 5769 1
5769 9585 6
9585 2576 16
8576 8847 1
8847 7197 2
3342 8847 1
8847 556 4
556 7956 1
4790 5212 1
5212 2595 1
7002 6002 1
1651 7956 1
7956 9787 2
4790 8419 1
8419 2637 1
2637 1062 1
4790 5754 1
5754 8557 1
8557 2576 5
2576 7999 2
3787 4790 23
3278 4317 1
4317 3692 1
3692 6963 1
6963 6823 1
6823 3639 2
3639 6804 1
6804 4233 1
4233 4790 1
4790 6608 1
6608 3787 1
3550 1 1
2430 1006 1
1006 4840 1
4840 1701 1
1701 9186 1
9186 502 2
9772 595 2
595 6330 2
6330 339 1
339 1785 1
1785 4788 1
4636 9787 7
9585 3011 5
3011 3695 1
3695 3267 1
3267 4082 1
4082 1006 1
1006 2576 1
2576 5324 1
5324 8582 1
4575 3807 1
3807 5818 1
5818 1785 2
1785 2576 1
9773 6560 2
6560 3679 1
3679 155 1
8136 7284 1
7284 3787 1
621 3695 1
3695 6964 1
6964 9787 2
9417 2640 1
2640 4317 1
4317 6965 1
6965 4407 1
4407 1701 4
1701 4373 2
4090 5797 10
5797 4636 1
9772 2558 1
2558 482 1
482 3908 2
3908 3787 2
7701 595 1
595 7976 1
7976 3011 1
4788 8064 3
8064 5001 1
5171 382 1
382 3071 1
3071 2595 1
2595 7732 1
7732 675 1
675 5817 1
5817 6965 1
6965 96 1
96 4632 1
4632 8683 3
5001 4289 1
4289 9088 2
9088 2576 1
4788 4233 4
4233 968 1
968 8279 1
8279 6110 1
8741 502 9
1651 9088 2
9088 1701 1
1701 8149 1
8149 9787 5
4090 7900 9
7900 8531 1
8531 8542 1
8542 6591 7
6591 2595 1
8050 1469 1
1469 4478 2
4478 8576 1
9772 6576 1
6576 4334 1
4334 8380 1
2056 4795 1
4795 1257 1
1257 7817 1
7817 6110 1
6110 2461 1
8123 2018 1
2018 9401 2
9401 9083 1
9083 9088 1
9088 8678 1
7900 8149 1
8149 7004 1
7004 4090 2
4090 5782 1
5782 2056 1
9250 1738 1
7292 502 1
502 6894 10
6894 7945 10
7945 4790 3
4790 4882 1
4882 5371 1
5371 7031 2
2576 5333 1
5333 1701 1
453 7004 1
4090 2031 1
2031 2589 1
2589 4407 1
4090 5532 6
5532 8576 1
2819 3666 1
3666 7053 1
7053 2694 1
2694 1651 4
7540 7004 1
7004 2576 1
4790 4373 6
9417 9787 1
9787 9007 1
9007 9787 1
2576 7222 1
7222 7956 1
7956 4463 2
4463 4210 1
4210 6560 1
6560 4407 1
986 1581 1
1581 4090 6
4090 4463 4
621 1701 3
1701 2056 1
2608 7405 1
1037 6560 2
6560 2576 3
2576 6330 1
6330 5497 1
5497 3167 3
3167 4789 3
4789 3581 3
3581 4788 2
7799 4788 11
6560 3787 1
3787 5533 4
5533 1269 1
1269 2819 1
453 1952 1
1952 2576 1
8268 4336 2
3358 8577 1
8577 9414 1
9414 6582 2
4788 4962 3
4962 9414 1
6582 5171 1
5171 3497 2
3497 1566 1
8741 6252 1
6252 8069 3
8069 239 1
239 2843 1
2843 1062 3
1062 8689 1
8689 2552 1
2552 2376 3
2376 9585 4
1062 4727 1
4727 8527 1
8527 556 1
1062 2056 2
8337 2143 1
2143 4463 4
9587 4940 1
4788 4945 1
4945 4788 1
4788 6622 4
6622 2018 1
2018 8873 4
1062 3787 8
3787 860 2
860 5473 2
5473 860 1
860 7498 2
7498 8678 2
6330 9585 1
1062 3013 3
3013 7064 2
7064 5769 1
8582 6560 1
6560 6480 1
6480 2024 1
2024 3787 7
9589 5497 1
3581 3787 3
3787 454 3
454 968 1
968 6001 1
1807 6520 1
6520 2107 2
502 145 1
145 2576 1
1761 3727 1
7540 5133 2
5133 3388 1
3388 7701 1
7701 2093 1
2093 2018 2
2552 939 1
939 301 1
6560 9585 1
9585 3013 2
7064 1 1
1 556 13
8847 8873 3
7559 1701 2
1701 860 1
7498 3787 3
5473 2802 1
9585 2199 1
2199 8582 3
8582 885 5
885 1062 1
1062 9772 9
9772 9485 1
9485 695 1
695 7559 3
7559 4445 2
2025 5171 1
5171 8847 1
8847 352 1
352 8637 1
8637 4336 3
4336 4407 2
9012 7053 2
7053 352 1
352 2576 1
595 4840 1
4840 7064 1
7064 4713 1
4713 8873 1
2695 9559 1
9559 1820 1
1820 4407 4
4076 8218 1
8218 2576 1
2576 8277 1
8277 7405 1
1037 3787 4
8847 8218 1
8218 1701 1
1701 5280 1
5280 3787 1
3787 7860 1
7860 3787 1
3787 2843 7
2843 2691 19
3787 7439 1
7439 9787 1
9787 3266 2
3266 7701 2
3787 8219 1
8219 382 1
382 3119 1
3119 2121 1
2121 1683 2
1566 6186 1
2576 2241 1
2241 6189 1
9585 3119 1
3119 2636 1
2636 3787 1
3683 7498 10
7498 8576 4
8847 6177 1
6177 1683 1
1820 4336 1
4336 4090 10
8082 9787 1
9787 6177 2
6177 3391 1
3391 4752 1
4752 1636 1
1636 6189 1
9585 6745 1
6745 9692 1
9692 2121 1
2121 1820 2
2576 1683 2
1683 9465 13
9465 8873 1
8847 2819 2
695 4918 1
4918 7023 1
7023 1820 5
9465 9585 1
8847 6982 2
6982 4790 1
4790 8685 4
8685 502 2
502 4569 1
4569 7197 1
7197 6982 1
6982 1062 1
2552 556 5
556 4717 1
4717 4142 2
6568 8326 1
8326 3654 1
3654 409 1
409 8576 1
8576 695 5
695 3358 13
4788 9212 2
9212 8873 1
7701 108 1
108 2576 1
3245 5911 1
8824 1820 1
5940 502 2
502 3074 7
3074 1399 3
1399 9555 1
9555 1820 4
1820 621 2
621 4086 5
4086 416 1
416 4142 1
4142 7715 1
6573 2802 1
7666 7590 1
7590 4407 1
4407 1660 1
3497 9787 1
9787 4701 2
4701 4739 1
4739 3222 1
3222 2884 1
2884 9787 1
9787 6195 1
6195 4940 1
4940 110 1
110 9587 1
4788 2350 1
2350 9787 3
371 9520 3
9520 9555 1
1820 2121 3
1820 6489 1
6489 9585 1
7945 7559 2
7559 5021 1
5021 108 1
108 9773 1
4142 5171 3
404 3683 1
3683 3078 1
3078 2576 1
9585 1597 1
1597 108 1
108 4364 1
4364 494 3
482 2107 2
2107 1 2
6189 6582 1
6582 3683 1
3683 7023 1
1820 4489 1
4489 9121 1
9121 2121 1
1399 8779 4
7023 9773 1
9773 3060 1
3060 494 1
5171 1092 1
1092 8576 1
7715 3898 1
3898 5963 1
5963 1734 1
1734 455 1
455 3683 1
3683 8779 1
1820 4701 1
2595 3683 3
2547 4142 1
4142 350 1
350 2640 1
2640 420 1
5481 5497 4
5497 7716 1
7716 4940 1
7666 9401 2
9401 9787 2
3266 8873 1
9773 5481 2
5481 4656 1
4656 9121 1
9121 502 1
1820 3248 1
3248 9053 1
9053 4714 1
4714 8702 1
9585 3266 1
3266 9787 1
9787 5481 1
2056 4438 1
1659 6110 4
8741 4717 1
4788 108 1
108 3425 1
3425 8582 1
4575 4392 1
3761 1660 1
1660 4090 3
5940 1 1
8847 7694 2
7694 7540 3
7540 1683 1
9465 1701 1
9787 8050 5
8050 494 1
4790 6800 1
6800 4407 1
9787 6460 1
6460 8139 1
8139 6524 1
6524 4984 1
4984 9773 1
1660 4142 1
4142 5497 3
2700 508 1
508 3154 1
502 9721 1
9721 2488 1
2488 509 1
509 4939 1
4939 6189 1
4090 8678 5
8678 5944 1
5944 9099 1
9099 8678 1
8678 4090 3
8082 1945 1
1945 1394 1
1394 4714 1
4714 453 2
4788 562 1
562 1 2
1 2819 4
1062 695 4
562 930 1
2691 3248 1
3248 502 2
502 8139 9
8139 9787 4
9787 6129 3
6129 9587 1
9787 4984 2
4984 508 1
508 1683 1
9465 8921 1
453 508 1
508 5954 1
5954 4790 3
4790 7540 12
7540 123 1
123 1734 1
9787 508 1
508 2576 1
1651 689 1
689 1660 1
1660 1 2
6186 5818 2
5818 502 2
502 9474 12
9474 2802 1
2802 4481 1
4481 6843 1
6843 8591 1
8591 5252 1
5252 1394 1
9585 3245 1
3245 5598 1
5598 3634 1
3634 146 1
146 8741 1
8741 1568 1
1568 502 3
502 1805 5
1805 7559 1
7559 1460 1
1460 351 1
351 2576 2
2576 593 3
593 7666 2
7666 1660 4
1660 3880 1
3880 8387 1
8387 8915 1
8915 9773 1
9773 8576 1
8576 5644 1
3787 508 1
508 9585 1
2056 4984 1
4984 1683 1
9465 146 1
146 2576 3
8741 2054 1
2054 1037 1
968 2843 1
2843 2595 2
9772 5941 1
5941 123 1
123 4445 1
4790 5941 1
5941 1701 1
1701 8678 3
2021 7437 1
7437 4373 1
4373 2007 11
2007 1528 1
1528 4373 1
4373 9787 1
4373 508 1
508 4090 1
8960 6186 1
6186 7116 1
7116 4373 1
2007 9465 2
9465 3787 3
454 9787 2
8337 1568 1
1805 2701 1
2819 5596 1
5596 595 1
595 4485 1
4485 5252 1
5252 9415 1
9585 593 1
1660 8388 1
8388 2018 1
593 9420 1
8702 3683 1
3683 1683 1
9465 9787 1
482 2576 9
2576 8678 6
8678 5710 1
5710 4940 1
7049 2576 4
7799 482 3
482 9585 6
9787 562 1
562 4402 1
4402 1701 1
1701 1037 4
1037 5336 1
5336 3749 1
3749 494 1
494 8847 2
556 2607 2
2607 7559 1
9585 7223 1
7223 2686 2
2686 5801 2
5801 8847 1
8847 986 4
986 7064 1
7064 5909 1
8576 1 2
1 2552 1
2552 3358 12
8637 3679 1
3679 5769 3
5769 3883 1
3883 352 1
352 9787 1
7701 9401 1
9401 1 1
556 5163 1
5163 502 1
502 901 1
1820 2018 2
482 9773 5
1660 494 3
3683 2903 2
2903 9787 2
482 3787 12
5282 968 4
8069 4790 1
4790 8992 1
8992 9787 1
9787 9418 4
9418 8841 1
4895 4701 1
4701 3597 1
3597 3898 1
6101 4925 1
9787 2320 1
2320 2773 1
2773 7666 1
7666 737 1
737 3761 1
7540 1701 42
1701 5080 2
2287 6519 1
6519 8576 1
2819 621 4
621 4925 1
4925 2694 1
2694 502 6
1730 621 1
3391 8777 1
3638 1 1
502 9681 2
9681 9553 1
3638 9772 1
494 1774 4
1774 1732 2
1732 3227 1
3227 9405 1
9405 2686 1
2686 1426 1
1426 9345 1
9345 502 1
8163 1282 1
1282 3761 1
8798 1746 1
1738 608 1
608 1002 1
1002 3225 1
3225 7831 1
7831 6062 1
6062 2802 1
2056 9496 1
3279 2893 1
2893 5497 1
9773 1426 2
1426 2576 1
2576 4890 1
4789 7540 8
621 8392 2
7210 5596 1
502 7805 1
7805 4789 1
4789 608 1
608 5408 1
5408 1053 1
1053 502 3
3154 4069 2
4069 7540 2
8392 4584 1
4789 8987 1
8987 5955 1
5955 482 1
482 1597 3
8777 6094 1
6094 3063 1
3063 1282 1
1282 4739 1
4739 8685 1
8685 1738 1
1738 8336 2
8336 1734 1
9587 1701 3
3727 1032 1
2576 9397 1
9397 4395 1
4090 3828 1
3828 502 1
5408 494 2
494 8282 2
8282 6911 1
6911 1701 1
1701 8075 1
8075 8027 1
8027 8824 1
4090 3555 4
3555 4086 1
4086 5779 9
5779 4407 1
3938 3297 1
3297 3787 1
3787 1426 2
1426 1033 1
1033 7053 1
3011 834 1
834 502 1
4790 3861 1
3861 1701 1
1701 840 2
840 3787 5
2018 3761 14
3761 6602 1
6602 9413 1
9413 9515 1
9515 2576 7
2576 9077 6
5408 8678 1
8678 9415 1
9415 7694 1
7694 8576 3
2018 3070 2
3070 675 1
675 7946 1
7946 3815 1
3815 4925 1
4925 8678 2
8678 4086 1
5779 1037 1
7036 7210 1
7210 3391 1
3391 7073 1
7073 7540 1
8045 3209 1
8741 6965 1
6965 6366 1
6366 4788 1
9585 5818 1
1785 1 1
7197 4090 7
4090 2061 4
2061 9587 3
641 6814 1
6814 9773 1
9773 1772 1
1772 5822 1
9787 1868 1
1868 8877 1
8877 6275 1
6275 3761 5
3761 594 3
594 3880 6
3880 7722 1
9621 1842 1
1842 502 1
4235 1738 1
3600 2688 1
218 4086 1
4086 4925 2
4925 3154 2
3154 6663 2
7053 6892 1
6892 5408 1
2576 1097 1
1097 8591 1
8591 1037 1
1037 5779 1
5779 5508 1
5508 3761 1
7210 481 1
481 502 1
9496 2579 1
2579 3252 1
3252 2576 1
8270 7666 3
9621 2430 1
3761 2326 1
2326 9014 1
9014 2576 1
2576 5817 2
5817 4317 1
4317 7513 1
7513 4076 1
4076 1469 1
4478 1053 1
494 8824 2
8824 728 1
728 8164 1
8164 401 1
401 5497 1
4701 4788 3
8392 7804 1
7804 4578 1
4578 4104 1
4104 5478 1
5478 9216 1
9216 5171 1
5171 8988 1
8988 1734 3
1734 9215 1
9215 3281 1
3281 5166 1
5166 3761 1
3761 7925 1
7925 9773 2
9773 5166 1
5166 2595 1
2595 2865 1
2865 2576 2
2576 4226 1
2056 6436 2
6436 1469 2
1469 8591 1
8591 4478 1
4478 750 1
750 3010 1
3010 3761 2
3761 5857 1
5857 5864 1
5864 5408 1
5408 4086 1
4086 4700 2
4790 4479 1
4479 1037 1
6925 4086 1
5779 3761 2
3761 9077 3
9077 502 3
6092 4752 1
4752 2212 1
8347 5408 1
5408 4102 1
993 5858 1
5858 3735 1
3735 8838 1
8838 2576 2
2576 4077 2
4077 1508 1
1508 7540 1
7540 1513 2
1513 2576 3
2576 3691 4
3691 8576 1
9585 4149 1
4149 6965 1
6965 6327 1
6327 476 1
476 4090 1
3555 5818 1
5818 2576 2
2576 1785 1
1785 4585 1
4585 993 1
993 502 1
502 269 1
269 3359 1
3359 4389 1
2024 1738 11
6052 9787 6
4090 703 6
703 8582 4
8582 7782 3
7782 625 2
625 875 1
875 7208 1
7208 4041 1
4041 3351 1
3351 476 1
476 8400 1
8400 8415 1
8415 8628 1
8628 2576 1
2576 973 1
973 755 1
755 5408 2
5408 6582 1
6582 7786 1
7786 5171 1
5171 6685 2
6685 951 1
951 5116 1
5116 1785 1
1785 5200 1
5200 8582 1
8582 8241 1
8241 3523 1
3523 9585 1
9585 1667 1
8400 4108 1
4108 700 1
700 2819 2
453 7823 1
7823 1973 1
1973 8827 2
8827 2686 1
2686 7823 1
7823 5260 1
5260 625 1
625 3923 1
3923 8582 1
8582 6087 1
6087 4940 1
4940 3154 5
3154 1667 1
1667 7684 1
7684 7917 1
7917 8791 1
8791 4561 1
4561 329 1
329 4375 1
4375 4789 1
4789 8392 2
8392 3368 1
3368 2935 1
2935 6110 1
6110 2809 1
2809 5687 1
5687 269 1
269 6087 1
6087 1785 1
1785 2024 1
2024 386 1
386 9166 1
9166 2576 1
1667 4082 1
4082 7140 1
7140 624 1
624 7917 1
7917 502 5
4118 502 1
8678 7569 3
7569 3550 3
3550 3011 4
3011 1037 7
3216 6582 1
6582 7569 2
1560 8632 1
8632 5116 1
5116 549 1
549 7917 1
7917 5497 1
5497 3513 1
3513 864 1
864 2058 1
2058 7131 1
7131 1032 1
1032 9810 1
9810 7794 2
7794 2576 1
4701 3623 1
3623 695 1
695 6471 1
6471 607 1
607 1667 1
1667 4069 3
4940 1062 4
7903 3623 1
3623 1037 1
1037 8031 2
8031 5591 1
5591 502 3
502 3734 5
3734 2576 1
2576 7104 2
7104 8415 1
8415 8965 1
8965 1513 1
1513 3154 2
3154 4082 1
4082 2430 1
2430 7230 1
7230 2576 1
2576 1527 1
1527 7917 1
7917 4396 1
4396 7540 1
7540 4102 2
4102 762 2
762 502 2
502 6395 1
6395 3679 1
494 5740 4
5497 3347 8
3347 2916 1
2916 1516 1
1516 6984 1
6984 401 1
401 6949 1
6949 7540 1
7540 4701 9
4701 8443 1
8443 3787 1
1919 2819 1
2819 7888 1
7888 2501 1
2501 1701 1
1701 7799 4
2501 8576 2
8576 9415 5
9415 9585 4
4402 9414 4
9414 1577 1
2062 5302 1
5302 9787 1
2024 3276 1
3276 7513 1
2576 1453 1
1453 3492 1
3492 3341 6
3341 1 1
556 155 1
155 1701 1
1701 1062 2
482 2501 3
2501 797 1
797 7128 3
7128 4142 1
4142 1062 3
1062 7773 1
7773 482 1
3342 155 1
155 4478 1
4478 5596 1
5596 8582 1
8582 1785 1
1785 3154 1
3154 6818 1
6818 482 1
482 1062 18
1062 1738 4
1738 3143 2
3143 930 1
930 9585 8
1062 3683 2
3683 1420 2
1420 9481 1
9481 2552 1
2376 3011 1
3011 968 2
968 2592 2
2802 1785 1
1785 1566 1
2576 6965 1
6965 9772 1
9772 2607 4
2607 1727 1
1727 782 1
7388 6756 1
6756 6452 1
6452 502 1
6758 2024 2
2024 1683 1
1683 2686 4
2686 1602 1
1602 1659 1
1659 8576 1
3074 1128 2
2595 218 2
4789 2437 1
2437 4382 1
4382 9497 1
4925 1 2
8577 2688 1
218 3787 4
3787 1365 1
1365 8777 1
9555 9345 3
9345 7540 1
7540 2688 1
2688 8392 1
8392 7388 6
7388 2694 2
2694 8637 2
8637 9681 1
3638 4407 1
4407 3653 1
4069 4940 1
4789 6037 1
6037 3787 1
3787 7224 1
7224 8398 2
8398 5927 1
5927 8576 1
2819 6374 1
7701 4368 1
4368 970 5
970 8347 1
8347 8276 1
8276 502 1
7388 4597 1
4597 3228 1
3228 1659 1
1659 3761 6
3761 4645 1
4645 5448 1
5448 502 1
502 9515 11
9515 5497 2
5497 4925 1
4925 1577 1
1577 502 6
502 7569 9
7569 2049 1
2049 968 1
1659 3011 2
3011 8123 1
8123 242 1
242 5268 1
5268 3787 1
3787 5024 3
5024 3600 2
3600 502 3
9496 8400 1
8400 6685 1
6685 8635 1
8635 6910 1
6910 3761 1
3761 6663 5
6663 5969 1
5969 5554 1
5554 9621 1
9587 6692 1
6692 3562 1
1667 502 1
502 2709 1
2709 3600 1
3600 6996 1
6996 6318 1
6318 718 1
718 3409 4
3409 7637 1
7637 8582 1
8582 1560 2
1560 5497 1
5497 3400 1
3400 9585 1
6663 7669 1
7669 5300 1
5300 4790 5
2576 5147 1
5147 1919 1
1919 371 2
371 7661 1
7661 6913 2
6913 3787 1
2809 8334 1
8334 4467 1
4467 1667 1
1667 7773 2
7773 502 9
502 3674 1
3674 3208 1
3208 2543 1
2543 2576 8
5687 8608 1
8608 6110 1
2819 3821 1
3821 3787 1
4925 6752 1
6752 1659 1
1659 2686 3
1597 4790 1
4790 4035 1
4035 6735 1
6735 9585 1
9585 8337 3
8082 7511 1
7511 3679 1
494 5755 1
5755 6954 1
2576 689 4
7498 2018 1
494 8946 5
8946 951 1
1394 3391 1
3391 6687 2
6687 3661 1
3661 8576 1
2819 2543 1
2576 9532 1
9532 4226 1
4226 502 1
7945 440 1
782 3998 1
3998 1243 1
1243 5300 1
5300 4086 1
5408 7941 1
7941 4714 1
4714 1357 1
1357 7596 1
7596 6978 1
6978 1734 1
1734 9552 1
9552 4012 1
4012 4925 1
4925 2018 1
482 3761 13
3761 2134 1
2134 3761 1
482 6607 1
6607 3674 1
3674 7135 1
7135 2491 1
2491 3008 1
3008 7053 1
7053 4439 4
4439 3761 1
3761 5817 3
5817 4701 1
2595 2490 2
2490 386 1
386 420 1
7540 4034 1
4034 2595 1
2595 6314 1
6314 8177 1
1860 502 1
5902 7552 1
7552 1730 1
1730 2576 1
2576 5924 1
5924 7552 1
7552 1282 1
1282 4033 1
4033 808 1
808 3846 1
782 1987 1
1987 3787 1
3787 9663 1
3787 7729 1
7729 2576 1
2576 6374 2
7701 5483 1
5483 7840 1
7840 7436 1
7436 5215 1
5215 1659 1
2121 9496 1
9496 5494 1
3639 4086 2
4925 5905 1
5905 421 1
2576 1860 1
1860 4407 1
3761 4790 2
4090 8785 2
8785 8576 1
7978 5824 1
5824 3787 1
7388 6436 1
6436 1736 1
1736 7626 2
4439 1116 1
1116 3787 1
3402 5300 1
7292 2819 2
7053 2802 3
2802 5306 2
5306 3765 4
3765 4925 2
4925 3761 1
3761 8926 10
8926 5494 3
3639 8300 1
8300 1617 1
1617 1826 1
1826 3154 1
3154 2556 1
2556 9012 1
9012 5848 1
5848 1826 1
1826 9773 2
9773 4331 1
4331 1774 1
4940 3761 9
5497 3974 4
3974 2802 4
218 4407 2
3761 986 3
986 4788 3
4788 3833 1
3833 2576 3
2576 681 3
681 8824 1
8824 9530 1
9530 4749 3
502 604 3
604 9768 5
9768 494 2
494 7914 3
7914 8630 1
8630 9587 1
9587 7224 1
7224 7999 3
7999 9589 1
9589 1 1
6189 3761 15
3761 6467 2
6467 9515 1
9515 2802 5
2802 8300 1
8300 2576 1
2576 4918 6
9515 4727 1
4727 7292 1
7292 4073 1
4073 7627 2
7627 6384 1
3761 1842 2
1738 4749 2
502 8300 1
8300 2188 1
8683 9530 1
4749 3761 1
8926 502 6
3063 604 1
9768 3205 1
3205 8371 1
8371 1597 1
1597 1670 1
1670 8440 2
2576 3666 2
3666 1033 1
1033 5779 1
5779 7071 1
7071 5497 1
5497 3441 1
3441 3787 1
3787 8347 8
8347 722 3
722 7160 1
7160 5460 1
5460 1 1
1585 8947 1
8947 3787 4
5864 3327 1
3327 9590 1
9590 6228 1
6228 3787 4
3787 9517 4
1701 3787 11
7945 4748 1
4748 9773 1
9773 6335 3
6335 9751 1
9751 1062 2
1062 6335 1
6335 4090 1
3600 6275 1
9787 4748 1
4748 4788 2
5172 8577 1
8577 200 1
200 1 1
2430 1701 2
1701 2918 1
2918 4632 1
4090 8216 1
8216 4788 1
4788 9088 8
9088 7773 1
7773 2501 4
3600 1 4
9787 2234 1
2234 8824 1
8824 5576 1
5576 4788 1
742 502 2
4749 5695 1
2802 8805 1
6110 8842 1
8842 4894 2
4894 7799 1
4788 3786 1
3786 2576 2
2576 7115 1
7115 1890 1
1890 4788 1
4788 2413 1
2413 7763 1
7763 6954 1
502 8231 1
8231 1818 1
494 1659 1
8777 3880 1
3880 853 1
853 8557 2
8557 1333 1
4090 1375 2
4788 3381 7
3381 4791 1
4791 7914 1
9006 8414 1
8414 8873 1
2059 1375 1
4788 1701 5
1701 3918 1
3918 3591 1
3591 3020 1
3020 8334 1
8334 3436 1
3436 4407 1
8392 8069 1
8069 3390 3
3390 6347 1
6347 8576 2
7036 4402 1
4402 482 1
8926 3787 4
514 3045 1
3045 2391 1
2391 1543 1
1543 2905 1
2905 2576 2
2576 478 1
478 2664 1
2664 789 1
789 8591 1
8591 2056 4
2056 3327 3
3327 5227 1
5227 3521 1
3521 2627 1
2627 2595 6
2595 8327 2
8327 8475 1
8475 8347 1
8347 494 3
5857 7569 1
7569 4111 1
4111 3865 1
3865 2576 2
2576 7422 1
7422 7694 1
7694 8949 1
8949 3787 1
4701 8347 1
722 1597 1
1597 8334 1
8334 1543 1
1543 7793 1
7793 5460 4
5460 9697 1
9697 2576 2
4317 2072 1
2072 7487 1
2576 9778 1
9778 8591 1
8591 494 7
2024 3022 1
3022 2595 2
2595 3744 1
5460 3761 2
3761 2144 2
2144 7540 1
7701 621 3
9773 1311 1
1311 7428 1
7428 2576 1
9621 7331 1
3727 6479 1
9787 2453 2
2453 8577 1
8577 514 1
514 3787 3
5864 5265 1
5265 8436 1
8436 8127 1
8127 9696 3
9696 2843 1
2843 4432 1
4432 502 2
3600 3352 1
3352 3505 1
3761 4020 6
4020 478 1
478 7540 1
7540 3698 1
3698 2802 1
2802 8724 2
8724 6626 1
6626 494 1
494 8173 1
8173 2595 1
2595 8810 2
8810 1734 1
1734 1531 1
1531 7374 1
7374 3761 2
3761 5158 1
5158 482 2
4789 689 2
689 4407 1
4789 4737 4
4737 7061 1
7061 502 1
3063 4737 1
4737 386 2
386 628 1
628 8489 1
8489 2576 2
2576 8334 2
8334 9523 1
9523 7540 1
7540 4563 1
4563 5396 1
5396 4464 1
494 7252 1
7252 4407 1
4908 4402 1
4402 7843 1
7843 6480 1
6480 8463 1
8463 5497 2
494 7071 1
7071 5779 1
3761 6613 3
6613 2802 6
2802 2247 3
2247 9585 3
9585 2096 1
2096 9772 1
9772 1826 1
1826 5171 1
5171 8735 1
8735 4788 1
4788 441 2
441 2576 1
2576 3667 1
3667 1577 1
9189 2453 1
7701 3761 2
4020 8334 1
2082 9324 1
9324 3780 1
3780 8866 1
8866 155 1
7510 8069 1
8069 4414 1
4414 386 1
386 7829 1
4419 2121 1
3469 3488 1
3488 6520 1
482 2350 1
2350 1597 1
1597 1820 4
1820 9459 1
9459 5264 2
5264 7558 1
7558 7635 3
7635 2082 1
2082 5721 1
5721 5472 1
5472 9320 1
2082 9502 1
9502 3249 1
3249 8334 1
8334 6092 1
6092 9012 1
9012 2790 1
2790 8857 1
8857 2072 1
2072 4314 1
4314 8227 1
8227 3082 1
3082 1734 1
1734 3566 1
3566 6335 1
6335 6553 1
2632 7540 1
7540 2582 1
2582 462 1
462 902 1
902 4400 1
4400 3622 1
3622 6972 1
6972 2576 1
5687 3569 2
3569 8719 1
8719 4317 1
4317 1325 1
1325 3342 1
3342 4940 1
4940 8999 1
8999 8700 1
3683 3626 1
3626 7540 1
7540 4317 2
4317 9599 1
9599 6537 1
6537 2802 3
4789 3242 1
3242 9459 1
9459 386 1
386 7683 1
7683 2975 1
2975 3024 1
3024 8046 1
8046 5183 1
5183 3438 1
5658 2576 1
4317 56 1
56 7835 1
7835 7540 1
7540 3330 1
3330 4407 1
155 9771 1
9771 3761 1
9772 7540 9
8050 9012 10
9012 9263 1
9263 3011 1
7210 1774 1
1774 6094 1
6094 2024 2
2024 7863 1
7863 1 1
1701 8335 1
8335 7868 1
7868 8015 1
8015 2576 1
2576 4701 5
4701 9399 1
9399 5681 1
5681 4940 1
494 5040 1
5040 4407 1
3578 9399 1
9399 9773 1
1774 4414 1
4414 9420 1
2576 4739 2
4739 1734 1
9787 7914 3
7914 1732 1
1732 1 1
1 1734 2
1734 1701 13
1701 5171 4
5171 3127 1
3127 1037 1
9167 5146 1
5146 1919 1
1919 9399 1
9399 4918 1
4918 8846 4
8846 2819 1
482 4373 5
4373 494 7
7945 3844 1
3844 7666 1
9621 352 1
352 1763 2
1763 3011 1
3761 9163 3
7559 2576 7
2576 5131 1
5131 4940 2
4940 1617 1
1617 8300 1
8300 6756 1
6756 5494 2
8658 4737 2
3761 8027 1
8027 3787 1
3638 4376 8
4376 4925 1
9012 7224 1
7224 7625 1
7625 9787 2
9787 565 2
565 6275 1
6275 1701 2
1701 3356 1
3356 2576 2
2576 3918 1
3918 4788 1
4788 8857 1
8857 9772 1
494 7694 11
9787 2595 8
2595 6347 1
4788 7773 5
3402 8678 2
4788 2633 1
2633 9012 1
9012 6513 1
6513 482 2
482 2121 4
2121 4142 3
4142 9787 6
9787 3972 1
218 6676 1
6676 9787 2
8027 2024 1
2024 5497 1
3787 5892 2
5892 762 1
762 4407 3
4407 2430 7
2430 1673 1
1673 820 1
820 218 1
8658 494 3
4187 9787 1
5684 4840 2
4840 530 1
530 3787 1
3638 6436 1
7540 3761 19
4090 7949 7
7949 4402 2
4402 1879 2
1879 2576 1
3761 311 7
311 594 2
4925 4090 2
6016 4392 1
1360 6110 1
9417 6183 1
6183 7540 1
1701 4463 2
4463 8893 1
8893 2576 1
2576 9286 1
7701 6436 4
6436 2843 1
2843 4605 1
4605 7540 1
4790 5843 2
5843 4407 1
4090 5774 3
5774 8691 1
8691 7540 1
8627 4788 1
9772 6573 1
3761 4334 1
4334 3209 1
8741 3591 1
3591 3727 1
3727 9585 4
1761 2234 1
2234 2802 1
8582 6104 1
6104 853 1
853 8873 1
4788 5769 4
5769 502 1
502 6466 2
6466 5840 1
5840 3154 1
4090 6229 1
6229 1818 1
494 5497 4
5497 3663 3
3663 1701 3
1701 9593 2
9593 4329 1
4329 384 1
384 7833 1
7833 2802 1
2802 437 1
437 9520 1
9520 3591 1
3154 7663 2
7663 9077 1
502 1505 13
1505 2576 6
2576 2385 1
2385 502 1
502 3675 2
3675 8142 1
8142 9773 1
9773 5822 2
9787 1774 5
1774 7326 2
7326 1 1
4090 7408 3
7408 4029 1
4029 2576 1
2576 8249 2
8249 7540 3
1701 4407 5
4407 3767 1
3767 3683 1
3683 6687 1
6687 1814 3
1814 7031 1
986 8707 1
8707 2059 1
2059 9024 1
9024 3245 1
2691 2413 1
2413 9772 1
9772 4335 1
4335 2576 1
7044 8071 1
8071 9772 1
9772 2532 1
2532 4895 1
4895 6455 1
6455 3761 1
3761 5460 1
4020 899 1
899 1820 2
1820 7746 1
7746 3709 1
3709 2478 1
2478 502 1
502 5596 1
5596 2966 1
2966 8327 1
8327 5466 1
5466 7941 1
7941 4700 1
4700 1701 2
1701 2248 1
2248 5112 3
5112 9585 3
9585 9401 1
9401 1826 1
1826 9053 1
9053 5466 1
5466 8576 1
4790 2552 1
4235 2478 1
2478 1660 1
1660 8678 1
4090 441 1
441 482 2
7666 8392 13
8392 6519 1
2802 8882 4
4790 2056 1
2576 8071 1
8071 8889 1
1701 9133 1
9133 5009 1
5009 1394 1
9787 5797 5
7701 8683 5
8683 2292 1
4788 8847 3
8847 9006 4
9006 9535 1
9535 588 1
588 6560 2
6560 1009 1
1009 8702 2
8702 4086 1
4086 7095 2
7095 4048 1
4048 8741 4
6573 502 1
5408 2541 1
2541 9692 7
9692 3898 1
9787 8774 1
8774 1659 3
3787 608 1
608 9773 1
1426 8847 1
1394 556 1
556 8683 1
9585 1882 1
7498 1738 6
1738 2541 3
9692 7569 1
7569 1952 1
1952 6560 3
6560 2843 1
2843 8702 5
8702 3679 3
3679 7701 2
7701 6371 4
6371 3562 1
8626 2802 1
4789 6456 3
6456 3761 2
6052 3674 1
3674 7160 2
7160 1827 1
1827 7814 1
7814 2576 1
502 1768 1
1768 621 2
621 4020 1
1660 899 1
1820 9787 3
482 7739 1
7739 2062 1
2062 1701 1
1659 4595 1
4595 8582 1
8582 4334 1
4334 9196 1
9196 1420 1
1420 5561 1
5561 4234 1
4234 4090 1
4090 9352 1
9352 6385 1
6385 4334 1
4334 2024 1
2024 6436 1
6436 1687 2
1687 8683 1
8683 1009 1
1062 6344 1
6344 4407 1
4407 494 5
9012 5801 2
5801 2576 1
1640 144 1
144 4090 1
2287 3787 1
3761 4463 2
4463 7512 1
7512 7095 1
7095 9773 1
9773 6785 1
6785 502 2
502 1045 1
1045 1 1
502 7019 1
7019 6110 1
6110 4478 6
4478 3761 2
1701 3327 2
3327 3787 17
8749 3787 1
7559 607 1
607 1426 1
1426 8565 1
8565 8873 1
502 2955 1
2955 621 1
621 1128 1
1128 2576 1
5408 9587 1
9587 3793 1
3793 2955 1
2955 7613 1
7613 8565 1
8565 3898 1
3898 8591 3
8591 1491 1
1491 2543 10
2543 9787 3
4789 8894 1
2576 7925 3
7925 3787 2
4700 502 1
502 4415 2
4415 8873 3
8873 6145 1
6145 1701 2
1701 7619 1
7619 502 4
502 2986 2
2986 8576 1
4789 2812 5
2812 2086 1
2086 7331 1
7331 5783 1
5783 9008 1
9008 502 1
3154 6519 1
6519 1701 1
1701 3011 1
3011 8926 1
8926 4789 2
4789 8591 3
8591 2802 2
2802 632 3
632 4714 2
8069 2150 6
2150 6687 3
6687 2543 1
3011 1701 3
4090 1784 2
1784 5819 1
9787 2222 1
7635 442 1
4700 4737 1
8591 3327 1
3327 8682 1
8682 8893 1
8893 2543 1
2543 3154 1
2576 9061 1
994 660 1
660 4940 1
4940 379 2
379 8626 1
968 7635 1
7635 2192 1
2192 2576 1
2576 5282 2
5282 9585 1
8926 6436 1
6436 4789 1
4789 7626 1
7626 494 2
494 2543 2
2543 7620 1
7620 8233 1
8233 2576 1
2576 6483 1
6483 442 1
442 4840 1
3787 3016 1
3016 2595 6
3761 9787 3
9787 9047 1
9047 4789 1
4789 3551 1
3551 8965 1
8965 5213 1
5213 1 1
1701 8518 2
8518 5225 1
5225 3250 1
789 2576 2
7540 2027 1
2027 6583 1
6583 4789 3
4789 5442 1
5442 4788 1
494 397 1
397 2576 1
2576 2543 2
502 7017 1
7017 711 1
711 621 2
494 8044 1
8044 8341 1
8341 3683 1
3683 1371 2
7900 5972 1
5972 9585 2
2018 4909 1
4909 1328 1
1328 3786 1
3786 2543 1
2543 4789 1
4789 8682 1
8682 4289 1
4289 6598 1
6598 2576 1
2576 4473 1
4473 854 1
854 4789 2
4789 1701 3
1701 6041 1
6041 9787 4
9787 5066 1
5066 8873 1
8873 2543 1
2543 1408 1
1408 1 4
1 7540 8
7540 8825 1
8825 8097 1
8097 3023 1
3023 2576 1
2576 3277 2
3277 4788 1
4788 5650 1
5650 9787 1
9787 2751 1
2751 4788 1
4788 2059 2
2059 4788 1
4788 8543 1
8543 2668 1
2668 3276 2
3276 2543 1
1062 7128 1
7128 3852 1
9585 6110 3
8741 1124 1
1124 9787 1
6181 1128 2
2595 5408 2
2576 1276 2
1276 4917 1
4917 4464 1
4464 2543 1
2543 502 1
1701 9024 1
3683 4266 1
4266 2637 1
2637 3154 2
3154 2819 4
2819 9012 4
9012 9131 3
9131 7949 1
7949 621 1
621 144 1
144 147 1
147 4142 1
4142 9160 1
9160 6205 1
6205 789 1
789 2595 1
3250 968 1
6662 2819 1
4118 3134 1
3134 7917 1
502 8467 1
8467 2576 1
2576 2121 13
2121 1075 1
1075 7569 1
7569 5135 2
5135 4575 1
4575 4407 2
8702 797 1
797 959 1
959 2802 1
4788 8105 1
8105 4788 1
6575 5442 1
5442 789 1
789 8386 1
8386 8873 1
4788 7781 2
7781 7289 1
7289 2576 1
2576 4834 1
4834 7285 1
7285 3501 1
3501 3787 1
621 4415 1
4415 993 1
8082 4839 1
4839 2576 1
9787 6519 10
6519 8683 2
8683 2802 7
311 1124 1
1124 8626 1
3578 3330 1
3330 5822 1
9787 5487 1
5487 372 1
372 9787 1
482 7851 2
7851 6562 1
6562 7540 3
7540 9060 1
9060 1491 1
2543 9520 1
9520 7540 3
7540 5225 1
5225 789 1
789 4940 1
4940 8079 1
8079 1639 1
1639 4790 1
4790 4464 4
4464 1701 1
1701 6520 1
6520 6801 1
6801 9551 1
9551 8498 1
8498 4834 1
4834 8683 1
8069 6789 1
6789 2576 3
4737 4840 2
4415 9787 3
9787 1594 7
7701 2383 1
2383 4389 1
4389 949 1
949 4090 1
1882 8064 1
8064 7498 1
9692 8576 1
2819 8879 1
8879 7842 1
7842 2528 1
2528 4940 1
9772 6784 1
6784 1701 1
5172 1217 1
8582 6389 1
6389 5053 1
5053 2802 4
2802 6560 1
6560 6436 1
9585 418 1
418 2541 1
9692 502 1
9580 1952 1
3761 3823 1
3358 4988 1
4988 4940 3
4940 6115 1
6115 8380 1
8380 4267 1
4267 3683 1
3683 6162 3
6162 4788 1
6622 9585 4
9585 1472 2
1472 5159 1
5159 8850 1
8850 7053 2
7053 1375 1
1375 9530 2
9530 3321 3
5473 3787 2
3787 4414 3
4414 3602 2
3602 9520 1
9520 2003 1
2003 689 1
689 2541 1
2541 3023 2
3023 502 1
6520 3383 1
3383 8879 2
502 8260 3
8260 4788 1
7918 9420 1
9420 9787 3
977 1673 2
1673 8741 2
8741 3663 1
3663 9585 2
9585 1375 1
3602 9792 1
9792 4701 1
2595 4267 1
4267 2576 1
2576 193 1
193 6162 1
6162 826 1
826 1734 4
1734 9517 1
9517 8321 1
8321 1307 1
1307 499 2
499 6748 1
6748 4713 1
4713 9773 1
9773 9714 4
9714 2576 2
674 2024 1
2024 9352 1
9352 453 1
4090 588 7
5533 1399 1
1399 9530 1
9530 1597 7
1597 6110 1
6110 9772 7
7014 7603 1
7540 1230 1
1230 131 1
131 6157 1
6157 1734 1
1734 6484 1
6484 1912 1
1912 2576 1
2576 7063 1
7063 8576 1
9585 5914 1
5914 7701 1
7701 1037 4
1037 3143 1
3143 750 1
750 1505 1
1505 4788 2
4788 9077 1
9077 3562 1
3562 1597 4
1597 8344 1
8344 892 1
892 4940 1
4940 4661 1
4661 6158 1
6158 6337 1
6337 1734 1
1734 8509 1
8509 8035 1
8035 6553 1
6229 8582 1
7559 4090 9
4090 6642 1
6642 3787 3
4788 6230 1
6230 4407 1
4463 4790 6
4790 7302 2
7302 5224 1
5224 6002 1
2018 1307 1
499 6315 1
6315 7701 1
502 342 1
342 8678 1
8678 9773 1
9773 3954 1
3954 6533 1
6533 7540 3
4790 2691 1
2691 5119 1
4788 5797 1
8582 1946 1
1946 2819 1
2819 1375 1
3787 3695 1
3695 3602 1
3602 9530 2
5473 1659 1
1659 6915 2
6915 2121 1
2121 1659 4
2576 7388 1
7388 8031 1
8031 594 2
7666 218 1
218 3761 3
1701 4010 1
4010 3787 2
2595 1516 1
1516 3241 1
3241 4086 1
4086 3343 1
3343 3208 1
3208 7540 1
3154 6324 1
6324 8097 1
8097 9692 1
9692 2576 1
9773 3877 1
3877 8133 1
8133 579 1
579 502 1
502 9518 1
9518 7480 1
7480 8576 1
4788 2694 2
1730 9663 1
9663 9345 2
9345 1597 1
1597 1987 1
2576 613 1
613 371 1
371 1606 1
1606 9343 1
9343 3761 1
3761 7197 3
3727 8741 1
8741 9489 1
2056 1262 1
1262 4788 1
218 8576 2
4788 155 4
155 7540 1
7540 3663 1
3663 9224 1
9224 482 1
4464 502 1
2576 6358 1
6358 6275 1
6275 7773 1
7498 3796 1
3796 2819 1
4788 289 1
289 2576 1
2576 3607 1
3607 1738 1
5819 3911 3
3911 4090 1
4090 1068 1
1068 8069 1
7780 3761 2
4020 8873 1
502 2065 2
2065 3560 1
3560 6971 2
6971 2986 1
2986 2576 1
2576 3674 4
3674 1033 1
1033 1931 2
1931 7187 1
7187 2986 1
2986 8719 1
8719 3761 2
3761 4540 1
4540 770 1
770 4788 1
4788 2923 1
2923 1701 1
1701 4632 8
494 1575 2
9012 6730 1
6730 8576 1
2819 9189 1
9189 4583 1
4583 1033 1
1931 2576 1
2576 4585 4
9459 2986 1
2986 1941 1
502 3652 2
3652 3823 1
3358 7948 1
7948 3013 2
3013 5398 1
5398 3537 1
3537 371 1
371 3222 1
3222 7513 1
7513 1701 1
2093 7666 12
7666 2024 2
4090 692 14
692 8582 3
8582 8133 1
8133 2018 1
3727 4950 1
4950 4788 1
8678 1210 1
1210 482 2
4788 3222 1
8487 8582 1
8582 1516 1
1516 7515 1
7515 6741 1
6741 8591 1
7524 5497 1
5497 9343 1
9343 2809 1
2809 9403 1
9403 418 1
418 7701 3
5497 4317 6
4317 9343 1
9343 8138 1
8138 502 1
4086 7388 1
7388 203 1
203 2819 1
2819 8564 1
8564 2576 1
2576 2595 2
2595 4789 7
4789 5937 1
5937 6399 1
6399 2049 1
2049 3787 1
9250 9787 2
4632 1701 2
9585 2093 2
2093 4086 1
4086 8317 1
8317 7883 1
7883 2576 1
2576 1293 1
1293 2576 1
9787 4248 1
4248 4233 1
4233 1026 1
1026 9787 1
7407 6275 1
6275 5355 1
9585 1649 1
1649 502 1
1443 1701 2
1701 4718 1
4718 3683 1
3683 7403 1
7403 4407 2
4407 6129 1
6129 1177 1
1177 4788 2
4788 3011 2
3011 9012 2
8346 2576 2
2576 8053 1
8053 6436 1
9772 3169 1
4922 984 1
984 4608 1
4608 9131 1
8268 4222 1
4222 3358 3
494 916 1
916 2695 1
2695 2072 1
2072 5460 3
5460 2576 6
2576 4699 2
4699 3692 1
3692 1628 2
1628 3761 1
3761 9050 1
9050 4701 1
2595 7793 1
9787 742 2
4788 2423 1
2423 6324 1
6324 447 1
447 1738 1
1738 3039 2
3039 1701 1
1701 2409 1
2409 3242 1
3242 4069 1
5789 2576 2
9585 5460 1
5460 7773 1
9787 6313 1
6313 3854 1
3854 3787 3
7701 9696 3
9696 9787 4
9787 2180 1
2180 4789 1
4789 3337 1
3337 5596 1
5596 5610 1
5610 2576 1
8683 3247 1
674 2188 1
2188 9787 1
3381 4788 4
9772 3835 1
742 1408 1
502 7348 1
7348 9697 1
9697 5497 1
1701 4392 1
4090 9024 2
9024 482 2
8582 4005 1
4005 9787 1
9787 9459 2
1659 6306 1
6306 9397 1
502 2072 3
2072 3144 1
3144 2576 3
2576 6141 1
5272 6584 1
6584 4210 1
4210 8036 1
8036 9420 1
9420 1701 1
1701 986 1
986 8921 1
9094 9397 1
9397 2819 1
2819 1628 1
1628 4902 1
4902 4355 1
4355 4068 1
4068 4788 1
3683 6466 1
6466 5609 1
5609 5460 1
5460 9587 2
9587 2405 1
2405 7498 1
2903 447 3
447 9787 1
9787 6582 1
9772 2296 1
2296 2802 1
2802 7608 2
7608 2576 2
2576 8320 4
8320 7540 1
4790 8144 1
8144 5310 1
3787 9515 4
8702 8346 2
8346 5355 1
1443 4233 1
4233 4376 1
4376 6633 1
2576 8873 12
218 1594 1
1594 5049 1
5049 9515 1
9515 8658 1
8658 8576 2
9585 6671 1
6671 9012 1
9012 3787 9
3787 4765 1
4765 6467 1
6467 8591 2
8591 3402 1
3402 9787 4
5818 547 2
218 6436 1
3495 1829 1
1829 502 1
3154 1575 1
9012 4392 1
4090 2107 2
2107 1437 1
7635 9787 4
9787 2232 1
2232 3245 1
2691 8591 2
8591 6099 1
6099 1 1
9787 5695 5
2802 4749 4
2576 2188 2
2188 502 1
3063 3787 2
3787 6871 1
6871 8177 1
8177 8371 1
8371 8400 1
8400 7635 2
7635 6436 1
6436 7626 5
7626 2802 1
8724 1290 1
1290 9607 1
9607 2073 1
2073 1399 1
5596 8163 1
8163 3381 1
3381 4789 4
9787 4195 1
4195 2595 1
2595 9585 4
2248 9585 3
494 6500 1
6500 8576 1
3381 7407 1
7407 8623 2
8623 1037 1
1037 4012 3
4012 4086 1
3597 825 1
825 5299 1
5299 7540 3
7540 4194 1
4194 494 1
9787 8626 3
371 8052 1
8052 9585 1
9593 4210 2
4210 9118 2
1958 4082 1
9012 7225 1
7225 9585 1
6502 9787 1
9787 4793 3
4793 9585 9
9787 9023 1
9023 5497 1
5497 1414 1
1414 2576 1
2576 2208 2
2208 7540 1
7540 9773 16
9773 4194 1
4194 9787 1
4090 5615 3
5615 5687 1
5687 7417 1
7417 1 1
8626 2018 2
4789 6704 1
6704 502 2
4086 1445 1
1445 1597 1
1659 8678 1
8136 9189 3
9189 9024 1
9024 621 1
3727 8149 2
502 5715 1
5715 1037 1
2722 9787 2
9787 7967 3
7967 6163 1
6163 6275 1
6275 502 2
7407 6436 1
3787 3641 6
3641 4090 3
9585 2585 1
2585 7463 2
7463 1628 1
1628 853 1
853 6334 1
6334 4194 1
4194 2576 1
9787 853 3
853 2430 1
2430 4789 2
4789 7799 5
7799 6610 1
6610 2576 1
7755 4789 1
4789 4745 1
4745 9787 2
1408 3495 1
3495 333 1
333 1361 1
1361 2576 1
1062 2488 3
2488 7573 1
7573 9032 1
9032 1 1
1 1326 3
2107 1818 1
494 2501 5
2501 5497 3
8171 4336 1
4336 8459 2
8459 502 1
502 5267 1
5267 502 1
502 7729 1
3638 5112 4
621 1853 2
1853 2592 1
2592 5407 3
5407 2576 1
5171 9201 1
9201 1818 1
494 8577 3
2576 6735 1
7715 5146 1
5146 1062 1
8542 4336 1
8459 9787 4
8637 8555 1
8555 1853 1
1853 9787 2
1640 6735 1
6735 8576 1
6520 4916 1
4916 502 3
1597 3638 3
5112 3787 1
4701 9304 2
9304 9587 1
9587 2269 1
2269 9787 1
8591 6093 1
6093 5787 1
5787 2576 1
371 8637 1
4090 1413 2
1413 4407 1
2435 4233 1
4233 2301 1
2301 3509 1
3509 3683 1
3683 4192 1
4192 2576 1
4789 6109 1
2802 1991 1
1991 5 1
5 3754 2
3754 7799 1
1826 4336 1
4373 1660 1
1660 4373 1
4373 6713 1
6713 4788 1
4788 2107 5
2107 1394 1
1394 502 3
604 3074 2
3074 1443 3
1443 9787 10
2501 4389 1
4090 485 2
485 494 1
1062 4788 6
4788 2552 1
2552 4336 1
4392 2024 1
2024 2501 1
2501 4090 7
2552 7559 1
2501 4147 1
4147 3578 1
3578 1597 1
1597 4153 3
4153 1738 1
1738 604 1
1443 1582 1
1582 1 1
6189 1062 1
9414 2501 1
2501 5339 1
5339 8030 1
8030 7540 1
7701 9697 2
9697 4336 1
9787 8702 9
8702 4234 1
4994 1 1
5818 1586 1
1586 8633 1
8633 9787 1
4090 404 2
404 840 1
9787 4194 1
4194 4632 1
4090 5085 2
5085 1630 1
1630 2592 1
2592 5800 1
5800 4439 1
4439 4701 2
4701 502 4
8582 1583 2
1583 993 1
993 6558 1
8576 9489 1
9489 9530 2
9530 5924 1
5924 1818 1
1818 594 1
594 4789 2
4789 3739 4
3739 3154 2
2576 6109 1
6109 7540 1
2926 6719 1
6719 2430 1
7302 9787 5
9787 6687 2
6687 3739 1
3739 2576 4
6687 7666 3
7666 7451 1
7451 502 1
502 605 1
605 2576 1
2576 4383 1
7388 4789 1
7540 3739 2
3739 2109 1
2109 1427 1
1427 9414 2
9414 1738 1
1738 5309 1
5309 502 1
4790 695 2
9585 5186 1
5186 502 3
502 7361 4
7361 4407 1
4407 1651 2
1651 9012 2
9012 7694 3
7694 9585 1
7540 797 1
797 9119 1
9119 8678 1
2576 6834 5
6834 5596 1
4076 494 2
494 4793 2
7694 5187 1
5187 853 1
853 2802 2
2121 8263 2
8263 3501 1
3501 4789 1
4789 4714 1
4714 5543 1
5543 7401 1
7401 6687 1
6687 5224 1
3683 8889 1
8889 2576 2
8337 5171 1
5171 5158 1
5158 7952 1
7952 4789 2
4789 378 1
378 4789 1
4789 7300 1
7300 6687 4
6687 8678 4
8678 2819 5
8110 4020 1
4020 5497 1
1820 2809 1
2809 8912 1
8912 951 1
951 9773 1
8487 1738 1
1738 1683 2
1683 8850 3
8850 2430 1
2430 4073 1
4073 1394 1
5001 3154 2
3154 3883 1
3883 4207 1
4207 7012 1
7012 2576 2
2576 436 1
436 4463 1
3383 4194 1
4194 1594 1
1594 8685 1
4902 3348 1
3348 5002 2
5002 1 1
6186 4073 1
4073 7302 1
7302 1326 1
2691 9787 6
7701 4859 1
4859 3245 1
2056 2691 9
7694 2802 1
502 5266 1
5266 8685 1
8685 1791 1
1791 7942 1
7942 4463 3
4463 8889 1
2691 8894 1
8894 1333 2
9313 2501 1
2501 3665 1
3665 8685 1
8685 5171 3
5171 482 2
9418 9024 2
9024 3809 1
3809 3245 1
8894 4210 1
4210 5692 1
5692 9585 2
7694 7559 1
7559 8321 1
8321 9313 3
9313 4350 1
4350 494 1
3727 8221 1
8221 6252 1
494 6514 1
6514 8582 1
8582 3663 1
3663 4788 1
3358 9024 2
9024 3013 1
3013 9585 1
4788 2093 1
2093 722 1
722 3787 6
3787 861 1
861 2576 1
4790 8059 1
8059 494 3
9012 7276 1
7276 8458 2
8458 3365 7
3365 2802 1
4714 3954 1
3954 3787 4
1919 7897 1
7897 2576 2
9585 8890 1
8890 1333 1
1333 494 1
4090 3245 1
3245 2709 1
2709 2819 1
2819 139 1
139 4142 38
1701 2819 3
9787 4916 3
4916 316 1
316 7407 1
7407 9414 2
9414 5596 1
5596 2054 1
2054 2073 1
2073 6756 1
6756 4090 1
4789 6419 2
4142 7588 3
7588 502 1
7569 4438 1
3011 8894 1
9313 2121 1
2121 5810 3
5810 4788 1
4788 4489 2
4489 3841 2
3841 502 2
502 8782 1
8782 1820 4
5810 8321 1
9313 1606 1
1606 1820 4
1820 8321 1
8321 9791 1
1443 9251 1
9251 2576 3
8149 6687 1
8889 4788 1
494 748 1
1919 3787 2
5238 5819 1
5819 7211 1
7211 8805 1
8805 1 1
1 6110 3
6110 7459 1
7459 3154 1
8576 4373 1
4373 2802 8
4090 6456 2
6456 9038 1
9038 2576 3
6834 155 10
155 618 11
618 634 1
634 502 3
1659 8050 1
8050 3846 1
4790 9275 1
9275 7274 1
7274 1 1
9006 2576 2
2576 7897 2
7897 6881 2
6881 3562 1
8626 3787 2
1659 4737 1
7588 2595 1
2595 7313 1
7313 9024 1
4788 6834 1
618 9489 1
9489 502 4
502 1683 4
1683 632 3
632 3903 1
3903 8889 1
8889 146 1
146 1333 1
1333 6002 1
2576 2351 1
2351 502 2
502 8889 2
8889 502 1
7569 968 3
1037 3954 1
3954 8576 2
8576 7799 3
4414 7897 1
7897 9791 1
9791 3787 4
1443 8321 1
9313 2576 1
7540 7904 2
7904 3787 3
1360 6583 1
6583 9103 1
9103 8470 1
8604 9587 1
1594 4788 8
4788 1660 2
1660 3787 7
3787 6779 1
6779 5812 1
5812 4788 1
4142 7874 1
502 2687 1
2687 2576 1
4289 4788 1
3898 8470 1
8470 2694 1
2694 4266 1
4266 1594 1
4788 3022 2
3022 8321 1
8321 502 1
2056 632 2
632 3963 1
3963 2576 1
4788 695 3
695 2501 1
1443 502 5
1659 2024 1
2024 4752 1
4752 5930 5
5930 7540 1
7540 1597 2
1597 5171 1
5171 5694 1
5694 3787 1
3787 691 3
691 4193 1
4193 748 1
9038 5112 4
5112 7540 1
4788 8557 2
806 1941 1
594 3391 1
3391 3011 1
3011 802 1
802 4233 1
4233 6211 1
6211 8637 1
8637 5693 1
5693 5200 1
5200 4840 1
4840 6393 1
6393 3787 1
7559 8894 1
8894 3505 1
3505 2576 6
2576 4601 1
4601 1651 1
1651 8576 5
9587 7602 2
7602 1651 1
1651 3787 3
3787 7066 1
7066 7976 1
7976 1333 1
1333 4788 1
7945 3787 2
3727 8637 6
8637 1062 6
1062 8762 1
1660 8547 1
8547 155 1
155 8462 1
7058 5866 1
9517 4940 1
3154 9772 2
9772 3679 5
3679 4727 1
4727 502 2
7945 9772 3
9772 9363 1
9363 260 1
260 2018 1
4788 4552 1
4552 8576 1
8576 7540 1
7540 1403 1
1403 8678 1
502 9696 3
9696 4388 1
4388 9071 1
9071 6892 1
6892 4788 3
4788 4336 5
4336 973 1
973 2802 1
968 9196 1
1033 9384 2
9384 2194 1
2194 2883 1
2883 7666 1
7666 8547 2
8547 5769 1
8576 8459 7
8459 4388 1
4388 6417 2
6417 2802 1
9773 2812 1
2812 4090 3
494 4445 1
7559 4142 1
4142 8637 1
8637 4392 1
4090 5692 3
5692 502 1
8889 4222 1
5692 3664 1
3664 8531 1
8531 4788 4
4788 8890 1
8890 951 2
4788 7852 1
7852 5817 1
5817 2576 2
8136 2406 1
2406 8683 2
8683 6514 1
6514 502 1
621 4350 2
2024 2576 6
8637 7211 1
7211 2843 1
1062 4714 3
4714 3894 1
3894 1625 1
1625 7073 1
7073 8782 1
1820 514 1
514 2809 1
2517 9587 1
9587 4392 2
4090 6144 2
6144 4790 1
4790 5688 1
5688 8513 1
8513 6356 1
6356 9585 2
4142 6961 1
6961 1328 1
1328 2501 1
2501 5508 1
5508 9787 1
8685 8576 1
8576 1941 5
1941 4407 2
4407 4392 3
4392 4048 1
4048 9772 2
4090 7224 1
7802 2576 1
8320 1672 1
1672 9803 6
9803 2121 7
2121 2570 6
2570 4090 1
7842 1659 2
1659 8741 2
8741 3880 15
9787 7096 1
7096 7540 1
7540 8321 1
8321 2576 4
2576 8332 1
8332 9585 1
9585 2107 3
2107 2501 2
2501 7538 1
502 420 1
420 1829 1
1829 4790 1
4790 8921 1
453 4392 1
4392 6252 1
6103 8170 1
8170 4926 1
4926 3154 1
3154 3890 3
3890 2501 2
2501 1696 1
1696 4925 1
4925 2107 1
2107 8591 3
8591 3247 1
3247 8268 1
4336 4392 1
2107 9787 1
4090 840 2
840 4407 1
4407 6506 1
6506 1651 1
482 5511 1
5511 9585 1
9585 2121 11
1597 5300 1
8626 695 2
4925 337 1
337 5306 1
3765 1971 1
1971 5027 1
5027 2248 1
2018 4142 2
4142 8591 1
8591 2576 5
2576 6961 2
6961 8678 1
4788 9189 6
9189 9012 12
9012 8880 1
8880 5123 2
5123 3253 1
3253 1586 2
1586 986 1
986 3683 1
3683 3739 3
3739 7540 1
7540 9414 1
9414 7666 2
7666 6682 5
6682 7331 2
7331 5523 1
5523 3787 1
4925 4788 1
4788 9004 1
9004 5497 1
5497 1651 1
1651 530 1
2576 7705 1
7705 594 1
594 2819 2
8702 4788 3
4788 6454 1
6454 8557 2
8557 9787 1
2056 7300 1
7300 1037 2
3683 5693 2
5693 9787 1
8350 8006 2
8006 9585 1
3727 9164 2
9164 8244 1
8244 9787 1
4289 7900 1
482 9522 1
9522 2325 1
2325 7666 1
7666 7498 2
7498 689 1
8371 2582 1
2582 9787 1
6696 542 1
542 502 1
4789 4400 1
4400 7498 1
4714 1915 1
1915 8576 1
3727 6015 1
6015 3074 1
3074 4400 1
4400 502 4
502 2582 1
2582 9402 1
9402 2305 1
2305 2576 3
9787 666 1
4789 2292 1
5171 6630 2
6630 2576 3
7896 9080 1
9080 5911 1
5911 2582 1
2582 2576 2
2576 4400 1
4400 3787 1
9787 6132 3
6132 4540 1
4540 2802 1
2802 6335 1
6335 7095 1
7095 2719 1
2719 3154 1
1651 2802 1
4788 5196 1
5196 8782 1
1820 384 1
384 1660 2
1660 7799 1
9787 9415 2
9415 494 3
482 2018 3
2018 92 8
92 4790 2
3727 2357 1
2357 3683 1
3683 3509 1
3509 3855 1
524 8494 1
8494 8459 1
8459 8050 1
8050 5523 1
5523 7705 1
7705 2056 6
2056 634 2
634 3787 1
4925 6002 1
1651 7705 1
2056 4439 1
4788 9038 3
9038 8637 1
1443 7540 1
8681 9587 1
9587 7116 3
7116 3402 1
1 2018 8
3679 8678 1
2576 1919 18
1919 7497 1
7497 4790 2
4790 5765 1
5765 3787 2
4925 7715 1
7715 6110 1
6110 5930 3
5930 5137 1
5137 482 2
4790 9414 2
9414 4090 3
4090 4552 1
4552 1738 2
1738 9250 2
9250 1659 1
1659 556 1
556 2812 3
482 702 1
702 7197 1
7197 702 1
702 1566 1
1566 8702 1
4090 4790 3
4790 4701 3
4701 4407 1
2576 4142 5
4142 1 4
930 6110 1
5930 4788 1
596 2403 1
2403 2576 2
494 245 1
245 4895 1
4895 3342 1
2576 5146 1
5146 4788 1
4788 3401 1
3401 4902 1
4902 2018 1
4788 7079 1
7079 3787 1
4438 3146 1
3146 4678 1
4678 502 1
8633 1581 1
1581 702 1
702 9787 1
9772 6514 4
4090 5740 3
5740 4966 1
4966 9787 7
9787 9402 1
9402 666 1
8626 2024 1
371 9168 1
9168 3683 1
3683 8010 1
8010 5976 1
4233 4789 1
4789 8268 4
1394 1062 6
2488 3636 1
3636 3662 1
3662 3775 1
3775 9032 1
9032 9787 1
7559 2812 1
9787 3883 1
3883 7701 5
4090 3775 1
3775 1 1
1 2851 1
2851 2701 1
2701 1 1
9787 4126 3
4126 6202 1
6202 1360 1
1360 9787 4
8337 1577 1
1577 8637 1
8637 1774 2
1774 9795 1
9795 6375 1
6375 9585 1
453 3883 1
7701 7573 1
7573 9787 1
7701 6503 1
2802 8347 4
2576 4793 1
9772 5769 2
5769 2292 1
2292 1 1
6189 7540 2
4337 2054 1
2054 9587 2
9587 9402 1
9402 7799 1
7799 2024 2
2024 9589 1
9589 9520 2
9520 386 3
386 4789 1
4789 3705 1
3705 8626 1
8626 5487 2
5487 9787 2
9787 7701 8
7701 9593 4
9593 3911 1
3911 4789 2
840 1566 1
556 2018 4
4090 5185 5
5185 3636 1
3636 1062 1
1062 3883 1
7701 8221 1
8221 7573 1
7573 8745 1
8459 5900 1
5900 3683 1
3683 2700 2
2700 7576 1
7576 9032 1
9032 6275 1
9787 3890 2
3890 2576 1
2576 7573 1
7573 2576 1
2576 3775 1
3775 191 1
2555 8873 1
1062 1597 1
1597 2700 1
2700 8745 1
6256 4210 1
4210 4515 2
4515 4407 1
3578 2734 1
2734 2062 1
2062 8901 1
8901 2819 1
3679 7851 12
7851 5689 1
5689 9787 1
7978 666 1
666 9402 1
9402 6954 1
5172 6583 1
2843 8637 1
8637 8862 2
8862 968 2
2843 145 1
145 6663 1
6663 4789 1
4789 2107 1
2107 7540 3
2819 3830 1
3830 136 1
136 8873 1
5497 3315 1
3315 3235 1
3235 9773 1
9773 4138 1
4138 3235 1
3235 872 1
7701 5547 2
5547 4041 1
4041 1830 1
1830 1 1
6189 4395 1
4090 8355 4
8355 2576 2
8576 1580 14
1580 2576 6
1580 9772 1
9787 4841 1
4841 4550 1
4550 9402 1
9402 5171 1
5171 1807 1
1807 7286 1
7286 4463 2
4463 3235 1
3235 2576 4
2809 3550 1
3550 2821 1
2821 2595 1
4790 1228 1
1228 7666 2
7666 4430 3
4430 2595 2
1975 3154 1
3154 4790 4
4790 6737 2
6737 502 1
8947 3063 1
3063 9402 1
9402 7300 1
9787 8577 2
8577 9585 6
9585 1672 2
1672 8873 1
7498 9589 1
9520 3679 2
482 2366 1
2366 502 1
502 3235 3
8702 301 1
9773 3019 1
3019 2024 1
2024 9015 1
9015 7540 1
4789 5821 1
9787 7648 2
7648 6947 4
6947 2180 1
2180 9020 1
9020 2576 1
9585 4645 1
4645 6012 1
6012 5171 1
9415 9772 1
9772 3605 1
3605 4855 1
4855 4407 1
2819 1659 3
1597 8741 5
3880 7896 1
7896 1081 1
1081 7701 1
7701 7498 6
4090 6153 2
6153 3358 1
3358 4940 1
4789 3611 1
3611 8626 1
3578 4789 2
4789 7408 1
7408 6776 1
4837 2576 1
2576 6982 3
6982 7648 1
6947 502 2
5282 6016 2
1360 3235 1
3235 4407 1
4407 6809 1
6809 2576 1
2576 996 2
996 8149 1
9585 7498 3
4789 2141 1
2141 4940 1
4940 7694 1
7694 9167 1
9167 1 1
2430 6041 1
9787 6048 1
6048 502 1
5172 8527 1
9038 6384 1
6384 807 1
807 3739 1
3739 9402 1
9402 4407 1
7978 1129 1
1129 4789 1
4789 9772 4
9772 689 2
689 7648 1
6947 9787 1
441 4790 1
3235 1676 1
1676 1246 1
1246 7666 1
1975 2576 2
4090 6191 2
6191 7397 1
7397 8678 1
8136 2556 1
2556 482 1
482 6153 1
6153 9402 1
9402 5063 1
5063 7540 1
386 6217 1
6217 4463 1
3683 3611 1
3611 2576 1
2576 1217 2
1217 6356 1
4289 8894 1
8894 3235 1
3235 3966 1
3966 1016 1
1016 7540 3
7540 8440 2
8440 4789 1
4789 6573 2
6573 3880 1
3880 3276 1
3276 7643 1
7643 2576 1
2576 748 7
8626 8577 1
8577 3723 1
3723 4400 1
4400 3154 1
4789 9418 1
9418 7145 1
7145 9402 1
9402 6041 1
9787 5648 1
5648 3723 1
3723 1594 1
6583 7966 1
7966 502 1
2986 6756 1
6756 7302 1
7302 6687 10
6687 7701 5
2576 7666 6
7666 3739 2
3739 756 1
756 4789 1
7095 903 1
903 5577 1
5577 4714 1
4714 2121 1
2121 3235 1
3235 1062 1
1672 7649 1
7649 502 1
502 5696 3
5696 9587 1
9587 4789 6
1062 5596 1
7498 7540 2
7918 4789 4
4789 441 1
441 9787 2
5696 1 1
6724 8359 1
8359 4788 1
4415 6110 1
8741 4789 2
4789 5579 1
5579 7540 1
2024 3642 2
2430 689 1
9787 4400 1
4400 666 1
666 9787 3
3381 2576 3
9787 9722 1
9722 8712 1
8712 4445 1
4445 3683 1
3683 1965 1
1965 7799 1
8637 7751 1
7751 8611 1
8611 4041 1
4041 2700 1
2700 2819 2
1394 8459 1
9417 2552 5
2552 4041 2
4041 8611 1
8611 2700 1
8847 2488 1
2488 273 1
273 8741 1
8741 350 1
350 2686 1
2686 494 4
3727 2833 1
2833 2701 3
2701 9787 3
9787 1915 2
1915 2819 1
2819 4875 1
4875 3368 1
3368 2576 1
2552 9413 3
9413 9585 1
9787 1648 5
1648 3787 1
9787 840 11
840 90 1
90 8459 1
8459 2471 1
2471 1062 1
8576 7985 1
7985 3846 1
3846 146 1
146 1625 1
1625 9787 1
9772 1577 4
1577 4496 1
4496 2018 1
1062 3617 1
3617 8678 1
8678 7715 1
2056 9038 3
9038 4336 1
4090 9038 6
9038 7548 1
7548 2576 1
2576 4908 3
4908 2501 2
2501 9787 3
4090 4494 2
4494 2576 1
4090 3939 3
3939 8847 1
8847 1098 1
1098 494 1
8702 8069 1
8069 5020 1
5020 9787 1
9787 8199 1
8199 8611 1
8611 8574 1
8574 2576 1
8741 8847 3
8847 5978 2
5978 502 1
3861 8847 1
2576 3683 5
3739 9787 1
9414 1779 1
1779 9585 1
8847 7032 1
7032 7588 1
7588 4940 2
9401 2576 2
2576 6514 1
1952 7540 2
8847 1951 1
1951 4623 1
4623 2576 1
8847 3822 1
3822 3455 1
3455 2992 1
2992 351 10
351 1726 1
1726 3683 8
3683 9787 5
1101 494 1
494 5205 1
5205 2576 1
1037 2819 5
4636 9402 1
9402 9585 1
1472 7300 1
7300 4789 3
4789 8515 1
8515 6284 6
6284 4402 1
4090 7873 1
7873 4407 2
5172 1818 1
1818 7698 1
7698 7918 1
7918 6110 1
6110 8582 6
8582 1028 2
1028 9787 1
4789 9585 1
2576 3537 1
3537 8873 2
9787 9088 1
9088 1 2
2430 3647 1
3647 8470 2
502 7032 1
7032 2637 1
2637 9372 1
9372 2802 1
4701 8323 1
8323 7879 1
7879 2576 1
4090 1404 1
1404 3154 1
3154 2107 2
502 6717 3
6717 3638 1
502 8779 3
8779 4940 1
7388 8321 1
8321 4589 1
8576 1951 3
1951 9585 2
7780 1160 1
1160 9772 1
9772 1812 1
1812 916 1
4788 9005 3
9005 1662 1
1662 3787 2
1597 9787 2
9787 8880 1
8880 4940 1
4788 5791 1
5791 8327 1
8327 5460 1
5460 4788 1
4788 1892 2
1892 2576 1
2576 1074 4
1074 3787 2
3787 9529 4
9529 9696 1
6520 6192 1
6192 8777 1
8777 4438 1
4438 9587 1
9587 6789 2
6789 9773 1
9773 8779 1
8779 3638 1
3638 9787 3
2592 5497 6
1 1659 2
1659 6961 1
6961 2576 1
8215 9372 1
2576 630 1
630 2453 1
2453 9787 1
502 3149 1
3149 9355 1
9355 9787 1
1853 8576 2
8637 2024 2
2024 778 1
1413 9787 2
9787 6622 1
9585 7331 2
7331 3787 4
7666 1988 5
1988 5 1
3754 3154 1
3154 3807 1
3807 6681 1
6681 9787 1
9791 6954 1
502 1458 2
1458 502 1
1458 1566 1
556 9772 15
9772 778 5
4090 1458 1
1458 1726 1
3683 9772 2
9772 8237 1
8237 1458 1
1458 4069 1
1683 3638 1
3638 1586 2
1586 530 1
8658 3245 1
3245 1062 6
1062 7799 18
9772 1458 1
1458 9517 1
9787 1020 5
1020 7705 1
7705 9251 3
9251 3787 1
3787 7292 7
3011 8050 1
8050 2592 2
2592 502 10
9587 1237 1
1237 4788 1
4788 1394 9
1326 1853 1
1853 494 1
494 7355 1
7355 3849 1
3849 9787 1
9787 1818 5
1818 1673 1
1673 6299 1
6299 7498 4
2576 9530 5
9530 7023 3
7023 3638 4
3638 1791 1
1738 1458 3
1458 1818 1
494 7014 2
7014 8576 1
2819 3972 1
3972 8847 1
4090 8824 1
8824 3252 1
3252 7900 3
7900 5909 1
4788 5822 2
5822 2576 1
453 3813 1
3813 4407 1
8637 4402 1
4402 9012 1
9012 4090 13
4090 5645 4
5645 9787 3
9787 6052 1
6052 8788 1
8788 502 2
6996 8576 1
9417 482 4
482 1746 1
1746 2802 1
2802 7292 3
7292 1738 1
1458 5583 1
5583 3642 1
3642 9787 6
1594 8847 1
8847 3022 2
3022 2269 1
2269 502 1
502 1853 4
1853 9772 2
3727 8847 1
8847 6479 1
6479 8953 1
8953 9787 2
9787 4917 1
4917 4478 1
4478 4789 1
8268 3011 1
3011 3327 1
3327 3119 1
3119 1014 1
1014 2843 1
2843 8392 2
8392 4789 1
4789 5758 1
5758 4966 1
4966 7851 1
7851 4090 1
2217 2212 1
2212 8392 3
8392 8459 1
8459 4445 2
1 3440 2
3440 5306 1
5306 3074 1
3074 8459 1
8459 7540 1
7540 2843 10
8392 1667 1
1667 386 1
386 4582 1
4582 3726 1
3726 7540 1
7540 7703 2
7703 2018 1
2018 7018 1
7018 3119 1
3119 5251 1
5251 3787 1
3787 7831 2
9405 7842 1
7842 2595 1
4790 2021 1
2021 1672 1
1672 1408 1
502 4703 1
4703 3787 1
3787 6295 2
6295 1037 1
1037 7018 1
7018 8459 1
3293 695 1
695 8637 2
8637 9585 3
1651 2107 1
6717 1 1
9585 4840 1
4840 9787 2
9787 3870 1
3870 2819 1
1651 2488 1
2488 1709 1
1709 5394 1
5394 8459 1
8459 8320 1
8320 4090 1
2147 9772 2
9772 1709 1
1709 1 1
1761 8847 1
8847 5497 5
4363 3883 1
7701 5300 1
5300 9261 1
9261 1826 1
1826 5112 1
5112 27 1
27 2576 1
8847 9073 1
9073 502 1
502 2148 1
2148 1594 1
7701 1611 1
1611 2700 1
2700 1710 1
1710 8075 1
8075 8847 7
8847 8577 3
8577 4090 3
4090 9727 1
9727 5300 1
5300 2073 1
9772 8334 2
8334 5466 1
5466 8847 1
8847 7914 1
7914 5486 1
5486 2585 1
7463 1625 2
1625 9420 1
9420 3745 1
3745 494 2
2576 4722 2
4722 2292 1
7701 1726 1
3683 9585 1
3011 541 1
541 4400 3
502 2581 2
2581 4090 1
7900 1672 2
1672 4400 1
4400 4273 1
4273 2576 1
2576 4011 1
4011 2582 1
2582 3787 1
4789 3981 1
8741 1672 1
1672 4273 1
4273 2582 1
2576 541 1
4789 9282 1
9282 8576 1
8576 977 3
977 1648 3
1648 3761 1
3761 2073 1
2073 3745 1
3745 2056 1
2056 6160 1
6160 4645 1
4645 3948 1
3948 2018 1
502 7463 3
1625 9417 1
9417 441 1
441 9522 1
9522 3980 1
3980 502 2
3235 8847 1
3859 5684 1
3787 9482 1
9482 2316 1
2316 7498 1
7498 3846 1
3846 1408 4
1408 7540 3
621 826 2
1734 8847 6
8847 4221 1
4221 2576 1
2576 6809 1
6809 5497 1
3581 58 1
58 9680 1
9680 3787 1
8777 502 1
8392 3011 1
3011 8847 4
8847 439 2
439 7498 1
1818 4918 1
4918 1184 1
1184 4940 1
4940 7559 1
7559 5473 1
5473 8069 1
8069 8576 4
4789 5555 1
5555 8591 1
3787 9641 1
9641 8576 1
1648 1625 1
1625 3981 1
8741 3506 1
3506 5554 1
5554 977 1
977 6436 2
502 2957 1
2957 2576 1
2576 3412 1
3412 2321 1
2321 4789 1
4090 530 1
530 1 1
8392 2292 1
2056 9585 4
9585 1625 1
1625 8320 1
8320 5817 1
9589 502 2
5696 7316 1
7316 3039 1
3039 1 1
4090 7691 1
7691 4790 1
4790 748 7
748 2819 1
2819 7694 1
8847 3394 1
3394 441 1
9787 7649 1
7649 7911 1
7911 7643 1
7643 6553 1
2632 9787 1
8288 2056 4
2056 1778 2
3505 2819 2
8337 541 1
2581 2576 1
2576 6497 2
6497 1919 1
1919 2770 1
2770 2004 1
2004 8702 5
1734 371 1
371 5900 1
5900 6709 1
6709 7666 1
7666 5282 1
5282 940 1
940 8637 1
8637 3637 1
3683 7577 1
7577 5394 1
5394 5081 1
5081 2802 1
1988 2686 1
2686 3252 1
8847 351 1
351 4331 2
4331 1 1
2018 7540 4
8847 6533 1
6533 9589 1
9589 4216 2
4216 6109 1
6109 7799 1
7799 4463 4
9772 1461 2
1461 9780 1
9780 3432 1
3432 8678 1
2021 9787 5
9787 6144 1
6144 2833 1
2833 8847 1
8847 1210 1
1210 1673 1
8741 1853 1
1853 9585 1
9585 2592 1
547 7388 1
7388 1 2
2214 154 1
154 2333 1
2333 3787 1
7945 130 1
130 2576 1
2576 9607 1
9607 219 1
219 1853 3
1853 2501 1
2501 2862 1
2862 2576 1
8847 6092 1
6092 1818 1
494 7593 2
7593 7701 1
7701 4415 2
4415 5819 1
5819 1746 1
1458 9787 1
9787 6789 5
6789 547 1
218 530 3
8658 9628 1
7540 7024 2
7024 1 1
2430 5534 1
5534 3880 2
3880 2576 9
2576 4921 2
4921 1738 1
1738 419 2
419 1738 1
3787 6470 2
6470 3683 1
3683 9515 7
9515 2556 1
2556 4376 1
4376 1826 1
1826 3434 1
3434 7755 1
5596 4462 1
4462 3787 1
4235 530 1
8658 2556 2
2556 1277 1
1277 5306 1
2576 3391 1
3391 6110 6
8741 6026 1
6026 9530 1
7388 8626 2
9787 8042 2
9697 8576 1
4090 4446 2
502 2738 1
2738 6627 1
6627 9587 2
9587 7873 1
7873 7666 1
7666 3381 1
3381 3011 1
9182 363 1
363 9489 1
9489 3787 2
3787 9473 1
9473 3048 1
3048 2576 1
4916 9587 1
9587 1004 1
1004 8965 1
8965 3047 1
3047 1839 1
1839 7884 1
7884 4407 1
4407 9795 1
9795 2576 1
9787 8189 1
8189 7435 1
7435 4705 1
4705 6671 1
3765 9787 1
9787 4321 2
3787 9198 2
9198 4090 1
7701 5308 1
5308 1 1
1 6133 1
6133 853 1
3342 1326 1
1326 4069 2
4069 6387 1
6387 3683 1
8399 2576 1
2576 7079 1
7079 8591 1
3787 1230 1
1230 8502 1
8502 6481 1
6481 386 1
386 9810 1
9810 3146 1
3146 2121 1
994 4586 1
7540 568 5
568 9159 1
9159 7031 1
615 490 1
490 8278 1
5864 8724 1
8724 3638 1
4376 8591 1
9787 8112 2
6698 7823 3
7823 3342 2
3342 530 1
5497 9405 1
9405 502 1
5408 1701 1
8591 8069 1
8244 4641 1
4641 3189 1
3189 8139 6
7072 2576 1
7799 1014 1
1014 1701 1
1701 2576 23
2576 6263 1
6263 7851 1
7851 4222 1
4222 8649 1
8649 4373 4
4373 3641 5
3641 3954 1
3787 4086 7
4086 7897 4
7897 1701 1
9787 7312 3
7312 2576 1
7799 4373 3
2007 7918 6
4407 2595 3
8741 9012 8
9012 2819 1
8658 339 1
339 5943 1
5943 3679 1
494 8179 1
8179 7701 2
9816 6373 1
8741 1738 2
1738 2843 6
2843 8350 5
4788 2767 1
2767 2802 1
968 1037 2
1037 155 2
155 2730 3
2730 4086 1
5779 494 1
5481 8069 1
8069 1472 1
1472 2802 1
2802 5075 1
5075 2664 1
2664 5853 1
5853 7637 1
7637 3846 2
4790 2580 1
624 4248 1
4248 1740 2
9585 8742 1
5497 6453 1
6453 3683 2
3683 502 1
5408 3761 1
3761 6204 1
6204 1437 1
1437 8873 1
8873 1053 1
1053 3146 1
4090 5798 6
7701 2222 1
2222 755 1
5408 9420 1
1577 9324 1
9324 4960 1
4960 9515 1
9515 3787 3
4210 7320 2
9787 765 5
765 4895 2
4895 7388 1
7388 2018 1
2018 3787 4
5494 1328 1
1328 3402 1
4789 1037 3
1037 2056 9
2056 4222 1
482 2280 1
2280 8668 1
8668 8576 1
2819 6436 1
6436 2489 1
2489 502 1
502 8867 2
8867 4438 3
4438 875 1
875 4217 1
4217 9589 1
9589 7134 1
7134 538 1
538 3761 1
1701 1079 1
1079 5481 2
2595 481 1
481 2576 1
6982 4788 2
4788 762 2
1673 8867 1
8867 5916 1
5916 337 1
337 218 3
4090 4892 7
4892 7094 1
7094 1918 1
1918 1577 2
1577 9726 2
9726 1738 1
4909 2121 2
7701 4925 1
9012 596 1
596 4752 1
3761 4909 5
4909 3911 1
3911 4925 1
5481 4086 1
4086 2812 1
2812 2016 1
2016 1607 1
1607 2018 1
2121 3761 6
3761 5578 1
5578 3402 1
3761 7224 1
7224 8533 1
8533 5362 1
5362 502 1
2576 5355 1
5355 502 2
4235 3787 1
218 9415 1
8582 5584 1
5584 4090 1
494 8576 8
5740 1577 1
1577 9077 1
9077 2376 1
2376 502 1
9515 7497 1
7497 8999 1
8999 2576 1
2576 2825 1
2825 8542 1
6591 3761 1
3761 7914 1
7914 8735 1
8735 9587 1
9587 4476 2
4476 1037 2
7900 9420 1
9420 502 2
502 1641 7
1641 494 1
5171 192 1
192 5954 1
5954 1037 1
5779 8702 1
5481 2018 2
2018 3432 1
3432 7540 1
7540 8681 1
8681 6502 1
6502 4439 1
3787 4907 3
4907 7433 3
7433 8678 1
8678 4790 10
4790 155 3
8136 4020 2
4020 7079 1
7079 9787 1
9787 3146 1
2576 2898 2
2898 820 1
820 4788 2
4438 5653 1
5653 1701 1
5960 2576 1
8969 4790 1
4790 4528 2
4528 9215 1
9215 3146 1
3146 8678 1
8678 502 7
9772 4222 7
4222 9787 2
9787 4471 1
4471 9787 1
9787 7694 7
7694 1037 1
3727 9587 1
4790 6711 1
6711 2819 1
8702 4073 2
7627 3761 1
6467 5481 2
5481 2802 5
2802 8576 1
8576 3890 3
3890 461 1
461 3136 3
3136 502 2
386 480 1
480 3787 1
218 3996 1
3996 8719 1
8719 624 1
624 9376 1
9376 1667 9
1667 3761 1
3761 6540 1
4790 5481 1
5481 8576 5
4788 6777 2
6777 940 5
940 3495 1
3495 219 1
219 3768 1
3768 461 1
461 3137 1
3137 3890 1
3890 8873 1
7388 5393 1
5393 3136 6
3136 1559 1
1559 6062 1
6062 9376 1
1667 8737 2
8737 2595 2
4789 3967 1
3967 2570 1
2570 2845 1
2845 4690 1
4690 393 1
393 5497 1
5497 3653 1
218 8864 2
8864 1426 1
1426 1 1
5497 2688 1
2688 1560 1
3342 9298 1
9298 2592 1
2592 8834 1
8834 339 1
3761 4364 1
4793 7947 1
7947 1021 1
7540 2937 5
2937 3761 1
3761 6687 3
6687 8400 1
8400 9459 1
1659 7898 1
2121 5481 2
2576 5241 2
5241 5494 1
8658 337 1
337 3653 1
218 8683 1
2819 5241 4
5241 2592 5
2592 530 3
530 1673 1
1673 7747 2
7388 1326 2
4090 8576 3
8576 8801 1
8801 394 1
394 7540 2
8658 2802 1
9787 5364 1
5364 1701 1
9012 621 3
7666 7095 1
7095 7540 4
7540 1461 1
1461 3432 1
3432 1701 1
4789 3395 1
3395 94 1
94 2576 1
4789 7559 4
3787 5812 1
5812 8678 1
4918 482 2
482 8391 1
8391 3146 1
3146 1 2
1 6456 1
6456 482 1
7701 2799 1
2799 2576 2
4790 7211 1
7211 4086 1
7897 5137 1
2056 4789 9
4090 6129 1
6129 3739 1
3739 2453 1
7701 8045 1
8045 4859 1
8873 1701 9
1701 155 2
8136 4789 1
1408 4407 2
4407 3391 1
3011 4789 13
3739 8059 1
8059 2022 1
2022 3787 2
4925 840 1
840 1701 1
2056 5866 1
7559 3433 1
3433 6520 1
6520 2592 1
2592 1043 1
1043 502 1
1443 2121 2
2121 8045 1
9585 3391 1
9773 4605 2
4605 4788 2
4788 8681 5
8681 2301 1
2301 502 1
4090 4069 1
4069 482 1
482 8637 5
8637 3787 4
3787 461 1
502 7018 1
7018 2686 2
2686 9662 2
9662 3638 1
4376 8237 1
8237 1 1
1 598 1
598 621 1
8637 9012 3
9772 1443 4
1443 2686 1
595 1668 1
1668 9787 1
8392 4632 1
191 5497 1
2691 6672 1
6672 3761 2
8969 2640 2
2640 9787 4
2722 6393 1
6393 7559 1
7559 9291 1
9291 9585 1
8969 1037 1
4911 8809 1
8809 1999 1
1999 8702 2
4073 7972 1
7972 3761 1
3761 5797 1
7701 1086 1
1086 2595 2
9504 9376 1
2576 4745 2
4745 6436 1
6436 8315 1
8315 664 1
664 621 1
7388 2819 1
2819 530 1
530 8576 1
2576 762 3
8658 7437 1
4402 3787 2
701 1 1
6189 1701 4
1701 8042 1
8042 4317 1
4317 604 1
604 1860 1
1860 5481 1
5481 1062 1
1062 8428 1
8428 2595 1
4790 2683 1
2683 9632 1
9632 502 2
3154 3679 7
494 9058 1
9058 4940 2
4940 1508 1
1508 2576 1
2576 4271 1
4271 2576 1
2576 8199 1
8199 5779 1
5779 8502 1
8502 1701 1
1701 7694 3
7694 502 3
502 9632 16
9632 5864 1
5864 5683 1
3787 9345 2
9345 2686 1
1597 3846 1
3846 9152 1
9152 5481 1
9585 4086 5
2576 6925 4
6925 5779 1
5779 4090 1
5615 371 1
371 4796 1
4796 6814 1
6814 4940 1
4940 856 1
856 677 1
677 5241 1
5241 2819 3
7053 5497 2
5497 7747 1
7747 9632 1
9632 3761 2
3761 3932 1
3932 5536 1
5536 5864 1
5864 5455 1
5455 1364 1
1364 8700 1
502 5942 1
5942 2576 1
2576 4681 1
4681 9773 1
9773 5455 1
5455 8348 1
8348 1153 1
1153 8685 1
8685 2595 1
1364 8591 1
3761 7407 8
7407 7053 1
7053 786 1
786 3146 1
3146 502 1
502 9408 1
9408 2576 2
2576 8553 1
8553 5581 1
5581 301 1
301 9632 1
9632 3146 1
3146 9773 1
9773 4739 1
4739 7875 1
7875 4940 1
4940 6149 1
6149 1360 1
1360 2627 1
2627 7701 2
7701 2334 1
2334 7504 1
7504 615 1
3787 7945 3
7945 2018 5
2018 3152 1
3152 2595 1
2595 1597 4
1597 1919 2
1919 4523 1
4523 2121 1
2121 1291 1
1291 2686 1
875 5497 1
5497 2829 1
2829 6672 1
6672 6519 1
4137 3761 1
3761 9055 1
9055 8873 1
5481 3126 1
3126 9661 1
9661 7540 1
7082 9587 1
9587 638 1
638 3787 2
4235 9324 1
9324 8576 1
2819 5497 8
2251 5867 1
5867 1080 1
1080 2222 1
2222 9324 5
9324 2809 1
3011 5824 1
5824 5241 1
8658 1734 1
1734 5241 1
2592 6892 1
8658 6353 1
6353 2224 1
2224 9324 3
9324 3391 1
3787 8576 1
3890 7200 1
7200 782 1
7388 8400 1
8400 2024 2
1774 1231 2
1231 2576 2
3664 5044 1
4069 5596 1
5596 782 5
782 1 1
6189 5241 1
4090 977 3
977 6493 1
6493 512 1
512 9298 1
9298 1 2
1 2469 1
2469 2592 1
2592 8392 1
2556 7886 1
7886 502 1
502 1046 2
1046 4438 2
4438 3761 8
3761 5494 6
5494 9489 1
9489 7729 1
7729 2686 1
2686 899 1
899 6676 1
6676 8658 1
8658 4331 2
4331 3761 1
7540 7854 2
7854 6445 1
6445 9555 1
9555 3638 3
502 9489 2
9489 3761 2
2320 7517 1
3398 226 1
226 1918 6
1918 1 3
968 3264 1
3264 2576 1
2576 5448 1
5448 820 1
820 5481 1
5481 9587 1
9587 4862 1
4862 2576 1
2576 6732 2
6732 4940 1
7701 1909 1
1909 494 1
494 9590 1
9590 8731 1
8731 502 1
4086 6993 1
6993 762 1
8658 8582 1
8582 1514 1
1514 4423 1
4423 8245 1
8245 7388 1
7388 3761 4
3761 6393 1
6393 3327 1
8231 2576 1
3787 2489 1
2489 6252 1
4892 4000 1
4000 4773 1
8674 1 1
6189 4645 1
4645 4090 1
4090 7402 7
7402 1394 2
1394 1518 1
1518 2576 1
5171 7378 1
7378 9422 1
9422 4688 1
4688 502 1
7945 7697 1
7697 9364 1
9364 5581 1
5581 8400 1
8400 875 1
1394 6314 1
6314 2576 2
4090 6533 1
6533 4402 1
1879 4373 1
1046 4373 1
8774 4373 1
502 9554 1
9554 4373 1
4373 1577 1
502 7022 3
7022 4438 4
4438 2809 1
2809 4438 4
3639 1443 2
1443 4210 1
4790 8400 4
3787 3735 1
3735 7831 1
9405 2576 1
2576 6777 4
940 9810 1
9810 5916 1
5916 4679 1
4679 7540 1
7388 4222 1
494 5036 1
5036 4992 1
4992 1826 1
1826 502 3
3761 6840 3
3639 7734 1
7734 5591 1
2056 4302 1
4302 8139 1
8139 2819 1
621 4911 8
4911 3644 1
3644 502 1
502 5440 2
5440 9787 1
7956 453 1
502 7734 2
7734 2107 1
2107 4940 1
4940 1599 1
1599 1738 1
1738 8779 1
8779 8850 1
8850 9517 3
9517 4407 4
9772 6375 5
4090 6286 1
6286 2576 2
5532 8582 1
8582 3672 1
3672 4012 1
4012 8702 1
8702 502 4
9773 7022 1
4438 8926 1
8926 2819 1
1581 7237 1
7237 8591 1
8591 9074 1
9074 9324 1
9324 4388 1
4388 2496 2
2496 4940 1
4940 8824 2
8824 1738 1
1738 3761 4
4090 1839 1
1839 1037 1
1037 7917 2
7917 1156 2
1156 2809 1
2809 632 1
632 9489 1
9489 2802 5
2802 1683 3
1683 9787 2
9787 1269 2
1269 4645 1
4645 3787 1
502 2845 1
2845 1668 1
1668 2576 1
5497 3263 1
3263 9465 1
3787 7018 1
7018 3749 1
3749 7644 1
7644 2686 1
2709 8542 1
6591 2018 1
9772 6013 1
6013 9481 1
9481 5486 1
5486 7773 1
3787 4013 1
4013 8678 1
4788 8577 2
8577 2128 1
2128 5224 1
5224 977 2
977 483 1
483 1390 1
1390 9585 1
7900 9148 1
9148 7945 1
7945 2453 1
7701 9481 1
9481 2018 1
4090 4448 4
4448 8847 1
7559 8678 2
8678 3807 1
3807 6479 1
6479 3070 1
3070 1919 2
1 1752 1
1752 4389 1
4908 155 2
155 797 1
797 3843 1
3843 9787 1
695 9587 2
9587 9481 1
9481 4090 1
4090 5985 1
5985 7559 1
7559 5224 1
4788 8426 1
8426 6495 1
6495 1279 1
1279 5580 1
5580 9251 1
9251 1738 1
9787 2129 1
2129 3787 1
3787 132 2
132 4680 1
4680 2396 1
2396 1974 1
1974 61 1
61 8848 1
8848 6553 1
2576 5875 1
5875 2396 1
2396 3258 1
3258 9587 1
9587 5791 1
5791 4940 1
8824 61 1
61 1974 2
1974 5933 1
5933 6235 1
6235 3258 2
3258 2576 2
5687 5224 1
9772 4336 2
1952 2018 1
2018 2694 1
2694 3937 2
3937 3013 1
3013 7263 1
7263 545 1
545 3981 1
3981 4632 1
4632 2230 1
2230 6872 1
6872 891 1
891 2576 1
2576 9227 2
4701 6094 2
6094 9517 2
9517 7701 1
7701 1738 12
8741 4090 8
4090 1850 2
1850 5497 1
5001 4464 1
4464 494 1
1738 4210 5
4210 8350 5
8350 6299 1
6299 6275 1
4788 4068 2
4068 9585 5
9585 1734 10
1734 3761 10
494 2376 3
2376 5007 1
4940 1597 1
8777 691 1
691 5477 1
5477 2686 1
2686 4664 1
4664 1594 1
7701 7918 1
7918 4090 5
4090 2231 1
2231 4790 1
371 8683 1
7540 9571 1
9571 8073 1
8073 2231 1
2231 5477 1
5477 2576 1
2576 4664 2
4664 6569 1
2802 1919 2
1919 691 1
691 3761 1
3761 4609 1
4609 9773 1
9773 885 8
885 9459 1
4438 5494 1
7388 762 2
2576 4069 7
4170 4940 1
4940 9585 1
9585 2691 25
2691 3761 2
7900 5007 1
4940 61 1
1974 2876 1
2876 2686 1
2686 9507 1
9507 1919 1
1919 2802 1
7292 3761 4
6613 3787 1
8535 2802 1
2802 8990 1
8990 7403 1
8337 2231 1
2231 5964 1
5964 2576 1
2576 9428 1
9428 1738 1
6052 8073 1
8073 4086 1
4086 494 1
8082 8245 1
8245 4407 1
3761 9593 3
7701 4041 2
4041 6287 1
6287 9787 1
5171 7042 9
7042 9585 7
4902 2723 2
2723 9428 1
9428 1 1
1 5964 1
5964 3727 1
3727 8108 1
8108 4090 1
4090 7222 2
7222 2819 1
2819 3602 1
8777 965 1
965 3761 1
3761 8960 1
8960 2413 1
2413 9234 1
9234 2686 1
2686 1561 1
1561 5798 1
7701 6862 1
6862 7914 1
7914 7223 2
7223 9251 5
9251 2686 1
4090 5080 2
5080 7663 1
7663 3787 1
4436 634 1
634 875 1
875 6574 1
764 1037 2
1037 4605 2
4605 1651 5
3761 6091 2
6091 7474 1
7474 502 1
3761 8278 4
8278 4376 1
4376 7734 1
7734 3761 1
3761 2453 2
2453 8415 1
8415 476 1
476 7540 1
3691 6676 1
6676 1785 1
1785 3373 2
3373 5910 1
5910 2819 1
2819 2595 3
2595 554 2
554 2145 1
2145 502 1
3761 6341 1
6341 7559 1
7559 5481 1
5481 2143 1
2143 2819 1
2552 4463 3
6436 330 3
330 3691 3
3691 3679 2
7091 938 1
938 384 1
384 7388 3
7388 8864 1
8864 8069 1
8069 6954 1
6954 2576 2
2576 4740 1
4740 7540 1
7540 4464 5
4464 8392 7
8392 1230 1
1230 9253 1
9253 1086 1
1086 4713 1
4713 6436 1
3691 9787 2
9787 3198 1
3198 1701 2
1701 665 1
665 5770 1
5770 9585 1
8591 8582 4
8582 9772 1
494 5241 1
5241 7062 2
7062 9674 1
9674 4463 1
4463 7803 1
7803 3761 1
3761 4331 1
4331 8658 1
8658 6954 1
4788 246 1
246 7616 1
7616 3691 4
3691 5798 1
5798 7091 1
7091 5241 1
9414 4788 1
7781 3916 1
3916 6676 1
6676 621 1
3391 9497 1
9497 5215 1
5215 700 1
700 3846 1
782 3679 1
3787 9688 1
9688 1037 1
1037 8093 1
8093 3429 1
3429 502 1
502 2586 1
2586 9570 1
9570 2576 3
2576 2760 1
2760 820 1
820 386 1
386 3047 1
3047 8400 1
8400 3191 1
3191 3787 1
8232 3154 1
3154 2024 1
2024 722 1
722 3777 1
3777 850 1
9696 494 1
9012 9489 1
9489 8777 1
9555 6031 1
6031 476 1
476 2024 1
2024 6757 2
6757 2576 1
3216 2694 1
2694 8582 2
8582 8572 1
8572 691 1
691 9585 7
5195 4342 1
4342 8422 1
8422 3154 1
3154 3787 2
3683 3600 3
3600 2771 1
2771 482 1
482 1033 3
1033 1917 1
1917 1405 1
1405 3505 1
3505 6436 1
691 5241 1
5241 6174 3
6174 3230 3
3230 1539 1
1539 3327 1
3787 4930 1
4930 2865 1
2865 8723 1
8723 9499 1
9499 6101 1
8414 2464 1
2464 681 1
3787 5241 21
5241 6261 1
6261 8591 1
8591 4234 1
4234 2576 1
6126 4090 3
4090 3899 4
3899 3358 1
3358 9507 3
9507 2721 1
2721 6275 1
7799 6634 1
4142 8031 1
8031 9144 1
9144 2576 1
2576 838 2
838 9787 1
3938 8576 1
8576 8482 1
8482 2121 1
2121 9520 1
9520 494 1
3761 6628 1
2802 7063 2
7063 5241 3
5241 1945 1
1945 8741 1
3245 8068 1
8068 502 2
502 144 1
144 1395 1
1395 502 1
9414 2997 1
2997 8741 1
8741 2576 14
1375 9585 1
1128 8591 1
502 9604 5
9604 5422 1
5422 6225 1
6225 2024 1
3787 7061 5
7061 5241 8
5241 4909 1
4909 2900 1
2900 2843 1
2843 8591 2
8591 2900 1
2900 840 1
4090 9585 2
9585 2898 1
2898 3209 1
3209 479 1
479 2576 1
2576 2886 1
2886 2928 3
2928 9787 2
1577 8611 1
8611 96 1
96 3823 1
3358 8084 1
8084 482 9
482 7419 1
7419 7666 1
2093 2637 1
2637 5687 1
5687 6988 1
6988 502 1
8582 4438 3
4438 2819 2
2819 4456 1
4456 3011 1
3011 5241 1
5241 2009 1
2009 3727 1
3727 7063 1
7063 3787 1
3787 3276 2
3276 3154 2
3154 8742 2
2056 5741 1
5741 2576 1
2576 7151 1
7151 472 1
472 8658 1
8658 1701 1
3899 9585 1
9585 4962 1
4962 1 2
6189 6816 1
6816 8683 1
9787 1740 4
1740 6582 1
5769 5791 1
5791 9589 1
9589 6995 1
6995 502 1
502 2886 1
2928 3807 1
3807 8591 1
8591 3899 2
3899 7767 1
7767 2121 1
3154 2350 1
2350 3928 1
3928 1660 1
1660 5497 2
5497 7023 3
9465 2121 3
2121 9714 4
9714 2803 1
2803 5436 2
5436 2502 1
2502 5241 1
5241 1037 3
1037 9517 1
9517 352 1
352 4790 1
4790 5936 1
5936 5497 1
5497 9664 1
9664 1820 2
502 3602 2
3602 2038 1
2038 2576 1
8337 8726 1
8726 2637 1
2637 2838 1
2838 9465 1
9465 2018 2
2018 4790 8
4790 3980 1
3980 6520 1
733 7767 1
7767 2422 1
2422 7701 1
7701 7635 1
2903 1701 1
4090 9196 1
9196 5819 1
5819 3761 9
4090 4895 1
4895 4603 1
4603 9773 1
9773 5241 4
5241 4350 1
8847 1941 6
8110 9149 1
9149 482 1
8582 7377 1
7377 7945 1
7945 4336 1
4336 4788 7
4788 482 1
9149 4373 1
2121 2843 5
2843 3003 2
3003 4788 1
4788 7799 19
9772 2721 1
2721 6532 2
6532 2576 2
8576 482 1
2576 3883 2
3883 9772 1
9772 6532 1
6532 8741 1
8741 681 1
681 482 1
5241 1577 1
482 2552 4
8591 2054 1
4788 4230 1
4230 1348 2
1348 2576 1
2843 9675 1
9675 7694 1
7694 482 4
482 6186 1
6186 621 1
621 2093 5
2093 1429 1
1429 8582 1
8582 5622 1
5622 556 1
556 502 3
7440 4788 1
5908 9432 1
9432 3053 1
3053 5022 1
5022 4414 1
4414 7626 1
7626 2041 1
2041 9585 10
4336 8637 1
8637 8704 1
8110 1701 1
1701 5558 1
5558 4233 1
4233 4407 1
4407 9218 1
9218 4788 2
4632 4714 3
502 7677 3
7677 7540 3
7540 341 1
341 5241 1
3230 3761 1
7900 7094 1
7094 2819 1
3679 8670 1
8670 2576 2
8702 9726 1
9726 7617 1
7617 6436 1
9772 3691 1
3691 5821 1
5821 9585 2
3761 5695 4
5695 9012 1
9012 942 1
2802 5241 6
5241 3761 5
3761 9266 1
9266 2121 3
2121 609 1
609 7652 1
7652 7540 1
7540 892 1
892 3319 1
3319 7531 1
7531 6553 1
2576 6436 8
1290 2802 1
4789 5481 1
5481 5215 1
5215 494 1
494 5683 1
5683 7540 2
9773 8392 1
8392 5171 2
5171 1230 1
1230 681 1
3761 4921 1
4921 8278 1
4789 7816 1
7816 2802 1
2802 3321 4
3321 395 2
395 2576 4
2802 479 2
479 4921 1
4921 5192 1
5192 1853 1
1853 4415 1
9683 7234 1
7234 7498 1
7498 9587 2
4090 4059 1
4059 2833 1
3787 515 1
515 8576 1
8633 4790 1
4790 8069 3
8069 4222 1
7091 993 1
993 3761 3
3761 1746 4
1738 5300 1
5300 4788 1
4788 3476 1
3476 2576 3
3347 1001 1
3761 4737 1
4737 8873 1
8873 7251 1
7251 1605 1
1605 2886 1
2928 4407 2
2056 3550 2
3550 2802 1
2802 568 8
568 7666 2
7666 2674 2
2674 8926 1
502 479 4
479 7626 1
7626 2576 7
2576 9182 1
9182 8591 1
8591 7698 1
7698 1414 1
1414 1701 2
1701 6934 1
6934 9585 1
9585 9593 3
7666 8600 7
8600 2576 5
9787 8962 1
8962 748 1
4790 897 1
897 9787 1
9787 4718 1
4718 4788 1
4788 7403 1
9012 594 2
3880 3787 3
5481 2819 4
9182 2037 1
2037 1414 1
1414 3154 1
3154 6733 1
9787 7371 1
7371 9787 1
1101 1919 1
1919 1414 2
1414 840 1
840 4788 4
4788 1774 3
1774 1518 1
1518 8847 1
3317 1701 1
1701 8642 3
8642 8873 1
9772 853 1
6466 8847 1
8847 977 3
977 8762 1
386 2253 1
2253 1825 1
1825 1763 1
1763 2576 2
8847 6151 2
6151 9217 1
9217 8576 1
8847 362 1
362 9585 1
3761 1101 4
1101 3787 1
7053 8847 1
8847 5565 1
5565 8741 1
7569 9721 1
1651 8611 1
8611 4090 1
4090 1095 3
1095 3761 1
3761 6398 1
6398 2552 1
8847 7569 1
7569 5671 2
5671 2647 1
2647 7026 1
7026 502 1
621 4771 1
4771 8626 1
5080 2802 5
2802 5481 11
5481 502 8
2056 7099 1
7099 3471 1
3471 2576 1
7799 7701 9
8110 6436 1
4605 4373 1
4090 6051 1
6051 3880 1
3880 6275 1
4918 6126 1
494 1586 1
1586 9787 2
9550 502 1
502 9021 2
9021 3109 1
3109 2576 1
6028 4921 1
479 8576 1
3074 3562 1
2576 479 1
479 4918 1
4918 621 3
4701 5228 1
5228 4088 1
4088 2928 1
8926 8591 2
7540 7674 1
7674 7498 1
7498 3622 1
3622 2576 3
4415 3327 1
5864 3846 1
8400 1610 1
1610 1919 1
1919 4701 1
4790 1672 2
1672 502 7
7498 8833 1
8833 1437 1
1437 9322 1
9322 4004 1
4004 1 1
1919 494 2
494 881 1
881 5432 1
5432 9773 1
9773 6111 1
6111 4071 1
4071 2595 1
2595 5432 1
5432 6954 1
1408 4193 1
4193 3327 1
5864 7799 1
7799 7540 1
2843 8994 1
8994 9787 1
6636 5497 1
3581 9419 3
9419 4701 1
4701 5671 1
5671 870 1
870 494 1
494 3495 1
3495 9517 1
9517 3327 2
5864 671 1
671 9821 1
9821 2576 1
2576 9140 1
9140 5770 1
9772 275 1
275 9787 1
8050 3787 1
3787 1062 6
1062 1838 1
1838 2809 1
1394 9772 5
9772 9517 4
9324 7985 1
838 8847 2
556 2024 2
8894 2018 2
8847 6039 1
6039 3013 1
3013 1834 1
1834 3787 2
3761 8847 2
8847 482 1
482 1575 1
2086 2430 1
2430 4589 2
2802 8681 1
1740 2819 1
4788 8637 6
8637 3689 1
3689 3761 1
6267 1 1
8969 7602 2
7602 4788 1
2576 7675 2
7675 4788 2
8894 482 1
2576 8265 1
8265 2121 1
8576 7701 2
2121 2505 1
2505 2107 1
2107 2004 1
3761 9417 4
9417 5940 1
5940 7900 1
7900 3761 1
2251 1825 1
1825 3855 1
8637 1701 2
8642 8847 1
8337 1509 1
1509 4392 1
4392 386 2
386 8900 1
7666 5432 2
5432 275 1
275 9772 1
4090 1054 6
3683 8142 2
8142 1694 1
1694 5206 3
5206 9787 2
9787 4068 2
4788 7900 3
7900 8894 1
8894 4788 3
7559 556 2
556 8894 2
8894 8069 1
8069 8582 4
4575 8321 1
8321 1324 1
1324 7073 1
7073 8847 5
8847 4068 2
4090 2401 1
2401 7976 1
7976 9787 3
4788 8886 1
8886 2576 1
2695 3787 1
9772 7666 1
7666 6672 1
6672 322 1
322 351 2
351 8611 1
8611 7744 1
7744 2121 1
7918 1694 1
494 5972 1
5972 8611 1
8611 1760 1
1760 6733 1
6733 9611 1
4090 7540 5
7540 7519 1
7519 502 1
502 1414 1
1414 9517 2
5864 5206 1
5206 4090 1
4090 4584 5
4584 4388 1
4388 764 1
7918 5541 1
5541 9324 1
9324 3787 2
3787 1325 1
1325 4788 1
4788 853 1
8867 3109 1
3109 1326 1
2576 1594 11
1594 275 1
275 2545 1
2545 7900 1
7900 2121 6
9787 5077 1
5077 9628 1
7540 975 2
975 1734 2
9787 6134 2
6134 4407 1
4407 5241 1
5241 8576 1
7781 3915 1
3915 9585 1
3727 7914 1
7914 490 1
490 5599 1
5599 939 1
939 4793 1
1761 3833 1
2576 2640 1
9787 2353 1
2353 502 1
5282 2056 10
2056 6016 1
6016 2928 1
2928 6299 1
6299 395 2
395 1694 1
5206 7900 1
6252 5497 1
5497 7015 1
7015 2576 1
7559 2928 1
2928 4585 1
2802 2592 1
4790 8681 1
8681 7540 1
7540 7918 1
7918 2592 1
2592 8557 2
8557 3761 2
3761 2501 4
2501 8988 1
8988 494 1
494 5299 1
5299 502 1
3550 4788 3
4788 748 5
7540 275 1
275 494 1
502 2928 2
4407 6384 3
9520 4790 3
4790 853 3
853 8824 2
8824 9787 1
9787 2145 1
2145 9012 1
1585 4789 1
4789 8947 1
3787 604 4
604 3031 1
3031 7739 1
7739 8101 1
8101 9585 1
4090 8962 4
8962 7663 1
7663 7540 1
7540 5241 9
5241 4464 1
4464 4140 6
4140 6789 1
6789 502 2
7569 8947 2
8947 1326 1
8271 2576 2
2576 6495 1
6495 7498 1
7498 2121 4
2121 369 1
369 7409 1
7409 3031 1
3031 6583 1
6583 226 2
1918 9787 2
7091 4790 1
8633 4407 1
4407 4940 2
4464 8576 1
8576 7128 1
7128 789 1
789 9585 1
9787 9613 1
9613 8938 1
8938 1326 1
4790 4069 5
4069 2802 1
7559 789 1
789 4090 1
4090 5442 1
5442 4407 1
4407 951 2
2576 5442 1
5442 8678 1
3641 9772 1
9787 5559 2
5559 1037 1
968 5819 2
8400 820 2
8413 6252 2
4892 1981 2
1981 3209 1
8741 8135 1
8135 9587 1
3727 875 1
875 1981 1
1981 7952 1
7952 8678 1
1394 1918 3
1918 7095 1
7095 3562 2
5171 7752 1
7752 2576 1
2576 4725 1
4725 9420 1
9420 4790 1
2576 566 1
4788 943 1
943 275 1
275 4289 1
4289 9417 3
9417 8894 1
8894 8643 1
8643 7799 1
7799 1701 3
1701 4489 1
4489 3761 1
1101 2576 1
2576 1101 2
1101 2018 1
8084 1577 1
1577 9218 1
4788 4464 2
4464 4086 1
4086 1825 3
1825 8678 1
8678 8637 1
8637 6110 1
6110 8302 1
8302 502 1
3154 3761 11
8576 5078 1
5078 9772 1
6456 8576 1
2056 591 1
591 2819 2
2819 8678 1
4464 7447 1
7447 502 1
7666 968 3
968 3787 3
361 4788 1
4788 1834 1
916 5965 1
5965 4489 1
4489 1840 1
1840 930 1
2691 532 1
532 621 3
2576 9417 8
9417 2597 1
2597 4788 2
4788 4940 5
621 1584 1
1584 9384 1
2576 4300 5
4300 9787 2
8069 7114 1
7114 8611 1
8611 3663 1
3663 8244 1
8244 2576 5
2576 9369 2
9369 8084 1
8084 5206 1
5206 1 1
9787 9540 2
9540 689 16
689 4076 1
9772 8135 1
8135 4445 1
4445 502 2
8249 5818 1
2576 9047 1
9047 4788 1
2056 4552 1
4552 3642 4
9189 2024 4
2024 1217 1
1217 7666 1
3663 6120 1
6120 3461 1
3461 2413 1
2413 9517 1
9517 7197 1
7197 3679 3
3679 4407 1
4407 8513 1
8513 8252 1
8252 4988 1
4788 371 3
371 8988 2
8988 4575 1
4575 2018 2
2018 9006 4
9006 3859 1
3859 7408 1
7408 3787 2
8582 3170 1
3170 9787 1
8392 9417 1
9417 4584 1
4584 8611 2
8611 764 2
764 8702 1
4701 4605 1
4605 8069 1
8069 192 1
192 1648 1
1648 8582 2
641 2121 1
3154 5867 1
5867 502 1
3841 610 1
610 5395 1
5395 2018 1
3679 1874 1
1874 7666 1
7666 9460 1
9460 2709 1
8252 6436 1
6436 3154 2
5615 4388 1
4388 7417 1
7417 6290 1
6290 9787 1
1394 6002 1
1651 6290 1
6290 4090 1
2552 8702 3
8702 2819 4
8847 7331 1
7331 6556 1
6556 8611 1
8611 7329 1
7329 2802 1
2802 4086 6
4086 7945 1
7945 5171 1
5171 6870 1
6870 9787 1
9787 6331 3
6331 6261 1
6261 2501 1
2501 9413 1
9413 3787 1
5241 5688 1
5688 502 1
2928 1037 1
4909 2024 1
2024 8591 1
8591 1 2
2430 8544 1
8544 3787 1
8270 4086 3
4086 1763 1
502 3873 4
3873 3600 5
3600 2430 1
3761 4552 1
4552 3787 1
218 3727 1
3727 6085 2
6085 9520 1
9520 8946 4
8946 9585 3
4090 6789 4
1597 9489 3
9489 2819 1
7062 502 2
502 9737 2
9737 2576 2
9113 1037 1
1037 4917 1
4917 5497 1
8658 8637 1
8637 8847 1
7197 6003 1
6003 2802 1
968 2983 1
2983 4788 1
4788 9241 1
494 712 1
712 2121 1
9772 2004 2
8702 7559 2
4068 8582 2
8582 3060 5
3060 1427 1
1092 8889 1
8889 875 1
7268 8886 1
8886 4392 1
4392 2018 1
3679 4558 1
155 9772 2
9772 3390 1
3390 8889 1
8889 192 1
192 2576 1
2576 179 1
179 591 1
591 556 1
1394 7073 2
4090 6296 2
6296 5909 1
3938 6892 1
6892 9772 5
9772 8249 1
8249 1850 1
1850 4714 1
9585 5241 4
5241 4090 1
4090 7062 1
4090 7151 2
7151 857 1
857 9585 2
3761 8683 5
8683 1648 1
1648 4404 1
4404 4090 10
5960 3761 2
8683 594 1
594 8557 3
5241 2576 6
6582 2841 1
2841 1919 1
1919 7403 1
7403 502 3
7945 8073 2
8073 8873 1
8683 8245 1
8245 3683 1
3683 3663 4
3663 4552 1
4552 8735 1
8735 556 1
9585 4445 1
9772 8085 1
8085 6583 1
6583 2056 1
2056 7858 1
7858 2121 2
7030 4790 2
4790 9038 1
9787 1222 1
1222 1001 1
4790 4518 1
4518 9408 1
9408 6186 1
2576 6132 2
6132 1073 1
3787 5215 11
5215 502 1
502 4435 1
4435 9497 1
9497 1326 1
1326 6467 1
6467 494 1
494 4086 2
4086 5481 13
5481 8591 3
8591 8367 1
8367 9808 1
9808 8582 1
8582 8628 1
8628 9585 1
9585 4222 4
494 4402 5
4402 7134 2
7134 3835 1
3835 2121 1
2121 395 8
395 9787 2
9787 9726 1
9726 5792 1
5792 1701 1
568 3683 3
3683 8980 2
8980 4788 1
4737 7538 1
7538 7540 5
4407 4966 1
4966 3787 8
3787 4746 2
4746 1414 1
1414 6228 1
6228 7851 1
7851 3787 1
3787 8384 1
8384 9787 1
4584 8221 1
9772 764 2
764 2576 2
7799 2086 1
2086 6263 1
6263 1701 1
1701 3761 7
3761 4209 4
4209 8637 1
8637 1948 1
1948 2576 1
2576 4458 1
4458 2501 1
2501 3787 3
5241 9630 1
9630 8890 1
8890 2018 1
7210 4790 1
4790 3402 1
4090 8277 1
8277 4789 1
4789 762 2
9587 3388 1
3388 9773 1
9773 3693 3
3693 825 1
825 5833 1
5833 9773 1
5241 4701 1
4790 6520 2
6520 5171 1
5486 3761 1
3761 4289 4
3859 3898 1
3402 8683 1
8683 621 2
621 4790 3
4790 4313 1
4313 502 1
7559 9414 1
9414 1734 4
4790 7945 1
7945 5886 1
5886 6655 1
6655 4790 1
4790 2802 3
2802 4963 1
4963 6191 1
6191 2056 1
2056 6682 1
9787 4895 1
4895 3321 1
3321 1 1
8847 6299 1
6299 8392 3
8392 4082 1
4082 7540 1
1326 6436 1
6436 1289 1
1289 4086 1
2576 90 1
90 8847 5
8847 1460 6
1460 5027 1
5027 2056 2
8337 4082 1
4082 3011 1
3011 8637 1
8637 4086 2
5481 4336 1
502 5967 1
5967 4788 1
4788 5066 1
5066 8563 1
8563 2576 1
2576 9123 3
9123 8576 1
3761 4918 6
4918 7773 1
7773 155 1
155 4788 1
9787 5377 1
5377 1979 1
4090 3389 1
3389 9592 1
9592 3761 1
3761 2555 2
2555 4739 1
4739 6534 1
6534 2802 2
5241 6175 1
6175 3230 1
3230 2576 1
6654 5182 1
5182 502 7
502 4630 3
4630 1474 1
1474 2576 1
2576 8890 1
951 3761 3
4209 494 2
494 7736 1
7736 8637 1
494 199 1
199 4248 2
4248 5146 1
5146 3402 1
7559 6275 1
3761 6583 4
2121 7666 4
7666 4621 1
4621 4407 1
8702 6109 1
6109 1734 1
184 4464 1
4464 748 1
748 547 1
547 6299 1
395 1002 1
1002 3909 1
3909 5908 1
5908 5215 1
5215 3761 2
8798 3391 3
3391 1673 1
2576 5623 1
5623 939 1
939 5171 1
5171 3555 2
3555 8576 1
3011 3911 3
3911 1746 1
1738 3112 1
3112 9787 1
453 3761 3
2592 8824 2
8824 9459 1
4153 4090 1
7897 3402 1
3402 1701 1
9585 3823 3
8184 2592 1
2592 1586 1
8413 4415 1
4788 5630 1
5630 9787 1
7036 4248 1
4248 2592 1
2592 8576 3
4918 3787 6
5241 8678 1
8678 4289 2
4289 5573 1
5573 9772 1
9772 3787 5
4788 5644 1
5644 2576 1
2576 3019 1
3019 3761 1
3761 6025 1
6025 1586 1
1586 3321 1
395 494 1
782 1889 1
1738 3477 1
3477 3787 1
8834 2024 1
2024 8804 2
8804 1673 1
4415 4407 1
4407 9466 1
9466 3019 1
3019 6495 1
6495 2121 2
2121 7409 1
7409 3154 1
494 4681 1
4681 3476 1
2576 5284 1
5284 5882 1
5882 4940 1
4940 4701 3
4701 3476 1
3476 1738 1
1738 1919 2
1919 3761 2
1746 3911 1
3911 1738 2
1738 1356 1
1356 3476 2
2576 820 1
4788 4020 2
4020 3402 1
3402 8926 1
9787 4133 1
4133 4574 1
4574 2576 1
3550 4737 1
9012 8591 2
8591 4407 1
968 1605 1
1605 1356 1
3476 4969 1
4969 2576 1
7066 1062 1
1062 8491 1
8491 5123 1
5123 1408 1
1408 621 1
502 7320 1
7320 2838 1
2838 80 1
80 4940 1
9787 8531 4
8069 6834 1
6834 4407 1
8031 9786 1
9786 762 1
762 2576 4
2576 3198 1
3198 8900 1
8900 6931 1
6931 9773 1
9773 6796 7
6796 9324 1
9324 8742 1
2056 7066 1
7066 594 1
594 441 1
3402 2846 1
2846 3620 1
3620 8112 1
8112 8824 1
8824 7559 1
3402 9772 1
494 5206 1
5206 4226 1
4226 6110 1
8741 275 1
275 1062 1
1062 2592 3
5215 2576 4
2576 8685 5
8685 7755 1
3402 5206 1
5206 5993 1
5993 1414 3
1414 6733 1
6733 4445 1
8637 8873 5
1037 1472 1
1472 5130 1
5130 9787 1
8350 4884 1
4884 9585 1
9585 1999 1
1999 3727 1
3727 1673 1
9550 7498 1
4415 3683 1
3683 7841 1
5497 3686 1
3686 3909 1
3909 5480 1
5480 502 1
968 275 1
275 8268 1
8268 6118 1
6118 8847 1
4788 4648 1
4648 4336 1
4336 4445 3
8685 9149 1
691 1 2
8626 4788 8
556 5940 2
5940 9012 1
9012 7666 2
7666 1825 1
1825 3929 1
3929 1660 1
1660 4445 1
1941 4788 1
4090 2351 3
2351 2843 1
2691 9714 1
9714 3761 1
3761 8050 5
8050 7540 1
4790 1134 1
1134 3727 1
2351 1 1
1 951 2
7945 3859 2
3859 5057 1
5057 8873 2
1660 5816 1
5816 9585 1
2121 8689 2
8689 2128 1
2128 7540 1
7701 1033 1
1033 9371 2
9371 1 1
1 1660 1
1660 4910 1
4910 3787 1
3787 8539 1
8539 7513 1
7513 7540 1
7918 4790 1
4790 1148 1
681 4840 1
5241 1605 1
1605 3476 1
3476 2121 1
4790 2458 1
2458 8576 1
4789 4069 2
3787 6299 1
8392 6596 1
6596 530 1
530 9530 1
9530 2825 2
2825 5922 1
5922 9787 1
1701 6950 1
6950 8824 1
8824 1001 1
1162 7829 1
4419 9787 2
6133 5360 1
5360 609 1
609 2576 2
3761 8742 1
2056 5990 1
5990 8658 1
1738 623 1
9726 1999 1
1999 4892 1
1981 3402 1
3402 4086 1
4086 490 1
490 7841 1
7841 502 2
502 3786 2
3786 3704 1
3704 930 1
930 3761 1
3761 9012 4
9012 3640 1
3640 3029 1
3029 5241 1
5241 502 5
3550 3761 3
7701 3111 1
3111 1 1
1 2024 2
2024 9530 1
9530 4701 1
1597 7719 4
7719 2436 1
2436 5241 1
5241 4737 1
4737 9012 2
3787 185 1
185 7320 1
3761 3734 1
3734 5575 1
5575 4788 1
4788 249 1
249 1 1
1 3761 10
494 8213 1
8213 2576 1
2576 8104 3
8104 9585 7
3761 386 2
386 4404 1
4090 8956 4
8956 5076 1
5076 1738 1
1738 867 3
867 1581 1
1581 5497 1
3550 9324 1
9324 7617 1
7617 7917 1
7917 2733 1
2733 502 1
1605 479 1
479 3761 1
3761 8143 1
8143 8683 1
9585 4140 1
4140 8879 1
502 5109 1
5109 7666 1
4076 8104 1
2056 5135 1
5135 5908 1
5908 2819 1
2576 1701 9
8642 4360 1
4360 690 1
615 2576 7
502 5584 6
5584 2121 2
2121 4086 1
5481 8637 1
8637 8702 3
8702 937 1
937 9787 1
4076 2030 1
2030 4140 1
4140 4918 1
5241 9787 2
6436 2592 3
9084 2843 1
2843 9011 1
9011 1818 1
494 4737 1
4737 1577 1
1577 1734 1
1734 8890 1
8890 8105 1
8105 161 1
161 7666 1
5908 2576 5
2576 4230 1
1348 1815 1
1815 6147 1
6147 4790 1
3641 3787 4
9585 9420 1
9420 1734 1
2061 4407 1
7559 3727 2
1761 8337 1
8337 3013 1
3013 8890 1
8890 2834 1
2834 494 2
9787 8683 10
8683 5182 1
8582 5908 5
5908 532 1
532 9773 4
9773 8142 8
8142 9787 4
8702 3761 3
218 7626 1
7626 3761 1
3761 7715 2
7715 6634 1
6634 7552 1
502 8367 3
8367 1277 1
1277 2686 1
2686 4376 1
4376 4788 1
1326 8847 1
8847 3679 1
494 8987 3
8987 8271 1
8271 7540 2
7540 3402 3
9787 5080 6
7075 2576 1
7300 2853 1
2853 7801 1
7801 9587 1
9587 6109 1
6109 2802 3
5241 5673 1
5673 9773 1
4140 7614 1
7614 8683 1
4790 4336 2
3503 3861 3
3861 8716 1
8716 8576 1
2819 1734 1
4790 1427 1
1427 6549 1
6549 9088 1
9088 3787 3
3787 721 1
721 9773 1
9773 333 2
333 2588 4
2588 4090 1
4090 8473 5
8473 494 2
494 4934 1
4934 993 1
993 5684 1
4840 476 1
476 2576 1
6654 2024 1
2024 7782 3
7782 6387 2
6387 1785 1
3373 2819 1
2576 4374 1
4374 3787 1
218 4222 2
494 5672 4
5672 4679 1
4679 8576 1
2819 155 1
8136 1037 2
1037 1575 2
9012 8215 1
8215 3761 2
2576 8844 1
8844 8320 2
8320 7091 1
7091 7823 1
7823 8851 1
8851 4801 1
4801 3761 1
3761 5481 1
7388 2686 2
2056 2845 1
2845 4679 1
218 5497 1
6935 1774 1
1774 1806 1
968 1785 1
1785 5371 1
5371 4407 1
4407 4102 1
4102 4908 1
4908 5857 1
5857 8838 1
8838 2595 1
3154 2708 1
2708 7616 1
3691 6436 1
330 4701 1
4790 3761 3
8926 2846 1
2846 8867 1
8867 6335 1
6335 5494 1
5494 938 1
938 3761 1
5481 3761 7
3761 5171 1
4574 3011 3
3011 682 1
682 3787 1
4788 993 4
3761 2292 4
2292 4679 1
4679 1580 1
1580 762 1
8658 3787 2
3787 6296 1
6296 218 1
9585 5765 1
4679 3402 1
1738 5902 5
5902 3787 1
3787 1534 1
1534 1763 1
1763 3840 1
3840 7066 1
7066 4918 1
3761 7602 1
7602 4789 1
4789 621 1
621 502 4
502 3282 2
3282 3787 1
9787 6523 3
6523 4142 2
4142 5494 1
5494 7540 2
4790 1586 1
1586 1 3
6186 5064 1
5064 3638 1
1597 2222 1
9324 2576 3
4090 8839 1
8839 4788 1
4788 1738 4
1738 3683 4
3683 807 1
807 2430 1
6583 7031 1
615 3622 1
3622 9787 1
9787 490 2
490 3973 1
2802 4679 1
4679 6443 1
9787 8925 2
8925 2024 1
2024 8777 2
4737 9459 1
9459 1668 1
1668 5695 1
2802 219 1
219 4679 1
4679 9787 3
9787 5683 1
5683 615 1
4921 5494 1
5300 9787 6
494 9324 1
9324 6668 1
6668 2802 1
2802 9317 1
9317 1611 1
1611 5238 1
4463 2592 1
2592 3216 1
3216 621 1
621 5238 1
5238 7211 1
7211 2900 1
2900 2576 2
2121 1568 1
1568 7701 2
885 1326 1
2691 3727 1
4788 8216 1
8216 5596 1
8969 4788 3
4788 7210 4
7210 3787 1
3787 4430 2
4430 4788 1
3787 279 1
279 3835 1
3835 939 1
2576 4832 2
4832 1408 3
1408 7701 2
3039 1025 1
1025 4788 1
4788 7053 2
8777 2121 1
2121 5473 3
6583 5449 5
5449 4788 1
994 2819 1
453 7896 1
7896 2767 1
2767 4407 1
4407 8926 3
1651 8702 2
8702 7540 2
9787 2512 1
6207 2576 1
7799 4445 9
8582 4090 1
4090 5449 1
5449 3507 1
3507 502 1
1651 9787 5
4962 4788 2
4788 7520 1
7520 5224 1
5224 3509 2
3509 7754 2
7754 2576 2
2576 4940 3
4940 5897 2
5897 9592 2
9592 9787 1
3727 6756 1
6756 1414 1
1414 8873 2
9787 7917 2
7917 4565 1
4565 9540 1
689 4090 2
4090 6574 3
6574 8576 1
340 9772 1
2802 7744 3
8873 621 6
621 3761 5
3761 485 2
485 3495 1
3495 4300 1
4300 9585 1
8582 7540 3
4790 7949 3
7949 4790 2
8637 8591 2
4790 778 4
778 494 1
7900 1062 1
9585 3358 5
3358 2501 2
2501 2900 1
2900 1566 1
1566 4962 1
7540 7560 1
7560 691 1
691 9787 1
9787 2885 1
2885 9401 1
9401 9689 1
9689 3437 1
3437 2900 1
2576 8333 1
8333 3535 1
3535 502 1
2056 3381 1
3381 5497 1
9787 6374 1
7701 1577 1
1577 1533 1
1533 2576 1
2576 5248 1
5248 9787 1
8576 352 1
352 2819 1
2819 8321 1
1701 1438 1
1438 1 1
6189 4090 7
8582 192 1
192 570 1
570 2576 1
2576 7344 1
7344 2819 1
2576 439 2
439 1032 1
1032 854 1
854 7701 2
1660 2819 3
2819 1648 3
4788 3635 1
3635 4407 1
7053 1394 1
1394 1439 1
1439 9585 1
4090 5952 1
5952 482 1
4790 7666 2
9271 9787 1
4442 2093 1
2093 5240 1
5240 9787 1
9787 6707 2
6707 482 1
482 9414 2
9414 502 3
8601 9520 1
9520 2107 1
4940 7388 2
2686 4940 1
4940 1443 5
1326 4389 1
4402 2721 2
2721 2018 1
9787 971 1
971 1037 1
4788 2883 1
2883 2576 1
1594 482 4
2024 8381 1
502 6492 2
6492 8678 1
986 4373 2
8582 4531 1
4531 1566 1
1566 9540 1
9787 6419 2
6419 7921 1
7921 5240 1
5240 2482 1
2482 4790 1
4790 1037 5
1037 8637 2
5171 4301 1
4301 5908 1
4463 3245 3
3245 8847 5
1394 7197 1
7197 4463 2
4463 5224 1
3649 1553 6
1553 2018 1
689 524 1
524 5238 1
5238 2576 1
8824 530 1
8658 3252 1
3252 2056 5
2691 1326 1
3787 7063 2
7063 8464 1
8464 3787 1
2843 1566 1
556 8591 1
8591 8702 1
8702 4701 15
2576 2021 5
2021 4350 1
4350 3787 1
3787 513 1
513 7862 1
7862 8576 1
8576 8745 1
8745 90 1
1460 1566 1
1566 2843 1
2843 2056 13
4575 4790 1
8824 9585 1
494 4447 1
4447 1566 2
4790 6015 2
6015 8824 1
4090 3995 1
3995 9772 1
9772 9006 4
9006 7559 1
7701 7197 4
7197 4407 1
4090 8214 1
8214 2018 1
4090 8042 1
8042 5123 1
5123 187 1
187 2819 1
2056 3727 4
7949 9585 3
8582 5305 1
5305 7569 1
7569 2020 2
2020 4575 2
4575 3649 2
1553 5497 2
5497 2022 1
2022 502 2
502 1466 5
1466 502 2
8170 1445 2
1445 4234 1
4234 1231 1
1231 9773 1
9773 3600 2
3787 477 1
477 6634 1
6634 1566 1
1566 2691 4
4789 5765 2
5765 8824 2
8824 502 1
1466 2576 1
7053 5596 2
5596 632 4
632 8337 1
8337 5356 1
5356 7540 1
7666 4144 1
4144 9530 1
3787 3079 1
3079 5238 1
5238 9587 1
9587 5339 1
5339 8873 1
8873 7666 2
7666 6683 1
6683 2819 1
291 4789 1
4789 6296 1
6296 4090 6
4090 5972 4
5972 857 1
857 8160 1
8160 8873 1
4790 7505 1
7505 2576 1
2576 5990 2
5990 4790 2
4790 5238 1
5238 762 1
8658 3112 1
3112 939 2
939 6838 1
4059 3787 3
5241 5294 1
5294 4144 1
4144 2576 1
2576 3440 3
3440 3551 1
3551 9241 1
1553 9258 1
2121 2855 1
2855 8023 1
8023 2576 1
5215 6445 1
9489 6110 2
8346 5695 1
5695 2576 2
3761 2802 1
4086 8727 1
8727 9703 2
9703 4104 1
4104 8727 1
8727 8464 1
8464 2686 1
2686 796 1
796 5246 1
5246 8464 1
8464 6228 1
3787 427 1
427 6553 1
2632 502 1
8633 3761 1
2292 7053 1
7053 287 1
287 8464 1
8464 8702 1
8702 8683 3
8683 3011 4
9012 3945 1
3945 9703 1
9703 4825 1
4825 4407 1
3761 8214 1
8214 2121 1
2730 275 1
275 9034 1
9034 1 1
494 6399 1
6399 9517 1
7626 9006 1
9006 9414 1
482 2812 10
2812 9241 1
7559 750 2
750 4788 2
4788 2992 1
2992 1341 1
1341 9772 1
7569 6056 1
6056 7945 1
7945 4463 1
4463 2843 3
2843 9787 9
6663 875 1
875 7956 1
7956 9585 7
1062 1648 1
1648 8591 1
3761 3200 2
5598 7160 1
7160 7768 1
7768 4407 1
4407 218 1
218 5123 1
5123 1581 1
1581 2576 1
2576 4392 7
4588 3787 5
3761 764 1
764 5224 1
9585 3070 1
3761 3859 2
3859 5080 1
2576 6613 2
6613 3761 1
3761 5980 1
5980 9787 1
4701 8702 9
8702 9094 1
9094 5448 1
5448 1 1
6520 6048 1
8527 3649 1
1553 7799 1
4090 3898 13
3898 5980 1
5980 8834 1
8678 6987 3
6987 9787 1
9787 6788 2
6788 8557 1
2576 7210 1
7210 4789 3
4789 1991 1
1991 1 1
7694 3857 2
3857 7273 1
7273 9787 1
9787 6634 2
3628 5112 1
6052 1037 1
968 8844 1
8320 8943 1
8943 3016 1
3016 4736 1
4736 5980 1
5980 9517 1
1037 5009 1
5009 2576 1
2576 1394 21
8582 8658 1
8658 7540 2
4790 8392 3
482 197 1
197 5494 1
5494 2802 3
1037 6166 1
6166 9787 1
3787 5237 1
5237 5238 2
5238 1062 1
1062 1640 1
1640 494 1
494 4338 2
4338 2992 1
2992 1695 1
1695 9787 2
9787 1469 1
1469 690 1
2576 6001 1
6001 7715 1
2056 7079 1
7079 5227 1
5227 2062 1
8702 3245 1
3245 2350 1
1941 6436 1
6436 1660 1
1660 8637 1
8637 8611 1
8611 5224 1
5224 90 1
90 5770 1
4090 235 7
235 3649 1
1553 3383 1
3383 7799 1
4789 1988 1
1988 1438 1
1438 2819 1
2819 9540 1
689 4788 1
4788 4789 5
4789 6663 2
6663 1988 1
1988 6120 1
6120 1420 1
1420 2592 1
2592 7715 3
4679 9585 1
9585 9530 3
9530 1853 2
1853 5123 1
5123 5534 1
5534 3787 1
3787 2329 1
2329 2576 1
6789 9553 1
3638 8926 1
8926 1464 1
1464 8591 1
8591 8847 2
8847 5821 1
5821 1853 1
1853 2802 5
1701 1439 1
1439 2576 1
4788 4226 6
4226 1101 1
1101 9512 1
9512 5497 1
5497 3154 3
3727 5940 2
1660 8702 1
8702 7999 2
7999 6191 1
6191 8576 1
7197 2061 1
9024 2819 2
7851 4463 1
4463 9271 3
9271 7666 1
7666 5468 2
5468 7799 1
9189 1738 1
1738 2022 1
2022 1738 1
1738 1443 2
9787 8210 1
8210 4789 1
7540 7061 1
5241 4445 1
8637 5555 1
5555 2086 1
7559 2127 1
2127 7715 1
7715 2121 1
2121 8947 4
8947 7072 1
7072 3545 1
3545 9787 1
2802 9040 1
9040 4679 1
4679 4407 1
8702 9401 1
9401 5238 1
5238 7877 1
7877 2121 1
8947 9787 1
5172 594 2
3880 7210 1
7210 7666 1
1673 547 2
218 5684 1
5684 9628 1
3787 9665 1
9665 530 1
2430 8271 1
4789 3562 1
3562 8400 1
8400 8591 2
8591 118 1
118 3844 1
3844 1913 1
1913 9787 1
3727 9196 2
9196 1738 1
8926 8064 1
1360 9585 1
5238 8788 1
6996 6574 1
5171 1738 1
867 8626 1
8576 9381 1
9381 4463 3
9271 7068 1
9630 9787 1
9585 4231 1
4231 3787 1
3600 8337 1
482 8576 5
8576 2143 1
4463 9773 4
9773 3728 3
3728 9787 3
9418 9587 5
9587 545 1
545 9024 1
3683 5497 2
5497 8447 2
8447 9787 1
482 1429 1
1429 5980 1
5980 4736 1
4736 9787 1
8582 4140 1
4140 6189 1
7559 1566 2
1919 1761 1
1761 9517 4
9517 2595 1
4789 2547 1
2547 4902 1
2723 2819 1
2292 4140 1
4140 2576 3
2576 3728 4
3728 502 1
7388 4463 1
4463 3419 2
3419 7061 1
5241 5173 1
5173 4788 1
4788 6375 2
6375 502 2
3734 4262 1
4262 4407 1
3578 8873 1
9787 6690 1
6690 5497 3
9408 8771 1
8771 9787 1
490 6983 1
6983 4790 1
4790 3956 1
3956 2576 1
9530 3641 4
3641 8879 1
3727 4918 1
2086 621 1
621 5241 1
5241 494 2
9012 6252 1
6252 5596 1
782 9787 2
9787 4547 1
4547 4788 1
4788 3216 1
6696 4748 1
4748 9517 1
3154 3727 6
8591 4069 1
4069 4407 1
5497 3453 3
3453 4388 1
4388 4961 2
494 3786 1
8674 9787 1
9787 4234 3
667 5497 1
5497 5552 3
5552 1348 1
1348 4918 1
4918 8591 2
8591 4140 1
4140 4407 3
4902 1434 1
1434 8576 1
2819 4068 1
7694 7405 1
1037 9587 1
9587 8702 1
8702 1210 1
1210 4790 2
2595 144 4
144 8626 1
968 4076 1
4076 5743 1
5743 5237 1
5238 9189 1
7053 618 2
618 5227 1
5227 6275 1
9787 6026 1
6026 3897 1
3897 1673 1
2576 7327 1
7327 9585 1
9585 7877 1
7877 9012 4
691 5371 1
5371 1495 3
1495 8683 1
8683 4675 1
4675 3880 2
5238 1690 1
1690 7211 1
7211 4914 1
4914 3649 1
7842 7053 4
7053 4557 1
854 7061 1
5241 2803 1
5436 2552 1
9585 1988 2
1988 9773 1
9773 124 1
124 494 2
5171 300 4
300 2018 1
4789 2086 1
2086 2686 1
2686 3786 1
3786 8626 1
3578 5238 1
5238 993 1
993 5007 1
5812 2576 1
5172 6571 1
6571 8683 1
3787 615 3
5497 3760 1
3760 8416 2
8416 762 1
9585 6789 1
6789 9010 1
9010 3666 1
3666 968 1
968 6384 1
2292 9324 1
5481 3011 2
8926 4788 6
4788 4679 1
4679 4788 2
9787 1329 1
1329 502 1
502 4202 1
4202 1586 1
1586 7320 1
7320 3011 1
3911 1842 1
1738 5481 3
5481 4102 2
4102 4073 1
4073 9012 3
9012 6574 1
921 7630 1
7630 5116 1
5116 3761 1
3787 6294 2
6294 6275 1
6275 2802 1
2802 5282 1
5282 1024 1
1024 4925 1
4925 8270 1
7666 5481 5
502 2579 1
2579 9243 1
9243 3402 1
7559 9069 1
9069 502 3
3278 2576 2
2403 3786 1
3786 8139 1
8139 6862 1
6862 9012 1
9012 1774 1
1774 5801 1
5801 3761 1
3761 6776 1
6776 8842 1
4894 5780 1
5780 6221 1
6221 7066 1
7066 7540 3
3230 8591 1
3787 7894 1
7894 7571 1
7571 6880 1
6880 7160 1
7160 4695 1
4695 2576 1
1919 6335 2
6335 502 3
8741 9566 3
9566 2668 1
2668 3042 3
3042 2997 1
2997 5655 1
5655 8795 1
8795 2576 1
2576 8777 3
8777 9819 1
9819 7767 1
7767 3761 1
1701 4389 2
8582 353 1
353 7767 1
7767 4737 1
4737 6314 1
6314 3761 1
3761 6711 3
6711 621 1
621 632 1
632 502 1
3342 226 1
9787 3209 1
8741 9573 1
9573 2998 1
875 3761 1
4464 292 1
292 1964 1
1964 9787 1
7300 1701 1
7666 6532 2
6532 3787 1
5238 3960 1
3960 3787 1
8582 8065 1
8065 3679 1
3679 2576 1
1651 3883 1
3883 6532 1
6532 4788 1
4788 840 3
9585 4388 3
4388 6532 1
6532 4090 1
2062 2576 1
5172 9585 1
5080 502 14
479 1 1
5215 9587 1
9587 8278 1
5481 8678 2
8678 9611 1
9088 4940 4
4940 2763 1
2763 8879 1
9585 5481 5
5481 2795 3
2795 147 1
147 8531 1
8531 9585 1
1037 232 1
232 6834 1
6834 2018 1
4090 8213 3
8213 8678 2
4289 9241 1
9241 1 1
2018 8213 1
8136 5079 1
5079 3880 1
3880 2802 4
2802 3649 2
7540 3932 1
3932 5462 1
5462 1 1
1 4789 1
4789 4289 1
4289 9006 1
9006 8683 1
8683 6745 1
3787 9779 7
9779 9787 1
3898 9585 8
4788 7328 1
7328 5171 1
5171 2510 2
2510 875 1
875 3011 1
3761 7948 2
7948 8249 1
1701 4788 5
4788 2469 1
2469 418 1
418 3859 1
9787 602 1
602 8576 1
2819 4510 1
4510 2297 2
2297 1734 1
1734 4142 4
4142 9084 1
9084 9787 4
9787 3666 1
3666 9573 1
9573 1701 1
1701 6687 3
6687 3124 1
3124 1346 1
1346 1484 1
1484 2576 1
5687 4463 1
2819 4008 1
4008 4790 1
4790 4694 1
4694 1 1
6687 2683 1
2683 4790 1
4790 3512 1
3512 2576 1
4790 3890 3
3890 1918 2
1918 524 2
524 578 11
578 2576 2
2576 524 4
524 7631 8
7631 750 1
9587 1394 1
1918 3633 1
3633 1468 6
1468 1360 1
1701 7099 1
7099 4788 1
4788 5170 4
5170 2233 1
2233 8626 1
4788 9573 1
7694 5171 1
5171 4929 1
4929 2296 1
2296 9787 2
1941 9587 2
9036 9787 1
6052 7956 1
7956 8702 2
4463 629 1
629 9447 1
9447 8129 4
8129 1566 1
2024 6687 1
6687 8741 2
8741 3124 2
3124 3154 5
502 2912 1
2912 3045 1
3045 4445 1
7842 6436 1
6436 3590 2
3590 5936 1
5936 3124 1
3124 2038 1
2038 7842 1
7842 4788 1
4788 5936 1
5936 1566 1
1566 7842 1
7842 8946 1
8946 2018 1
4788 9417 3
9417 8678 1
3727 418 1
7701 9419 2
9419 5497 1
5497 8850 1
3602 4445 1
4445 7197 3
7197 4788 1
4788 418 1
7701 977 2
977 8381 1
7842 4447 1
4447 4788 1
556 6568 1
6568 7405 1
1037 8683 1
8683 2555 2
2555 3124 1
3124 612 1
612 2109 1
2109 4445 1
1 2843 4
2056 2121 1
9772 2038 1
2038 7540 1
4790 8762 1
8762 7030 1
7030 1333 1
1333 7437 1
7437 4388 2
4388 951 1
951 2819 2
7799 6002 1
6002 3124 1
3124 7773 1
7773 2809 1
2809 502 1
7666 1467 1
1467 8074 1
8074 4350 1
4350 7197 1
7197 7773 1
7773 8678 1
2021 2555 1
2555 7773 1
7773 7701 1
8244 3209 1
3011 6533 1
6533 851 1
851 8683 1
8683 4790 5
2592 795 1
795 502 1
502 3646 1
3646 968 1
968 4790 4
4790 821 1
821 3787 1
3787 1716 1
1716 3269 1
3269 2859 1
2859 2686 1
2056 2123 1
2123 8114 1
8114 5154 1
5154 2686 1
2686 3911 3
3911 9724 1
9724 9585 1
2121 9716 1
3761 994 1
6583 4891 1
4891 4737 1
494 9716 1
9716 4940 1
4940 3040 1
3040 5241 1
5241 4069 1
4069 1581 2
1581 2024 1
2024 4940 1
3761 762 1
2576 4668 1
4668 3768 1
3768 6275 1
3761 9196 1
4086 6387 1
6387 8627 1
8627 7095 1
7095 1566 1
1566 6756 1
3011 3124 3
3124 8317 1
8317 7882 1
7882 4790 1
4790 2168 1
2168 8302 1
8302 7540 2
7540 5236 1
5236 2018 1
2018 2845 1
2845 1663 1
1663 674 1
674 8683 1
8683 8493 1
8493 7715 1
7715 4788 2
4788 1408 2
1408 1822 1
1822 5497 1
5497 379 1
379 9671 1
9671 9497 1
9497 4714 1
4714 3124 3
3124 2324 1
2324 8873 1
502 1312 2
1312 1326 1
2691 502 3
1312 1 1
8582 2121 2
9714 1312 1
1312 3600 1
1326 8477 1
8477 1672 1
1672 7666 2
7666 2068 3
2068 7073 1
8847 4389 2
7956 6687 2
6687 1312 1
1312 4445 1
4445 9419 2
482 6687 1
9585 2695 1
8873 9447 1
8129 4788 1
1672 8591 1
9459 3630 2
3630 2068 1
2068 1566 1
1566 8637 3
8637 6599 1
6599 9787 1
4234 8741 1
8741 2331 1
2331 1312 1
1312 9772 1
9772 8582 7
8582 1826 2
1326 6834 1
6834 1033 1
95 872 1
7701 2843 2
2843 17 1
17 3197 1
3197 2576 5
2576 9716 3
9716 1818 1
1818 8591 1
494 6151 1
6151 502 2
1685 3209 1
8741 9773 1
9773 2068 1
2068 981 1
981 8303 1
8303 6811 1
6811 7540 1
7540 363 2
363 2555 1
2555 8591 1
8591 977 2
977 8369 1
8369 1971 1
1971 3125 1
3125 2576 1
2576 5679 1
5679 4041 1
4041 8096 1
8096 1 1
2024 8921 1
9585 9447 1
8129 494 1
494 7569 4
7569 9099 1
9099 9517 3
7626 9787 4
9773 5910 1
588 6870 1
6870 9006 1
9006 6189 1
9585 9099 1
9517 4373 2
4090 2463 2
2463 482 1
8582 3210 1
3210 11 1
11 4336 1
4788 4373 8
4090 4492 1
4492 1312 1
1312 4788 1
4788 9414 3
482 9212 2
1660 2853 1
2853 9288 1
9288 3980 1
3980 9419 3
9419 3559 1
3559 2155 1
2155 2018 1
9006 8576 2
8576 4442 1
4442 9716 1
9716 8683 1
8683 3041 1
3041 9716 1
9716 3863 1
3863 3679 1
3679 6436 1
6436 4915 1
4915 7030 1
7030 3787 1
9773 9288 1
9288 1 1
556 95 1
95 8576 1
8576 7167 1
7167 4788 1
4788 4404 1
2406 2305 1
2305 986 1
494 9099 1
9099 2595 1
2595 9517 2
545 840 1
9787 3497 1
9585 1394 6
545 1 1
8531 524 1
524 8129 2
8129 9099 1
4788 7948 2
7948 1133 1
1133 5747 1
5747 5171 1
5171 8480 1
8480 9714 1
9714 5972 1
5972 2819 1
4788 8050 4
8050 7187 1
7187 3658 1
3658 3787 1
1597 5902 2
5902 1566 1
1566 9787 6
1937 4445 1
2025 2819 1
1062 5998 1
5998 4788 1
4788 6478 1
6478 4350 1
4090 6057 1
6057 1062 1
1062 7666 1
7666 1371 1
1371 4445 1
930 7327 1
7327 7559 1
7559 6987 1
6987 1734 1
1734 6557 1
6557 7796 1
7796 9773 1
9773 5270 1
5270 494 1
4701 2073 1
2073 1062 1
7559 1919 1
1919 9787 3
9787 8129 1
8129 1 1
1 9773 2
9773 3186 1
3186 272 3
272 9464 1
9464 502 1
1820 7374 1
7374 2809 1
2595 1062 6
1062 6383 1
6383 3787 1
6296 9585 3
2056 8637 3
8637 8265 1
8265 1648 1
9787 3820 1
3820 9787 1
9787 8263 1
8263 3562 1
3562 8168 1
8168 9587 1
9587 7196 1
7196 3245 1
3245 2595 1
3761 6568 1
6568 3186 1
272 2576 1
2576 5303 2
5303 9773 1
9773 272 1
272 8678 1
2021 7374 1
7374 2506 1
2506 2576 3
4129 2253 1
2253 736 1
736 2819 1
2819 1818 1
482 6161 1
6161 2809 1
2809 2509 1
2509 9517 1
9517 4336 2
8741 7190 1
7190 3186 1
272 3787 1
5902 5282 1
5282 4981 1
4981 1062 1
1062 1 2
1046 1919 1
1919 2073 1
2073 8129 1
8129 2691 1
2691 8576 5
8576 556 1
9417 7271 1
7271 7540 1
7540 7374 4
7374 8637 1
8637 5797 1
5797 1062 4
1062 8268 2
8268 3787 1
2843 6308 2
6308 3727 2
3727 1401 1
1401 5066 1
5066 5902 1
5902 3186 1
3186 1820 1
1820 556 1
4402 4222 2
4222 3266 1
3266 8745 1
8745 8577 3
2576 5902 1
5902 7374 1
7374 4373 1
1401 2018 1
6331 9459 1
3630 8582 1
8582 5903 1
5903 9787 1
1528 8847 1
3461 1701 1
1701 3701 1
3701 7540 1
7799 9571 3
668 2576 1
2576 6015 3
6015 6954 2
6954 5210 1
5210 502 1
502 4102 1
4102 2709 1
2709 7918 5
7918 8847 1
4090 6003 4
6003 7559 1
7559 8516 1
8516 1651 2
1651 3245 1
3245 9818 1
9818 4445 1
4445 9006 3
9006 2615 3
2615 1062 1
1062 1420 5
1420 2570 1
2570 9787 4
4090 2189 2
2189 2018 1
2018 502 3
502 9522 2
9522 2695 1
2695 3503 1
8688 9084 1
7715 9772 2
9772 6508 1
6508 4407 1
4407 8591 3
1326 695 1
695 4701 1
8702 1371 1
1371 4373 1
8337 3879 1
3879 522 1
522 4789 1
4789 9084 1
9084 8248 1
8248 3562 2
3562 2073 1
2073 2592 1
2592 4463 3
4463 9458 1
9458 7374 1
7374 1 1
4463 4701 1
4788 5902 1
5902 2576 1
2576 9517 3
3154 1941 1
1941 7184 1
7184 8582 1
8582 8248 1
8248 4701 1
4701 5903 1
5903 7374 1
7374 1795 1
1795 9772 1
9772 8702 3
4788 3792 1
3792 8126 1
8126 5770 1
1333 4402 1
6687 8129 1
8129 9787 1
2552 9772 8
9772 524 2
8129 2819 1
5210 1 2
9787 5567 1
5567 9585 2
6003 2501 1
2501 7559 1
7559 8499 1
8499 4974 1
4974 1062 1
1062 4940 1
7540 524 6
524 6796 1
6796 8499 1
8499 6003 1
1394 4090 6
9084 655 1
655 1 1
7148 2018 1
2018 9417 2
4041 494 1
1651 8678 4
1062 4789 1
4789 9041 1
9041 2576 1
1062 8926 2
8926 8683 2
4789 3327 3
3327 1366 1
1366 9520 1
9520 1062 2
1062 1941 10
1941 1037 1
1037 4639 1
4639 912 1
494 1594 2
1594 8129 1
8129 689 1
689 3980 2
3980 9517 1
9517 8873 3
3154 621 1
621 4701 3
1597 7374 1
7374 4350 1
8337 7294 1
7294 7374 1
7374 3849 1
3849 2686 1
875 7356 1
7356 4790 1
4790 2200 1
2200 6002 1
4788 4222 3
4222 5797 1
8582 7476 1
7476 4788 1
4788 1856 1
1856 7374 1
2552 4790 2
4790 9462 1
9462 689 1
689 4840 1
4840 9517 1
1826 136 1
136 7023 1
7023 3630 1
3630 7372 1
7372 8873 1
4788 5941 1
5941 8082 1
2709 912 1
912 4701 1
4701 386 1
386 4701 2
4701 3495 1
3495 1734 1
8576 504 1
504 4788 1
5769 8084 1
8084 7187 1
7187 3151 1
3151 2595 1
4790 6027 1
6027 7917 1
7917 3157 1
3157 2686 1
2686 9338 1
9338 463 1
463 4788 1
482 155 2
1033 9284 1
9284 1734 1
7701 6748 1
6748 9773 3
9714 3846 1
3846 1683 1
2686 1599 1
1599 7372 1
7372 9772 1
2576 4639 1
4639 9585 1
8576 192 1
192 7407 1
7407 8248 1
1597 2073 2
2073 9787 2
2093 4389 2
8582 9145 1
9145 4142 1
4142 2018 2
4788 2131 1
2131 7701 1
1408 8678 1
8678 2595 1
9006 4615 1
4615 9772 1
4090 1281 2
1281 3823 1
3358 2845 1
2845 1919 3
4142 494 5
494 5487 2
5487 3663 1
3663 4463 1
4463 9447 1
8129 4407 1
9773 1433 1
1433 6127 1
6127 9787 1
3727 1 1
6189 4909 1
4909 8129 1
8129 502 1
5839 6583 1
6687 3474 1
3474 9787 1
9585 9337 1
9337 1774 1
1774 1575 1
1575 5097 1
5097 9773 1
9773 3124 2
3124 1408 1
1 3495 1
3495 3505 2
3505 1886 1
1886 3154 1
3154 7900 1
7900 8685 1
8685 8337 1
8337 3124 1
3124 2390 1
8856 1326 1
1394 2576 4
9088 2041 1
2041 149 1
149 5497 1
5497 1919 6
1919 2604 1
2604 3505 1
3505 8969 1
8969 154 1
154 2595 3
8856 2576 3
6698 8557 1
32 2576 1
6398 404 1
404 8702 2
2501 5171 1
5171 8175 1
8175 2501 1
2501 556 2
2812 1333 1
1333 4090 1
4090 787 2
787 2802 1
2802 7463 10
7463 4336 1
787 4788 1
4788 2555 1
2555 4090 3
3898 1734 1
7701 5744 2
5744 1817 1
1817 9520 1
2501 3114 1
3114 9787 1
9772 4603 1
4603 2552 1
2552 4090 2
4788 6161 4
502 5886 1
5886 2686 1
2056 8337 4
8337 4616 1
4616 2502 1
2502 3994 1
3994 1394 1
1394 6215 3
6215 7799 1
1333 7073 3
7073 9337 1
9337 1394 2
4090 5988 3
5988 4336 2
4336 1701 1
1701 8847 3
6003 482 1
4373 7916 2
7916 2819 1
2819 2021 1
2021 4373 1
2007 7916 1
7916 4407 1
9787 9006 6
9006 4387 1
4387 502 1
502 8689 2
8689 4090 1
689 2819 2
3727 9772 10
7949 4090 2
2819 4407 1
8702 8515 1
4790 4086 2
414 4390 1
4575 6003 1
6003 4222 1
1275 2595 1
2595 2998 1
2998 3503 1
8688 2595 1
4790 378 1
378 2576 1
1037 6436 2
6436 2553 5
2553 1269 1
1269 5988 1
5988 2822 1
2822 204 1
204 5944 1
5944 2100 1
2100 3980 1
3980 5743 1
2802 8847 6
8847 9517 3
1394 5497 3
5497 3358 1
3358 1050 1
1050 9334 1
9334 9585 1
8847 8683 1
8683 5740 1
5740 9787 4
4402 7437 1
7437 4090 1
5740 1 1
1 6954 1
6954 8540 1
8540 4788 2
4788 9413 1
9413 5497 1
5497 129 1
129 7197 1
4788 213 1
213 9787 1
9787 6816 2
6816 4407 1
4407 4142 1
4142 4373 1
5797 8576 1
8576 3859 1
9787 2634 1
2634 1 1
8626 8834 1
8834 4336 3
3503 7492 1
7492 4788 1
8702 8264 1
8264 8847 1
9094 3358 2
6215 5137 1
7799 9772 8
9772 6237 1
6237 4788 1
8576 2691 1
1394 4407 3
9006 1269 1
1269 6215 1
6215 9772 1
9580 7983 1
7983 2576 2
2576 1369 1
1369 9787 1
9417 1577 1
4463 8582 4
8582 194 1
194 8834 1
4373 2881 1
2881 2510 1
2510 8012 1
8012 6120 1
6120 4714 1
1701 7073 1
7073 3165 2
3165 1394 1
1394 5988 1
1394 4445 2
1 3119 1
3119 8685 1
8685 4336 1
1 3165 1
3165 9094 1
9094 1394 1
1394 5847 1
5847 2686 1
2056 3119 2
3119 5849 1
5849 4336 1
9094 3855 1
3855 8847 4
4068 2020 2
2020 2576 2
2576 2253 2
2253 9585 1
3787 7160 1
7160 9803 1
4090 3902 1
3902 1918 1
1918 7197 1
7197 4068 1
4068 556 1
556 8745 1
2056 2019 1
2019 2576 1
2576 2252 1
2252 1734 1
1734 3165 1
3165 2576 2
2576 3119 1
3119 1394 1
5988 5909 1
7945 5137 4
5137 8847 5
2253 1734 1
1734 9337 1
5988 4965 1
4965 9787 1
9772 3461 1
3461 5797 1
8268 1333 1
3165 9517 1
7945 2471 1
2471 2056 3
8337 1394 1
1394 6237 3
6237 8745 1
3119 556 1
556 4090 9
4090 9517 2
4090 3165 1
3165 9772 1
7197 4445 1
4445 2555 3
2555 4789 1
4789 4190 1
4190 1394 1
6237 2686 1
2686 5849 1
5849 2709 1
1651 9337 1
9337 4788 1
556 9517 1
9517 1566 1
1566 502 1
4788 7281 1
7281 4090 1
6237 6198 1
6198 4962 1
4962 3787 5
885 695 1
4142 1037 2
7036 4090 5
4090 5367 1
5367 9787 1
8337 8758 2
8758 6047 1
6047 7918 1
2576 2305 1
2305 3761 1
3761 7331 3
7331 4438 1
4438 9530 1
9530 8777 2
8777 6454 1
6454 502 4
502 2817 1
2817 3787 1
3787 1482 1
1482 2688 1
2688 9713 1
9713 1326 5
1326 502 4
3652 934 1
934 7388 1
7388 4667 1
4667 1738 1
1738 3154 2
3761 2691 1
2576 9418 2
9418 1746 1
1746 3761 1
9417 6745 3
6745 8591 1
8591 5481 2
5481 5362 1
5362 3787 1
2576 5684 4
5684 530 2
5497 4667 1
4667 502 1
502 8576 1
3890 7661 1
7661 9713 5
1326 3761 5
8956 9012 1
9012 4388 1
4388 4300 2
4300 3787 3
3787 1046 1
4438 5684 1
5684 8415 2
8415 8827 1
8827 2576 2
2062 4059 1
9589 3973 1
2802 339 1
339 461 1
3136 9587 1
9587 6467 3
8591 7666 1
2576 5765 5
5765 939 1
939 7540 3
7540 6670 1
6670 4407 1
3787 5393 2
3136 4090 1
4090 4737 7
4737 4373 1
6094 1667 1
8591 7340 1
7340 1037 1
1037 8702 1
8702 2826 2
2826 6948 1
6948 9787 1
9787 4535 1
4535 609 1
609 854 1
854 4701 1
4069 2819 3
3787 4756 1
4756 5393 1
5393 3137 11
3137 4407 1
4407 8658 1
5171 7782 2
5481 6823 1
3639 7540 1
8582 491 1
491 9585 1
9585 1203 1
1203 1669 1
1669 7540 1
3105 2576 1
2576 8933 1
8933 4788 1
7701 1973 1
8827 8742 1
2056 4778 1
4778 5481 1
8006 2576 2
2576 5359 1
5359 9585 3
7540 5894 2
5894 6877 1
6877 502 1
502 2848 3
2848 5165 1
5165 1 1
1 8626 1
968 5481 1
5481 9189 1
9012 8069 5
8069 7877 1
7877 2595 1
691 8827 1
8827 494 1
8741 1560 1
1560 9585 2
502 1599 3
1599 9628 1
9628 4222 1
4402 7163 1
7163 6950 1
6950 502 1
2056 442 3
442 2802 9
2576 8519 1
8519 2121 3
615 6144 1
6144 1594 1
1594 9621 1
9621 9395 1
9395 3880 1
3880 9621 1
9621 4714 1
4090 5550 1
5550 3787 1
5900 4898 1
4898 8576 1
9787 1047 1
1047 2150 1
2150 4788 1
4788 4973 1
4973 6133 1
6133 994 2
994 9787 2
442 4975 1
4975 9621 1
9621 4407 1
9787 8815 1
8815 1738 1
8798 494 1
8184 7088 1
7088 9020 1
9020 2819 1
8702 3911 1
3911 9621 1
3683 8788 1
8788 9787 1
9787 6983 2
5481 1673 1
547 5393 1
3137 2576 3
2576 9160 1
615 9772 1
8516 5171 2
5171 8987 1
8987 4407 1
8100 3137 1
3137 8864 1
8864 621 1
3391 7551 1
7551 3787 1
3787 9664 1
9664 1 1
1 3640 1
3640 4789 1
2056 963 1
963 502 3
502 1560 4
1560 3523 1
3523 213 1
213 8827 2
8827 1326 1
3503 825 2
825 7134 1
7134 9588 1
9588 5300 1
5300 7701 11
7701 2686 2
5497 8392 3
2576 2569 1
2569 2576 1
2576 7907 2
7907 4737 1
502 8069 4
8069 4703 2
4703 5908 2
5908 8143 1
494 317 1
317 621 3
621 5911 1
5911 615 2
615 502 2
9787 7419 1
7419 4059 1
3787 3570 4
3570 5393 1
3136 2686 1
9589 5687 2
5687 9787 3
6663 7773 1
7990 2576 5
5908 502 2
4069 9579 1
9579 4299 1
4299 7773 1
7498 5497 1
5497 7020 1
7020 9585 1
9787 7008 2
7008 5317 1
5317 7540 2
4788 5014 2
5014 7948 1
7948 5497 1
968 9585 1
9585 1738 3
9787 1839 1
1839 5028 1
5028 7917 1
7917 5171 1
5171 1586 1
1586 4979 1
4979 2576 1
9787 806 2
806 4840 1
4840 356 1
356 1958 4
4840 9354 1
9354 2121 2
2576 7097 1
7097 9515 1
9515 8576 1
4788 3760 1
8416 502 1
2056 968 6
765 6618 1
3011 8031 1
8031 1889 1
9787 5014 1
5014 9787 2
7053 8881 1
8881 9585 4
5494 4090 1
1 948 1
948 2686 1
2056 741 1
741 4940 1
4788 6436 2
7666 9167 1
9167 4090 1
4090 3837 1
3837 5481 1
2819 2592 2
2592 2522 1
2522 8683 1
5494 1037 2
968 6954 1
6954 939 3
939 9787 2
9585 1950 1
1950 1701 1
482 5171 3
1778 288 1
288 1037 1
502 2064 3
2064 7838 4
7838 9772 1
4788 4714 1
7694 1 2
9787 4902 1
4902 8008 1
8008 6812 1
3562 5014 1
5014 3741 1
3741 7031 1
9787 1791 2
1791 3911 1
9585 9182 1
9182 4940 1
4940 2977 1
2977 5789 1
7701 8834 1
8834 9012 1
9012 9787 3
6519 4758 1
4758 502 1
4170 4701 1
2686 9772 2
9772 3200 2
3200 4090 1
4090 1701 1
1 3247 1
3247 1919 3
1919 2686 1
7540 9515 1
9515 4807 1
4807 5900 2
5900 4569 2
4569 5911 1
4840 9182 1
9182 810 1
810 7106 1
7106 5789 1
5789 9787 2
4407 4840 1
4840 9012 1
9012 7540 5
1919 3600 2
3600 2809 2
4788 3580 1
3580 7666 2
7666 3974 2
3974 4407 1
1757 3787 1
4788 4966 3
4966 1738 1
8337 7104 1
7104 938 1
938 9787 2
8658 5534 1
5534 3683 1
9515 4840 1
4840 3252 1
7900 9787 3
2555 1673 1
1673 3857 1
3857 3271 1
3271 2018 1
8702 5317 1
2937 1919 2
1919 9024 1
9024 4788 3
4788 1414 1
1414 502 3
502 8827 6
8827 9787 1
3727 8576 3
2819 8827 1
8827 4510 1
4510 8253 1
8253 8414 1
8414 2648 1
2648 699 1
699 9326 1
9326 2576 1
2576 2496 1
2496 3761 1
6756 4533 1
4533 4746 1
4746 1 1
1 9530 3
4090 3924 1
3924 3787 1
3787 3227 1
3227 218 2
3154 700 2
700 4372 1
4372 5173 1
5173 1516 1
1516 1667 1
1667 8658 1
8658 4948 1
4948 9787 1
9787 741 1
741 2576 1
7540 7539 1
7539 5981 1
5981 3639 1
3639 7823 1
7823 1538 1
1538 1667 1
1667 7340 2
7340 6954 2
6954 2595 3
782 9530 1
9530 7719 1
7719 2686 2
1597 1037 1
1037 854 1
854 9012 1
9012 8031 1
8031 494 1
494 4778 1
4778 4306 1
4306 2158 1
2158 213 1
8827 502 4
502 2802 1
2802 8723 1
8723 2302 1
2302 1037 1
1037 2496 1
2496 9787 1
8069 8671 1
8671 502 1
7666 9515 3
9515 6618 1
2802 271 1
271 8064 2
8064 7744 2
7744 2576 5
2576 2209 1
2209 1979 3
1979 9611 1
5819 8189 1
8189 9459 1
8192 8965 1
8965 7744 1
7744 8683 1
9787 5007 1
1584 6050 1
6050 9589 1
9589 9182 1
9182 2576 1
8143 502 3
2691 5908 1
5908 4069 1
4069 1651 1
1651 3227 1
218 3639 1
3639 3154 1
5494 6568 1
6568 4925 1
3154 1701 4
8136 4547 1
4547 7540 1
8392 4788 2
4090 6374 5
6374 4373 2
3503 8524 3
8524 7540 4
7540 5393 2
3137 3154 1
3679 4547 1
4547 502 1
1683 3641 3
4235 7340 1
7340 4041 1
4041 386 1
386 3342 1
3342 3154 2
3154 1023 1
1023 3391 1
4925 6549 1
6549 7141 1
7141 8582 1
8582 4925 1
4925 3727 1
3727 2694 1
3638 7023 1
7023 2686 7
2686 9663 4
9663 6436 1
6436 9681 1
9681 371 1
371 5927 1
5927 6445 1
7540 9553 2
9553 9489 5
9489 9787 2
7990 7773 1
3402 4037 1
4037 9261 1
9261 8658 1
4331 9787 2
6954 7540 2
7854 9555 1
9555 2686 6
2686 7023 7
9489 4407 2
1577 6519 1
1408 3981 1
8741 2812 1
482 3402 1
3402 8369 1
8369 4273 1
4273 3787 2
3550 8926 1
8926 3572 1
3572 3639 1
3639 1667 1
1667 8678 1
4090 1126 3
1126 3767 1
3767 2819 2
2819 490 1
490 5494 1
5494 7559 1
7559 1 3
1 3981 1
8741 4126 1
4126 2209 1
2576 1941 4
1941 3252 1
3252 9772 1
9772 8576 10
8576 7852 1
7852 9107 1
9107 1667 1
1667 8741 1
3245 4090 6
8350 8739 1
8739 2576 1
2576 4708 1
4708 9593 1
7701 9517 2
8582 8827 1
8827 4902 1
4902 2056 4
502 4437 3
4437 6052 1
6129 482 2
482 6708 1
6708 9772 2
7559 6997 1
6997 3385 2
3385 4837 1
4837 2430 1
7540 5943 2
5943 9787 1
9787 965 1
965 5497 1
5497 1568 1
1568 1414 1
1414 5596 2
3074 1738 1
8337 1839 2
1839 2633 3
2633 5014 1
6696 3975 1
3975 3787 2
4790 4407 4
8960 9787 2
9585 6015 4
3600 2666 1
2666 3136 1
3136 2576 1
2576 480 1
480 9787 2
9787 7948 4
7948 8007 1
8007 7132 1
7132 8582 1
8582 3137 1
3137 5497 1
5497 4464 5
9515 2708 1
2708 4790 1
4790 8522 1
8522 8576 1
9585 3562 2
4790 4908 1
4908 1999 1
1999 3391 2
3391 9022 1
9022 6913 1
6913 2708 1
2708 2056 1
8702 1779 2
1779 4463 2
4790 6641 1
6641 5497 1
5497 9706 1
9706 2576 1
2576 9719 1
9719 7540 1
3154 7400 1
7400 856 1
856 7057 1
7057 4463 2
4463 510 1
510 2576 1
2576 6451 1
6451 3278 1
3278 6692 1
6692 502 1
502 4041 3
4041 3286 1
3286 9787 1
5371 3911 1
3911 4840 1
4840 7956 1
7956 5014 1
5014 2576 2
2018 965 1
965 7008 1
7008 5598 1
1414 8678 1
8678 1648 1
9772 2731 1
2731 1734 1
1734 9194 1
9194 8073 1
8073 2576 3
9460 4317 1
4317 7086 1
7086 8576 1
502 1427 2
1427 5487 2
5487 5908 2
9520 3011 1
3011 8681 1
8681 2182 1
2182 9787 1
1360 502 2
502 968 8
968 2584 1
2584 502 1
502 2110 1
2110 502 1
8827 2496 1
2496 2556 1
2556 3580 1
3974 7917 1
7917 5088 1
5088 2576 1
2576 5378 1
5378 7540 2
6663 9555 1
7023 7053 1
7053 6133 1
6133 5114 1
218 9587 2
4090 4016 1
4016 3787 1
3787 1023 1
1023 3495 1
3495 4926 1
4926 3859 1
5481 4053 1
4053 5497 1
7945 4788 5
9189 482 4
482 9038 4
9038 4940 3
9585 9248 1
9248 482 1
1033 825 1
825 9182 1
9182 7540 1
5014 4090 1
5665 4714 1
4714 8136 1
5494 986 1
986 7851 1
7851 3683 2
3683 3402 1
3402 7540 4
968 3402 1
3402 3683 1
3683 1128 1
7956 371 1
371 5014 1
695 4388 1
4388 7768 1
7768 9787 1
1701 4016 1
4016 596 1
596 502 1
8827 3787 3
3787 2841 1
2841 1667 1
7340 502 1
782 6676 1
6676 5481 1
4788 7063 1
7063 2576 1
3727 9241 1
968 1738 1
8350 9238 1
9238 9585 1
9585 1161 2
494 3356 1
3356 3787 1
3787 1737 3
1737 9515 1
2576 5007 1
1584 396 2
396 7540 3
7540 8469 3
8469 9787 3
3937 2424 1
2424 4407 1
8576 2983 1
8139 9585 1
8974 2576 3
3787 3642 3
3642 672 1
672 9787 1
8215 1818 1
494 2556 1
2556 386 1
4701 3642 1
3642 8576 2
2819 6862 1
6862 8926 1
8926 9811 1
9811 7795 1
7795 3787 1
4102 2489 1
2489 8827 1
8827 8069 1
9012 7298 1
7298 2576 2
2576 9515 1
9515 3683 1
3683 5494 1
5494 3112 1
939 5497 4
5497 9682 1
9682 3676 2
3676 7388 2
4090 8288 3
8288 8143 2
8143 1326 1
2024 8216 2
4076 1007 1
1007 8678 1
7949 9773 1
9773 917 1
917 2819 1
453 906 1
906 2595 1
2595 166 1
166 1575 1
1575 6932 1
6932 7388 1
2501 9599 1
9599 9681 2
9681 2576 1
4464 4789 1
4789 218 1
8864 7842 1
7134 6436 1
7626 2489 1
2489 4291 1
4291 8347 1
8347 1230 1
1230 1560 1
3342 1005 1
1005 762 1
2292 3787 3
782 3495 1
3495 9622 1
9622 7021 1
7021 2576 1
5584 5497 1
1791 2802 3
4788 339 1
339 9787 1
494 5227 1
5227 421 1
748 2435 1
538 1919 1
1919 7021 1
7021 8685 1
8685 4528 1
4528 3683 1
3683 4726 1
4726 2576 1
3911 8774 1
8774 4737 1
4737 4086 1
5481 3154 2
8576 1807 4
1807 7211 1
7211 3833 1
3833 5481 1
1701 8216 1
8216 7777 1
7777 4832 1
1408 3787 4
2576 6494 1
6494 7498 1
7498 3115 1
3115 615 3
615 1919 1
1919 615 1
615 494 1
494 7930 1
7930 2576 1
621 5481 1
5481 5857 1
5857 3368 1
3368 3566 1
3566 624 1
1544 4324 1
4324 4788 1
6520 1107 2
1107 8804 1
8804 5447 1
5447 9787 1
5481 5596 1
5596 7569 1
7569 4430 1
4430 1701 1
2576 5483 2
5483 6467 1
6467 3402 1
3402 6583 2
6583 2511 1
2576 6206 2
6206 6676 1
6676 2211 1
2211 4142 1
4142 7896 1
7896 3259 1
3259 5497 1
5497 4430 1
4788 9751 1
9751 1701 1
3635 1807 1
1807 9787 1
8215 5137 1
9787 7222 1
7222 6288 1
6288 351 8
351 4350 1
4350 9772 1
9772 1062 8
1333 8576 1
8576 1062 3
1062 2555 1
9088 4090 3
4090 9241 3
9241 2555 1
2555 1062 2
1062 594 5
594 4840 1
4840 4336 1
4336 9772 6
482 7914 1
9006 9415 1
9415 5797 1
5797 9787 3
9787 5576 1
1062 2576 13
2576 6269 1
6269 1642 1
1642 8623 1
8623 3358 1
3358 9772 3
1062 4336 2
4336 1062 3
9088 1062 1
502 1761 2
1761 2508 1
2508 1566 1
1566 9772 4
9772 8741 3
7569 6387 1
6387 1333 1
1333 2014 1
2014 8741 1
7569 2819 1
8702 1460 1
1460 1062 1
1062 8213 2
8213 9585 1
1701 9006 1
4090 3963 1
3963 3358 1
8847 7014 1
9787 3963 1
7014 1566 1
1566 7073 5
7073 2501 2
2501 3679 2
3679 3787 1
5443 7073 1
2501 5677 1
5677 3247 1
3247 9488 1
9488 144 1
144 4425 1
4425 4142 1
4142 8576 1
8847 6074 1
6074 8582 1
8582 9615 2
9615 9818 1
9818 6074 1
6074 9615 1
9615 4445 1
1566 5137 1
8847 7302 2
3683 797 1
797 960 1
960 2576 1
2576 3701 1
3701 1033 1
1033 668 1
668 2819 1
1651 6832 1
6832 7540 1
5481 1333 1
9313 666 1
1360 6954 1
1360 4445 1
8637 7799 1
9787 7073 1
4090 9004 1
9004 6931 1
6931 3787 1
3402 9004 1
9004 3787 1
3402 4090 2
5995 6296 2
4090 5041 1
5041 7540 1
2576 4214 1
4214 494 1
1577 5041 1
5041 6120 1
6120 1333 1
1333 8834 1
8834 9590 1
8582 4215 1
4215 7559 1
7559 3358 2
2018 4336 1
4336 8678 2
9787 1622 1
1622 3245 1
8582 2576 2
9787 8613 1
8613 930 1
9418 482 2
482 7196 2
7196 9787 1
1701 8576 2
1701 9772 1
5665 4373 1
3503 8136 1
8136 9419 1
9419 8847 1
4331 4755 1
4755 9787 1
5171 504 1
504 2552 1
2552 9787 4
9787 3358 1
3358 8834 1
8834 7540 2
1062 2686 2
2686 4090 5
4090 9787 2
9787 4966 4
9419 3787 1
885 418 1
418 3358 1
3358 1062 10
1062 6670 1
6670 4940 1
4940 5481 3
5481 820 1
820 3137 1
3137 9787 2
1408 9772 2
4090 6662 6
6662 2843 1
8591 3137 1
4388 3137 1
3137 4090 1
695 1062 3
695 5393 1
3137 6062 2
6062 3695 1
3695 9376 1
1667 6601 1
6601 9413 1
9413 6670 1
6670 2024 1
2024 4974 1
4974 2576 2
5481 9123 1
9123 762 2
1062 7540 9
3402 4918 1
2843 8827 1
3787 2021 5
2021 4041 1
4041 8827 2
701 4373 1
4373 2499 1
2499 2819 1
482 9517 2
9517 1360 1
1360 1138 1
1138 7073 1
4090 3200 1
3200 2576 9
4090 5015 1
5015 1062 1
4090 2136 1
2136 3562 1
3562 4925 1
2021 2136 1
2136 8061 1
8061 1394 6
1394 4701 1
3761 4407 2
4407 1919 1
9414 5908 2
5908 8576 1
2552 1326 3
4069 556 1
7053 3946 1
3946 8658 1
4925 8576 1
9241 748 1
5481 556 1
556 1037 1
9773 9008 1
9008 3637 1
3683 1333 1
1333 6785 1
6785 3787 2
1651 6858 1
6858 1062 1
1062 4962 1
9772 4445 2
4445 2552 1
2552 1701 1
1394 6317 1
6317 3683 1
3683 5994 1
5994 9787 1
695 4373 2
4373 8827 1
8827 4373 1
4373 4925 1
1 6687 1
6687 9008 1
9008 3154 1
3154 8847 3
2552 552 1
552 4090 1
4090 552 2
552 5971 1
5971 9787 1
2501 9459 1
2576 226 1
8847 1738 2
5819 8847 2
8847 3641 1
3641 1683 1
3880 4090 1
4090 2403 1
2403 9787 1
8685 6114 1
6114 8611 1
8611 6557 1
6557 8847 1
3727 2121 1
968 3963 1
7014 1 2
6189 155 1
8136 695 1
695 1037 3
9773 8413 2
8413 502 2
8139 1566 1
3679 502 1
502 2825 2
2825 1683 1
3641 695 1
8139 8582 1
9036 7160 1
7160 6532 1
6532 1 3
986 8847 2
8847 695 2
695 4790 2
8139 6189 1
1651 4790 3
494 4714 7
4714 2056 8
2056 1333 1
9787 1008 1
1008 1037 1
2056 9815 1
482 9815 1
9815 8847 1
2056 9772 9
9772 4701 1
8702 4527 1
4527 8032 1
8032 9787 1
556 2819 3
968 494 4
2501 7540 1
1701 3641 1
3641 7023 2
7023 4402 1
968 5170 1
5170 6320 1
6320 1366 1
1366 7148 2
7148 1 1
2430 4632 1
1566 6582 1
6582 1037 1
1037 502 14
764 9787 2
1941 8637 1
7559 1333 1
9772 6460 1
6460 502 1
8139 8543 1
8543 4714 1
4714 7026 1
7948 3012 2
3012 695 2
695 8139 1
8139 3154 1
8576 1367 3
1367 963 1
3683 5221 2
5221 5532 1
5532 3358 1
8637 9593 1
8069 7061 1
7061 2576 1
1037 2637 1
2637 9772 4
9772 6796 1
6796 8139 1
8139 2637 1
9787 4056 2
4056 8381 1
8381 8413 1
9772 951 1
951 4395 1
4090 2675 1
2675 5497 1
8139 3679 1
3679 9201 1
9201 2709 1
7053 5487 1
5487 9520 6
9520 4089 1
4089 502 1
7945 8611 1
8611 8139 1
494 596 3
596 5171 1
5171 2721 2
2721 7300 1
5497 6092 2
6092 1701 1
7302 6252 1
2819 1037 5
1037 6785 1
986 6656 1
6656 3018 1
3018 502 2
502 2557 1
2557 8350 1
8350 2430 1
2430 4788 10
9773 8139 1
8139 4398 1
4398 3761 2
502 6345 1
6345 2576 1
9585 6275 1
4788 4248 1
4248 2782 1
2782 3857 1
3857 4575 4
4575 5282 1
5282 5393 1
3137 8873 1
9417 6467 1
5481 2550 1
2550 7701 1
9517 7268 1
7268 7694 1
7694 3761 4
3761 1748 1
1748 7782 1
7782 8658 1
8658 3154 3
3761 5123 1
5123 9113 1
9113 1919 1
3154 9773 2
9773 5960 1
5960 5014 1
5014 4555 1
4555 6345 1
6345 3154 1
3154 968 1
494 1889 1
3761 2018 1
6144 6003 1
6003 4790 1
7900 4790 2
8213 4940 1
4940 144 1
144 4407 1
4407 3981 1
3981 775 1
775 502 1
4789 3674 1
3674 5393 1
2576 4925 2
4925 1023 1
1023 3761 1
3761 6186 2
6186 502 4
6996 4734 1
4734 8376 1
8376 7540 1
7540 7606 1
7606 9517 1
7160 4140 1
4407 2018 9
494 2320 1
2320 7666 1
7666 1651 2
4090 534 1
534 502 1
502 8302 1
8302 2576 2
4392 1897 1
1897 8678 1
8678 311 1
311 6840 2
6840 1586 1
1586 1073 1
1073 2595 1
2595 8827 1
3787 9682 2
9682 384 1
7388 8678 1
2021 6015 1
502 7661 4
1326 2598 1
2598 4940 1
621 3954 1
3954 2576 1
4300 6110 1
6110 3683 1
3683 6453 1
6453 3787 1
9585 6093 1
6093 8346 1
8346 8637 1
8637 4073 1
4840 6946 1
6946 4445 1
1701 2782 1
2782 2576 1
2576 4636 4
4636 1037 2
7900 7799 2
7799 8702 2
2691 1818 1
1818 2558 1
2558 1037 1
9787 9042 1
9042 3787 3
3787 3368 1
3368 1906 1
1906 624 2
624 1544 1
1544 5856 1
5856 5481 1
5481 1 2
8577 3787 2
3787 7930 1
7930 3115 1
615 1037 1
494 695 2
8637 8069 2
8069 9415 1
9415 2576 2
2576 9815 1
9815 1701 1
1701 666 1
666 8221 1
9773 8158 1
8158 6186 1
2430 4840 1
3787 8158 1
8158 6373 1
4463 8139 1
8139 963 1
963 1738 1
8350 3190 1
3190 502 1
1408 4142 1
494 8288 1
8288 4940 1
4788 5092 1
5092 2576 1
593 1037 1
1037 9291 1
9291 4586 1
3787 5685 1
5685 3600 1
3600 3011 1
8969 311 2
311 2256 1
2256 9773 1
9773 9106 1
9106 7030 1
7030 4788 3
4788 6630 2
6630 666 1
4090 9080 1
9080 4962 1
4962 1062 2
1062 9417 4
1037 4734 1
4734 9787 1
1062 7715 3
7799 3011 3
8082 9238 1
9238 4940 1
4940 7030 1
7030 5162 1
5162 4940 1
4940 3197 1
2576 5596 4
3074 2403 1
2403 3683 1
3683 7744 5
7744 3867 1
3867 4940 1
1062 6834 1
618 2576 1
8337 8069 2
191 9585 1
9585 8338 1
8338 7540 1
594 2510 1
2510 2576 3
4129 9787 2
8576 4574 2
4574 9585 2
1245 8873 2
2812 9119 1
9119 5300 1
5300 1062 1
2576 7358 1
7358 524 1
524 4415 1
4415 3562 2
494 2709 1
4722 8327 1
8327 1701 1
1701 2406 1
2406 4788 2
4788 6582 5
6582 3408 1
3408 2121 1
2121 2779 1
2779 930 1
930 9774 1
9774 2576 1
2021 3679 1
3679 7799 2
7799 8158 1
8158 4788 1
4788 4734 2
4734 7701 1
7701 1962 1
1962 8184 1
8184 9517 1
3154 439 1
439 1544 1
1544 3787 1
1408 7666 1
7666 1918 1
1918 9587 1
4528 2576 1
4722 2430 1
4090 8735 3
8735 1016 1
1016 3973 1
2802 9632 1
9632 2576 10
2576 853 3
4090 6437 1
6437 386 1
7918 951 1
951 9012 2
7799 494 1
9787 945 2
945 1868 1
1868 9787 1
8350 4381 1
2576 1295 1
1295 8511 1
8511 9585 1
9585 2812 3
2812 1472 2
494 9456 2
9456 4415 1
4415 9773 1
4142 1734 2
689 3880 1
3880 8702 1
9585 7799 2
7799 4790 2
4790 7918 1
7918 3391 1
3391 5497 2
6935 9553 1
9787 8059 1
8059 502 3
502 1869 8
1869 8350 6
8350 7540 2
7540 1958 3
1958 9587 1
9587 853 1
5172 502 1
2576 7987 1
7987 6858 1
6858 2614 1
2614 8873 1
8873 4142 1
4389 6186 1
4090 7225 1
7225 9787 1
5371 6110 1
8741 1947 1
1947 1701 1
8576 254 1
254 3846 1
4790 5752 1
5752 9787 1
5797 482 3
482 7701 6
7701 951 1
951 1134 1
1134 2576 1
2576 6111 2
6111 8702 1
9585 7300 1
7300 9721 1
9721 2018 1
4789 8576 5
7744 3761 1
3761 6864 2
6864 6252 1
6252 621 1
621 1659 2
1 4439 2
4439 8788 1
8788 4840 1
6996 4233 1
4233 5789 1
5789 9598 1
9598 1732 1
1732 5481 1
5481 6777 2
940 9459 1
9459 586 1
586 5481 1
5481 8098 1
8098 748 1
748 3787 1
2809 4788 1
4788 3074 2
3074 2695 1
2695 9555 1
9555 1732 1
1732 615 1
615 1 1
3761 7369 1
9686 9585 1
5481 1818 1
1818 4069 2
4069 5497 1
3581 9517 1
9517 8779 1
8779 8591 1
8591 8400 1
8400 7023 1
384 9632 1
9632 3787 1
7320 1918 1
1918 4940 3
4940 1918 2
1918 3787 5
7559 7747 1
7747 494 1
494 7079 1
7079 386 1
386 3146 1
4464 3074 1
3074 5758 1
5758 1230 1
1230 9317 1
9317 8582 1
8582 5481 3
6777 1640 1
1640 1480 2
1480 940 2
940 494 1
494 8466 1
8466 3787 1
3787 8380 1
8380 577 1
577 5481 1
5481 3727 1
3727 1865 1
1865 9517 3
9517 386 2
8994 2819 1
2819 2812 1
968 3761 4
3761 5049 1
5049 8658 1
8658 502 3
502 1516 2
1516 480 1
480 4102 1
4102 5858 1
5858 1560 2
1560 8838 1
2576 4321 2
3787 4437 1
4437 968 2
502 817 6
817 5197 1
5197 9002 1
9002 2043 1
2043 7388 1
5171 9682 1
9682 2576 1
2812 4681 1
4681 5497 1
8392 7917 1
7917 8347 1
8347 1627 1
1627 3342 1
3154 4222 2
5672 4388 1
4388 6728 1
6728 2686 1
2056 4679 1
4679 3761 2
1701 8691 1
6687 2817 1
2817 2576 1
2576 8264 4
8264 7701 2
7701 9024 1
9024 3358 1
3011 2802 2
4788 5707 1
5707 9787 1
9024 8576 1
1443 8185 1
8185 5497 2
5497 7942 1
7942 2595 1
1986 1826 1
2018 4757 1
4757 8309 1
8309 494 1
494 2262 1
2262 8678 1
8678 3679 1
3679 3322 1
3322 6840 1
3639 5687 1
5687 1443 1
1443 8069 1
8069 4788 1
2292 1701 1
8591 8522 1
8522 748 1
748 1597 1
1597 384 3
7388 9012 1
9012 5497 1
9773 3679 1
494 9024 3
3761 5769 2
5769 873 1
873 453 1
453 6789 1
6789 3639 7
3639 4925 1
2576 1128 6
1128 502 1
6387 7388 1
7388 9772 2
9772 839 2
839 8005 1
8005 4090 1
8702 1701 1
7559 621 1
885 2246 1
2819 8637 4
8637 6161 3
6334 5080 1
218 8742 1
8702 8926 2
7300 9585 7
5224 5494 1
5494 2121 1
3787 5479 1
5479 8727 1
9703 9585 1
2024 4410 1
4410 502 1
2576 2062 1
2062 2552 1
2552 1581 1
1581 3358 1
3358 5112 1
5112 1738 1
1738 2817 2
2817 3767 1
3767 9773 3
5998 1701 1
3269 7767 1
7767 5577 1
5577 4090 1
4090 6277 1
6277 3358 1
3358 1328 1
1328 3787 2
218 4679 2
3761 8637 7
8637 1648 1
1648 5910 1
5910 494 2
494 4364 1
4364 3846 1
3846 3327 2
3327 8702 1
8702 6630 1
6630 7898 2
3321 218 4
7388 9587 1
9587 2833 3
2833 4090 1
4090 6840 1
3639 2817 2
2817 1701 1
4090 6846 1
6846 9772 1
1443 8576 2
2819 8926 2
2056 6316 1
6316 502 1
7661 9517 6
9517 3981 1
3981 6687 1
6687 1375 1
1375 2817 1
2817 4788 1
482 4840 4
502 4125 1
4125 8406 1
8406 155 1
1033 3852 1
3852 3787 2
3787 4870 1
4870 4090 1
4090 8976 1
8976 2018 1
4142 2009 1
2009 989 1
989 2576 2
1394 930 2
930 2576 5
2576 1443 1
1443 2809 1
7053 4739 1
4739 9585 2
4788 5185 2
5185 4788 1
4788 533 1
533 502 1
502 2139 1
2139 2845 1
2845 7633 1
7633 2686 1
2056 3593 1
3593 7626 1
7626 1384 1
1384 1667 1
1667 6275 1
1701 7548 1
7548 4840 1
6575 6630 1
6630 3796 2
2121 218 1
218 4788 4
8582 341 1
341 2802 1
2802 7659 1
7659 1126 1
1126 8873 5
8621 3378 1
3378 1916 1
1916 7978 1
7978 8918 8
8918 9585 6
7559 288 1
288 5687 1
2056 3377 1
3377 3011 1
9787 7952 3
4788 7401 1
7401 8576 1
8685 9791 1
9791 3767 1
3767 9585 2
1701 5182 1
5182 8637 1
8637 6252 1
6252 9012 4
3787 7659 7
7659 2018 2
2018 8268 1
8268 8637 1
8637 5497 4
9509 711 1
711 9772 1
7949 8678 1
8678 6520 2
482 4962 1
3683 8105 1
8105 9772 1
9772 3327 1
3787 8073 2
8073 8862 1
8862 1388 2
1388 4940 1
3727 4868 2
4868 4791 1
4791 8008 1
8008 9787 1
3600 4389 1
4090 6375 3
8350 9815 1
9815 621 1
621 3587 1
3587 3683 1
6162 4407 1
4789 8104 1
8104 2576 1
371 5139 1
5139 4789 1
4789 8400 4
8400 8873 2
9787 5300 2
5300 1360 1
2576 6824 1
6824 2018 1
1199 3683 1
7744 9787 3
7008 4820 1
4820 5300 1
5300 7559 1
7701 8306 1
4090 7963 1
7963 1701 1
1701 154 1
154 4940 2
4940 2253 1
2253 4788 1
4788 736 1
736 4407 1
9773 6050 2
6050 4739 1
4739 502 3
9787 8846 1
8846 8576 2
2819 6700 1
6700 502 1
7540 552 2
552 4357 1
4357 8610 1
8610 4407 1
556 8847 5
8847 2056 2
2056 2552 1
4788 139 2
4142 4404 1
3617 8847 1
8847 6593 1
6593 3787 1
2576 5606 3
5606 3857 1
3857 2483 1
2483 6892 1
4402 840 1
4739 3216 1
3216 715 1
715 2576 2
2576 4387 1
3727 4820 1
4820 502 2
502 8064 2
3683 1360 3
1360 8073 1
8073 8610 1
8610 9787 1
7694 1952 1
1952 3649 1
521 2576 1
7044 5798 1
5798 8847 1
8847 4789 3
4789 4142 2
4142 8880 1
8847 8369 1
8369 7799 1
8702 7918 1
7918 9587 1
4788 2208 2
2208 2576 1
2576 803 1
803 4789 1
5497 6570 1
6570 502 1
9520 6714 1
6714 5300 1
5300 8847 1
8847 9773 1
9773 4335 2
4335 8332 1
8332 2576 1
9585 6160 1
6160 8847 1
8847 7540 5
8576 5668 1
5668 4789 1
556 8320 1
8320 4618 1
4618 8847 1
8847 1479 1
1479 2576 1
6549 3512 1
3512 4789 1
4789 8320 1
8320 494 1
8847 5878 1
5878 4015 1
4015 3727 1
3727 2576 1
2576 9094 1
9094 930 1
930 2819 6
4789 6160 1
6160 7540 3
8582 1295 2
1295 2576 1
2576 7821 1
7821 9517 1
3641 1019 1
1019 482 1
2812 7976 1
7976 2819 1
2819 2060 1
2060 2596 1
2596 9787 1
9397 643 2
5497 5481 3
5481 7494 1
7494 7701 1
8369 2576 3
4090 8314 1
8314 2009 1
2009 7540 1
3154 8685 2
8685 9397 1
939 4090 1
8184 9164 1
4788 5709 1
5709 2576 1
2576 995 1
995 930 1
930 2817 1
2817 9787 2
9787 2772 3
8582 5198 2
5198 453 1
9787 8966 2
8966 4419 1
9585 9088 2
9088 7540 2
7540 1433 1
1433 2018 1
2018 9772 1
4737 2576 2
1651 2817 1
2817 502 2
9787 3702 1
3702 7328 1
7701 1701 2
1701 7094 1
7094 1003 1
1003 4788 1
4788 2484 1
2484 9585 2
9585 6454 3
9713 7715 1
2056 4076 1
4076 3099 1
3099 1660 1
7701 6817 1
6817 1577 1
1577 2007 1
9465 7540 4
7540 408 1
408 1869 1
1869 1734 3
8741 8487 1
8487 4788 2
4788 1145 1
1145 7666 1
3154 8637 2
8637 6568 1
6568 9401 1
9401 9304 1
9304 5497 1
8171 7540 2
7540 3597 1
3597 1326 3
1326 2107 4
2107 3649 1
521 1738 1
1738 5386 1
5386 2011 1
2011 502 1
5440 2430 1
4790 8337 6
8337 7031 1
7031 9587 1
9587 1145 1
1145 2595 1
2595 4127 2
4127 4464 1
4464 7666 1
7666 7374 5
7374 2018 1
9401 5007 1
5007 4790 1
4790 6745 2
6745 8678 1
4790 5631 1
5631 2838 1
2838 6 1
6 3154 1
2121 1660 3
1660 8084 1
8084 9053 1
9053 7374 1
593 4790 1
4790 7444 1
7444 3207 1
3207 2419 1
2419 8873 1
502 2094 3
2094 3011 1
7952 8582 1
8582 7401 1
7401 4389 1
4389 502 7
2093 1701 1
4090 6124 4
6124 482 2
482 1217 1
1217 7222 1
7222 9588 1
9588 5687 1
5687 8637 1
9815 494 1
494 2819 6
4788 2645 1
2645 502 1
5822 9585 3
9585 7695 2
7695 993 1
993 7661 1
9517 1037 1
1037 1269 2
1269 5497 1
5497 2608 1
2608 8325 1
8325 5580 1
5580 1594 1
1594 4142 3
4142 4416 1
4416 2576 1
689 7715 1
2056 9459 1
9459 3411 1
3411 930 1
930 2802 1
6436 618 1
618 3683 1
3683 4246 1
4246 7328 1
7328 9787 1
7701 4142 1
8516 1394 1
5978 8880 1
8880 7302 1
7302 8069 1
8355 9585 1
8050 1141 2
1141 7666 1
7374 6569 1
6569 9517 1
2576 3154 1
7694 4373 1
3503 2528 2
2528 9787 1
4299 7952 1
7952 2819 1
1701 5540 1
5540 9787 1
7666 5671 1
5671 6432 1
6432 2308 1
2308 3683 1
3683 8073 1
8073 829 1
829 7782 1
7782 9520 2
9520 3012 4
3012 2576 1
7408 4789 1
4789 9195 2
9195 4632 1
4632 4789 1
4789 4445 1
3293 968 1
968 2024 1
9038 2819 3
8926 4679 1
5606 2483 2
2483 6582 1
7403 9787 4
7701 1776 2
1776 8529 1
8529 2576 1
2576 3482 1
3482 2819 2
2819 7025 2
7025 1037 2
3683 1962 1
1962 3749 1
3749 7298 1
7298 9787 1
4076 6630 1
6630 1005 1
1005 7540 1
4337 4727 2
4727 8926 1
3787 7744 2
9787 9590 2
9590 7917 1
7917 5398 1
5398 4940 1
7049 2060 1
2060 4679 1
4679 3911 1
3911 5822 1
5822 1701 1
1701 994 1
2576 903 5
903 3991 1
3991 3761 1
3761 8213 2
8213 1333 1
1333 3761 2
8213 6949 1
6949 2576 1
2576 5495 1
5495 3761 1
3761 3911 2
3911 6015 1
502 321 1
321 1443 1
1443 2817 2
4788 9023 2
9023 7666 1
7666 7744 2
840 4142 1
4142 3293 1
9787 8540 2
8540 502 2
6126 3727 1
7949 1701 1
4090 2817 1
2817 4142 1
4142 6133 1
6133 6482 1
6482 1734 2
9787 9515 1
9515 5911 1
1737 7666 1
7666 8327 1
8327 5217 1
5217 9587 1
9787 3777 1
3777 494 1
494 7773 2
9787 615 1
615 5819 1
9787 5130 1
5130 4940 1
9012 7852 1
7852 494 1
868 8743 1
8743 494 2
9787 3200 1
3200 4940 1
621 4655 1
4655 1333 1
9787 7661 2
4407 4389 1
6015 482 2
482 1333 1
4090 6127 1
6127 1333 1
1333 4655 1
4655 9787 1
4090 2150 5
2150 1062 2
1333 1062 3
9414 1918 2
1918 2695 1
2695 3012 1
3012 8873 1
1577 2005 1
2005 1918 2
1918 3154 1
1701 2694 1
615 8228 1
8228 5606 1
2483 4463 2
4463 139 3
4142 4407 5
4407 6436 8
6436 9773 4
7918 356 1
1958 3551 1
3551 9787 1
9787 5833 1
5833 9787 1
4076 1495 1
1495 9012 1
9012 1427 1
1427 3556 1
3556 2576 1
9413 7046 1
7046 3358 1
3358 7945 1
7945 1177 1
1177 6582 1
9787 7403 1
7403 2686 1
4090 7046 1
7046 9787 1
9012 5076 1
5076 9628 1
7024 3011 1
1701 6622 1
6622 1566 1
1566 322 2
351 1855 1
1855 3683 1
3683 9546 1
9546 1333 1
1333 2005 1
2005 213 1
213 1698 2
1698 3154 2
3154 7698 1
7698 4488 1
4488 1589 1
1589 8321 1
1701 4940 2
7918 9787 6
4090 7695 3
7695 1951 1
1951 8626 1
7701 3859 1
3859 6161 1
6161 5497 2
5497 8073 3
8073 9772 1
9772 4197 1
4197 2576 1
2576 4248 1
4248 2819 1
3550 5076 1
5076 4940 1
218 3402 1
3402 3787 4
3154 7773 2
7773 1610 1
1610 3693 2
3693 7540 1
7498 5695 1
2802 3683 5
9621 4790 1
4790 4916 1
4916 9787 1
8685 5371 1
1495 4701 1
4790 8268 2
5481 4966 1
4788 1566 3
1566 8460 2
8460 2021 1
2021 8591 1
8591 2024 2
2024 3247 1
3247 621 1
9517 8460 1
8460 7705 1
7705 4439 3
4439 7588 1
7588 7023 1
7023 4142 1
4142 7540 3
7540 5454 2
5454 9585 1
3787 6897 3
6897 218 4
218 4233 1
4233 1231 1
1231 7484 1
7484 6436 1
6436 1053 2
480 9517 1
5481 213 1
213 2686 1
2686 4142 1
9417 4226 1
4962 4407 2
4407 4737 4
7780 9803 1
9803 8873 3
1395 6546 1
6546 2802 1
2802 1426 1
1426 8595 1
8595 2576 1
3727 1090 1
1090 4373 1
4373 7918 8
7918 502 2
6758 7719 1
1648 6050 1
6050 8059 1
8059 7540 3
2576 1177 5
1177 7403 1
7403 6582 1
6582 3787 4
5481 4407 3
4090 9355 1
9355 3787 1
9772 4444 1
4444 3743 1
3743 9787 1
6111 3550 2
3550 8808 1
8808 2576 1
2576 2411 2
2411 621 1
3245 2486 1
2486 8104 1
8104 7666 1
7666 7885 1
7885 9787 1
5371 1577 1
1577 394 1
2576 4962 3
4962 1566 1
1566 213 1
213 1941 1
3617 8540 1
8540 7559 1
7559 3787 2
2576 666 3
4788 9419 2
9419 3573 2
3573 90 1
90 2819 1
9787 4573 1
4573 8591 1
8591 556 1
556 3683 1
1062 5978 2
5978 9787 3
9787 5734 1
5734 5481 1
1326 700 1
700 4679 1
4788 3327 3
9632 382 1
382 748 1
7540 3509 1
2576 3515 1
3515 3154 1
8685 7352 1
7352 90 1
90 9540 2
689 3761 2
4209 8758 1
8758 968 2
968 1592 1
1592 1941 1
1941 4714 2
9585 986 2
986 7900 1
7900 6127 1
6127 8611 1
8611 5001 4
5001 4449 1
4449 690 1
690 9413 1
9413 2121 1
6026 8824 1
8824 7851 1
7851 2576 3
2576 4464 5
4464 3693 1
3693 502 2
6583 9160 2
615 5976 1
5976 7540 4
1740 7978 1
494 1062 3
1062 5171 1
300 7405 1
1037 8873 6
8873 3245 4
9787 6858 2
6858 5980 2
5980 9587 1
9587 5738 1
5738 5481 1
218 7715 1
2056 8228 1
8228 9038 1
9787 1586 3
1 8873 4
9353 7780 1
7780 8605 1
8605 3787 1
460 8582 1
8582 3541 1
3541 1 1
9772 1269 1
1269 16 1
16 5671 1
5671 9714 1
9714 8406 1
8406 4407 1
4407 5171 1
8407 7797 1
7797 1420 1
1420 9520 1
2691 382 1
382 8611 1
4788 382 1
382 2819 1
4402 8576 1
8576 6989 1
6989 372 1
372 9517 1
9517 5371 1
1495 9420 1
9420 1738 1
5481 4908 1
4908 8637 3
4090 5171 1
5171 1581 2
1581 4701 1
2595 3693 1
3693 7799 1
7799 3505 1
3317 9585 1
2691 7540 5
5001 4966 1
4966 6954 1
5019 8847 1
494 9414 7
9414 9787 2
8460 7799 2
7799 1062 4
1062 8515 2
6284 4407 3
8702 5770 2
4090 5831 1
5831 3761 1
3761 155 5
155 5980 2
5980 930 1
9585 1698 1
1698 1062 2
482 6840 1
6840 939 1
939 1 2
1062 8683 6
8683 7540 2
4430 6670 1
6670 502 1
7945 1062 2
1577 340 1
340 5743 1
4090 5616 1
5616 482 1
482 4388 1
4388 4796 2
4796 1594 1
1594 3402 1
3402 2212 1
2212 9395 3
9395 1707 1
1707 1594 1
1594 4789 1
4789 2212 1
9395 997 1
997 3683 1
3683 8049 2
8049 3402 1
3402 4226 1
2056 5082 1
5082 3880 1
4317 7551 1
7551 1673 1
1673 4940 3
3761 1586 1
1586 3505 1
3505 5076 1
5076 9414 1
9414 3787 1
3787 5619 1
5619 8392 1
8392 9540 1
689 9585 3
1761 625 1
625 3945 1
3945 3787 1
3761 2372 1
2372 8873 1
8873 8611 1
5001 3807 1
3807 4906 1
4906 2576 1
8847 2552 4
9414 5137 1
7799 3761 3
3761 9772 8
9772 6954 1
6954 8288 1
8288 4350 1
9587 2372 1
2372 7285 1
7285 5497 1
621 4766 2
4766 9585 1
2056 6523 2
6523 1648 2
1648 840 1
9787 2459 1
2459 4940 1
4940 7519 2
7519 1738 1
621 9571 1
9571 6284 5
1128 1037 1
1037 4226 1
2056 154 1
3761 2819 4
2819 4940 1
4940 2474 1
2474 2576 1
4910 3761 1
1033 5980 1
5980 147 1
147 5909 1
8847 5132 1
5132 6296 1
6296 3761 1
3761 1062 2
1062 621 5
621 5171 1
2041 4407 2
4407 9540 1
9417 2374 1
2374 4906 1
4906 6120 1
6120 9585 1
8847 7799 4
7008 7559 1
7559 5625 1
5625 5481 1
218 6189 1
1761 5914 1
5914 2576 1
5481 8075 1
8847 8278 1
8278 2024 1
2024 3638 1
3787 1599 2
1599 762 1
1738 3495 2
3495 1443 1
1443 3787 1
7388 8123 1
8123 2802 1
968 1575 1
5980 6954 1
6954 8576 1
5481 4090 3
311 2576 5
9585 382 1
382 7781 1
7781 3376 1
3376 7302 1
7302 6954 1
6954 9585 1
1062 4906 1
4906 5909 1
5909 2576 1
2576 4190 1
4190 4407 1
986 3859 3
3859 9587 2
9587 9517 2
3154 8337 3
8337 1062 3
1062 5726 1
5726 1673 1
1673 4233 2
4233 4923 1
4923 3761 1
3761 5598 1
5598 8847 1
8847 1761 1
1761 8074 1
8074 1 1
494 1761 1
1761 3505 1
2576 8923 3
8923 5481 1
5481 3638 1
1599 5112 1
5112 4381 1
4381 4090 1
3503 8689 1
8689 6628 1
6628 7540 1
4790 820 1
4679 8591 1
8591 6872 1
6872 3345 1
1612 6120 1
6120 5001 1
5001 8611 1
8611 7197 1
7197 146 1
5170 6663 1
6663 8637 3
8637 5486 1
5486 930 1
930 7999 1
7999 9787 1
5911 2562 1
2562 3709 8
1599 1820 4
1820 3787 2
9773 1860 1
1860 3011 1
4789 2802 7
8847 5707 1
5707 689 1
689 9773 3
5171 8072 1
8072 4910 1
4910 1062 1
1062 155 1
5980 4407 1
4407 2992 2
351 9787 7
7978 9720 1
9720 7540 1
8582 372 2
372 2819 1
2819 4906 1
4906 8529 1
8529 6996 2
6996 8847 1
3505 4552 1
3642 5235 1
5235 7799 1
7799 8681 1
8681 930 1
9787 1599 1
1820 5911 1
5911 4790 4
1860 6942 1
6942 3507 1
3507 7694 1
2819 6129 1
6129 8847 1
8847 3654 1
3654 5235 2
5235 2576 1
494 5552 2
5552 502 1
9772 7233 1
7233 6942 1
6942 8529 1
6996 3637 1
3505 3198 1
3198 9787 2
9787 546 1
546 3654 1
5235 2018 1
2018 8926 1
8926 1328 1
1328 139 1
4142 2979 1
2979 2802 1
5980 2576 1
2576 7271 2
7271 4790 1
4790 2640 1
2640 8847 1
3727 2370 1
2370 7701 3
9772 6094 1
6094 1660 1
1660 6942 1
6942 8460 1
9787 5912 2
5912 3787 2
1594 8274 1
8274 4373 1
4701 139 1
4142 4790 3
4790 6133 1
6026 3880 1
5481 9593 1
9580 7820 1
7820 4407 1
9787 3757 2
3757 8105 1
8105 9585 2
9787 8071 1
8071 1952 1
1952 6162 1
6162 2576 2
8369 1577 1
1577 1941 1
4463 2758 1
2758 9517 1
7540 3500 1
3500 4090 1
4090 6657 1
6657 6160 1
6160 9415 1
9415 4289 1
4289 7658 1
7658 6436 1
6436 5282 6
2056 7945 2
494 3857 1
3857 5596 1
5596 1674 1
1674 3154 1
3154 5978 1
5978 482 1
4788 9203 1
9203 4940 1
4940 2740 1
2740 5740 1
5740 2024 1
7701 6126 1
6126 4714 1
9585 1128 2
1128 482 4
92 9787 3
1101 1701 1
1701 8337 2
7701 9592 1
9592 522 1
522 9414 1
9414 9520 7
9520 8637 1
4336 4966 1
9593 482 1
7701 7821 1
7821 8576 1
2056 7821 1
7821 2819 1
4041 3641 1
3641 2802 1
2056 8683 1
8683 6160 1
8073 3011 1
9517 9772 1
9772 6893 1
6893 3562 1
8626 2819 7
2819 6160 1
6160 6892 1
6892 8073 1
8073 4090 1
1867 4788 1
4788 4388 1
4388 8994 2
8994 1 1
4464 7945 1
8073 494 1
494 3757 1
3757 4788 1
4788 4702 1
4702 9787 1
8069 7593 1
7593 7540 2
7540 8689 3
8689 2576 2
3898 8990 1
8990 4961 1
885 1 4
8337 3415 1
3415 7701 3
7701 1408 5
1408 2637 1
2637 8582 2
8582 9526 1
9526 2576 1
2576 977 3
977 8337 1
8337 6141 1
6141 5258 1
5258 8576 1
494 2812 3
2812 502 3
3641 6685 1
6685 3383 1
3383 1734 1
7559 853 1
8591 1701 1
9787 4896 1
4788 4374 1
4374 4090 5
7408 3198 1
2501 1333 1
4790 7877 1
691 5770 1
5770 1394 1
1394 8670 1
8670 4142 1
7388 5596 1
5596 3115 1
2576 1239 1
1239 2595 1
782 2004 1
3391 4430 1
4430 9787 2
9787 9195 2
9195 4788 3
3402 7877 1
691 681 1
681 8683 1
7956 621 1
621 524 1
524 7095 1
7945 4921 1
4921 4457 1
4457 502 1
782 2018 3
4790 674 1
674 4890 1
4890 5481 1
482 5076 1
5076 3253 1
3253 5497 1
5497 1586 1
6186 1784 1
1784 9587 1
4790 4909 1
5839 594 1
594 482 1
2819 3396 1
3396 4714 1
4714 4722 1
4722 1062 1
1062 4790 3
4790 1333 1
1333 9772 1
9772 2552 5
3358 7694 1
7694 494 2
494 3527 1
3527 930 1
9585 1726 1
3683 1062 1
8213 8321 1
2576 8321 1
1062 2121 4
9772 7095 1
7095 2234 1
2234 8873 1
3761 2430 1
2430 4463 1
4463 1660 1
1660 2883 1
2883 4086 1
4086 2556 1
2556 8913 2
8913 8576 1
2819 3209 1
3209 4908 1
4908 8873 1
3761 3569 1
3569 3761 1
3761 5940 2
5940 8637 1
5497 1599 2
3787 414 2
414 1701 1
8582 1660 1
1660 9414 1
9414 6756 1
6996 3787 2
5241 7197 1
7197 3787 3
986 1660 1
3761 9355 1
9355 1738 1
1738 7661 1
9713 7197 1
2024 6840 1
6840 1599 1
1599 3638 1
3761 1764 1
1764 1427 1
1427 7851 2
7851 5300 1
3761 6634 4
1701 4902 1
4902 8319 1
8319 8270 1
8270 5481 3
9496 3410 2
3410 9459 1
4788 9160 1
7031 2182 1
2182 4086 1
502 9020 2
9020 9587 1
3641 5007 1
1584 6993 1
6993 3787 3
5481 634 1
1659 9489 1
1683 3761 2
218 2162 1
2162 5300 1
7701 4679 1
4679 1443 1
1443 3327 1
2642 5080 1
9515 3820 1
3820 8263 2
8263 4463 2
9787 993 2
993 1020 1
3402 9517 1
9517 7773 2
7773 9673 1
9673 502 1
4789 4830 1
4830 502 1
782 1837 1
8999 6054 1
9787 8268 7
8268 9772 1
9772 8460 3
8460 9585 5
494 1443 2
2817 4336 1
4336 7073 1
3679 2199 2
8582 1372 1
1372 885 1
1443 8460 1
8460 2018 2
9772 2722 1
2722 5765 1
2576 9024 1
9024 8075 1
8847 8892 1
8892 4940 1
1586 8576 1
8847 4918 1
4918 2501 2
2501 2024 1
5894 8678 1
8678 5769 2
5769 5940 1
9787 1463 1
1463 4940 1
4090 5803 1
5803 1701 1
7701 8414 1
8414 7173 1
7173 4407 1
4788 9231 2
9231 1394 1
9772 6988 2
6988 2576 1
9585 339 1
339 1443 1
1443 155 1
8136 4737 1
4737 2817 1
2817 4182 1
3639 1919 1
1919 1443 1
494 5080 1
7075 4407 1
8369 3787 3
3787 809 1
809 1 1
594 1009 1
453 854 1
854 2817 1
2817 3598 1
3598 4382 1
4382 5280 1
5280 9772 2
1062 3350 1
3350 8873 1
2595 5221 2
5221 3761 1
6634 3787 1
1659 2802 1
2802 5393 2
3136 3327 1
3327 1774 1
1774 340 1
1701 834 1
834 3020 1
3020 5693 1
5693 2576 1
7408 4790 2
4790 1217 1
1217 9006 1
6789 3358 1
3761 3639 1
3011 8400 1
8400 8582 1
7782 8827 1
8827 8268 1
9787 1701 2
1701 4962 1
4962 4090 1
8337 9414 2
9414 1394 1
9772 1333 1
1333 146 1
146 4142 1
4142 1818 1
3787 7440 2
7440 3961 2
3961 4334 1
4334 951 1
977 4727 1
9585 3023 1
3023 1491 1
2543 2024 1
4090 4760 2
4760 7666 1
7666 7262 1
7262 7540 1
482 4389 2
695 9773 3
9773 2541 1
3023 1701 1
1701 2041 1
4789 6016 1
6016 3761 1
1360 1062 1
556 4395 1
4395 502 1
4090 715 5
715 1333 1
2552 8683 1
8683 2843 1
9772 1952 2
6560 4090 1
4090 4472 2
4472 7701 1
9520 4090 5
4090 3757 1
3757 7701 1
7701 5986 1
5986 9251 1
9251 3761 5
3761 8925 1
8925 538 1
538 2121 1
7701 7632 1
7632 782 1
782 4667 1
4667 7559 1
7559 2056 3
502 1543 2
1543 782 1
782 3652 1
3652 4233 1
4233 4381 1
4381 935 1
935 502 1
4789 4667 1
4667 2817 1
2817 4918 1
4918 8873 1
3761 5789 2
5789 1277 1
1277 5497 1
1701 8841 1
4608 5908 1
8576 4257 1
4257 1734 3
7701 5182 1
5182 1269 1
1269 3787 4
4222 1 2
1 748 2
7197 8577 1
3727 5494 1
5494 3787 2
5481 6892 1
8637 2709 1
2709 1069 2
1069 2819 1
2819 1784 1
1784 3011 1
2430 7755 1
5684 5497 3
7388 1738 1
2817 3761 1
6864 621 1
9496 9376 1
1667 9587 1
9587 8059 1
7540 7780 2
7780 2802 1
2802 6319 1
6319 8400 1
8400 7030 1
7030 4407 1
3011 502 2
502 8485 1
8485 5695 1
8678 8879 1
9585 9621 1
9621 4086 1
4086 5067 1
5067 2576 1
618 3761 1
3761 1774 2
1774 1807 3
1807 3705 1
3705 3761 2
3761 951 1
951 2576 3
494 4638 1
4638 1918 1
1918 3761 3
4464 2552 1
9772 6749 1
6749 2541 1
9692 3761 1
3761 4373 5
494 6687 2
1394 5769 1
5769 2024 2
2024 2595 1
7095 1128 1
3761 7473 1
7473 3787 1
3787 8469 2
8469 1 1
3761 4414 2
4414 144 1
144 502 1
7945 9414 1
9414 8288 1
8288 7989 1
7989 2576 1
2576 5821 2
3761 9094 1
9094 8644 1
8644 8037 1
8037 2401 1
2401 2892 1
2892 5596 1
4714 3761 5
3761 5299 1
5299 4048 1
8741 2843 4
4575 3856 5
3856 8637 1
6161 2576 1
3787 8741 4
6520 6756 1
7666 6993 1
5481 1738 1
4090 1102 1
1102 7945 1
7945 3266 1
3266 3402 1
482 5684 1
9417 418 2
418 6557 1
6557 7540 1
5791 9604 1
9604 3402 1
3402 4909 1
4909 155 1
155 1818 1
1818 6620 1
6620 8576 1
2819 4793 1
482 3819 1
3819 3787 1
4414 4300 1
4300 4916 1
7403 3761 1
3761 3011 2
8346 6026 1
6026 4840 1
5481 762 4
8658 2809 1
589 1738 1
6052 1738 1
8350 192 1
192 1882 1
9692 4321 1
621 961 1
961 6673 1
6673 8626 1
1883 4324 1
4324 5532 1
5532 9773 2
1738 9573 1
9573 1355 1
1355 1738 1
1738 3074 2
3074 2576 1
2576 8879 7
8879 2843 2
2843 3954 1
3954 6673 1
6673 3761 1
3761 8741 2
8741 2541 1
9692 621 1
621 8988 1
8988 5860 1
5860 3402 1
5481 6634 1
6634 9012 1
218 8582 1
5481 4714 1
4090 6013 3
6013 9420 1
9420 3761 1
371 8777 1
9489 6756 1
8658 4437 1
4437 8851 1
8851 8278 1
8278 2576 1
6582 2846 1
2846 7749 1
7749 5116 1
5116 1 1
9772 6110 1
6110 4041 1
8827 7569 1
5671 641 1
641 3787 2
7626 4222 2
4222 8179 1
7701 6000 1
6000 4463 2
4463 5173 1
5173 218 2
7320 1037 1
1037 6335 1
6335 7909 1
7909 1918 1
1918 494 1
9012 5800 1
5800 4438 1
2576 3216 1
8400 1032 1
1032 3786 1
8674 2819 2
549 6122 1
6122 7010 1
7010 5241 3
5241 5758 1
5758 530 1
9324 502 2
7361 9585 1
4289 8926 1
5241 4645 1
4645 2592 1
530 5241 1
5241 1673 1
1673 502 4
8392 4940 1
4940 9298 1
9298 4790 1
4790 6359 1
6359 2592 1
547 5044 1
5044 1326 1
8658 7886 1
7886 4407 1
9773 4795 1
4795 3510 1
3510 5687 1
4575 1 1
8741 4790 1
4790 5758 1
5758 5497 1
5497 9298 1
9298 6954 1
6954 6892 3
3761 1575 1
9012 7956 1
7956 7010 1
5241 4407 2
4407 8925 1
1672 3271 1
3271 6954 1
3761 5241 1
5241 2469 1
2469 8576 1
8576 1648 1
1648 7008 1
7008 6789 1
6789 2819 1
3679 339 2
339 3639 1
3639 5481 1
4090 6526 2
6526 2802 2
4788 2708 1
2708 7948 1
9585 5242 1
5242 3040 1
3040 5066 1
5066 4701 1
2595 1860 2
1860 604 1
604 4034 1
4034 2576 1
8683 3437 1
3437 1228 1
1408 2121 1
395 9422 1
9422 502 1
8136 926 1
926 7666 1
7666 3694 1
3694 5241 1
5241 5743 1
1037 339 1
339 2576 1
3761 1941 3
8050 5687 1
4575 8295 1
8295 3761 1
5497 395 1
395 502 1
1641 4714 1
4714 8873 3
5687 3937 1
3937 9772 2
494 386 2
5241 6133 1
6133 3787 1
3787 1607 1
1607 3787 1
3761 7917 1
9622 8838 1
8838 4740 1
4740 9459 1
9459 7538 1
7538 7633 1
7633 756 1
756 8415 1
8415 4788 1
4788 1514 1
1514 7917 1
7917 6950 1
6950 3787 1
3761 1732 1
1732 7536 1
7536 9683 1
9683 7251 1
7251 8721 1
8721 1604 1
1604 7616 1
7616 453 1
453 7226 1
7226 1799 1
1799 2570 1
2570 2839 1
2839 9597 1
9597 4430 1
4430 5241 1
4788 3029 1
3029 3818 1
3818 6954 1
6954 3846 2
3761 4748 1
4748 7540 1
5241 1519 1
1519 1414 1
1414 8742 1
2056 7106 1
7106 8227 1
8227 2495 1
2495 6524 1
6524 4915 1
4915 3543 1
3543 2576 2
8415 8484 1
8484 502 1
3154 7569 1
5135 6795 1
6795 7981 1
7981 7540 1
7540 2178 1
2178 5237 1
5237 7655 1
7655 1701 1
1701 1999 2
8702 9189 1
9189 8269 1
8269 2121 1
395 5497 1
4701 1 4
8392 5481 1
5241 6823 1
6823 6954 1
9787 4457 1
4457 7540 1
8582 7361 3
7361 9587 3
9587 1870 1
1870 1738 1
1738 1737 1
1737 8576 1
2819 3859 2
494 6789 1
6789 3040 1
3040 1715 1
1715 502 1
8779 9345 1
9345 2576 1
2062 7941 1
7941 1734 2
4788 5958 1
5958 502 1
502 4646 1
4646 7945 1
3727 6687 1
6687 494 1
782 7540 2
3641 1 1
7053 596 1
596 6704 1
6704 9459 1
9459 5924 1
5924 3641 1
6133 1223 1
1223 3787 1
5537 8576 1
9585 6252 2
6252 2219 1
2219 1163 1
1163 8576 1
9585 5473 1
5473 5684 1
5684 8873 1
6583 9575 1
9575 9587 1
9587 4867 1
4867 4940 1
2576 1049 1
1049 502 1
817 5900 1
5900 1532 1
1532 8658 1
5241 155 2
8136 6982 1
6982 4840 1
4840 7666 2
7666 3543 1
3543 502 1
502 1639 2
1639 7719 1
7719 9530 1
9530 1683 2
1683 6110 1
494 4915 1
4915 502 1
4402 8977 2
8977 8576 2
4631 4090 1
4588 4904 1
4904 764 2
3787 5485 1
5485 8576 1
8637 5241 1
2819 4373 3
4090 483 2
483 6756 1
6996 6892 1
2576 9012 1
9012 7877 1
3734 9420 1
7956 2024 1
2024 4788 3
4788 7010 2
7010 9787 1
9787 7053 1
7053 1602 2
1602 4747 1
4747 1701 1
2700 4407 2
4961 2430 1
2430 9258 1
1860 6016 1
6016 9787 4
9787 3825 3
3825 502 1
9787 116 1
116 502 1
6983 7540 2
218 8690 1
8690 4789 1
4789 5300 1
7701 993 1
8658 5052 1
5052 4788 1
4788 5361 1
5361 3897 1
3897 7388 1
7197 6582 1
4605 2802 1
4790 916 1
916 9298 1
9298 5378 1
5378 4940 1
4940 6299 1
6299 218 1
218 2802 1
3321 494 1
494 1732 2
1732 2576 3
2576 2613 1
2613 5497 1
3581 3638 1
1597 1730 1
1730 8576 1
9787 1842 1
4902 7852 1
7852 311 1
311 1073 1
3787 8506 1
8506 9787 1
9787 990 1
3228 8415 1
8415 8633 1
8633 4090 3
5798 4402 1
7134 1566 1
1566 2056 4
5497 4311 1
4311 3598 1
3598 6445 1
3638 3011 1
3011 8069 1
8069 4257 3
3787 8677 1
8677 3787 1
3787 1516 1
420 8325 1
8325 1597 1
1597 9769 1
9769 1826 1
1826 9787 9
9012 6133 1
7397 3253 1
3550 3787 1
9787 4016 1
4016 7540 1
7540 849 1
849 2576 1
2576 3300 1
3300 9459 1
9459 8340 2
8340 8045 1
8045 9787 5
7914 9415 2
9415 2552 3
4790 6466 1
6466 1734 1
9587 7694 1
7694 9420 1
8702 6050 1
6050 8788 1
8788 7540 2
3600 6445 1
9530 5894 1
5894 3248 1
3248 4968 1
4968 4749 1
4090 1229 1
1229 3198 1
3198 8045 1
8045 9484 1
9484 8670 1
8670 3245 1
8591 524 1
7935 4966 1
9787 3245 1
1062 1709 1
1709 1695 6
1695 8460 2
3859 7437 1
4402 8460 1
9417 8702 1
8702 6789 1
3639 4407 1
4407 8045 1
4090 6980 2
6980 9585 1
7044 9698 1
9698 1062 1
1062 2501 4
8576 5801 1
5801 4439 1
4439 9787 3
778 8460 1
8460 4090 1
4090 9698 2
9698 1 1
1 6872 3
6872 9119 1
9119 7540 2
782 930 1
2819 4350 2
4350 2222 1
2222 3247 1
3247 7635 1
7635 2819 1
1062 2621 4
2621 3883 1
2700 1709 1
8702 3505 1
3505 6120 1
6120 2018 1
1062 8702 2
8702 1394 1
1394 6284 2
6284 1062 2
1062 4364 3
4364 404 1
404 1062 1
1062 4392 1
4494 4090 1
7008 3391 1
3391 8786 1
3600 8369 1
8369 8069 1
7990 9751 1
9751 3247 1
3247 7072 1
7072 8704 1
8704 2576 5
2576 350 4
350 1566 1
1566 6573 1
6573 8557 2
8557 7497 1
7497 6120 1
6120 1709 1
1695 1062 1
2501 4701 1
2686 7540 2
2937 4706 1
4706 8460 1
8460 6453 1
3683 6776 1
6776 502 1
1826 4041 1
4041 5353 1
5353 7957 1
7957 142 1
142 5497 1
3347 2576 7
2576 9374 1
9374 1605 1
1605 502 7
4749 6277 1
6277 7626 1
7569 5530 1
5530 1414 1
1414 7844 1
7844 8900 1
8900 7635 1
7635 501 1
501 9770 1
5740 8334 1
8334 1944 1
1944 4350 1
8082 7398 1
7398 6143 1
5864 2121 1
2121 5229 1
5229 1605 4
1605 350 1
350 2018 1
8741 1472 1
1472 8317 1
8317 3787 2
524 3600 2
3600 7953 1
7953 8460 1
8460 8637 1
8637 1709 1
1695 6199 1
6199 4966 1
4966 2547 1
2547 1062 1
7540 9666 2
9666 4336 2
4389 4463 2
4090 7955 7
7955 4445 2
2024 96 1
96 3849 1
3849 7799 1
3761 1472 2
1472 3635 1
3635 6858 4
6858 1709 1
1695 5767 1
5767 8557 2
8557 4407 2
7999 4090 2
8735 2592 1
2592 6181 1
6181 2018 1
1062 3247 1
1919 8678 1
6987 4788 2
4090 5824 3
5824 8576 1
4226 2413 1
2413 4450 1
4450 8637 2
8637 3635 1
6858 5743 1
5743 8672 1
8672 2576 1
7896 7335 1
7335 1605 1
1605 7559 1
7559 7435 1
7435 4035 1
4035 9587 1
1062 3679 1
8824 6900 1
6900 6003 1
6003 1062 1
8735 1566 1
482 2592 1
2592 7852 1
7852 1577 1
482 2694 1
8582 2059 2
6746 3555 1
3555 9628 1
9628 2121 1
2121 9628 1
9628 502 4
8674 8290 1
8290 3154 2
2812 3679 1
494 7956 1
7956 271 1
7744 8045 1
8045 1672 1
2056 7990 1
7990 2819 1
4407 6181 1
6181 7900 1
2802 3234 1
3234 7840 1
2595 8777 5
8777 421 1
421 9787 1
502 1603 1
1603 2304 1
2304 9746 1
9746 2988 1
2988 1001 1
8626 1162 1
1162 2404 1
2404 2576 1
2576 5061 1
5061 2204 1
2204 6550 1
6550 7498 1
7498 2802 6
1605 9787 4
9787 6146 2
6146 4970 1
4970 4789 1
1037 386 1
386 2576 3
2576 386 3
5819 1414 1
1414 2652 1
2652 4090 1
1774 3727 1
3727 6883 1
6883 524 1
524 1408 2
4090 155 1
155 4210 1
4210 951 1
951 4794 1
4794 9585 2
4789 4226 1
4226 8591 1
8591 8027 1
8027 7540 1
7540 5473 1
5473 502 1
502 6665 1
6665 3787 1
5864 8400 1
7635 8591 1
2056 8059 1
8059 5547 1
5547 6252 1
4012 1826 1
1826 8787 1
8787 2504 1
2504 3745 1
3745 9455 1
9455 6954 1
7497 9585 2
9585 6514 1
3787 9721 7
9787 2766 1
2766 8333 1
8333 2595 2
9012 7713 1
7713 8321 1
8321 1399 1
1399 9664 1
9664 4911 1
4911 2056 1
2056 1610 1
1610 1399 1
8779 2686 2
386 621 2
621 8787 2
8787 7900 1
7900 6513 2
6513 7477 1
7477 2504 3
2504 2576 1
8626 5171 1
5171 3174 1
3174 3745 1
3745 8834 1
2056 7540 4
4069 5171 1
5171 3637 2
3637 8069 1
8069 7713 2
7713 8332 1
8332 1 1
1 5789 1
5789 4789 1
8400 1597 1
1597 3695 2
3695 2073 3
2073 2686 2
2686 1628 1
1628 3154 2
3727 9413 1
9413 7224 1
7999 5777 1
5777 1698 15
1698 4745 1
9787 6631 1
6631 664 1
664 7799 1
695 8834 1
5694 853 1
853 2819 1
502 7733 1
7733 4788 1
7559 2341 1
9787 1605 1
3787 2988 4
2988 2205 1
2205 2404 1
2404 1 1
2430 6523 3
6523 3695 1
3695 9517 13
9517 2592 2
7497 2121 1
502 384 4
384 2273 1
2273 1326 2
1326 3787 1
5864 494 2
494 7171 1
7171 4414 1
4414 8675 1
8675 7159 1
7159 3010 1
3761 8059 1
8059 8591 1
8947 9587 1
9587 3761 3
3761 4222 3
494 5729 1
5729 7823 1
4749 9300 1
9300 1672 1
7498 7635 1
7635 1037 1
1037 6630 1
6630 3787 1
9787 5577 1
5577 2576 1
2576 2002 2
2002 4632 1
4632 4336 3
4090 9666 1
9666 8873 1
9666 8321 1
8321 1198 1
1198 8683 1
8683 3852 1
4090 4495 1
4495 2018 1
2018 4895 1
4895 4336 1
3358 6436 1
9787 4856 1
4856 4402 1
4402 1944 1
1944 4455 1
4455 9787 1
7694 4407 5
986 4248 1
4248 502 1
502 2502 3
3600 8053 1
8053 3020 1
3020 6347 1
6347 4090 1
4090 4649 1
4649 3683 1
2903 4788 1
8702 5191 1
5191 4790 1
4790 8021 1
8021 7498 1
9585 4856 1
4856 6436 1
4336 2430 1
4788 6129 1
2819 1826 5
1826 4395 1
6532 4407 1
6251 8332 3
8332 6283 1
6283 7368 1
7368 4788 1
4788 2296 4
2296 5966 1
5966 351 1
351 7581 1
7581 149 1
149 6814 1
6814 1738 1
3143 2576 1
621 698 1
698 7781 1
6735 1062 1
1062 8069 3
8069 6299 2
6299 7532 1
7532 4090 1
5995 2819 2
6519 7559 1
1408 5777 1
5777 3326 1
3326 4226 1
4226 4984 1
4984 7903 1
7903 6522 1
6522 501 1
501 7799 1
7799 4789 6
4789 4144 1
4144 7586 1
7586 7858 2
7858 2576 2
4331 4788 1
4788 149 2
149 9589 1
9589 5764 1
5764 6987 1
6987 4701 1
2595 1628 3
1628 8521 1
8521 7072 1
7072 495 1
495 2576 2
930 3244 2
3244 2576 2
7559 495 1
495 689 1
7701 4086 1
4086 3495 1
3495 1466 1
1466 8042 1
4788 3686 1
3686 5460 1
4788 9589 2
9589 2595 1
8611 8064 2
8064 4695 1
4695 495 1
495 2812 1
2812 3683 1
3683 7434 1
7434 4788 1
4788 1640 5
1640 2752 1
2752 9012 2
1399 8781 1
8781 2686 1
2686 9559 1
9559 951 1
494 4233 4
4233 1277 1
1277 9787 1
9787 7480 1
7480 2576 2
2576 9612 2
9612 9682 1
9682 502 1
502 5473 2
5473 3505 1
3505 9773 1
9773 9791 1
4701 7487 3
2576 3133 1
3133 622 1
622 7984 1
7984 7453 1
7453 2511 1
2511 502 1
621 7482 1
7482 4788 1
4788 7341 1
7341 7701 1
7701 3259 1
3259 4701 1
4701 7498 5
7498 1360 1
1919 8605 1
8605 2121 3
9585 2501 4
8171 435 1
435 9666 1
9666 8268 1
4962 9585 3
4388 9666 1
1037 4689 1
4689 3407 1
3407 8764 1
8764 4445 1
674 9791 1
9787 3807 2
3807 5729 1
5729 482 2
482 3016 1
4790 4632 2
1037 7357 1
7357 1 1
1 350 1
350 840 1
840 2615 1
2615 1420 1
1420 4407 1
4407 4790 3
4790 9189 3
482 8042 1
3761 7808 1
7808 6384 1
8847 8051 1
8051 482 1
482 8112 1
8112 8557 1
8557 762 1
762 5137 1
2056 4392 1
2234 2121 1
5171 4362 1
4362 1062 1
1062 977 1
977 5117 1
5117 9787 1
5453 2576 3
4090 1568 5
1568 9787 1
9787 7945 1
7945 5821 1
5821 3683 1
3683 8963 1
8963 4090 1
235 1420 1
1420 495 1
495 2292 1
2292 5777 1
1698 7540 4
7540 968 2
968 8847 3
8847 6372 1
6372 4090 1
4090 3497 1
3497 7945 1
7945 1129 1
1129 8611 1
8611 8963 1
8963 8637 1
8637 4364 1
4364 7757 1
7757 8441 1
8441 9414 2
9414 7540 3
7540 1466 1
1466 2802 1
1177 6522 1
6522 8611 1
3537 3063 1
3063 495 1
495 4069 1
9768 3011 2
6613 8824 1
8824 4788 1
4788 1594 1
9787 7487 1
7487 2595 3
2595 1529 4
1529 5920 1
5920 5409 1
5409 2576 1
2576 447 1
447 502 1
2576 4514 1
4514 5819 1
9787 4694 1
4694 495 1
495 4859 1
4859 2819 1
9787 2488 3
2488 4407 1
9189 4962 1
885 4788 1
4076 7302 2
6687 1419 1
1419 8111 1
8111 2576 1
2576 3695 2
3695 3208 1
3208 3154 1
3154 5817 1
5817 8774 1
3342 1 1
8268 1326 1
4069 3682 1
3682 3011 1
4788 6203 1
6203 7635 1
4966 9585 3
2093 6687 2
7956 4445 1
4445 8576 8
8576 6039 1
6039 1778 1
1778 2819 1
9787 1778 1
1778 3011 1
1773 6687 1
9772 7956 1
7956 6870 1
6870 689 1
689 2576 1
2576 1778 1
1778 8834 1
4402 9363 2
9363 2843 1
494 7635 1
7635 8873 1
8873 3682 1
3682 8268 1
191 4966 1
4966 495 1
495 5027 1
4788 4069 4
4069 1 1
1062 7073 2
7073 9772 1
2607 502 1
8633 930 1
930 1326 2
4069 2471 1
9787 8264 2
8264 3011 1
3011 2552 1
2552 3957 1
3957 1566 1
7799 2185 1
2185 4090 1
4090 9013 2
9013 1062 1
5995 7799 1
8637 1807 1
1807 1062 1
1062 8050 1
8050 2501 1
2501 4908 1
4908 9787 1
1062 8075 1
8075 482 3
482 4918 2
4918 8834 1
8834 3824 1
3824 3761 1
3727 5171 1
612 6687 1
6687 786 2
786 968 2
968 8576 2
2819 8873 6
3761 9691 1
9691 2322 1
2322 8637 1
4090 5867 3
5867 2021 1
2021 8873 1
1062 8064 1
8064 8045 1
5497 1591 1
1591 8045 1
8045 3154 2
3154 2462 1
2462 502 1
2576 6576 1
6576 5123 1
5123 1037 3
9787 675 2
675 8824 1
8824 441 1
441 4442 1
4442 1062 1
1062 908 1
908 1659 3
1659 7540 2
7540 7360 1
7360 859 1
859 5621 1
5621 4790 1
2576 1033 1
1033 8741 1
5687 1371 2
1867 4388 1
8994 4407 4
4407 3509 1
3509 2407 1
2407 9787 2
7053 6572 1
6572 2062 1
9773 8334 4
8334 9712 1
9712 6707 1
6707 502 3
8601 5909 1
4790 4698 1
4698 4407 1
9418 9772 1
9772 1648 2
1648 8576 1
155 4790 1
4790 2048 1
2048 4445 1
1062 1472 1
1472 2576 1
6398 5818 1
5818 8324 1
8324 9408 1
9408 3492 1
3341 9408 1
9408 7481 1
7481 3522 1
3522 2576 1
2576 3698 1
3698 8578 1
494 3579 1
3579 6482 1
9787 9016 1
9016 6514 1
6514 9585 2
875 4090 2
7948 2021 1
2021 4402 1
4402 734 2
734 495 1
495 4788 2
4788 3509 1
6925 2121 1
2730 4144 1
4144 3154 3
3695 124 2
124 3269 1
3269 2595 1
2595 5271 1
5271 8797 1
8797 1037 1
1037 4790 10
4790 3269 1
2576 377 1
377 1 1
5172 2021 1
1394 124 1
4437 3160 1
3160 7540 1
7540 7288 1
7288 859 1
859 1 1
7302 2819 2
5224 7540 1
7732 2107 1
2107 3787 1
3495 9304 1
3074 68 1
68 9787 1
3683 7754 1
7754 3515 1
3515 8880 1
8880 2595 1
1826 1128 1
1128 2306 1
2306 2576 1
618 275 1
275 5080 1
5080 4789 1
4789 7211 1
7211 2576 2
8685 6834 2
618 8741 1
2576 3720 1
3720 9088 1
9088 6110 1
6110 9585 14
3787 9304 2
9304 4918 1
4918 8702 2
3154 1426 1
1426 5659 1
5659 1738 1
4788 4387 2
3727 6035 1
6035 6110 1
6110 7976 2
7976 5224 1
9787 2144 1
2695 8576 1
2819 9304 1
9304 494 2
8516 4090 2
4090 4086 2
4086 2576 1
689 3600 1
5215 5080 1
5080 7540 4
5241 530 2
7388 4407 3
4407 5497 1
9119 4439 1
4439 2121 1
4575 5182 1
2501 3537 1
3537 495 1
495 4632 1
3727 2107 1
2107 8873 1
4790 7842 1
675 2576 1
968 6252 1
9012 7291 1
7291 1037 1
1037 9069 3
9069 8216 3
8216 1 2
4701 6145 3
6145 7540 2
7540 497 5
497 6862 1
6862 9251 1
2802 4225 1
4225 7666 1
7666 9008 1
9008 8879 1
2150 2819 1
2488 2576 1
9489 8844 1
8844 3415 1
3846 7183 1
7183 9772 1
9772 9734 1
9734 885 4
885 4552 1
4552 3011 1
3011 495 2
495 8685 2
8685 6862 1
9787 8266 1
8266 7780 1
7780 8873 1
4788 9094 1
9094 8847 1
8847 6290 1
6290 7114 1
7114 7918 1
7918 5497 1
5497 4940 1
4940 1653 1
1653 7923 1
7923 495 1
495 9094 2
9094 7509 1
4090 1090 1
1090 2819 1
7900 3683 1
2700 2576 7
2576 9295 2
9295 1472 1
1472 9585 1
9417 6772 1
6772 840 1
4788 4445 1
3293 6039 1
6039 1709 1
1695 6733 1
6733 495 1
495 8834 1
8834 2812 2
2812 4336 1
9363 1 1
6514 1941 2
8847 5186 1
502 2700 1
9295 5171 1
5171 3322 1
3322 556 1
556 8081 1
8081 1 1
4090 2452 1
2452 9413 1
9413 2819 1
4790 1088 1
1088 2576 1
2576 5430 1
5430 9787 1
7197 4909 1
4909 495 1
495 502 2
502 4109 1
4109 5052 1
5052 8623 1
8623 4736 1
4736 4790 4
9772 506 1
506 9178 2
9178 3727 1
3727 3322 2
3322 7949 1
3247 2406 1
7559 1090 1
1090 3683 1
3683 9295 1
9295 2686 1
2686 5769 1
5769 1577 1
1577 3961 1
3961 4789 1
4789 6275 2
9787 3856 3
3856 9413 1
9413 7540 1
4789 4871 1
4871 9587 1
9587 502 3
3861 4941 1
4941 4789 1
155 2345 1
2345 621 1
7732 3683 1
3683 9401 2
9401 494 2
9580 3637 1
3637 2576 1
2576 2107 2
502 6314 2
6314 1826 1
6717 8582 1
8582 6314 1
2576 1480 1
1480 2500 1
2500 5230 1
5230 4788 1
4788 1605 2
1605 647 1
647 2064 1
2064 2686 1
2686 1670 1
1670 9732 1
9732 7540 1
7540 7392 1
7392 2686 1
2686 8696 1
8696 8654 1
8654 494 1
494 9052 2
9052 3560 1
3560 964 1
964 2304 1
2576 7510 1
7510 4373 1
4373 1594 1
1594 4373 1
4373 689 1
502 1446 1
1446 1826 2
502 2272 6
2272 8591 1
1577 7897 1
7897 3205 1
3205 8683 1
2819 385 2
385 2272 1
2272 502 1
4086 1446 1
1826 7941 1
7941 748 2
8626 8209 1
8209 5497 2
3581 1734 3
1734 1466 1
2272 9773 1
9773 2695 1
2695 1516 1
1516 2868 1
2868 502 1
3154 1577 1
1577 5864 1
494 1153 1
1153 2954 1
2954 4788 1
4788 977 4
977 8094 1
8094 502 6
502 568 7
568 9570 1
2576 4829 1
4829 8576 1
4788 2008 2
2008 4599 1
4599 782 1
2430 4057 1
4057 2954 1
2954 968 1
968 621 1
621 2868 1
2868 7962 1
7962 2819 1
9772 1649 2
1649 2576 1
1443 3179 1
3179 2973 1
2973 3175 1
3175 3154 1
2501 2742 1
2742 590 1
590 8045 1
8045 1664 1
1664 2052 1
2052 1659 1
3787 8697 3
8697 3560 1
3560 9469 1
9469 1738 1
8350 3524 1
3524 9585 1
502 3346 1
3346 3787 1
4790 7967 1
7967 3727 1
482 5620 1
5620 384 1
384 421 1
421 3846 1
3846 2868 1
2868 8400 1
8400 9498 1
386 2907 1
2907 9611 1
502 5923 1
5923 2655 1
2655 1443 1
502 7747 2
7747 4789 1
4789 2695 3
2695 3215 1
3215 4954 1
4954 1815 1
1815 2655 1
2655 8123 1
8123 1 1
4090 6138 1
6138 2121 1
9772 4954 1
4954 2925 1
2925 3547 1
3547 2498 1
2498 8662 1
8662 9773 1
9773 9489 1
9489 977 1
977 9787 1
9787 5168 1
5168 5497 1
968 2462 1
2462 2802 2
3761 3117 1
3117 4739 1
4739 748 1
8626 3525 1
3525 3787 1
1037 7498 1
7498 2709 1
3011 4790 6
4790 3857 2
3857 1274 1
1274 9498 1
9498 2576 1
2576 6456 1
6456 4790 1
6092 9498 1
9498 9773 1
9773 4082 1
4082 288 1
288 4357 1
4357 7053 1
7053 5925 1
5925 5720 1
5720 2576 1
8702 6186 1
6186 9193 1
9193 3683 1
9401 6002 1
1651 5171 3
5171 1856 1
1856 7666 2
7666 9490 1
9490 2576 1
6745 4373 1
2843 1660 3
8392 9489 1
9489 5962 1
5962 1516 1
1516 2121 1
2121 1483 1
1483 6043 1
6043 2627 1
2627 5547 1
5547 2595 2
2595 1353 2
1353 2576 1
2576 1140 1
1140 502 1
7569 7027 1
7027 9448 1
9448 820 1
820 4790 1
8400 3164 1
3164 2576 1
2576 8047 1
8047 4790 1
494 9212 2
9212 8576 4
9585 6575 1
6575 5446 1
5446 2018 1
4790 3876 1
3876 762 1
4090 5022 1
5022 7482 1
4090 4538 1
4538 4388 1
4388 761 1
761 6510 1
6510 9587 1
9587 9772 3
9772 4790 5
4790 7559 6
7559 7843 1
7843 2722 1
2722 1651 1
9585 3613 1
3613 6777 1
6777 704 1
704 5962 1
5962 8873 1
4790 763 1
502 5728 1
5728 2121 1
6335 7476 1
7476 3180 1
3180 5227 1
5227 384 1
384 7251 1
7251 558 1
558 2627 1
2595 9360 1
9360 5386 1
5386 1719 1
1719 2706 1
2706 1 1
8371 5497 1
5497 8290 1
8290 3063 1
3063 8400 1
8400 9412 1
9412 8647 1
8647 3108 1
3108 7540 2
7540 9788 1
9788 51 1
51 5387 1
5387 2576 1
2576 717 1
717 3327 1
4789 9459 2
9459 1530 2
1530 1037 1
9773 9342 1
9342 494 1
494 1427 3
1427 7507 1
7507 2118 1
2576 3174 1
3174 3787 1
8401 4407 1
986 4739 1
4739 4090 3
4090 4041 1
4041 502 1
9772 4338 1
494 8879 2
8879 8576 1
2819 3664 1
3664 2595 7
968 4522 1
4522 6676 1
6676 4541 1
4541 9585 2
1353 2686 1
2056 2846 1
2846 2606 1
2606 3523 1
3523 8371 1
8371 494 2
494 3918 2
3918 572 1
572 2976 1
2976 7817 1
7817 9052 1
9052 2657 1
2657 3179 1
3179 2576 1
2576 7787 1
7787 4853 1
4853 7540 1
7540 7282 1
7282 3233 1
3233 854 1
854 7817 1
7817 2592 1
2592 3209 1
8741 7027 1
7027 7159 1
7159 2818 1
2818 7817 1
7817 9773 1
494 6455 1
6455 2595 1
2595 9309 1
9309 3787 1
8371 3327 1
3327 4317 2
4317 2997 1
2997 7784 1
7784 9077 1
9077 4701 1
4701 3787 2
1919 502 1
502 2809 5
2809 8948 1
8948 502 1
9566 4790 2
4069 1516 1
1516 9296 1
9296 270 1
270 7540 1
7540 3674 2
3674 2908 1
2908 8834 1
3327 6993 1
6993 5420 1
5420 1326 1
1326 7303 2
7303 6687 1
6687 9517 1
9517 5833 1
5833 5497 1
5497 2846 2
2846 4110 3
4110 6672 1
6672 7666 1
7732 9787 5
968 6543 1
6543 2320 1
2320 9583 1
9583 9773 1
9773 2997 2
2997 7540 1
7540 1671 1
1671 3154 1
3154 5822 1
1774 2721 1
2721 4407 1
4407 4317 1
4317 8501 1
8501 6186 1
6186 2024 1
2024 2695 1
2695 8591 1
8591 1590 1
1590 1920 1
1920 7540 1
7540 572 1
572 641 1
641 6393 1
6393 5497 1
5497 8364 1
8364 9497 1
9497 4407 1
9787 8360 1
8360 4389 1
4090 9573 1
9573 2400 1
2400 9127 1
9127 8577 1
8577 7595 1
7595 6844 1
6844 1338 1
1338 2987 1
2987 2576 1
2576 1827 1
1827 3354 1
3354 1792 1
1792 8723 2
8723 1565 1
1565 1326 1
7303 5497 1
6092 2819 1
3859 9256 1
9256 2121 6
2121 382 1
382 7540 1
4073 2140 1
2140 1738 1
8741 3707 2
3707 3011 2
4788 2769 2
2769 6111 1
6111 669 1
669 6002 1
9585 8834 3
3327 6962 1
6962 3688 1
1919 2997 1
2997 7772 1
7772 8873 1
621 8440 1
8440 494 1
494 2595 2
2595 9461 1
9461 1667 1
1667 3189 1
3189 2576 1
2576 310 1
310 4090 1
4090 6857 1
6857 502 1
7747 2819 1
9772 2469 1
2469 1023 1
8873 8440 1
7540 2872 1
2872 5471 1
5471 3787 1
3787 5968 2
5968 5596 1
5596 8330 1
8330 2651 1
2651 3106 1
3106 3787 1
722 2907 1
2907 6393 1
6393 7160 1
7160 525 1
2576 3314 1
3314 8286 1
8286 6079 1
6079 3516 1
3516 8454 1
8454 2576 1
5199 5596 1
5596 4701 2
2595 2907 1
2907 3180 1
3180 5698 1
5698 1646 1
1646 2430 1
2430 2695 1
2695 2024 3
2024 4317 8
4317 7422 1
7422 9622 1
9622 2896 1
2896 7694 1
7694 5841 1
5841 1892 1
1892 3011 1
621 7018 1
7018 1399 1
1399 8582 2
8582 7422 1
7422 9787 1
4790 5822 2
9787 2556 1
2556 9622 1
9622 4646 1
4646 3787 1
4790 2658 2
2658 494 2
494 2073 1
9021 9622 1
9622 5460 1
5460 8455 1
8455 5596 1
5596 3773 1
3773 6280 1
6280 7540 1
5968 3161 1
3161 2891 1
2891 7363 1
7363 6101 1
6101 7499 1
7499 502 1
502 9682 1
9682 9696 1
9696 970 1
970 3423 1
3423 2686 1
386 7129 1
7129 3405 1
3405 7540 1
7540 9622 4
9622 1051 1
1051 3787 1
3787 8714 3
8714 212 1
212 4789 1
4789 9741 1
9741 4396 1
4396 9622 1
9622 3217 1
3217 1889 1
1738 3213 1
3213 9622 1
9622 8836 1
8836 3329 1
3329 9124 1
9124 7666 1
7666 5173 1
5173 3495 1
3495 1824 1
1824 4789 1
8400 2216 1
2216 4521 1
4521 6299 1
3787 3486 1
3486 4872 1
4872 5451 1
5451 2578 1
2578 1 1
1919 7498 3
7498 4832 1
4832 547 1
547 9778 1
9778 1672 1
1672 213 1
213 4435 1
4435 5458 3
5458 2576 2
2576 7415 1
7415 2072 1
2072 7511 1
7511 8488 1
8488 502 1
691 3621 1
3621 6553 1
2632 5596 1
5596 7422 1
7422 8400 1
8400 3865 1
3865 4350 1
4350 9787 3
8473 7540 1
8847 7641 1
7641 8936 1
8936 3787 2
3787 1918 5
1918 7422 1
7422 2658 1
494 124 1
124 7540 2
7540 859 1
859 2472 1
2472 6954 1
6954 530 1
2576 2259 1
2259 502 1
5908 1488 1
1488 3970 1
7701 8232 1
8440 124 1
124 9773 1
9773 5449 1
5449 502 1
7666 4435 1
5458 1 1
7498 1672 1
1672 3786 1
3786 6965 1
6965 3327 1
8231 530 1
8733 5704 1
5704 5596 1
5596 2907 1
2907 1362 1
1362 4389 1
9182 9787 1
9787 4179 1
4179 8611 1
8611 9562 1
9562 8936 1
3787 8774 2
8774 2892 1
2892 8664 1
8664 2656 1
2656 8685 1
8685 124 1
124 3154 1
3154 8400 1
3787 3448 1
3448 3222 1
3222 2819 1
2819 1448 1
1448 7904 1
7904 2922 1
2922 5497 1
4789 9731 1
9731 4789 1
4789 1672 2
7498 7251 1
7251 5435 1
5435 3787 3
3787 8948 1
8948 3154 1
700 4598 1
4598 9622 1
9622 8495 1
8495 2576 1
7498 6505 1
6505 2802 1
2802 7482 2
7482 3553 1
3553 7540 1
7540 9449 1
9449 2554 1
2554 9773 2
9773 2907 2
2907 1287 1
1287 3865 1
3865 2796 1
2796 8847 1
8847 9088 1
9088 1566 1
1566 8847 2
9006 4336 1
4336 8936 1
8936 4090 2
4090 8251 1
8251 9585 1
9414 2908 1
2908 4407 1
9787 4790 10
4790 986 2
986 6663 1
6663 4090 1
733 2018 1
494 6240 1
6240 2576 1
502 1540 1
1540 4042 3
4042 8678 1
8678 6436 2
6436 664 2
664 3787 4
977 1244 1
1244 9408 1
6170 160 1
160 3094 1
3094 9773 1
9773 3695 4
3695 1624 1
1624 1738 1
9580 4683 1
4683 621 1
621 4789 1
4789 339 1
339 8576 1
7694 3805 1
3805 3674 1
3674 5687 1
5687 7422 1
7422 2595 1
9012 2256 1
2256 2809 1
2809 3727 1
3727 155 1
155 8798 4
8798 2248 1
2248 2843 1
2843 9246 1
9246 5990 2
5990 502 1
4789 3381 1
3381 2739 1
2739 2088 1
2088 9787 1
8392 4068 1
4068 4714 1
6436 8741 3
8741 3974 1
3974 2843 1
2843 2694 1
2694 4789 1
4789 8588 1
8588 7569 1
1734 4789 7
4789 3600 2
3600 494 4
494 2965 1
2965 4789 1
4789 2455 1
2455 2819 1
3011 7031 1
7031 3846 2
3846 1480 1
1480 2595 1
7666 2907 1
2907 1658 1
1658 2576 1
2576 4441 1
4441 3689 1
3689 4789 1
4789 351 1
351 9587 1
4788 1788 1
1788 4760 1
4760 9773 1
2907 4407 1
4789 3687 1
3687 4090 2
494 9182 1
9182 2907 1
2907 2655 1
2655 3695 1
502 1732 1
1732 213 2
213 5460 1
5460 8400 1
3787 5382 1
5382 3721 1
3721 502 1
5900 1471 2
1471 8269 1
8269 502 2
782 859 1
859 4789 1
494 7288 1
7288 547 1
547 8231 1
8231 1 1
1 3381 1
3381 4854 1
4854 3222 1
3222 7904 1
7904 1375 1
1375 6954 2
3787 3602 1
3602 4701 1
4701 5227 1
5227 7498 1
3695 1587 2
1587 7866 1
7866 3787 2
1532 1919 1
1919 1238 1
1238 6954 1
1 8774 1
8774 1262 1
1262 530 1
530 7540 1
7540 5170 2
5170 3937 1
3937 8518 1
8518 3602 1
3602 9440 1
9440 2694 1
691 6527 1
6527 2843 1
8777 5227 1
5227 494 1
9414 1315 1
1315 7540 1
7540 9459 4
4915 7666 3
7666 1069 2
1069 3787 2
4790 8351 1
8351 7382 1
7382 4464 1
4464 4911 1
4911 4407 1
9131 7848 1
7848 6384 1
9520 9189 1
9189 6582 1
6582 4759 2
4759 7403 4
8582 9734 3
885 8637 1
8637 9773 2
9773 4260 1
4260 2907 1
2907 722 1
722 502 1
4789 3063 2
3063 3846 1
3846 2625 1
2625 6145 1
6145 2809 1
2809 1399 2
1399 502 1
1659 7454 1
7454 9440 1
9440 2907 1
2907 8891 1
8891 9449 1
9449 1 1
502 4911 1
4911 968 1
968 4789 1
494 6540 1
6540 2314 1
2314 8873 1
8873 3695 2
2073 2658 1
2658 3787 1
3787 2907 1
2907 494 1
494 4171 1
4171 3382 1
3382 4407 1
4407 9582 1
9582 4501 1
4501 7498 1
7498 1648 1
1648 4789 1
3683 664 2
664 7914 1
9006 6228 1
3787 5259 1
5259 5842 1
5842 9440 1
9440 4510 1
4510 6436 1
6436 2093 4
2093 31 1
31 3787 1
3371 3154 2
3154 3906 1
3906 1205 1
1205 2595 1
2595 6423 1
6423 3794 1
3794 4211 1
4211 8148 1
8148 4463 2
4463 758 1
758 7976 2
2576 8861 1
8861 8403 1
8403 1 1
2430 8204 1
8204 9012 1
9012 7559 1
7559 4940 2
7701 8360 1
8360 3787 2
3787 1280 1
1280 8784 1
8784 8627 1
8627 8360 1
8360 9773 1
5171 4173 3
4173 502 1
2926 4580 1
4580 6456 1
6456 4692 1
4692 3961 1
3961 3787 4
3787 7976 2
7976 4701 1
4701 3505 1
3505 8356 1
8356 1885 2
1885 9117 1
9117 502 1
502 3046 3
3046 2576 1
2576 9241 1
9241 8591 1
8591 4692 1
4692 3787 2
7976 8356 1
1885 9356 1
9356 3358 1
3358 3695 1
3695 8356 1
8356 5300 1
5300 7666 2
7666 3094 1
3094 4463 1
4463 4336 1
494 977 5
977 7507 1
7507 2819 1
2819 2566 1
2566 5477 1
5477 2858 1
2858 4336 1
4086 8356 1
8356 399 2
399 7976 2
7976 5653 1
5653 8873 1
8873 3046 1
3046 4090 1
4090 4940 3
4940 3033 1
3033 7685 1
7685 4788 1
4090 5573 1
5573 4940 1
4940 3135 1
3135 4090 1
4090 7815 1
7815 8287 1
8287 4788 1
9088 621 1
621 3787 7
1426 9419 1
9419 3537 1
3537 4463 1
4235 2576 1
2576 1415 1
1415 1037 1
1037 2025 1
2025 4090 1
4090 372 1
372 4788 1
4788 7859 1
7859 3508 1
3508 4090 1
3727 6404 1
6404 3032 1
3032 3831 1
3831 9076 1
9076 4090 1
4790 998 1
998 4788 1
4788 3255 1
3255 1409 1
1409 4090 1
4090 9366 1
9366 4951 1
4951 3467 1
3467 7837 1
7837 856 1
856 4788 1
4788 3207 1
3207 8936 1
4090 9404 1
9404 4090 1
4090 7385 1
7385 502 2
2065 2576 1
2576 5996 1
5996 8873 1
8873 3537 1
3537 5055 1
5055 8547 1
4790 7848 1
7848 399 1
399 2065 1
2065 7378 1
7378 4788 1
4788 8404 1
8404 2576 1
7449 621 1
621 9228 1
9228 1062 1
1062 4076 1
4076 9012 1
9012 7520 1
7520 1360 1
1360 5459 1
5459 9233 1
9233 3807 1
3807 9417 1
2819 399 1
7976 6147 1
6147 2533 1
2533 2607 1
2607 9772 1
2576 932 1
932 9787 1
7300 2819 2
2819 5953 1
5953 399 1
399 502 1
3046 7540 1
4788 4777 1
4777 3508 1
3508 1252 1
2595 3046 1
3046 4407 1
149 9012 1
9012 2456 1
2456 4090 1
371 8356 1
399 4788 1
1960 2595 1
2595 9019 1
9019 2520 1
2520 9781 1
9781 9530 1
9530 3046 1
3046 1204 1
1204 3787 1
868 2018 1
2018 9763 1
9763 1494 1
1494 3727 1
3787 9558 1
9558 1399 1
1399 5429 1
5429 8582 1
8582 8360 1
8360 8678 1
8678 1738 1
2843 8265 1
8265 1344 1
1344 8372 1
8372 6272 1
6272 4789 1
4789 3727 6
482 1791 1
1791 7540 1
968 495 2
495 1394 1
9585 8204 1
8204 8360 1
8360 4090 1
4090 8182 2
8182 1734 1
3503 8798 2
8798 4789 1
4789 1577 2
2217 3846 1
4790 2709 1
7053 7948 2
7948 6284 1
4789 3961 1
3961 8365 1
8365 2802 1
2802 3154 4
3154 4373 2
4090 5596 2
5596 418 1
418 7423 1
7423 4407 1
4407 8683 2
8683 4789 5
4789 6872 1
6872 4788 1
4788 2475 1
2475 2290 1
2290 4414 1
4414 2576 3
6575 4840 2
4840 9543 1
9543 502 1
1037 3424 2
3424 4090 1
4090 4913 3
4913 2709 1
2709 6273 1
6273 485 1
485 7540 1
7540 4428 1
4428 4407 1
4090 2889 1
2889 2576 1
1033 3469 1
3641 1472 1
494 5429 2
5429 8360 1
2843 8946 3
8946 8627 1
8627 3564 1
3564 8092 1
8092 2809 1
3011 9097 1
9097 5497 1
8171 3745 1
3745 2073 1
2686 7374 1
7374 4789 1
4789 977 2
977 6662 2
6662 8824 1
7540 4692 1
4692 3154 1
3890 6436 1
6436 4440 1
4440 8168 1
8168 1394 1
9585 1001 1
2121 7976 1
7976 9792 1
9792 502 1
1826 8221 1
8221 1800 1
1800 6186 1
6186 9762 1
9762 1 1
4789 9006 1
9006 1507 1
1507 4788 2
3391 7053 1
7053 8969 1
8969 4801 1
4801 9762 1
9762 1566 1
8678 2004 2
2004 6189 1
9585 149 2
149 2447 1
2447 6518 1
6518 7423 1
7423 2802 1
2802 9295 1
9295 5839 1
4385 3154 1
3154 2488 1
2488 9037 1
9037 7540 1
6052 4789 1
4789 2851 1
2851 8288 1
8288 5331 1
5331 4090 1
4090 2040 1
2040 4373 1
2843 372 1
372 4407 1
4407 697 1
697 8607 1
8607 2819 1
2819 7635 1
993 7848 1
7848 7842 1
7053 5740 1
5740 7948 1
7948 9787 1
9787 1054 1
3495 3064 1
3064 1326 1
2107 9773 1
9773 149 2
149 1159 1
1159 8334 1
8334 4789 1
4789 31 1
31 2576 1
2576 9573 2
9573 8591 1
4789 8363 1
8363 9787 1
9787 1618 1
1618 3304 1
3304 9772 1
9772 4645 1
4645 502 1
4789 2907 1
2907 1126 1
9006 1540 1
4082 3787 1
4789 4234 1
4234 2527 1
2527 1651 1
9787 3465 1
3465 621 2
7732 1494 2
1494 2819 1
2819 2086 1
2086 8576 1
2576 3786 1
9587 3562 1
3562 3761 1
3761 6690 1
6690 9622 1
9622 3165 1
3165 149 1
149 9762 1
9762 5429 1
5429 6436 1
2093 8360 1
8360 1734 1
1734 621 2
621 5840 1
5840 2576 1
2812 4328 1
4328 9585 1
4090 6199 2
6199 3961 1
3961 4692 1
4789 8064 2
8064 7976 1
494 6696 1
6696 1117 1
1117 2595 1
7701 8365 1
8365 2686 1
1269 3064 1
3064 9762 1
9762 8094 1
502 9570 1
2576 6092 1
6092 1037 1
494 6450 1
6450 8591 1
8591 2691 1
2819 371 1
371 621 3
621 4442 1
4442 9762 1
9762 6436 1
2093 2576 1
4090 8215 1
8215 3787 1
4789 3204 1
3204 6251 1
8332 3537 1
3537 977 1
977 7559 1
7559 8891 1
8891 3064 1
3064 9420 1
1826 2695 1
2695 1869 1
1869 9566 2
9566 6616 1
6616 2595 1
2595 4142 2
4142 4789 2
4789 4645 2
4645 2320 1
2320 502 2
9773 3064 1
3064 9687 1
9687 2576 1
9573 270 1
270 9787 1
4076 951 1
951 7302 1
6687 8899 1
8899 2121 1
2121 3454 1
3454 1 1
6189 2576 2
2576 806 1
6335 1740 1
4749 8591 2
9052 572 1
572 213 1
213 2315 1
2315 3787 1
494 7422 1
7422 2304 1
2304 7540 1
8347 3154 2
3154 7637 2
7637 7475 1
7475 718 1
3409 4396 1
4396 9611 1
1738 7569 2
7569 792 1
792 1326 1
1326 8650 1
8650 8312 1
8312 3119 1
3119 6519 1
6519 9235 1
9235 7666 1
7666 2028 2
2028 3209 1
2272 8400 1
8400 3495 2
3495 8327 1
8327 9330 1
9330 2018 1
5185 7540 1
7540 2082 1
2082 2964 1
2964 483 1
483 3695 1
124 5398 1
5398 502 1
1597 1414 1
1414 7467 1
7467 6111 1
6111 2490 1
2490 7254 1
7254 5596 1
5596 472 1
472 21 1
21 285 1
285 5596 1
5596 6300 1
6300 6676 1
6676 5937 1
5937 5497 1
5497 2779 1
2779 6056 1
6056 9775 1
9775 4248 1
621 3063 1
3063 8347 1
494 5190 1
5190 6252 1
6252 561 1
561 3787 1
5864 7171 1
7171 3010 1
3010 1 1
1 8021 1
8021 1826 1
1826 8841 1
8841 1065 1
1065 1826 1
9773 8185 1
2595 1356 1
1356 3131 1
3131 2576 1
1597 9319 1
9319 6567 1
6567 2802 1
5596 6956 1
6956 8947 1
8947 4579 1
4579 8582 1
4575 769 1
769 1612 1
1612 494 1
3918 3482 1
3482 3239 1
3239 2576 1
2576 1157 1
1157 2708 1
2708 502 2
502 5870 1
5870 8824 1
8824 1160 1
1160 4480 1
4480 8371 2
8371 8801 1
8801 6371 3
8988 6685 1
6685 2576 2
6687 9370 1
9370 8378 1
8378 4478 1
4478 494 1
977 6313 1
6313 6436 1
1469 2576 1
8626 5034 1
5034 2653 1
2653 4248 1
9585 5888 1
5888 1494 2
1494 494 3
494 1698 1
1698 1738 1
1738 3093 1
3093 4417 1
4417 1037 1
7732 9792 1
9792 8582 1
2056 2780 1
2780 1698 1
1698 4788 2
4788 6785 1
6785 2819 1
1395 2595 1
2595 318 1
318 6068 1
6068 1968 1
1968 1 1
7900 9463 1
9463 502 1
502 9517 1
9517 8576 6
2056 8745 1
8745 2819 1
502 3440 1
3440 8921 1
8921 545 1
1937 1640 1
1640 4392 1
4090 5094 1
5094 9585 1
4789 6568 1
2802 1230 1
1230 65 1
65 1443 1
1443 8237 1
8237 3683 1
5001 8685 2
8685 3670 1
3670 1219 1
1219 7666 2
7666 5900 1
5900 8083 2
8083 7540 2
9772 4631 1
4631 6581 1
6581 9420 1
3727 6383 1
6383 384 1
384 6433 1
6433 3787 1
3787 318 1
318 6786 1
6786 9520 1
9520 2845 1
2845 438 1
438 9074 1
9074 3147 1
3147 5888 1
5171 9442 1
9442 7477 1
7477 3745 2
3745 8004 1
8004 4407 1
4407 748 6
8626 329 1
329 155 1
3503 6510 1
6510 7506 1
7506 2809 1
4788 433 1
433 7701 1
7701 101 1
101 9155 1
2576 392 1
392 5888 1
5888 4510 1
2297 2683 1
2683 1547 1
2576 4422 1
4422 2576 1
2576 8714 2
8714 4852 1
4852 4430 1
4430 5596 1
5596 1560 1
1560 434 1
434 7616 1
7616 8873 1
4788 9622 1
7994 1360 1
1360 2337 1
2337 8576 1
1367 9585 1
4790 1375 1
1062 7917 2
7917 2595 1
5408 1230 1
1230 4788 2
4788 9516 2
9516 4581 1
4581 9622 1
9622 6956 1
6956 859 1
859 4396 1
4396 3787 1
3787 5473 1
5473 7498 1
8714 4788 1
4788 2809 1
1659 3851 1
7701 9571 1
9571 215 1
215 2576 1
2576 4512 1
4512 7540 1
502 3144 3
3144 2595 2
2595 4886 1
4886 213 1
213 5920 1
5920 1 1
907 4432 1
4432 7787 1
7787 9333 1
9333 7540 1
7540 2563 1
2563 6971 1
6971 5888 1
5888 6738 1
6738 977 1
977 7540 2
7540 8793 1
8793 2595 1
2595 3179 1
3179 1667 1
1667 9052 1
9052 7746 1
7746 3524 1
3524 3788 1
3788 502 2
4235 4222 1
5672 4373 1
3503 8636 1
8636 3323 1
3323 5222 1
5222 5054 1
5054 4407 1
4788 4389 9
7701 8577 2
8577 5569 1
5569 1414 1
1414 4788 2
5497 5054 3
5054 2802 3
2802 2809 2
3761 1761 1
1761 1738 1
8350 502 1
6375 826 1
826 2576 1
2576 9093 1
9093 2809 1
2809 9772 1
9772 9593 1
9593 2576 1
6189 5053 1
7540 5900 2
5900 1765 2
1765 2708 1
2708 5888 1
5888 9080 1
9080 2576 5
8683 9772 1
9772 6777 1
6777 5171 1
6685 940 2
940 4407 2
7948 1185 1
1185 7917 1
7917 8372 1
8372 813 1
813 502 1
502 9548 1
9548 7659 1
7659 2576 1
3011 2664 1
2664 4788 1
4788 434 1
434 4082 1
4082 7616 1
3691 4126 1
4126 5197 1
5197 8422 1
8422 990 1
990 8221 1
8221 1231 1
1231 3787 1
6186 9012 2
9012 6639 1
6639 2802 4
2802 1284 1
1284 3245 1
2691 6714 1
6714 4788 1
1773 1648 1
1648 3069 1
3069 1089 1
1089 2121 1
2121 4298 1
4298 4624 1
4624 8576 1
4788 6641 2
6641 566 1
566 7701 2
502 1230 4
1230 8350 5
8350 6548 1
6548 2576 1
7540 8585 1
8585 7405 1
1037 4773 1
4773 5888 1
5888 4788 2
4788 3465 2
3465 4788 1
621 7917 1
7917 9816 1
9816 8124 1
8124 2812 1
2812 621 3
621 6603 1
6603 4082 1
4082 9080 1
9080 7540 1
4788 6278 1
6278 3981 1
3981 3011 1
9516 2655 1
2655 1512 1
1512 8838 1
8838 4226 1
4226 785 1
785 9009 1
9009 3734 1
3734 4407 1
4407 621 1
3787 2825 1
2825 5894 1
5894 9772 1
9772 4739 5
4739 1869 1
9587 6186 1
8658 9459 2
4153 1037 2
1037 2592 3
2592 2819 3
5497 8435 1
8435 3011 1
3011 483 2
483 5888 1
5888 2576 3
8334 122 1
122 4788 1
4788 8492 1
8492 7491 1
7491 8521 1
8521 9251 1
9251 502 6
8378 621 1
2056 1014 1
1014 6458 1
6458 4790 1
4892 7755 1
7755 6384 1
4790 2325 1
2325 6260 1
6260 7666 1
7666 3600 3
3600 2121 1
8371 8741 1
350 3975 1
3975 8683 1
2802 8375 1
8375 3787 1
3154 5962 1
5962 6142 1
6142 7540 1
7540 8325 1
8325 3962 1
3962 3622 1
3622 3925 1
3925 7534 1
7534 41 1
41 1450 1
1450 2576 1
5598 4789 2
4789 5888 1
1672 4789 1
7498 4727 1
4727 5819 3
5819 8741 2
350 3926 1
3926 8685 1
8685 7701 1
5497 7534 1
7534 2430 1
2430 3695 2
9517 2969 1
2969 2576 2
2576 6721 1
6721 8740 1
8740 2121 1
2121 524 1
524 2507 1
2507 8460 1
8460 2576 1
2576 8459 1
8459 5888 1
2576 5889 2
5889 298 1
298 7666 1
8547 3482 1
3482 5835 1
5835 2576 2
8683 3391 1
3391 8741 1
350 4716 1
7540 5888 1
5888 4933 1
4933 7666 1
7666 7533 2
7533 6110 1
9585 4464 4
4790 3925 1
3925 9787 1
2576 495 4
7533 5497 1
5497 9486 1
9486 3403 1
3403 782 1
7540 7582 1
7582 7054 1
7054 4317 1
4317 2887 1
2887 789 1
789 2686 1
2686 9790 1
9790 7775 1
7775 2576 1
5172 5442 1
5442 8685 1
8685 2121 1
2121 1761 1
1761 2507 2
2507 2576 2
2576 304 1
304 5888 1
5889 350 1
350 494 1
494 8333 1
2595 8547 1
8547 1 1
1 8741 2
8741 4283 1
4283 7900 1
4790 9773 1
9773 7477 1
7477 9684 1
9684 8003 1
8003 3172 1
3172 7540 1
9622 1360 1
9622 1732 1
1732 859 2
859 4694 1
4694 5686 1
5686 7666 1
7666 5001 1
5001 7540 1
502 5921 1
5921 3144 1
3144 4886 1
4886 205 1
205 2576 2
2576 4432 1
4432 8127 1
7540 9682 2
9682 5875 1
5875 2121 1
4790 7900 3
7900 3649 1
3649 9640 2
9640 124 1
124 1599 1
7023 1399 2
1399 7477 1
7477 577 1
577 1432 1
1432 502 1
8350 1761 1
1761 3011 1
4090 7117 2
7117 4407 1
4789 7948 2
7948 7093 1
7093 1360 1
1360 4789 5
4789 3606 2
3606 8582 1
2056 3691 1
3691 2819 1
2576 1511 1
1511 4750 1
4750 4789 1
4789 5224 1
5224 4789 1
494 4324 3
4324 3173 1
3173 4789 1
7753 3649 1
3649 8197 11
8197 7900 1
7900 3883 2
3883 8685 1
8685 3173 1
3173 4407 1
502 1918 5
1918 7440 1
7440 9773 1
9773 4179 1
4179 2576 2
2576 3212 1
3212 1598 1
1598 1628 1
1628 3970 1
7701 1418 1
1418 2802 1
9576 7732 4
7732 4090 1
4090 2729 3
2729 2576 2
495 6629 1
6629 494 2
494 4905 1
4905 4142 1
3385 9178 1
9178 3683 1
3683 4142 4
4142 5947 1
5947 2668 1
2668 1880 1
1880 8576 1
4090 1194 1
1194 6466 1
6466 5947 1
5947 9604 1
9604 9178 1
9178 4407 1
4407 495 1
9094 2199 1
2199 7666 1
7666 4142 6
4142 2668 1
3042 7030 1
7030 7732 1
1494 8185 1
8185 621 2
3391 2595 1
8777 8547 2
1597 1892 1
1892 6384 1
6384 4789 1
1427 3673 1
3673 4407 1
4407 8777 1
8547 8894 1
8894 1 1
1 4701 1
4701 1892 1
1892 9762 1
9762 9088 1
7976 5888 1
5888 6568 1
6568 3674 1
3674 9304 1
9304 2576 1
8192 4142 1
4142 2708 1
2708 2802 1
8050 3666 1
3666 1466 1
1466 6500 1
6500 606 1
606 3638 1
2686 7018 1
7018 2576 1
2576 1465 1
1465 502 1
1826 1659 1
1659 7023 1
9663 8683 1
3761 9205 1
9205 109 1
109 6739 1
6739 3787 1
3402 5497 1
7388 8593 1
8593 2576 1
2576 5411 1
5411 502 1
2576 107 1
107 632 1
632 1826 1
1826 1466 1
1466 1773 1
1773 5497 1
5497 384 2
9497 7452 1
7452 4385 2
4385 1494 1
1494 2576 2
2576 6500 1
6500 977 1
7540 2387 2
2387 720 1
720 7978 1
8050 8873 1
8873 1494 2
1494 4630 1
4630 2694 1
8350 64 1
64 9350 1
9350 8834 1
8171 2107 1
2107 2576 1
1919 64 1
64 2968 1
2968 8185 1
2595 7023 1
9663 7725 1
7725 5497 1
5497 6394 6
6394 4432 1
4432 9295 1
9295 9666 1
9666 4790 2
2056 1233 1
1233 352 1
352 577 1
577 3491 1
3491 2819 1
2576 1494 1
1919 5947 1
5947 4701 1
2056 5242 1
5242 6633 2
6633 4069 1
1597 4940 3
4086 1826 3
1826 3011 1
7948 6500 1
6500 3787 1
6634 502 2
502 8156 4
8156 4317 1
4317 1493 1
1493 9325 1
9325 9787 1
9787 1022 1
1022 8591 1
8591 2708 1
2708 2576 2
4317 9666 1
9666 9727 1
9727 3181 1
3181 7666 1
7666 3440 3
3440 4713 1
4713 3761 1
497 5155 1
5155 502 1
3342 9182 1
9182 6443 3
6443 3080 1
8720 3761 1
7053 5386 1
5386 9397 1
9397 9530 1
495 3198 1
9787 6949 1
6949 2086 1
2086 2576 4
2576 7877 1
9496 3761 1
3761 8576 5
7823 1560 1
1560 6072 1
6072 2121 1
2121 1853 1
1853 993 1
993 5822 2
5822 3787 1
4789 3174 1
3174 702 1
702 7701 1
7701 3695 1
9517 2682 1
2682 9138 1
9138 572 1
572 3097 1
3097 3154 1
1037 6088 1
6088 2592 1
2592 1302 1
1302 3911 1
3911 974 1
974 8959 1
3429 4696 1
4696 602 1
602 3846 1
3846 3440 1
3440 2576 9
4789 2592 3
2592 9628 1
9628 9773 1
3695 3172 1
3172 3396 1
3396 7773 1
3787 3097 4
3097 1672 1
7666 720 2
720 3787 2
3787 7707 1
7707 3446 1
3446 494 1
4324 6314 1
6314 2808 1
2808 2576 1
4510 9414 1
9414 796 1
796 1181 1
1181 9787 1
8626 7948 1
7948 4788 1
695 1 1
8742 9024 2
9024 502 3
4235 3695 1
3695 1317 1
1317 9666 1
9666 2819 1
7106 4752 1
4752 7559 1
7559 3683 2
3683 9261 3
9261 7496 1
7496 1240 4
8873 1317 1
1317 7540 1
1408 7908 1
7908 9696 1
9696 4788 1
4788 8519 1
2121 720 1
720 2576 2
3972 3097 1
3097 6954 1
3761 7874 1
7874 3761 1
8337 4714 1
4714 4727 1
4727 4788 1
1 6983 2
6983 154 1
154 2802 2
2802 3342 2
3342 1667 1
8400 1774 1
1581 1918 1
6189 4674 1
4674 9587 1
9587 6126 5
4090 1509 1
1509 3358 1
9787 9667 1
9667 6977 1
6977 9787 1
9585 1318 1
1318 1600 1
1600 3820 1
3820 7666 1
3787 495 1
495 4407 1
4407 4464 1
4464 7053 2
7053 5009 1
5009 4940 1
4940 8994 2
8994 8277 1
8277 3270 1
3270 6110 1
6110 1046 1
1046 7053 1
4788 5534 1
2576 9005 1
9005 596 1
596 1734 1
9587 5683 1
5683 7666 2
7666 9696 4
9696 4090 1
3727 951 4
951 7799 1
8746 5683 1
4789 2686 1
4336 8576 3
9772 695 2
695 3761 3
497 6756 1
6756 154 1
154 4090 2
4913 1738 1
1831 3011 1
495 7300 1
9585 7593 1
7593 9696 1
7540 1317 1
1317 1360 1
1360 8321 1
8321 5888 1
5888 7617 1
7617 3787 1
3550 2819 1
5822 6393 1
6393 8994 1
2430 3381 1
4788 7896 1
7896 4785 1
4785 2576 1
4788 6733 1
6733 8712 1
8712 3313 1
3313 9147 1
9147 9787 1
4090 4442 4
4442 8418 1
8418 2637 1
3278 5137 1
5137 3637 1
1128 6954 2
1853 9666 1
9666 4389 1
9772 5224 1
5224 4790 1
4790 977 2
977 8320 1
8320 3954 1
9587 1037 2
1037 1091 1
1091 494 1
8392 3649 1
9640 7952 1
7952 7299 1
7299 495 1
495 5683 1
7540 9445 1
9445 1431 1
1431 7666 1
1408 4422 1
4422 4789 2
4789 7103 1
7103 512 1
512 1 1
1 1360 1
1360 3606 1
3606 3691 2
3691 4464 1
4464 8333 2
8333 414 2
414 2694 1
2694 5171 1
5171 3735 1
3735 691 1
691 4407 1
1394 4373 6
7918 3649 1
8197 8414 1
8414 5507 1
5507 4407 1
4407 7506 1
7506 8031 1
4789 9748 1
9748 3011 1
4789 9024 2
3154 8419 1
8419 4789 1
4789 414 1
414 4918 1
4129 2819 1
1020 6110 1
497 3787 1
3787 2000 1
2000 5596 1
5596 1667 2
1667 820 1
820 4661 1
4661 9787 1
4788 4350 1
1062 9418 1
9418 8894 1
4788 495 1
495 6002 1
1651 9418 1
9418 9585 1
4788 1062 5
1062 7694 4
7694 4792 1
4792 7437 1
7945 2121 1
8894 1566 1
9585 6872 1
6872 2637 1
2637 4086 1
4086 580 1
580 9585 1
9714 580 1
580 4090 1
6296 1326 1
1420 1200 1
1200 9585 1
2552 4402 1
4402 4463 2
4463 580 1
580 9787 1
6052 4389 1
7948 6687 1
4789 7956 2
7956 2576 1
8637 6029 1
6029 9773 1
9773 6691 1
6691 502 1
7666 912 1
912 4445 1
1062 4636 2
8582 580 1
580 7799 1
7799 495 1
495 5909 1
2937 6140 1
6140 2576 1
2576 8894 2
4788 414 6
414 9772 2
9517 8886 1
8886 1062 1
1062 2430 1
8392 754 1
1651 1919 1
1919 414 1
414 2576 4
2576 8886 1
8886 1918 1
1918 6186 1
6186 5172 1
5172 1889 1
1738 3256 1
3256 5596 1
1037 5285 1
5285 1738 1
1738 6111 5
6111 9517 1
9517 580 1
580 6402 1
6402 8741 1
8741 3030 2
3030 7384 1
7384 5937 2
5937 4714 1
4090 7852 2
7852 1 1
4645 7349 1
7349 3787 1
3787 6760 1
6760 8623 1
8623 968 1
968 4445 1
1 524 1
524 580 1
580 8864 1
8864 1575 1
9012 495 1
495 1566 2
1566 4402 1
4402 7701 1
7701 1573 1
1573 4789 1
4789 4077 1
4077 1399 1
8779 8741 1
3880 2686 1
2686 4752 1
4752 8741 2
8741 2637 1
2637 9508 1
9508 1128 1
1128 4164 1
4164 5497 1
5552 3154 1
3154 2181 1
2181 502 1
8458 8859 1
8859 8741 1
3245 4789 1
4789 6774 1
6774 494 1
494 4157 1
4157 8462 1
8462 7403 1
7403 2413 1
2413 1127 1
1127 9772 1
9772 7197 3
6092 641 2
641 2809 1
2809 3787 4
3600 6161 2
6161 482 5
4575 2637 1
2637 9585 5
1128 9773 1
9773 5281 1
5281 4164 1
4164 495 1
495 494 1
3727 2637 1
2637 2517 1
2517 1062 1
2552 2637 2
2691 4090 1
9413 3245 1
3245 4790 1
8591 7163 1
7163 2637 1
2691 3245 1
2056 5282 1
5282 2413 1
2413 7666 1
7666 8154 1
8154 1494 1
1494 2686 1
2686 9666 1
9666 1566 1
9772 556 3
8582 8334 1
8334 2786 1
2786 4350 1
4350 4392 1
4392 9772 2
2552 4445 1
4445 2819 1
2552 1941 1
2607 5224 1
4210 1919 2
1919 8326 1
8326 4407 1
4407 1577 4
621 8552 1
8552 7099 1
7099 4445 1
1 3666 1
3666 3994 1
3994 5285 1
5285 494 1
494 2637 1
2637 9773 1
9773 580 1
580 495 1
1566 1507 1
1507 489 1
489 6094 1
6094 2371 1
2371 951 1
977 8960 1
8960 8894 1
8894 9516 1
9516 563 4
563 930 1
5224 2395 1
2395 4317 1
4317 7648 1
7648 2906 1
2906 4407 1
9772 4904 1
764 8576 1
2819 611 1
611 4788 1
9587 2294 1
2294 4940 1
9772 8913 1
8913 350 1
350 6091 1
6091 5814 1
5814 2945 1
2945 8741 1
8741 8685 2
9012 5729 1
5729 7175 1
7175 1597 1
502 4456 1
4456 1399 1
1399 494 1
494 3247 1
3247 8894 1
8894 621 2
4701 7540 2
2809 8392 1
8392 3602 1
3602 8777 1
8777 8741 1
3880 1615 1
1615 3683 1
3683 415 1
415 450 1
450 3695 1
9517 1399 1
1399 9559 1
9559 6763 1
6763 3342 1
3342 5497 1
4090 2453 1
7701 4856 1
4856 9585 1
8392 9792 1
9792 7197 1
7197 4307 1
4307 1371 1
1371 3600 1
494 2552 4
3358 6985 1
6985 549 1
4788 7956 2
7956 2121 1
7701 3080 1
8720 2576 1
2576 695 4
9585 7901 2
7901 2121 8
4790 2022 1
2022 3456 1
3456 9666 1
9666 7540 1
7498 8321 2
8321 7713 1
7713 859 1
859 3154 1
3154 7074 1
7074 5497 1
625 6982 1
7666 3097 2
3097 502 1
621 6952 3
6952 1 1
1 450 1
450 750 1
9587 8174 1
8174 7540 4
7540 3440 4
2576 442 4
3278 874 1
874 9585 2
9585 8002 1
8002 9038 1
4790 1128 2
1128 6275 1
6275 4368 1
970 7819 1
7819 7540 1
7540 6417 2
6417 3787 1
3787 6906 1
6906 7023 1
386 3097 1
3097 5596 1
5596 8321 1
8321 4737 1
4714 9414 1
8873 3683 1
3683 3256 2
3256 2576 2
2576 450 1
450 8879 1
9038 4915 1
2576 4484 1
4484 2802 11
2802 954 1
954 6002 1
4788 6359 1
6359 9587 1
9587 6977 1
6977 6015 1
6015 4788 2
502 3393 2
3393 1 1
2449 8321 1
8321 5755 1
5755 8683 1
8683 942 1
4788 1240 1
2595 720 1
720 9611 1
502 9132 1
9132 4788 1
6520 951 1
951 1807 1
1807 7046 1
7046 7666 1
7666 8970 1
8970 4090 1
2576 4153 1
4153 2819 1
2819 4086 3
4086 1224 1
1224 4788 1
5172 3966 1
3966 5497 1
3663 495 1
495 9773 1
9773 8321 2
8321 494 1
494 8807 1
8807 2576 3
2576 5667 1
5667 1 1
1 5974 2
5974 778 1
778 4336 2
2021 1577 2
1577 4373 1
3503 2881 1
2881 3562 1
3562 9666 1
9666 4090 1
3899 4373 1
2007 4140 1
2576 8807 1
8807 8745 1
3562 1494 1
1494 9773 1
8321 6520 1
6520 7053 1
2851 1904 1
1904 9459 1
9459 5943 1
5943 7540 1
7540 8777 4
8777 1494 1
1494 3622 1
4788 1128 4
1128 5501 1
5501 1037 1
494 603 1
603 4407 1
4788 8174 1
3440 6615 1
2802 4104 1
4104 9711 1
9711 421 2
6143 3440 1
3440 5300 1
482 6539 1
6539 4940 1
4940 6977 1
6977 1494 1
1494 4090 1
9417 7905 1
7905 7540 1
7540 3097 2
3097 2576 2
2576 1323 1
1323 854 1
854 8321 1
8321 6155 1
6155 502 1
4788 5212 1
5212 502 1
4790 4788 5
4788 3440 1
3440 594 1
502 1775 1
1775 5559 1
5559 8184 1
2435 1494 1
1494 6520 1
6520 5049 1
5049 1831 1
1831 4701 1
4790 4737 1
4737 8893 1
8893 1 1
1919 9088 1
1659 4336 1
3070 6519 1
6519 5154 1
5154 7211 1
7211 8807 1
4140 9787 1
4788 8649 2
8649 6047 1
6047 968 1
8873 9666 1
9666 8576 1
4090 915 1
915 8873 1
8582 3994 1
3994 3787 1
7903 907 1
907 3761 1
3761 5080 11
502 9470 1
9470 3009 1
3009 4069 1
1037 2022 1
2022 606 1
606 3745 1
3745 502 1
9566 8577 1
495 2694 1
2694 6436 2
9474 8873 2
7701 3562 1
3562 3039 1
3039 2686 1
2056 6614 1
6614 2802 1
8347 9666 1
9666 494 1
8685 881 1
881 5252 1
5252 6782 1
6782 7569 1
5744 2802 1
2802 1594 1
1594 7945 1
7945 6844 1
6844 4463 1
4463 417 1
417 3467 1
3467 2576 2
2576 983 1
983 1037 1
4086 4020 1
4020 6844 1
6844 5171 1
2576 4609 2
4609 4789 1
6996 6676 2
6676 8873 2
8873 2809 3
2809 3899 1
3899 7799 1
7799 5171 2
5171 3667 1
3667 4463 1
4463 584 1
584 1761 1
1761 1651 2
1651 303 1
303 6340 1
6340 2576 1
5199 8576 1
2024 4389 3
7948 5311 1
5311 8582 1
8582 9578 1
9578 907 1
907 6445 1
4478 7405 1
3761 1908 1
1908 3245 1
3245 502 1
502 3191 2
3191 1 2
3245 8873 1
3063 8576 1
7695 6091 1
6091 7882 1
7882 495 1
2595 8045 1
8045 7350 1
7350 3787 1
2576 1496 1
1496 3787 2
3787 8124 1
8124 8215 1
8215 1366 1
1366 8139 2
9038 3810 1
3810 3936 1
3936 8685 1
8685 4233 1
4233 672 1
672 4407 1
9585 5167 1
5167 3649 1
8197 8369 1
8369 8873 2
8873 1605 4
1605 7666 2
7666 8209 1
8209 4069 1
4069 7538 1
4086 4789 1
4789 5792 1
5792 9787 1
3063 2121 1
2121 5384 1
5384 6181 1
6181 1605 1
8268 3465 1
3465 3358 1
9585 3465 1
3465 8683 1
4789 4859 1
4859 7540 2
7540 1363 1
1363 3358 1
494 2751 2
2751 4789 2
4789 6885 1
6885 2576 1
4392 6687 2
2679 5900 3
1471 6161 1
8197 4636 1
9585 2150 1
2150 502 1
9474 7666 1
7666 1995 1
1995 4791 1
4791 3327 1
3787 7810 3
7810 3562 1
1919 2998 1
2998 4222 1
6181 8824 1
8824 8521 1
8521 6573 1
6573 4789 3
4789 1995 1
1995 2576 1
4789 2148 1
2148 2679 1
8083 3787 1
5080 1555 1
1555 547 1
547 5497 2
1853 853 1
9474 9787 2
8591 4392 3
4392 2121 2
2730 1597 1
1597 7650 1
7650 1651 1
9585 9473 1
9473 1605 1
1605 8873 2
4090 2347 2
2347 1 1
1 7650 1
7650 9593 1
9593 502 2
968 6635 1
6635 2802 1
2802 5864 1
5864 9202 1
9202 2863 1
2863 5476 1
5476 8576 1
4235 3327 1
3327 6912 1
6912 2292 1
9585 385 1
385 9517 1
9474 5497 2
5497 6579 1
6579 8683 1
2819 7650 2
7650 1648 1
5497 7666 4
7666 5154 1
5154 9787 1
8392 3692 1
1628 4090 1
8082 2019 1
2019 8576 1
8576 235 1
235 2637 1
2637 1995 1
1995 6275 1
9787 1025 1
1025 2998 1
4789 1166 1
1166 3495 1
3495 3277 1
3277 467 5
3154 3961 1
3961 494 2
494 2896 1
2896 5902 1
5902 8774 2
8774 9787 1
9787 5295 1
5295 468 1
468 7540 1
2576 8841 2
8841 5386 1
5386 7999 1
7999 1037 1
1037 1995 1
1995 4407 1
4402 2709 2
3898 4090 1
4090 9183 3
9183 4402 1
5694 502 1
502 2293 1
2293 2896 1
2896 9787 1
5911 468 1
468 4840 1
2997 594 1
1831 2576 6
9768 1019 1
1019 3649 1
8197 5653 1
3063 1038 1
1038 9787 1
8824 4789 1
4789 2341 2
2341 1605 5
1605 4895 1
4895 1995 1
1995 1162 1
1162 5123 1
5123 468 1
468 2576 2
2576 6927 1
6927 8678 1
3961 697 1
697 4574 1
4574 6384 1
9189 4813 1
4813 4789 1
4789 8518 2
8518 9787 4
7666 4640 7
4640 6503 1
2802 1532 3
1532 2576 2
3883 3637 1
3637 3505 2
3505 3787 1
7626 748 1
4789 6858 1
6858 9787 2
6687 9773 3
9773 2786 3
2786 3787 1
3641 3381 1
4789 5858 1
1560 7506 1
7506 1360 1
1360 1013 1
1013 9810 1
9810 4679 1
453 2024 1
2024 5167 1
5167 9787 1
9580 8978 1
8978 4407 1
4407 6519 1
6519 4234 1
4234 502 1
2056 8061 1
8061 3961 1
3787 468 1
468 3649 1
8197 502 1
9772 4859 1
4859 6924 1
6924 3358 1
8591 3961 1
3961 9787 2
840 4336 2
8683 9094 1
9787 9573 1
9573 5429 1
5429 1 2
9585 7059 1
7059 3391 1
3391 3222 1
3222 6242 1
6242 8683 1
9585 468 1
468 7941 1
7941 6872 1
6872 2121 1
2121 2966 2
2966 2576 2
8637 2592 1
2592 3252 1
3252 9787 3
8946 2576 1
2576 2326 1
2326 2584 1
2584 9787 1
7388 4477 1
4477 1037 1
9772 4407 1
993 2292 1
2592 6629 1
6629 2802 1
9787 4142 1
4142 8879 1
3761 2595 2
1826 9012 1
9012 4222 2
4222 8926 1
3550 4916 1
4916 4673 1
4673 3216 1
3216 1 1
2430 5608 1
7799 1459 1
1459 1709 2
1709 2018 1
1062 5818 1
5818 7540 1
1738 375 2
375 8678 1
9787 5821 1
5821 1062 1
1062 9459 1
9459 9036 1
9036 794 1
794 3684 3
3684 9787 1
5171 2232 1
2232 8576 1
1394 8678 1
7569 1057 1
1057 4788 1
8136 7900 1
3683 3467 1
3467 2802 1
2802 794 1
3684 4090 1
4090 6866 1
6866 1738 1
1738 1471 1
1471 8606 1
8606 2121 1
4790 9540 1
9540 2552 1
2552 3252 1
3252 494 1
3727 4714 2
4788 2695 3
2695 2845 1
1919 9110 1
9110 532 1
7799 3293 1
3293 154 1
154 939 1
939 6789 1
6789 6445 1
6445 5892 1
5892 9787 1
375 2576 1
2576 426 1
426 8591 1
8591 5497 5
5497 9741 1
9741 502 1
782 2024 1
2024 6445 2
7540 5892 1
5892 2430 1
3761 1073 1
3787 8502 1
8502 3600 1
3600 6374 1
9590 970 1
970 4104 1
4104 4926 1
4926 6062 1
6062 1667 1
2576 718 1
3409 8683 1
8683 4142 1
4142 7799 2
7799 2592 1
2592 1037 1
1037 6954 2
6954 1459 1
1709 1062 1
3859 6789 1
621 4317 1
695 3684 1
3684 9012 1
9012 7222 1
7222 8576 1
3383 8637 1
8637 4790 1
2722 7540 1
7918 4788 7
4788 6789 1
3639 2576 2
993 7877 1
7877 3562 1
1667 5519 1
5519 4210 1
968 5497 1
5497 4926 1
4926 9787 1
6728 566 1
566 9561 1
9561 6445 1
4086 8209 1
8209 502 1
9773 6728 1
6728 8242 1
8242 8929 1
8929 718 1
3409 9787 1
3787 2592 2
2592 8216 1
8216 9517 1
2674 9024 1
4235 1701 1
9787 7072 3
4788 7331 3
5171 8979 3
8979 7641 1
7641 7540 4
4090 8835 2
8835 494 2
4090 7260 2
7260 4940 1
7049 4407 2
4407 4395 1
4090 2673 1
2673 1701 1
1701 7302 1
5494 4439 1
4439 5789 1
4788 2488 1
2488 5497 1
8531 4448 3
4448 4966 1
4966 8576 1
2819 778 1
3247 5688 1
5688 4788 1
8031 4584 1
4584 502 1
502 7028 1
7028 4788 1
1740 9787 3
4233 9281 1
9281 2576 1
7852 5494 1
5494 1 1
6189 6092 1
6092 5103 1
5103 4940 1
1062 4902 2
2056 5596 1
3011 1062 6
1062 1073 1
9585 3833 1
3833 1062 1
9012 1062 2
1062 4748 1
4748 4407 1
8926 1826 1
1826 7715 1
6583 2592 1
2592 4234 1
4234 5497 1
5497 8670 2
8670 9787 1
7914 1581 1
1581 1 1
3727 7956 1
4790 1062 2
1394 1357 1
1357 4575 1
4575 5497 3
9585 404 1
404 8045 1
8045 3011 1
1037 9196 1
9196 9787 3
1062 4020 1
4020 7701 1
7701 6680 1
6680 502 1
3342 4552 1
4552 5819 4
5819 7291 1
7291 7223 1
9787 8959 1
3429 1020 1
4317 4142 1
4142 2592 1
3787 5876 1
5876 7030 1
4790 689 2
5497 2811 1
2811 9772 1
9772 3600 4
1326 8045 1
9787 1224 1
1224 5497 1
782 4790 3
6576 8557 1
8557 2809 1
2809 9250 1
9250 9589 1
6687 524 2
524 2108 1
2108 5137 1
4090 565 3
565 1694 1
1694 6456 1
6456 9787 1
9787 8557 2
8557 7222 1
7222 4190 1
4190 494 4
494 8765 1
8765 1062 1
1333 1738 1
9585 6583 1
6583 4407 1
1037 311 1
311 9213 1
9213 9787 1
9787 3501 1
3501 2265 1
2265 5497 1
7945 1869 1
1869 2332 1
2332 6713 1
6713 2576 1
2576 2320 2
2320 6246 1
6246 5481 1
3011 6687 1
6687 2843 2
2843 5481 1
5481 1394 1
6687 4086 2
4086 8334 1
8334 5481 1
5481 1566 1
7073 4788 4
7151 8683 1
502 9739 1
9739 502 1
502 8711 2
8711 2576 2
9585 4336 2
4233 6063 1
6063 4902 1
4902 7540 1
9772 386 3
386 961 1
961 4090 2
4090 6673 5
6673 2041 1
2041 8702 1
5779 6834 1
618 2018 2
4090 4457 1
4457 8576 1
1367 2576 1
4090 9123 1
9123 502 1
1583 5596 1
482 4438 1
4438 4737 1
8582 8867 1
8867 2576 1
482 1738 2
8350 3985 2
3985 8678 1
5769 3761 1
5533 8582 1
8582 370 2
370 2576 1
8926 482 1
5481 2024 1
2024 3030 1
3030 3787 1
9585 6480 1
6480 951 1
951 5769 1
5769 9415 1
8683 4788 6
8926 5497 1
3581 8637 2
4788 4840 6
4840 6247 1
6247 2576 1
9414 4414 1
4414 750 1
750 6834 1
6834 8873 1
3761 641 1
6181 4492 1
4492 4840 1
4840 621 1
621 4250 2
4250 2819 1
7116 5481 1
5481 1701 2
1701 4350 1
4350 4840 1
4840 5817 1
5817 7073 1
3342 4336 1
4336 2502 1
2502 4142 4
4142 4020 1
4020 4788 2
4788 337 1
218 6669 1
6669 2802 1
1667 2501 1
2501 4272 1
4272 2576 1
8270 4788 4
502 480 1
480 502 2
502 3410 2
3410 1 1
6186 4076 1
4076 8249 1
8249 1918 1
1918 8873 1
386 3787 1
4788 6296 1
6296 7852 1
7852 9773 1
9773 8248 1
8248 1791 1
9261 2576 4
4788 9064 1
9064 7300 1
5481 6436 2
6436 3856 1
3856 778 1
4790 1 4
8268 4350 2
4350 4790 3
4790 9417 3
9417 6221 1
6221 8063 1
8063 3695 1
3695 213 1
1698 2576 2
5940 2121 2
9772 1761 1
1761 6067 3
6067 1 1
2430 1594 1
1594 4790 2
5497 1683 3
4790 8082 1
8082 4936 1
4936 2576 1
4790 2062 1
2062 8637 1
8702 8741 3
9587 8557 1
8557 2802 2
218 6593 1
6593 2024 1
4317 524 1
524 5481 1
4790 2350 1
2350 482 1
482 5497 4
5497 8381 1
2056 2502 1
5171 2802 1
9787 7268 1
7268 3636 1
3636 2576 1
2695 2802 1
4790 2821 1
3861 4790 1
4790 4389 1
4090 2407 1
2407 6858 1
6858 9507 1
9507 1600 1
1600 9773 1
9773 1694 1
1694 9585 1
2802 1062 10
1062 6629 1
6629 7889 1
7889 4142 1
3503 7701 1
9084 1640 1
1640 4788 5
4788 7701 2
9084 4788 1
4788 1577 5
8847 2501 5
2501 1 3
6870 6334 1
6334 8521 1
8521 8557 1
3787 7340 1
7340 2501 1
2501 794 1
3684 9585 1
4373 7949 1
7949 4788 1
1651 8392 2
3727 6645 1
6645 9585 1
692 3761 2
3761 748 2
494 8070 1
8070 6284 1
9418 4902 1
4902 7286 1
9585 7949 2
7949 3787 1
1659 6359 1
6359 7300 1
7300 4463 1
4463 8065 1
8065 9772 1
9772 1659 2
1659 732 1
732 6862 1
6862 3787 1
8050 5535 1
5535 3787 3
1919 368 1
368 2576 1
8031 2403 1
9787 6057 2
6057 4253 1
4253 8674 1
8674 502 1
1826 3679 1
4701 2086 1
2086 1960 1
1960 9772 1
9772 5822 1
9787 8408 1
8408 7252 1
9585 495 1
8685 1016 1
9038 8683 1
7900 1016 1
4699 8276 1
762 9787 2
7540 8980 2
8980 8881 1
4392 4336 2
4336 1037 2
1156 1269 1
2558 6789 1
6789 4317 1
4317 1580 1
1580 1022 1
1022 820 1
820 9711 1
421 3683 1
3683 1694 1
1694 2576 1
8264 9585 2
2558 1 1
7073 4402 1
2552 3654 1
3654 1709 1
1709 4966 1
4966 4788 3
2552 1566 1
556 3649 1
8197 7588 1
7588 2014 1
2014 7588 1
7588 4789 1
7588 1818 1
494 4439 1
4439 4199 1
4199 502 1
8746 502 1
3154 9489 2
9489 1734 1
9587 4468 1
4468 7540 1
7540 3695 2
3695 9666 2
9666 5497 1
3581 8576 1
8576 4463 2
1394 7732 1
7732 9024 1
9772 621 3
3391 7540 6
5943 8741 1
3880 1 1
4233 7222 1
7222 2576 2
2576 7978 1
968 1062 2
6520 695 1
695 7540 1
2843 6134 1
6134 1037 1
1037 442 4
442 2121 3
2121 7497 1
3440 122 1
122 7540 1
7540 8333 1
8333 124 1
124 5765 1
5765 2488 1
2488 3787 1
5980 7451 1
7451 1 1
1 8334 1
8334 117 1
117 3654 1
3654 7581 1
7581 7540 1
3695 1459 2
1459 880 1
880 720 1
5765 5497 1
5497 1738 1
1738 7438 2
7438 2802 1
3852 2453 1
2453 3695 1
9666 2576 1
2576 2413 1
2819 1941 3
7540 3649 1
8197 5355 1
7388 1818 1
494 4030 1
4030 8637 1
495 9038 1
9038 1577 1
9787 6001 1
1062 4190 1
494 451 1
451 4790 1
9417 753 1
753 1062 1
1651 3654 1
3654 495 1
495 2388 1
2388 7497 1
7497 2992 1
2992 9585 1
9585 2413 1
2413 2838 1
2838 9666 1
9666 2686 1
594 2086 1
2086 1831 1
1831 1941 1
9585 9666 2
9666 1020 1
1020 4790 1
4790 4224 1
4224 8576 1
5497 2039 4
2039 3695 1
3695 117 1
117 2576 1
8969 2413 2
2413 3016 1
3016 9787 1
7388 7540 1
6134 2576 1
993 1738 1
2633 7496 1
1240 5695 1
2802 420 2
420 5242 1
7925 4752 1
4752 4789 1
4789 9711 1
9711 3345 2
3530 9787 1
4076 4921 2
4921 6797 1
6797 5596 1
3562 3278 1
3278 5819 1
3787 8988 2
3597 8591 1
8697 9376 1
6254 7224 1
8398 4940 1
4940 3600 1
3600 5027 1
5027 7106 1
7106 6111 1
6111 1240 1
502 7082 1
7082 3562 1
3562 624 1
624 6583 1
9585 6785 2
6785 5497 1
8171 4090 2
4090 3666 1
3666 938 1
938 9772 1
4069 2086 1
2086 2626 2
2626 502 2
9345 1282 1
1282 8221 1
8221 9787 1
494 9417 1
9417 8271 1
4789 4407 1
4407 596 1
596 6161 1
6161 317 1
317 5007 1
9772 3937 3
3937 3787 1
5024 5488 1
5488 5300 1
5300 6633 1
6633 1323 1
1323 3787 1
3097 9555 1
7023 974 1
974 4790 1
4790 411 1
411 3200 1
2576 1034 3
1034 9417 1
9417 1746 1
1738 1597 1
1597 3507 1
3507 4069 1
4069 2121 1
2121 2086 1
2626 820 1
820 6633 1
6633 4407 2
4407 4387 1
7694 2809 1
7053 2819 1
8702 974 1
974 5824 1
5824 7540 1
7388 2637 1
2637 2626 1
4788 8419 1
8419 3505 1
3505 8400 1
2121 2626 1
2626 1918 1
1918 2802 2
2802 1918 2
1918 8231 1
8231 8576 1
8392 4607 1
4607 5731 1
5731 2802 1
4789 8879 1
502 201 1
201 7666 1
7666 6050 2
6050 974 1
974 5371 1
5371 1323 1
1323 2576 1
3200 1 2
1 3973 2
3973 6954 1
420 2500 1
2500 8873 1
8873 6633 1
6633 8683 1
8683 4701 2
2595 3505 3
3505 5911 1
7497 7666 1
7666 3787 1
3787 2626 1
2626 6551 1
6551 2576 1
2576 3610 1
3610 1240 1
1240 1281 1
1281 4701 1
2595 974 1
974 2595 1
2595 7711 1
7711 1037 1
4911 8174 1
3440 5741 1
5741 7219 1
7219 2576 1
9417 5049 1
3550 4464 1
4464 3507 1
3507 442 1
442 154 1
154 2576 1
2576 6688 1
6688 2052 1
2052 9012 1
7540 5872 1
5872 6252 1
1738 1667 1
1667 6384 1
9520 3787 1
4790 4584 1
4584 764 1
764 2292 1
2292 4790 1
4790 954 1
954 8031 1
8031 994 1
2576 5981 2
5981 2121 1
4790 7320 1
7320 3562 1
2576 3505 2
3505 490 1
490 9085 1
9085 4407 1
4407 301 1
301 8741 1
9585 5280 2
5280 4791 1
4791 494 5
386 3507 1
3507 8969 1
8969 1746 2
1738 9711 1
3530 4069 1
5300 3683 1
3683 1667 1
1667 9059 1
9059 2121 1
4790 4840 3
4840 6584 1
6584 6394 1
6394 502 3
502 5804 1
5804 5300 1
7666 6892 1
6892 4385 1
4385 502 2
3505 9787 4
9024 495 1
495 1 1
1919 4737 1
4737 9442 1
9442 9784 1
9784 1399 1
1399 1634 1
1634 5570 1
5570 4210 1
968 5300 2
5300 9711 1
9711 974 1
974 8962 1
8962 2819 1
4790 9005 1
9005 9787 3
9787 4768 1
4768 495 1
495 5497 1
2700 9182 1
9182 3683 2
3683 1414 2
1414 7540 2
7540 1667 3
1667 4788 2
8350 8979 1
8979 9585 2
8069 5184 1
5184 2430 1
4788 6084 1
6084 9787 3
9787 6630 1
3796 2576 1
1594 2552 2
2552 3011 1
3011 5822 1
5822 9666 1
4790 4324 1
4324 2309 1
2309 2854 1
2854 494 1
494 1984 1
1984 9721 1
9721 2576 2
2287 594 1
594 9787 2
621 7744 1
7744 2062 1
2062 8278 1
2576 5182 2
5182 1328 1
1328 1586 1
4892 3787 1
9772 495 1
495 6583 1
6583 8626 1
968 5449 1
5449 2576 3
494 7197 3
7197 6111 1
6111 1734 1
4788 3256 1
3256 1706 1
1706 8576 1
8576 2488 2
2488 1633 1
1633 9784 1
9784 748 1
4788 8149 6
414 8894 1
9585 1610 1
1610 2686 2
2686 8787 2
8787 954 1
954 8685 1
8685 6024 1
6024 2093 1
2093 1651 2
9666 9212 1
9212 4790 1
4790 2389 1
7918 495 1
2576 414 2
414 7900 1
482 4552 2
4552 6453 1
6453 7452 1
1589 2056 1
3787 8392 1
8392 9666 1
9666 4737 1
4737 7914 1
7914 386 1
386 6394 1
502 9563 1
9563 9787 1
9787 4859 2
4859 8873 6
8873 495 1
495 4463 1
9271 1317 1
1317 2576 1
8197 4788 1
4790 5355 1
4069 8637 1
502 184 3
4574 4407 2
9580 6057 1
6057 4732 1
4732 4139 1
4139 7540 1
3154 495 1
495 6794 1
6794 7701 2
7559 2121 2
2413 1317 1
1317 9557 1
9557 147 1
147 8104 1
9530 4317 1
3641 4788 2
4788 6376 1
6376 4198 1
4198 7976 1
7976 2812 1
371 4497 1
4497 9585 1
4788 6977 2
6977 2121 1
4317 1659 3
1659 5300 2
8626 750 1
9587 6693 1
6693 1408 1
1408 9517 1
7694 4788 5
3503 961 3
961 8537 1
8537 7540 1
9773 1408 1
1408 8702 1
8702 9696 1
9696 8873 1
6870 859 1
859 8317 1
1408 1970 1
1970 4940 1
4940 9008 1
9008 756 1
756 7106 1
7106 5261 1
5261 1545 1
1545 6252 1
6252 4716 1
4716 1240 1
9555 7497 1
7497 9666 1
9666 6698 1
2576 3954 1
3954 9012 1
502 5406 1
5406 8429 1
8429 3787 1
3787 3507 1
3507 7763 1
7763 4464 1
4464 3505 1
3505 494 3
494 7220 2
7220 4407 1
3578 442 1
6026 762 1
8658 9666 1
9666 154 1
154 8626 1
968 547 1
3200 7976 1
7976 1062 1
1062 7976 1
7695 8576 1
4090 9119 2
1667 4090 1
8337 7302 2
7302 8741 1
7949 6186 1
6186 8576 1
9787 8317 2
8317 8414 2
8414 6436 1
6436 4701 2
4701 9012 1
9012 917 1
917 4463 4
9787 2734 4
2734 2030 2
9241 3787 1
4090 6634 1
3581 494 1
494 7639 1
7639 8582 1
8582 9008 1
9008 8637 1
9787 4390 1
4868 4940 3
4940 917 1
4790 224 1
224 9564 1
9564 9566 1
9566 7053 1
1773 9012 1
6756 7773 1
1667 1738 1
8069 8630 2
8630 8576 1
2819 5910 1
5910 404 1
404 8278 1
2517 5497 1
968 1839 1
3342 7496 1
4090 384 1
5245 974 1
974 881 1
881 720 1
720 3622 1
3622 1600 1
1600 6819 1
6633 3679 1
494 2248 2
9585 956 1
956 1639 1
1639 2024 1
4090 6401 1
6401 9787 1
3383 9593 1
9593 8415 2
8415 9118 1
7407 4389 2
4090 5743 2
5743 340 2
2802 1826 6
1326 3898 2
3898 8582 2
8582 7052 1
7052 6680 1
6680 1651 1
8350 715 1
715 2244 1
2244 502 1
502 1995 1
1995 4324 1
4324 4734 1
4734 9585 2
9585 3649 2
8197 3856 1
3856 1020 1
7540 1316 1
1316 1328 1
1328 502 3
8774 2576 2
2576 154 2
4790 5170 1
5170 9787 1
4789 5001 1
9773 2121 1
4463 8408 1
8408 878 1
878 502 1
6456 3649 1
8197 8683 1
8683 5888 1
5888 155 1
8136 2341 1
2341 482 1
482 7666 2
7666 1892 1
1892 3787 1
2576 9773 5
9773 9009 1
9009 367 1
367 8969 1
482 2600 1
2600 8278 1
7540 1618 1
7539 9787 1
4076 6692 1
6692 5882 1
5882 547 1
993 3898 1
3898 1597 1
1597 8805 1
8805 6442 1
6442 782 1
782 2802 1
1252 4790 1
4790 3381 4
3381 8749 1
2576 3368 1
3368 1 1
2430 2819 2
3679 6135 1
6135 9038 1
9038 5123 2
5123 2261 1
2261 3381 1
3381 495 1
495 9787 1
8974 4940 2
4940 7904 3
7904 8576 1
2819 1009 1
1009 4788 1
4788 1760 1
1760 2576 1
2576 978 1
978 7267 1
7267 2802 1
9787 3734 1
3734 1037 1
371 7689 1
7689 2576 1
3911 4030 1
4030 5900 1
5900 8633 1
2062 5743 1
3342 6954 1
2802 375 1
375 3787 1
3787 4926 1
4926 1701 1
4737 1 2
6133 442 1
480 2576 1
6583 7211 1
3410 5481 1
9787 7687 2
7687 4940 2
4940 4337 2
4337 5833 1
5833 2819 1
7851 9773 1
6796 68 1
68 4407 1
3683 5133 1
5133 8879 1
2795 4940 1
8413 8873 1
9787 4915 1
4915 3429 1
3429 3787 1
3642 1979 1
1979 2430 1
2430 2595 1
2595 9197 1
9197 3683 1
3683 1204 1
1204 884 1
884 1414 1
9517 4069 5
4069 621 1
3391 7552 1
9555 4940 1
9773 3197 1
3197 6288 1
351 1566 4
2812 1062 1
1420 5770 1
5770 8702 3
4090 9717 3
9717 4389 1
6052 1414 1
4090 2497 1
2497 8576 1
8576 6684 1
6684 502 1
9261 9787 1
2056 9209 1
141 7540 1
7540 218 1
4640 2576 6
1532 1738 1
4788 4574 1
4574 7638 2
7638 7540 2
9787 351 1
322 1062 1
1062 1726 1
2041 7956 1
8894 4840 1
4840 1694 1
1694 6436 1
6436 9397 2
9397 8557 1
1062 1818 3
494 2413 1
2413 8576 1
4090 804 1
804 1831 1
1831 9787 2
8050 6275 1
6275 2819 2
7053 8637 1
8637 8277 1
8277 5481 1
1062 9395 1
9395 2595 1
2595 480 2
480 9587 1
494 5131 2
5131 7715 1
8702 1694 1
1694 6519 1
6519 2024 1
7053 5735 1
5735 2604 1
2604 4463 3
4463 524 1
524 7976 1
7976 2992 1
1420 4918 2
5172 7799 1
5146 2576 2
7042 1037 1
2555 9213 1
9213 2819 1
9414 874 1
8894 9585 1
782 9113 1
9113 3253 1
3253 3683 1
8805 3787 1
218 3899 1
3899 3022 1
3022 8254 1
8254 4819 1
4819 8582 1
8582 6356 2
6356 4090 1
8337 6189 1
6189 8649 1
1701 5130 2
5130 7851 2
2576 1269 2
1269 502 3
4317 9196 1
9196 3391 1
2819 5481 1
5481 8278 1
8278 3638 2
1597 762 1
7569 7747 3
7747 3652 1
3652 3761 1
3761 5683 2
5683 8683 2
3787 9661 2
9661 7769 1
7769 9324 2
2576 6256 1
4840 867 1
867 6964 1
2021 7540 2
7540 1058 2
1058 1659 2
1701 8953 1
9787 3492 1
3341 7540 3
7540 7977 1
7977 7645 1
7645 2891 1
2891 2576 2
7160 4664 1
4664 4336 1
734 9773 1
9773 349 1
349 3011 1
3857 6482 1
6482 2121 1
2121 9016 5
9016 9787 2
9787 226 2
1960 8873 3
9787 5032 1
5032 9787 1
9580 7042 1
9585 4868 1
4940 580 1
580 1 1
1701 7046 1
7046 8741 2
9585 1204 1
1204 2595 1
2595 375 1
375 3761 1
7407 5497 1
7148 9585 1
2093 3787 2
5481 986 1
986 9414 2
3600 4739 1
4739 7914 1
7914 8651 1
8651 2576 1
2576 1967 1
1967 8678 1
8678 3358 1
3358 1651 3
8591 9593 1
8576 9285 1
9285 2576 1
2576 7660 1
7660 6789 1
6789 1610 1
8498 3679 1
482 7799 6
7799 6687 3
4790 9585 2
4790 6840 1
6840 8576 1
4790 6859 1
6859 8069 1
2576 4187 2
4187 4857 1
4857 8568 1
8568 5497 1
7701 7569 1
7569 6685 1
940 3761 1
968 7903 1
7903 4575 1
4575 7388 1
7388 9599 1
9681 1889 1
1889 3600 1
3600 1738 3
1738 5924 1
5924 3638 2
3638 2576 2
4789 4439 1
4439 1 1
7540 7292 1
7292 6628 1
6628 3253 1
3253 2576 1
6961 502 1
1659 2819 1
8702 4438 1
3074 3761 2
3761 5147 1
5147 7701 1
7701 8245 1
8245 480 1
480 7540 1
6062 1560 1
3410 2576 2
2576 9376 3
1667 533 1
533 5481 1
480 6468 1
6468 4788 1
1667 6538 1
6538 7610 1
7610 8295 1
8295 624 1
624 2579 1
2579 2576 1
2576 7238 1
7238 7666 1
7666 8999 1
8999 6186 1
6186 3761 3
3761 5081 1
5081 3264 1
3264 502 5
2576 6023 2
6023 4233 1
4233 9587 1
9587 4932 1
4932 2576 1
2576 4862 1
4862 9158 1
9158 3787 3
5393 1737 1
1737 8591 1
782 1872 1
1872 8702 1
8702 1738 2
2121 7224 1
7224 7626 1
7626 1032 1
3216 5153 1
5153 3761 1
3761 8731 1
8731 8674 2
453 621 1
621 361 1
361 3644 1
3644 8216 1
8216 8674 1
8674 9773 1
4090 4001 2
4001 4373 1
2007 2496 1
2496 2121 1
2730 3391 1
3391 2931 1
2931 3480 1
3480 6384 1
621 5824 1
5824 3846 1
3846 5537 1
5537 782 1
782 537 1
537 8828 1
8828 3364 1
3364 3342 1
3342 3327 1
7388 4402 1
2709 2292 1
2292 494 1
2024 4222 1
4222 2430 1
2430 3787 1
3787 8867 1
8867 2024 1
2024 4102 1
4102 6279 1
6279 371 1
371 329 1
329 3600 1
3600 6146 2
6146 7355 1
7355 502 1
1037 8392 2
8392 1061 1
1061 5537 1
5537 7388 1
7388 6585 1
6585 371 1
371 3777 1
3777 3050 1
3050 4789 1
4789 8317 2
8317 2595 1
2595 9622 1
9622 7630 1
7630 2576 1
2576 3846 1
4789 4082 1
4082 700 1
700 4090 1
8702 528 1
528 4407 1
1577 538 1
538 8867 1
8867 7021 1
7021 2819 1
453 5494 1
9773 7021 1
7021 5479 1
5479 8458 1
8458 1 1
1 1732 1
1732 9622 1
9622 5918 1
5918 1516 1
5481 2708 1
2708 3679 1
7305 7867 1
7867 7340 1
782 1667 1
3154 7684 1
7684 5596 1
5596 8965 1
8965 3924 1
3924 421 1
421 6071 1
6071 1839 1
2633 1414 1
8582 8674 2
8674 4790 1
4790 7957 1
7957 5171 1
5171 5139 1
5139 1577 1
1577 7540 2
7540 4204 1
4204 1516 1
1516 7320 1
7320 3501 1
3501 4081 1
4081 2021 1
2021 7132 1
7132 3787 1
782 5916 1
5916 8434 1
8434 1126 1
1126 492 1
492 8658 1
3154 7057 1
4463 8343 1
8343 1667 1
1667 8827 1
8827 2985 1
2985 725 1
725 3846 1
782 921 1
921 4694 1
4694 99 1
99 5300 1
3761 700 1
700 1037 1
371 4983 1
4983 6335 1
6335 530 1
4789 8658 1
7132 420 1
420 2602 1
2602 3787 1
3787 4836 1
4836 3342 1
3342 1581 1
1581 3787 2
2576 8881 1
9772 3345 1
3345 6634 1
6634 820 1
820 3154 1
3154 7928 1
7928 9711 1
9711 1860 1
2576 421 1
421 1037 1
9772 701 1
701 8576 1
8576 5139 1
5139 9585 1
3679 2812 1
2812 5372 1
5372 9711 1
9711 2430 1
2430 5679 1
5679 3482 1
626 5338 1
5338 9530 1
7388 4788 2
4788 6576 1
6576 2802 1
7666 7612 1
7612 6910 1
6910 6685 1
6685 324 1
324 3342 1
2576 9448 1
9448 2708 1
2708 951 1
951 7540 2
8582 626 1
626 6577 1
6577 2338 1
2338 2576 1
2576 2709 1
2709 7440 1
7440 7948 1
9585 7514 1
7514 1074 1
6451 5044 1
5044 4138 1
4138 1887 1
1887 7513 1
5687 502 2
7945 1001 1
9772 626 1
626 928 1
928 9080 1
9080 8123 1
8123 2576 1
2576 4028 1
4028 1659 1
1659 6458 1
6458 9410 1
9410 5269 1
5269 6963 1
6963 6436 1
6436 9813 1
9813 8122 1
8122 7626 1
4222 5672 1
5672 3483 1
3483 1973 1
1973 1 1
3761 4895 2
4895 8999 1
8999 5649 1
5649 2686 1
2686 517 1
517 5817 1
4790 7513 1
2576 6485 1
6485 7701 1
4575 2175 1
2175 1 1
8741 6575 1
4840 1375 1
3787 170 1
170 6985 1
6985 7388 1
3761 4662 1
4662 2822 1
2822 8709 1
8709 3340 1
3340 6141 1
5272 5379 1
5379 502 1
502 3189 1
8139 6700 1
6700 4940 1
4788 5497 16
2777 4210 4
3471 4891 1
9587 9286 1
7701 6672 1
6672 2406 1
2406 3761 1
3761 6862 1
6862 5497 1
9497 9773 1
9773 6672 1
6672 4739 1
4739 5241 1
5241 3154 1
3154 7011 1
7011 5679 1
1673 8576 1
2802 6897 1
218 9585 1
3679 3391 1
8798 7134 1
7134 7540 1
4788 3040 1
3040 369 1
369 2686 1
2686 3115 1
3115 2430 1
2430 4752 2
7388 4840 1
4840 7405 1
7405 4336 1
4402 9585 1
482 9075 1
9075 1360 1
1360 2686 1
2686 9261 1
9261 4701 1
7918 3761 2
3761 4773 1
4773 8582 1
8582 4709 1
4709 5900 1
5900 3154 1
482 5774 1
5774 7701 1
7701 4388 2
4388 5143 1
5143 2430 1
2430 6859 1
6859 2709 1
7053 538 1
538 386 1
386 5481 3
3641 7227 1
7227 2845 1
2845 9608 1
9608 3787 1
3787 1913 1
1913 556 1
556 6252 1
6252 977 1
977 3787 1
5481 1648 1
1648 9589 1
9589 8719 1
3761 695 1
2576 4833 1
4833 8719 1
8719 4407 1
7956 4388 1
2496 2430 1
2430 3011 1
3011 8719 1
8719 658 1
658 8031 1
8031 3846 1
1408 7034 1
7034 1839 1
1839 1373 1
1373 8439 1
8439 8965 1
8965 8702 1
9585 9189 3
9189 6566 1
6566 3787 1
3787 3233 1
3233 626 1
626 9530 1
7388 9459 1
6915 8873 1
3761 8582 2
4575 502 3
502 3334 1
3334 4726 1
4726 3761 1
6394 3327 1
3787 5391 2
5391 502 1
8636 3410 1
1667 6618 1
2802 8674 1
8674 7053 1
2851 8400 1
8400 1659 1
1659 1560 1
1560 8827 1
2576 3402 1
3639 288 1
288 502 2
7838 9587 1
9587 6378 1
6378 4463 2
7666 6641 1
6641 5241 1
5241 2822 1
2822 9703 1
9703 2686 2
2686 5481 1
5481 6789 1
3639 3761 2
8576 337 1
3761 8069 3
9795 7956 3
7095 413 1
413 2576 2
2576 7979 3
7979 4407 2
7134 4373 1
4373 7559 1
7559 8465 1
8465 4373 1
4373 9517 1
9517 5937 1
5937 2842 1
2842 8408 1
8408 940 1
940 2812 1
453 7956 2
7095 259 1
259 1958 1
1958 1701 2
1701 4068 1
4068 5497 1
3581 8582 1
8582 2781 1
2781 7569 1
7569 6286 1
6286 4407 1
4336 231 1
231 1958 1
482 1394 3
1394 9540 1
9540 482 6
482 5517 4
5517 9773 1
6796 8827 1
8827 2819 1
8702 4044 1
4044 4438 1
3761 4980 1
4980 5481 1
3590 3787 1
4910 4788 1
5494 8591 1
5497 6780 1
6780 8658 1
8658 2267 1
2267 8797 1
8797 8275 1
8275 4415 1
4415 502 4
6575 377 1
377 4463 1
8702 6662 2
1408 5797 1
7701 2292 2
3761 1659 1
2576 4438 4
4438 9397 1
9397 6252 1
6252 3829 1
3829 4414 1
5460 8538 1
8538 1734 1
9415 1734 1
4235 8987 1
8987 1566 1
9787 6359 2
6359 9397 1
9397 155 2
155 3144 1
3144 2018 1
2018 9773 1
9773 8702 1
3617 3059 1
3059 2576 1
2576 3732 1
3732 2708 1
6758 9459 1
4438 621 1
7388 4908 1
4908 2731 1
2731 502 1
4086 5946 1
5946 5300 1
3761 8007 1
8007 1106 1
1106 502 1
502 8572 1
8572 3734 1
3734 5173 1
4925 2709 1
7053 700 1
700 538 1
538 4679 1
4679 7635 1
7635 1437 1
1437 1328 1
1328 8873 1
8873 4749 3
4749 6451 1
6451 9362 1
9362 7948 1
7948 951 1
9585 4679 1
3593 2576 1
782 9042 1
9042 6641 1
6641 9703 1
5481 483 1
483 1839 1
1839 5123 1
5123 5269 1
5269 2686 1
2056 2496 1
2496 7869 1
7869 6685 1
6685 5740 1
5740 2093 1
5481 3846 1
3761 7235 1
7235 4102 1
4102 1037 3
1037 9222 1
9222 2489 1
3761 3485 1
8231 1375 1
4609 502 1
502 6852 1
6852 9111 1
9111 3358 1
3358 4790 2
4790 7694 3
7694 2686 1
2686 9791 1
9791 7946 1
7946 1701 1
1701 1220 1
1220 502 1
502 5945 1
5945 8741 1
9585 2489 3
2489 8191 1
8191 2819 1
7900 494 3
7540 7361 1
7361 9787 1
5172 4068 1
6356 4287 1
4287 532 1
532 8741 1
8741 4605 1
4605 9585 2
2489 7914 1
9006 3666 1
3666 2576 2
482 9535 1
9535 7882 1
7882 7031 1
3846 8190 1
8190 8582 1
8582 4320 1
4320 3674 1
3674 4095 1
4095 7628 1
7628 1701 1
1701 4584 1
4584 3683 1
3683 764 1
9585 3664 1
3664 2086 1
2086 8511 1
8511 4331 1
4331 9806 1
9806 2576 1
1217 6319 1
6319 5908 2
5908 9585 2
2489 494 1
3727 9806 1
9806 8027 1
8027 3602 1
3602 1352 1
1352 9773 1
1774 6286 2
840 6892 1
6892 4789 2
4789 8626 1
2694 7945 2
7945 3383 1
2843 3523 1
3523 3566 1
3566 9805 1
9805 8027 1
8027 4713 1
4713 3479 1
3479 3761 1
3761 2469 1
2469 1773 1
1773 695 1
695 5200 1
5200 2489 1
2489 1701 1
1701 8531 1
8531 4790 3
4790 4758 1
4758 6834 1
6834 2576 1
4790 1076 1
1076 2595 1
2595 1382 1
1382 7053 1
7053 2686 1
1597 502 2
6758 4438 1
7948 2298 1
2298 7841 1
3734 5241 1
5241 968 1
968 2595 1
4788 8795 1
8795 1149 1
1149 9459 1
9459 8372 1
8372 2733 1
2733 8550 1
8550 502 1
940 1717 1
1717 9301 1
9301 2430 1
2430 5241 1
7540 3593 1
3593 7666 1
7666 9324 2
9324 2794 1
2794 1328 1
2121 2622 1
2622 218 1
7010 6146 1
6146 7992 1
7992 2576 1
7388 785 1
785 4840 1
4840 8731 1
8731 172 1
172 8279 1
8279 1806 1
968 6110 3
5241 2795 1
691 1738 1
3761 1889 1
1889 5683 1
5683 4790 1
4790 856 1
856 2576 1
7896 7231 1
7231 4086 1
5481 2430 1
1037 8361 1
8361 2576 1
8658 351 1
2843 968 1
494 7437 1
4402 2121 1
2730 7073 3
7073 2931 1
2931 3479 1
3479 6110 1
5930 6451 1
6451 4012 1
4012 5170 1
5170 3404 1
2430 502 2
8658 1597 2
9489 785 1
785 3787 1
218 1366 1
1366 3734 1
3734 8576 1
4749 9362 2
9362 8939 1
8939 7405 1
1037 4679 1
4679 9773 1
4679 7941 1
3761 9490 1
9490 2819 1
4790 2225 1
2225 8031 1
8031 3761 1
3761 2552 2
9585 9250 1
9250 993 1
993 4044 1
4044 1 1
6189 7211 1
7211 1328 1
1328 537 1
537 4940 2
4790 8988 1
3597 9587 2
6467 2576 2
5481 4713 1
9251 4182 1
3898 6984 1
6984 9515 1
9515 5494 1
8658 5348 1
4235 9530 1
9530 6805 1
6805 9681 1
9681 621 2
621 9628 1
502 1606 4
1606 4993 1
4993 4086 1
4086 3136 1
3136 4940 1
4940 4900 1
4900 218 1
6789 3787 1
615 6445 1
1368 9021 1
9021 480 1
480 963 1
3154 8185 1
6394 2595 1
2595 2950 1
2950 1667 1
1667 8873 1
494 3937 2
3937 6634 1
6634 1328 1
1328 2802 1
2576 5813 1
5813 9798 1
9798 2819 1
1326 1366 1
1366 480 1
480 5361 1
5361 8790 1
8790 155 1
8136 6902 1
6902 7860 1
7860 3154 1
3154 5170 2
5170 1423 1
1423 8557 1
3787 790 1
790 9787 1
8926 1597 1
1597 1698 1
1698 4697 2
502 8281 1
8281 7540 2
1774 6548 1
6548 9629 1
9629 5497 1
9773 8790 1
8790 7540 2
7540 988 1
988 826 1
4790 7854 1
7854 2576 2
2576 3975 1
9787 8530 4
7701 6834 1
6834 9517 1
2819 7407 1
4790 1378 2
1378 2121 1
9787 2686 1
2686 5497 3
3581 2121 1
2121 1701 4
9012 5534 1
5534 9515 1
6133 6983 1
6983 3880 1
3880 9587 1
9587 9038 2
7851 2595 1
4407 1698 1
1698 9773 1
9773 9189 1
9012 1746 1
218 480 2
480 4748 1
4748 9787 2
4790 4076 1
4076 9103 1
9103 9587 1
9787 8213 1
8213 4790 1
4790 2093 1
2093 6282 1
6282 9585 1
4402 9441 1
9441 4090 1
3578 2121 1
1378 8637 1
8637 7540 7
8045 4790 3
9417 9012 1
9012 6954 1
6954 994 1
994 502 1
9515 4407 1
9787 2364 1
2364 6892 1
494 4215 1
4215 9787 1
7956 5819 1
5819 4373 1
4373 3440 1
3440 4373 1
4373 8045 1
8045 8873 2
1062 9355 2
9355 968 1
6789 4234 1
4234 1580 1
1580 547 1
480 8591 1
8591 1062 3
1062 853 1
2576 1747 1
1747 5497 1
8683 5497 2
3581 8045 1
8045 6177 1
6177 524 1
524 7897 1
7897 4790 1
4790 8576 3
7694 9156 1
9156 4790 1
9515 9787 1
6583 1495 2
1495 5497 1
4086 5393 1
3136 3641 1
3641 9530 2
2686 1683 2
3761 1640 3
1640 9181 1
9181 3300 1
3300 2799 1
2576 3197 2
3197 4551 1
4551 4790 1
4790 9517 1
9517 5584 1
5584 5170 1
5170 3975 1
480 4407 1
4789 695 1
695 2812 1
9585 8045 2
8045 4916 2
2576 4808 1
4808 3214 1
3214 4752 1
1326 6177 1
6177 7897 1
7897 3761 1
3761 6252 2
3727 9012 1
9012 7305 2
7305 4790 1
4790 3300 1
3300 8576 1
2819 2802 2
494 4989 1
4989 4940 1
4790 9459 2
3638 1560 1
2576 5356 1
5356 9530 1
7388 1037 1
3216 494 1
8244 3761 1
1738 5393 2
3137 8271 1
8271 8591 1
1560 9496 1
9496 2576 2
184 4701 1
2595 1698 1
1698 2752 1
1399 7730 1
7730 2686 1
2686 1577 2
1577 371 2
371 101 1
101 4788 1
7713 1 1
1 5474 1
5474 1408 2
1408 5855 1
5855 8334 1
8334 6091 1
6091 2650 1
2650 850 1
9696 2391 1
2391 7787 1
7787 9659 1
9659 348 1
348 2576 1
2576 7165 1
7165 7787 1
7787 5997 1
5997 447 1
447 2359 1
2359 502 1
502 4305 1
4305 7571 1
7571 1827 1
1827 7030 1
7030 1845 1
1845 4788 1
4788 3144 1
3144 951 1
951 4701 1
4701 7571 1
9353 4788 1
4788 4331 1
7498 1732 1
1732 5466 1
5466 2595 1
2595 7788 1
7788 470 1
470 7540 1
7540 1358 1
1358 3560 1
6971 3209 1
8741 8873 3
8873 4464 2
4464 1698 3
1698 2695 1
2695 384 1
384 2391 1
2391 1858 1
1858 3620 3
3620 5170 1
5170 2771 1
2771 9012 1
9012 3667 1
3667 3787 1
7666 563 1
563 1919 1
1919 1698 2
4697 6252 1
6252 8380 1
2056 7475 1
7475 4575 1
4575 2819 2
5282 2812 1
621 1399 1
5596 8779 1
8779 5787 1
5787 3761 1
1918 6436 2
9772 4226 1
2056 4541 1
1698 4090 1
2694 8994 2
8994 494 1
494 2547 2
2547 1918 1
1918 2637 1
1128 8873 1
1062 4300 1
4300 7540 2
7540 3599 2
3599 4012 2
4012 4859 1
4859 5474 1
5474 1698 1
1698 8873 1
371 3695 1
3695 8280 1
8280 2576 1
2576 8193 1
8193 7666 1
7666 5497 2
5497 4334 1
4334 8576 1
8576 2637 1
2637 6988 1
6988 9787 2
9787 6741 1
6741 6077 1
6077 1734 1
1734 5175 1
5175 713 1
713 2865 2
2865 7540 1
7540 2570 1
2570 2802 1
8100 4788 3
4645 8534 1
8534 4090 1
8702 713 1
2865 4407 1
4407 8577 4
2576 9760 1
9760 9787 1
6359 6275 1
6275 4090 3
4090 2397 1
2397 4902 1
4902 1807 3
1807 502 2
1326 7599 1
7599 7666 1
7666 8680 1
8680 3787 1
9787 1771 3
1771 2301 1
2301 3787 1
4701 4438 1
4438 1806 1
1806 9520 1
9520 7900 4
7900 2576 3
8050 9171 1
9171 3011 1
3011 1020 1
8790 9012 1
9012 2121 1
2121 1443 2
1443 1062 1
2121 1062 4
1062 5584 1
5584 2576 2
2576 6858 6
6858 9587 1
5978 1189 1
1189 2595 2
144 8683 1
8683 2576 1
5172 2694 1
8994 1821 1
1821 1062 1
9585 4727 1
4727 1734 1
7701 3020 1
3020 4300 1
4300 1 1
6189 1472 1
1472 9066 1
9066 748 1
1062 930 1
3683 2786 1
2786 1 1
1062 3633 1
1468 5137 1
5137 2501 1
1095 695 1
3358 8460 1
9787 6454 1
8557 9012 1
7540 4153 1
4153 8741 1
3880 6843 1
6843 8768 1
8768 2686 1
2686 9414 3
9414 7799 3
7799 5900 1
5900 814 1
814 4940 1
4940 8235 1
8235 3962 1
3962 1037 1
1037 2073 2
2073 2501 1
2501 4940 1
4940 3495 1
3495 1738 1
1738 386 1
386 4432 1
4432 9787 1
5911 8623 6
8623 3787 1
1568 8274 1
8274 7012 1
2576 7111 1
7111 4790 1
1395 5596 1
5596 4847 1
4847 2369 1
2369 3787 1
9772 1820 1
1820 5497 1
1 2708 3
9663 502 1
502 632 1
632 9787 1
9787 418 1
418 5497 1
7540 9517 2
9517 6342 1
6342 7374 1
4142 7952 1
9787 230 1
230 1651 1
1651 3683 3
3683 2592 1
9414 3011 1
549 1057 1
634 7285 1
7285 351 1
4575 7942 1
6181 7559 1
7559 6529 1
6529 2802 1
2802 7534 1
7534 2576 1
6654 1738 2
867 9160 1
9160 7705 1
7072 4701 1
4701 4142 2
9585 3599 1
4012 7407 1
7407 9212 2
9212 3787 1
9787 5154 1
5154 7540 1
8045 4210 1
2595 3892 2
3892 9161 1
9161 7951 1
7951 3683 1
3683 6844 1
6844 7710 1
7710 9012 1
4789 5156 1
5156 3936 1
3936 8059 1
8059 820 1
820 3683 1
3683 1826 1
9787 5943 1
5943 968 1
2430 6983 1
5584 2640 1
9787 1155 1
1155 1992 3
1992 4611 3
4611 5386 4
5386 2576 5
818 5497 1
5497 1443 4
1443 6095 1
6095 3787 1
3787 8334 3
8334 2996 1
2996 3381 1
3381 2802 5
2802 9359 3
9359 7053 1
9012 7072 1
8530 2121 2
2121 9414 1
9414 9038 1
9038 4090 1
4090 1786 1
1786 2175 1
2175 8626 1
4090 5196 1
5196 4373 1
3503 55 1
55 2552 1
9585 8324 1
8324 7799 1
7799 3695 1
3695 9516 1
563 2812 1
2812 3761 2
482 6398 1
6398 9397 1
9397 5227 1
5227 502 1
502 1982 1
1982 9585 1
1941 3787 3
8535 4445 1
4090 6892 1
3060 5497 1
2843 8226 1
8226 1062 1
1062 5497 4
6394 7031 1
7031 5280 1
5280 9787 1
9787 8185 1
8185 6436 1
6436 1297 1
1297 3800 1
3800 4407 1
4407 6821 1
6821 3503 1
8688 5256 1
5256 3330 1
3330 2585 1
2585 3787 4
3787 8525 13
8525 8753 1
8753 7463 1
7463 6436 1
6436 7945 2
7945 7031 1
7031 5497 1
5497 9497 2
9497 3596 1
3596 2576 1
2576 9340 1
9340 6411 1
6411 1734 1
1734 7155 1
7155 1340 1
1340 502 1
502 8360 1
8360 2709 1
7053 9573 1
9573 6969 1
6969 3332 3
3332 4701 1
4090 5009 2
5009 4373 1
4373 4940 1
4940 2843 1
2843 9326 1
9326 8798 1
8798 3154 1
3154 7843 1
7843 6093 1
6093 4811 1
4811 1 1
8460 9520 1
9520 2621 1
2621 2320 1
2320 9787 2
968 2694 1
2694 384 1
384 3554 1
3554 6305 1
6305 9787 1
9787 6393 1
6393 3355 1
3355 4940 2
4940 7213 1
7213 5231 1
5231 2576 1
5687 372 1
372 6871 1
6871 3931 1
3931 7498 1
7498 3727 1
951 1774 1
1774 9415 2
9415 6367 1
6367 454 1
3247 2376 1
2376 8149 1
9787 3857 1
3857 5715 1
5715 2595 1
2595 2093 1
2093 3381 1
3381 3936 1
3936 4585 1
8263 9094 1
9094 8577 1
8577 6843 1
6843 4090 1
502 2262 1
2262 5963 1
5963 4407 1
5875 3911 1
7948 4090 2
2585 7540 2
7540 9190 1
9190 7463 1
7463 3650 2
3650 784 1
784 3787 1
968 3704 1
3704 1 1
7540 669 2
669 6733 1
6733 8936 1
8936 4463 1
8576 8055 1
8055 5811 1
5811 5474 1
5474 4463 1
1161 8637 1
8637 618 2
618 5687 1
2093 502 1
4630 8582 1
8582 8681 1
8681 6281 1
6281 3695 1
3695 4788 1
8681 6575 1
8639 2846 1
2846 8810 1
8810 8948 1
8948 6299 1
6299 1360 1
1360 7073 1
1062 9540 1
5517 524 1
524 9692 1
9692 4090 1
3787 9397 2
9397 4086 1
4086 4630 2
4630 1868 1
1868 9414 2
7701 8268 1
8268 1774 1
1774 7383 1
7383 2576 1
2576 9388 1
9388 8712 1
8712 5474 1
5474 7197 1
7197 1734 1
9787 4791 2
9415 9414 1
4090 2400 2
2400 3245 1
3245 8265 1
8265 4379 1
4379 9787 1
7540 577 1
577 1249 1
1249 502 1
502 166 1
166 5201 1
5201 3076 1
3076 9787 1
4472 1459 1
1459 9787 3
9587 4472 1
4472 3016 1
2595 6149 1
371 2401 1
2401 9271 1
9271 3154 1
8637 1818 1
1818 8646 1
8646 6987 1
6987 951 1
951 4356 1
4356 2576 1
2576 7038 1
7038 7626 1
7626 6427 1
6427 9787 1
9787 7569 1
7569 243 1
243 4575 1
986 3727 2
3727 9228 1
7701 3852 1
3013 9196 1
9196 502 1
3675 7626 1
7626 3727 2
3727 6160 1
2576 949 1
949 8582 2
4575 2843 1
4788 6160 2
6160 1738 1
6052 3727 1
3727 5055 1
5055 8873 3
9517 339 1
339 7744 1
7744 2699 1
2699 2576 3
875 1037 1
4788 8946 1
8946 4407 1
4407 3675 1
3675 4788 1
4090 5055 1
5055 3013 1
3013 9787 1
9787 9069 2
9069 8591 1
8591 2150 1
2150 1037 1
1037 1158 1
1158 9787 1
9787 4114 1
4114 2576 1
2576 146 3
146 2775 2
2775 3683 1
7744 9196 1
9196 3911 1
3911 502 1
502 4302 1
4302 3646 1
3646 8139 2
8139 7540 1
4788 7260 1
7260 2062 1
9587 8045 1
8045 8543 1
8543 524 1
524 146 1
2775 7744 1
7744 840 1
840 5474 1
5474 9585 1
1062 675 2
675 2501 1
2501 5398 1
5398 5300 1
3761 2812 2
2812 556 3
556 8834 1
4373 6436 6
6436 9520 7
9520 2552 1
1062 4373 5
778 2576 1
4090 6066 1
6066 1062 1
1062 1698 3
1698 9787 1
9787 5594 1
5594 7701 1
2691 7559 1
7559 2018 1
8637 8404 1
8404 8678 1
8678 8069 1
8069 2401 1
2401 4407 1
3683 9197 1
9197 4090 1
4090 1818 5
1818 8161 1
8161 1577 1
1577 7559 5
7559 3482 1
3482 8384 1
8384 9520 1
2621 7701 1
7701 5594 1
5594 1062 1
1062 2812 1
2812 4402 1
4904 2595 1
4090 7209 1
7209 90 1
90 1062 3
5532 5686 1
5686 8741 4
2576 7626 1
588 9414 1
8369 4463 1
5532 8574 1
8574 3683 1
3683 7454 1
7454 2843 1
2056 8834 3
8834 3727 1
494 8574 1
8574 7073 1
1062 4185 1
4185 1459 1
1459 6782 1
6782 1738 1
9580 8731 1
8731 8712 2
8712 3695 1
9787 5021 1
5021 1062 1
1062 9773 1
9773 8574 1
8574 8576 1
9585 5436 1
5436 2802 3
1062 1765 1
1765 5497 1
2251 9787 2
494 1346 2
1346 1701 1
1701 1190 1
1190 1360 1
1360 6436 1
9772 2483 1
2483 1566 1
2812 6114 1
6114 4788 4
4788 6557 4
6557 4701 1
8702 5474 1
5474 3899 1
3899 4350 1
4350 2576 1
4090 9720 4
9720 7197 1
9720 3683 1
3683 6301 1
6301 8333 1
8333 8547 1
8547 1346 1
1346 428 1
428 8875 1
8875 154 1
154 8557 1
3074 6937 1
6937 8374 1
8374 8933 1
8933 2028 1
2028 1981 1
1981 9571 1
9571 817 1
817 7659 1
7659 4788 1
2501 2070 1
2070 2576 1
9088 4909 1
4909 2253 1
2253 8547 1
8547 2802 1
968 7848 1
7848 502 1
502 44 17
44 2576 4
5001 1046 1
1046 8547 1
8547 5842 1
5842 1346 1
1346 4184 1
4184 6609 1
6609 7701 1
8683 8667 1
8667 2576 3
2576 5956 1
5956 4003 1
4003 8626 1
7569 7682 1
7682 6296 1
6296 3499 1
3499 7374 2
7374 9792 1
9792 9420 1
2576 4110 2
4110 4407 1
2056 4041 1
4041 1346 1
1346 9787 9
9787 3633 1
1468 6956 1
6956 6187 1
6187 9772 1
9772 7374 1
7374 2253 1
2253 1346 1
1346 430 1
430 2576 1
8637 2501 2
2501 4739 1
7559 4335 2
4335 5908 1
5908 4293 1
4293 2576 1
4110 4392 1
4392 3392 1
3392 1516 1
1516 3683 1
3683 5956 1
5956 2576 1
2576 3051 1
3051 1657 1
1657 2883 1
2883 6427 1
6427 9517 1
9517 6388 1
6388 9408 1
9408 7626 3
7626 4697 1
3436 9240 1
9240 243 1
243 2092 1
2092 396 1
396 146 1
146 3683 1
7744 2775 1
2775 730 1
730 2576 1
2802 1768 1
621 8469 1
8469 9115 1
9115 9787 1
1738 4249 1
4249 2107 1
4630 6914 1
6914 7874 1
7874 3787 1
5481 4940 5
4940 7498 1
7498 6297 1
6297 1701 1
1701 6256 2
6256 568 1
568 8187 1
8187 2802 1
2802 4090 1
4090 6512 1
6512 1346 1
8685 4940 1
4940 1960 4
1960 4788 1
4788 5766 1
5766 3761 1
3761 6049 1
6049 4788 1
9231 4407 1
4086 6050 2
6050 4918 2
2819 4404 2
3727 4883 1
4883 4788 1
4788 1433 1
1433 951 2
8946 6513 1
6513 4788 1
4788 8667 1
8667 8678 1
4788 4210 1
4210 5945 1
5945 3761 1
3761 2679 2
1471 6436 1
6436 2552 3
4788 1346 1
1346 2576 15
6858 8149 1
8149 3761 1
3761 2843 1
3856 7540 1
4790 4623 1
4623 4788 1
3761 1818 9
1818 2969 1
4788 524 2
7631 2686 1
2686 3632 1
3632 2686 1
2686 524 1
524 1234 1
1234 2686 1
3911 6042 1
6042 429 1
429 4788 1
4788 9227 2
4090 9295 1
9295 1 1
1 8685 1
8685 2846 1
2846 8667 1
8667 1740 1
3247 2595 6
1818 6617 1
6617 4788 3
2121 4478 2
1178 4788 1
6522 3761 1
8182 4904 1
4904 8798 1
8798 1 1
3761 1757 1
1757 1178 1
1178 2715 1
2715 1346 1
1346 2121 3
4478 1701 1
1701 8400 1
820 3695 1
9517 6617 1
8264 4090 1
4090 6523 2
6523 3358 1
3358 524 1
7631 8741 1
5687 1346 1
1346 5170 1
5170 9772 1
5171 4442 1
4442 8626 1
968 8326 1
8326 8337 1
8337 9590 1
9590 5171 1
5171 3703 1
3703 4788 1
6252 4402 1
2576 2851 1
2851 8958 1
8958 5577 1
5577 3787 4
4086 9255 1
9255 2121 1
2121 1346 1
1346 8873 4
7559 7917 1
7917 9590 1
9590 494 1
1960 1640 1
1640 5596 1
632 4788 1
7799 6119 1
6119 277 1
277 9787 2
9787 1961 1
1961 1062 1
1062 2030 1
2030 4407 1
986 7799 2
4090 1062 3
1062 4701 4
4701 6663 1
6663 2772 1
8582 1450 1
1450 9271 1
9271 4350 1
4350 1593 1
1593 4090 1
4701 2021 1
3209 1062 1
1062 9517 1
3154 6895 1
6895 3388 1
3388 8667 1
2576 6244 1
6244 8936 1
8936 4336 1
4090 8873 1
4701 7454 1
7454 2576 1
2576 1686 1
1686 4513 1
4513 5853 1
5853 8574 1
8574 1740 1
1740 8321 1
8321 2276 1
2276 1452 1
1452 7904 1
7904 6152 1
6152 9585 1
7799 277 2
277 3727 1
1062 5912 1
5912 8268 1
8268 8321 1
8321 6756 1
6756 7520 1
7520 9787 1
494 595 2
595 2819 1
2819 7976 2
7976 8729 1
8729 4632 1
4632 1346 4
1346 8518 1
8518 8321 1
8321 2121 1
2121 7498 8
2576 3190 2
3190 4789 1
4789 5778 1
5778 5025 1
5025 2056 1
9787 8574 1
8574 524 1
2093 1062 1
1062 7800 1
7800 8069 1
8069 5019 1
5019 1740 1
1740 4788 2
4788 277 1
9787 5842 1
5842 1886 1
1886 3787 1
7053 3761 3
1701 4464 1
4464 4920 1
4920 1577 1
7559 1346 1
1346 2823 1
2823 4804 1
4804 2819 1
1394 1566 2
1566 1918 1
1918 3683 11
9772 8515 1
695 5300 3
3641 2536 1
2536 6834 1
618 1886 1
1886 3422 1
3422 8547 1
8547 3422 1
3422 2576 1
2576 3588 1
3588 47 1
47 1259 1
1259 502 1
502 524 4
524 1399 1
1399 4336 1
4336 9585 1
3581 371 1
371 7834 1
7834 6513 1
6513 1062 1
2121 5842 1
5842 2902 1
2902 568 1
568 1062 1
5497 7559 2
7559 7872 1
7872 7361 1
7361 1399 1
1399 9665 1
9665 2686 1
2686 7731 1
7731 9772 1
1037 5984 1
5984 1426 1
1426 277 1
277 4791 1
4791 6385 1
6385 9787 1
9787 8183 1
8183 2406 1
2406 6098 1
6098 3683 1
3683 859 1
859 2576 4
1577 2789 1
2789 4790 1
3105 6252 1
6252 3787 1
621 6878 1
6878 3683 1
3683 1408 2
1408 1566 3
1566 1698 1
7701 4513 1
4513 502 1
502 7787 1
7787 470 1
470 2576 1
2576 152 1
152 7827 1
7827 2624 1
2624 3392 1
3392 621 1
621 6296 1
6296 8402 1
8402 9792 1
9792 8626 1
3578 2253 1
2253 3124 1
3124 9336 1
9336 8321 1
8321 5449 1
5449 1672 1
8350 8407 1
8407 2576 2
2576 9591 1
9591 9585 1
1701 4758 1
4758 8006 2
8006 7540 1
4701 8392 6
2041 1 1
5171 7043 3
7043 2694 1
2694 3787 1
5481 8582 1
8582 4901 1
4901 2576 1
5171 1429 2
1429 4630 1
4630 1886 1
1886 5686 1
2819 5300 1
3761 9228 1
9228 1346 1
1346 8576 3
3761 8320 1
8320 9231 1
9231 9338 1
9338 2802 1
2802 7464 3
7464 4788 1
8685 4632 1
4632 1037 1
6050 8846 1
8846 6281 1
6281 9585 1
9585 2005 1
2005 9229 1
9229 1734 1
3727 6117 1
6117 8702 1
8702 7976 1
7976 3154 1
3154 4701 1
4701 3391 2
3391 2597 1
4940 1383 1
1383 1433 1
1433 6284 1
6284 4788 3
4515 3011 1
3011 7540 1
4790 4589 1
4589 2819 1
9772 5685 1
5685 1230 1
4788 7570 1
7570 8678 1
2021 1394 1
4790 4831 1
4701 3039 1
3039 5682 1
5682 3285 1
3285 6384 1
621 4788 3
4788 3890 1
4090 7548 1
7548 502 1
6641 1738 1
4090 6041 2
6041 7755 1
7755 3761 1
1701 3842 1
3842 8321 1
8321 3122 1
3122 8667 2
6583 7029 1
7029 4788 1
4788 6617 1
6617 5972 1
5972 1589 1
1589 4790 1
4790 2715 1
2715 3761 1
7701 7755 2
7755 5819 1
4788 3761 5
6523 4788 5
3383 9772 2
8994 8576 3
993 7077 1
7077 2576 1
8337 9593 2
1826 1346 1
1346 502 9
5172 3138 1
3138 3787 1
3787 3124 5
3124 2576 40
494 5170 3
5170 4090 2
4090 945 4
945 1776 1
1776 4259 1
4259 4569 1
4569 1651 1
1651 3562 1
4788 3122 2
3122 578 2
578 9338 1
9338 3124 1
3124 1672 1
4790 5171 4
5171 1922 1
1922 3562 1
6928 4788 3
4788 2482 1
2482 9585 1
9585 6301 1
6301 1346 1
6925 1346 1
1346 278 1
278 494 1
386 6259 1
6259 8873 1
8873 3124 4
3124 4788 3
5001 5170 1
5170 4788 2
494 1472 3
1472 6446 1
6446 1346 1
1346 2802 2
7666 4901 2
4901 4407 1
4788 7631 6
7631 8958 1
8958 1673 1
8392 1738 1
5819 3124 2
3863 4090 1
1062 277 1
277 6520 1
6520 5769 1
5769 1809 1
1809 6704 1
6704 3787 1
3787 3030 4
3030 6308 2
6308 3133 1
3133 1062 1
1062 8582 2
8582 2956 1
2956 7453 1
7453 9772 1
8702 6078 1
6078 3761 1
621 7267 1
715 9585 1
9585 7447 1
7447 4090 2
4090 1346 2
1346 8745 1
4090 5549 1
5549 502 1
4090 7447 1
7447 3124 1
3124 8369 1
8369 3358 1
3358 2637 1
9772 1957 1
1957 2576 1
2576 9392 1
9392 3859 1
3859 977 1
977 2618 1
2618 2819 1
3679 386 1
8994 2595 1
2576 641 2
641 7540 1
3154 8314 1
8314 8578 1
8578 3683 3
3683 1623 1
1623 3761 1
1818 323 1
323 8469 1
8469 2121 1
3761 8557 1
3761 7887 2
7887 351 7
351 2021 1
2021 2501 1
2501 1738 2
1738 4949 1
4949 2576 1
6592 1594 1
1594 2056 1
9787 524 4
524 7498 1
7498 1346 3
2501 1037 1
1037 1918 1
1918 1346 1
1346 5606 1
5606 3124 1
3124 7498 1
5171 9773 1
9773 4574 2
4574 6110 1
8741 956 1
956 5054 1
5054 1346 1
2802 3124 5
3124 7917 1
7917 7498 1
7498 8042 1
8042 3761 1
3761 9773 1
494 5465 1
5465 4300 1
8591 6384 1
621 4248 1
4248 9587 1
9587 2809 1
2809 9593 1
2576 5436 1
1919 9592 1
9592 1761 1
1761 8681 1
8681 9787 2
993 9286 1
9585 3318 1
3318 6582 1
6582 3761 2
5481 494 1
4090 3124 1
3124 4090 5
1346 1 2
6872 5491 1
5491 2576 3
4909 4714 1
4714 9772 1
9772 5023 1
5023 6436 1
7701 3935 1
3935 4373 1
7918 3787 4
9585 5995 2
5995 4790 1
4790 5493 1
5493 9772 1
502 5687 5
5687 7945 3
7945 7569 1
7569 9414 4
9414 8576 2
2819 6349 1
6349 3390 1
3390 8302 1
4300 2018 1
8946 9587 1
3890 3124 1
2576 1346 40
1346 8678 1
8392 4402 1
4402 6892 1
2694 5819 1
5819 9772 1
9772 8255 1
8255 8198 1
8198 502 1
4086 7732 2
7732 3644 1
3644 2576 1
2576 8246 1
8246 7302 1
1701 494 7
482 8069 4
3390 1 1
9772 815 1
815 9787 1
9787 1266 1
1266 4940 1
5224 5497 1
9419 8741 1
9517 2819 3
3859 5381 1
5381 2018 1
9417 7540 1
4790 9018 1
9018 3124 1
1346 3881 1
3881 3761 1
3761 3674 1
3674 885 1
885 4790 1
4790 2061 1
2061 494 2
7044 6960 1
6960 3761 1
8319 5481 1
2576 7874 2
7874 1659 1
1659 750 1
9587 5494 1
5494 5947 1
5947 1736 1
7626 8873 1
4790 9791 2
9791 3562 1
6928 5693 1
5693 9006 1
4090 8880 1
8880 3358 1
3358 1701 2
7666 2253 1
2253 9401 1
840 4790 1
3635 7073 1
7073 8337 1
8337 139 1
4142 6692 1
6692 3787 1
9779 4790 1
4790 8084 1
8084 7540 3
691 1648 1
3856 6319 1
6319 8310 6
8310 2825 1
2825 7204 1
7204 1 1
9787 1161 3
494 7300 1
7300 4790 1
4790 7903 1
7903 2786 1
2786 7666 1
2093 3683 2
3683 7732 1
7732 1575 1
9012 4506 1
4506 502 1
502 5417 1
5417 1485 1
1485 3653 1
3653 9713 1
1326 3562 1
6928 7447 1
7447 2576 2
1037 9088 1
9088 2121 1
2730 9787 1
9787 5224 1
3683 3495 2
3495 7449 1
7449 415 1
415 2685 1
2685 5224 1
5224 7407 1
7407 8683 1
8683 7280 1
7280 1037 2
4086 2699 1
2699 8278 1
6099 7540 1
7540 1991 2
1991 500 1
500 8873 1
3154 2695 2
2695 9270 1
9270 2517 1
2517 3787 2
8163 9555 1
4376 4851 1
4851 5224 1
9517 4103 1
4103 1566 1
1566 3209 1
8741 2121 2
4790 9565 1
9565 3020 1
3020 1805 1
1805 8576 1
9585 7280 1
2576 7263 1
7263 7540 1
4788 4918 3
4918 3391 3
3391 4509 1
4509 9662 1
9662 1820 1
1566 4086 1
4086 4142 1
494 6767 1
6767 9559 1
9559 8850 1
8850 3638 3
3638 9420 1
5215 5241 1
5241 2802 1
8527 3011 1
3011 782 1
782 8337 1
8337 6452 1
6452 5001 1
5001 8969 1
8969 5817 1
5817 5494 1
3639 2490 1
2490 5481 1
7407 8278 1
4851 9331 1
9331 4737 1
4714 5497 1
7444 2890 1
2890 7053 1
4439 5241 1
5241 3875 1
3875 3787 1
3787 5306 1
5306 8947 1
8947 4086 1
2576 4457 1
4457 5596 1
5596 3040 1
3040 9787 1
1701 1173 1
1173 4840 1
5537 4407 1
494 5300 2
8626 7781 1
7781 1172 1
1172 1 1
1 2685 1
2685 4147 1
4147 2752 1
2752 9555 1
9555 1399 2
1399 1 1
6189 4464 1
4790 6109 1
2802 1737 1
1737 6110 1
6758 1597 3
5171 3666 3
3666 236 2
236 2576 2
4300 2802 1
5481 246 1
246 5706 1
5706 3787 1
3937 5057 1
1701 5596 1
5596 6332 1
6332 5693 1
5693 453 1
4142 6275 1
7407 5494 1
5494 8702 1
8702 4439 1
4439 3011 1
3617 1 1
1659 4998 1
4998 6602 1
6602 7666 1
502 310 1
310 3600 3
3600 1225 1
1225 9787 2
9787 1346 1
1346 4632 6
4632 5583 1
5583 9787 1
9787 2833 1
2833 6496 1
6496 2843 3
2691 8252 1
8252 3859 1
3859 9213 1
9213 9587 1
494 6994 1
6994 155 1
1033 5958 1
5958 8577 1
1659 5497 1
5497 7147 1
7147 9413 1
9413 3846 1
3846 9772 1
9772 885 3
885 9787 4
4289 1193 1
1193 5744 1
5744 5453 1
5453 1639 4
1639 3787 1
3787 7706 1
7706 1659 2
494 6495 1
6495 6387 1
6387 3612 1
3612 8576 1
7036 8873 1
2059 5494 1
3639 8170 1
1445 9585 1
4737 4093 1
4093 2802 1
632 4076 1
4076 8050 1
8050 8838 1
8838 4102 1
4102 6172 1
6172 2576 1
2576 7900 1
7900 5547 1
5547 4727 1
4727 7782 1
7782 1785 1
1785 1032 1
1032 3787 1
3787 1440 1
1440 3571 1
3571 2382 1
2382 1 1
5497 3368 1
3368 1667 1
1667 6689 1
6689 2530 1
2530 8771 1
8771 3679 1
494 6329 1
6329 4090 1
4090 7623 1
7623 7540 1
7540 120 1
120 1738 1
9580 7821 1
7821 5581 1
5581 1346 1
2576 3124 7
3124 5080 2
5080 6275 3
6275 4890 1
4890 4086 1
4086 9632 1
9632 1567 1
1567 4866 1
4866 8591 1
8591 8184 1
8184 6145 1
6145 8873 1
2695 8127 1
8127 3533 1
3533 1 1
1701 3779 1
3779 1 1
1 4248 1
9585 8126 1
8126 1734 1
1734 8857 1
8857 1427 1
1427 5878 1
5878 3778 1
3778 502 1
502 3779 1
3779 8857 2
8857 977 1
977 2169 1
2169 5259 1
7160 1919 9
1919 4367 1
4367 8254 1
8254 9061 1
9061 8140 1
8140 9517 1
9517 3209 1
8741 3011 1
3011 8216 1
8216 9648 1
9648 8502 1
8502 3778 1
3778 9434 1
9434 5596 1
7917 4798 1
4798 3369 1
3369 8576 1
4788 5989 1
5989 6862 1
6862 2792 1
2792 5547 1
9773 6356 1
6356 1346 1
9585 2325 1
2325 3683 1
3683 6145 2
4407 3124 3
4090 1788 1
1788 4788 1
4788 9772 4
9772 840 1
9787 5866 4
9585 7133 1
7133 502 1
502 7217 1
7217 7559 1
7701 9012 1
9012 1818 1
494 9041 1
9041 1062 2
3787 4354 1
4354 6342 1
6342 502 1
7273 3779 1
8857 4090 1
4090 8946 3
8946 3358 3
7631 8216 1
8216 3787 1
4235 7559 1
7559 3761 1
9721 5359 4
5359 8576 1
2819 4701 2
3550 1941 1
3562 4464 1
4464 1232 1
1232 3381 1
3381 812 1
812 3222 1
3222 8302 1
8302 1 1
6189 5171 1
3011 1346 1
1346 4962 1
3961 9587 1
9787 8690 1
8690 977 1
977 502 2
502 1544 4
1544 2064 1
2064 2804 1
2804 3445 1
3445 6652 1
6652 152 1
152 7931 1
7931 4209 1
4209 1432 1
1432 3683 1
3683 1958 1
9787 5749 1
5749 9217 1
9217 8578 1
9787 4706 1
4706 3787 1
7626 1 3
7008 9045 1
9045 4940 1
4940 8403 1
8403 9787 1
1062 4331 2
4331 7405 1
3761 5131 1
5131 2819 1
8346 4788 2
578 6523 1
3761 1673 1
4090 2224 2
9324 1738 2
5819 1443 1
4918 1581 1
1581 2121 1
3761 993 1
5822 538 1
538 3283 1
3283 4679 1
4679 7640 1
1443 3761 3
3639 3787 1
7320 6445 1
6445 5927 1
5927 4940 1
4790 8278 1
8777 9553 3
7666 7769 1
9324 1 1
1 9489 1
632 5684 1
5684 7782 1
625 7540 2
7540 1785 1
1785 1513 1
3691 3124 1
3124 565 1
565 3761 1
4464 8400 1
3787 523 6
523 5819 1
5819 5581 2
5581 4090 2
4090 5331 1
5331 2802 1
2802 9414 1
9414 1 1
7559 748 1
7540 1346 8
1346 9038 1
4436 8061 1
5497 2159 1
2159 8873 1
1701 6092 2
6092 9787 1
3856 8216 2
9632 1738 1
1738 1602 1
1602 9489 2
8591 1577 1
1577 2695 1
2695 1734 1
7661 6145 1
6145 9787 1
9038 7540 1
7540 523 1
523 1651 1
8582 476 1
476 2843 1
2843 7180 1
7180 8683 1
8683 7948 1
7948 1581 1
4090 2809 3
7701 2565 1
2565 3787 1
8369 5497 1
5497 7999 3
7999 625 1
625 2179 2
2179 8576 1
9585 859 1
859 4126 1
4126 8317 1
8317 1970 1
1970 9611 1
2809 7719 1
7719 7616 1
3691 4864 1
4864 621 1
4766 3787 1
5892 3216 1
8683 700 1
3787 3294 1
3294 4925 1
4925 2812 1
2812 7823 1
7823 1785 1
1785 7917 1
1667 267 1
267 5043 1
5043 4940 1
4940 625 1
625 7666 1
7666 624 1
2576 607 1
607 2430 1
2430 7104 1
7104 1563 1
1563 466 1
466 389 1
389 1513 1
1513 7332 1
7332 538 1
538 7229 1
7229 7992 1
7992 4407 1
930 8760 1
8760 7616 1
7616 1919 1
1919 3691 1
3691 2576 3
7104 767 1
767 4670 1
4670 1526 1
1526 3787 1
5684 8582 1
8582 857 1
4090 8011 1
8011 2709 1
7053 7540 1
3144 5278 1
5278 9517 1
9517 1738 1
1738 1499 1
1499 8678 1
4090 4793 2
4793 6818 1
6818 7666 1
7666 5460 4
5460 2435 1
2435 1667 1
782 4395 1
4395 3761 1
4090 8765 1
8765 3691 1
2576 4864 1
4864 1037 1
8576 9160 2
9160 9585 1
3761 977 1
977 2694 1
2694 825 3
825 7663 2
7663 695 1
9773 1667 1
2576 7669 1
7669 7540 1
7540 1853 2
1853 4248 1
5497 9173 1
9173 9787 1
494 8400 3
523 7540 1
7540 5930 1
5930 2576 2
1738 8777 1
9250 4752 1
5930 4714 1
9787 4073 1
4073 2983 1
8139 1 1
9585 5643 1
5643 2121 1
9787 5282 1
5282 5902 1
5902 523 1
523 4788 1
5171 1761 5
1761 2802 2
7945 2576 1
9580 9787 1
9787 106 1
106 9787 1
9787 6049 2
6049 494 1
494 2274 1
2274 502 2
9632 4407 1
8576 9683 1
4415 9585 2
4908 8988 1
9587 6545 1
6545 5497 1
9773 9787 2
9787 6565 1
6565 3787 1
5215 5596 1
5596 5024 1
5024 4102 1
4102 1785 1
1785 9787 1
9787 4395 1
4090 234 2
234 8576 1
1868 8638 1
8638 1 1
1 856 1
856 4090 1
4090 2460 1
2460 9012 1
9012 5481 1
7781 2819 1
2819 6384 2
6384 9489 1
2802 1597 1
1597 857 1
857 4840 1
4840 9169 1
9169 2576 1
1701 8050 1
7072 4407 1
4407 5007 1
3937 8531 1
8531 856 1
856 2024 1
4090 1868 1
1868 1230 1
1230 9587 1
9587 6673 1
6673 2845 1
2845 961 1
961 7361 1
7361 9773 1
9773 4737 7
4714 5189 1
5189 993 1
993 3790 1
3790 3787 1
5481 269 1
269 856 1
856 3154 1
3550 4750 1
4750 9113 1
9113 9787 1
395 1701 1
8576 7357 1
7357 9585 1
7540 7979 4
7979 875 1
695 4142 1
8576 3322 2
3322 494 1
494 7308 1
7308 9787 1
1016 8683 1
523 1 1
1701 9069 1
2056 2465 1
2465 3501 1
3501 476 1
476 8082 1
8082 9069 1
9069 1 1
218 5822 1
5822 502 1
4749 4701 1
2595 9362 3
9362 4679 1
2056 7072 1
7072 1701 1
1701 4631 1
4631 7780 1
3761 4960 1
4960 5481 1
502 9056 2
9056 3597 1
8987 4788 1
4788 8270 3
8270 3787 1
3787 6376 1
6376 1659 1
2175 3124 2
3124 1762 1
1762 2595 1
7666 7554 3
7554 8334 1
8334 2391 1
2391 3045 1
3045 2905 1
6583 2585 1
502 3574 1
3574 5497 1
2121 5245 1
5245 3011 1
4790 4017 1
4017 9773 1
9773 2584 1
2584 4790 1
4790 7407 1
7407 2326 1
2326 1196 1
1196 4790 1
4790 8064 1
7918 8181 1
8181 5453 1
5453 2870 1
2870 1346 1
1346 7252 1
7252 7666 3
7554 1252 1
1252 5123 3
5123 9459 1
5264 5071 1
5071 88 1
88 2576 2
9573 4790 1
4790 1003 1
1003 502 1
2595 88 1
88 2485 1
2485 2549 1
2549 1800 1
1800 71 1
71 1618 1
1618 3712 1
3712 2595 1
2595 5233 1
5233 6924 1
6924 6969 2
3332 4463 2
4463 9340 1
9340 2819 1
2819 4062 1
4062 502 1
502 8584 1
8584 3600 1
3600 4909 1
4909 6691 1
6691 8581 1
8581 9566 1
9566 8685 1
8685 6691 1
6691 7951 1
7951 5457 1
5457 5497 1
2121 1053 4
1053 84 1
84 7540 1
7540 8996 1
8996 4463 1
4463 9350 1
9350 2576 1
2576 8253 1
8253 3787 1
4898 8842 1
8842 2576 1
2576 985 1
985 9339 1
9339 2773 1
2773 1099 1
1099 2062 1
2062 5497 1
7540 2774 1
2774 1408 1
1408 4636 1
2021 1800 1
1800 3712 1
3712 1346 1
1346 6924 1
6924 1919 1
1919 88 2
88 502 1
3154 9792 2
9792 2549 1
2549 2750 1
2750 9651 1
9651 8751 1
8751 2608 1
7626 1322 1
1322 2595 1
2595 8806 1
8806 1929 2
1929 8616 3
8616 502 1
502 3420 3
3420 2595 1
2595 1919 1
88 9796 1
9796 9585 1
7631 4432 1
4432 3674 1
1919 2700 1
4510 3523 1
3523 7156 1
7156 1721 1
1721 8588 1
8588 3562 1
5980 3487 1
3487 9625 1
9625 5214 1
5214 9094 1
9094 5147 1
5147 5596 1
5596 2517 1
2517 794 1
794 2787 1
2787 2576 1
2576 2562 1
2562 7479 1
7479 3355 1
4940 1952 1
1952 1360 1
1360 9116 1
9116 1639 1
1639 2190 1
2190 2576 1
2576 9487 1
9487 3986 1
3986 3787 2
2576 2090 1
2090 3677 1
3677 3036 1
557 2576 2
1580 3911 1
3911 2256 1
2256 7306 1
7306 9773 1
9773 88 2
88 1346 1
4632 621 1
371 9787 3
4442 4714 1
4714 7939 1
7939 3576 1
3576 7948 1
3013 524 1
524 1236 1
1236 5624 1
5624 3787 1
3787 8617 1
8617 5674 1
5674 4336 1
840 3124 1
3124 502 4
494 1619 1
1619 3787 1
5800 2819 3
8777 1659 6
1659 524 1
524 5254 1
5254 1236 1
1236 502 1
2056 6094 1
6094 1443 1
1443 3154 1
1020 3787 1
3787 6996 3
6996 3761 1
3761 3947 1
3947 5744 1
5744 2273 1
8591 2749 1
2749 5300 1
5300 2601 1
2601 4630 1
4630 8525 1
8525 5762 2
5762 2595 1
2595 3124 1
3124 7424 1
7424 2576 2
2576 8525 1
8525 3787 2
3787 104 3
104 2595 2
2595 7469 3
7469 2576 4
2576 1712 4
1712 9787 1
9787 3461 3
3461 277 1
277 8085 1
1037 3391 1
3391 482 2
482 2477 1
2477 1660 1
1660 4407 3
4407 6378 1
6378 2376 1
9585 7435 1
7435 4402 3
4090 8013 2
8013 502 1
502 8617 1
8617 2739 1
2739 8873 1
1577 7945 1
7945 6642 1
6642 6436 1
2819 3415 1
3415 3061 1
3061 9787 1
2024 7914 1
7914 3695 1
3695 9587 2
9587 7999 1
3787 8217 1
8217 3154 1
3154 1569 1
1569 502 1
502 1613 1
1613 3683 1
5224 2819 1
1941 8969 1
9787 4618 1
4618 155 1
1033 2443 1
2443 4445 1
6931 6039 1
6039 9589 1
9589 4408 1
4408 3727 1
3727 9419 1
9419 7715 2
7715 6583 1
3683 4617 1
4617 9787 1
7952 1346 1
1346 7300 1
5680 6687 1
6687 7469 1
1712 1740 1
3383 6465 1
6465 3787 1
8525 2576 4
755 4789 1
7463 7469 1
7469 1 1
6189 3124 1
3124 6520 2
6520 7199 1
7199 7463 1
7463 1712 1
1712 4407 1
2018 1712 1
1712 8582 1
8582 3692 1
3692 1632 1
1632 8678 1
8678 3683 1
3683 5474 1
1408 2576 11
2576 7713 1
7713 101 1
101 5769 1
494 5743 1
7463 4048 1
235 2502 1
2502 6716 1
6716 1949 1
1949 4402 1
5687 4090 1
4090 8143 2
8143 3209 1
8741 524 1
578 494 1
494 3145 1
3145 1 1
556 7569 1
7569 1356 1
1356 1712 1
1712 5300 1
2819 3356 1
6145 1269 1
104 9587 1
9587 5948 2
5948 5900 1
5900 3448 1
3448 6002 1
502 5274 1
5274 2576 1
2576 4437 2
4437 9527 1
9527 4627 1
4627 3218 1
3218 4250 1
4250 3144 1
3144 8873 1
9012 2335 1
2335 4788 1
7554 1597 1
8777 3144 1
2595 7247 1
7247 2909 1
2909 3907 1
3907 3787 1
3787 3037 1
3037 3154 1
3154 1098 2
1098 2121 1
2121 8291 1
8291 1862 1
1862 7424 1
2576 7425 1
7425 5596 1
3074 4788 3
4788 2619 1
2619 5123 1
5123 2056 1
2056 1732 1
213 1654 1
1654 4437 1
4437 7487 1
4437 9525 1
9525 7540 1
7540 4566 1
4566 3124 1
3124 8069 2
8069 9772 1
9772 8992 1
8992 1 1
6189 1346 1
1346 1870 1
1870 2595 1
2056 7554 1
7554 2998 1
2998 6747 1
6747 5497 1
568 9675 2
9675 4464 1
4464 8525 1
8525 9764 1
9764 2077 1
2077 9587 1
9587 5821 1
5821 2843 1
3856 1672 1
8525 2750 1
2750 1 1
2430 5303 3
5303 2998 1
2998 3124 1
3124 6523 1
4788 1265 1
1265 7666 1
7666 7463 7
7463 3895 1
3895 502 1
4376 502 1
2642 7388 1
494 1020 2
1020 4104 1
4104 1445 2
1445 6110 1
4478 1346 2
9585 6496 3
6496 9012 1
9012 8294 1
8294 3154 1
3154 1788 1
1788 3761 1
3761 6994 1
6994 1659 1
1659 155 1
1033 4796 1
4796 1734 1
1701 748 1
9585 4226 2
4226 8540 1
6582 8591 1
8591 3857 1
3857 3581 1
3581 3124 1
5172 2679 1
2059 5080 2
8824 2056 1
6016 3358 1
3358 9589 1
9589 2576 1
4788 8999 1
8999 8873 1
5481 1128 1
1128 621 1
621 3158 1
3158 1 2
1701 6129 1
8540 8685 1
218 748 1
7540 3124 5
7116 4210 1
3042 9772 1
9772 4250 1
4250 6762 1
6762 6454 1
8591 4012 1
4012 9072 1
9072 8400 1
8400 6984 1
6984 1032 1
1032 9444 1
9444 8582 1
2056 8674 1
502 908 2
7210 3911 1
3911 1329 1
1329 3787 1
2212 1612 2
1612 8327 1
8327 382 1
382 4142 1
4142 1496 1
3787 8123 1
1037 3245 2
4090 6418 2
6418 9535 1
9535 7782 1
7782 372 1
2576 3169 1
3169 8330 1
8330 2686 1
2686 3659 1
3659 5080 1
3787 325 2
325 8056 5
8056 6785 1
6785 8637 1
3787 9571 1
9571 797 1
797 1958 1
1958 502 1
3342 6445 1
6445 3638 1
1443 3814 1
3814 4604 1
4604 8263 1
8263 4048 1
2819 8824 2
8824 6789 1
6789 3124 1
3124 4632 4
9585 9791 1
9773 3655 1
3655 2576 1
2576 6039 1
6039 2619 1
4788 824 1
824 384 1
384 3042 1
3042 6390 1
6390 3604 1
3604 4788 1
4788 6334 1
6334 9787 3
2018 8946 3
8946 2592 1
2592 748 1
4790 1346 1
1346 4636 1
3383 4448 1
4448 8665 1
8665 3761 1
2848 9606 1
9606 2121 1
2121 8383 1
8383 3526 1
3526 2819 1
2819 8382 1
8382 8576 1
2576 8666 1
8666 7034 1
7034 9038 2
9038 3787 2
3787 8523 2
8523 4909 1
4909 1605 1
1605 4189 1
4189 5963 1
5963 8665 1
8665 4737 1
9580 1543 1
1543 2152 1
2152 1033 1
9371 2576 1
2576 2339 1
2339 3171 1
3171 3030 2
3030 5497 1
5497 8347 1
494 7080 1
7080 5118 1
5118 4633 1
4633 7540 1
7540 6079 1
6079 9053 1
9053 3440 1
2576 139 2
4142 1346 3
1346 8042 1
7701 8562 1
8562 2576 2
9585 3898 1
3898 9012 1
9012 1037 3
9585 4447 2
4447 3761 1
4788 578 8
578 5080 1
5080 8683 1
8683 7211 2
3342 325 1
8056 6445 1
9530 5943 3
5943 3761 2
3600 8523 1
8523 6676 1
6676 7540 1
4464 1477 1
1477 2922 1
2922 6170 1
6170 8576 1
494 9010 1
9010 2047 1
2047 3787 1
8523 8059 1
8059 4752 1
4752 8850 1
9517 3664 1
4790 6502 2
6502 2819 1
3761 9024 2
9024 946 2
946 3638 1
2121 1599 1
1599 502 1
3342 8400 1
8400 502 3
502 2087 1
2087 241 1
241 3674 1
3674 8619 1
8619 2576 1
2576 5553 1
5553 1186 1
1186 3097 1
3097 6467 1
6467 2802 1
2802 8619 1
8619 2021 1
2021 2424 1
2424 8824 1
8824 3111 1
3111 4208 1
4208 8718 1
8718 4415 2
2576 5043 1
5043 9359 1
9359 4940 1
4940 3756 1
3756 8834 1
2056 9212 1
9212 494 1
494 4317 1
4317 3812 1
3812 2595 2
2595 1906 2
2576 2119 1
2119 1326 1
1326 6742 1
6742 3363 1
3363 2689 1
2689 6959 1
6959 9459 1
1530 61 1
61 6235 1
5199 6844 1
6844 9574 1
9574 502 1
9632 8582 1
2056 3081 1
3081 4407 1
8702 371 1
371 2557 1
2557 7141 1
7141 1037 1
5351 325 1
325 7951 1
7951 7810 1
7810 7941 1
7941 8591 1
8591 421 1
421 4612 1
4612 7540 1
2576 5838 1
3787 4420 3
4420 2130 1
2130 502 1
502 1975 1
1975 1062 1
1062 7618 1
7618 7540 1
7540 4247 1
4247 8392 1
8392 421 1
421 8232 1
8232 8873 1
8873 7810 1
7810 8082 1
5596 2809 1
2809 3812 1
3812 2695 1
2695 4069 1
7559 3074 1
3074 1230 1
1230 5977 1
5977 1734 1
1734 6842 1
6842 1587 1
2576 1624 2
1624 9791 1
502 9697 1
7569 4009 1
4009 7666 1
5460 9659 1
9659 2576 1
2576 7580 1
7580 3391 1
3391 4210 1
4210 1626 1
1626 494 1
502 6865 1
6865 7793 1
7793 5461 1
5461 3664 1
2595 3695 1
9517 4737 2
4737 155 1
155 7571 2
7571 3144 1
3144 4210 1
4210 7374 1
7374 4688 1
4688 4701 1
1529 9409 1
9409 4210 1
4210 8331 1
8331 2123 1
2123 1288 1
1288 1 1
1 3697 1
3697 3018 1
3018 5798 1
7701 3000 1
3000 2320 1
2320 9255 1
9255 502 1
5282 9632 1
853 6842 1
6842 8954 1
8954 7951 1
7951 325 1
325 1350 1
1350 4788 1
4788 1521 1
1521 1142 1
1142 5243 1
5243 8360 1
8360 6110 1
1037 6642 7
6642 5398 1
5398 4790 1
4790 9411 1
9411 3994 1
3994 494 1
8576 3666 4
8576 9162 1
9162 9585 1
502 7384 3
5937 5171 1
5171 1480 1
940 2430 1
2430 6842 1
6842 1142 1
1142 2024 1
1597 8360 1
8360 2576 1
1580 6966 1
6966 6662 1
6662 1037 1
384 802 1
802 1002 1
9585 5269 1
5269 8317 1
8317 1037 5
1037 1517 1
1517 3911 1
3911 4210 1
2595 6642 4
6642 4076 1
4076 8385 1
8385 1 1
1919 883 1
883 7569 1
7569 4208 2
4208 4575 2
4575 8683 1
8683 6842 1
6842 6583 1
9573 6212 1
6212 2576 1
2576 8288 1
2056 690 1
690 2819 1
371 7751 1
7751 2121 1
9397 772 1
772 2077 1
2077 7540 1
8392 5977 1
5977 3787 1
2430 4916 3
3787 5902 2
5902 6996 1
3787 1386 1
1386 2802 1
2802 8694 3
8694 4076 2
4076 7140 1
7498 7232 1
7232 621 1
8621 2576 2
2576 1142 1
1142 7918 1
7918 7540 2
7540 3982 1
3982 621 1
7780 968 1
4788 5757 1
5757 530 1
530 270 1
270 7249 1
7249 4789 1
2576 5823 1
5823 621 1
621 7951 1
7951 905 1
905 930 1
930 1062 2
1062 3560 1
3560 2544 1
2544 502 1
502 6986 1
6986 666 1
666 2576 1
4908 502 2
2086 6966 1
6966 4966 1
9772 1517 1
3197 7887 1
7887 8847 2
1460 34 1
34 8290 1
8290 8384 1
8384 884 1
884 2576 1
8582 904 1
904 6842 1
6842 6756 1
6756 6517 1
6517 8557 1
7810 2929 2
2929 6517 1
6517 5593 1
5593 502 2
502 1497 1
1497 34 1
34 6517 3
6517 382 1
382 8405 1
8405 34 1
6517 9433 1
9433 7304 1
7304 2576 1
7907 34 1
6517 4335 1
4335 150 1
150 5593 1
502 8451 1
8451 2 1
2 6517 1
6517 1037 1
1037 8405 1
8405 4592 1
4592 2576 1
2576 4877 1
4877 6517 1
6517 9247 1
9247 356 1
1958 6517 1
6517 7540 1
7540 8117 1
8117 7744 1
7744 6662 1
524 3436 1
3436 1497 1
1497 2576 2
1544 1062 1
1062 2054 1
2054 782 1
782 5177 1
5177 1605 1
1605 4102 1
4102 4955 1
4955 849 1
849 1725 1
1725 8824 1
3787 4997 1
4997 2 1
2 7887 1
1460 28 1
28 1580 1
1580 2592 1
2056 7440 3
7440 4407 1
8702 2637 1
2637 3197 1
2576 884 1
884 4222 1
7305 7918 1
7918 6842 1
6842 6966 1
6966 511 1
511 8694 1
8694 2802 1
2802 7810 1
2929 9764 1
9764 6929 1
6929 7701 1
7701 8824 1
8824 1853 1
1853 3412 1
3412 2576 1
2576 5473 3
5473 5497 1
5497 3381 2
3381 2929 1
2929 8433 1
8433 7904 2
7904 993 1
993 1037 1
1037 5306 1
5306 7810 1
7810 5352 1
5352 1501 1
1501 3154 1
3154 5398 1
5398 1350 1
1350 3200 1
2576 7917 4
7917 5959 1
5959 5531 1
5531 3787 1
5864 6379 1
6379 9202 1
9202 8126 1
8126 6384 1
9189 3857 1
3857 4871 1
4871 7540 1
9773 325 1
325 9139 1
9139 3124 1
3124 6582 1
4790 7569 1
7569 1692 1
1692 9268 2
9268 4788 1
4788 5182 2
5282 7536 5
7536 2929 1
2929 1326 1
1326 1522 1
1522 5452 1
5452 4788 1
4788 3687 1
3687 5857 1
5857 1037 1
1037 1414 1
4788 9209 1
9209 3787 1
3787 5977 1
5977 2576 1
2802 6842 3
6842 7540 2
7540 6885 2
6885 7184 1
7184 4788 2
5172 3885 1
3885 7918 1
7918 325 1
325 9431 2
9431 4788 2
578 4636 1
502 3500 1
3500 494 1
494 5423 1
5423 2576 1
6758 8779 1
8779 1399 1
1399 2320 1
2320 3719 1
3719 7053 1
7053 363 1
363 3787 1
3787 2705 1
2705 4743 4
4743 6938 1
6938 616 1
616 4788 1
1107 2078 1
2078 285 1
285 7540 1
7540 6427 1
6427 4788 1
4788 3187 1
3187 1002 1
9585 9563 1
9563 9754 1
9754 5203 1
5203 8873 1
4788 2556 1
2556 9086 1
9086 4788 1
32 7540 1
1660 9587 1
9587 2156 1
2156 7701 1
7701 4317 1
4317 1986 1
1986 3693 1
3693 3857 1
3857 2236 1
2236 301 1
301 351 1
351 4714 1
4714 6938 1
6938 4439 1
4788 4685 1
4685 1890 2
1890 2576 2
2576 1212 2
1212 7540 1
155 1528 2
1528 4788 1
9773 4315 1
4315 7042 2
7042 8576 1
2819 4389 1
8582 8527 1
8527 4788 1
4788 8288 1
2709 9517 1
2576 937 1
937 502 2
2093 6256 1
7701 4872 1
4872 303 1
303 6284 1
8637 8337 1
8337 9517 1
9517 146 1
2576 4205 1
4205 4407 1
6582 8615 1
8615 7403 1
5497 2947 2
2947 32 1
32 9587 1
9587 594 2
502 2705 1
4743 2576 1
2576 6097 1
6097 4917 1
4917 7666 1
1651 4590 2
4590 7066 1
7066 4788 1
3727 9414 1
9520 3246 1
3246 690 1
2819 2545 1
2545 7540 1
7540 9755 1
9755 621 1
621 7068 1
7068 8464 1
8464 502 1
9772 4743 1
4743 7197 1
494 8802 1
8802 2576 1
2576 9383 1
9383 1746 1
8824 155 1
155 1660 1
986 1177 1
1177 8576 1
8576 2686 2
2686 2701 2
2701 7666 1
7666 3937 2
3937 2809 1
3011 8969 1
8969 4584 1
4584 5423 1
5423 502 1
502 325 1
494 1394 1
4090 8799 2
8799 298 1
298 9787 2
3461 9787 1
9787 8834 3
8834 8069 1
8069 4373 1
9520 621 1
621 155 1
2730 2399 1
2399 6568 1
6568 1761 1
9517 6642 1
8056 337 1
337 5830 1
5830 4790 1
4790 2780 1
2780 414 1
2576 305 1
305 5423 1
5423 2502 1
2502 6842 1
6842 9792 1
9792 7541 1
7541 3764 1
3764 2735 1
2735 1918 2
1918 2843 1
2843 3727 1
3727 3012 2
3012 5497 1
5497 9352 1
9352 3719 1
7066 3124 1
3124 2278 1
2278 6436 1
7918 7904 1
7904 2576 5
1037 6114 2
6557 3248 1
3248 903 1
903 2430 1
2430 3859 1
3859 8058 1
8058 1734 1
4788 1751 1
1751 1596 2
1596 8742 1
2056 5562 1
5562 7540 3
7540 5874 2
5874 1749 1
1749 4407 1
4407 9511 1
9511 1414 1
1414 8031 1
8031 903 1
903 6987 1
7559 4557 1
4557 7540 1
7540 9696 1
9696 1037 1
9566 2576 1
2576 6842 1
6842 6513 1
6513 9772 1
371 9093 1
9093 3124 1
3124 4557 1
4557 8059 1
9632 6966 1
6966 9233 1
9233 7904 1
7904 4502 1
4502 3374 1
3374 8873 2
4788 2595 6
2595 1360 3
1360 323 1
323 9730 1
9730 5605 1
5605 924 1
924 4790 1
2576 298 2
298 2121 1
2121 568 2
568 1760 1
1760 2802 1
2802 146 1
146 5423 1
5423 7053 1
7053 366 1
366 502 1
502 4983 1
4983 2705 1
4743 7569 1
7569 6403 1
6403 1628 1
1628 7347 1
7347 1738 1
1738 7904 2
7904 1014 1
1014 7540 2
7540 7809 3
7809 2576 3
6858 7233 1
7233 5423 1
5423 7183 1
7183 6232 1
6232 4788 2
3787 1761 1
1761 5221 1
5221 4788 1
4090 5008 1
5008 502 1
5687 7183 1
7183 1 1
1 3892 1
3892 9412 1
9412 1577 1
7559 6575 1
6575 4543 1
4543 2576 2
2576 9456 2
9456 7053 1
9663 4788 1
4788 8942 1
8942 5781 1
5781 9419 1
9419 4152 1
4152 502 1
502 5830 2
5830 2809 1
2809 9418 1
9587 7233 1
7233 1501 1
1501 5585 1
5585 502 1
4788 1826 3
1826 1033 1
1033 8530 1
8530 482 3
568 9548 1
9548 4407 1
7463 4632 1
9585 325 1
8056 1818 1
1818 2264 1
2264 2819 1
7569 1659 3
1659 1002 1
7331 6573 1
6573 7666 1
7666 6309 1
5830 4904 1
4904 5945 1
5945 3245 1
3245 482 3
8626 8228 1
8228 1746 1
1746 2819 1
7851 1738 1
1738 2705 1
4743 1567 1
1567 6639 1
6639 8591 1
2802 1651 2
4590 3719 1
7066 3787 1
6996 2780 1
2780 5497 1
807 4086 1
4086 3787 1
578 8189 1
8189 8057 1
8057 4790 1
4790 1751 1
1596 2576 1
2576 3898 3
4790 8182 1
8182 502 1
4631 7926 3
7926 900 1
900 7729 1
7729 1820 1
1820 7730 1
7730 7023 1
9465 3209 1
4788 6584 1
6584 2024 1
2024 402 1
402 789 1
8777 1301 1
1301 3898 1
3898 5596 1
2595 8619 1
8619 3787 1
6996 9530 1
3342 3124 1
3124 494 4
5171 1776 2
1776 8582 1
8582 2371 1
2371 2576 1
7926 4788 1
1773 2370 1
2370 8576 1
3666 3787 1
3787 3651 1
3651 6038 1
6038 4788 1
4788 4638 1
4638 9772 1
9772 8626 1
9585 9804 1
9804 621 1
621 9012 1
9012 3863 1
3863 8683 1
2819 3719 1
7066 301 1
301 8283 1
8283 4409 1
4409 2576 1
386 9776 1
9776 8558 1
8558 1818 1
494 1865 1
1865 371 1
371 4503 1
4503 2050 1
2050 7540 1
7540 325 1
8056 5819 1
4090 6371 1
6371 1210 1
1660 1346 2
1346 5547 1
5547 5171 2
1429 1873 1
1873 4790 1
4790 9190 1
9190 4407 1
2430 5158 1
5158 8107 1
9585 3124 11
3124 2434 1
2434 4788 1
1395 2121 1
2121 6280 2
6280 2326 1
2326 3787 1
3787 1880 1
1880 2547 1
2547 4788 1
4788 8666 1
8666 2739 1
2739 4788 1
4788 3958 1
3958 1734 1
1734 9305 1
9305 1597 1
1597 3495 2
3495 640 1
640 1 1
1 2691 4
2691 4633 1
4633 4463 4
4463 6833 3
6833 3440 1
3440 2121 2
5940 9555 1
1820 3209 2
1820 7135 1
7135 4633 1
4633 1734 1
1734 3599 1
3599 1297 1
1297 6005 1
6005 5954 1
2121 9555 1
2018 1660 1
494 9121 2
9121 939 1
939 2835 1
2835 8487 1
4226 2576 1
2576 9121 1
9121 3358 1
3358 5701 1
5701 5456 1
5456 2121 2
2121 1297 1
1297 8182 1
8182 1597 1
502 1399 2
1399 4407 1
8777 4414 1
4414 5702 1
5702 5497 1
5497 5902 1
5902 1820 2
1820 7540 3
2809 8762 1
8762 8702 1
9587 1660 3
494 759 1
759 187 1
187 4788 1
9417 9121 1
9121 5497 2
5497 4644 5
4644 1913 1
2576 3445 1
3445 4407 1
2121 5251 1
5251 9012 1
8626 2576 1
6189 1648 1
3222 7825 1
7825 7540 1
7540 5701 1
5701 9462 1
9462 2691 1
9460 5940 1
5940 4789 2
4789 2493 1
2493 3709 1
3709 3209 1
8741 1346 1
1346 8203 1
8203 3495 1
3495 6274 1
6274 6775 1
6775 502 1
502 4179 1
4179 3564 1
3564 8712 1
8712 9772 1
494 8819 1
8819 4728 1
4728 7062 1
7062 730 1
730 9408 1
7626 3683 1
3683 382 1
382 7744 1
7744 3802 1
3802 9772 1
9772 8819 1
8819 4788 1
6924 4788 2
502 3132 1
3132 1062 1
1062 6289 1
6289 8579 1
2576 4909 5
4909 1037 1
502 3857 5
3857 6092 2
6092 1734 1
1734 4227 1
4227 5963 1
5963 502 1
502 1297 2
1297 4090 1
4090 8762 3
4388 1422 1
1422 875 1
875 4788 7
4788 7116 1
7116 1636 1
1636 7540 1
9585 3878 1
3878 9773 1
1660 9546 1
9546 8798 1
8798 6189 1
9585 9201 1
8045 4788 1
4788 5821 1
5821 3761 2
3761 8577 1
8577 3495 1
3495 639 1
639 3154 1
3154 5071 1
5071 502 1
502 8665 1
8665 2576 1
5940 4373 1
1528 8576 1
4789 6336 1
6336 1734 4
494 4633 1
4633 9052 1
9052 6079 1
6079 139 1
7540 9019 1
9019 3413 1
3413 3787 1
3787 5213 1
5213 5315 1
5315 9530 1
9530 5473 2
5473 2576 5
2576 5704 1
5704 763 1
763 1606 1
1820 3841 1
3841 4806 1
4806 6582 1
6582 2819 1
9414 5743 1
502 4633 1
4633 7303 1
7303 9585 1
4788 7588 3
7588 6938 1
6938 2525 1
2525 7540 1
5454 7601 1
7601 9807 1
9807 9585 1
4376 4414 1
2576 596 1
596 3973 1
2802 7702 1
7702 2121 1
5810 9772 1
2576 1866 1
1866 4788 1
4788 4586 2
3787 5454 1
5454 494 1
9121 1606 1
3209 823 1
823 621 1
621 2440 1
2440 8637 1
7540 2177 1
1659 6281 1
6281 1346 1
1346 3761 2
3761 3679 1
8946 6994 1
6994 8577 2
3247 3975 1
5481 3679 1
494 7676 1
7676 1701 2
1701 7498 1
4415 2972 1
2972 4788 2
2576 4638 2
5817 139 2
4142 4148 1
4148 4940 2
4940 9220 1
9220 4667 1
4667 2121 1
2121 4090 1
4090 2690 1
2690 8294 1
8294 916 1
916 5241 1
8002 2576 1
6275 1762 1
1762 502 1
1805 8873 1
6682 9773 1
9773 3495 3
3495 5481 1
2576 562 1
562 8637 1
1701 4586 2
4586 2802 1
2802 9401 1
9401 7511 1
7511 2576 2
2576 4421 2
4421 2874 2
2874 3787 1
3787 139 1
482 7197 2
7197 2024 2
2024 9777 1
9777 4407 1
945 8086 1
8086 482 1
7540 7299 1
7299 4463 1
8064 4086 2
4086 145 1
145 4790 1
4790 7914 1
7914 3970 1
3970 482 1
482 1896 1
8896 609 1
609 7900 1
7900 502 6
7945 4984 1
4984 6360 3
6360 4790 1
371 8086 1
8086 7540 1
7540 6581 2
6581 2006 1
2006 1639 1
1639 3154 1
8525 6490 1
6490 8582 1
8582 506 1
506 2554 1
2554 3761 1
1037 6513 1
6513 1346 1
1346 2297 1
2297 3395 1
3395 3498 1
3498 2576 1
3503 6417 1
6417 6994 1
4438 3679 1
494 9123 1
9123 1868 1
1868 1581 2
1581 9587 2
9587 8962 1
8962 4940 1
4940 802 1
802 3154 1
3154 4197 1
4197 1818 1
494 1121 1
1121 502 2
3495 1445 2
1445 8666 1
8666 1691 1
1691 4086 1
4086 1346 1
1346 8683 1
8683 8702 2
8184 9593 1
5900 184 1
184 2576 1
5494 3011 1
3761 8946 1
8946 1659 1
2686 4439 1
3761 6647 1
6647 2576 1
4090 5598 1
5598 4388 1
4388 6510 1
6510 2093 1
2093 9489 1
9489 1738 1
632 8683 1
8683 3761 7
1443 1673 1
825 1586 1
2576 1238 1
1238 7666 1
9324 8702 1
3011 1446 1
1446 4679 1
4679 2795 1
2795 8069 1
691 6473 1
6473 9787 1
9787 9489 1
9555 8337 1
523 1701 1
1941 1333 1
1333 1020 1
1020 3358 1
3761 2024 4
968 5447 2
5447 7540 1
7540 2827 1
2827 3124 1
3124 4445 1
4445 4336 5
4336 3823 1
3761 7949 1
7949 4962 1
7042 4701 1
4701 3666 1
3666 1597 1
1597 3124 1
2121 1360 2
1360 7540 3
4086 3124 3
3124 7014 1
2819 8345 1
8345 1566 1
1346 5769 1
5769 4739 1
5908 1286 1
1701 7008 2
7008 2406 1
2406 3124 1
3124 1394 3
6215 9587 1
9587 4733 1
4733 8582 1
8582 6997 3
6997 7540 1
7540 8715 1
8715 9803 1
9803 4788 2
578 4632 1
502 8098 1
9713 2576 1
2576 5337 2
5337 8381 1
8381 1433 1
1433 9585 1
2150 7666 1
7666 7449 2
7449 9803 1
9803 8123 1
8123 9012 2
682 4407 1
6756 4086 1
4086 6996 1
6996 4090 1
4090 6628 1
6628 371 1
371 2802 1
3136 1237 1
1237 9413 1
9413 3124 1
1346 1128 1
2595 9632 5
9632 691 1
691 8873 5
7540 5349 2
5349 3859 1
3859 8107 1
8107 5171 1
5171 4091 1
4091 8570 1
8570 4407 1
4407 6950 1
6950 2121 1
6023 4234 1
4234 4464 1
4790 2556 1
2556 4862 1
4862 6110 1
3124 9163 1
8948 5481 1
5481 8042 1
7701 7571 1
7571 2423 1
2423 447 1
447 4832 1
4832 4415 1
782 2268 1
2576 4486 1
4486 7701 1
4575 7569 1
7569 7158 1
7158 3072 1
3072 6583 1
6583 2575 1
2575 3895 1
3895 8525 1
8525 2595 1
1712 3011 1
4788 1868 1
1868 9415 1
9415 7199 1
7199 8525 1
8525 1346 1
1346 6583 2
6583 7394 1
7394 4789 1
4789 748 1
4790 6436 2
9772 1346 3
1346 9579 1
9579 1757 1
1757 2753 1
2753 7666 3
7666 4653 4
4653 6410 1
6410 8526 1
8526 1644 1
1644 4788 1
4788 8841 1
8841 2576 1
8350 8644 1
8644 4616 1
4616 3124 2
7540 9592 1
9592 8692 1
8692 2576 1
2576 7317 1
7317 2407 1
2407 4788 1
4788 678 1
678 2576 2
502 3892 1
3892 5257 1
5257 3600 1
3600 6505 1
6505 7498 2
7744 5497 1
7631 4632 1
4632 7666 1
7666 9274 1
9274 1774 1
1774 8990 1
8990 1712 1
1712 6622 1
6622 4714 1
4714 1062 2
8702 7900 2
7900 6783 1
6783 7469 1
7469 4317 1
4317 2701 2
2701 2802 1
9585 1142 1
1142 4788 1
8582 7539 1
7539 2819 1
4090 3212 1
3212 3695 1
3695 1628 4
1628 1 2
1 269 1
269 487 1
487 8161 1
8161 7540 1
7540 6470 1
6470 810 1
810 9773 2
9773 1818 2
494 8709 1
8709 4179 1
2411 6039 1
6039 6747 1
6747 4788 2
4788 6445 1
6445 8582 1
4575 7471 1
7471 1009 1
9585 1712 1
1712 3637 1
3637 3472 1
3472 1625 1
1625 6252 1
6252 2024 1
2024 7370 1
7370 4424 1
4424 2576 1
3727 7376 1
7376 6008 1
6008 1001 1
8626 4790 1
4790 7116 1
7701 5227 1
5227 3614 1
3614 2595 2
2595 1469 1
1469 1346 1
1346 2595 1
2595 8714 1
8714 1936 1
1936 1894 1
1894 2576 1
6583 7209 1
7209 8525 1
5762 502 1
3154 1346 2
1346 2753 1
2753 7463 1
7463 7424 1
7424 4790 1
4790 7490 1
7490 3787 1
2576 6949 2
9585 3468 2
3468 494 4
7999 5596 2
3124 6503 1
2802 3167 1
3167 5481 1
5481 4931 1
4931 2576 1
782 8683 1
4790 7369 1
9686 4994 1
4994 2576 1
6583 7044 1
7044 969 1
969 7302 1
7302 1918 1
1918 6387 1
7666 6227 1
6227 3787 1
218 3652 1
3652 6110 1
1346 7799 5
7799 7666 1
7666 3067 1
3067 3761 1
1062 2882 1
2882 4324 1
4324 8953 1
8953 6966 1
6966 5279 1
5279 8217 1
8217 4407 1
8702 3859 1
494 6437 1
6437 2802 1
2024 3503 1
8688 3859 1
3859 5632 1
5632 9589 1
9589 8582 2
8582 9520 1
482 4966 1
3787 283 1
283 2843 1
8582 283 1
283 277 1
277 1346 1
1346 1594 2
4788 3857 1
3857 4635 1
4635 2576 2
3727 4962 1
4962 6841 1
6841 9707 1
9707 8593 1
8593 2686 1
2686 3536 1
3536 5496 1
5496 1 1
1062 2843 1
2843 482 5
8582 9714 2
9714 6496 1
6496 1734 2
1062 5797 2
5797 9749 1
9749 9787 1
3898 1062 1
3727 6782 1
6782 3711 1
3711 1306 3
1306 9787 1
4840 4090 1
5995 9585 7
8582 6872 1
6872 3711 1
1306 7569 1
7569 2549 1
2549 641 1
621 9650 1
9650 8582 1
8582 1062 1
7799 925 1
925 9714 1
9714 9585 1
9585 6966 5
6966 977 1
502 922 2
922 2041 1
502 2998 1
2998 4788 1
2453 502 1
1853 621 1
4701 8741 1
8741 4407 3
4407 1941 1
8969 986 1
986 6601 1
6601 6039 1
6039 4234 1
4234 6226 1
6226 2576 1
6126 494 2
494 3358 3
8184 1121 1
9773 3711 4
3711 2595 1
2595 1366 1
1366 5408 1
5408 3683 1
5221 1346 1
6583 7351 1
7351 643 1
5497 1534 1
1534 502 1
502 1366 6
1366 1940 3
1940 968 1
4788 1510 1
1510 4065 1
4065 434 1
434 1 1
2430 3668 2
3668 5678 1
5678 4790 1
4790 2935 1
2935 6505 1
2802 3393 1
3393 7540 1
7540 8367 1
8367 4425 1
4425 5142 1
5142 3880 1
3880 678 1
1577 1119 1
1119 8873 1
1360 4701 2
1597 7906 1
7906 3787 1
1651 2323 1
2323 494 1
9585 1009 1
1009 621 1
621 3711 1
3711 2576 3
2576 2679 1
1471 6747 1
3761 6523 1
6523 9587 1
3761 7952 1
7540 764 1
764 1346 1
1346 6582 1
2021 318 1
318 5782 1
5782 1238 1
1238 4701 1
4415 939 1
2576 6907 1
6907 4464 1
4464 7498 4
7498 6954 1
6954 5300 2
4788 5012 1
5012 3880 1
3880 4788 2
6758 4317 4
4317 7719 1
7719 6954 1
4102 1 1
6583 6949 1
6949 228 1
228 2576 1
2576 7865 1
7865 2570 1
2570 6110 1
1028 4077 1
4077 7559 1
7559 3711 1
3711 502 1
6758 3154 2
1346 2179 1
2179 7140 1
7498 1928 1
1928 4415 2
4415 1239 1
1239 1532 1
1532 939 1
4631 3379 1
3379 7540 1
9766 2576 1
2576 7566 1
7566 2843 1
4090 1022 4
1022 1738 1
6052 4373 1
4373 8873 2
8873 4701 3
2595 695 1
695 9787 5
9787 25 1
25 9787 1
8685 2358 1
2358 9773 1
3711 3895 1
3895 6618 1
6618 2819 1
2819 1346 1
1346 4616 1
494 2686 1
494 930 1
930 4930 1
4930 1326 1
1326 9679 1
9679 144 1
144 6826 1
6826 621 1
621 1808 1
1808 2093 1
2093 3245 1
3245 92 1
92 8037 1
8037 8582 1
8582 425 1
425 929 1
929 9420 1
7569 6052 2
5819 281 1
281 3342 1
3342 6519 1
6519 549 1
549 502 1
502 1836 1
1836 3011 1
482 8413 1
8413 2196 1
2196 8415 1
8415 7009 1
7009 4090 1
4090 828 1
828 4117 1
4117 1909 1
1909 2576 1
4090 8091 1
8091 6603 1
6603 9460 1
9460 6997 1
6997 3154 1
3761 6359 1
6359 7941 1
7941 3657 1
3657 5086 1
5086 8416 1
8416 2576 1
2576 3758 1
3758 502 1
502 4398 1
3761 1825 1
1825 9520 1
9520 2568 1
2568 2728 1
2728 1919 1
1919 157 1
157 8469 1
8469 297 1
297 3705 1
3761 2407 1
2407 1942 1
1942 8847 1
8847 7956 1
9787 8449 1
8449 6862 1
482 9417 2
9587 8847 5
8847 6862 1
6862 3245 1
3727 1160 2
1160 8469 1
8469 9048 1
9048 2576 1
2576 6653 1
6653 955 1
955 2576 1
2576 1428 1
1428 6389 1
6389 2251 1
2251 3619 1
3619 2576 1
2576 8670 1
8670 8246 1
8246 3675 1
3675 502 2
502 174 1
174 8771 1
8771 738 1
738 8400 1
8400 1970 1
1970 502 1
502 5898 1
5898 1511 1
1511 9489 1
9489 3011 1
3787 2965 7
2965 549 1
549 7076 1
7076 1505 1
2576 3591 1
3591 1014 1
1014 2595 1
7666 4651 1
4651 9622 1
9622 9333 1
9333 4407 1
2595 7714 1
7714 4110 1
4110 8406 1
8406 2024 1
2024 4392 2
806 4789 1
4789 2372 1
2372 1980 1
1980 3787 1
621 3644 2
3644 1 1
6189 7404 1
7404 9423 1
9423 7971 1
7971 8582 1
2056 7431 1
7431 8413 1
8413 2819 2
2819 3743 1
3743 3147 1
3147 4520 1
4520 9408 1
9408 782 1
1037 3818 1
3761 8838 1
8838 4067 1
4067 1510 1
1510 7254 1
7254 6308 1
6308 2576 1
4585 2819 1
9585 2061 1
2576 7600 1
7600 4714 1
4714 494 1
494 8670 1
8670 5148 1
5148 6403 1
6403 3182 1
3182 2802 1
8576 1510 1
1510 7125 1
7125 7666 1
7666 8847 1
8847 211 1
211 5254 1
5254 8441 1
502 3708 1
3708 8847 1
8847 3761 2
3859 386 1
386 8326 1
8326 5171 1
5998 9773 1
993 7199 1
7199 4788 1
3727 1645 1
1645 6870 1
6870 5279 1
5279 4788 1
453 7447 1
7447 1734 1
1734 6781 1
6781 8582 1
8582 3711 1
3011 1054 1
3857 18 1
18 6575 1
6575 8576 1
8576 2077 1
2077 2576 1
2576 1105 1
1105 8582 1
8582 6951 1
6951 9585 1
4788 3468 1
7999 748 1
3200 7376 1
7376 2576 1
2576 883 2
883 8576 1
1577 8317 1
8414 2819 1
8702 6372 1
6372 2802 1
9773 8988 1
8988 7945 4
7945 1346 1
1346 7271 1
7271 5071 1
5071 1869 1
9566 88 1
2576 8617 1
8617 272 1
272 6110 1
1659 8873 1
5481 4539 1
4539 502 1
5447 568 1
568 4724 1
4724 3124 1
1346 246 1
246 9307 1
9307 1918 1
3787 1670 1
1670 3614 1
3614 2686 1
2056 9204 1
9204 9493 1
9493 2686 1
2686 4631 1
4631 7395 1
7395 4713 1
9251 3640 1
3640 6252 1
621 70 1
70 9713 2
9713 3761 1
8926 5300 1
218 386 1
386 2642 1
2642 3495 1
1445 3761 2
3638 1277 1
1277 502 1
3495 481 1
2262 7637 1
4789 2949 1
2949 4909 1
4909 8591 1
1037 2121 1
2730 1701 1
1701 7722 1
1443 6126 1
6126 4015 1
4015 315 1
315 4737 1
4737 8591 3
8591 3599 1
3599 9173 1
9173 1734 1
1734 2214 1
2214 8617 1
8617 6373 1
6373 3761 1
3761 5910 1
5910 562 2
562 6110 1
6110 5870 2
5870 1818 1
9012 8186 1
8186 502 1
1443 6373 1
6373 8576 1
8824 6454 1
6454 8410 1
8410 9478 1
9478 4940 1
4940 1032 1
1032 2595 1
2595 4766 2
4766 4073 1
4073 8541 1
8541 6966 1
6966 584 1
584 9349 1
9349 2576 1
7569 7156 2
7156 8329 1
8329 8813 1
8813 9755 1
9755 9478 1
9478 1818 1
632 9005 1
9005 2595 1
2595 1443 7
1443 1 6
7666 1900 1
1900 8217 1
8217 2694 1
2694 4898 2
4898 7331 1
3787 6094 2
6094 7594 1
7594 1346 1
1346 3947 1
3947 2866 1
2866 3647 1
8470 3154 1
3154 9012 1
4090 937 1
937 6663 1
6663 2753 1
2753 4653 1
4653 8617 1
8617 2272 3
2272 6110 1
2576 8170 1
8170 2142 1
2142 3761 2
3761 7242 1
7242 88 1
88 7903 2
7903 8092 3
8092 845 1
845 9650 1
9650 502 1
8350 8930 1
8930 621 1
4701 632 1
632 2608 2
7626 75 1
75 1570 2
1570 1321 2
1321 3660 2
3660 2595 1
2595 3421 1
3421 8806 1
8616 2576 1
2576 9750 3
9750 2944 2
2944 8333 2
8333 6260 1
6260 8752 1
8752 3122 1
3122 1331 1
1331 8616 1
8616 8874 1
8874 6974 1
6974 5410 1
5410 3421 1
3421 2576 2
2576 3122 1
3122 3083 1
3083 8616 2
8616 494 1
2694 9548 2
9548 9791 1
9791 5300 1
5300 6966 1
6966 502 2
502 577 1
577 9651 1
9651 6373 1
6373 4728 1
4728 8525 1
1712 7470 1
7470 1321 1
1321 1713 1
1713 2944 1
2944 6436 1
6436 8090 2
8090 621 1
4911 8806 1
8806 3144 1
3144 1647 1
1647 2576 1
2576 24 1
24 4414 1
4414 7540 1
7540 2583 1
2583 748 1
8626 494 1
494 6143 1
8525 9438 1
9438 1511 1
1511 2576 1
2576 2454 1
2454 1958 2
1958 5762 1
5762 3787 1
3787 3614 1
2595 7424 1
7424 3654 1
3654 1321 1
1321 7426 1
7426 2944 1
2944 1 1
8577 5497 1
5497 4905 1
4905 8761 1
8761 251 1
251 3711 1
1306 2751 1
2751 2549 1
2549 2946 1
2946 502 1
502 5233 1
5233 3787 1
3787 6113 1
6113 8217 1
8217 621 1
4701 6373 1
6373 532 1
532 36 1
36 8762 1
8762 4227 1
4227 807 1
807 502 3
502 1997 2
1997 2121 1
1053 9465 2
2576 6616 1
6616 9465 1
5080 435 1
1443 1826 2
2576 3488 1
3488 8591 1
7945 8334 1
8334 3622 1
3622 7311 1
7311 1670 1
1670 3315 1
3315 3154 1
4918 4261 1
4261 1037 1
4790 2812 3
2812 6596 1
6596 7917 1
3787 9399 1
9399 8576 1
494 6157 1
6157 502 1
9345 4940 3
4940 2517 1
3787 7607 1
7607 9772 1
9772 4639 1
4639 8626 1
502 5905 1
5905 7388 1
2694 4644 2
4644 2438 1
2438 1443 1
1826 494 3
494 4775 1
4775 3495 1
3495 7545 1
7545 4407 1
8591 5547 1
5547 7340 1
7340 8702 1
8702 8162 1
8162 8749 2
8749 1566 1
1566 5727 1
5727 700 1
700 1530 1
1530 2560 1
2560 8334 1
8334 2785 1
2785 130 1
130 7061 1
7061 478 2
478 1074 1
1074 2121 1
2121 4242 1
4242 8812 1
8812 2576 1
4137 2082 1
2082 6165 1
6165 2142 1
2142 8185 1
2595 7154 1
7154 1860 1
1860 6535 2
2802 8372 3
8372 502 1
7160 968 1
968 2576 3
502 7135 1
7135 3974 1
3974 4790 1
4790 5017 1
5017 6275 1
6275 7569 1
7569 6666 1
6666 4575 1
4940 6956 1
6956 4959 1
4959 5908 1
494 8019 1
8019 892 1
892 8344 1
8344 3154 1
3154 4645 1
4645 722 1
6654 3024 1
3024 5396 1
5396 4210 1
2595 2142 1
2142 494 1
494 5547 3
5547 3014 1
3014 1065 1
1065 4407 1
4407 1346 1
1346 9227 1
453 9772 2
7949 2024 1
968 3053 1
3053 2576 1
2576 2483 1
6375 3787 1
664 1774 2
6286 6252 1
6252 502 1
2809 7545 1
7545 1555 1
1555 7650 1
7650 2576 1
9517 8421 1
8421 1087 1
1087 4790 2
4790 5123 2
1037 3488 1
3488 7269 1
4701 9072 1
9072 5300 2
9212 3812 1
1529 4094 2
4094 469 1
469 8676 1
8676 6501 1
6501 6100 1
6100 6468 1
6468 7666 1
3440 2802 1
8372 5640 1
5640 9773 1
9773 3812 1
3812 5596 1
5596 3812 2
3812 514 1
514 6984 1
6984 9819 1
9819 2664 1
2664 8678 1
8678 518 1
518 2576 1
2576 3338 1
3338 1381 1
1381 3787 1
9773 9819 1
9819 9459 1
1659 9587 2
4790 3211 1
3211 1860 1
1860 9819 1
9819 7666 1
7666 1732 1
1732 7829 1
4419 2057 1
2057 8565 1
8565 2511 1
6206 3338 1
3338 9773 1
9773 4432 1
7945 2118 1
2118 8127 1
9696 579 1
579 7540 2
7540 2564 1
2564 4407 1
2435 9397 1
155 3272 1
155 2095 1
2095 4790 1
1918 275 1
275 497 1
497 108 1
108 1706 1
1706 2686 1
2686 20 1
20 3333 1
3333 5314 1
5314 7918 1
2576 9136 1
9136 386 1
386 3042 1
3042 7493 1
7493 8873 1
2809 8372 1
8372 5596 1
3812 7773 1
7773 2686 1
2686 8400 1
8400 6615 1
6615 5497 1
3581 4701 1
4701 8829 1
8829 4289 2
4289 2421 1
2421 7498 1
447 2576 1
2576 1159 1
1159 4790 1
5123 3391 1
3391 1734 1
9587 6243 1
6243 2686 1
2686 6041 1
6041 646 1
646 2053 1
2053 8565 4
8565 7095 1
4790 2694 2
2694 6445 1
6445 7903 2
7903 9350 1
9350 1578 1
1578 9787 1
9787 2053 4
8565 1307 1
1307 4090 1
3727 8873 1
7559 4918 1
4701 6086 1
6086 4585 1
4585 9414 1
9414 2802 1
2802 275 1
275 3727 1
1594 8762 1
8762 4940 1
4788 2053 1
2053 1 1
494 8118 1
8118 2576 1
4788 4402 2
4402 4336 1
4336 3664 1
2595 8582 4
8582 3338 1
3338 9259 1
9259 8513 1
8513 155 1
1528 8064 1
8064 1660 1
155 8064 1
8064 2053 1
8565 4790 1
4790 2107 2
2107 6151 1
1805 8582 1
8582 3693 2
3693 1394 1
1394 3980 1
3980 8304 1
8304 9787 1
2053 1694 1
1694 9787 1
3391 7714 1
7714 3641 1
3641 4984 1
4984 7666 1
7666 6111 1
6111 8565 1
8565 498 1
498 8710 1
8710 8242 1
7538 9772 1
9772 3831 4
3831 3408 4
3408 3154 1
3727 6711 1
6711 7073 1
7073 3391 2
3391 2838 1
2838 2220 1
2220 4410 1
4410 4407 1
4407 1694 1
1694 7666 1
7666 9517 1
6189 838 1
8847 8921 1
453 8305 1
8305 498 1
498 2053 1
2053 7851 1
7851 9772 1
3727 7694 4
7694 96 1
96 3463 1
3463 3147 1
3147 8611 1
8611 7754 1
7754 6197 1
6197 9414 1
9414 3459 1
3459 496 1
496 4984 1
9787 8565 1
8565 3154 1
7540 6310 1
6310 8994 1
8994 4720 1
4720 8847 1
8847 4840 3
4840 9419 1
9419 9459 4
8192 6973 1
6973 2576 1
8337 8762 1
8762 7540 1
8847 6920 1
6920 1566 1
9787 593 1
593 8847 1
8847 4713 1
4713 3022 1
3022 6284 1
5874 2053 1
2053 4407 1
8847 2319 1
9414 3489 1
3489 8565 2
8565 1 2
1 2350 1
9787 4138 1
4138 9622 1
9622 1931 1
1931 3489 1
8565 6742 1
6742 5264 1
5264 502 2
502 3368 1
3368 4788 1
4788 2057 1
2057 2501 1
2501 6324 1
6324 7619 1
7619 3368 1
3368 2686 1
7842 3368 1
3368 2319 1
2319 502 2
1805 2053 1
2053 4645 1
4645 5089 1
5089 4789 1
4090 4419 1
4419 1 1
1 8067 1
8067 7701 1
7701 5264 1
7482 1541 1
1541 4789 1
4789 2570 1
2576 8605 2
8605 748 1
8626 7498 1
5819 4789 3
4090 7170 1
7170 3849 1
3849 502 1
7945 2708 1
2708 9401 1
9401 8565 1
8565 439 1
439 1540 1
1540 664 2
3787 803 1
803 4788 2
4788 4917 1
4917 2576 1
2576 7578 1
7578 1394 1
1394 6118 1
6118 4984 1
2053 2576 1
4911 5264 1
5264 9072 1
9072 2576 1
2576 5376 1
5376 6374 1
6374 2595 1
7701 2842 1
2842 3595 1
3595 8185 1
2595 1544 1
1544 9622 1
2819 1992 1
1992 7929 1
7929 4789 1
4789 1889 1
1889 3018 1
1365 1738 1
1738 9345 1
9345 4407 1
4407 3600 1
3600 4090 3
4090 6317 1
6317 1597 1
8777 1987 1
1987 7650 1
7650 6231 1
6231 7933 1
7933 1032 1
1032 2709 1
7053 387 1
387 2284 1
2284 7650 1
7650 7540 1
9459 1986 4
1986 6073 1
6073 3333 1
3333 6738 1
6738 5497 1
9072 3404 1
3404 2819 1
7053 6020 1
6020 7559 1
7559 1853 1
4789 4622 1
4622 483 1
483 4789 1
3327 7350 1
7350 502 1
621 1730 1
1730 2263 1
2263 1360 1
2576 6201 1
6201 9261 1
4019 3113 1
3113 6073 1
6073 3698 1
3698 8172 1
8172 7666 1
7666 691 1
4789 8069 3
2056 8529 1
8529 2819 1
3327 9012 1
9012 7261 1
7261 502 1
502 3034 1
3034 8527 1
8527 9772 1
4739 4714 2
4090 6930 1
6930 3247 1
2595 8829 1
4289 3197 1
3197 4336 1
4336 9751 1
9751 8569 1
8569 689 1
4789 3275 1
3275 2576 1
146 7650 1
7650 8876 1
8876 7540 1
7540 9009 1
9009 704 1
704 8605 1
7701 4701 2
1597 8045 2
8045 1056 1
1056 502 2
4789 9261 1
9261 3562 1
2819 9459 1
8340 2595 1
9555 1986 1
1986 7026 1
7026 7540 2
7540 3300 1
3300 9210 1
9210 1001 1
2121 140 1
140 1037 1
1037 3338 1
3338 8683 1
8683 1014 1
1014 9587 1
5948 3787 2
9772 2565 1
2565 7985 1
7985 4940 1
1960 2576 1
875 9593 1
9593 2735 1
2735 299 1
299 7945 1
7945 4398 1
4398 4790 1
691 7084 1
7084 9773 1
3495 7813 1
7813 2430 1
4790 9193 1
9193 2576 1
2576 934 1
934 4840 1
502 5935 1
5935 8184 1
8184 5819 1
4090 6699 1
6699 2595 1
4788 1898 1
1898 3562 1
3562 8045 2
8045 4404 1
4790 384 1
384 8994 1
8994 2576 3
2576 4724 1
4724 2819 1
2819 8582 1
8582 1898 1
1898 2121 1
3391 9752 1
9752 3846 1
3846 2845 1
2845 6448 1
6448 8045 1
8045 4789 1
4789 4526 1
4526 7991 1
7991 2576 1
2576 5652 1
5652 2686 1
2056 6468 1
6468 4789 1
9359 2064 1
7838 2576 2
2576 6980 1
6980 4335 1
4335 8045 1
8045 154 1
154 1738 1
4090 2636 1
2636 3911 1
3911 4940 2
4940 9198 1
9198 2576 1
2576 8413 1
502 2932 1
2932 1269 1
7388 4210 1
1826 1472 1
494 2009 1
2009 4596 1
4596 502 1
4790 8414 1
8414 9012 1
9012 5318 1
5318 8576 1
2819 7388 2
6146 7146 1
7146 218 1
218 3664 1
3664 1826 1
1826 8400 1
8400 9012 1
9012 6984 1
6984 1 1
1 5596 2
5596 1919 1
1919 6784 1
6784 4465 1
4465 621 1
4701 8947 2
8947 8576 1
9773 8947 1
8947 4069 1
3787 611 1
4790 2024 3
2107 9420 1
9420 9772 3
494 8157 1
8157 7540 1
7540 4210 1
4210 4796 1
4796 8576 1
2819 2708 1
2708 4466 1
4466 8288 1
8288 5916 1
5916 218 1
218 9681 1
9459 1826 1
1826 7948 1
7948 1577 1
1577 9585 6
8658 4701 1
4701 3352 1
3352 4467 1
4467 5916 1
5916 2517 1
2517 502 2
3638 9681 1
9681 8582 1
8582 1443 1
9773 4248 2
4248 5060 1
5060 1037 1
1586 502 2
1368 8406 3
8406 8576 1
7388 4358 1
4358 5675 1
5675 4790 2
7540 219 1
219 8392 1
8392 5497 1
5497 3581 4
3581 8741 4
2819 968 1
2802 5870 3
5870 9072 1
9072 1037 1
371 2356 1
2356 5553 1
5553 2576 1
3440 9566 1
9566 3154 1
3154 2010 1
2010 842 1
842 1037 1
1037 492 1
492 9459 1
9459 7732 2
7732 6454 1
6454 2595 2
8170 7755 1
7755 2453 1
7701 3846 1
3327 2270 1
2270 4479 1
4479 502 1
502 5553 1
5553 6436 1
494 1172 1
1172 2557 1
2557 3042 1
3042 789 1
1360 6784 1
6784 9012 1
9012 8777 2
8777 1898 1
1898 155 1
155 4902 1
4902 7752 1
7752 951 1
951 6115 1
6115 3011 1
3011 3248 1
3248 2260 1
2260 1376 1
1376 8557 1
8557 2022 2
2022 8321 1
8321 354 2
354 155 1
9721 7371 1
7371 4788 1
4788 6502 3
6502 8557 2
8557 2595 1
2595 6717 1
6717 2576 1
4644 7014 1
7572 1037 1
1037 8829 1
8829 7077 1
7077 2595 1
4644 5752 1
5752 3846 1
3846 355 1
355 4701 1
4790 2292 1
2292 2720 1
2720 2552 4
8637 2620 1
2620 2018 1
2576 952 1
952 9047 1
9047 621 1
3245 2620 1
2620 502 1
8658 6111 1
6111 1599 1
1599 1399 1
8136 5947 1
5947 482 1
482 333 1
333 7396 1
7396 1919 1
1919 2595 5
2595 3338 1
3338 4632 1
9587 8321 1
354 675 1
675 9413 1
9787 6489 1
6489 9787 1
8683 494 2
482 8917 1
9585 6770 1
6770 2024 1
2024 8850 1
8850 1399 1
1399 5754 1
5754 606 1
606 3787 2
3097 3607 1
3607 2595 1
8392 354 1
354 2179 1
2179 2576 1
883 2819 1
2819 2703 1
2703 4788 1
1442 9751 1
1062 6931 1
6931 7540 1
3787 796 1
796 8789 2
8789 2576 1
2576 9462 1
9462 3787 1
3787 1505 3
1505 4073 1
9012 5679 1
5679 7014 1
7014 8321 2
8321 7540 1
7540 7248 1
7248 3381 1
3381 2925 1
2925 502 1
502 7711 7
7711 4788 1
4788 6720 1
6720 3197 1
3197 4024 1
4024 7655 1
7655 2576 1
2576 7493 1
7493 4788 1
4788 5098 1
5098 502 1
4961 4489 1
4489 2201 1
2201 621 1
621 5380 1
5380 3011 1
3011 494 1
494 3496 1
3496 866 1
866 8576 1
8637 6502 1
1443 9587 2
8894 5913 1
5913 4385 1
4385 9657 1
9657 2576 2
1673 5580 1
5580 8221 1
8221 3859 1
3859 5843 1
5843 7540 2
7540 2047 1
2047 1 1
9012 6575 1
6575 2121 3
2121 8492 1
8492 8926 1
4788 5755 1
5755 2802 4
9787 942 1
942 2576 1
8847 5027 1
5027 5767 1
8557 3699 1
3699 6436 1
6436 1470 1
1470 8847 1
8847 9012 4
7976 7540 1
5359 4407 1
9195 7799 1
1037 2568 1
2568 377 1
377 2576 1
502 7014 2
7014 691 1
691 6151 1
6151 3701 1
3701 5687 1
5687 668 1
668 4407 1
1641 9772 2
7569 1753 1
1753 1945 1
1945 502 1
621 68 1
68 4389 1
4392 4788 1
7694 961 1
961 502 1
7014 2686 1
2686 8769 1
691 354 1
354 5755 1
7559 3222 1
3222 3488 1
3488 502 1
2576 3835 1
3835 502 1
7711 8576 1
3727 7660 1
7660 2188 1
2188 5596 2
5596 1828 1
1828 3812 1
3812 997 1
997 4208 1
4208 1414 1
1414 1268 1
1268 5123 1
5123 9656 1
9656 1269 1
1269 9587 1
9587 1020 1
1020 3381 1
2802 3381 4
3381 7540 2
3154 1062 5
1062 4528 2
4528 1062 1
1062 8741 1
7569 1729 1
1729 2121 1
9038 2595 3
7498 4788 1
4788 6756 4
6756 1774 1
2024 9773 1
3711 5375 1
5375 4788 1
4788 1035 1
1035 412 1
412 1197 1
1197 5497 1
5497 15 2
15 9657 2
9657 2843 1
9084 3787 1
9072 8695 1
8695 3216 1
3216 3994 1
3994 765 1
765 7952 4
7952 7014 1
2576 9422 2
9422 3846 1
3846 4788 1
1062 9398 1
9398 5596 1
4714 1128 1
2595 3488 1
3488 3745 1
3745 1399 1
1399 7024 1
7024 7023 1
7023 4697 1
4697 4329 1
4329 9414 1
9520 1037 2
4911 4012 1
4012 1443 1
2576 5034 1
5034 9765 1
9765 1432 1
1432 4858 1
4858 8694 1
8694 4226 1
4226 7325 1
7325 5300 2
4790 9587 1
9587 5174 1
5174 4788 1
4788 1853 1
1853 4589 1
2802 354 1
354 4788 1
2576 778 1
4090 1454 1
1454 1062 1
9787 3863 1
3863 4407 1
8085 1160 1
1160 524 1
524 4575 1
1639 1738 1
1738 9489 2
9489 2292 1
9489 5497 1
5497 5870 1
5870 4090 1
4090 386 2
386 2018 1
2018 5497 1
6935 9772 1
1062 5025 1
5025 7482 2
674 7799 1
7918 8678 1
3252 482 1
4373 9005 1
9005 6186 1
1062 4289 2
4289 7210 1
7210 4632 1
4632 9772 2
9772 9656 2
9656 3226 1
3226 5535 1
3787 2804 1
2804 3446 1
3446 2576 1
9038 8694 1
8694 7168 1
7168 8362 1
7917 6903 1
6903 4392 1
386 9012 2
4090 7985 2
7985 354 1
354 5765 1
5765 547 2
547 9072 2
9072 6756 1
6756 4842 1
4842 502 2
1442 1142 1
1142 7156 1
7156 7493 1
7493 5497 1
9657 993 1
4788 5535 1
5535 3880 1
4916 5300 3
5300 3488 2
3488 6756 1
6756 4937 2
4937 9657 3
9657 4944 1
4944 413 1
413 4317 1
4317 9517 2
9517 5497 1
2802 8321 1
2576 8942 1
8942 4788 1
4788 2305 4
2305 4407 1
8087 4790 1
4790 3970 1
3970 4788 2
9585 9012 1
9553 5282 1
5282 2576 1
7900 5080 1
5080 1831 3
1831 155 1
1033 6810 1
6810 4388 1
8689 4714 1
4714 2595 1
1128 4788 3
9657 6795 2
6795 441 1
441 7666 2
9696 502 1
1544 3252 1
3252 3440 1
3440 1041 1
1041 4789 1
4789 3102 1
3102 2576 1
9072 186 1
186 7495 1
7495 2819 1
2819 5959 1
5959 7713 1
7713 4788 1
4788 859 2
859 7074 1
7074 502 1
502 241 1
241 2576 1
2576 6490 1
6490 4788 2
371 1719 1
1719 691 1
691 7405 1
3245 8960 1
8960 2191 1
2191 7540 1
7540 355 1
355 7008 1
7008 8878 2
8878 4788 2
7904 7540 1
3097 6436 1
9772 5170 1
5170 2695 1
2695 502 5
691 2341 1
2341 8321 1
8321 1328 1
8591 6903 1
6903 6050 1
6050 9773 2
9773 4908 1
4908 4714 1
4714 8846 1
8846 354 1
354 8031 2
8031 5554 1
5554 3880 1
3488 8031 1
8031 4082 1
4082 4937 1
6795 5596 1
3074 3071 1
3071 6519 2
1408 3767 2
3767 7586 1
4788 1891 1
1891 485 1
485 9585 1
9585 2709 2
4789 7953 1
7953 2018 1
2018 3245 1
4790 7890 1
7890 8678 1
2004 7073 1
7073 4789 2
4789 3248 1
3248 6983 1
6983 141 3
141 2121 1
2121 1892 1
1892 354 1
354 9787 1
5064 5497 1
9072 621 1
4940 3488 1
3488 2576 1
4916 3641 1
9585 354 1
8031 806 1
806 4407 1
4407 9012 1
4090 606 1
606 4788 1
4788 2592 4
7540 4278 2
4278 1408 2
1408 9642 1
9642 5497 1
9072 5596 1
5596 3073 1
3073 1597 1
1597 6682 1
6682 1672 1
1672 4788 4
8321 9196 1
9196 4407 1
2802 3245 1
4090 6469 1
6469 2576 1
7540 413 1
413 2731 1
8702 2802 1
2802 8064 1
4901 502 2
3550 3248 1
3248 3883 1
3883 4788 1
2700 354 1
354 4675 1
4675 9587 1
2691 4748 1
4748 8321 1
8321 9787 1
494 5888 1
5888 9656 2
9656 4788 1
4788 8400 3
8400 8069 4
8244 3787 2
9072 1672 1
502 6299 1
7498 1616 2
1616 5432 1
5432 1939 1
1939 2935 1
2935 9787 1
9585 4284 1
4284 4796 1
4796 354 1
354 2024 1
8956 502 1
8926 3695 1
1628 6443 1
6443 141 1
141 502 1
8156 1597 1
1597 3745 1
3745 354 1
354 2576 2
4788 6682 1
6682 8685 1
8685 4484 1
4484 3787 1
4746 9657 1
9657 8926 1
7498 5888 1
5888 5432 1
5432 6682 1
6682 354 2
354 5101 1
5101 502 2
8392 8683 1
8683 1956 1
1956 5432 1
5432 4073 1
4073 3555 1
3555 2576 5
2576 7435 1
7435 4831 1
4831 4464 1
4464 3270 1
3270 494 1
494 657 1
657 354 1
354 6687 1
6687 8863 1
8863 939 1
9104 2076 1
2076 4464 1
903 7044 1
7044 351 2
351 4090 3
8419 128 1
128 1545 1
1545 5282 1
5282 1240 1
1240 8321 1
8321 5141 1
5141 3880 2
3880 8468 1
8468 9354 1
2121 817 1
817 128 1
128 7106 2
7106 1046 1
1046 1240 1
2576 354 1
354 1525 1
1525 2449 1
2449 3884 1
3884 9683 1
7236 7498 1
7498 3695 1
1628 2819 1
3550 5596 1
5596 136 1
136 2802 1
2802 5001 1
5001 996 1
996 2576 1
8805 149 1
149 2276 1
2276 7904 2
2576 5567 1
5567 4788 1
8894 8694 1
8694 8134 1
8134 854 1
854 4790 2
8652 3220 1
3220 2809 1
2809 8320 1
8320 6899 1
6899 502 1
7536 2576 2
3471 8864 1
8864 9587 1
6126 9419 1
3573 3787 1
3787 8321 2
1892 9517 1
4069 770 1
770 3219 1
3219 7008 1
7008 7107 1
7107 4788 1
3200 5607 1
5607 3880 1
4788 3859 2
3859 817 1
817 5888 1
9656 9646 1
9646 7666 1
5432 3884 1
3884 5535 1
5535 3920 1
3920 3216 1
9038 354 1
354 5049 1
3495 3488 1
3488 56 1
56 6570 1
6570 1560 1
1560 8694 5
8694 2592 2
4790 7901 2
7901 8834 1
2812 8059 1
1037 1446 6
1446 4012 6
4012 9787 1
4090 5102 1
5102 4940 1
4940 1919 1
8969 7116 1
7116 9414 2
9414 3597 1
3597 2819 1
7053 8873 2
3727 695 1
502 3488 1
3488 354 1
354 5911 1
5864 3787 1
384 270 1
270 1815 1
7941 4788 1
4788 2625 1
2625 1919 1
1919 270 1
270 7252 1
7252 2576 1
1532 4407 1
4407 6324 1
6324 7169 1
7169 3787 2
4235 7487 1
1532 3215 1
3215 7221 1
7221 3154 1
3154 6748 2
6748 4701 1
2595 6977 1
6977 8321 1
8321 7053 1
1602 1367 1
1367 670 1
670 6676 1
6676 3011 1
4788 551 1
551 502 1
817 4788 1
4788 1532 1
1532 5678 1
5678 270 1
270 1 2
1 6436 1
6436 1112 1
1112 4830 1
4830 4789 1
4789 8031 1
8031 2430 1
4788 9196 1
3327 6110 1
8741 8069 1
9012 7990 1
7990 4737 1
9088 6682 1
354 7540 1
384 8798 2
8798 5066 1
5066 1892 1
1892 4940 1
8805 3011 1
4789 8934 1
8934 4789 1
8069 755 1
755 7701 4
7701 3200 1
2576 706 1
706 4789 1
494 1399 1
1399 4752 1
4752 9662 1
9662 2576 1
4789 5822 1
1761 5171 1
5171 9412 1
9412 4407 1
8702 7914 1
7914 329 1
329 2576 1
8414 5386 1
5386 6970 1
6970 1628 1
1628 993 1
993 621 1
1443 8059 1
8059 5300 1
5300 56 1
56 3488 1
3488 1037 1
1037 8320 1
8320 6694 1
6694 2802 1
2188 771 1
771 4407 1
4407 9517 1
9517 8400 1
9417 9263 1
9263 9420 1
9420 4069 1
5789 1034 1
1034 4790 1
4790 8942 1
8942 1062 1
1062 1459 1
1459 1774 1
1774 9012 1
9012 7999 1
7999 4362 1
4362 2576 2
2576 4328 1
4328 7540 1
524 8392 3
8392 8737 1
8737 2501 1
2501 1806 1
6980 4392 1
4392 1919 2
1919 2812 1
2812 8873 1
3761 4703 1
4703 6296 1
6296 8924 1
8924 4076 1
4076 6141 1
5272 5378 1
5378 502 1
502 413 1
413 1 1
9787 6191 1
6191 9171 1
9171 8141 1
8141 9585 1
1651 3727 2
3727 1791 1
1791 5769 1
1738 1898 1
1898 9072 1
9072 494 1
5351 9517 1
8184 568 1
568 802 2
802 2809 1
2595 5169 1
5169 8889 1
8889 7302 1
7302 2843 1
4575 4791 1
494 8071 1
8071 854 1
854 2809 1
8582 7301 1
7301 8400 1
8400 1560 1
8694 9517 2
9517 1260 1
1260 9671 1
9671 2576 4
2576 7952 2
568 764 1
764 7477 1
7477 8504 1
8504 3745 1
3745 7540 3
7540 1732 2
386 213 1
213 9696 1
9696 7692 1
7692 3787 1
3787 2449 1
2449 1672 1
7498 5213 1
5213 7540 1
7540 3788 1
502 9326 1
9326 3242 1
3242 2576 1
2576 5047 1
5047 4789 1
2517 3600 2
8400 354 2
2576 9656 1
9656 8694 1
2592 7901 1
1919 4090 2
4090 8275 2
8275 7540 1
2576 2940 2
2940 1408 2
502 2545 2
2545 8741 1
5995 2576 2
2576 5736 2
5736 8260 1
8260 7299 1
7299 5819 1
4788 5047 1
5047 5213 1
5213 3787 1
3600 8890 1
8890 2576 1
4788 2075 1
2075 1037 1
1037 1375 1
8576 6630 1
6630 9585 1
7978 1888 1
1888 7301 1
7301 4916 1
4916 4273 1
354 1185 1
1185 502 3
621 7480 4
7480 3787 2
3787 9391 1
9391 434 1
434 3848 1
3848 9696 2
9696 7701 2
2430 3555 1
3555 4832 1
4832 502 2
502 1441 1
1441 5908 1
5908 7666 1
7666 5213 1
5213 3074 1
3074 3154 1
494 8221 2
8221 5683 1
5683 530 1
530 903 1
903 128 1
128 5141 1
3880 8031 1
8031 3198 1
3198 128 1
128 2576 1
2819 3620 1
3620 1525 1
1525 3884 1
3884 1037 1
3216 1394 1
4788 2297 2
2297 9815 1
9815 2576 1
2576 8745 1
8745 5303 1
5303 1037 1
5736 9585 1
494 9275 1
9275 2691 1
2691 8582 3
9517 1602 1
1602 1252 1
1252 2637 1
2637 5204 1
5204 9321 1
9321 2576 1
4076 8954 1
8954 7301 1
7301 789 1
789 8626 1
968 3071 1
1408 4632 2
7540 9657 1
9657 7900 1
482 7276 1
3365 1 1
9530 2853 1
2853 3641 1
3641 4463 1
3200 9012 1
1443 7293 1
7293 8694 1
8694 7540 1
7540 1511 1
1511 3197 1
3197 9209 1
9209 939 1
939 2454 1
2454 5497 1
5497 6996 1
6996 1037 1
1037 6013 1
6013 609 1
9520 5541 1
5541 9657 1
2576 7597 1
7597 502 1
1544 722 1
722 5300 1
9773 609 2
609 215 1
215 7203 1
7203 8694 1
8694 3200 1
3200 883 1
2576 228 1
228 7917 1
7917 7849 1
7849 3176 1
3176 2703 1
2703 9209 1
9209 547 1
9072 2802 1
1826 9657 2
9657 621 1
621 6663 1
6663 9217 1
9217 4789 1
4789 1853 1
1853 4793 1
4793 494 1
2121 8722 1
8722 502 1
1544 2765 1
2765 7374 1
7374 154 1
154 938 1
938 6825 1
6825 3200 1
7008 7619 1
7619 3253 1
3253 502 3
621 4749 1
4749 1269 1
9072 1229 1
1229 2072 1
2072 1408 1
2809 1667 1
7773 5497 1
4317 4146 1
4146 2637 1
2637 2809 1
2809 2142 1
2142 1084 1
1084 5717 1
5717 4464 1
4464 5864 1
5864 3154 2
7540 6444 1
6444 8694 1
8694 7055 1
7055 3664 1
3664 2073 1
2073 2576 1
2576 1628 1
1628 5358 1
5358 9611 1
7976 4208 1
4208 3200 1
2576 7520 1
7520 5170 1
5170 502 1
502 2776 1
2776 6590 1
6590 8694 1
8694 4775 1
4775 7545 1
7545 5300 1
5300 1826 1
9657 8380 1
8380 8652 1
8652 3057 1
3057 9585 1
9585 4135 1
4135 494 1
494 9119 1
9119 9788 1
9788 2576 1
8582 1299 1
1299 8290 1
3154 4402 1
494 7163 1
7163 2576 1
2576 7305 1
7305 4681 1
4681 7545 1
7545 494 1
494 9681 1
8777 7552 1
7552 1 1
6189 9530 1
9530 3642 2
3642 2686 3
502 8694 3
4076 7104 1
7104 7823 1
7823 4631 1
4631 1554 1
1554 1414 1
1414 3415 1
3415 2142 1
2142 7157 1
7157 4788 1
4788 3625 1
3625 1037 1
1037 6583 3
1651 1860 1
1860 494 1
3555 8160 1
8160 2576 1
2576 441 3
441 3884 1
3884 1 1
3550 8694 1
8694 3676 1
3676 856 1
856 9385 1
9385 502 1
502 7545 1
7545 4716 1
9656 1128 1
3495 105 1
105 9211 1
9211 3846 1
1605 4788 3
1826 5888 1
5888 1672 1
1616 7497 1
2576 8400 6
2576 3702 3
3702 4407 1
3381 1196 1
1196 1511 1
1511 4277 1
4277 9766 1
9766 4226 1
2056 1037 1
1037 8362 1
2576 8694 1
8694 4073 1
4073 6146 1
6146 5599 1
5599 3880 1
3880 9656 1
9656 4090 1
8702 8400 1
8400 5577 1
5577 7622 1
7622 762 1
762 3787 1
3787 8694 1
8694 4940 1
4940 784 1
784 8674 1
2576 3704 1
3704 8317 1
8317 2116 1
2116 683 1
683 4788 1
4788 3785 1
3785 3336 1
3336 5378 1
4701 3381 2
1919 547 1
547 5282 1
7536 8694 1
8694 888 1
888 502 2
4788 7545 1
7545 1023 1
1023 7540 1
9772 683 1
683 4210 1
4210 7008 1
7008 494 2
1375 5888 1
5888 6954 1
4739 4790 1
5596 7780 1
7780 4790 1
4790 4082 1
4082 3624 1
3624 2576 1
2576 6574 1
6574 7845 1
7845 691 1
691 5976 1
3641 9656 1
9656 7309 1
7309 7979 1
7979 9773 1
1126 4714 1
8873 7951 1
7951 623 1
4042 1 1
1 800 1
800 8582 1
8582 9592 1
9592 2819 1
482 6663 1
6663 2021 1
2021 9372 1
9372 7980 1
7980 7540 1
7540 3222 1
3222 5391 1
5391 2430 1
2430 5888 1
5888 3555 1
3555 6733 1
6733 6392 1
6392 8712 1
8712 2576 2
3727 6519 2
6519 1062 2
3767 7224 1
7224 6294 2
6294 7540 2
2937 8458 1
3365 556 1
9772 6870 1
6870 7983 1
7540 9585 4
9355 7968 1
7968 7276 1
7540 3745 1
3745 5909 1
5909 8873 1
1062 1870 1
1870 1932 1
1932 9436 1
9436 4525 1
4525 1992 1
1992 2576 2
2576 4937 1
4937 5386 1
5386 2853 1
2853 4335 1
4335 4952 1
4952 2073 1
2073 2146 1
2146 8557 1
8557 155 1
155 1918 1
1918 2576 6
2576 5854 1
5854 7073 1
2248 2595 1
1062 4893 1
4893 5683 1
5683 7498 2
7498 8577 1
3787 3745 1
3745 4336 1
4336 4041 2
4041 3745 3
3745 3727 1
7701 185 1
185 502 1
7498 1683 1
8850 5687 2
5687 1062 1
1062 3693 1
3693 5497 1
3581 1659 1
4336 8988 1
7945 3954 1
4788 7763 1
7763 7073 1
1062 4014 1
4014 9787 2
9787 7447 1
2576 1200 2
1200 3787 1
9779 1 1
6186 2107 1
502 7703 1
7703 9713 1
9713 8576 1
7945 1861 1
1861 5806 1
5806 7540 2
7540 2451 1
2451 8293 1
8293 3683 1
3683 8153 1
8153 4788 1
3787 7702 2
7702 2576 1
9779 6872 1
6872 8807 1
8807 3787 1
7702 4788 1
4788 5798 1
5798 2809 1
2809 6022 1
6022 4788 1
4415 1 3
1831 3690 1
4397 4788 1
4788 1869 1
1869 7986 1
7986 9587 1
9587 1160 1
1160 1037 2
9772 155 3
155 7472 1
7472 3787 1
9779 485 1
485 7945 1
7945 9585 2
4701 3745 1
3745 4912 1
4912 8290 1
8290 213 2
213 1659 2
1659 1722 1
1722 7540 1
3674 5248 1
5248 2576 2
2576 245 1
245 1475 1
1475 4790 1
4790 621 5
621 1297 1
1297 6771 1
6771 1062 1
1062 9261 1
9261 8689 1
8689 6687 1
524 3743 1
3743 8576 1
1651 8531 1
2843 9423 1
9423 3562 1
8626 1062 1
1062 4395 1
5487 621 2
4911 5137 1
5137 524 1
524 6646 2
6646 4090 1
4090 6476 1
6476 8890 1
8890 2802 1
2802 5545 1
5545 5170 1
5170 2595 1
2595 4794 1
4794 9587 1
9587 1918 1
1918 8890 1
8890 4090 1
4090 6636 1
7559 502 9
968 7763 1
7763 4794 1
4794 9773 1
9773 622 1
622 4899 1
4899 1 1
6189 524 1
6646 977 1
977 1160 1
1160 4818 1
4818 6478 1
6478 8683 1
8683 2845 1
2845 4041 1
3745 2592 1
2592 4439 1
4439 502 2
8156 8192 1
8192 2285 1
2285 8807 1
2576 7277 1
7277 7540 1
7540 4140 2
4140 8458 1
3365 1062 2
7694 8637 2
8637 1597 1
1597 6808 1
6808 882 1
882 1062 1
4090 6660 1
6660 7540 3
8401 3745 1
3745 1 1
1 780 1
780 1062 1
1062 7900 1
7900 1738 1
1738 2055 1
2055 8633 1
8633 2576 2
502 3521 2
3521 8637 1
1062 9791 1
9791 8557 3
8557 621 1
5902 4041 1
4041 9517 2
9517 2691 1
497 1313 1
1313 4407 1
4090 8933 1
8933 1062 1
7701 1062 2
2576 9654 1
9654 8873 1
6194 2592 1
8557 8293 1
8293 2451 1
2451 9517 1
3465 8764 1
8764 2576 4
2576 4796 2
4796 1 2
7701 6319 3
6319 6249 1
6249 1673 1
4790 6007 1
6007 4407 1
2018 1577 2
1577 5929 1
5929 970 1
970 495 1
495 1313 1
1313 3198 1
3198 7224 1
4790 8458 1
2056 5153 1
5153 4794 1
4794 4940 1
4788 5103 1
5103 1062 1
1062 404 1
404 1129 1
502 2780 1
2780 524 1
524 7626 1
7626 8678 1
2021 8807 1
8807 1 1
6189 6575 1
6575 3200 1
3200 9466 1
9466 2121 1
2121 9293 2
9293 5929 1
5929 1594 1
1594 1062 1
1062 8698 1
8698 2576 1
7540 457 1
457 884 1
884 440 1
440 939 1
939 9352 1
9352 5622 1
5622 3154 1
3154 453 1
482 8050 1
8050 8071 1
8071 8694 1
8694 9772 1
7569 2032 1
2032 641 1
502 3644 1
3644 9772 1
2576 72 1
72 8069 1
2056 8694 1
8694 8119 1
8119 2592 1
502 363 1
363 4090 1
7540 6605 1
6605 7666 1
7666 3743 1
3743 1 1
7540 9424 1
9424 3154 1
3154 9539 1
9539 2595 1
7666 9563 1
9563 2576 1
7666 5149 1
5149 9585 1
2914 8694 1
8694 502 1
502 1355 1
1355 3154 1
9517 8678 2
4789 3859 1
3859 6513 1
6513 5487 1
9520 2032 1
2032 1062 1
1062 1918 3
3683 4908 1
8702 5651 1
5651 9359 3
9359 594 1
9059 502 1
2825 4426 1
4426 2018 1
2018 1651 2
1738 7274 1
7274 8458 1
3365 3679 1
3679 4788 1
9212 5497 1
4644 9782 1
9782 4439 1
4439 3736 1
3736 9791 1
3521 2576 2
2576 6660 2
3745 4445 1
1 8637 5
8637 8892 1
8892 2576 2
8923 7540 1
7701 524 1
524 5938 1
5938 6110 1
9772 5888 1
5888 689 1
689 7497 1
3787 2628 1
2628 2576 1
2576 657 1
3270 8694 1
8694 756 1
756 5125 1
5125 1 1
2430 7332 1
7332 2576 1
8392 495 1
495 1314 1
1314 7540 1
7540 8005 1
8005 691 1
691 9066 1
9066 7901 1
4918 2018 1
9787 2464 1
2464 4407 1
2059 4090 1
494 1746 1
1738 9478 1
9478 9787 1
6583 435 1
435 547 1
547 2212 1
8392 5209 1
5209 1738 1
5819 6634 1
6634 3336 1
3336 2802 1
4788 8389 1
8389 4090 1
3639 1 1
2430 7896 2
7896 7107 1
7107 5865 1
5865 9786 1
9786 502 1
5209 6436 1
2695 3209 2
3209 2562 1
1820 2024 1
2024 3020 1
3020 1660 1
9414 4790 1
4790 6441 1
6441 2552 1
3787 9601 3
9601 1660 1
1660 3727 1
3727 5769 1
5769 6479 1
6479 3787 1
9589 371 1
371 7752 2
7752 292 1
292 7198 1
7198 220 1
220 875 1
875 6361 1
6361 3724 1
3724 9787 1
6931 9121 1
9121 6436 1
7945 1660 1
1660 2121 4
2121 272 1
272 502 1
502 9478 3
9478 2018 1
2018 4222 1
4222 9213 1
9213 2833 1
2701 4407 2
4407 8758 1
8758 1660 1
1660 2568 1
2568 8531 1
8531 8069 1
8069 2638 1
2638 9478 1
9478 494 1
1651 6399 1
6399 9787 1
695 8582 2
8582 572 1
572 2565 1
2565 75 1
75 1114 1
1114 3787 1
3787 62 3
62 6014 1
6014 1698 1
1698 7538 1
7540 3326 1
3326 3745 1
502 7487 1
2576 5223 1
5223 3787 1
3787 398 1
398 4415 1
155 8423 1
8423 4790 1
4790 3396 1
3396 2576 3
2576 4297 1
4297 7773 1
7711 1587 1
1587 2056 1
2056 5034 1
5034 4090 1
4090 4646 1
4646 205 1
2576 9810 2
9810 7506 1
7506 1037 1
2812 3173 1
3173 2576 1
494 7164 1
7164 2819 1
2819 4041 1
4041 3121 1
3121 5460 1
5460 4790 1
4790 8242 1
8242 9222 1
9222 432 1
432 1818 1
494 8369 3
8369 3664 1
3664 3630 1
3630 1820 1
621 8582 1
8582 5243 1
5243 1116 1
1116 1738 1
1738 1599 1
1599 9787 1
7666 4389 1
692 4402 1
4402 371 3
371 6403 1
6403 2576 1
2576 5167 1
5167 4701 1
4701 5243 1
5243 2121 1
1919 1011 1
1011 502 1
7666 7711 1
7711 2576 4
6575 8397 1
8397 1486 1
1486 3760 1
3760 1302 1
1302 854 1
854 62 3
62 75 1
75 2812 1
8582 7477 1
7477 3395 1
3395 2576 2
2576 8430 1
8430 1 1
1 1408 1
1408 4790 1
4790 7039 1
7039 3054 1
3054 530 1
762 9611 1
7559 3239 1
3239 9643 1
9643 7458 1
7458 5461 1
5461 76 1
76 502 1
5172 4177 1
4177 2576 1
2576 2682 1
2682 3054 1
3054 854 1
854 151 1
151 6490 1
6490 4790 1
4790 691 1
691 5167 1
5167 2564 1
2564 1037 1
371 9172 1
9172 29 1
29 4790 1
4790 3760 1
3760 854 1
62 2576 1
6583 8594 1
8594 502 1
7711 5678 1
5678 6017 1
6017 8678 2
1919 4415 2
4415 3440 1
3440 4332 1
4332 502 2
502 2913 1
2913 1037 1
371 3910 1
3910 2802 1
7747 7379 1
7379 9397 1
9397 1037 1
968 854 1
854 8292 1
8292 8372 1
8372 6270 1
6270 290 1
290 2576 1
2576 5852 1
5852 1425 1
1425 1 1
1 2984 2
2984 5789 1
5789 4788 1
4788 5084 1
5084 7569 1
7569 2125 1
2125 9721 1
9721 5596 1
3074 1037 1
1037 5520 1
5520 5552 1
5552 76 1
76 7917 1
7917 7686 1
7686 5611 1
5611 75 1
75 2056 1
2056 7925 2
1532 7498 2
3440 5991 1
5991 6110 1
8741 2024 2
2024 492 1
492 2576 1
2576 3760 2
3760 7917 1
7917 269 1
269 2430 1
1919 4076 2
4076 6949 1
6949 7823 1
7823 4594 1
4594 8683 1
8683 76 1
76 2576 1
2576 75 1
75 4561 1
4561 2802 1
2802 6966 2
6966 4967 1
4967 4789 1
4789 1487 1
1487 5497 1
5497 2982 1
2982 2576 1
2576 9004 1
9004 2121 1
2121 3261 2
3261 1037 1
1037 2567 2
2567 502 2
922 9375 1
9375 502 2
502 3295 2
3295 2576 1
3200 407 1
407 75 1
75 2576 1
2576 76 1
76 9478 1
9478 6750 1
6750 7569 1
7569 2672 1
2672 9714 1
9714 1 1
2984 1672 1
8576 2124 1
2124 9585 1
3761 9611 3
4090 6210 1
6210 7540 1
7979 3787 1
7918 7379 1
7379 4788 1
4788 3551 1
3551 4966 1
4966 2125 1
2125 4927 1
4927 2843 1
494 7701 1
6371 9787 2
8143 5027 1
5027 8873 1
9772 419 1
419 2576 1
3727 4090 1
2217 1165 1
1165 8288 1
8288 8582 1
8582 9721 2
9721 2843 1
8184 6496 1
6496 2812 1
2812 2576 2
2121 9459 1
9459 1399 3
1399 8626 1
968 2846 1
2846 7014 1
7014 7773 1
1734 2567 1
2567 5879 1
5879 9530 1
9530 125 1
125 3787 1
62 4634 1
4634 9585 2
9585 8685 1
8685 9417 1
9417 6792 1
6792 606 1
606 2576 1
2576 1794 2
1794 9585 5
9585 9094 2
9094 2012 1
2012 4090 1
5487 3245 1
3245 1919 1
1919 2880 1
2880 9417 1
2208 4407 1
9417 4790 1
4790 7952 1
7952 2576 1
8582 7812 3
7812 9585 2
9585 6373 1
6373 6588 1
6588 6966 1
6966 6583 1
6583 3200 4
2576 4023 1
4023 3846 1
3846 7014 1
8683 650 1
650 4076 1
2576 2077 1
2077 7569 1
7569 9009 1
9009 4575 1
4575 9772 1
9772 1121 1
1121 857 1
857 8290 1
8290 2567 1
2567 3664 1
3664 5562 1
2802 62 1
62 7540 1
7540 3197 1
3197 288 1
288 4788 1
4788 1276 1
1276 4788 1
4788 869 1
869 4701 1
2073 660 1
660 7379 1
7379 8530 1
8530 8683 1
8683 4250 1
4250 752 1
752 2576 1
6966 7540 1
7540 3495 1
3495 7401 1
7401 502 1
3154 1198 1
1198 3787 1
3787 1637 1
1637 9585 1
4388 7812 1
7812 4090 1
4090 6784 1
6784 4788 1
9585 8085 1
8085 5797 1
5797 5628 1
5628 2567 1
2567 6792 1
6792 3787 1
3787 3439 1
3439 2018 1
8702 9773 1
9773 1698 2
1698 4737 1
8184 1673 1
4489 371 1
9717 7401 1
7401 9773 1
9773 621 1
621 7308 1
7308 2576 1
2576 9195 2
9195 7014 1
7014 5618 1
5618 3440 1
4788 3019 1
3019 3787 1
4789 990 1
990 502 1
3550 4714 1
4714 3440 1
3440 661 1
661 3787 1
3787 1969 1
1969 6583 1
6583 3760 1
3760 2576 1
1648 5135 1
6951 4321 1
3787 9765 1
9765 9167 1
9167 1597 1
1597 3098 1
3098 9258 1
2121 5552 1
5552 7014 1
7014 2764 1
2764 4620 1
4620 3440 1
2121 9671 2
9671 4407 1
6436 2809 1
2809 6951 1
6951 4415 1
4415 4788 1
4788 679 1
679 502 1
817 621 1
621 6966 1
6966 5684 1
5684 7540 1
3600 3200 1
9422 1738 1
7904 3911 1
3911 4321 1
1037 9167 2
9167 3098 1
3098 3440 1
3440 1204 1
1204 8873 2
5981 2819 1
269 854 1
62 862 1
862 2121 1
7701 7014 1
7014 3154 1
3154 3327 2
3327 2686 1
7799 722 1
722 8873 1
9671 6676 2
6676 4701 1
4415 9611 1
9466 8873 1
2121 2517 1
2517 2430 1
4788 5289 1
5289 2851 1
2851 3787 1
8392 8576 1
4788 7624 1
7624 1919 1
4415 6966 1
6966 5910 1
5910 5970 1
5970 7540 1
9787 5908 1
5908 147 1
147 778 1
4090 2812 1
2812 2125 1
2125 8576 1
4791 1738 1
9580 4795 1
4795 993 1
4714 7014 1
7014 8969 1
8969 9226 1
9226 502 1
689 502 2
7498 5552 1
5552 6284 1
2024 5827 1
5827 4233 1
4233 2595 1
8392 4407 1
9012 994 1
8231 3440 1
3440 441 1
441 5552 1
5552 7866 1
8400 1185 1
3787 3221 1
3221 3760 1
3760 502 1
621 4814 1
4814 3097 1
3097 691 1
8637 8582 1
8582 7559 1
7559 8917 1
8917 2576 1
8245 9585 1
4235 9517 1
9517 2121 1
2121 3641 1
3641 5300 1
8626 486 1
486 7014 1
7014 502 2
6583 8397 1
8397 502 1
7711 7108 1
7108 2576 1
439 7666 2
62 4788 1
4788 6687 3
6687 1652 1
1652 9772 1
8350 6724 1
6724 9585 1
9585 4695 1
4695 8576 1
2576 3571 1
3571 502 1
817 8582 1
4575 4788 8
4788 7826 1
7826 7540 1
7701 7728 1
7728 5900 1
5900 3144 1
3074 8430 1
8430 3174 1
3174 3695 1
502 2683 1
2683 7027 1
7027 898 1
898 3144 1
3144 8683 1
8683 5688 1
5688 7540 1
7540 2517 1
2517 9387 1
9387 4788 1
4788 2406 3
2406 7666 1
3097 1105 1
1105 7569 1
7569 4128 1
4128 9714 1
3074 8174 1
2576 7240 2
7240 7540 2
7540 6966 2
6966 1134 1
1134 3395 1
3395 49 1
49 2576 1
502 8898 1
8898 1037 1
2567 6870 1
6870 1259 1
1259 4940 1
4940 2674 4
2674 2576 2
2576 8994 1
8994 7379 1
7379 4636 1
4636 8683 1
4788 6711 1
6711 7569 1
7569 4307 2
4307 4575 2
4575 691 1
8582 1540 1
1540 9585 1
1022 371 1
371 4803 1
4803 2576 1
2576 6640 1
6640 9517 1
2595 75 1
75 4788 1
8064 8806 1
8806 3154 1
3154 1110 1
1110 9212 1
9212 9773 1
9773 6749 1
6749 4090 1
4090 6097 1
6097 502 1
4789 4392 1
8350 3894 1
3894 9587 1
9587 5532 1
5532 4788 1
2121 8850 1
1820 9593 1
3600 824 1
9585 8513 1
8513 3787 1
7626 9478 1
9478 371 1
371 572 1
572 9520 1
9520 9773 2
9773 4407 1
3383 1738 1
6052 2024 1
7948 7540 1
4790 1023 1
1023 1734 1
9773 9478 1
9478 1868 1
2018 8469 1
8469 7625 1
7625 3761 1
3761 3013 1
3013 748 1
748 8678 1
3727 7331 1
7053 8576 1
2701 494 1
494 6642 1
4788 6373 1
6373 502 1
632 8186 1
8186 2576 1
2576 4086 3
4086 6373 1
6373 4407 1
4788 9791 1
9791 4090 1
371 1602 1
1602 9517 3
9585 7594 1
7594 1999 1
3391 5857 1
5857 8064 1
4086 2440 1
2440 9773 1
9773 1602 1
9517 1770 1
1770 1346 1
1346 9611 1
1738 268 1
268 8576 1
968 7985 1
2595 8616 1
8616 4090 2
1784 3074 1
3074 8217 1
8217 4918 1
4918 979 1
979 3391 1
4701 5717 1
5717 4407 1
8678 3391 1
3391 6189 2
4788 5592 2
5592 502 7
8139 1346 1
9585 70 1
70 370 1
370 4090 1
4090 1852 1
1852 2024 1
1738 9650 1
9650 4790 1
4790 4448 1
4448 3061 1
3061 4381 1
4381 6266 2
6266 2686 1
3727 9589 1
9589 2024 1
2024 5487 2
5487 502 1
4788 8486 1
8486 5636 1
5636 5596 1
4790 733 1
733 1640 1
1640 3787 2
9250 7116 1
7116 9622 1
9622 3175 1
3175 2576 1
4317 3367 1
3367 8679 1
8679 4658 1
4658 467 1
7631 3961 1
4790 5402 1
5402 458 1
458 88 1
8092 502 1
502 8462 2
8462 2866 2
2866 621 1
6758 8777 2
8777 632 3
3644 75 1
3660 2576 1
8333 37 1
37 3787 1
3787 3421 1
2576 3083 1
8616 1245 1
7666 4276 1
4276 8751 1
8751 3122 1
3122 2102 5
2102 2686 2
2686 3122 2
3122 4116 1
4116 5456 1
9465 502 1
3074 88 1
88 1740 1
1740 494 1
371 2103 1
2103 9710 1
9710 4901 1
4901 6399 2
6399 5864 2
7374 1053 1
1053 919 1
919 2018 1
4790 9772 5
4090 6554 1
6554 8678 1
494 8107 1
9585 778 2
2552 69 1
69 7540 1
7540 8728 1
8728 8342 1
8342 691 1
691 4632 1
1346 9773 2
88 3761 1
3761 8062 1
8062 1078 1
1078 3787 1
621 1446 1
1446 5386 1
5386 3193 1
3193 502 1
1659 1346 2
3124 9160 1
7031 9204 1
9204 502 2
2866 8525 1
8525 2312 1
2312 2576 1
2576 7316 1
7316 7635 1
7635 1734 1
1734 7214 1
7214 634 1
634 2697 1
2697 8617 1
2272 4737 2
4737 5350 1
5350 6966 1
6966 8879 1
1037 3600 4
3600 2324 1
2324 1346 2
1346 8400 2
8400 1738 1
6052 8873 1
8873 1055 1
1055 1605 1
1605 4557 1
4557 3216 2
3216 1037 2
1037 2500 1
2500 1128 1
5300 4835 1
4835 2312 1
2312 6782 1
6782 6218 1
6218 7401 1
7401 7666 1
7666 8751 1
8751 4788 1
9585 4940 4
4789 2454 1
2576 8453 1
8453 3207 1
3207 502 1
2094 875 1
8576 6312 1
6312 2576 1
7559 8751 1
8751 2576 1
9750 2946 1
2946 8333 1
8333 3154 1
3154 8591 3
8591 6376 1
6376 2585 1
2585 1357 1
1357 7463 1
7463 9585 1
6966 6436 1
802 5866 1
5866 3911 1
9585 1770 1
1770 4726 1
4726 6966 1
6966 1738 1
1738 1230 1
8350 2718 1
2718 4788 1
7631 5683 1
5683 3911 1
3911 2312 1
2312 3622 1
4451 8279 1
8279 1064 1
1064 3787 1
8525 6951 1
6951 3787 1
9550 3124 1
8069 1421 1
1421 4407 1
4407 7247 1
7247 621 1
621 9449 1
9449 7050 1
7050 4788 1
494 7258 1
7258 6761 1
6761 2576 1
2576 6018 1
6018 5916 3
5916 3154 1
1394 9006 1
9006 4463 1
4463 7694 1
4788 6677 1
6677 2576 1
1919 24 1
24 8822 1
8822 6490 1
578 3787 1
1774 1719 1
1719 4407 1
8626 1738 1
9580 2125 2
2125 691 1
691 6966 1
6966 9611 1
4090 5953 1
5953 7540 1
7979 3124 1
3124 1062 1
1062 2947 1
2947 2024 1
4317 3478 1
3478 6951 1
6951 5321 1
5321 4317 1
7053 9530 1
9530 1408 1
9550 2056 1
2056 8880 2
8880 2121 1
3261 9772 1
9772 6456 3
6456 2567 1
8582 4128 1
4128 922 1
922 9585 1
4790 6583 2
6583 7376 1
7376 4940 1
8994 9375 1
3295 8448 1
8448 4415 1
3200 282 1
282 3124 1
3124 594 1
594 8683 1
8683 4586 1
2576 6748 1
6748 8546 1
8546 1037 1
1037 6373 1
6373 9052 1
9052 4788 1
4317 9314 1
9314 4788 1
4788 1121 1
1121 1002 1
9772 1043 1
1043 2576 1
4840 2370 1
2370 9459 1
9459 476 2
476 52 1
52 2576 1
1640 9773 1
8334 2589 1
2589 3133 1
3133 8582 1
8582 2125 1
2125 1503 1
1503 2576 1
8576 6179 1
6179 1928 1
2812 2406 1
2406 482 1
482 7309 1
7309 1577 1
1577 3119 1
3119 2430 1
2430 1346 3
1346 4832 1
4832 2312 1
2312 5836 1
5836 6966 1
6966 2576 1
9585 1033 2
1033 8751 1
8751 1019 1
1019 8582 1
8582 320 1
320 6686 1
6686 494 1
2751 621 1
621 2024 1
8702 1597 1
7053 532 1
532 4268 1
4268 4249 1
4249 8228 2
8228 502 1
3420 1326 1
502 1929 1
8616 7280 1
7280 9012 1
5282 4789 1
4789 6373 2
6373 4958 1
4958 2024 1
2024 5835 1
5835 1346 1
1346 6622 1
8969 2232 1
2232 6966 1
6966 7666 1
7666 8784 1
8784 2576 2
2576 6213 2
6213 8751 2
8751 8678 1
4788 8530 2
7701 3168 1
3168 4655 1
4655 2018 1
2018 6251 1
6251 2567 1
2567 8149 1
8149 7666 1
6682 4463 1
4463 8994 1
8994 3154 2
3154 1865 1
1865 4790 1
4790 8217 1
8217 2576 2
6129 4790 1
5172 5497 1
7999 8582 1
8582 4116 1
4116 2819 1
2819 3122 1
2102 1599 1
1599 1414 1
1414 7168 1
7168 8268 1
2819 7073 1
7073 6373 1
6373 9012 1
9012 3092 1
3092 4090 1
9013 9772 1
1037 2920 1
2920 4962 1
4962 1346 1
1346 9772 2
9772 6117 2
6117 7768 1
7768 2802 1
2802 4041 2
4041 471 1
471 1037 1
3200 9772 1
9772 3869 1
3869 502 1
502 268 1
268 5562 1
9012 888 1
888 3787 1
8525 9587 1
9587 3857 1
3857 6908 1
6908 568 1
568 75 1
75 3011 1
4790 4915 1
4915 7477 1
7477 2683 1
2683 3787 1
691 3745 1
3745 994 1
7666 7810 1
7810 4788 2
4788 903 4
903 5583 1
5583 5797 1
5797 7799 2
1062 7916 1
7916 8879 1
4788 7952 1
6756 3761 1
1651 3872 1
3872 2576 1
6654 7569 2
7569 255 1
255 4575 1
4575 5866 1
5866 4714 1
1037 4090 3
2061 7941 1
7941 6125 1
6125 9459 1
9459 1443 1
1443 4902 1
2056 6574 1
494 1007 1
1007 1738 1
6111 1659 2
1659 4086 2
4086 2093 2
2093 4336 1
4336 3761 2
1818 4687 1
4687 7701 1
825 4940 1
8582 4024 1
4024 621 1
621 6307 1
6307 7540 1
4086 8392 5
494 9038 1
5112 8069 1
8244 1594 1
1594 7569 1
7569 3348 1
5002 4463 1
4463 695 1
3761 8217 1
4575 3872 1
3872 1037 1
4012 8683 1
3581 3761 2
1037 4737 1
5908 6284 1
6284 556 1
1394 8069 2
8069 8259 3
8259 3693 1
3693 4086 1
8470 6583 1
3200 6966 1
7945 1698 1
1698 3761 1
7900 1577 1
2576 2229 1
2229 4463 2
3831 4527 1
4527 7167 1
494 8075 1
8075 2809 1
2809 5948 1
3787 8784 1
8751 3787 1
1659 8702 2
494 7095 1
7095 9585 1
4463 4086 3
4086 572 1
572 8217 1
8217 8616 1
8616 4840 1
4840 2355 1
2355 6966 1
6966 3154 1
3154 6016 2
6016 950 1
950 8069 1
7053 594 1
594 7540 3
1346 6110 1
6110 8217 1
8217 3787 1
3761 571 1
571 6209 1
6209 1001 1
1001 2430 1
5930 3761 2
1701 6523 2
6523 494 2
218 1079 1
7388 8277 1
8277 4788 1
8658 3638 1
1597 2576 3
8031 6634 1
218 8270 1
3679 8842 1
8842 502 1
4086 6309 1
1443 8617 1
4737 767 1
767 5350 1
5350 4423 1
4423 3787 1
4714 6966 1
6966 8185 1
621 8242 1
8242 2595 1
2595 8334 2
8334 4086 1
4086 2547 1
2547 6642 1
6642 9012 1
1597 6381 1
6381 6373 1
6373 8397 1
8397 7538 1
1605 8617 1
8617 2273 1
2273 9787 2
1037 1054 1
1054 8824 2
8824 6576 1
6576 9590 1
9590 7540 1
7701 2903 1
2903 8873 1
8873 385 1
385 494 1
494 286 1
286 3792 2
3792 1919 1
2056 5170 1
5170 6960 1
6960 4368 1
4368 5596 1
5596 5864 1
8562 9787 1
9787 155 2
8798 8879 1
9585 7875 1
7875 8591 1
8591 8115 1
8115 502 1
7945 4090 6
2802 7193 1
7193 3140 1
3140 2576 1
2576 5247 1
5247 502 1
817 5262 1
5262 8837 1
8837 9806 1
9806 1384 1
1384 2891 1
5199 8873 1
2695 4898 1
4898 5436 1
5436 4210 1
4210 1765 1
1765 2802 2
7666 8253 1
8253 190 1
190 9023 1
9023 2338 1
2338 1887 1
1887 3165 1
3165 1472 1
1472 5837 1
5837 9520 1
6966 6822 1
6822 7540 1
502 8616 4
8616 5497 1
5497 3503 4
3503 3581 4
3581 9664 1
9664 9555 1
9555 8582 1
8582 2531 1
2531 8805 1
8805 9787 1
853 3787 1
3641 502 2
502 2273 7
2273 4407 1
4407 7155 1
7155 73 1
73 7914 1
7914 7781 1
7781 9006 1
9006 288 1
288 9787 1
502 4430 1
4090 1107 2
1107 2576 2
6132 8959 1
8959 3374 1
3374 3011 1
494 2324 1
1594 4701 1
4701 3693 1
3693 9553 1
6885 6152 1
6152 2121 1
7540 3643 1
3643 8873 1
4788 3973 1
2802 8525 1
8525 1 1
8741 3641 1
3641 3011 2
3761 2172 1
2172 2121 1
8947 4788 1
7799 7851 1
7851 9038 1
5112 5818 1
8702 1128 1
7851 3859 1
3859 154 2
7694 6440 1
6440 2802 1
5481 5947 1
5947 8633 1
8633 8671 1
8671 2576 1
2576 8244 2
8244 1173 1
1173 3787 1
4090 6815 1
6815 2121 1
968 4373 1
1408 4126 1
4126 6519 1
6519 3767 1
9585 146 2
146 3124 1
3124 5311 1
5311 8637 1
8637 6424 1
6424 3622 1
4451 502 1
2093 7094 1
7094 7540 2
6966 4737 1
9787 1367 1
1367 2138 1
2138 549 1
549 4257 2
4257 2595 1
9632 6277 1
6277 3124 1
4445 1346 1
1346 2843 1
4575 7208 1
7208 4086 1
4086 1651 3
1443 8582 2
4575 4737 1
3124 778 1
4940 5494 1
5494 3638 1
9772 1445 3
1445 6186 1
9016 3124 1
1346 7224 1
7802 2819 1
4790 4475 1
4475 3994 1
3994 502 1
1445 8576 1
8576 9422 1
9422 9585 1
3727 6064 1
6064 1037 1
1037 2962 1
2962 1346 1
7799 8830 1
8830 115 1
115 1408 1
502 5276 1
5276 1283 2
1283 1659 1
1659 1037 1
1037 4558 1
4558 311 1
4012 494 1
494 4722 1
4722 4407 1
4790 2214 1
2214 5065 1
5065 2576 1
2720 494 2
9772 6583 1
6583 4790 2
3727 9212 1
9212 5411 1
5411 8576 1
2819 6455 1
6455 7540 1
3666 8542 1
8542 4737 1
9773 436 2
436 2370 1
2370 502 2
8658 9773 1
9773 8777 1
632 9556 1
9556 9664 1
9664 7023 1
1820 4389 1
4389 9787 2
9787 6384 2
6384 4090 2
1660 8576 4
3322 6012 1
6012 502 1
5818 8216 1
8216 1701 1
9787 3011 1
3011 4044 1
4044 3683 1
3683 5172 1
5172 8400 1
523 4407 1
8576 4788 2
6160 9494 1
9494 3011 1
6862 2819 1
3787 2386 1
2386 9787 1
7773 4832 1
2576 678 2
678 1 1
2708 8385 1
8385 9787 1
7694 691 4
4090 2298 1
2298 8576 1
2819 5995 1
9772 2555 3
2555 4788 1
4788 1007 1
1007 4463 1
1581 5112 2
5112 2576 3
8415 8738 1
8738 5497 1
5497 7443 1
7443 8576 1
4788 7218 1
7218 4393 1
4090 1114 1
1114 2595 1
2595 7449 1
7449 3600 1
9787 8917 2
2056 3465 1
3465 7666 2
7666 7448 1
7448 2819 1
2819 212 1
212 3465 1
7666 336 1
336 9420 1
4233 4175 1
4175 4407 1
8576 9494 3
9494 4788 3
8385 2576 1
678 5497 1
4438 5866 1
9787 3190 1
3190 8216 2
7956 4788 1
1394 146 1
146 3495 2
3495 3360 2
3360 146 1
3495 1708 1
1708 9772 1
9772 9010 4
9010 9787 1
1062 386 2
386 4389 1
8926 4389 1
4389 1701 1
1761 4142 1
4076 1394 2
4463 4788 1
7374 4788 1
9787 930 3
930 8702 1
9182 3787 2
218 2496 1
2496 3154 2
3154 6228 1
6228 494 1
3787 6271 1
6271 2686 1
3787 8439 1
8439 490 1
490 2457 1
2457 1605 2
1605 9772 1
9772 2406 2
9787 2215 1
2215 2576 3
1009 2819 1
2819 7821 2
7821 4589 1
4589 2708 1
2708 7540 1
3360 4789 1
494 9555 1
1399 3011 2
5171 7781 1
7781 2141 1
2141 7815 1
7815 4407 1
4789 1124 1
1124 2576 1
930 4713 1
4713 3011 1
4789 9397 1
9397 4752 1
4752 9787 1
1605 4407 2
8400 9080 1
9080 9787 2
9772 7120 1
7120 2576 2
9787 8031 3
8031 5171 1
5171 1518 1
1518 3787 2
7053 7799 1
4789 7073 1
7799 2341 1
4789 6756 2
6756 8400 1
3600 9080 1
8082 992 1
992 2576 1
7799 9417 1
9787 5550 1
5550 7799 1
8966 4789 1
5497 9731 3
9731 8576 1
4789 9119 1
1919 3063 1
3063 9530 1
806 2576 1
9585 1605 4
1605 4840 1
4840 8082 1
8082 7252 1
7252 1 1
1 7374 1
7374 8369 1
2576 5449 5
5449 9787 2
9787 652 1
652 2576 1
494 8031 1
8031 442 1
442 2576 1
2576 5505 1
5505 7374 1
7374 4407 1
4407 549 3
549 625 1
7780 2457 1
9787 5386 1
5386 9355 1
9355 1979 1
9787 1649 2
1649 621 1
621 1915 1
1915 9787 1
8320 8031 1
8031 5025 1
5025 1605 1
3911 5025 1
5025 4789 1
4789 3198 1
3198 3846 1
3846 9261 1
9261 1625 1
1625 5220 1
5220 2819 1
8702 3727 2
3727 1517 1
1517 4407 1
4407 3360 1
3360 1577 1
4090 6265 1
6265 8683 1
9787 6003 2
6110 7815 1
7815 4789 1
4789 7695 1
7695 1374 1
1374 9787 1
5449 7761 1
7761 4789 1
502 4640 4
4640 9787 1
1394 351 1
351 6868 1
6868 146 1
146 1701 1
4407 8334 2
8334 1701 1
2093 7701 1
4090 6868 1
6868 8678 1
4789 4669 1
4669 1 1
1951 7540 2
4789 4589 3
4589 3787 1
1659 339 1
2576 6671 1
6671 4752 1
4752 5451 1
2577 2819 1
3787 4692 1
4692 4425 1
4425 8576 1
1918 218 1
494 4104 2
1445 4148 1
3761 1346 1
3124 4076 1
4076 8428 1
8428 5453 1
5453 2843 1
482 6997 1
6997 2370 1
9773 1445 1
1445 8683 1
8683 1701 2
7799 1346 2
1346 9585 4
4788 3855 1
9772 6196 3
6196 8702 1
8702 4317 1
4317 9489 5
9489 6189 1
5171 8860 2
8860 5497 1
5497 9459 2
1659 3327 1
494 7674 2
7674 609 1
609 1640 1
1640 3761 2
3011 9004 1
9004 7676 1
1701 609 1
609 3787 5
2018 3246 2
3246 6915 1
3639 6582 1
6582 482 2
2121 154 1
154 4142 1
1346 8084 2
9585 1640 1
1640 8860 1
8860 494 2
7674 9459 1
4788 5740 1
5740 2819 1
482 7694 4
7694 2701 1
2701 1346 1
1346 494 5
5171 8016 1
8016 2576 1
8742 6496 1
6496 4788 1
4788 4006 1
4006 1701 1
3144 3124 1
3124 3366 2
3366 2595 1
2595 3037 1
3037 2576 1
2576 3854 1
4788 5234 1
5234 2595 1
2595 213 1
213 3080 1
3080 859 1
2056 392 1
392 6186 1
689 3175 1
3175 1734 1
1734 1502 1
1502 2576 1
2576 7185 1
7185 4788 1
3381 9261 1
9261 1442 1
2576 7498 1
7498 7788 1
7788 3171 1
3030 8576 1
4788 1083 2
1083 9244 1
9244 6801 1
782 5497 2
3581 1683 1
1683 1659 1
695 371 2
371 4971 1
4971 8511 1
8511 2843 1
2843 7695 1
7695 7139 1
7139 1701 1
1701 2430 1
1346 3787 1
8714 1894 1
1894 3961 1
3961 4633 1
4633 382 1
382 59 1
4090 4797 1
4797 5819 1
4090 652 1
652 9772 1
9772 4633 1
4633 4788 1
4788 9055 1
9055 3787 1
9661 1730 1
1730 3787 1
3787 9555 3
7023 9345 3
9345 1277 1
1277 9632 1
9632 1701 2
1701 945 1
945 494 1
494 8991 1
8991 2576 2
9397 9585 1
9772 9414 3
9520 3327 1
1659 6436 2
1290 2576 1
2576 1915 1
1915 2402 1
2402 2844 1
2844 2496 1
2496 1346 1
3246 6447 1
6447 9587 1
4788 1269 1
9632 456 1
456 136 1
2576 1259 1
1259 2819 1
2819 1719 1
1719 2491 1
2491 8683 1
8683 3807 1
3807 1037 1
1037 2767 1
6133 9038 1
9038 1586 1
5481 1640 1
1640 9772 2
595 6356 1
6356 4407 1
385 4090 1
482 1786 1
1786 1719 1
1719 2178 1
2178 8576 1
2819 1868 1
1868 494 1
494 8702 3
4788 2812 2
2812 5487 1
5487 1033 1
1033 9244 1
9244 9773 1
436 8031 1
8031 9417 1
9417 6048 1
8527 2576 2
1594 8582 1
2056 6373 1
6373 2819 1
6111 1445 1
1445 6143 1
6143 7666 1
7666 3122 1
3122 4107 1
4107 8576 1
2819 2121 1
2121 7031 1
7031 8683 1
8683 3666 1
3666 1660 1
1660 4714 1
4714 4020 1
4020 9585 1
9772 4092 1
4092 502 1
9585 7942 1
9772 6787 1
6787 3727 1
3727 7285 1
7285 1581 1
1581 4407 1
4373 8687 1
8687 3002 1
3002 4402 1
6496 2576 1
8683 1346 2
4233 9196 1
1594 6053 1
6053 7666 1
7666 3680 2
3680 9489 1
9489 2686 5
1597 9587 2
9587 9589 1
9589 6519 1
6519 3537 2
3537 3124 1
3124 7799 2
4788 8626 3
968 5080 1
1919 1666 1
1666 155 1
1033 4823 2
4823 5453 2
5453 4407 2
494 3855 2
3855 3787 1
3787 6712 1
6712 3154 1
3154 9041 1
9041 4788 1
7569 1092 1
1092 6996 1
6996 4407 3
7851 7799 1
7799 9540 1
9540 1 1
4090 6712 1
6712 1037 1
3761 3266 1
7701 4414 1
4414 4695 1
4695 1128 1
2576 4007 1
4007 502 1
502 4090 1
4090 4695 1
4695 3124 1
621 9622 1
9622 9448 1
9448 2576 2
2694 1774 1
1774 3989 1
3989 691 1
691 4389 1
2552 1738 1
8350 9414 2
9414 5460 1
5460 2648 1
2648 691 1
691 9517 1
9517 6384 1
6384 4788 1
4788 8000 1
8000 7821 1
7821 4562 1
4562 8637 1
2056 3011 1
4788 8029 1
8029 7666 1
7666 4414 1
4414 2915 1
2915 9696 1
2576 7239 1
7239 9080 1
9080 4788 1
1083 8582 1
8582 3797 1
3797 1761 1
1761 2576 4
2576 574 1
574 8745 1
8745 1128 1
1128 8702 1
2595 4418 1
4418 3006 1
3006 2576 1
1577 494 1
494 6228 1
3787 1907 1
1907 1996 1
1996 3320 1
3320 1701 1
9567 3402 1
9787 6482 1
6482 615 1
1443 8873 1
8873 218 1
218 8400 1
8400 386 1
8658 9012 1
9012 1597 1
9489 6574 1
6574 2846 1
2846 1533 1
1533 3124 1
7799 8576 2
8637 9415 1
9415 4697 1
4697 1334 1
1334 8576 1
8576 9414 1
9585 1998 2
1998 2595 1
2595 7734 2
7734 2686 1
2686 2595 1
2595 9477 4
9477 2686 1
1919 2838 1
2838 386 1
386 1443 1
1443 5080 1
4235 9012 1
9012 6502 3
7540 8994 4
8994 2751 1
2751 9772 1
9772 6522 1
6522 3011 1
3011 3402 1
502 5891 1
5891 4940 1
2802 4957 1
4957 4425 1
4425 218 1
5494 547 1
547 4788 1
8245 782 1
782 993 1
8926 5171 1
5171 3495 1
3495 2576 1
3695 3195 1
3195 7773 1
2576 5004 1
5004 6170 1
6170 7540 2
7540 3381 3
5171 2048 1
2048 2576 2
2576 4752 1
4788 1597 1
384 1858 1
3620 5695 1
218 7799 1
7799 3124 2
3124 9787 3
7694 3252 1
3252 1062 1
1062 3975 1
3975 3695 1
9517 8268 1
8268 3124 2
5241 5081 1
5081 502 2
502 4460 2
4460 7548 1
7548 2802 1
3124 4407 1
4407 5691 1
5691 8741 1
8741 3643 1
3643 3683 1
3683 7935 1
7935 5978 1
5978 1062 2
1062 5911 1
5911 524 1
524 98 1
98 5818 1
5818 14 1
14 5978 1
5978 9773 1
9773 1459 3
9585 7401 2
7401 4584 1
2576 2751 1
2751 6522 1
6522 2430 1
3761 5765 1
5765 1580 1
1580 1037 1
8787 3695 1
9517 494 2
300 2576 1
8582 2043 1
2043 494 1
8860 8605 1
8605 98 1
98 4788 1
3124 3252 1
3252 4788 2
4788 2022 2
2022 2882 1
2882 4966 1
6502 7705 1
5081 3787 2
9304 8927 1
8927 7540 2
7540 8334 2
8334 1918 2
1918 3695 1
9517 7799 1
9772 596 1
596 1459 1
1459 9026 3
9026 3154 1
3154 4234 1
4234 2352 1
2352 4407 1
9787 5740 1
4090 4788 1
4788 4190 1
7388 1062 1
4090 1459 1
9026 4090 2
4090 6284 3
6284 3358 3
3358 4336 1
2488 344 1
344 27 1
27 344 2
344 6413 1
6413 27 1
344 8576 1
9787 7940 1
7940 351 1
351 4407 1
9787 8101 1
8101 4463 2
4463 1459 1
9026 2018 1
4788 2352 1
2352 2576 2
2576 9588 1
9588 4940 2
9772 6177 1
4407 3855 1
7949 4336 1
4788 2699 2
2699 4090 1
4090 6177 4
6177 8576 1
3245 7945 1
7945 5940 1
5940 4788 1
4090 2408 1
2408 482 1
7666 406 1
406 8741 1
8741 5439 1
5439 502 1
2086 3727 1
4402 3245 1
3727 2552 1
4407 414 1
414 4788 4
4788 4984 2
4984 482 1
482 1037 1
7626 3391 1
482 8926 1
4788 5300 1
5300 7976 1
7976 4788 1
1394 8777 1
8777 6111 1
6111 4153 1
4153 4790 1
4090 696 1
696 7540 1
6052 2819 5
2024 3505 1
3505 414 1
4788 9031 1
9031 1374 2
1374 4788 3
371 8779 1
2686 8779 1
1399 5439 1
5439 2576 2
2576 2111 1
2111 8702 1
8702 1610 1
1610 2595 1
2595 414 2
414 2107 1
2107 8834 1
8834 2111 1
2111 494 2
494 2069 1
2069 4407 1
502 6938 3
6938 1399 2
1399 4788 1
2576 2068 1
1 1309 1
1309 2576 4
2576 9031 3
9031 4918 1
7799 777 1
777 4090 1
4090 6502 2
6502 7073 1
7073 4790 1
4790 6378 1
6378 1566 1
1566 3602 1
3602 2686 1
3880 3011 1
3011 2141 1
2141 5439 1
5439 4790 1
4790 2605 1
2605 8576 1
2819 5439 1
5439 6380 1
6380 9585 2
4090 1124 1
1124 695 1
9012 8334 1
8334 1 1
1 1892 1
1892 2111 2
494 9535 1
9535 3695 1
9587 7085 1
7085 4788 1
2730 7521 1
7521 3776 1
3776 4788 2
5171 7881 1
7881 6110 1
7976 2111 1
2111 2576 2
4788 2068 1
2068 2576 4
2576 2093 1
2093 4788 1
4788 3863 2
2576 7781 1
7781 9418 1
9418 4788 1
4788 8926 4
8926 1309 1
9031 4788 1
4788 6568 1
2802 9517 1
3154 8646 1
8646 4090 2
3727 1648 1
1648 1959 1
1959 2161 1
2161 2576 1
2576 4907 1
4907 709 1
709 9097 1
9097 5435 1
3787 2700 2
2700 1309 1
1309 502 1
1394 1326 1
8270 1660 9
9772 2056 4
2056 5435 1
5435 1219 1
1219 2843 1
2699 1818 1
494 7278 1
7278 3562 1
3562 1892 1
2111 6189 1
8873 2111 1
2111 5497 1
5497 7976 1
7976 4402 1
4737 3961 1
3961 9772 1
9772 5435 2
5435 4788 2
9012 386 1
418 5386 1
5386 502 1
7498 6238 1
6238 2056 1
6502 1309 1
1309 1326 1
2107 4788 1
502 9670 3
9670 502 1
2576 8185 1
8185 8591 1
8591 6842 1
6842 502 1
9773 8406 1
8406 4788 1
485 4788 1
5171 2324 1
2324 1566 1
6654 3727 1
5940 5435 1
5435 9772 5
9772 5400 1
5400 5171 1
5171 5400 2
5400 9585 1
4788 147 1
147 9088 1
8926 414 1
414 1062 1
9585 5081 1
4851 1566 1
502 8289 1
8289 3787 1
3787 3104 1
3104 9787 1
9787 5765 2
5765 502 3
502 7416 1
7416 1326 1
2107 3683 1
3683 1991 1
1991 9772 1
5171 1732 1
1732 6993 1
6993 4407 1
8626 572 1
572 2318 1
2318 9787 1
9418 8824 1
8824 5765 1
5765 3776 1
3776 8333 1
8333 1 1
2843 841 1
841 1919 1
1919 3776 1
3776 1634 1
1634 1399 1
1399 8560 1
8560 7018 1
7018 1 1
1 1705 1
1705 9559 1
9559 1399 1
1399 4789 1
4789 6097 1
6097 7701 1
7701 1761 1
4789 2487 1
2487 1547 9
1547 149 1
149 4918 2
4918 4701 2
9772 9408 1
5487 4407 1
8873 8327 2
8327 5439 1
5439 494 3
494 1918 2
4790 9415 1
9415 6621 1
6621 2021 1
2021 1389 1
1389 6842 1
6842 112 1
112 2576 1
2576 1714 1
1714 3430 1
3430 1391 2
1391 1 1
8577 216 1
216 7462 2
7462 2576 1
2576 4 1
4 9631 3
9631 2430 1
2430 13 1
13 3458 2
3458 207 5
207 2576 1
2576 1800 4
1800 7430 12
7430 2576 1
4790 2068 3
3911 543 1
543 126 1
126 2576 1
3666 7540 1
5171 494 1
494 1926 1
1926 5439 1
2576 9494 2
9494 5429 1
5429 4463 2
44 1309 1
1309 8576 1
3011 8741 3
8741 6502 1
6502 494 1
3898 1918 1
1918 8321 1
8321 1738 1
6052 7312 1
7312 3695 1
9517 5819 1
4090 1191 1
1191 4788 1
4788 7312 2
7312 4463 1
1443 4788 3
4788 2723 1
2723 9028 1
9028 1192 1
1192 1037 1
4463 1651 1
1651 5439 1
5439 3154 1
494 3026 1
3026 2576 1
4463 2111 1
2111 3154 1
494 5482 1
5482 2576 1
4463 1310 1
1310 3154 1
494 7679 1
7679 7718 1
7718 1724 1
1724 6890 1
6890 7718 1
7718 4990 1
4990 4940 1
4940 42 1
42 9474 1
9474 502 1
502 563 1
563 6553 1
2632 7313 1
7313 4788 1
3074 4090 2
494 3911 1
8268 6238 2
6238 1062 1
5407 2802 1
5241 6189 1
5241 2595 3
2595 4851 1
4090 4916 2
2819 1367 1
1367 7773 1
7773 5241 1
5241 7378 1
7378 2462 1
2462 5241 1
9477 2234 1
2234 482 1
482 4407 2
7734 7799 1
7799 5439 1
5439 9026 3
9026 494 1
494 352 2
352 4463 1
4463 1566 1
1566 4788 1
494 2226 1
2226 8873 1
494 2517 1
2576 1826 1
2576 5866 1
9585 8777 2
9555 8850 2
8850 1660 1
4788 4909 2
4909 1329 1
1329 8270 1
8270 3011 1
9088 2819 1
494 1057 1
634 2555 1
2555 2174 1
2174 494 1
596 5588 1
5588 1566 1
1566 2802 2
5870 1566 1
1566 5171 1
5400 4407 1
4407 7223 1
5801 621 1
621 9088 1
9088 6520 1
6520 2576 1
2576 6189 1
6189 7569 1
977 2802 1
9773 1472 1
1472 1566 1
1566 3633 1
1468 9772 1
9414 8294 1
8294 3683 1
3683 3537 1
3537 2694 1
6466 1394 1
9772 3011 2
3761 5755 1
5241 4788 1
9012 3090 1
3090 5497 1
5497 1536 1
1536 8576 1
9585 7852 1
7852 5064 1
5064 3505 1
3505 9005 1
9005 1 1
4918 2576 2
8969 6768 1
6768 3787 1
5241 6110 1
6110 9262 2
9262 5241 1
5241 3124 1
3124 6195 1
9787 1495 1
1495 2024 1
4701 3638 1
1586 2802 1
2802 5171 1
5171 9003 1
9003 3600 1
8591 1128 1
218 1394 1
8637 6132 1
6132 4586 1
4586 2576 1
2576 6455 2
6455 8557 3
8557 1346 1
1346 7540 1
7540 4414 2
4414 1858 1
3620 1 1
9005 5497 1
7388 5765 1
5765 2121 2
4788 4699 1
4699 2819 1
3679 9414 2
9414 8637 1
8637 5081 1
5081 7858 1
7858 9787 1
9415 6003 1
4788 2309 1
2309 4407 1
4407 6001 1
6001 4402 1
9787 6455 2
6455 1346 1
9787 8270 5
1 4790 2
4790 9163 1
421 3124 1
3124 5303 1
5303 5714 1
5714 1037 1
9585 7956 1
7956 4940 1
4940 3505 1
968 7094 1
4790 8320 1
8320 1394 1
1394 2819 3
2819 1394 1
1394 43 1
43 2576 1
9415 8960 1
4788 5712 1
5712 2576 1
9417 6049 1
6049 9772 1
4407 4222 1
4222 4090 1
4090 8107 1
4788 4172 1
4172 8960 1
8960 6110 1
277 2552 1
1062 2545 1
2545 3154 1
3154 2680 1
2680 1374 1
1374 1346 1
1346 4966 1
9585 5051 1
5051 9772 1
494 8245 2
8245 8576 1
4788 6663 3
6663 2655 1
2655 1374 1
1374 3787 1
8525 8683 1
8337 2054 1
2054 2838 1
2838 6915 1
6915 5241 1
5241 4752 1
5870 6915 1
6915 1597 1
3495 5241 1
4090 2592 2
1581 3911 1
3911 6915 1
6915 4090 1
7842 384 1
384 2576 2
6613 2121 1
4790 9809 1
9809 4788 1
9477 2576 1
5241 9024 1
9417 5765 1
5765 8702 1
3638 8414 1
8414 7296 1
7296 6794 1
6794 3761 1
3761 8591 3
4090 1212 1
1212 4407 1
2018 1698 1
1698 2694 1
825 2350 1
2350 1820 1
2121 2809 1
2809 3638 1
6654 2809 1
4790 4991 1
4991 2121 1
5241 2694 1
825 6582 1
6582 2576 1
1212 4790 1
4790 3252 1
3252 4447 1
4447 8683 1
4790 9196 1
7694 3011 1
2802 1445 1
3761 1212 1
1212 3787 1
218 5291 1
5291 502 1
502 9809 1
9809 695 1
695 6444 1
6444 9809 1
9809 4752 1
4752 1602 1
9517 5695 1
2802 6633 3
6633 2802 1
7463 4589 1
7799 4090 4
3727 3358 7
3358 1459 1
1459 3246 1
9787 1326 1
2107 5439 1
9026 4790 1
4790 6126 1
6126 1918 1
1918 5826 1
5826 1408 1
930 695 2
7799 8245 1
8245 1414 1
5171 6612 1
6612 3633 1
1468 4407 1
9772 9041 1
2107 1057 1
634 8576 1
2056 490 1
490 2819 1
2819 3691 1
3691 9772 1
9772 5671 1
5671 8327 1
8327 8102 1
8102 9119 1
3787 1394 1
2576 2349 2
2349 3787 1
4788 5473 1
5473 8936 1
8936 4086 1
4086 146 1
146 414 1
4090 8927 1
3761 90 1
90 9772 1
9010 2430 1
1031 5535 1
5535 2802 2
2802 1346 3
4788 7498 2
7498 2826 1
2826 4218 1
4218 2545 1
2545 1346 1
1346 1206 1
1206 3787 1
2517 7554 1
7554 2576 1
8685 7191 1
7191 4790 1
4464 6320 1
6320 8582 1
8582 5133 1
5133 2843 1
4090 6663 1
6663 695 1
695 4069 1
6633 3745 1
3745 5695 1
4790 4937 1
4937 4790 2
4790 1197 1
1197 8207 1
8207 2576 2
1034 8320 5
8320 4790 1
4790 9231 1
9231 1918 1
1918 5439 1
5439 8518 1
8518 7554 1
7554 4788 1
502 1426 1
1426 5640 1
5640 4464 1
4464 414 2
414 5596 1
7498 4790 1
7302 3124 1
3124 4463 1
4463 6111 2
6111 3641 4
3641 2093 1
2093 5439 1
5439 9027 11
9027 1 2
1 3124 2
3124 5301 1
5301 1037 1
3787 5210 1
5210 1346 2
4464 3728 6
3728 8576 2
8576 1434 1
1434 4463 1
4463 5840 1
5840 2819 1
1640 1773 1
1773 4790 1
4790 414 1
414 5567 1
1022 8582 1
8582 5670 1
5670 4790 1
494 5910 2
5910 8072 1
8072 8104 1
7701 6569 1
9518 6070 1
6070 2604 1
4086 6453 1
6453 4517 1
4517 502 1
1597 3641 1
3641 621 1
1443 4012 1
4012 1063 1
1063 5058 1
5058 9587 1
3761 5576 1
5576 6676 1
6676 3664 1
3664 3787 1
3787 134 3
134 9012 1
9012 4512 1
4512 502 1
6549 604 1
604 5460 1
5460 993 1
3761 4775 1
4775 1560 1
8694 9716 1
9716 9628 1
9628 3154 1
3154 3970 2
3970 1608 1
1608 9459 1
9459 7483 1
7483 8119 1
8119 5563 1
5563 502 1
4749 700 1
700 3470 1
3470 2009 1
2009 9510 1
9510 1414 1
1414 8264 1
8264 2637 1
2637 2142 1
2142 8576 1
8576 9772 3
4790 3247 1
2595 8155 1
8155 3761 1
4961 6002 1
494 8918 1
8918 3011 1
1826 9072 1
494 2197 1
2197 3994 1
3994 1 1
3787 3234 1
3234 8400 1
8400 1037 1
1037 8777 2
8777 1628 2
1628 3776 1
3776 494 2
4324 7522 1
7522 4407 1
5960 4789 1
4737 3173 1
3173 502 1
5900 8012 1
8012 7918 1
7918 3381 1
2576 1361 1
1361 7795 1
7795 4940 1
7049 5497 2
7945 6453 1
6453 1988 1
1988 3124 2
3124 7252 1
2576 3776 1
3776 4226 1
4226 442 1
1 1628 1
1628 7540 3
7540 2487 7
1547 5551 1
5551 3787 1
9671 8873 1
8873 1346 2
1346 3731 1
3731 4385 1
4385 5910 1
562 6252 1
4012 5497 1
3581 2072 1
2072 5864 1
5864 2349 1
2349 4940 2
5552 9772 1
9772 7452 1
7452 7638 1
7638 2576 1
494 8878 3
8878 9585 5
9585 6712 2
6712 3911 1
3911 7758 1
7758 3846 1
3846 7790 1
7790 9787 1
9415 2292 1
3124 7896 2
7896 5737 2
5737 1346 1
2430 4896 1
8926 1505 1
1505 8400 1
1597 8440 2
8440 4788 2
1346 3555 2
2576 8729 3
8729 3973 1
4140 1672 1
1672 1918 1
1918 2121 3
5473 9233 1
9233 7661 1
7661 7498 1
7498 7904 1
7904 3374 1
1360 1037 1
1037 6253 1
6253 7325 1
5300 414 1
414 9716 1
2576 1392 1
1392 3551 1
3551 7993 1
7993 1032 1
1032 7957 1
7957 8702 1
8702 8820 1
8820 3745 1
3745 8042 1
2576 6202 1
6202 1408 1
1408 784 1
784 8582 1
8674 9585 1
2812 7305 1
7305 5201 1
5201 462 1
462 5695 1
2802 1505 4
1505 3124 2
1346 3835 1
3835 3846 1
4790 666 1
3787 5840 2
5840 1 1
6583 7520 2
7520 8576 1
9585 1435 1
1435 884 1
884 4790 1
4790 3679 4
482 7305 1
7305 2812 1
2812 1577 2
4851 2430 1
2430 4545 1
4545 1918 1
2576 644 1
644 4802 1
4802 5610 1
5610 502 1
5473 4790 1
9555 3641 1
3641 2768 1
2768 8582 1
8582 6182 1
6182 7904 2
7904 9585 1
8702 2676 1
2676 5027 1
5027 3803 1
3803 8873 1
4790 8381 1
8381 782 1
782 6557 1
6557 9773 1
4737 4035 1
4035 2373 1
2373 9585 1
6642 8685 1
7260 9787 1
2024 4373 4
4373 3011 1
695 8381 1
8381 7904 1
7904 4701 1
414 8337 1
8337 5497 1
8392 1505 1
1505 1 1
1919 5497 1
1919 4464 1
4464 6396 1
6396 3039 1
3039 4802 1
4802 3393 1
3393 4463 1
4463 1505 1
6583 3690 1
3690 9772 1
9772 4841 3
4841 3490 1
3490 5644 1
621 6642 5
6642 1037 1
146 1628 2
1628 9119 1
4076 1518 1
1518 7520 1
7520 6252 1
6252 2809 1
6642 2073 1
2073 8530 1
8530 4290 1
4290 7666 1
4653 5695 1
2802 7791 1
7791 3702 1
3702 6232 1
6232 4790 1
3393 8729 1
8729 5911 1
1408 7498 1
7498 441 1
4102 886 1
886 664 3
664 2576 5
1594 3600 1
3600 339 1
339 7666 1
7666 8169 1
8169 2276 1
2276 2776 1
2776 7519 1
7519 2565 1
2565 494 1
7918 7569 1
7569 4971 1
4971 3501 1
3501 3124 1
3124 8077 1
8077 1738 1
7666 1433 1
1433 2576 1
2576 8059 3
1958 6782 1
6782 7401 1
7401 5900 1
5900 7904 1
2576 1035 1
1035 9526 1
9526 3787 1
3787 8627 1
8627 2819 1
2819 1539 1
1539 4788 1
414 695 1
695 5840 1
5840 502 1
1505 6767 1
6767 9555 1
2024 2086 1
2086 9772 1
9772 8861 1
8861 2770 1
2770 5132 1
5132 8017 1
8017 1896 1
1896 1197 1
1197 4631 1
4631 8207 1
2576 7682 1
7682 7904 1
7904 6807 1
6807 5300 1
5300 1505 1
3124 2655 1
2655 2595 1
7701 1309 1
1309 9027 3
9027 298 1
298 621 1
621 6251 1
6251 6966 1
6966 2121 1
7666 1374 2
1374 414 1
414 299 1
299 9773 1
9773 1152 1
1152 6954 1
2595 7744 1
7744 8576 1
2819 9155 1
9155 8741 1
8741 4236 1
4236 4789 1
4789 1198 1
1198 9518 1
9518 7401 1
7401 1734 1
9772 7914 2
7914 9408 1
2576 240 1
240 3836 1
3836 9459 1
9459 2802 1
2802 7428 1
7428 7160 1
7160 1905 1
1905 502 1
7440 3154 2
5910 8747 1
8747 494 1
494 7952 1
4840 1031 1
1031 325 1
325 5319 1
5319 7799 1
7799 34 1
34 1 1
2430 9247 1
9247 1033 2
1033 7563 1
7563 6583 1
5449 3817 2
3817 8702 1
9189 2819 1
7900 7191 1
7191 3248 1
8694 2343 1
2343 637 1
637 5221 1
5221 1037 2
6642 5741 1
5741 9411 1
9411 9773 1
9773 5587 1
5587 1350 1
1350 4090 1
2819 5644 1
5644 4788 1
1919 4407 1
7695 6110 1
8741 1427 1
1427 8868 1
8868 3787 1
5497 9593 1
2056 9415 2
9415 2819 3
2819 4645 1
4645 9593 1
9593 9263 1
2595 9474 1
9474 3746 1
3746 875 1
875 6399 1
6399 641 1
641 6110 1
8582 9393 1
9393 2576 1
2576 4459 1
4459 4789 1
4789 7168 1
7168 3761 1
3761 4861 1
4861 3761 1
1037 6256 1
6256 4368 1
970 5756 1
5756 1958 1
1958 2812 1
2812 482 1
4605 8873 1
9517 1818 1
1818 844 1
844 9546 1
9546 8422 1
8422 750 1
8741 4714 3
3124 6583 1
8031 7031 1
7031 9803 2
4788 5468 2
5468 494 1
7043 2018 1
2018 4210 1
3892 339 1
339 1918 2
1918 7732 1
7732 7110 1
7110 7540 1
4790 8757 1
8757 2576 1
2576 5978 1
5978 6322 1
6322 2517 1
2517 6308 1
6308 5842 1
5842 2018 2
9773 5840 1
5840 173 1
173 3327 1
3327 8637 2
1505 3727 1
3727 2191 1
2191 4788 1
4788 3883 1
3883 482 1
2700 1855 1
1855 1918 1
1918 4463 1
9494 9128 2
9128 502 1
7666 5435 3
5435 301 1
3727 4790 3
4790 3883 1
3883 6756 1
6756 3124 1
3124 9772 2
9772 6413 1
6413 3654 1
3654 1389 2
1389 5252 1
5252 3430 1
1391 3654 1
3654 216 1
7462 4 1
9631 3458 1
207 1800 1
7430 4790 1
545 126 2
126 6413 1
6413 1389 1
1389 2576 1
7430 4069 1
502 6897 1
1326 8799 1
8799 8078 1
8078 2709 1
7918 1800 2
1800 6415 1
6415 382 1
382 3787 2
8741 7626 3
1 6842 1
6842 3988 1
3988 4788 1
8824 13 1
13 207 1
207 9005 1
9005 502 3
502 3443 1
3443 5497 1
5497 2830 1
2830 1651 1
4911 4737 1
4737 3927 2
3927 4790 1
4790 1245 1
1245 939 1
939 4534 1
4534 7540 1
3124 7503 1
7503 5506 1
5506 4788 1
4788 226 1
6583 5778 1
5778 7498 1
1346 4407 1
4402 4788 1
8702 9080 1
2940 1407 1
1407 1062 1
7917 2589 1
2589 4788 1
4788 2056 3
5172 1105 1
1105 7498 1
7498 7569 1
7569 1719 2
1719 2076 1
2076 5567 1
5567 1549 1
1549 1550 2
1550 7917 1
7917 7374 1
7374 4090 2
9094 2024 1
2024 1394 1
1394 3124 2
3124 7540 3
8392 7031 1
2121 1610 1
1610 4788 1
2297 3396 2
3396 3820 1
621 4505 1
4505 1443 1
2729 8045 1
8045 4716 1
4788 9128 2
9128 4463 3
7160 3566 1
3566 8065 1
8065 7949 1
7949 3012 1
3012 502 1
8577 4463 1
4463 6787 1
6787 502 1
502 7732 1
7732 2111 1
1826 5439 2
9027 2484 1
2484 2809 1
7053 9585 1
4788 5429 2
9772 5439 1
5439 1037 2
4714 7559 1
7559 3831 1
3408 8576 1
1641 3124 1
3124 1263 1
1263 4735 1
4735 5497 1
5497 1911 1
1911 8873 1
3695 6498 1
6498 6715 1
6715 3154 1
3761 5613 1
5613 3787 1
3402 1738 1
1738 5241 1
5241 3776 1
3776 7587 1
7587 8683 1
8683 2121 2
2121 5435 1
5435 4909 1
4909 5842 1
5842 1991 1
1991 3124 1
3124 6924 1
4788 1003 1
1003 2576 1
8031 6807 1
6807 6436 1
4605 9459 1
9459 6182 1
7904 5439 1
9026 4909 1
4909 7666 1
5468 1826 1
2107 7559 1
8777 8850 2
1820 2561 2
2561 3025 1
3025 2166 1
2166 6576 1
6576 384 1
384 123 1
123 1 1
8577 4317 1
4317 1826 1
2576 9304 1
9304 8369 1
8369 502 2
7926 7729 1
7729 8850 1
2576 7621 1
7621 8741 1
2561 4788 1
4788 5006 1
5006 7666 1
7666 414 3
414 1309 1
9031 502 2
502 5435 3
5435 8147 1
8147 8577 1
9585 9663 1
1820 8270 1
502 5586 12
5586 3124 1
414 2121 1
2819 875 2
875 3465 2
3465 1643 1
1643 3983 1
3983 4090 1
4090 5013 3
5013 1651 2
9819 9787 1
494 6523 1
6523 8278 1
5586 7540 1
7635 3761 1
2121 5385 1
5385 2121 1
1605 5586 1
5586 2576 3
8798 7210 1
7210 3620 1
7540 1660 11
1660 3124 1
3124 1247 1
1247 2595 1
4788 2562 1
3709 3787 1
2576 3859 1
3859 6514 1
6514 494 2
494 6684 2
6684 7999 1
8582 3282 2
3282 2561 1
2561 8873 1
578 1360 1
1360 7099 1
7099 7917 1
7917 7226 1
7226 8949 1
8949 9378 1
9378 1346 1
1346 5497 1
5497 5473 2
5473 4788 1
9585 3395 1
3395 9714 1
9714 2834 1
2834 556 1
9772 276 1
276 494 1
9571 3122 1
2102 1346 1
8084 9585 2
9714 1269 1
1269 2556 1
2556 9571 1
9571 6110 1
4140 6583 1
6583 5283 1
5283 2562 1
2576 6845 1
6845 4790 1
4790 3562 1
3562 5210 1
5210 8576 1
7540 2492 1
2492 5200 1
5864 3911 1
3911 3124 1
3124 2292 1
2292 4364 1
4364 2576 2
1062 276 1
276 7569 1
5744 1651 1
1651 494 2
494 414 1
414 9090 1
9090 353 1
353 2576 1
2576 6369 1
6369 2195 1
2195 4788 1
4788 4021 1
4021 1 1
4575 8265 1
8265 1037 1
9772 7943 1
3429 2004 1
301 584 1
584 502 1
502 6712 1
6712 502 1
3074 986 1
986 7569 1
7569 310 1
310 5867 1
5867 3787 2
7799 5497 2
5497 8064 6
8064 4837 1
4837 9585 1
621 2809 1
3600 9773 1
4140 8992 1
8992 482 1
482 3997 1
3997 4894 1
4894 1530 1
1530 2562 1
5497 588 1
588 482 1
3787 7918 1
7918 5842 1
5842 9585 1
8591 9663 1
4790 8530 1
8530 4448 5
4448 8189 1
8189 1660 1
1660 6676 1
6676 4737 1
9585 4165 1
4165 9556 1
9556 7024 3
7024 1820 3
1820 9540 1
4788 5517 2
5517 3252 1
4788 1621 1
1621 9773 1
9773 9556 1
1820 997 1
997 3124 1
3124 4210 1
4790 2320 2
2320 8842 1
8842 7459 1
7459 502 1
3898 2024 1
2024 3621 1
3621 7540 1
7540 9556 1
4407 7459 1
7459 9773 1
4737 8846 1
8846 3911 1
3911 8879 1
4632 5439 1
9517 382 1
382 2576 2
3322 5186 1
502 8535 1
8535 596 1
596 9772 1
2576 7949 1
7949 9414 1
621 6562 1
7540 8514 1
8514 9291 1
9291 2576 1
4090 9128 2
4235 778 1
778 3761 1
351 3727 1
3727 5337 1
5337 8582 1
8582 9246 1
9246 7197 1
7197 3761 1
4789 5337 1
5337 9787 1
235 9787 1
2722 8702 1
8702 6291 1
6291 5140 1
5140 1062 1
1062 5995 1
5995 7559 1
4090 4622 2
4622 1129 1
7701 2501 1
2501 6955 1
6955 5020 1
5020 4701 1
7918 1960 1
1960 3990 1
3990 1660 1
1660 9773 2
4248 7715 1
7715 1158 1
1158 3810 1
3810 2576 3
2576 8189 2
8189 8591 1
8591 6436 1
621 9587 2
3727 5254 1
5254 1577 1
8636 5693 1
5693 4407 1
2018 5840 1
5840 1394 1
2501 9663 1
4790 3927 1
3927 4090 1
4090 4739 2
8834 2552 1
3358 1269 1
1269 4301 1
4301 4889 1
4889 2292 1
7701 840 1
840 1346 1
3727 6029 1
6029 1688 3
1688 7540 1
6583 1096 1
1096 2595 2
7666 2903 2
2903 2562 1
3709 9772 1
9772 2671 1
2671 333 1
2588 1346 1
8873 524 2
7631 2576 2
5171 7632 1
7632 1408 2
1408 695 1
9585 3122 1
2102 8473 1
8473 4736 1
4736 3761 3
7053 506 1
9178 4632 1
4632 3124 2
3124 6575 2
6575 1096 1
2903 502 2
5172 2562 1
2576 9044 2
9044 4790 1
4790 8373 2
8373 4464 1
3728 6520 1
6520 6252 1
8069 5174 1
5174 7666 1
2903 4407 1
2435 1688 1
1688 494 1
494 4758 1
4758 5857 1
5857 5583 1
5583 8873 1
9791 2024 1
2024 3767 1
3767 4632 1
1346 5818 1
5818 3810 1
3810 5372 1
5372 6968 1
6968 1660 1
4086 5468 3
5468 2992 1
2992 621 7
621 351 1
351 1346 1
1346 1062 2
1062 4041 1
4041 1337 1
1337 5797 1
5797 4545 1
4545 1062 1
1062 371 1
371 333 1
2588 2812 1
6496 9787 1
1022 2024 1
2024 9517 1
7540 371 1
371 7632 1
9772 6314 1
6314 5453 2
5453 3154 1
3154 4289 3
4289 1818 3
1818 8968 1
8968 6979 1
6979 4790 1
4790 6110 1
8741 6039 1
6039 797 1
797 3609 1
3609 2825 1
2825 5693 1
5693 9772 1
9772 9195 1
9195 4790 1
4790 8288 1
8288 3761 1
3761 5684 1
5684 3810 1
8371 502 1
2272 7405 1
1037 8059 4
8059 854 2
854 9772 1
9772 8371 1
8371 3124 1
3124 8189 1
8189 2562 1
7925 4790 1
8373 5497 1
5497 8782 1
2809 4737 1
4737 621 1
621 1599 1
1599 8373 1
8373 1037 1
1037 30 1
30 5577 1
3787 1660 1
2576 4519 1
4519 2430 1
2430 9077 1
9077 1660 1
1660 8031 1
502 3620 4
3620 3124 1
3124 1430 1
1430 1185 1
1185 9787 1
8050 6782 1
6782 774 1
774 8623 1
8623 7401 1
7401 1640 1
7799 1918 1
1918 5842 4
5842 3683 4
3683 414 3
414 3327 1
3327 2501 2
1505 569 1
569 5050 1
5050 2802 1
2802 4918 1
4918 6110 1
6110 4788 1
9773 9781 1
9781 145 1
145 6436 1
7666 4788 1
3465 4086 1
5468 9773 2
3495 4876 1
4876 4660 1
4660 2576 2
4790 6680 1
6680 5596 1
5596 7666 1
7666 3202 1
3202 4788 1
4788 569 1
569 5784 1
5784 4463 1
6110 7666 2
7976 8626 1
3578 621 1
3245 2552 3
3761 2607 2
2024 570 1
570 7540 1
7540 146 1
146 7791 2
7791 2018 1
4793 4494 1
4494 9772 1
9772 1855 1
1855 7666 2
7666 9031 2
9031 2576 3
9787 8265 2
8265 2834 1
494 2735 1
2735 7740 1
7740 4788 1
3383 2812 1
4388 502 1
502 6863 1
6863 3761 1
7540 9031 1
2926 7449 1
7449 414 2
414 4180 1
4180 4086 1
4086 5439 1
5439 2062 1
2062 4940 1
621 1960 1
1960 1177 1
1177 2160 1
2160 4788 1
4788 868 1
868 7452 1
7452 9592 1
9592 2802 1
2802 5468 1
5468 4090 2
5798 3761 1
3761 2538 1
2538 458 1
458 2161 1
2161 8873 1
3245 9355 1
9355 482 2
482 1958 1
1958 4685 1
4685 3637 1
3637 149 1
4918 3215 1
3215 7790 1
7790 155 1
155 5001 1
155 3537 1
3537 9787 1
2552 7666 1
414 9031 3
8069 8085 1
8085 951 1
8268 4484 1
1346 4788 2
6583 1690 1
1690 2077 1
2077 7498 1
1346 4210 1
968 7999 1
7540 2830 1
2830 4170 1
4170 1 1
2430 756 1
756 8143 1
1651 442 1
3124 3787 3
9671 6583 1
7049 3200 1
3200 1549 1
1550 2576 1
3581 7053 1
7053 7018 1
7018 6503 1
6503 4788 1
1532 3124 1
3124 8683 1
8683 4632 2
9772 3957 1
3957 2576 1
2576 8917 1
8637 4324 1
4324 5995 1
5995 2780 1
2780 4788 1
4788 9592 1
9592 3776 1
3776 8559 1
8559 1704 1
1704 689 1
4790 524 1
524 6582 1
6582 4790 1
502 1590 1
1590 4940 1
3245 3327 1
2501 4150 1
4150 2576 1
2576 9370 1
9370 4407 1
8136 7046 1
7046 502 1
502 1960 2
1960 3776 1
3776 9209 1
9209 2802 4
1 8559 2
8559 2576 3
2576 1625 3
1625 7540 2
1547 442 2
9671 1346 1
4840 9456 1
9456 2576 3
2576 4543 2
4543 4464 1
4140 1037 2
6642 8695 1
8695 854 1
2576 905 1
905 2843 1
4714 1761 1
1761 3637 1
3637 570 1
570 2819 1
9772 9415 1
9415 7540 1
8392 7095 1
7095 993 1
993 2234 1
2234 4840 1
4840 6687 1
6687 5842 1
5842 5439 7
5439 7302 1
4788 2843 2
9414 9517 1
2576 2843 1
2843 2078 1
2078 9246 1
5990 1037 1
3381 993 1
8741 853 1
853 7477 1
7540 2504 1
2504 5610 1
5610 6926 1
6926 7701 2
7701 6996 1
6996 502 1
7536 4788 1
6630 1375 2
1375 2576 1
2576 765 1
7952 4090 1
7918 4392 1
4392 7540 1
2189 8576 1
968 9160 1
9160 7952 1
7952 7090 1
7090 2802 1
7464 3154 1
3154 7302 1
7302 502 1
2926 339 1
5842 1062 1
1062 6472 1
6472 8557 1
8557 7705 1
7705 634 1
634 2174 1
2174 2061 1
9587 9791 1
9791 621 1
4788 8904 1
8904 2576 1
2576 3465 1
2809 1 1
6189 9092 1
9092 9587 1
9587 5587 1
5587 4844 5
4844 2694 1
2694 6969 1
6969 9350 1
9350 3124 1
3124 1807 1
2024 7286 1
7286 3787 1
8627 8576 2
7559 4442 1
4442 7952 1
7952 3174 1
3174 9332 2
9332 3154 1
4788 8954 1
8954 6966 1
6966 4902 1
4902 9494 1
9128 5587 1
4844 8576 1
3074 8873 3
1346 8645 1
8645 3425 1
3425 3961 1
3495 3370 1
3370 467 1
467 4600 1
4600 1 1
4090 4844 1
4844 8334 1
8334 1062 2
1062 1945 1
1945 4788 1
4788 7925 1
9773 3371 1
3371 2576 1
6583 1398 1
1398 9140 1
9140 2076 1
2076 6966 1
6966 5303 1
5303 3371 1
3371 414 1
414 3124 1
3124 6927 1
6927 2121 1
2121 5431 1
5431 5911 1
5911 4789 1
2903 2576 2
7799 147 1
147 9031 1
9031 4321 1
1366 7666 1
7666 7850 1
7850 4788 1
2147 2576 1
1919 4788 4
9787 6472 1
6472 1062 1
6230 4788 3
5171 1062 2
9772 6858 3
6858 4788 1
4788 4364 2
4714 8576 1
8576 8228 1
8228 9787 1
7559 8050 1
8050 4585 1
8582 6885 2
6885 3124 1
3124 6756 2
6756 2430 1
2430 8069 1
8244 7666 1
7401 2576 1
2576 968 3
968 4840 1
4840 9136 1
9136 3174 1
9332 4463 1
4463 5587 1
4844 7694 1
4788 6281 1
6281 9787 1
1394 5587 1
4844 6189 1
9773 8641 1
8641 6291 1
6291 9520 1
9520 9136 1
3600 1197 1
1197 5587 1
5587 4600 1
4600 8873 1
44 9772 1
8350 9012 1
9012 1285 1
1285 8576 1
9585 4844 1
4844 8637 1
1869 9395 1
9395 7918 1
7918 4844 1
4844 689 1
7540 1500 1
1500 1326 1
1326 4845 1
4845 4555 1
4555 4368 1
4368 760 1
760 4789 1
4789 5024 1
5024 6969 1
6969 6143 1
6143 2501 1
2501 750 1
750 6436 1
6436 1979 1
1979 458 1
458 5199 1
5199 2576 1
7694 5369 1
5369 8085 1
8085 1 1
8577 6624 1
6624 8557 1
8557 1996 1
1996 7918 2
7918 1699 1
1699 4734 1
4734 7550 1
7550 2686 1
2686 6538 1
6538 5940 1
5940 5588 1
5588 5112 1
5112 7900 1
7900 9585 1
9585 5587 1
4844 3787 1
2576 6969 1
6969 6230 1
6230 9787 2
1773 1022 1
1022 8741 1
3245 3831 1
3831 9638 1
9638 3745 1
3676 5610 1
5610 7357 1
7357 4788 1
3381 1037 1
1037 6613 1
6613 502 2
568 8010 2
8010 2576 3
2576 4139 1
4139 2576 1
6583 905 1
905 9585 1
1062 1800 1
1800 4 1
9631 502 1
3635 7430 1
7430 4350 1
1062 2024 1
2024 4402 1
4090 7954 3
7954 9773 1
1459 1309 2
1309 9026 2
9026 3124 1
3124 6132 1
6132 6684 1
6684 9082 1
9082 2576 2
2576 7051 1
7051 6907 1
6907 7666 1
7498 903 1
903 8576 1
9772 1853 1
1853 1918 1
2576 958 1
958 5842 1
414 9787 1
6931 903 1
903 1800 1
1800 8576 1
1062 8921 1
453 1394 1
3787 4041 1
4041 41 3
41 9803 2
9803 5487 1
5487 5637 1
5637 9787 1
1773 7956 2
7956 1062 1
1062 3890 2
7701 414 1
414 5439 2
9027 1062 1
1062 5491 1
3728 930 1
1062 3245 1
3245 8582 3
8582 8801 1
2843 4139 1
4139 6456 1
6456 621 1
621 2919 1
2919 2483 2
2483 1878 1
1878 958 1
958 1037 1
1037 8379 1
8379 854 1
854 1800 1
1800 7008 1
5185 2576 2
8149 2843 1
4575 1309 1
1309 6371 1
6371 5602 1
5602 3523 1
3523 1793 1
1793 7666 1
7666 3384 1
3384 1800 1
7430 4636 1
9585 1309 1
1309 2552 1
2700 4090 1
8702 621 1
621 2104 1
2104 1443 1
1443 4407 2
621 8045 1
8045 8821 1
8821 4407 1
4407 4714 1
4714 9103 1
9103 1698 1
7540 9765 1
9765 9682 1
9682 5610 1
5610 6268 1
6268 4179 1
4179 9592 1
9592 1309 1
2576 7791 1
7791 4788 1
5468 4788 1
6756 3417 1
3417 3983 1
3983 2576 1
9517 1098 1
1098 7701 2
2121 43 1
43 4407 1
4407 1396 1
1396 750 1
750 41 1
9803 3787 1
3787 2848 1
2848 3414 1
3414 33 1
33 2044 1
2044 4229 1
4229 1818 1
494 3357 1
3357 2576 2
2576 4529 2
4529 146 1
7791 1672 1
1672 3124 2
2576 6806 1
6806 1450 1
1450 7904 1
3011 1800 2
1800 756 1
756 4484 1
4484 2576 1
2576 5543 1
5543 81 1
81 6954 1
524 5001 2
524 2735 2
1918 6378 1
6378 1062 2
1062 8637 2
8637 2819 2
2819 1918 1
2576 1754 1
1754 3154 1
3154 9418 1
1062 2480 1
2480 2576 1
2576 2597 1
2597 4940 1
4940 7752 1
7752 144 1
144 441 1
441 1062 1
9772 4140 1
4140 5535 1
8231 4090 1
4090 1027 1
1027 4373 1
2843 7696 1
7696 7540 1
7540 4111 1
4111 436 1
436 3154 1
1098 2590 1
2590 8597 1
8597 2121 1
2121 1500 1
1500 2576 1
2576 1996 1
7918 9772 2
9772 9638 1
9638 7559 1
7559 1529 1
1529 6266 1
6266 4788 2
8969 9024 2
9024 1329 1
1329 4317 1
4317 2700 1
2576 9291 2
9291 1 2
7666 3893 1
3893 8531 1
8531 2551 1
2551 9773 1
9773 2700 1
9291 1793 1
1793 1062 1
1062 149 1
149 1947 1
1947 7559 1
8090 8059 1
8059 2501 2
2501 8479 1
8479 4631 1
4631 4086 1
4086 6682 1
6682 3776 1
3776 9026 1
9026 1062 2
556 9585 5
2735 2576 1
2576 227 1
227 1918 1
1918 6120 1
6120 9787 1
6523 1255 1
1255 9772 1
9772 2032 1
2032 4529 1
4529 502 1
502 9671 1
9671 3776 1
3776 1185 1
2576 2992 2
621 7678 3
7678 8337 1
8337 502 1
3550 4041 1
4041 3173 1
3173 930 1
930 3683 1
3683 4961 1
4961 7799 1
8371 3620 1
2576 5301 1
5301 4788 1
7498 3124 1
3124 689 1
9773 9663 2
1820 6756 1
6756 4789 3
4789 5954 1
4790 1734 1
2576 7753 1
7753 2819 1
1062 2134 3
2134 4388 1
4388 7259 1
7259 3761 1
4090 8763 1
8763 4789 1
4789 5152 1
5152 7498 1
7498 8316 1
8316 3124 1
3124 1 3
442 4788 2
9671 5684 1
5684 9459 1
476 7502 1
7502 3664 1
3664 4940 1
4940 922 2
922 8718 1
3124 2238 1
2238 1360 1
1360 2802 1
2802 4102 3
4102 576 1
576 9080 1
9080 8879 1
3898 502 2
502 7790 1
7790 4373 1
3503 1734 1
7701 5641 1
5641 1800 1
1800 9038 1
9038 7799 1
3787 6941 2
6941 4445 1
9787 9109 1
9109 7498 1
7498 6378 1
4714 3776 1
3776 9585 2
9585 6519 1
6519 968 1
7701 1951 1
1951 1007 1
1007 9773 1
7945 1459 1
1459 1800 1
1800 840 1
3787 7982 1
7982 1753 1
1753 8712 1
8712 3124 1
3124 3761 1
3761 5282 1
1651 6109 1
6109 2121 4
1062 4488 1
4488 9772 1
9772 7308 1
7308 621 1
6642 8926 1
4235 622 1
622 4929 1
4929 9721 1
9721 6110 1
9262 621 1
621 6149 1
6149 3124 1
3124 4859 1
8873 3776 3
3776 2021 1
2021 3358 1
3358 502 2
1826 7661 1
7661 3063 2
3063 1628 2
1628 4632 1
1826 621 1
4701 7661 1
3063 3252 1
3252 4789 1
7331 5954 1
5954 1991 1
1991 9031 1
9031 7666 1
8064 371 1
371 6875 1
6875 3064 1
3064 4789 1
4789 9217 1
9217 1991 1
1991 1309 2
1309 1 1
7559 5955 1
5955 502 1
4701 3063 2
3063 7540 2
7540 7753 1
7753 2576 1
494 8216 2
502 1305 1
1305 3787 1
9529 2695 1
8741 3495 1
7632 9606 1
9606 7540 1
7540 4104 1
4104 3204 1
3204 3124 1
9772 9606 1
9606 3679 1
494 5954 1
5954 4788 1
4788 7935 1
7935 8678 1
9787 3776 1
3776 4960 1
4960 3761 1
3761 3810 1
5821 7666 1
7666 1989 1
1989 4960 1
4960 1734 2
4790 3063 1
3063 8900 1
8900 6870 1
6870 4407 1
3578 5171 1
5171 3631 1
3631 6676 1
6676 4636 1
4789 5460 2
1919 165 1
165 5960 1
5960 1988 1
1988 1309 6
1309 8678 1
4789 5158 1
5158 8900 1
8900 4790 1
2595 3063 7
3063 5460 1
5460 722 1
8347 9058 1
683 3038 1
3038 2313 1
2313 4396 1
4396 9671 1
9671 1738 1
1738 5864 1
8947 8400 1
3495 8325 1
8325 8490 1
8490 1 1
1918 9346 1
9346 4940 1
4940 1354 1
1354 3209 1
8741 3063 1
3063 494 1
494 8900 1
8900 3674 1
7160 4373 1
4090 6480 1
6480 165 1
165 2843 1
2843 1624 1
1624 875 1
875 2694 1
6466 9054 1
9054 7666 1
7666 1387 1
1387 2802 1
7463 3898 1
1427 6685 1
6685 2018 2
2018 1037 1
9772 8899 1
8899 4918 1
3600 3063 1
3063 4960 1
4960 1346 1
4104 4407 1
4788 8678 1
7569 3679 1
7799 2576 1
3683 9606 1
9606 634 1
634 494 1
494 5606 1
5606 8554 1
8554 9016 1
9016 3787 1
3154 9791 1
9791 1037 1
1037 3745 1
3745 1019 1
1019 3761 1
9027 2753 1
2753 3302 1
3302 7666 1
4653 9787 1
2121 8440 1
8440 3124 1
2576 6617 1
1346 621 1
4911 6617 1
6617 4142 1
4142 3776 1
3776 2819 1
2576 5685 1
5685 9402 1
9402 7773 1
3787 5497 1
5497 9626 1
9626 3600 1
3600 7538 1
7540 8559 3
8559 4789 2
4789 7197 1
7197 2616 1
2616 5300 2
5300 1466 1
1466 2121 1
2121 4154 1
4154 9016 1
9016 7302 1
9585 284 1
284 4090 1
8962 9585 1
9585 7555 1
7555 2576 1
2576 5418 1
5418 2595 1
869 5487 1
5487 1 2
1 2045 1
2045 9481 1
9481 1738 1
8741 2120 1
2120 9585 1
3391 3679 1
3679 7253 1
7253 4701 1
7918 3979 1
3979 3787 1
3787 3068 1
3068 2819 1
2819 977 1
7945 2073 1
2073 1466 1
1466 3957 1
3957 9012 1
9585 9016 1
9016 494 1
494 572 1
572 2576 1
2576 1219 1
1219 9772 1
9772 8264 1
8264 3980 1
3980 2819 1
1062 8969 4
8969 8576 3
9415 5719 1
5719 9773 1
9773 284 1
284 2686 1
2686 7799 1
3635 5027 1
5027 1062 2
1062 1762 1
1762 9773 1
9773 1717 1
1717 5418 1
5418 875 1
875 2121 1
9016 2592 1
2592 4651 1
4651 502 3
7945 9112 1
9112 9639 1
9639 378 1
378 6110 1
1624 7540 1
1547 2271 1
2271 3787 1
3280 4917 1
4940 5426 1
5426 4464 1
4464 1919 2
1919 7753 2
7753 5973 1
5973 4142 1
4142 3770 1
3770 2576 1
2576 8891 1
8891 6165 1
6165 1704 1
1704 6583 1
7312 6687 1
6687 44 2
9787 2469 1
2469 2812 1
9787 8369 3
8714 3484 1
3484 2009 1
2009 8956 1
8956 6707 1
6707 8576 1
8576 3562 1
6928 4789 1
8268 695 2
3013 3124 1
3154 2691 1
2691 710 1
710 9554 3
9554 6002 1
1651 695 1
695 4788 2
9397 556 1
556 2802 1
9474 4962 1
9585 710 1
9554 1575 1
9088 4407 1
4090 8530 3
4448 4463 1
9772 7302 2
7302 1704 1
1704 3154 1
5170 8978 1
8978 6104 1
6104 3124 1
3124 4086 1
9474 4859 1
4859 2576 1
9397 6151 1
6151 7810 1
6892 4086 1
4086 4407 1
8392 2924 1
2924 1 1
3124 2107 1
3420 6002 1
1326 2056 13
7559 2107 1
2107 2812 1
9670 9787 1
6015 950 3
950 2819 1
2819 7569 1
7569 5282 1
5282 370 1
370 7900 1
8337 1189 1
1189 1 1
6189 9587 2
9587 1127 1
1127 968 1
453 5601 1
5601 3142 1
3142 4940 1
4940 9481 1
9481 2576 1
3642 4636 1
9417 7799 2
3124 6151 1
6151 6103 1
6103 4086 1
9474 3011 1
3011 6769 1
6769 502 1
9670 9772 1
9772 7948 3
7948 3391 1
3351 3602 1
3602 3011 1
1800 6687 1
6687 5433 1
5433 4788 1
4788 3262 1
3262 502 1
502 3719 4
3719 782 4
782 2843 1
2843 8408 1
641 1062 1
1394 9668 1
9668 778 1
4090 6564 1
6564 1443 1
4788 6564 1
6564 3890 1
1408 4090 3
6662 1 2
986 1062 1
3890 4336 1
4336 1566 1
1394 4402 1
5687 9585 1
7945 1394 1
3124 6500 1
6500 502 1
502 9668 1
9668 3264 1
482 3264 1
2018 9668 1
9668 7268 1
7268 4090 1
218 3715 1
3715 5797 1
5172 7948 1
7948 1062 1
3013 695 1
695 2514 1
2514 782 2
782 1566 2
1566 3859 1
3859 1062 1
494 2012 1
2012 1734 1
502 2513 1
2513 4336 1
4336 4450 1
4450 8576 1
3358 2576 1
2576 710 1
9554 4190 1
4190 2012 1
3787 3715 2
3715 9587 1
9587 3264 1
7701 1863 1
1863 970 1
970 8741 1
2501 5936 1
5936 2514 1
502 402 1
402 502 1
502 9669 1
9669 1613 1
1613 747 1
747 3787 1
3280 384 1
384 3156 1
3156 8576 1
2819 3124 1
3124 564 1
564 3264 1
502 8868 2
8868 782 1
782 3787 2
3715 2819 1
1062 2607 2
2607 4336 1
4336 6627 1
9587 2951 1
2951 782 1
5995 1062 1
9772 8288 1
8288 9772 1
1427 3129 1
3129 2576 1
2576 9816 1
9816 8879 1
9585 1073 1
1073 4840 1
3787 8615 1
8615 6236 1
6236 9787 1
6256 386 1
386 4515 1
4515 2576 1
2576 8069 1
8069 2734 2
4407 7049 1
7049 3683 1
3683 4737 1
4737 6386 1
6386 502 1
3550 1704 1
1704 8268 1
8268 4445 4
1062 9494 1
9494 9397 1
9474 6151 1
6151 1326 1
1062 8591 1
7773 6002 1
4086 7809 1
7809 3787 1
3787 9509 1
9509 1062 1
1394 3076 1
3076 3787 1
3787 7809 1
7809 524 1
524 1988 10
1309 7799 1
3635 1566 1
4788 7810 1
7810 9587 1
4789 7773 3
7773 1734 1
1734 9585 1
2709 2576 1
7941 7810 1
7810 1 1
3787 2924 1
2924 90 1
5517 9787 1
2576 5785 1
5785 9585 1
4788 6842 1
6842 7799 1
7559 9186 1
9186 8582 1
4575 9585 3
8031 6015 1
950 9787 1
6132 5497 1
5497 1571 1
1571 4840 1
4840 9480 1
9480 3142 1
3142 2576 1
2576 4476 1
4476 1919 1
1919 8252 2
8252 9587 1
9587 1189 1
1189 2833 1
2833 2595 1
2595 4219 1
4219 3683 1
3683 5908 2
5908 7236 1
7236 9084 3
3761 8702 1
4701 6842 1
6842 9787 1
2812 1774 1
1774 2576 1
4701 2802 3
2056 2024 2
1919 9587 1
9587 9573 1
9573 6844 2
6844 3124 1
6514 4389 1
8582 8408 2
8408 1625 1
1625 4350 1
502 6641 3
6641 3124 1
3124 1818 2
3581 7728 1
7728 6842 1
6842 7728 1
7728 6868 1
6868 1460 3
1460 9787 1
2812 1225 1
1225 4790 1
621 2018 1
1577 4489 1
4489 2121 1
9772 9446 1
9446 4095 1
4095 556 1
556 8576 2
8576 5769 1
5769 6520 1
7540 7810 1
7810 9459 1
4153 9196 2
9196 4790 1
1037 6843 1
6843 502 1
1659 9573 1
6844 621 1
3391 8702 1
4701 7799 1
9414 2819 1
2819 4589 1
4589 502 1
44 7540 2
7540 6616 1
6616 9414 1
3761 4589 1
4142 4336 1
8591 778 1
8531 2121 2
2121 9517 3
4589 5487 2
8045 7073 1
1568 6304 1
6304 2819 1
4153 7455 1
7455 7540 1
4414 1399 1
1399 5255 1
5255 2576 1
2576 9554 1
9554 2800 1
2800 9772 1
9353 9012 1
1062 2199 1
885 3679 1
3679 1778 1
1062 4389 1
44 4336 1
4336 2487 1
2487 1546 1
1546 4336 1
4336 1704 1
1704 502 1
44 3215 1
3215 1399 1
5867 1734 1
1734 6616 1
6616 4388 1
4388 6302 1
6302 4789 1
8960 5523 1
5523 4373 1
9478 4373 1
8616 4373 1
3787 9812 1
9812 1734 1
4142 4374 1
4374 4701 1
7918 1577 1
9474 8069 1
8259 1566 1
2056 6151 1
6151 9397 1
4840 6015 1
950 8576 1
2819 8082 1
8082 9149 1
9149 2595 1
9585 8185 1
502 9179 1
9179 8873 1
8327 5491 1
5491 502 1
7540 1456 2
1456 4638 1
9585 3301 1
3301 8511 1
8511 6461 1
6461 2576 1
3787 8069 1
2709 5908 1
4911 6616 1
6616 4788 1
1818 5497 1
5497 4653 1
4653 9397 1
9474 2576 1
2576 7773 2
7810 748 1
7540 9576 1
7732 8741 1
8741 8762 1
8762 2251 1
2251 2576 1
2576 4650 1
4650 3683 1
4635 4737 1
945 8990 1
8990 2576 1
9585 1618 1
1618 727 1
727 7540 1
1547 6091 1
6091 8135 1
8135 502 1
502 2779 1
2779 3683 1
7918 3727 1
3358 482 3
7799 2819 2
2819 9547 2
9547 2703 2
2703 9585 2
4090 3836 1
3836 9787 1
8777 3116 2
3116 1035 1
1035 3408 1
3408 8268 1
8268 4789 1
4789 2819 2
2703 8921 1
8921 1062 4
1394 9571 1
6284 8576 1
1062 4402 1
4090 8118 1
8118 7437 1
4402 1037 1
7799 8515 1
6284 5911 1
5911 7498 1
2576 5565 2
5565 524 1
524 8915 1
8915 8879 1
9585 2997 1
2997 9773 1
4737 6042 1
6042 7915 1
7915 9787 1
7967 5911 1
4789 7498 1
5565 7666 1
3787 1704 2
1704 9772 1
9772 5132 1
5132 5644 1
5644 4789 1
4789 5050 1
5050 7540 1
7540 2608 1
2608 1765 1
7945 6144 1
6144 588 1
588 3021 1
3021 2595 1
7799 4407 1
4407 7179 1
7179 9787 1
9787 1460 1
1460 2018 1
494 5532 1
5532 621 1
4911 9585 1
9417 588 1
588 1706 1
1706 8268 1
8268 3776 1
3776 5743 1
5743 748 1
8559 2802 1
8611 8392 2
8392 4328 1
4328 2576 1
2576 4362 1
4362 1394 2
4790 6189 1
6189 9012 1
9601 537 1
4940 7449 1
7449 2576 2
2576 339 1
339 7073 1
482 6684 1
6684 2018 1
8847 4589 1
4589 8582 1
4575 4445 1
930 8847 3
4840 3776 1
3776 442 1
442 5497 1
5497 978 1
978 7666 1
7666 6466 1
6466 2481 1
2481 9517 1
3154 778 1
4788 8 1
8 4402 2
4076 4331 1
9787 7160 1
7160 91 1
91 1 1
4788 6003 1
588 4788 3
4788 7478 1
7478 9772 1
2576 4761 1
4761 4402 1
4402 1919 1
3787 1693 3
1693 9585 2
3727 8352 1
8352 8582 1
8582 3502 1
3502 155 1
155 4904 2
4904 1734 1
7701 4493 1
4493 8834 1
8834 3636 1
3636 1651 1
1651 778 3
568 2576 1
502 3503 2
3503 1 1
4788 9602 1
9602 2576 1
4086 1466 1
1466 7540 1
494 4362 1
4790 8582 4
3600 8847 1
8847 155 2
8136 494 1
482 8072 2
8072 7952 1
7952 2483 1
8611 7918 1
7918 4222 1
4222 588 1
588 4389 1
7900 1394 2
1394 1919 1
9517 9589 1
8582 9585 2
482 2406 2
4790 8452 1
8452 5966 1
5966 3776 1
4373 1394 3
191 494 1
2819 1761 1
1761 1628 1
4090 3970 1
7443 2576 1
4090 8290 1
8290 7449 1
2576 1918 3
1918 7952 1
1394 7701 2
7559 4350 1
5797 8334 1
8334 2543 1
2543 4559 1
4559 8582 1
8582 1628 1
1628 6110 1
6110 3776 1
3776 1245 1
8525 8559 1
5172 8576 1
8576 4987 1
4987 7666 1
7666 3660 1
3660 7753 1
7753 9585 1
146 2487 1
1547 4758 1
8006 9787 1
9787 5989 1
5989 7799 1
7701 930 1
2834 2024 1
2024 4701 3
4701 1628 1
4140 7331 1
7331 4463 1
4463 3183 1
3183 4350 1
9772 5797 1
5797 8626 1
968 3776 2
3776 5497 1
7666 4644 1
4644 3313 1
3313 3472 1
3472 8712 1
8712 6711 1
6711 1044 1
1044 4058 1
4058 3787 1
1704 2576 1
1121 8873 2
4789 8582 1
8582 8957 1
8957 8073 1
8073 9585 1
149 6583 1
3817 4464 1
7753 6583 1
4789 8683 6
8683 9228 1
9228 4402 1
4402 3636 1
3636 1394 1
1394 4790 1
5497 6858 2
6858 8873 3
4788 6944 1
6944 2576 2
494 2756 2
2756 4789 1
4789 1640 2
1640 8337 1
8337 6858 1
9787 6944 2
8576 8783 1
8783 2576 1
2576 3631 1
3631 9585 1
5910 6684 1
6684 494 3
4789 7952 1
3787 3317 1
3317 4789 1
4789 2024 3
8777 1 1
7540 8779 1
8779 8777 1
3116 2004 1
2004 1734 1
9587 4840 1
4840 1594 1
1594 5552 1
5552 6858 1
6944 8576 1
2834 2576 1
2576 8774 2
8774 2595 1
2595 7753 1
7753 3154 1
8050 4559 1
4559 7799 1
7701 4336 1
5797 6110 1
2819 1704 1
1704 2616 1
1628 8337 1
8337 8320 1
8320 9587 1
7701 8873 1
2576 6003 1
9585 4069 1
4069 8290 1
8290 1918 1
1649 3787 1
1960 8413 1
7821 1738 1
7403 6602 1
6602 1660 1
1660 1734 1
4790 2686 1
2056 5573 1
5573 6436 1
8582 6050 2
6050 4916 1
9038 4632 1
9787 3859 3
3859 9187 2
9187 6956 1
6956 3408 1
3408 502 1
7945 7540 2
494 9420 1
7331 9187 1
9187 4226 1
7666 2869 3
2869 9787 2
8841 4477 1
4477 4605 1
3358 621 2
494 2234 1
2234 6181 1
6181 2802 1
2802 1792 1
1792 8724 1
8724 2576 1
2576 7162 1
7162 5300 1
4790 4527 2
4527 8264 1
7559 4336 1
6995 2595 1
5769 7300 1
7300 4940 1
4940 3245 1
3245 5940 1
5940 9773 2
9773 7608 2
7608 1 1
3124 8146 1
8146 9212 1
9212 9787 1
8582 111 1
111 9585 1
9585 4102 2
4102 494 1
494 2048 1
2048 9006 1
7300 3358 1
6284 3776 1
3776 4336 1
9772 8685 2
1401 3381 1
3381 8873 3
9006 5020 1
5020 6436 1
4701 664 1
3787 3775 1
3775 3728 1
3728 7715 1
2056 6003 1
2576 9065 2
9065 2453 1
2453 1660 1
1660 7540 1
4789 7222 1
7222 9520 7
9520 5546 1
4140 6507 1
6507 8168 1
8168 3787 1
5980 8678 1
4289 4737 1
4737 2300 1
2300 502 1
494 778 2
778 4176 2
4176 1734 1
502 4903 4
4903 1734 1
1701 7842 1
4373 895 1
895 3680 1
3680 986 1
986 4387 1
6496 4388 2
4388 2709 1
2709 1267 1
1267 3209 1
9587 1141 1
1820 4248 1
4248 494 2
494 8455 1
8455 1660 1
4090 5200 1
5200 4373 1
3503 5693 1
5693 4605 1
4605 7830 1
7830 2802 1
9773 1774 1
1774 314 1
314 3728 1
3728 1746 1
1746 2501 1
1738 352 1
8136 6704 1
1443 1738 1
1890 4090 1
8702 7791 1
7791 9029 1
9029 4407 1
4012 8873 1
9787 9355 1
9355 6275 1
6275 968 1
968 6456 1
6456 3469 1
3469 5453 1
2748 9078 1
9787 9053 1
9053 3620 1
9056 3600 1
6186 5076 1
5076 3787 2
6094 7320 1
7320 762 1
8658 3961 1
3961 3776 1
3776 5435 2
5435 2576 6
4636 1326 1
1326 1660 1
8270 9414 1
621 951 1
951 4090 2
502 1806 1
1806 9819 1
9819 1 1
1 8270 1
1660 4226 1
4226 9585 1
1761 1800 1
7430 9212 1
9212 3124 1
3124 2845 1
2845 5627 1
5627 2576 1
2576 3985 1
3985 3728 1
4790 6191 1
6191 1594 1
1594 8858 3
8858 7540 1
7408 4895 1
4895 3063 1
3063 4464 1
4464 1988 1
1988 3787 1
8630 4407 1
1746 5194 1
5194 1738 1
1738 3063 1
3063 1346 1
8059 9012 1
9012 4789 1
4789 4625 1
4625 4407 1
4407 8143 2
3124 3823 1
3358 3245 1
3245 1766 1
1766 1660 1
1660 3209 1
3209 7666 2
8064 4901 1
4901 6275 1
3063 4788 1
578 7540 1
3937 6776 1
6776 8591 1
8591 8842 1
8842 4647 1
4647 4407 1
2287 8879 1
155 7635 1
7635 4402 1
1128 2222 1
2222 2056 1
2056 7635 1
7978 6436 1
7407 1328 1
1328 8271 1
2576 5725 1
5725 7095 1
7095 3124 1
8969 8582 1
4575 7196 1
7196 1326 1
4069 3620 1
3787 3347 2
3347 4790 1
4790 9628 1
9628 2576 1
2576 8530 3
8530 7569 1
7569 8988 2
7701 2274 1
2274 5596 1
5596 3205 9
3205 6583 1
6583 5192 1
5192 854 1
3898 3205 1
3205 8591 1
1326 4789 1
8400 5497 1
8142 4407 2
6016 5596 1
7498 1902 1
1902 2121 1
2121 3150 1
3150 722 1
722 5460 1
5460 3776 1
3776 9787 3
2056 8271 1
4789 2132 1
2132 3562 1
3562 9778 1
9778 502 1
7978 9653 1
9653 4454 1
4454 4790 1
2576 2341 4
1605 6110 1
9585 1346 5
1346 4226 1
4226 3835 1
7999 4336 1
3358 3016 1
3016 5596 1
3205 9772 1
2121 8310 1
8310 9787 1
9787 7739 1
7739 4574 1
2592 3562 1
8626 8084 1
9517 933 1
933 3737 1
3737 5497 1
9604 3063 1
3063 621 1
621 2020 1
2020 4789 2
4789 8271 1
8271 5596 1
3205 5866 1
3063 6149 1
6149 4336 1
4336 3124 1
1346 7722 1
7722 6110 1
578 8268 1
8268 1346 1
1346 4445 1
2025 8591 1
8582 1394 2
1394 3127 1
3127 8576 1
3761 6549 1
6549 4810 1
4810 5840 1
5840 9520 1
9520 6319 1
8310 7945 1
7945 8461 1
8461 6687 1
6687 3761 1
3761 1651 1
8741 2882 1
2882 9585 1
7701 8637 3
8600 9787 1
2812 3846 1
8050 9590 1
8582 4216 1
4216 9773 1
6796 1800 1
1800 7540 1
7666 4156 1
4156 3327 1
1960 8862 1
8862 425 1
425 9787 1
7196 524 1
524 5453 1
5453 8873 1
7559 9791 1
9791 2588 1
2588 2576 1
2812 5171 4
2510 502 1
4789 2246 1
2246 1346 1
3761 9415 1
9415 482 1
7694 2018 3
2018 9171 1
9171 5112 1
5112 9489 1
2802 8777 1
8777 9250 1
6983 482 1
482 762 1
9585 8969 2
8969 9012 1
2501 7116 1
7116 2292 1
7701 9173 1
9173 4790 1
494 4984 1
4984 1750 1
1750 3761 1
6252 2406 1
2406 6582 1
6582 8678 1
1062 7331 1
7331 9053 1
9053 532 2
6331 4226 1
7925 4086 1
5779 2576 1
4187 8962 1
8962 6333 1
6333 1346 1
1346 6776 1
3383 622 1
622 4301 1
4301 940 1
940 9489 1
3880 4791 1
4791 5644 1
5644 482 1
482 2701 2
7701 4157 1
4157 2576 1
2576 7173 1
7173 8678 1
7569 940 1
940 6776 1
6776 4791 1
4791 951 1
3124 6724 1
6724 994 1
994 7540 3
840 2819 1
1394 9068 1
9068 5112 1
5112 4090 2
6745 4911 1
4911 2699 1
2699 556 1
482 606 1
606 197 1
197 6003 1
9585 9464 1
9464 2699 1
2699 3154 1
6745 9611 1
4090 4701 2
4701 3513 1
3513 7498 1
7498 1889 1
1738 899 1
2686 1636 1
1636 8850 1
8850 1803 1
1803 3309 1
3309 2576 1
4791 5910 1
5910 9585 1
9585 3891 1
3891 7559 1
7559 3979 1
3979 502 1
4086 2903 1
2903 1346 1
1346 6726 1
6726 502 1
4961 9585 1
482 8992 1
8992 2576 1
2576 3620 1
7540 2561 15
2561 9585 1
9585 2381 1
2381 3787 1
3787 9588 1
9588 384 1
3503 8422 2
8422 4685 1
4685 730 1
730 146 1
146 7789 1
7789 8686 1
8686 3388 1
3388 4790 1
621 2699 1
2699 2843 1
2843 668 2
668 1062 1
1062 3701 2
3701 1346 1
1346 840 1
840 2802 1
7463 7791 1
7791 4090 1
6177 9530 1
9530 3761 1
1528 2121 1
2730 2691 1
2691 9773 2
1660 4984 1
4984 3761 1
7498 6153 1
6153 5859 1
5859 2699 1
2699 2819 1
8702 1286 1
947 4790 1
4790 7266 1
7266 8576 1
494 993 1
3761 9171 1
9171 6744 1
6744 4737 2
4737 4327 1
4327 2576 2
1037 2699 1
2699 594 1
594 4586 2
4586 4021 1
4021 8873 1
8873 7791 1
7791 4918 1
4918 1826 2
1826 9304 2
9304 2166 1
2166 7540 1
621 2702 1
2702 9772 1
4790 945 1
945 1774 1
1774 3244 1
3244 4790 1
4790 1628 1
1628 3695 1
3695 4090 1
4090 1372 1
1372 8576 1
8798 9189 1
9189 2370 1
7701 3276 2
3276 9372 2
9372 4790 1
4790 2637 1
9772 8404 1
8404 4090 1
6520 7540 1
8392 5740 1
8702 1346 1
1346 4463 2
4463 3665 1
3665 8850 1
5908 5539 1
5539 9585 1
3503 4898 1
4898 2040 1
2040 3787 2
8469 3129 1
3124 8576 1
8576 3396 2
3396 2189 1
2189 2570 1
2570 9585 1
1346 5596 2
3074 9218 1
9218 2576 1
2576 8084 1
4788 1772 1
1772 4632 1
9585 8531 2
8531 568 1
568 194 1
194 2210 1
2210 1812 1
1812 502 1
1445 1326 1
6663 2694 1
8582 4797 2
4797 954 1
954 2819 1
2819 1800 2
1800 3124 1
3124 9195 1
2296 9540 1
5517 9772 1
9772 1800 2
1800 2843 1
2843 3761 2
3761 1738 3
1651 1037 1
1037 2502 1
2502 1945 1
1945 3787 1
8392 1 3
1 2607 1
2809 1443 1
1443 1945 1
1945 8182 1
8182 6283 1
6283 4510 1
4510 385 1
385 8050 1
9012 8112 1
8112 762 3
762 1346 1
7799 2812 1
3761 8270 3
502 4902 1
4902 3873 1
3600 7918 1
7918 9773 3
5171 4573 1
4573 9787 1
9012 5499 1
5499 9585 1
9182 4402 1
4402 8254 1
8254 5497 1
5497 3727 1
3727 4935 1
4935 3683 1
5453 3124 1
3124 1017 1
1017 8268 1
8268 5137 2
5137 1062 2
1941 3776 1
3776 7197 1
494 4432 1
4432 8759 1
8759 2576 1
2576 6523 2
6523 4144 1
3154 8891 1
8891 502 1
3063 9077 1
1037 9450 1
9450 5460 1
9587 8270 1
8270 4790 6
502 2967 1
2967 4350 1
9585 4144 1
6016 3620 1
2561 3727 1
3727 9203 1
9203 6892 1
6892 2740 1
2740 5791 1
5791 2595 1
4788 3503 1
8688 1062 1
1062 4840 1
4840 1129 1
7701 1336 1
1336 9517 1
9517 1346 1
7631 5171 1
5171 9099 2
9099 1408 1
6575 9637 1
9637 5596 1
5596 1902 1
1902 621 1
8777 9345 1
4069 5483 1
5483 6504 1
6504 2802 1
7990 8320 1
8320 5497 2
825 2209 1
1979 4407 2
8626 9593 1
9585 1915 2
885 9585 2
7799 9773 1
3693 2018 1
482 2640 1
7008 6519 1
3537 2840 1
2840 4817 1
4817 3787 1
9787 2408 1
2408 3124 1
3124 1252 1
1252 4714 1
4714 3620 1
3620 6384 1
9189 4476 1
4476 7666 2
7666 3767 2
5902 4788 1
5170 2576 1
340 689 1
2561 3124 1
3124 2421 1
2421 4788 3
502 8127 3
8127 3534 3
3534 3327 1
3327 5596 1
5596 5383 1
5383 2421 1
4788 1586 1
502 8126 1
8126 3728 1
3728 7407 1
8637 1660 1
502 5864 2
5864 4423 1
4423 184 1
184 8576 1
2819 4144 1
4144 653 1
653 4701 1
8702 5383 1
5383 1 1
1 8127 1
3534 1136 1
1136 3391 1
3391 1600 1
1600 502 1
1399 3124 1
3898 8270 1
4790 2561 1
2561 4790 1
502 6685 1
6685 2139 1
2139 1 1
1 3620 1
1660 4737 2
7498 6384 1
9189 8278 1
7540 3347 5
3347 9787 1
9787 6698 2
6698 8683 1
9483 502 2
2869 502 1
4726 825 1
825 5760 1
5760 1734 1
1734 1618 1
4134 371 1
371 5744 3
5744 3600 1
3600 6002 1
8270 3620 3
2561 1328 1
1328 755 1
755 1826 1
2018 6833 1
6833 2292 1
2292 8678 1
1826 155 1
8136 4648 1
4648 1037 1
2258 4090 1
7402 8742 1
6145 8069 1
8069 4697 1
4697 4407 1
4407 9593 2
8350 662 1
662 9585 1
482 4390 1
4575 9187 1
9187 1577 1
1577 6436 1
621 2059 1
2059 3787 1
7361 3981 1
3981 9787 2
9418 2819 2
7851 4988 1
4940 3620 1
2561 5497 1
9182 9585 3
7463 2576 1
1346 2592 1
7701 3810 1
3810 8278 1
7540 3205 1
3205 9787 2
9787 6552 1
6552 5610 1
5610 2802 1
2802 602 1
602 4789 1
4789 8444 1
8444 3683 1
3683 3347 1
968 5653 1
5653 4090 1
7949 3358 2
3358 8873 3
4790 2845 1
2845 2814 2
2814 4407 1
4904 4090 1
7949 4552 1
5819 502 1
1826 7993 1
7993 1037 1
1037 5800 1
5800 633 1
633 2496 1
1 7222 1
7222 9249 1
9249 2024 1
4090 4077 1
4077 9787 1
4921 8112 1
8112 7540 1
3347 5661 1
5661 3787 1
9483 2802 2
1605 3124 1
4407 8879 2
4790 9427 1
9427 502 2
1037 4435 1
4435 2183 1
2183 6789 1
6789 6181 1
6181 3639 1
3787 4378 1
4378 9768 1
9768 8591 1
8591 4374 1
494 7958 1
7958 4373 1
3503 2496 1
2496 2188 1
2188 7823 1
7823 9735 2
9735 502 2
8378 9787 1
9585 9584 2
9584 6962 2
6962 3154 1
3154 3856 2
3856 357 1
357 3846 1
3846 5840 1
5840 8216 1
8216 3189 1
8139 7777 1
7777 502 1
7666 3191 1
3191 1605 1
1605 2595 1
2595 8378 1
8378 502 1
8400 1505 1
1505 494 2
494 5025 1
5025 2576 1
4464 3063 1
3063 1437 1
7635 6789 1
5497 3109 1
3109 1586 1
2273 8685 1
8685 5025 1
5025 1 1
7559 2272 1
2272 4090 2
494 4392 2
2730 155 1
155 2092 1
2092 8621 1
8621 5439 1
9027 9787 2
7967 3973 1
3973 1586 1
1586 3855 1
3855 1128 1
1128 9530 1
9530 5230 1
5230 1605 3
4714 2341 1
2341 3787 4
2304 1 2
1 2988 1
2988 494 1
494 3254 1
3254 6602 1
6602 9787 1
6583 494 1
4788 7211 2
7211 4407 1
968 9182 1
9585 3248 1
3248 8276 1
8276 5497 3
3347 4090 1
5359 9787 1
9787 526 1
526 8683 1
6133 4745 1
4745 4789 1
4789 664 2
664 3898 1
9585 3620 3
3620 3679 1
3679 8270 1
8270 2004 1
1505 3240 1
3240 7540 1
7540 1505 1
494 7692 1
7692 6445 1
9345 4910 1
4910 5024 1
5024 3381 1
3381 3591 1
3591 5857 1
5857 3686 1
3686 5919 1
5919 2576 2
2576 4778 1
4778 7543 1
7543 9787 1
9787 3625 1
3625 6883 1
6883 3620 1
1660 5596 1
5596 3240 1
3240 1505 1
1505 2819 1
1326 8873 2
8873 3591 1
3591 494 1
494 7928 1
7928 3192 1
3192 7498 1
7498 6436 1
6520 1738 1
1738 4790 1
4790 1883 1
1883 2576 1
8741 9408 1
9408 9585 1
9787 1916 1
1916 6690 1
8621 6133 1
6133 1222 1
2595 2273 1
9189 7663 1
7663 8271 1
2121 1605 2
1605 4905 1
4905 8278 1
3347 4737 2
4737 3776 1
3776 4789 2
4789 5695 1
5695 8672 1
8672 2802 1
1505 8337 1
8337 5300 1
3039 6596 1
6596 5919 1
3787 3591 1
3591 1 1
2430 5677 1
5677 2802 1
3381 4435 1
9787 951 3
951 8702 1
4789 5449 1
5449 6181 1
6181 2576 1
8400 2802 1
9787 8231 1
8231 1073 1
9483 2637 1
2637 1605 1
3973 502 1
502 4587 1
6676 6915 1
3639 8378 1
8378 8530 1
8530 7666 1
7666 1805 4
1805 8879 1
8879 4090 1
2292 3358 1
9787 6544 1
6544 9584 1
6962 666 1
666 7823 1
7823 1603 1
1603 9735 1
9735 9787 1
945 9196 2
9196 8576 1
4790 6037 1
6037 8216 1
8216 3646 1
8139 311 1
311 6698 1
6145 7173 1
7173 2576 1
2576 4157 1
4157 8626 1
1651 6582 2
8582 4100 1
4100 4569 1
4569 3562 1
6520 2637 1
2637 4788 2
4788 1254 1
1254 8576 1
2576 5615 1
5615 8582 1
8582 4796 1
4796 2018 1
2018 3620 2
2561 4918 1
8591 3252 1
4788 5911 3
5911 8678 1
7197 6313 1
6313 8683 1
8683 8278 1
8367 2686 1
3787 1606 1
1606 762 1
8658 3679 1
3679 6109 1
6109 3776 1
5435 2595 2
9024 1326 1
4789 7271 1
7271 7192 1
7192 3675 1
3898 4790 2
502 8200 4
8200 2802 1
8100 1427 1
1427 6286 1
6286 9585 1
6582 8069 1
2709 4569 1
4569 1660 1
1660 596 1
596 3899 1
3899 502 1
7569 3641 2
3011 8337 1
8337 2163 1
2163 1506 1
1506 3240 1
3240 502 1
7945 3124 1
3124 5940 1
5940 3620 1
2561 4463 1
4463 7365 1
7365 2576 1
8683 2054 1
9587 6372 1
6372 8031 1
8031 7945 1
7945 5656 1
5656 9773 1
9773 3620 1
3620 7197 1
7197 7900 2
7900 1043 1
1043 8112 1
2576 1252 3
1252 1660 1
1660 2595 1
2595 1505 3
1505 4407 1
7402 3787 2
6050 7540 1
3641 968 1
968 6443 1
2802 9250 2
9250 3247 1
2595 9584 1
9584 3727 1
1761 2024 1
2024 6862 1
9787 5769 2
5769 2640 1
2640 7540 1
7540 9663 1
2819 4392 1
4090 9126 1
9126 524 1
7935 2143 1
1660 4336 1
4176 2153 1
2153 8582 1
2927 7799 1
7559 8112 1
8112 9251 1
9251 762 1
9584 9012 1
9012 9038 1
2273 8400 1
8400 6037 1
6037 7251 1
7251 4031 1
4031 502 1
4392 3209 3
3209 9576 1
7732 545 1
126 3124 1
3381 9587 1
9024 4090 1
9507 4904 1
4790 6924 2
6924 4752 1
5870 6519 1
6519 7540 3
7666 5979 1
5979 1507 1
2576 7270 1
7270 5587 2
5587 6922 2
6922 4790 1
4790 540 1
540 1158 1
1158 1505 1
1505 3787 1
7747 3063 1
3063 6143 1
6143 8591 1
4911 8440 1
8440 7142 1
7142 854 1
854 1505 1
1505 7536 1
7536 4790 1
4790 7587 1
7587 2121 3
2121 1742 1
1742 8440 1
8440 2802 1
2802 8168 1
8168 8576 1
9585 6665 1
6665 2272 1
2272 2576 1
2576 8378 1
8378 494 1
8069 2197 1
2197 8440 1
8440 3240 1
3240 3787 2
1505 4908 1
4908 1037 1
2056 5908 1
5908 4407 2
4892 502 1
6641 8582 1
8582 3673 1
3673 4630 1
4630 2188 1
5596 4789 2
4789 7791 1
7791 2576 1
2576 7561 1
7561 4790 1
4790 1988 1
1988 2325 1
2325 3600 1
502 5306 1
5306 7536 1
7536 8440 1
8440 8873 1
8873 2625 2
2625 1505 1
6758 5943 1
5943 1037 1
8059 3787 1
6230 6915 1
3639 4790 2
502 7536 1
1375 7540 1
3642 3787 2
5840 6676 1
6676 4210 1
4210 6806 1
6806 5244 1
5244 7904 1
7904 9471 1
9471 9773 1
9773 1179 1
1179 502 1
502 8731 1
8731 8673 1
8673 4090 1
4001 8702 1
8702 3482 2
3482 1030 1
1030 7561 1
7561 2576 2
8777 7791 1
7791 6505 1
6505 1037 1
968 5458 1
5458 2802 1
2802 1360 1
1360 3679 1
3391 9636 1
9636 2878 1
2878 4415 1
4415 5497 1
2576 7995 1
7995 4434 1
4434 2297 1
2297 9585 1
6966 7996 1
7996 3787 1
6230 9161 1
9161 9520 1
9520 1327 1
1327 2121 1
7073 9474 1
9474 1037 1
9012 2324 1
2324 8576 1
9585 4374 1
4374 2812 1
2812 4222 1
482 9119 1
9119 1577 1
2576 9789 1
9789 4407 1
4407 7270 1
7270 4507 1
4507 1594 1
1594 9622 1
9622 5390 1
5390 2576 1
2576 2297 1
2297 3313 1
3313 3511 1
3511 2819 1
9414 7330 1
7330 3787 2
4392 4373 3
7117 9259 1
9259 8626 1
3578 6859 1
6859 1032 1
1032 9204 1
6092 9517 1
641 2576 2
2576 9207 1
9207 825 1
825 3503 1
3503 4164 1
4164 6436 1
4788 1607 1
1607 7540 2
7540 266 1
266 3165 1
4788 5334 1
5334 6966 1
6966 1040 1
1040 2352 1
2576 6793 1
6793 1734 1
8694 7661 1
6913 2004 1
3391 2943 1
2943 1408 1
2576 2076 1
2076 7498 1
7498 9064 1
9064 1037 2
1037 3857 1
4788 2325 1
2325 4840 1
3600 8873 1
8873 8347 1
8347 6954 1
6892 9576 1
8582 1349 1
1349 2576 1
2576 3395 1
3395 9517 1
9517 9094 1
9094 6859 1
6859 7540 1
7540 3397 1
3397 8952 1
8952 8591 1
1326 6871 1
6871 1360 1
1360 4222 1
5596 3609 1
3609 4373 1
3503 9747 1
9747 502 1
968 3381 1
4788 4201 1
4201 8202 1
8202 8731 1
8731 8245 1
8245 691 1
691 4791 1
4791 2812 1
2812 4035 1
4035 2056 3
4090 8254 1
8254 2802 1
2802 9081 1
9081 2819 1
2576 7647 1
7647 4762 1
4762 1734 1
384 8730 1
8730 6230 1
6230 2231 1
2231 1329 1
1329 9315 1
9315 951 1
951 4233 1
4233 6033 1
6033 3011 1
1037 6484 1
6484 494 1
494 4760 1
4760 4701 1
4701 3695 1
1587 7721 1
7721 2121 1
9773 3747 1
3747 2716 1
2716 2576 2
9160 3787 1
4235 114 1
114 1126 1
1126 7569 1
2021 705 1
705 1719 1
1719 2496 2
1037 4630 1
4630 8337 1
8337 1042 1
1042 9411 1
9411 502 1
2734 5786 1
5786 9090 1
9090 5439 1
5439 3787 1
3154 5687 1
5687 3089 1
3089 4090 1
3727 6777 1
6777 4373 1
3503 940 2
940 4788 1
4788 6412 1
6412 3654 1
1389 4076 1
4076 8683 2
8683 3555 1
8729 5069 1
5069 8621 1
8621 9188 1
9188 4407 1
3550 2595 1
2595 5586 2
5586 6122 1
6122 269 1
269 3300 3
3300 2576 2
2576 8415 1
8415 837 1
837 3316 1
3316 621 1
4701 8045 1
8045 4407 2
4789 5683 2
8582 7811 1
7811 1594 1
1594 9585 1
9585 5252 2
5252 6520 1
6520 2305 1
2305 4788 1
8400 3846 1
3846 1505 1
1505 4727 1
5819 837 1
837 763 1
763 8362 1
2576 3679 1
494 6756 1
6756 7680 1
7680 1640 1
6582 6291 1
6291 7403 1
7036 4392 3
4788 7305 1
7305 5908 1
5908 494 2
494 4219 1
4219 2576 1
2576 9001 1
9001 4392 1
4392 5547 1
5547 4090 1
4788 1189 1
1189 1731 1
1731 7270 1
7270 4090 1
2287 4714 1
4714 2576 2
2576 8834 1
8834 3899 1
3899 4788 2
4788 4585 1
7540 2076 1
2076 3177 1
3177 2484 1
2484 5770 1
235 5912 1
7896 3835 1
3835 6583 1
6583 265 1
265 1607 2
1607 547 1
547 8347 3
8347 6676 1
6676 700 1
700 8702 1
5473 7841 1
7841 3846 1
1408 6642 1
6642 5819 1
4788 265 2
1607 8582 1
4575 837 1
837 3300 1
2576 8484 1
8484 763 1
763 6574 1
6574 1037 1
371 4723 1
4723 9350 1
9350 7270 1
7270 6520 1
6520 4547 1
4547 1278 1
1278 8252 1
8252 1597 1
1597 8347 1
8347 6384 1
9520 8969 1
1605 7823 1
494 6829 1
6829 502 1
5586 6186 1
6186 8279 1
8279 621 1
3391 2825 1
2825 1597 2
7719 1835 1
1835 5123 1
5123 2496 1
2496 8922 1
8922 8965 1
8965 837 1
837 3551 1
3551 6401 1
6401 7540 1
7540 100 1
100 6825 1
6825 660 1
660 7053 1
2576 4044 1
4044 3786 1
8674 6110 1
5252 6756 1
6756 8729 1
8729 7666 1
7666 7680 1
7680 7540 1
494 6419 1
6419 9530 1
1597 8031 1
8031 5822 1
5822 1408 1
5473 7270 1
7270 7841 1
7841 547 1
8347 3787 2
265 4557 1
4557 9459 1
9459 8777 2
8777 8347 1
8347 2273 1
2273 5684 1
5684 502 1
7480 6629 1
6629 4464 1
7482 1262 1
1262 7666 1
7666 9671 1
9671 2802 1
6842 2576 1
8149 1517 1
1517 9726 1
9726 4789 1
4789 5817 1
5817 3235 1
3235 8071 1
8071 9773 1
9773 5622 1
5622 7270 1
7270 8031 1
8031 8088 1
8088 2576 1
6859 547 1
3600 4788 2
4788 1865 1
1865 5910 1
5910 621 1
2819 6684 1
1651 5687 2
3569 7559 1
4090 2446 1
2446 9517 1
8626 301 1
301 2691 1
8582 3569 1
3569 4788 1
4788 2173 1
2173 7701 1
7701 4631 1
4631 3467 1
2576 8905 1
8905 6276 1
6276 502 1
9517 6045 1
6045 7270 1
6922 6844 1
6844 6782 1
6782 5252 1
5252 3787 1
6230 494 1
494 7559 4
4173 4407 1
1738 9801 1
9801 1732 1
2576 7883 1
7883 6110 1
3124 8530 1
8530 502 1
5172 8988 1
8988 6782 1
6782 3850 1
3850 7918 1
8336 1807 1
1807 3701 1
3701 4651 1
7945 9526 1
9526 5596 1
2305 8683 1
8683 7270 1
7270 880 1
880 4976 1
4976 4076 1
4076 4319 1
9628 6443 1
1505 9787 3
2772 502 1
968 6002 1
6002 857 1
857 2576 1
2576 6630 3
1037 3622 1
3622 4788 1
4788 1639 1
1639 4788 2
4090 8758 1
8758 4714 1
4714 968 1
968 6046 1
6046 2576 1
8320 1648 1
1648 2819 2
3679 3495 2
3495 9716 1
9716 3848 1
3848 3240 1
5483 6537 1
6537 4789 1
4789 719 1
719 4364 1
9414 9721 1
9024 4908 1
4908 3358 1
3358 8591 1
8591 1660 1
8200 2686 1
9189 1252 1
5123 5909 1
5909 3980 1
3980 1394 1
7701 3070 1
3070 8969 1
8969 6181 1
6181 8358 1
8358 2595 1
1505 3620 1
2561 9787 1
8746 556 1
556 4199 1
4199 3727 1
8265 6109 1
6109 5434 1
5434 2611 1
2611 3776 1
3776 2686 1
2056 9414 1
9772 797 2
797 1673 1
1673 2018 1
2018 1211 1
1211 1505 1
1505 2595 1
2595 3675 4
3675 999 1
999 4788 1
9585 5740 1
5740 4789 1
8683 4463 1
4336 9540 2
689 5769 1
7211 5817 1
8856 1427 1
1092 7987 1
7987 5651 2
9359 1673 1
8636 2576 1
2576 7437 1
4090 5429 1
5429 1651 1
1651 8317 1
8317 1738 1
9580 2367 1
2367 8320 1
8320 4788 3
4788 9079 1
9079 9787 1
9787 3981 1
3981 4788 1
4788 9264 1
9264 502 1
8367 7053 2
8637 2734 1
2030 4463 5
7666 751 1
751 2576 2
5740 8068 1
6796 2786 1
2786 5439 1
9027 6229 1
6229 3761 1
7540 6230 1
6230 1831 1
9787 767 1
767 6583 1
6583 765 1
3381 6436 1
3683 8318 2
8318 9787 2
3727 4940 1
9772 8974 1
2576 9419 1
9419 7843 3
7843 9196 2
9196 1037 1
8846 9787 2
3727 6924 2
6924 502 2
502 1197 1
1197 3381 1
3381 8 1
4402 3124 1
3124 1648 1
1648 634 1
634 707 1
707 4788 1
4788 1129 1
9772 8714 1
8714 1723 1
1723 2576 1
2576 8486 2
8486 2401 1
2401 4631 1
4631 7267 1
7267 3562 1
6928 8334 1
8334 3728 1
3728 4636 1
9585 4876 1
4876 4788 1
4788 5250 1
5250 155 1
8136 8396 1
8396 9012 1
9012 4463 4
7666 5252 1
5252 7682 1
7682 1805 1
1805 5527 1
5527 4788 1
492 3362 1
3362 4022 1
4022 2576 1
44 4788 1
5171 2030 3
4463 4249 1
8228 7540 1
7540 5144 1
5144 2576 1
4012 2734 1
2734 4788 1
4788 8208 1
8208 621 1
621 9418 1
4788 5585 1
5585 1806 1
1806 4407 1
1037 5995 1
4739 6436 1
6436 8514 3
8514 9173 3
9173 4238 1
4238 4788 1
9585 748 1
7540 414 2
414 7666 1
9031 7197 1
7197 8909 1
8909 5468 1
5468 502 1
44 8148 1
9772 4573 2
4573 4790 1
4790 6682 1
6682 8104 1
9585 1628 1
1628 9773 1
9773 502 1
44 502 2
502 3214 1
3214 339 1
339 7451 1
7451 494 1
371 4486 1
4486 7559 1
7559 1628 1
1628 3767 1
3767 4463 2
4463 6376 1
6376 5763 1
5763 502 2
44 2812 1
2812 1738 3
9580 2283 1
2283 4790 1
4790 5785 1
5785 1037 1
7666 1436 1
1436 2576 2
2576 5399 1
5399 2576 1
4632 7561 1
7561 1988 1
1988 9585 2
3727 4226 1
2056 6639 1
2802 7279 1
7279 2699 1
4790 1472 1
1472 9419 1
7715 6983 1
748 502 1
6996 149 1
149 494 1
8576 7043 1
7043 2576 2
8576 8529 1
8529 9585 1
5910 7744 1
7744 7762 1
7762 4940 1
379 3011 1
4790 4530 1
4530 2576 1
2576 1947 1
1947 6436 1
9183 1734 2
7701 825 2
825 178 1
178 752 1
2576 7252 2
7252 4790 1
4790 1360 1
1360 3124 1
7540 7667 1
7667 4788 1
4788 169 1
169 4226 1
2056 1078 1
1078 4633 2
4463 6744 2
6744 1826 1
9304 4142 1
621 875 2
875 2699 1
2699 7540 1
85 3888 1
3888 8579 1
8579 9530 1
6110 6230 2
6230 2809 1
2809 7182 1
7182 951 1
951 3266 1
3266 1738 1
1738 85 1
85 9493 1
9493 4575 1
4575 8678 1
4903 5998 1
5998 6436 1
4605 3787 1
6230 1 1
8576 4752 1
5870 7048 1
7048 4042 1
4042 2722 1
9787 1628 1
1628 3945 1
3945 494 1
494 5282 1
5282 8965 1
8965 502 1
9791 5243 1
5243 7033 1
7033 3154 1
3154 3124 1
6745 4142 1
5497 8520 1
8520 4423 1
4423 9462 1
9462 5940 1
9120 9512 1
9512 3787 1
3787 3599 1
3599 108 1
108 7540 1
7540 4651 1
7945 8818 1
8818 7315 1
7315 8742 1
2056 149 1
149 4142 2
4142 8909 1
8909 502 1
7160 8392 1
8392 1610 1
1610 8547 1
8547 5079 1
5079 530 1
502 3577 1
3577 1 1
1 8331 1
8331 4790 1
4790 3537 1
3537 762 1
4851 9787 1
8873 1628 1
1628 2576 2
2576 6943 1
6943 7540 2
4790 4142 2
4142 7744 1
7744 7170 1
7170 4940 1
4940 1433 2
1433 4790 1
4790 2276 1
2576 3229 1
3229 8576 1
9585 8860 1
4790 7999 1
7999 5468 1
5468 5842 1
5439 1394 1
4790 1566 1
6375 825 1
825 8582 1
3060 4790 1
4142 6745 1
6745 502 1
9604 1443 1
6654 7138 1
7138 7374 1
7374 7540 1
7540 3537 1
2812 2121 1
2121 621 3
4090 2623 1
2623 2595 1
5221 8784 1
8784 8525 1
8525 6941 1
6941 3011 1
149 5449 1
5449 3787 1
3787 687 1
687 4543 1
4543 7666 1
4142 6514 1
6514 9787 10
8136 8834 1
2056 8160 1
8160 482 1
482 3521 1
3521 7540 1
4464 7561 2
7561 2018 1
92 4090 1
4153 2686 1
1597 6744 1
6744 494 2
494 4632 2
4632 502 1
7945 4327 1
4142 593 1
593 4840 1
3600 6744 1
6744 9773 1
9773 1121 1
1443 7782 1
7782 802 2
802 3664 1
2595 2547 2
2547 2576 1
5439 155 1
1033 4504 1
4504 1219 1
7666 4158 1
4158 7562 1
7562 4788 1
414 4634 1
8531 4355 1
4355 7812 1
7812 6744 1
6744 6436 1
3154 7138 1
7138 5687 1
4575 3537 1
3537 7540 1
7374 875 1
875 9773 2
9773 6162 1
6162 3945 1
3945 4210 1
4210 9284 1
9284 6044 1
6044 4464 1
3728 4407 1
8334 5491 2
5491 2709 1
7918 3622 1
3622 3124 1
3124 4040 1
4040 3787 1
7666 4321 1
1037 839 1
839 7540 1
8392 1346 1
1346 7978 1
1346 9593 1
7701 1581 2
8600 3787 1
1659 1818 1
494 8186 1
8186 85 1
85 9251 1
9251 3011 1
8069 7291 1
7291 3124 1
1346 5684 1
5684 2802 1
9529 2576 2
2576 7072 1
5497 1197 1
1197 4790 1
3381 9787 1
4790 7781 1
7781 1018 1
1018 3124 1
3124 8268 1
8268 494 2
3063 502 1
502 5788 1
5788 4438 1
4438 4387 1
4387 4336 3
4336 524 4
578 4966 1
1568 4788 1
4644 3122 1
8667 9787 1
9772 977 1
977 3011 1
3011 5497 1
494 6149 1
6149 3381 1
4090 2462 1
2462 8847 1
8847 8824 2
8824 1057 1
1057 2686 1
2686 7705 1
4439 4387 1
578 5837 1
5837 9548 2
9548 1566 1
1566 7999 1
7999 8702 2
4090 3317 1
3317 2992 1
2992 9548 3
9548 524 1
578 9585 1
524 3063 1
2819 3649 1
3649 3776 16
3776 5823 1
5823 4789 1
4789 1062 1
1346 4585 1
4585 8683 2
5172 7540 1
7540 885 4
692 3358 1
8847 9587 1
3247 1269 1
1269 5123 2
5123 4336 1
7631 5497 1
3581 502 1
9590 4090 2
4090 9130 4
9130 5739 1
5739 9413 1
9413 2576 2
2576 6144 1
6144 1009 1
1009 7236 1
8926 825 2
825 311 1
311 1189 1
2595 1651 1
2576 4966 2
4966 5909 1
9585 2502 1
4142 1054 1
7053 1346 2
3124 6463 1
6463 7917 1
7917 9007 3
9007 1 1
2430 4534 1
4534 1918 1
1918 664 1
664 2819 3
453 2484 1
4090 4727 6
4727 4407 1
968 8531 1
8531 1651 1
5171 6286 1
6286 6756 1
6756 7312 1
7312 1346 1
1346 4859 1
4859 4350 1
4790 9397 1
9397 8824 1
8824 1037 1
748 9787 1
3727 6954 1
6954 9227 1
9227 2812 1
2812 951 1
4790 3391 1
3391 4713 1
4713 1269 1
748 3011 1
3011 2056 1
7949 9540 1
1659 6230 2
6230 9251 1
4902 7223 1
7223 8576 1
4234 6864 1
6864 9787 1
8683 8276 1
8276 9012 1
3347 4445 2
1648 2576 3
7701 566 1
566 4790 1
502 5525 2
5525 4790 1
4904 4790 1
4790 9263 2
9483 1 1
6189 4338 1
494 1778 1
4790 8050 2
8050 2326 1
2326 8897 1
8897 3063 1
3063 524 1
578 2686 1
9522 502 1
7440 596 1
596 4790 1
4790 5866 1
2621 9012 1
9012 6862 2
6862 4407 1
578 2024 1
8216 1128 1
1128 6181 1
6181 2595 1
3063 9587 1
4090 451 1
451 1062 1
1062 2018 1
6862 8850 1
8850 388 1
388 930 1
930 8576 7
8576 9714 5
9714 903 3
903 2802 1
7463 6110 1
1346 5576 1
5576 4840 1
4840 1918 2
7540 4683 1
4683 2576 2
2576 6515 1
6515 1774 1
1774 1372 1
1372 691 1
691 4790 1
3641 8400 1
8400 5592 1
7148 2576 1
2576 6257 1
6257 7701 1
1346 7180 1
7180 7697 1
7697 9430 1
9430 9364 1
9364 2576 1
2819 4276 1
4276 9415 1
9415 8545 1
8545 7666 2
7463 9773 1
6796 4142 1
453 9010 1
9010 4803 1
4803 8626 1
4790 5112 1
5112 8935 1
8935 6319 1
8310 7701 2
7559 5532 1
5532 2736 1
2736 4790 1
4790 1433 1
4911 4702 1
4702 7540 1
7701 4528 1
4528 6110 1
7302 2024 1
2024 453 1
453 4142 1
4142 3388 1
3388 8526 1
8526 8588 1
8588 5966 1
5966 8741 1
8741 1566 1
8576 6313 1
6313 7207 1
7207 3787 1
7053 3061 1
3061 9585 1
9585 4722 1
4722 482 1
2812 3245 1
3245 8946 1
8946 9787 1
3383 4068 2
4068 8637 1
4142 9773 1
9773 6374 1
7701 9458 1
8184 2018 1
494 8617 1
8617 50 1
50 2576 1
4510 3495 1
3495 2883 1
4289 3266 1
3266 482 1
4790 5277 1
5277 2971 1
2971 75 1
75 1 1
8626 8637 1
3761 6745 1
2121 263 1
263 951 1
3453 2121 1
4790 5819 1
5819 2024 2
1528 7799 1
3635 1326 2
1326 8637 1
9773 9512 1
9512 4790 1
4790 759 1
759 9012 1
502 108 2
108 3154 1
1818 9121 1
5497 4790 2
4790 9530 1
9530 1610 1
1610 8498 1
8498 502 1
2555 1037 1
2056 8962 1
8962 5112 1
8082 7540 2
7540 6984 2
6984 7498 2
3383 8530 1
8530 4250 1
4250 7432 1
7432 4859 1
4859 7073 1
7073 9589 1
9589 4606 1
4606 4099 1
4099 6133 1
6133 4484 1
9787 3124 1
3124 903 1
903 9772 1
2914 8075 1
8075 1672 1
2320 2731 1
2731 8064 1
8064 1651 1
8847 2695 2
2695 5819 1
1443 8075 1
9772 2430 1
1346 3124 1
3124 6622 2
6622 2819 1
4373 4496 1
4496 1 1
6520 3705 1
3705 4463 1
6833 1623 1
1623 4086 1
4086 1818 1
8637 9484 1
9484 4373 1
4373 1549 1
1549 3011 1
3011 4464 1
3728 8276 1
3347 1346 1
1346 8031 1
8031 6583 1
6583 7578 1
7578 9365 1
9365 2576 1
7799 8230 1
8230 6744 2
6744 2576 1
3503 123 1
123 4364 1
7799 1092 1
1092 3062 1
3062 4800 2
4800 3124 1
3124 4691 1
4691 4788 1
4961 8873 1
9414 3937 2
3937 3011 1
8576 8735 2
8735 7540 1
7540 6744 1
6744 2018 1
2018 4800 1
4800 4737 1
4737 4131 1
4131 2576 1
1577 6573 1
6573 384 1
384 8902 1
8902 8678 1
9772 8745 1
715 2819 1
7559 4714 1
1062 6121 1
6121 3683 1
3683 8074 2
8074 8678 1
8678 4142 1
4142 4918 1
1 4086 4
7897 1575 1
1575 482 1
9012 6881 1
6881 3124 1
3124 6726 1
6726 9590 1
8582 4732 1
4732 8712 1
2576 5170 1
5170 8143 1
8143 4354 1
4354 8302 1
1346 4916 1
2576 4596 1
4596 4840 1
4788 5774 1
5774 9787 1
8601 2121 1
4090 1834 1
1834 4788 1
4788 7663 1
7663 4463 1
4463 5694 1
5694 5525 1
5525 4142 1
4142 4788 2
1033 1945 1
1945 8530 1
4790 4575 1
1639 5694 1
5694 1 1
2430 529 1
529 2802 1
968 6794 1
8369 711 1
7918 494 1
494 8678 1
9585 9251 1
7223 1016 1
7540 6145 2
6145 750 1
9587 1865 1
1865 7701 1
7701 3857 1
3857 4997 1
4997 4788 1
4788 2929 1
2929 9585 1
8337 1648 1
1648 5687 1
1371 1807 1
6757 8873 1
4788 7095 1
2056 8712 1
8712 9787 2
7602 1037 1
3787 4142 2
6673 4790 1
8626 4373 1
961 8104 1
9585 6052 1
6052 9012 1
9012 1016 1
1016 9787 1
7540 9529 2
494 8112 1
4407 6915 1
3639 3063 1
1628 8926 1
1605 5070 1
5070 3776 1
3776 7773 1
7773 8591 2
8591 820 1
820 3495 1
3495 7251 1
7251 8489 1
9044 502 2
5779 5170 1
5170 6486 1
6486 2802 1
2802 6993 1
6993 502 1
3641 4714 1
4714 9773 1
9773 7030 5
7030 8873 1
4090 3292 1
3292 146 1
1628 1672 1
1672 7925 1
7925 9012 1
9012 5460 1
3039 2263 1
2263 3381 1
3381 7498 1
2576 1451 1
1451 5449 1
5449 7904 1
7904 9773 1
9773 6776 1
5171 8862 1
8862 940 2
940 155 1
8136 4790 1
4790 4683 1
4683 482 1
1033 853 1
7799 3649 1
3776 1062 3
8184 9367 1
9367 3206 1
3206 7999 1
3787 9603 1
9603 1426 1
1426 9787 1
8685 9772 1
8960 7300 1
7300 2056 1
2691 1062 4
1062 4682 1
4682 4789 2
4789 1177 1
1177 3683 1
3683 2059 1
2059 2819 1
9012 2376 1
2376 4727 1
4727 1651 1
2592 4841 1
4841 4463 1
4463 4142 2
4142 1628 1
1628 8149 1
9585 1717 1
1717 5763 1
44 1734 1
8637 9292 1
9292 2754 1
2754 2576 1
2576 5086 1
5086 3776 1
7780 7701 1
6371 825 1
825 494 1
8529 8591 1
8591 2552 1
9585 3537 1
3537 2576 1
8473 371 1
371 696 1
696 1918 1
7520 2024 1
6387 5683 1
4102 2576 2
903 90 2
90 351 2
351 3683 4
3683 5740 1
4090 1771 1
1771 386 1
386 7641 1
7641 2615 1
2615 4790 1
7641 1918 1
1918 4090 1
4153 9787 1
9772 1876 1
1876 2607 1
2607 840 1
9787 2992 3
351 7918 1
9773 1204 1
8069 4245 1
4245 4407 1
9189 3714 2
3714 1360 2
1360 3775 1
3775 4545 1
4545 9012 1
9787 1717 1
1717 7666 1
7666 7510 2
7510 2576 1
6583 9140 1
9140 9587 1
9787 5565 1
5565 7799 1
7053 8143 1
9585 4265 1
4265 6734 1
6734 2576 1
6015 1002 1
502 2444 1
2444 5908 3
6858 3776 1
3776 1594 1
9787 3642 1
3787 7148 2
7148 4789 1
7773 5300 1
2576 802 1
802 4940 1
3154 8317 1
8317 2024 1
384 8350 1
8350 3173 1
3173 9520 1
9520 4645 1
4645 748 1
2812 2772 1
2056 7049 1
2576 4515 1
4515 2819 1
2819 9517 2
3154 8702 1
3391 1108 1
1108 382 1
382 2570 1
6583 6275 1
6275 7751 1
7751 4609 1
4609 8064 1
7559 5909 1
502 4100 1
4100 9173 1
9173 8414 1
8414 7419 1
7419 5798 1
1773 6708 1
3787 4837 1
4837 4407 1
986 8873 2
9787 8180 1
8180 3787 1
8535 622 1
622 4823 1
4823 3663 1
3663 6436 1
7945 2992 1
621 9623 4
9623 9585 3
9585 6284 1
6284 2812 1
2812 9414 1
2576 185 1
185 3408 1
3408 1037 1
9772 8407 1
8407 4252 1
4252 8407 1
2576 2400 1
2400 6275 1
6275 7559 1
7559 4604 1
4604 4610 2
4610 9787 1
7955 1738 1
6052 4402 1
5687 4445 1
2025 6756 1
7701 6049 1
6049 7799 1
1651 6284 1
6284 9420 1
8582 940 2
940 2819 1
7540 6075 1
6075 674 1
674 2222 1
7635 7540 1
3937 4896 1
4896 3252 1
2691 5880 1
5880 502 1
7945 686 1
686 4476 1
2501 1328 1
8582 3597 1
1326 482 1
3727 3649 1
3776 6704 1
6704 1659 1
8777 7197 1
7197 2021 1
482 3980 1
3980 5080 1
2802 3431 5
3431 2802 1
9585 4714 1
1062 8264 1
9006 3683 1
1651 4489 1
4489 9787 1
7300 2843 1
4575 524 1
524 4142 5
4142 7641 1
7641 4840 1
1918 2501 2
7559 1826 1
1826 4090 2
4153 1062 1
1062 8879 1
8260 3683 2
7918 5080 1
5080 187 1
187 2802 1
2802 524 4
524 3431 1
3431 2576 1
2576 6704 2
6704 8873 2
9459 9555 2
9555 1659 2
1472 6704 1
6704 8591 2
8702 9555 1
1659 4407 1
4407 9419 1
1399 923 1
923 4632 1
4632 3776 1
3776 6398 1
6398 7540 1
8069 1774 1
1774 524 1
524 7918 2
4788 386 2
9520 6644 1
6644 6573 1
6573 4423 1
4423 2937 1
3787 1995 1
1995 6436 1
4789 9082 1
2576 5850 1
5850 8576 1
7695 2024 1
2024 3637 1
3637 9787 1
6756 2018 1
2018 5797 1
5797 3761 1
3761 2428 1
2428 1605 2
2341 4790 2
3787 2204 1
2204 594 1
8031 9163 1
9163 3981 1
3981 3695 1
7799 5770 1
4090 852 1
852 7773 1
2576 1225 1
2056 8614 1
8614 1958 1
1958 2819 1
482 494 2
494 3745 1
3745 9787 2
9787 3938 2
3938 7799 1
6284 2576 3
1062 3649 1
3649 3775 4
3775 3856 1
3856 3741 1
3741 4789 1
4789 1019 1
1019 8576 1
2819 1651 1
1651 1269 1
1269 1734 1
1062 4361 1
4361 2576 1
5337 4788 1
4788 8860 1
8860 4407 1
4407 144 1
144 5978 1
5978 9012 1
4222 524 1
1988 1062 1
1062 778 2
4090 7451 1
7451 9772 1
9772 6872 2
6872 4140 1
2576 4041 1
4041 2360 1
2360 3728 1
3728 4450 1
8637 7569 1
7569 5487 1
5487 9012 1
9012 7799 1
9585 5337 1
5337 4911 1
4911 1062 1
8282 4338 1
4338 5715 1
5715 3154 1
8149 7197 1
7197 797 1
797 3755 1
3755 3776 1
3776 4407 1
9787 1173 1
1173 9012 1
3787 9298 1
4090 8009 2
8009 4404 1
4404 6756 1
7666 5542 3
5542 1360 1
1360 1628 1
1628 7098 1
7098 1037 1
1037 9810 2
9810 2576 1
9810 5497 1
2819 7206 1
7206 5300 1
5300 4789 1
4789 3729 1
3729 6749 3
6749 4464 1
7561 9787 2
3761 1019 1
1019 3695 1
3695 4782 1
4782 2576 1
2576 5613 1
5613 4788 1
2576 1770 2
1770 7666 1
5542 1738 1
4789 8873 3
8873 3234 1
3234 442 1
442 7559 1
4640 3124 1
3154 6232 1
6232 4789 1
8683 7053 1
7053 9662 1
9662 2686 1
2686 7728 1
7728 3243 1
3243 3011 1
9787 3971 1
3971 4789 1
4789 9773 1
9773 9291 2
9291 4789 1
4789 994 1
3381 7248 2
7248 2819 1
2819 8122 1
8122 2237 1
2237 2576 1
2576 2260 1
2260 90 1
90 4788 1
4788 4140 1
4140 4336 1
494 8649 1
3641 9585 1
1394 3641 1
3641 1577 1
1577 7719 1
7719 3761 2
3761 2406 1
2406 1155 1
1155 4790 1
4790 1992 1
7388 7197 1
7197 1037 1
3679 9212 1
9212 4407 1
2552 6354 1
6354 3358 1
9772 7222 1
9520 5080 1
3431 2686 1
2056 90 1
90 2843 2
9787 649 1
649 1631 1
1631 903 1
903 3776 1
3776 9158 1
9158 8031 1
8031 3787 1
8440 5770 1
7715 7799 1
7799 2150 1
2150 4463 3
9772 5770 1
5770 2150 1
2150 556 1
4090 7743 3
7743 6756 1
4789 5911 1
5911 83 1
83 7666 1
7510 3787 1
8582 7740 1
7740 4178 1
4178 9585 1
1471 7851 1
9520 7296 1
7296 9787 1
8350 799 1
799 4636 1
4636 3776 1
3550 8082 1
8082 6177 1
6177 1408 1
1408 8637 1
8637 6756 1
6756 524 1
524 7299 1
7299 9787 1
494 618 1
7701 317 1
317 1062 1
7559 7407 1
2576 2834 1
2834 482 1
524 7403 1
4788 5748 1
5748 9773 1
9773 1610 2
1610 3728 1
3728 695 1
3358 8415 1
8415 4140 1
8637 5989 1
5989 6994 1
6994 7540 1
2024 4210 3
9787 6358 3
6358 482 1
4090 4638 3
4638 1062 2
2691 2407 1
9787 4908 2
4790 4630 1
4630 2018 1
1062 7162 1
7162 4790 1
7197 4868 1
4868 482 1
4790 3017 1
3017 2576 1
1865 482 1
482 568 1
2435 4701 1
2552 6520 1
5486 3562 1
7900 556 1
556 4788 5
4788 8213 1
8213 930 1
2691 7044 1
7044 9772 1
8337 4226 1
4790 1838 1
1838 2819 1
1408 8529 1
825 1734 1
2576 1734 4
1701 4988 1
4988 7053 1
3824 4940 3
4940 4464 1
3728 8369 1
8702 9212 1
2121 7547 1
7547 2501 1
8856 3761 1
3761 7559 5
7559 3679 1
8683 6756 1
6756 6996 1
6996 8873 1
2059 6981 1
6981 1659 1
502 5447 1
5447 3787 1
5481 1326 1
1326 6520 1
5769 7559 1
7559 4966 1
3787 7313 1
7313 1774 1
1774 9734 2
7668 8179 1
8179 9787 3
9787 6765 2
6765 3856 2
3856 6275 1
6275 6456 1
6456 502 3
1639 3391 1
3391 5801 1
634 3011 2
8346 2552 1
3776 7799 1
2039 9585 2
6520 4902 1
1807 6704 1
8873 3431 1
3431 9585 1
2107 1581 1
5112 6252 1
6252 9459 1
3638 1853 1
4790 618 1
618 6954 1
6954 4940 1
3342 4445 1
6398 5081 1
5081 8637 1
8637 6954 1
6954 8824 1
1738 1636 1
1636 2686 1
2686 5902 1
5902 1682 1
1682 632 1
632 1 1
1062 1865 1
1865 4840 1
4840 1831 1
1831 6496 1
9772 2845 1
2845 294 1
294 6332 1
6332 2018 1
594 7222 1
7222 4705 1
4705 6143 1
3787 4749 3
4749 2222 2
7635 2018 1
1062 4552 1
1738 4705 1
4705 9489 1
9489 3683 1
5109 1794 1
9787 9005 1
9005 5112 3
4069 755 1
755 4796 2
4796 8683 1
8683 1062 1
3727 7967 1
7967 1128 1
1826 7162 1
7162 3729 1
6749 9773 1
9773 5491 1
2576 1744 1
1744 8741 1
4790 2390 1
8856 9415 1
9415 9787 1
7694 8084 1
8084 4789 1
4789 2018 3
2018 4714 1
4714 7949 1
494 9005 1
9005 2576 2
494 8518 1
8518 748 1
1062 9006 1
9006 5770 2
5770 2121 1
2418 6199 1
6199 8683 1
8683 4636 1
7300 1062 3
1062 2376 1
2376 4463 1
4463 3729 1
2576 1210 1
144 7197 1
7197 9787 3
1101 9787 1
5797 3141 1
3141 4373 1
4373 1738 1
2007 861 1
861 3787 1
1456 903 1
903 1628 1
1628 4422 1
4789 6436 1
7896 7123 1
7123 1 1
1360 2393 1
2393 4679 1
4679 2018 1
8969 1073 2
1073 5112 1
5112 9787 1
2926 7639 1
7639 502 1
4140 778 1
1773 1062 1
1062 7451 1
7451 951 1
951 1566 1
9772 1794 1
1794 7197 1
9787 6645 1
6645 482 1
4790 6872 1
6872 436 1
436 2576 1
3728 3823 1
3358 4714 1
4714 8458 1
8458 6513 1
482 3683 1
3683 5820 1
5820 1869 1
1869 6892 1
4790 9071 1
9071 2802 1
8527 3899 1
3899 9517 1
3154 5158 1
5158 7162 1
7162 9773 1
9773 7561 1
2576 5820 1
5820 9773 1
9773 9517 2
494 1019 2
1019 7540 2
7540 1427 1
1427 384 1
384 1765 1
1765 9520 1
9520 3683 1
8064 9787 1
4790 7210 1
7210 1594 1
9787 2896 1
2896 2576 2
467 930 1
9787 3961 4
3961 3122 1
3122 4090 1
4090 484 1
484 8270 1
9773 468 1
6177 4789 1
2018 8458 1
8458 2061 1
9024 9589 1
4463 7562 1
7562 524 2
1988 6987 1
6987 1594 1
502 431 1
431 9585 1
8969 2208 1
2208 25 1
25 2585 1
2585 4106 2
4106 2576 3
1734 8996 1
8996 4790 1
4790 3384 1
3384 8458 1
8458 4446 1
502 7639 1
7639 1062 1
1360 3649 1
3775 2819 1
2819 9791 1
524 9178 1
9178 621 1
1443 4086 1
4086 5491 1
5491 381 1
381 9006 2
9006 254 1
254 4528 1
4528 8592 1
8592 4012 1
4012 9064 1
9064 8582 1
4575 1037 1
1037 3892 1
3892 8510 1
8510 9787 1
1740 4048 1
4048 6744 1
6744 7540 1
85 5770 1
8009 6987 1
7701 4789 3
2592 7666 2
7666 9542 2
9542 532 1
532 8230 1
6744 5859 1
5859 7184 1
7184 768 1
768 1660 1
1660 3391 1
1062 7407 1
9585 6744 1
4737 4151 1
4151 7562 1
1988 4090 3
5774 9005 1
5112 5819 1
8626 1660 1
692 2819 1
7666 9261 1
9261 8745 1
8956 4388 1
4796 4790 2
4790 9419 1
9419 2576 1
6745 4407 2
9773 6744 1
4632 4090 1
4090 8186 1
8186 5859 1
5859 6520 1
6520 593 1
593 1062 2
1062 4142 1
4142 3880 1
3880 4464 1
3728 4090 1
8969 5940 1
1660 1577 1
4790 4739 1
4739 6275 1
502 2330 1
2330 4790 1
7053 6016 1
6016 4445 1
9787 7587 1
7587 7715 1
7715 5787 1
5787 5123 1
5123 6958 1
6958 5080 1
3431 2615 1
2615 3649 1
3776 9772 1
502 6736 1
6736 1062 1
691 4222 1
4222 9792 1
9792 2802 2
2175 6199 1
6199 5080 1
1466 4061 1
4061 9772 1
9772 6238 1
6238 2819 1
1941 3649 1
3775 5137 1
5137 9787 1
9787 9416 1
9416 3429 3
3429 8961 1
8961 1062 1
1062 5112 1
5112 6514 1
4090 2199 2
8637 7236 1
9084 4090 1
4388 4899 2
4899 6672 1
6672 6872 1
6872 5119 1
9585 3381 1
8582 2863 1
2863 2576 1
2576 257 1
257 2819 1
8873 9773 1
3728 1734 1
4791 6002 1
6002 1033 1
1033 2997 1
2997 3679 1
3679 9573 1
9573 3787 1
4235 1037 2
1037 524 1
524 3767 1
3767 8576 2
494 3958 1
3958 7569 1
7569 3222 1
3222 9710 1
9710 6039 1
6039 8702 1
8702 8112 1
8112 502 1
8378 8591 1
1062 1020 1
1988 3154 1
1062 2503 1
2503 2576 1
2576 9457 1
9457 2720 1
494 6126 1
6126 8683 1
524 3382 1
3382 5770 1
4090 6756 1
6756 1566 1
1651 3859 3
3859 9038 1
9038 155 1
155 2175 1
2175 4061 1
4061 8576 1
4350 4714 1
4714 6520 1
6520 4907 1
4907 724 1
724 7540 1
4790 3683 1
3683 7753 1
7753 8834 1
8834 9006 1
9006 4402 1
5645 2018 1
92 1037 1
1037 1062 1
1062 4716 1
4716 9068 1
9068 9772 1
5769 799 1
799 5693 1
5693 951 1
951 1062 1
4364 235 1
235 4463 1
4463 7753 1
7753 4790 1
8516 4395 1
4090 8903 1
8903 4940 1
8337 8531 1
8658 2024 2
4701 8498 1
8498 7449 1
7449 5468 1
5468 7562 1
7562 7666 2
1988 502 1
1062 696 1
696 8637 1
524 7753 1
7753 2686 1
7540 2936 2
2936 2595 2
2547 8369 1
8702 3070 1
2595 7540 1
7540 7708 1
7708 4859 1
8637 4463 1
4463 2507 1
2507 1988 1
1988 2819 1
2819 524 1
524 3381 1
3381 4226 2
4226 7300 1
5680 4336 1
4336 2621 2
2621 9263 1
9263 7715 1
3431 3649 1
3776 2576 1
2576 6341 2
6341 9787 1
4636 2833 1
2833 524 1
524 5109 1
5109 9787 2
9787 6041 2
3649 8559 1
8559 6233 1
6233 2121 1
7540 1988 1
1988 2576 2
1062 9038 1
9489 9587 2
9587 4234 1
4994 7086 1
7086 2686 1
2056 5546 1
7540 6683 2
6683 4407 1
594 7705 2
634 2686 1
2686 2174 1
2174 7223 1
9251 7197 1
5818 5546 1
6683 8576 1
8259 4407 1
9587 2121 1
9787 9457 2
9457 7540 2
4140 4445 1
4445 9415 1
494 5524 2
5524 7799 1
4090 2056 1
2056 3300 1
3300 8249 1
4789 2637 1
8582 6988 1
6988 8626 1
7331 6161 1
6161 986 1
986 5497 1
8064 9185 1
9185 502 1
8516 7540 1
8392 8834 1
8834 494 3
494 8701 1
2802 3568 1
3568 9738 1
9738 3154 1
4714 2556 1
2556 5559 1
5559 1651 1
1651 1219 1
1219 6650 1
6650 8083 1
8083 9787 1
9787 1867 1
1867 3776 1
3776 2735 1
2735 8994 1
8626 8202 1
8202 2121 1
825 9064 1
1037 9414 2
9414 4575 1
4575 5976 1
1740 8637 1
3761 4908 2
4908 5299 1
1062 4048 1
4048 3620 1
1660 9585 1
9585 6523 1
1648 4790 1
4788 5940 1
5940 2576 1
6514 5132 1
5132 4496 1
4496 1941 1
1941 2843 1
2843 1372 1
1372 7463 1
7463 9787 1
9772 8545 1
8545 4336 1
1062 4841 1
4841 5185 1
5185 3620 1
4336 8873 1
7042 4962 1
1062 5910 1
885 4407 3
8100 4090 1
7694 4701 1
968 3620 1
3620 9773 1
4788 9053 2
9053 9587 1
9587 593 1
2607 8577 1
8577 3252 1
8270 4407 1
4407 404 1
404 9585 1
8591 8637 1
9012 4336 2
4336 90 1
90 3649 1
3727 6371 2
8576 1128 1
1128 2992 1
9548 4714 1
3937 9787 1
6016 7540 1
6520 8270 1
6016 3600 1
3600 3154 1
3154 5617 1
5617 5596 2
7559 9065 1
9065 2819 1
7851 1 1
1 3600 1
3600 9772 1
8082 5744 1
5744 5770 1
410 7701 1
7559 9772 2
1951 2576 1
5497 8442 1
8442 8582 1
4575 1062 1
715 8576 1
2819 7559 3
2056 1394 2
6161 2701 2
2701 1326 1
1062 8270 1
9418 909 1
909 8873 1
3776 917 1
4463 5990 1
5990 4789 1
4789 9246 1
9246 3209 1
8741 9803 1
4090 5555 1
5555 7300 1
7300 1628 1
1628 9291 1
9291 3154 1
3154 1121 1
1121 482 1
4463 3591 1
3591 3327 1
1505 7540 1
7540 3620 1
3620 1660 1
449 5976 1
4632 2018 1
5797 3649 1
6319 6250 1
6250 4090 1
7302 1062 1
1062 3252 1
2691 8270 2
3961 1062 1
3787 3277 2
467 2576 4
6924 1037 2
9585 7900 3
7900 3787 1
6996 2802 1
3431 3787 1
1062 8992 1
8992 7197 1
7197 8992 1
8992 689 1
689 3372 1
3372 467 1
467 9787 1
3620 502 2
8591 3011 1
1062 6613 1
6613 4439 1
4439 6869 1
6869 7540 2
7540 5842 2
5842 524 2
524 1991 2
1991 2576 4
5449 8576 1
8576 1451 1
1451 9787 1
8683 5171 1
1062 2041 1
2041 3649 1
3776 3787 1
9787 3808 1
3808 7904 1
7904 6436 1
6436 917 1
2819 5449 1
5449 4789 1
8683 4439 1
4439 4715 1
4715 502 1
2819 5671 1
5671 4140 1
4140 254 1
254 1947 1
1947 4789 1
9587 8626 1
8626 595 1
595 4685 1
4685 7891 1
7891 8215 1
8215 5596 1
8064 3239 1
3239 7925 1
7925 2348 1
2348 2576 1
4789 1628 1
1628 9787 1
1360 1245 1
1245 7904 1
7904 3190 1
3190 5773 1
5773 9787 1
7498 4789 2
7799 6942 1
6942 9787 1
1177 502 1
8746 1037 2
8473 7641 1
986 4389 1
4389 1062 1
2150 9787 1
8337 1941 1
4463 1062 3
1062 9495 1
9495 2576 1
494 4463 1
1062 3690 1
3690 7540 1
4789 9038 1
9038 4789 1
4789 4489 1
4489 4463 1
3690 2018 2
4789 2552 1
9787 3127 1
3127 8678 1
8678 1072 1
1072 482 1
7701 596 1
596 2853 1
2853 2709 1
2709 371 1
371 3482 1
3482 7030 1
7030 951 1
4090 5106 1
5106 4373 1
4373 5300 1
5300 9520 1
9520 8582 1
8582 9006 1
9006 2555 1
2555 494 1
4789 9350 2
9350 4789 1
5769 3690 1
2121 7559 1
7559 2797 1
2797 6321 1
6321 2018 1
3767 6519 2
6519 4789 2
1408 4404 1
8002 482 1
2812 4789 1
4789 2766 1
2766 3727 1
4789 386 2
386 9350 1
9350 9520 1
8873 3469 3
1773 1023 2
1023 155 1
9721 4789 1
5171 7406 1
7406 2576 1
2576 8370 1
8370 124 1
8392 3727 1
3727 5740 1
9787 3457 1
3457 4407 1
8702 1219 1
1219 2735 1
2735 3683 1
2914 3181 1
3181 2576 1
2576 1760 1
1760 8678 1
9773 5054 1
5054 4392 1
4789 8285 1
4789 1128 1
1128 8683 1
8683 2595 1
2595 1605 2
4373 7053 3
7053 4789 1
695 4407 2
6663 1941 1
1941 3666 1
3666 3630 1
3630 7053 1
7053 4463 2
4789 4488 1
4488 2121 1
8531 826 1
826 9585 1
9585 8064 1
3683 3687 1
3687 6573 1
4789 9419 1
9419 2853 1
2853 5945 1
5945 8678 1
8678 2992 1
9623 8337 1
482 3690 1
3690 9161 1
9161 1033 1
1033 5252 1
5252 3776 1
3776 9038 1
9038 1818 1
9622 9395 3
9395 5497 1
3581 4392 2
2292 1020 1
2576 5717 1
5717 7540 1
1547 9787 2
2819 9295 1
9295 524 1
524 2547 1
2547 5497 1
7388 2802 1
1062 2709 1
7053 2012 1
1466 9787 1
4962 3497 1
8591 2547 1
2547 9496 1
9496 621 1
485 8873 1
8873 6799 1
6799 4445 1
8702 2150 1
2150 8741 1
8741 9295 1
9295 3649 1
3776 6084 1
6084 1062 1
4789 6520 2
6520 187 2
187 8824 1
8824 5080 1
5080 3248 1
3248 8873 1
4790 2455 1
2455 3245 1
2691 6296 1
2552 8801 1
8801 9130 1
9130 1037 1
1037 2700 1
2700 2812 1
2812 4714 1
4714 351 1
3683 3855 1
3855 5497 1
3581 4090 1
4090 1308 1
1308 2802 1
568 8100 1
8100 1818 1
1818 1062 1
7401 2592 1
2592 2812 1
2812 2691 1
2691 4463 3
4463 1308 1
1308 494 1
3787 6938 1
6938 4153 1
4153 494 1
8069 2506 1
4789 4795 1
4795 382 1
382 8411 1
8411 2819 1
2819 4795 1
4795 3649 1
3776 1394 1
4438 4090 1
4090 5127 1
5127 2576 1
4789 3823 1
3358 5312 1
5312 7706 1
1659 9772 1
9010 9520 1
4789 382 1
382 9787 1
8288 4090 1
1408 4388 1
4388 3882 1
3882 6094 1
6094 372 1
372 1 1
9787 4245 1
4245 1165 1
1165 8873 1
4789 7646 1
7646 9585 1
2121 9615 1
9615 1062 1
1062 1444 1
1444 7646 1
7646 778 1
4797 372 1
372 9587 1
9587 2637 1
2637 4789 1
6663 188 1
188 7773 1
7773 820 2
820 382 1
382 4445 1
4336 2552 1
2552 7646 1
7646 7457 1
7457 1 1
9773 7646 2
7646 2819 2
2819 4636 1
9787 3649 1
3776 8082 1
8082 2822 1
2822 4414 1
2576 4318 2
4318 9585 1
8582 502 1
4789 4414 1
4318 4889 1
4889 7160 1
1919 372 1
3787 5254 2
5254 9520 1
2691 1566 1
930 3135 1
3135 3033 1
3033 7453 1
7453 9501 1
9501 2118 1
2118 1455 2
1455 911 1
911 3680 2
3680 2576 3
2576 351 2
552 2024 1
2024 9520 1
8337 3890 1
3890 8683 1
8683 9773 2
9773 372 2
372 7646 2
7646 8678 1
7569 2292 1
2292 2576 1
9787 6296 3
5995 6436 1
8834 7646 1
7646 1566 1
556 373 1
373 2691 1
4077 6001 1
372 7900 1
3883 7646 1
7646 1 2
5974 9772 1
8069 252 1
252 5909 1
9517 9280 1
9280 7701 2
4415 5210 1
6186 6582 1
6582 9800 1
9800 442 1
3046 7930 1
7701 9671 1
7144 1408 1
1408 2018 1
2018 8637 1
8637 3247 1
3247 6519 1
6519 2576 3
5137 9088 1
9088 9773 1
9517 2845 1
2845 370 1
370 7799 1
7799 5119 1
4788 9280 1
7701 5210 1
5210 3787 1
4415 1062 1
556 3898 1
8582 4961 1
4961 8069 1
8069 253 1
253 8745 1
2056 252 1
252 3890 1
3890 8582 1
3282 372 1
4789 2375 1
2375 7073 1
2199 5687 1
5687 885 2
885 6002 1
1651 2375 1
2375 4789 1
3727 5745 1
5745 9517 1
2056 3396 1
3396 2819 1
2819 393 1
393 4090 1
1375 5746 1
5746 8162 1
8162 8750 1
8750 9585 1
6015 3787 1
4701 2570 1
2570 3807 1
3807 2414 1
2414 3787 1
8626 2467 1
2467 2121 2
2121 4701 1
4701 2845 1
2845 2570 1
2570 6520 1
6520 8605 1
8605 7540 1
621 393 1
393 1566 1
1566 8582 1
8582 7646 1
9773 4041 1
4041 393 1
393 2576 1
5171 8922 1
8922 8576 1
9585 6016 1
6016 4789 1
3787 2573 1
2573 4090 1
4090 383 1
383 7852 1
7852 8161 1
8161 1269 1
1269 9585 1
7646 2576 1
1651 8415 1
8415 372 1
372 7799 1
7799 1629 1
1629 7540 1
2056 2592 3
2802 1988 1
1309 4445 1
7197 8075 1
8075 6191 1
6191 8702 1
9353 5770 1
5013 5137 1
2056 7799 3
3635 4090 1
4090 6130 1
6130 8637 1
4790 4552 2
3642 2576 1
1062 6003 1
6003 8683 1
8683 7559 1
7559 524 1
1988 3859 1
3859 556 2
2812 8735 1
8735 8637 1
7540 807 1
44 6319 1
482 6094 1
6094 4384 1
4384 9005 1
9005 155 1
155 1062 1
1062 6342 1
6342 1062 1
1062 6186 1
6186 8071 1
8071 2327 1
2327 6993 1
6993 4701 1
4701 5497 1
8064 524 1
524 9185 1
9185 1062 1
1062 1786 1
1786 2292 1
7701 2802 1
1309 2018 1
5185 8185 1
8185 5252 1
5252 6398 1
6398 4350 1
9585 7681 1
7681 8337 1
8337 4530 1
4530 9689 1
9689 3787 1
3787 7400 1
7400 2576 1
2576 4744 1
4744 5241 1
5241 1734 1
4790 6582 1
3787 395 1
395 3649 1
8084 689 1
689 3787 1
7666 1960 2
1960 8582 1
8582 1497 1
1497 2819 1
7945 6002 1
7799 2041 1
2041 5171 1
4407 6987 1
7701 1651 1
3683 5250 1
5250 2592 1
2552 7053 1
7053 3776 1
3776 3727 1
3727 2374 1
2374 7646 1
7646 7540 1
8582 9011 1
9011 4889 1
4889 9787 1
9787 4655 1
4655 5100 1
5100 2501 1
2501 8777 2
8777 3602 1
3602 502 1
5819 1286 1
1286 4090 1
4090 2374 1
2374 3358 1
3358 4911 1
4911 5468 1
372 951 1
951 3683 1
8392 2018 1
1062 8531 2
8531 317 1
621 7300 1
7300 524 1
1309 2121 1
2121 3245 3
1062 3761 2
6574 4350 1
8531 3761 1
3761 1953 1
1953 8254 1
8254 7773 1
7773 8873 2
8873 3715 1
3715 2576 1
2576 2054 5
2054 5581 1
5581 750 1
9587 2022 1
44 1326 1
8576 612 2
612 6718 1
6718 968 1
3776 9099 1
9099 1625 1
1625 2576 2
8486 8885 1
8885 4940 1
4940 2372 1
2372 1 1
8460 377 1
377 9571 1
668 494 1
1062 5299 1
5299 4463 1
7540 8168 1
8168 9772 1
8702 4165 2
4165 1062 1
1062 1927 1
1927 2819 1
695 3727 1
482 2434 1
2434 9419 1
9419 3245 1
3245 2121 1
6280 5497 1
9497 6604 1
6604 1371 1
1371 4350 1
9585 8168 1
8168 7715 1
2056 5303 1
5303 1988 1
1988 7405 1
4940 7918 1
7918 1738 1
1738 7918 1
7918 4336 1
6520 4392 1
7302 4445 1
2576 6299 1
6299 1566 1
1566 5497 1
986 1988 1
1309 494 1
5769 4463 1
4789 235 1
235 3859 1
3859 4636 1
9585 3775 1
3775 5080 1
5080 3253 1
1466 8578 1
494 2059 1
2059 7559 1
7559 3649 2
4789 6084 1
1062 6987 1
6987 4790 2
4790 5836 1
5836 4940 1
9787 1991 1
1309 6232 1
4788 5851 2
5851 2576 1
8149 4788 1
7388 5546 1
7540 3654 1
3654 2819 1
291 4788 1
6296 2150 1
2150 9295 1
9295 352 1
352 1698 1
8576 8904 1
8904 524 1
1988 5439 2
5439 4788 1
2024 9417 1
9417 596 1
596 1651 1
4463 57 1
57 4445 1
1566 7197 1
7197 6308 1
6308 482 1
5517 2502 1
2502 9295 1
9295 4790 1
9130 5497 1
4790 2358 1
2358 7754 1
7754 524 1
524 6858 1
6858 7799 1
5765 2802 1
2802 57 2
57 4789 1
4789 9417 1
9417 8943 1
8943 4790 1
6502 3787 2
3787 85 2
85 2576 1
2576 3266 1
3266 9773 1
9773 1826 1
1826 4789 3
9585 5842 1
482 6685 1
6685 9587 1
1826 1871 1
1871 9414 1
9414 57 1
57 9520 1
9520 3070 1
1919 4789 1
494 6628 1
57 5819 1
4090 2679 1
2679 8083 2
8083 6502 1
85 7559 1
3775 594 1
2056 631 1
631 7465 1
7465 1831 1
1831 2018 1
5171 9199 1
9199 502 1
7945 2174 1
9251 4789 1
565 7302 1
6687 6799 1
6799 2576 1
6858 9131 1
9131 3391 1
6687 57 1
57 2802 1
3154 2221 1
2221 2576 1
2819 3939 1
3939 5299 1
4463 5861 1
5861 1826 1
2552 4789 1
556 7302 1
6398 7799 1
7799 1628 1
1628 5081 1
5081 5653 1
5653 7666 1
1988 9587 1
9587 5303 1
5303 4790 1
4940 3776 1
3776 5835 1
2576 3189 2
3189 6234 1
6234 2576 1
8626 8149 1
4789 5080 1
5080 9381 1
4463 6687 1
6687 1577 1
1577 1826 1
1826 1037 1
494 3919 1
3919 6314 1
6314 4463 1
7168 9787 1
9585 1624 1
1624 9026 1
4090 6734 1
6734 8576 1
4790 9418 1
7851 9005 1
44 3124 1
494 6685 1
6685 2552 1
9585 3776 2
3776 9381 1
9381 2121 1
1443 4463 1
4463 85 1
85 9520 1
9520 695 1
695 4789 3
1326 1800 1
7430 3727 1
3727 2009 1
2009 6371 1
6371 4789 1
4789 2824 1
2824 4414 1
4414 1793 1
1793 4790 1
4527 9787 1
502 6399 2
6399 4042 2
2576 4068 2
9585 2297 1
3396 6710 1
6710 1037 1
1037 1651 5
1651 5497 1
597 1577 1
8110 494 1
8184 4475 1
4475 4788 1
4788 9571 1
9571 155 1
8136 2724 1
2724 8873 1
482 2683 1
2683 4407 1
9497 4090 1
3727 6219 1
6219 4904 1
4904 9437 1
9437 8576 1
5940 3857 1
3857 1734 2
9772 5634 1
5634 85 1
85 6915 1
6915 3787 2
3787 1446 1
1446 5489 1
5489 4788 1
4788 4077 1
4077 9012 1
9012 5596 1
632 4407 1
4407 2592 1
2592 875 1
875 1774 1
1774 365 1
365 8334 1
5491 7197 1
7666 6141 1
6141 820 1
820 86 1
86 3986 1
7701 691 1
691 6287 1
6287 8278 1
502 3184 1
3184 5083 1
5083 2595 1
2595 7212 1
7212 4788 1
4788 5690 1
5690 9159 1
9159 5859 1
5859 6457 1
6457 2296 1
2296 5497 1
4790 15 1
15 9728 1
9728 5375 1
5375 3126 1
3126 8618 1
8618 2595 2
2595 7682 1
7682 5427 1
5427 1346 1
5172 6313 1
6313 7209 1
7209 7666 1
7463 1374 1
4788 612 1
612 1551 1
1551 2819 1
2819 4412 1
4412 3658 2
3658 2576 1
2576 6684 2
6684 9184 1
9184 2369 1
2369 7701 1
6997 4631 1
4631 7785 1
7785 85 1
85 2592 1
9542 2576 1
2576 3501 1
3501 1037 1
6745 2121 2
2730 3495 1
3495 7661 1
7661 3600 1
2965 9787 2
8582 2026 1
2026 2819 1
4289 9418 3
9418 6730 1
6730 7405 1
1037 1 2
6583 9381 1
6744 8577 1
9772 9270 1
3154 3899 1
3899 8685 1
8685 3464 1
3464 5819 1
4790 8726 1
8726 5695 1
6633 5241 1
5241 3641 1
3641 1597 1
1597 8279 1
8279 3787 1
3787 5489 1
5489 1247 1
1247 7540 1
1719 3197 1
3197 704 1
704 2576 1
7979 1560 1
8694 2595 1
3154 7104 1
7104 904 1
904 930 1
2576 4816 1
4816 2875 1
2875 8637 1
8637 4021 1
4021 8321 1
8321 5439 1
9027 2695 1
1597 9753 1
9753 1067 1
1067 3469 1
3469 4407 1
7945 5457 1
5457 1660 2
1660 8694 1
8694 6456 1
6456 7540 1
7701 622 1
622 6370 1
6370 5776 1
5776 1698 7
2576 1774 1
1774 6370 1
6370 3695 1
3695 1698 1
1698 6299 1
7498 3154 1
3154 722 1
3787 5386 1
5386 1292 1
1292 9716 1
9716 1304 1
1304 2576 1
7979 7104 1
7104 6436 1
4222 5303 1
5303 4388 1
4388 7918 1
7918 6251 1
6251 1447 1
1447 621 1
2786 5170 1
5170 2812 1
5171 2125 1
2125 9787 1
3383 1651 1
1651 6375 1
6375 4714 1
4714 4369 1
4369 9787 1
3124 4217 1
4217 494 1
494 9186 1
9186 8834 1
8834 2844 1
2844 3530 1
1734 9721 1
494 8883 1
4790 7846 1
7846 2576 1
2576 5507 1
5507 4737 1
8392 1529 1
1529 2139 1
2139 4790 1
1941 8009 1
8009 2686 1
2686 327 1
327 1346 1
1346 4090 2
4090 5606 2
5606 1577 1
1577 691 1
5497 1790 1
1790 502 1
1651 1 1
1 6756 2
6756 7351 1
7351 1551 1
1551 8576 1
2576 8528 1
8528 7917 1
7917 3250 1
3250 5900 1
5900 5263 1
5263 9585 1
2914 3124 1
3124 8678 1
3787 4411 1
4411 8576 1
1539 2819 1
482 3767 1
4463 825 1
825 1020 1
8582 4529 1
4529 2576 1
4140 1126 1
4788 379 1
502 7744 3
2576 7385 1
502 2089 2
2089 3859 1
3859 4984 2
4984 8260 1
8260 3124 1
4788 6313 1
6313 2585 1
2585 7666 2
7463 3664 1
2595 744 1
744 1447 1
1447 8059 1
854 3124 1
3124 5823 1
5823 8582 1
8392 4411 1
4411 5777 5
1698 2812 1
5172 1833 1
1833 2677 1
2677 993 1
2121 1394 1
2056 8879 3
9585 1089 1
1089 8873 1
4788 9568 1
9568 41 1
41 1 1
8582 2819 1
3124 9420 1
3124 5638 1
5638 4222 1
9587 5171 1
5486 5596 1
5596 4041 1
41 1089 1
1089 4090 1
8746 5303 1
5303 7918 1
7918 5776 1
1698 8745 1
2576 5712 1
5712 4788 1
4788 1089 1
1089 4484 1
8694 4788 2
4788 6782 2
6782 3495 1
3495 8239 1
8239 6445 1
8092 1037 1
9772 9792 1
8069 4259 1
4259 8561 1
8561 9569 1
9569 2576 1
5019 6436 1
2553 9585 1
2056 7205 1
7205 3857 1
4575 9773 1
9773 9299 1
9299 8576 1
4090 5526 1
5526 4788 1
4788 7930 1
4086 98 1
98 7690 2
7690 5497 2
5497 5187 2
5187 4439 1
1918 1443 2
4317 1680 1
1680 599 1
599 5112 1
5112 530 1
9787 1459 1
1309 414 1
9772 1919 1
8637 7843 1
7843 4603 1
4603 1394 1
1394 1577 2
1577 2545 1
2545 8576 1
4788 1643 1
1643 621 1
7498 4714 1
7569 3381 1
3381 2121 1
3154 7701 1
7701 1098 1
1098 9585 1
1794 2174 1
2174 2686 1
2686 6116 1
6116 5497 1
5497 5939 1
5939 98 1
98 1738 1
371 1394 1
1 494 1
494 2107 1
502 1464 2
1464 2576 2
8156 7666 1
1374 1 1
3124 7357 1
7357 2576 3
2576 4025 1
4025 2121 1
2121 3608 2
3608 147 1
147 7930 1
7498 2819 1
371 3244 1
3244 1734 1
1734 5491 1
5491 3154 1
3154 6520 2
1394 2545 1
2545 4090 2
4090 4619 1
4619 6324 1
6324 9773 1
9773 2739 1
2739 98 1
5187 502 1
1443 9772 1
9772 6436 1
9173 5730 1
5730 8685 1
5171 3396 3
5171 4928 1
4928 4788 1
4788 7357 1
6557 2121 1
2730 9517 1
9517 8775 1
8775 2686 1
1577 5874 1
5874 502 1
9566 9773 1
9773 7824 1
7824 494 1
494 6002 1
1651 1800 1
7430 4090 1
7985 8577 1
8577 5171 1
9099 2576 1
2576 6830 1
6830 3787 1
691 1698 1
7540 8329 1
8329 3005 1
3005 7554 1
7554 502 1
1698 8702 1
6454 7540 2
5241 226 1
226 5993 1
7540 1800 2
1800 6676 1
6676 4464 1
4790 968 2
968 5577 1
3666 2556 1
2556 2940 1
494 13 1
207 8702 1
9585 594 1
594 2595 1
2595 3444 1
3444 4902 1
4902 5694 1
5694 5822 1
8577 7477 1
2504 8907 2
8907 5171 1
5171 765 1
7952 1037 1
1394 5777 1
1698 2430 1
4076 8380 1
2056 765 1
7952 4026 1
4026 4788 1
2296 3011 1
3074 2305 1
2305 8907 1
8907 9773 1
9773 4257 1
4257 4585 1
885 6119 1
6119 4714 1
4714 2018 1
1651 1309 1
1062 7197 1
7197 3727 1
8149 3011 1
3011 2691 2
2691 2621 2
2621 6502 1
1738 6230 2
6230 1918 1
3683 4966 1
4966 3124 1
2621 1062 2
2039 634 1
634 6558 1
8576 2121 1
2121 9489 2
2686 2121 1
1597 1738 1
2691 8051 1
8051 1062 1
1062 8557 2
8557 6436 1
6436 494 1
3787 8497 1
8497 6214 1
6214 2595 1
9477 2843 1
8683 9251 1
1659 4069 1
4069 2501 2
8171 337 1
337 3768 2
3768 3787 1
9787 9251 1
9251 778 1
494 337 1
3768 4445 1
3408 4210 1
2595 6682 1
6682 7561 1
7561 1309 1
1309 8742 1
2802 8907 1
8907 8075 1
1394 5687 1
7540 5777 1
5777 9517 1
2576 7679 1
7679 8582 1
8582 7679 1
7679 2819 1
4788 638 1
3787 4874 1
4874 840 1
840 8907 1
8907 8921 1
9772 3357 1
4529 2121 1
494 820 1
820 3768 1
3768 1062 1
621 556 1
9787 2107 1
8171 8576 1
4464 9787 1
3728 494 1
8591 9251 1
5300 6230 1
1360 4788 5
7540 8663 1
8663 3044 1
3044 2576 1
2576 2830 1
2830 3505 1
3505 1800 1
7430 8742 1
2056 916 1
9772 3944 1
3944 2576 1
8268 3727 1
1062 9024 1
9024 1332 1
1332 9772 1
9772 3505 1
3505 2018 1
5821 596 1
596 3727 1
4407 7509 1
7509 4090 1
7978 1 1
951 930 1
930 4788 3
9023 2819 1
9414 7477 1
7477 1985 1
1985 8907 1
8907 5823 1
5823 1640 1
9787 1800 2
7430 8683 1
4632 6251 1
6251 8168 1
8168 4090 1
2552 4737 1
4737 3358 1
3358 4529 1
4529 4411 1
4411 414 1
414 5842 3
5439 4407 1
2914 9773 1
9773 1597 1
8678 2018 2
4090 7561 1
1472 4632 1
4632 7701 1
987 2589 1
2589 1941 1
7945 1375 1
1375 2121 1
4464 3859 1
3727 8014 1
8014 6384 1
3761 3857 1
4575 7205 1
7205 4605 1
1651 930 1
9585 1332 1
1332 2576 1
6925 3683 1
3683 1459 3
1459 8168 1
8168 5815 1
5815 502 1
7694 4790 2
4790 5181 1
5181 8311 1
8311 7540 1
7540 4411 2
4411 9028 1
9028 9787 1
9787 8883 2
9772 1173 1
1173 9589 1
9589 3999 1
3999 6682 1
6682 3124 1
9772 1818 4
4090 1865 2
1865 8994 2
385 8694 1
8694 6519 1
502 8624 1
8624 9560 1
9560 922 1
922 3761 1
3761 1609 1
1609 6275 1
6275 1037 1
748 2802 1
2802 1464 1
1464 8123 1
9012 7548 1
7548 1800 1
7430 618 1
968 2121 1
494 875 1
1761 4407 1
4090 1187 1
1187 3683 1
7498 2595 1
7666 3761 1
386 4631 2
4631 2272 2
2272 1800 1
7430 7271 1
7271 9587 2
9587 8591 1
8591 2222 1
2222 4090 1
7842 7635 1
7635 6109 1
2121 4411 1
4411 5300 1
4788 2292 2
2292 9042 1
2062 7914 1
7914 8496 1
8496 5053 1
2802 9772 1
9772 3693 1
3693 4407 1
4407 8531 1
4790 3728 1
3728 2576 1
3727 4737 1
4737 8196 1
8196 502 1
7945 3245 1
3245 6085 1
6085 2121 1
9585 9131 2
9131 8196 1
8196 4090 1
4090 9068 1
9068 6660 1
7701 3620 1
2561 4909 1
4909 5439 1
5439 9030 1
9030 502 1
3060 4336 1
4402 4121 1
4121 2018 1
9787 5185 1
1459 9546 1
9546 9517 2
8136 8084 1
8084 4226 1
2056 6109 1
4909 1660 1
3787 9425 2
9425 1738 1
945 1794 1
1651 7449 1
1037 2002 1
2002 6513 1
6513 6333 1
6333 1800 1
1800 8261 1
8261 9787 1
9630 7540 1
2056 4073 1
4073 5182 1
502 162 2
162 5908 2
5908 3124 1
3124 4394 1
4394 4714 1
4090 8006 1
4745 621 2
6642 1540 1
664 7540 1
384 8246 1
8246 7799 1
1960 482 1
2062 1459 1
1459 9587 1
3927 8576 1
7268 8310 1
8310 2824 1
2824 6417 1
6417 2735 1
2735 1759 1
1759 2576 2
2576 4604 1
4610 621 1
4335 2786 1
2786 2802 1
8100 4714 1
4714 1660 1
4336 3727 1
3727 6109 1
2576 8997 1
8997 502 2
7559 1326 1
3011 5468 1
5468 4984 1
9425 9787 1
3534 3683 1
6145 8576 1
2819 8531 1
8531 9772 2
3600 3873 1
3873 6319 1
6319 5866 1
5866 7852 1
7852 5112 1
5112 9005 1
9417 2972 1
2972 1660 1
108 3787 1
1659 1651 1
2552 2780 1
2780 9350 1
9350 4142 1
4142 3761 1
3761 8531 2
2056 9546 1
9546 2819 1
2576 4646 1
4646 6616 1
6616 502 1
44 3562 1
8626 4142 1
4142 8339 1
8339 8873 2
9787 3620 1
2056 9250 2
9250 5819 2
9787 6943 1
5842 414 1
414 6110 1
2607 4142 1
6745 1 1
1 8576 3
2292 6833 1
6833 8678 1
4790 311 1
311 9005 1
5112 2453 1
1037 9663 1
1820 3683 1
3683 3301 1
3301 3727 1
5735 1062 1
9772 1698 1
1698 2483 1
8392 1800 1
1800 2576 6
4317 1919 1
1698 3673 1
3673 4677 1
4677 5170 1
5170 4392 1
4788 2400 1
2400 5900 1
1765 4701 1
6642 4859 1
2819 4142 3
4142 890 1
890 1660 1
7197 4962 1
9585 695 1
695 8702 2
4790 6181 1
6181 1269 1
6133 8272 1
8272 7806 1
7806 3787 1
9483 762 1
762 8873 1
4090 1121 1
1121 8683 1
8683 4388 1
4388 5693 1
5693 8576 1
4790 404 2
404 7072 1
7072 3683 1
1459 2576 1
8320 9038 1
9038 9587 1
4788 3837 1
3837 4388 1
4388 1919 1
1919 885 1
2199 2576 1
4909 9012 1
8069 502 1
5839 3011 1
549 1800 1
1800 4484 1
1062 8685 1
8685 43 1
43 1566 1
1566 4966 1
6642 7357 1
6872 155 1
155 2228 1
2228 8073 1
8073 621 1
4790 3718 1
3718 2430 1
2430 6639 1
4041 7902 1
7902 7540 1
7540 5386 1
5386 3194 1
3194 1848 1
1848 6915 1
6915 9489 1
9489 2121 1
9489 1 2
8626 4392 1
4090 2229 1
4463 9016 1
9016 2576 1
2576 5547 2
5547 1577 1
4090 1009 1
1009 4463 1
4235 9420 1
3550 7902 1
7902 619 1
619 3859 1
4984 1816 1
1816 5171 1
6663 1775 1
1775 2116 1
2116 6384 1
621 8042 1
8042 5820 1
5820 7540 1
7540 5776 1
5776 4411 1
4411 1698 1
1698 1037 1
1037 3209 1
3209 4232 1
4232 4560 1
4560 8180 1
8180 7701 1
7701 6328 1
6328 3663 1
3663 1818 1
9585 4411 1
1698 1394 1
6284 1 1
3124 957 1
957 2819 1
2819 7765 1
7765 3589 1
3589 5596 1
3074 6583 1
4840 2121 2
2406 7224 1
2576 41 1
41 9029 2
9029 3124 1
3124 441 1
9787 9051 1
9051 3669 1
3669 664 1
664 9042 1
9042 502 1
2691 8012 1
8012 3856 1
3856 1394 1
4076 7286 1
7286 6687 1
6687 9668 1
9668 3787 1
9715 2093 1
2093 8591 1
5687 4407 1
2024 4902 1
3666 7300 1
7430 6583 1
6583 9012 1
9012 7985 1
7985 13 1
13 2056 1
2056 3458 1
207 6419 1
6419 9787 2
9787 2296 2
2296 7546 1
7546 9414 1
9414 1927 1
1927 9787 1
3787 8611 7
8611 3600 4
3600 1577 1
482 2585 1
7463 7540 1
8582 9159 1
9159 695 1
4090 6465 1
6465 3317 1
3317 2576 1
9585 3408 1
3408 8873 1
8847 1269 1
1269 4090 1
4902 1359 1
1359 9772 1
9772 6785 1
6785 8873 1
8847 951 1
951 3391 1
3391 4940 1
4940 4166 1
4166 502 2
502 6305 1
6305 7540 1
968 3727 1
2576 6434 1
6434 502 1
8530 9773 1
9773 3068 1
3068 1868 1
1868 1734 1
7701 3348 1
3348 4407 1
9787 967 1
967 4910 1
5839 1800 1
1800 5170 1
5170 9417 1
9417 9590 1
9590 7799 1
7799 4484 1
2802 13 1
13 4788 1
4076 2018 1
1062 3458 1
207 494 1
4073 502 1
1443 3124 1
3124 6907 1
6907 13 1
13 7498 1
2576 6419 1
6419 7401 1
7401 1800 1
1800 904 1
904 2819 1
9787 7042 1
9585 7641 1
7641 3911 1
3911 7540 1
5435 4464 1
1698 4534 1
4534 7503 1
7503 13 1
13 9080 1
1776 5299 1
5299 1918 1
1918 4790 1
4790 5064 1
5064 502 1
6756 226 1
226 4463 1
4463 9524 2
9524 5993 1
3074 13 1
13 1740 1
1740 9012 1
8069 1518 1
2576 5843 2
5843 1062 1
1062 1594 1
9787 4846 1
4846 2576 1
9787 6109 1
6109 4788 1
7540 4846 1
4846 524 1
524 414 2
414 8683 1
1037 4164 1
4164 8742 1
2056 7298 1
7298 7116 1
7116 467 1
2576 5386 2
5386 3124 1
3124 7755 1
7755 2802 2
2802 8371 1
8371 7832 1
3798 2576 1
2576 9165 1
9165 1504 1
1504 9590 1
8582 4070 1
4070 1 1
5303 5386 1
5386 1346 1
1346 3154 1
7053 8683 2
8683 5822 1
9787 7845 1
7845 2576 1
2576 4683 1
4683 8626 1
3578 4788 1
689 5386 1
2576 3961 1
3961 9585 1
8763 4589 1
4589 8683 1
2802 4411 1
4411 5776 2
1698 13 1
13 7799 1
414 3961 1
3961 5243 2
5243 8431 2
8431 2576 1
4790 5777 1
1698 2751 1
2751 2059 1
2059 13 1
13 4407 1
3727 7163 1
7163 9585 2
4788 3961 2
3961 13 1
13 2812 1
9580 8983 1
8983 903 1
903 6514 1
568 4170 1
4170 1252 1
2903 5264 1
5264 8334 1
8334 5435 2
6583 7307 1
7307 4790 1
2576 7912 1
7912 7540 1
7540 6242 1
6242 5776 1
1698 7384 1
7384 2773 2
2773 5170 1
5170 5497 1
5497 2812 1
4788 4348 1
4348 4788 1
5435 1309 2
9027 2501 1
2501 5300 1
3761 4580 1
4580 6242 1
6242 3693 1
3693 1098 1
2121 414 1
5439 6676 1
6676 2809 1
2809 9815 1
9815 9585 2
9585 6242 1
6242 9773 1
2694 4402 1
4402 4631 1
4631 7540 1
7540 5435 2
5435 3124 1
371 7120 1
2576 7845 1
7845 8879 1
9585 13 1
13 5745 1
5745 4790 1
968 4714 2
4714 535 1
502 6242 1
6242 4411 1
1698 3322 1
3322 8879 1
9585 5435 1
9027 5428 1
5428 4090 1
4790 8061 1
1394 4788 4
9094 5429 3
1 8310 1
8310 8702 1
2826 2895 1
2895 3209 1
8741 2501 2
2501 2695 1
4317 5435 2
5435 4411 1
1698 6419 1
6419 13 1
13 903 1
903 5797 1
5797 6371 1
9787 4210 1
4210 4635 1
4635 4392 1
3727 7059 1
7059 3683 1
2730 414 1
414 3154 1
2576 5347 1
5347 4084 1
4084 1037 1
3683 5435 3
5435 3683 2
3683 6242 1
6242 1062 1
6052 778 1
1 695 2
8702 6242 1
6242 414 1
414 4445 1
494 6708 1
6708 7799 1
7799 13 1
13 8873 1
2501 4317 1
5435 9031 2
9031 2018 1
8969 2406 1
8431 3761 1
482 8284 1
8284 2802 1
5429 3321 1
3321 7486 1
7486 3030 1
3030 840 1
840 5777 3
1698 2018 1
482 6299 1
6299 4788 1
7498 494 2
494 2506 1
2506 1062 1
482 8879 1
8064 2576 1
5435 6199 1
6199 8284 1
8284 8741 1
1062 8742 1
4790 3961 1
3961 4701 1
4701 6242 1
6242 13 1
13 8284 1
8284 5435 1
2576 1309 1
1309 5769 1
4788 6242 1
6242 8873 1
414 4701 1
2056 2686 1
3581 6374 1
6374 8582 1
7782 8524 1
8524 2843 1
7948 5300 1
695 4445 2
1941 494 1
3761 3954 1
3787 7897 1
7897 4759 1
4759 7183 1
7183 8250 1
4407 1128 1
5533 9585 1
9773 7897 1
7897 5132 1
5132 4840 1
4840 2431 1
2431 2819 1
494 9292 1
9292 9012 1
9012 1794 1
4090 9026 1
9026 6436 1
4788 2942 1
2942 1408 1
1408 5497 1
1346 5817 1
5817 2819 1
1395 7540 1
7540 5887 1
5887 3124 1
482 5547 2
5547 5548 1
5548 750 1
4714 8334 2
8334 1945 1
1945 6756 1
6756 9144 1
9144 4788 1
453 7913 1
7913 6242 1
6242 6776 1
6776 494 1
494 4288 1
4288 8576 1
9031 568 1
568 9723 1
9723 3787 1
2576 3995 1
3995 2727 1
2727 7666 1
7666 6242 1
6242 2819 1
8702 9031 1
9031 690 1
2121 5386 1
5386 7715 1
2056 3679 2
5672 9585 1
8050 1134 1
1134 2853 1
9721 6146 1
6146 7100 1
7100 3124 1
6756 155 1
155 9100 3
9100 1394 1
3074 2819 1
453 2576 1
7559 8920 1
8920 502 1
8260 7666 1
7918 4411 1
1698 756 1
756 4915 1
4915 6182 1
6182 4788 1
4788 3178 1
3178 2483 1
2483 2552 1
1408 4701 1
4701 3767 1
3767 4336 1
2501 3016 1
3016 5973 1
5973 4786 1
4786 502 1
6111 7053 3
7053 8621 1
8621 5842 1
3683 405 1
405 5439 1
2576 3 1
3 8831 1
8831 540 1
540 4536 1
4536 2576 1
2576 4693 1
4693 5840 1
5840 4464 1
4464 3761 1
2501 4585 1
3124 5777 1
1698 8268 1
8460 8051 1
8051 9787 1
494 1251 1
1251 8873 1
1532 2992 1
6520 7694 2
7694 3846 1
3846 7701 1
386 9167 1
9167 9587 2
9587 8199 1
8199 9368 1
9368 2576 1
2576 6641 1
6641 1958 1
1958 6436 1
8582 4259 1
4259 2576 1
2576 8033 1
8033 885 1
6514 7331 1
4788 7508 1
7508 3884 1
3884 7917 1
7917 5676 1
5676 782 1
782 4765 1
4765 219 1
3228 2292 1
9585 5687 3
885 494 2
494 7330 1
7602 7540 1
4415 7405 1
7405 2809 1
2809 4274 1
4274 2802 1
2819 6523 1
6523 502 1
1651 9024 1
2691 3180 1
3180 3787 2
1532 8873 7
8873 4195 1
4195 9787 1
692 1421 1
1421 3124 1
7896 5507 1
5507 8576 1
7780 9773 1
918 502 1
2272 1464 1
1464 3787 1
3787 8445 1
8445 2530 1
2530 8674 1
8674 1037 1
6642 2714 1
2714 3835 1
3835 7896 1
7896 939 1
3766 7799 1
7701 4445 2
8637 1651 1
1651 3092 1
3092 8107 1
8107 8576 1
8369 386 1
386 6651 1
6651 1037 1
7036 4222 1
4222 556 1
556 1143 1
1143 4090 1
494 8801 1
8801 2576 1
2576 5532 3
5532 4407 2
4090 5829 1
5829 1941 1
7331 3718 1
3718 8168 1
8168 5842 1
5439 1738 1
4090 1770 1
1770 4790 1
1738 8070 1
8070 9239 1
9239 502 1
4790 5596 2
3074 7167 1
7167 2576 2
6341 8582 1
1346 825 1
825 1594 1
8858 1818 1
2691 8873 2
691 3011 1
4840 9080 1
4962 1377 1
1377 9772 1
5171 9734 1
885 1566 1
8873 5439 5
5439 6371 1
4448 9052 1
9052 7701 1
7701 9021 1
9021 8713 1
8713 1417 1
1417 8417 1
8417 3154 1
3679 7091 1
7091 8702 1
7559 339 1
339 7320 1
7320 4445 1
9772 1459 1
692 9517 1
9517 8254 1
8254 3317 1
3317 8582 1
8582 8917 1
8917 8712 1
8712 4411 1
1698 6724 1
6724 4484 1
2802 8832 1
8832 2576 1
8681 1360 1
4788 7615 1
7615 2857 1
2857 8582 1
8582 4679 1
4679 2819 1
7053 9012 3
4090 1077 1
1077 4788 1
903 1062 1
1062 7956 2
7956 556 1
7799 5797 1
5797 8637 1
8637 8268 1
8582 8416 1
8416 3787 2
9027 4336 1
692 6398 1
6398 8637 1
5439 8591 1
1062 7381 1
7381 494 1
494 3566 1
3566 458 1
458 2707 1
2707 5199 1
5199 92 1
92 8873 1
8873 7540 1
7540 9624 1
9624 3562 1
4790 930 1
4788 4080 1
4080 9773 1
9773 458 1
458 2896 1
2896 3787 1
467 458 1
458 9773 1
9773 155 1
8136 1818 1
494 6092 1
6092 5510 1
5510 4407 1
5866 4790 1
7091 4445 1
4445 695 1
4464 4962 1
4962 4840 1
4701 1414 1
1414 4336 2
5439 7437 1
4388 7422 1
7422 2686 1
2686 581 1
581 1037 1
6642 6513 1
6513 7902 1
7902 2256 1
2256 2576 1
2002 903 1
903 2576 1
1919 3728 1
3728 621 1
621 9414 3
494 4776 1
4776 4790 1
2576 9243 1
9243 8591 1
8591 2686 1
2056 1155 1
2576 1087 1
1087 5213 1
5213 2595 1
1443 5684 1
5684 8834 1
8834 8415 1
8415 3197 1
3197 9716 1
2576 1304 2
1304 1062 1
2488 4541 1
4541 7153 1
7153 5051 1
5051 8741 1
2819 7109 1
7109 7540 1
7540 7562 1
7562 4021 1
4021 5439 1
9027 8626 1
968 13 1
13 994 1
8371 2576 3
6583 4842 1
1442 1698 1
1698 6251 1
6251 1698 1
1698 5797 1
7799 7916 1
7916 4701 1
8702 7916 1
7916 7950 1
7950 2056 1
2056 8873 2
2695 8294 1
8294 9024 1
9024 2779 1
2779 5818 1
5818 3787 2
2965 1211 1
1211 8621 1
2576 4895 1
4895 4788 1
9772 6333 2
6333 621 1
621 9579 1
9579 5998 1
5998 5563 1
5563 7106 1
7106 3197 1
3197 9151 1
9151 1037 1
1037 8050 1
8050 4940 1
4940 6294 4
6294 8742 1
2056 1556 1
1556 3787 1
2965 4407 1
4407 13 1
13 2576 1
1800 7698 1
7698 9773 1
9773 6087 1
6087 903 1
903 6152 1
6152 3641 1
3641 4916 1
4916 8517 1
8517 2121 1
9672 9773 1
9773 9555 1
9555 3693 1
3693 2576 1
3505 4790 1
4790 3859 1
3859 7625 1
7625 8685 1
2965 6002 1
3859 4402 1
4090 6436 2
6436 1941 3
1941 997 1
997 8694 1
8694 2018 1
1532 5439 1
5439 4090 1
4737 4388 1
4388 5046 1
5046 3761 1
3761 7276 1
621 8458 1
3365 7978 1
7978 7799 1
5359 8626 1
3578 9065 1
9065 4090 1
825 3761 1
621 8518 1
2576 5528 1
5528 6954 1
2965 4069 1
502 5924 1
8658 621 1
1443 2592 1
3761 7901 1
7901 8576 1
6091 9717 1
9717 1 1
1 968 1
4902 5800 1
5800 9498 1
9498 4147 1
4147 8702 1
8702 6693 1
6693 1636 1
1636 6915 1
2734 7225 1
7225 502 1
9585 5068 1
5068 3649 1
3776 2595 1
1443 2018 1
8369 482 3
8702 5606 1
5606 4789 1
4789 2545 1
2545 2576 1
4789 7715 1
9791 482 1
5980 7162 1
7162 748 1
8626 7562 1
5497 219 1
1853 7540 1
9716 2819 1
482 6374 1
7701 8340 1
8340 7166 1
7166 1719 1
1719 3165 1
3165 7917 1
7917 1734 1
1734 8911 1
8911 9008 1
9008 2576 2
9012 4301 1
4301 4602 1
4602 4102 1
371 4784 1
4784 8838 1
8838 3691 1
3691 6583 1
6583 7616 1
7616 1037 2
1037 9496 1
2576 625 1
625 2529 1
2529 2179 1
2179 3562 1
3562 3369 1
3369 9787 1
1773 9593 1
8582 2444 2
2444 2576 1
2576 4797 1
4797 5908 2
5198 2819 1
9787 4671 1
4671 8965 1
8965 5497 2
1408 1037 4
1037 9205 1
9205 8069 1
8069 2701 2
2701 9520 1
7331 750 1
9587 7162 1
7162 3728 1
3728 8683 1
8683 2691 1
2691 3011 1
9787 6508 1
6508 9772 1
7701 3892 1
3892 8988 1
8988 2576 1
7463 6149 1
6149 2567 1
2567 8576 1
2819 3776 1
3776 502 1
7945 1210 1
6436 4759 1
4759 7089 1
7089 9787 1
8637 2585 1
2585 7559 1
7559 5171 1
5171 4181 1
4181 7463 1
7463 3562 1
2576 758 1
7976 8400 1
8400 8637 1
8637 8701 1
2802 7422 1
7422 8416 1
1532 5842 1
2018 8591 1
8591 8416 1
8416 4090 1
3898 8678 1
8678 3767 1
5910 4132 1
4132 9787 1
3727 1941 2
1941 4373 1
9520 2709 1
2709 8626 1
968 8317 1
1037 8867 2
8867 621 1
621 4602 1
4602 494 1
8858 4407 1
4407 7477 1
8907 1332 1
1332 1672 1
7498 1204 1
1204 4940 1
2056 8801 1
8801 2819 1
2819 1215 1
1215 3980 1
3980 2595 2
7498 567 1
567 1406 1
1406 4788 1
9585 9629 1
9629 939 1
491 7855 1
7855 9787 1
6663 154 1
154 9587 1
9587 7900 1
4790 1791 1
1738 2965 1
2965 8694 1
8694 3551 1
3551 9385 1
9385 8824 1
2576 2277 1
2277 4788 1
4788 7917 1
7917 856 1
856 7388 1
7388 1128 1
8873 3675 1
3675 5439 1
5439 4737 1
9585 2415 1
2415 2576 1
2576 3423 4
3423 6436 1
6436 3761 1
7053 386 1
9520 4447 1
4447 4392 1
4392 4714 1
1408 2453 1
7701 9324 1
9324 4317 1
4317 3693 1
3693 8742 1
6583 7228 1
7228 3675 1
3675 5596 1
5596 330 1
330 7616 1
7616 965 2
965 3691 2
3691 1919 1
1919 1749 1
1749 1122 1
1122 7587 1
2121 9324 1
8170 1826 1
1826 4069 1
502 5927 1
5927 5112 1
5112 7030 1
502 7528 1
7528 2517 1
2517 6746 1
6746 5171 1
5171 490 1
490 4321 1
9585 8317 1
8867 5596 1
3074 9385 1
9385 1785 1
1785 625 1
2179 1037 1
1037 9011 1
9011 2576 1
9810 1513 1
1513 1527 1
1527 8873 1
3761 3846 1
3846 7569 1
7569 1408 1
8350 2324 1
2324 9585 1
3550 8317 1
8317 7629 1
6436 4887 1
4887 8623 1
8623 330 1
494 9815 1
9815 7134 1
2809 3381 1
3381 502 1
1516 8694 2
8694 2354 1
2354 7701 1
7701 2965 1
695 8069 1
9795 3282 1
3282 1544 1
1544 3154 1
3154 1071 1
1071 3423 1
3423 2595 1
3550 1037 2
8031 7874 1
502 4303 1
3734 3911 1
3911 1505 1
1505 1211 1
1211 2595 1
4076 4977 1
4977 719 1
719 3154 1
3154 6537 1
6537 494 1
494 3240 2
3240 8683 1
8683 4077 1
4077 4840 1
4840 8415 1
8415 1572 1
1572 8576 1
621 9416 1
3429 5695 1
5695 2819 1
339 3734 1
3734 4780 1
4780 7405 1
3216 6490 1
6490 9773 1
9773 8693 1
8693 2576 1
2576 1572 1
1572 5497 1
3383 2024 1
8415 9001 1
9001 9350 1
9350 1332 1
1332 8320 1
8320 6898 1
6898 8563 1
8563 7823 1
7823 8694 1
8694 8605 1
8605 9787 1
2576 7761 1
7761 3683 1
1738 379 1
379 4788 1
4788 1648 1
9772 5547 1
5547 8069 1
8069 2714 1
2714 8576 1
7559 1738 1
8741 799 1
799 9585 1
8136 4758 1
4758 2150 1
3683 6641 1
6641 4788 1
4788 8414 2
8414 2219 1
2219 2576 1
1981 756 1
756 7617 1
7617 3691 3
3691 4520 1
4520 3787 1
1037 2965 1
2965 4885 1
4885 9810 1
7794 6436 1
9772 3248 1
2595 8400 1
8400 337 1
337 7559 1
7559 1505 1
1505 903 1
903 930 2
9714 6707 1
6707 9787 3
8601 2018 2
2561 4090 1
4090 3327 1
8873 5840 1
5840 5686 1
5686 621 1
6642 1332 1
1332 996 1
996 1188 1
1188 3683 1
2576 8420 1
8420 442 1
442 939 1
939 9587 1
9587 6926 1
7701 1853 1
666 8064 1
1360 3787 3
8582 9596 1
9596 6001 1
968 9171 1
9171 2576 1
3787 1560 1
1560 3734 2
3734 6133 1
6133 1073 1
1853 4392 2
9787 9066 1
9066 141 1
141 9420 1
9420 3787 1
3209 9787 2
7361 3734 1
3734 8582 1
4235 3679 1
2812 5541 1
5541 8719 1
8719 951 1
951 7823 1
7823 9773 2
9773 3734 1
3734 7616 1
2576 246 1
246 3373 1
3373 1785 1
1785 8290 1
8290 1552 1
1552 625 1
625 2576 1
2576 472 1
472 7229 1
7229 1513 1
1513 7978 1
9585 8867 1
2576 1508 1
1508 1867 1
7945 568 1
8994 1743 1
1743 1738 1
9585 9072 1
9072 8069 1
6984 8576 1
2819 3599 1
3599 2104 1
2104 4918 1
7402 1269 1
8582 1508 1
1508 9772 1
1199 2819 1
3861 6692 1
6692 7160 1
7160 2258 2
2258 1 1
141 6954 1
5497 1357 1
1357 9072 2
9072 6443 1
4076 502 2
4788 535 1
535 8591 1
4714 8630 1
8630 2576 1
5152 7559 1
2552 6238 1
6238 1540 1
1540 7172 1
7172 4407 1
930 502 1
9787 6689 1
6689 2819 1
7053 3639 1
3639 6277 1
6277 502 1
4749 8873 1
3776 9810 1
9810 7626 1
7626 9175 1
9175 3761 1
3761 7768 1
7768 4789 1
4789 2222 1
6143 4789 1
4749 3207 1
3207 756 1
756 9385 1
9385 2802 1
7744 7540 1
8582 7780 1
7780 9585 1
4791 1509 1
1509 7170 1
7170 502 1
3550 1826 1
1443 4918 2
4918 2121 1
3734 5547 1
5547 9787 1
9773 2093 1
8473 5523 1
5523 8591 1
8591 1043 1
1043 3727 1
7799 8701 1
3776 9414 1
9414 2595 1
875 1773 1
1023 4373 1
4739 8582 2
8582 1761 1
1761 9546 1
9546 9765 1
9765 9350 1
9350 4909 1
4909 5789 1
7701 1443 1
6687 153 1
153 547 1
530 6892 2
8658 1868 1
494 155 2
4904 9167 1
9167 1738 1
419 5123 1
5123 1738 1
3137 1326 1
1326 494 1
4076 8841 1
8841 1226 1
1226 3402 1
482 5791 1
5791 6436 1
7626 331 1
331 3691 1
8969 7091 1
7091 9621 1
9621 6467 1
6467 6872 1
6872 609 1
609 8683 1
385 1919 1
1919 3402 2
3787 9469 5
9469 5393 1
3137 4069 1
218 2819 1
2576 1746 1
5171 6724 1
6724 6671 1
8350 9240 1
9240 9585 1
9585 5158 1
502 7350 1
7350 2576 1
6049 8742 1
2056 4999 1
4999 9787 1
9772 4714 3
2576 994 1
5481 4226 1
4226 997 1
997 2086 1
2086 1701 1
1701 6263 1
6263 5130 1
7851 7887 1
351 3761 1
3761 4940 1
4790 2598 1
2598 1701 1
4226 5120 1
5120 5481 4
4940 5393 1
5972 7701 2
7049 3973 1
7540 7224 1
7224 6882 1
6882 4640 1
4640 502 1
3550 7617 1
3691 9811 1
9811 4863 1
4863 4788 1
8582 8349 1
8349 4373 1
4373 2767 1
2767 9585 1
9585 6177 1
6177 7037 1
7037 9119 1
9119 2121 1
2150 9585 1
4788 2655 1
2655 7701 1
7701 6429 1
6429 3124 1
3366 2576 1
2576 9244 1
9244 59 1
59 502 1
3381 756 1
756 8926 1
8350 5359 1
9585 4415 2
9787 5660 2
5660 2802 1
8527 1701 1
3555 1252 1
1252 9787 1
782 6583 1
9787 3311 1
3311 4543 1
4543 6505 1
6505 9787 1
1580 875 2
494 4315 3
7042 8741 1
311 4868 1
4868 3911 2
4940 3124 3
6419 4788 1
4788 7048 1
7048 810 1
810 2483 1
2483 5561 1
5561 3496 1
3496 5039 1
5039 9772 1
1738 2175 3
2175 8637 1
8637 4975 1
4975 2086 1
2086 6670 1
6670 2576 1
6982 5481 1
8658 8279 1
8279 2831 1
2831 1597 1
9012 1640 1
1640 5494 1
3383 2772 2
2772 568 2
8994 8104 1
3761 4840 3
7661 3787 2
9682 6874 1
6874 3676 1
4090 8354 1
8354 371 1
371 4086 1
4086 7659 1
7659 9787 1
4126 5596 1
5596 6950 1
6950 4940 1
2576 6463 1
6463 6679 1
6679 4090 1
7053 2806 1
2806 502 1
817 6748 1
9773 2721 1
2721 3514 1
3514 8777 1
8777 7053 3
9787 9075 1
9075 4714 1
4714 9415 1
9415 2547 2
2547 9787 1
9787 2496 1
2496 2576 2
2208 1979 1
1979 4076 1
6618 3550 1
3550 8279 1
8279 3846 1
782 4840 1
4840 7617 1
8926 4464 1
4140 5494 1
3402 4790 1
7053 3921 1
3921 3787 1
2576 5554 1
5554 3402 1
3402 6954 1
494 3124 1
442 8683 1
8683 3816 1
3816 6954 1
502 5133 1
5133 5007 1
4940 1033 2
1033 396 1
8369 384 2
384 9167 1
9167 8974 1
8974 6436 1
7904 2819 1
8702 3402 1
3402 6634 1
5481 3124 2
3124 5596 2
5596 2592 1
2576 1025 1
1025 9787 1
9672 7799 1
7799 8847 3
8847 2555 3
2555 9417 1
9417 4940 2
3761 9000 1
9000 9736 1
9736 9006 1
4090 3863 1
3863 3358 1
8847 4086 1
4630 9787 1
578 778 1
4336 5770 1
8785 9787 1
578 4445 1
7945 2085 1
2085 1394 1
1394 2843 1
8847 9110 1
9110 2686 1
2686 9787 2
9787 1258 1
1258 2595 1
1037 4453 1
4453 2992 1
9548 9787 1
4090 7870 1
7870 4940 1
4940 524 1
578 9517 1
9787 7690 1
7690 3787 1
1399 8873 1
9088 8548 1
8548 2819 1
7053 4701 2
4701 1399 1
1399 7540 1
494 2041 1
2041 695 1
2056 3505 1
3505 502 3
502 4797 1
5908 6436 1
6436 2604 1
2604 9585 1
2561 4737 1
1505 1037 1
2802 3675 1
3675 1 1
1 9517 2
9787 8391 1
8391 916 1
9772 5085 1
5085 9787 2
9787 9655 1
9655 4445 1
8637 9066 1
9066 2086 1
2086 2018 1
494 5541 1
5541 9787 2
2406 5567 1
5567 7701 1
9772 1600 1
1600 2576 2
154 502 1
6952 547 1
218 1738 1
3898 5744 1
5744 9515 1
9515 6593 1
6593 2802 1
6041 1701 1
5130 2819 1
3679 7836 1
7836 7387 1
7387 4793 1
9787 3833 1
9787 1217 2
1217 1701 1
9772 3683 1
3683 4794 1
1346 3823 1
3358 4918 1
2086 3761 2
4464 7540 1
5171 667 1
667 6436 1
3767 6186 1
6186 8926 1
1062 5494 1
4574 3727 1
3727 8268 1
8268 2018 2
8946 4463 1
4142 5735 1
5735 8260 1
7463 6523 1
4788 3705 1
2576 840 3
840 8576 1
9773 2576 1
5532 4090 1
3787 8580 2
8580 3787 1
5254 1 1
8031 8814 1
8814 9787 1
9593 7782 1
7782 2059 1
9787 9243 1
9243 1346 1
1346 8530 1
4448 8683 1
8683 752 1
4632 4909 1
4909 3505 1
5839 8334 1
1062 2589 1
2589 7073 1
1062 6161 1
2701 3787 1
3600 1566 1
8969 4868 1
4868 3820 1
3820 1062 1
4235 9585 1
3358 8263 1
8263 9787 1
9130 3124 1
3124 4909 1
5839 4407 1
4407 6583 1
6583 6794 1
6794 3787 1
8369 1443 1
4788 4012 1
4012 1346 1
4841 4090 1
4090 5998 2
5998 1062 1
482 9540 1
689 9414 1
9414 1208 1
1208 9413 1
9413 7701 1
7559 8576 1
2819 945 1
945 2400 1
2400 6705 1
6705 3374 1
3374 502 1
2021 6395 1
6395 2292 1
1062 8834 1
4073 1672 1
5171 4101 1
4101 2576 1
7463 2585 1
2585 2595 1
5486 2121 1
2730 1640 1
1640 2297 1
2297 9368 1
9368 1129 1
1129 1062 1
6111 1639 1
1639 8245 1
8245 169 1
169 7540 1
1062 9227 1
5439 1205 1
1205 8713 1
8713 1419 1
1419 8416 1
8416 2400 1
2400 2576 1
1651 575 1
575 9671 1
9671 6217 1
6217 9772 1
494 1336 1
1336 2588 1
2588 1177 1
1177 2802 1
568 53 1
53 4789 1
4789 2691 1
2576 4655 1
4655 7666 1
7666 8212 1
8212 4090 1
1408 9773 1
3767 3761 2
3761 2208 2
2208 482 1
1738 6453 1
6453 98 1
98 4041 1
9029 2576 1
482 4956 1
4956 4940 1
4940 8856 1
8856 301 1
301 524 1
524 2661 1
2661 1037 1
4012 442 1
442 748 1
2965 1326 1
1326 3620 1
7540 2562 1
2562 4736 1
2024 384 1
384 9178 2
9178 2018 1
9773 1945 1
1945 4090 2
4090 6613 1
802 2576 1
6687 1037 2
6050 6694 1
6694 502 1
7536 9587 1
9587 666 2
9773 306 1
306 3620 1
3620 3761 1
482 8216 1
8216 9773 1
502 8823 1
8823 1303 1
1303 371 1
371 6930 1
6930 9520 1
9520 2061 1
2061 7540 1
3641 1733 1
1733 3704 1
3704 502 1
3154 4464 1
4140 494 2
5547 5591 1
1940 2430 1
2430 3124 1
3124 2851 1
2851 3544 2
3544 6687 1
6687 1394 1
1394 1377 1
1377 3769 1
3769 872 1
2561 9053 1
9053 4142 1
4126 673 1
673 621 1
8621 1566 1
1566 7799 1
7540 7317 1
7317 6490 1
6490 7666 1
7918 9111 1
9111 7579 1
7579 1197 1
1197 3761 1
3761 872 1
872 5976 1
5976 2024 1
5893 3124 1
6622 5497 1
9772 6687 2
1346 6918 1
6918 7823 1
7823 2570 1
2570 8678 1
7569 9787 1
7701 3124 1
3124 4082 1
4082 5547 1
5547 7743 1
7743 8268 1
8268 7120 1
7120 8712 1
8712 6120 1
6120 277 1
277 3787 1
1062 3934 1
3934 1346 1
5172 840 1
840 2018 1
8678 5818 3
5818 494 1
9787 5795 1
5795 494 1
494 4859 1
4859 3787 1
2621 3934 1
3934 8582 1
885 6514 1
6514 5171 1
9787 8981 2
8981 622 1
622 4025 1
4025 2292 1
2292 3124 1
3124 3245 1
2552 951 1
8683 4069 1
4118 9585 1
1761 1062 1
1062 3449 1
3449 9773 1
9773 2023 1
2023 3944 1
3944 4758 1
4758 684 1
684 1346 1
903 5154 1
5154 1062 2
3701 8582 2
8582 668 2
668 4350 1
2121 4759 1
4759 1950 1
1950 9006 1
872 3358 1
8917 3633 1
1468 9585 1
2552 8576 1
7559 5911 1
4790 8824 2
8824 9772 1
3408 997 1
997 1346 1
1346 442 1
3154 4226 1
6583 883 1
883 7498 1
6931 5770 1
5770 3482 1
3482 1062 1
2121 1966 1
1966 418 1
418 1037 1
1037 7799 1
7799 3880 1
3880 1346 1
1346 6756 1
6756 1672 1
3124 2121 1
1442 797 1
7128 3293 1
3293 4407 1
8702 2621 1
2621 8107 1
8107 6384 1
6384 9585 1
7559 8270 2
1505 7331 1
7331 5497 1
968 9000 1
9000 4940 1
8557 1211 1
1211 4790 2
2576 6525 1
6525 7701 1
7701 9454 1
9454 4552 1
3642 1346 1
2576 6199 2
6199 4962 1
9787 9545 1
9545 2576 1
5019 3787 1
4701 885 2
885 2018 1
4090 6960 1
6960 3620 1
2561 502 2
1505 7799 1
1062 5532 1
5532 2576 1
2576 8107 1
8107 502 2
502 4264 1
4264 621 1
5693 9770 1
9770 4714 1
8334 4140 1
4140 2024 1
2024 6651 1
6651 453 1
1651 8834 1
9520 4445 1
1062 588 1
588 4962 1
7540 9084 3
9084 2576 3
4090 2052 1
2052 9787 1
8576 3190 1
3190 2121 1
1442 7073 1
7073 8873 1
3937 6525 1
6525 9773 1
3600 1346 1
1346 5976 1
4962 4445 1
1037 3358 2
3358 7036 2
7036 2695 1
3767 2686 1
2056 4336 3
4336 494 1
4090 6462 1
6462 4790 1
2748 3981 1
3981 8873 1
8702 2695 1
8582 2308 1
2308 4407 1
4407 1062 2
1177 9587 1
2056 9088 1
1346 9546 1
9546 7918 2
1648 4090 2
9587 8873 1
1641 4407 1
1062 8678 1
7799 3248 1
3248 1919 1
9787 4801 1
4801 9772 1
3408 1062 1
1505 2621 1
2621 7715 2
2056 8107 1
2686 8873 1
502 1442 3
1442 6122 1
6122 2530 1
2530 2981 1
2981 3911 1
3911 9078 1
9078 3550 1
3011 5210 1
1346 7896 1
7896 7126 1
7126 4788 1
903 1774 1
1774 9787 1
9787 8107 1
8107 9787 1
4574 9182 1
9182 9772 3
9772 1751 1
1751 6511 1
6511 2576 1
8337 7701 1
9593 7540 1
6052 1427 1
8245 1346 1
5172 4737 1
4737 8685 1
8685 945 1
945 8991 1
8991 4788 1
4788 5371 1
5371 1966 1
1966 3124 1
2576 8900 1
8900 7498 1
6931 7799 1
1062 674 2
674 4840 1
4840 3012 1
3012 2347 1
2347 9787 1
1062 6872 1
6872 9243 1
9243 1062 1
8576 3585 1
3585 566 1
2786 9585 1
8069 9092 1
9092 7773 1
2576 9394 1
9394 7917 1
7917 3499 1
7374 1062 1
8460 6872 1
6872 167 1
167 401 1
401 2686 1
2686 1120 1
1120 2595 1
2595 9084 1
9084 8412 1
8412 3154 1
9418 1037 1
1037 6730 1
6730 3562 1
9787 6151 1
6151 5053 1
8582 1765 1
1765 2819 1
2802 7449 1
7449 5001 1
5001 2819 1
4090 8072 2
8072 494 1
502 3166 1
3166 1660 1
1660 4472 1
4472 149 1
715 502 1
4373 1960 3
1960 4373 1
4373 8621 1
8621 1 1
4448 7799 1
4790 2479 1
2479 1 1
2843 7984 1
7984 7463 1
7463 2406 1
2406 1062 1
1062 7207 1
7207 9787 1
8741 4827 1
4827 9585 1
1651 5532 1
9773 1905 1
1905 9540 1
1062 5517 1
5517 8637 1
5995 5137 3
8576 9418 1
9418 6029 1
1688 1062 1
1062 2062 1
2062 6525 1
6525 8577 1
2576 1656 1
1656 2370 1
2370 9787 1
3787 4106 1
1919 9714 2
1062 8946 2
8946 494 3
494 2194 1
2194 7701 1
1037 3124 1
2024 4758 1
4758 4999 1
4999 7432 1
7432 2292 1
2292 1009 1
1009 4714 1
4714 1346 1
9585 6333 1
6333 6029 1
1688 7694 1
7559 2305 1
2305 5770 2
5770 9787 1
9417 386 2
386 7956 1
9773 6164 1
6164 2786 1
2786 4632 1
1062 6199 1
6199 482 1
9414 8143 1
2843 123 1
123 1128 1
1128 8637 1
8637 2595 2
7559 4021 1
4021 5940 1
5940 4090 1
8702 1037 2
1660 4586 1
4586 4407 1
4086 1660 1
2730 4405 1
4405 1528 1
1528 9265 1
9265 2830 1
2830 9600 1
9600 3404 1
3404 8637 1
6145 2576 7
6199 4090 1
9128 371 1
371 4389 1
9773 1688 1
1688 3124 1
3124 7987 1
9359 5080 1
9587 9419 2
7843 9232 1
9232 1252 1
1252 8591 1
8591 2664 1
2664 6145 1
6145 7666 1
7666 478 1
478 1346 1
1346 993 1
993 6114 1
6557 2576 1
8685 6439 1
6439 2802 2
2802 478 1
478 5943 1
5943 8279 1
8279 4464 1
4840 2235 1
2235 1918 1
1918 9520 1
9520 371 2
371 4719 1
4719 4790 1
4790 9389 1
9389 8626 1
8626 8652 1
8652 8317 1
8317 4790 1
4790 645 1
645 1920 1
1920 3911 1
3911 4464 1
4790 2403 1
2403 502 1
4640 1918 1
6583 1518 1
1518 9427 1
968 1921 1
1921 2639 1
2639 4464 1
9580 7150 1
7150 4407 1
3124 4918 1
4918 1738 1
8350 8883 1
8883 3677 1
3677 1772 1
1772 1346 1
1941 371 1
371 2347 1
2347 502 1
502 6050 2
6050 6223 1
6223 3620 1
2561 6001 1
7559 6256 1
8685 8245 1
1776 7197 1
7197 3011 1
1346 3190 1
6583 9427 1
9427 3761 2
1701 4076 1
4076 226 1
226 2576 1
4913 371 1
371 502 1
1 5494 1
6954 762 1
1701 2145 1
2145 8637 1
8637 1581 1
9779 502 1
8868 3167 1
3167 2576 2
3787 2557 1
2557 7320 1
7449 3167 1
3167 4076 1
4076 6013 1
6013 9012 1
9012 1667 1
1667 6062 1
6062 2742 1
2742 3726 1
3726 3154 1
7637 7540 1
7540 624 1
624 762 1
762 4578 1
4578 3787 1
4790 1732 1
1732 7713 1
7713 392 1
392 9787 1
9787 937 1
937 1771 1
1771 8683 1
8683 695 1
9773 3726 1
3726 6490 1
6490 9783 1
9783 3343 1
3343 8582 1
8582 8731 1
8731 2576 1
155 5087 1
5087 691 1
691 8531 1
8637 755 1
4796 3124 1
1346 2326 1
2326 8031 1
8031 1476 1
1476 6451 1
6451 7720 1
7720 6384 1
4463 8768 1
8768 4407 1
6573 4790 1
8576 3497 1
3497 123 1
123 9585 1
3787 8057 1
8057 2121 1
1053 1660 1
1660 3331 1
3331 4090 1
8969 1577 1
1577 3963 1
3963 1851 1
1851 502 1
1918 7720 1
7720 4790 1
4790 6049 1
6049 1568 1
1568 9153 2
9153 8593 1
8593 4407 1
8013 7559 1
9497 4373 1
4373 214 1
214 8678 1
2056 7694 1
4790 6951 1
6951 3154 1
482 5786 1
5786 2938 1
2938 6966 1
6966 888 1
502 7574 1
7574 1326 1
4790 5823 1
5823 7666 1
7666 2739 1
2739 2576 1
8729 1087 1
4790 7008 1
7008 1568 1
9153 3178 1
3178 4407 1
4407 7951 1
7951 5497 1
6935 4090 1
7842 3641 1
3641 1016 1
1016 4937 1
4790 7493 1
7493 2576 1
2576 6334 2
6334 4790 1
7851 8892 1
8892 2802 1
2802 9540 1
9540 3124 1
1346 7008 1
7008 2430 1
2430 1244 1
1244 502 1
3650 1351 1
1351 958 1
958 6365 1
6365 454 1
454 2576 1
5199 4407 1
4407 8527 1
453 4790 2
8069 5497 1
2947 5596 1
4790 5007 1
8469 2576 2
3702 3327 1
9489 3243 2
3243 5170 1
5170 4790 1
9524 1941 1
1062 7802 1
7802 7666 1
3767 4324 1
4324 8577 1
9585 3767 1
3767 494 1
7559 1540 1
1540 2576 1
2576 5135 1
5135 7668 1
7668 7540 1
4714 502 2
5525 3124 1
1346 4541 1
4541 4210 1
4210 5329 1
5329 4790 1
4790 7764 1
7764 1650 1
1650 8637 1
8637 6393 1
6393 502 1
2576 3088 1
3088 226 1
226 8591 1
5497 1597 1
5497 8777 1
3243 9726 1
9726 1918 1
8683 4090 1
8600 6114 1
6114 5329 1
5329 5910 1
5910 3761 1
4442 3761 1
7407 3358 1
4086 5248 2
5248 4477 1
4477 5487 1
3012 1984 1
1984 6363 1
6363 7234 1
7234 9084 1
9084 3761 1
3911 6613 1
8050 4685 1
4685 2845 1
2845 2098 1
2098 1826 1
1826 2686 1
2686 3488 1
3488 2686 1
2056 2326 1
2326 2629 1
2629 9294 1
5199 9772 1
3985 9585 1
1701 7407 1
7407 4373 1
6574 9268 1
9268 502 4
4790 6749 1
6749 6436 1
2056 5693 1
5693 3761 1
3761 7283 1
7283 7540 1
7666 5248 1
9065 2576 1
2576 6987 1
2320 9520 1
9520 9417 1
9417 4713 1
4713 7223 1
3600 3638 1
1597 4376 2
4376 4335 1
4335 3495 1
3495 1668 1
1668 3891 1
3891 5414 1
5414 3124 1
218 6352 1
6352 3761 1
4908 3787 1
4788 807 3
807 4788 2
8521 502 2
502 7720 2
7720 3814 1
3814 8263 1
8263 4090 1
4090 1791 1
1791 3358 1
3358 8824 1
8824 2833 1
2833 7942 1
4463 3122 2
3122 4106 3
4106 4445 1
6711 1394 1
7701 2552 1
1062 2309 1
2309 4685 1
4685 8591 1
8591 3016 1
3016 502 1
7540 680 2
680 9585 1
2025 6048 1
8527 872 1
1062 8979 1
8979 3011 1
3011 594 1
8557 7540 2
7540 1476 1
1476 4090 1
3898 2501 1
2501 4392 1
371 8743 1
494 3415 1
3415 1408 1
1408 8264 1
7701 3252 1
3252 3727 1
3727 1622 1
1622 3761 1
5870 8678 1
1818 4734 1
311 502 2
1346 3859 1
8685 8521 1
3761 1048 2
1048 8576 1
1701 4918 1
5481 1346 1
4090 7774 2
7774 3787 2
7559 2956 1
2956 4042 1
8414 2527 1
2527 4788 1
968 410 1
410 9787 1
4788 8945 1
8945 5910 1
5910 4404 1
4404 8576 1
4788 6469 1
6469 2802 1
2802 1033 1
1033 3569 1
3569 9772 1
9772 5736 1
5736 3683 1
3683 8882 1
8882 502 1
3124 2309 1
2309 9590 1
9590 4155 1
4155 6275 1
9580 4574 1
2802 4045 1
4045 5870 1
5870 3124 1
5481 155 1
8136 6376 1
6376 2821 1
2821 5329 1
5329 502 1
7384 3154 1
1701 4868 1
4868 5769 1
5769 4940 1
4940 4344 1
4344 4086 1
5248 3761 1
1346 5080 1
7720 2576 1
8591 7211 1
7211 3124 1
4020 502 1
2212 3063 1
3063 8756 1
8756 7559 1
7559 4381 1
8345 2576 1
8694 7160 1
7160 9633 1
9633 3154 1
3154 5642 1
5642 4788 1
4788 7044 1
7044 7084 1
7084 4788 1
4966 4790 1
4790 413 1
4407 1791 1
8350 4838 1
4838 9585 1
7780 1673 1
4402 7540 1
4790 5645 2
5645 1346 1
3074 7296 1
7296 2576 1
2576 4553 1
4553 4788 1
8334 1950 3
1950 3124 1
3124 4966 1
9772 9765 1
9765 413 1
413 916 1
916 8302 1
8302 2181 1
2181 3562 1
3562 4556 1
3622 3728 1
9787 9171 1
9171 2595 1
2595 8755 1
8755 2576 1
6583 9066 1
9066 502 1
6952 5497 1
5497 6451 1
6451 1738 1
7438 153 1
153 7540 1
491 3308 1
3308 8576 1
2819 695 2
695 825 1
825 4988 1
4988 8637 1
8637 7053 1
1346 7407 1
7744 7666 1
7666 9585 1
7852 1062 1
1062 5254 1
5254 7945 1
7945 7641 1
4142 6440 1
6440 2368 1
2368 2802 1
9787 755 1
7049 3198 1
3198 4973 1
4973 4788 1
1701 8873 1
311 4961 1
4961 4388 1
4388 4090 2
1701 3254 1
3254 2795 1
2795 1518 1
1518 5792 1
5792 4788 1
4788 7121 1
7121 9787 1
2576 2978 1
2978 1701 1
494 8844 1
8844 8321 1
1701 6834 1
618 502 2
502 4940 1
4940 9505 1
9505 9787 1
7755 3884 1
7260 8576 1
2819 5911 1
8623 4090 4
7904 9787 1
5995 4714 1
4714 621 1
621 238 1
238 7772 1
7772 3787 1
6189 8742 1
1853 8320 1
8320 4476 1
4476 2843 1
3856 9787 1
6161 6436 1
4605 8591 1
7540 3505 1
2576 4859 1
4859 4090 1
4788 6501 1
6501 4142 1
4142 4697 1
4697 8587 1
8587 2576 1
2576 8587 1
8587 4788 1
4966 695 1
695 1326 1
8591 3638 1
4376 4752 1
4752 9304 1
9304 7553 1
7553 9303 1
9303 9772 1
9772 139 2
2640 1062 1
4788 2728 1
2728 9585 1
3358 6002 2
1651 4336 1
4336 9489 1
4142 6489 1
6489 1205 1
9787 5405 1
5405 2018 1
674 3200 1
6523 9787 1
968 7773 1
7978 9038 1
9038 4445 1
4364 371 1
371 4793 1
4793 4142 1
4142 5817 1
5817 4788 1
7588 7540 3
2595 9783 1
9783 5454 1
5454 1 1
556 1092 1
1092 87 1
87 5817 1
4142 6002 1
1651 1092 1
1092 2121 1
4788 5810 2
5810 4489 1
1820 9772 1
7036 9585 1
9585 5683 2
5683 1660 1
1660 514 1
1853 1566 1
482 3727 3
3727 7559 1
7559 2370 1
2370 9773 1
4233 8333 1
8333 8576 1
2819 5276 1
1283 4788 1
8926 3245 1
2208 9772 1
4142 2846 1
2846 5777 1
5777 3745 1
3745 2595 1
2595 4191 1
4191 4788 1
4788 6745 3
2121 8163 1
8163 1820 4
1820 7666 1
6296 3787 1
3787 831 1
831 8576 1
7559 3859 1
3859 187 1
187 4940 1
6294 3254 1
3254 530 1
8649 2637 1
9772 7437 1
7437 8367 1
8367 9664 1
1820 2992 1
2992 9520 1
9414 8084 1
482 2054 1
2054 9419 1
9459 7729 1
7729 1399 6
1399 9787 3
1062 5735 1
5735 9787 3
9773 5777 1
5777 1459 1
1459 7701 1
6745 7666 1
6296 8576 1
8576 1994 1
1994 5119 1
5119 8702 1
4790 386 1
5940 4222 1
4142 9589 1
9589 1566 1
1566 4090 1
4090 9568 1
9568 4445 1
4336 8834 1
8834 1651 1
1651 619 1
619 4085 1
4085 9787 1
7559 695 1
695 4633 1
4633 502 1
3154 4807 1
4807 502 1
6436 3603 2
3603 139 1
4788 2658 1
2658 8591 1
8741 4603 1
4603 2819 1
92 2695 1
691 8042 1
4788 6079 1
6079 8591 1
8591 6835 1
6835 1577 1
7540 8583 1
8583 2691 1
2691 5454 1
5454 3496 1
3496 4381 1
4381 4460 1
4460 4336 1
689 9302 1
9302 7694 1
8834 1092 1
1092 8219 1
8219 3727 1
3727 9520 1
8946 7509 1
502 8902 2
8902 4090 1
4090 8953 1
8953 3358 1
8565 2053 1
2053 8873 1
8049 9038 1
9038 4909 1
9787 3874 1
3874 7540 1
9632 9587 1
9167 4918 1
9787 895 1
895 7666 1
3680 8576 1
8576 9165 1
9165 9585 1
1577 1408 1
1408 7069 1
7069 4407 1
6519 4373 1
2802 2843 3
2843 7384 1
7384 2576 1
4575 1210 1
1210 1701 1
1701 2595 2
144 6110 1
8582 1806 1
1806 6993 1
6993 2576 1
6110 621 2
621 7694 1
3761 1734 1
1734 9773 3
1037 8288 1
8288 7512 1
7512 2576 1
2576 5573 1
5573 2004 1
3391 5119 1
9772 255 1
255 9517 1
9517 6519 1
1408 8545 1
1701 8582 1
8582 5671 1
5671 9721 1
9721 4790 1
3787 637 1
637 968 1
968 4124 1
4124 3787 2
9601 2637 1
2637 8741 1
9587 5940 1
5940 7559 1
4335 8487 1
8487 502 1
6519 8221 1
8221 502 1
1701 4737 3
7053 9414 1
9414 4331 1
4331 4123 1
4123 8873 1
7443 1326 1
4918 2068 1
7374 7053 1
7053 9006 1
9006 4788 2
4788 8473 1
502 7035 1
7035 9787 1
3727 7197 1
7197 3961 1
3961 5435 1
5435 8741 1
8110 7540 1
7540 6081 1
6081 8908 1
8908 3649 1
521 4463 1
8741 1326 2
4069 4789 1
4090 6406 4
6406 5007 1
3937 502 1
7780 1597 1
1597 622 1
622 614 1
614 8142 1
8142 882 1
882 3649 1
521 1818 1
8350 827 1
827 4097 1
4097 4140 1
4140 4893 1
4893 4940 1
4789 8880 1
8880 9585 1
8136 6745 1
6745 482 1
4383 3652 2
3652 2018 1
1577 9772 1
7694 8678 3
8678 1037 2
1037 8337 1
482 5053 1
5053 7540 1
7540 6389 1
6389 2802 1
2802 4098 1
4098 4142 1
482 1805 1
1805 1594 1
1594 9772 1
9772 6256 1
6256 1701 1
3154 4737 1
7559 4301 1
4301 2576 2
2576 8862 2
8862 5908 1
5908 3683 2
8064 5908 1
7945 8685 1
9414 1032 1
1032 7285 1
7285 482 1
482 7942 1
7942 9585 1
9313 6128 1
6128 139 1
1771 6186 1
6186 7641 1
2595 2518 1
2518 9787 1
6870 2812 1
2812 7688 1
7688 482 1
7540 8451 1
8451 951 1
951 8576 1
8576 485 2
485 556 1
556 8242 1
7538 9517 1
9517 7694 1
7694 2853 1
2853 4384 1
4384 1 1
6186 8320 1
8320 8928 1
4940 2020 1
4789 6115 1
6115 5819 1
1037 9685 1
9685 2576 1
2576 3237 1
3237 2812 1
2812 2819 1
4364 8452 1
8452 9787 1
2772 8637 1
7053 8582 1
8582 4444 1
4444 8184 1
8184 9520 1
9787 550 1
550 502 1
8626 7782 1
7782 4082 1
4082 9141 1
9141 9787 1
9787 8073 1
8073 8626 1
8626 6432 1
6432 4382 1
4382 2576 1
2576 6390 1
6390 9787 1
9593 5596 1
8069 756 1
756 6519 1
9787 9795 1
9795 6057 1
6057 2897 1
2897 1678 1
1678 6712 1
6712 1568 1
1568 8582 1
4575 2552 1
968 765 1
765 7898 1
2121 1498 1
1498 3683 1
9787 9057 1
9057 4142 1
4940 146 1
146 8332 1
8332 4090 1
6673 9787 2
2528 7898 1
7898 7673 1
7673 2121 1
4790 6283 1
6283 1651 1
1651 1586 1
1586 3154 1
494 5313 1
5313 3767 1
9773 3985 1
3985 9787 1
4415 5596 2
5660 2576 1
9119 3884 1
3884 9787 1
8320 4820 1
1360 7302 1
7302 7701 1
4222 4902 1
4902 712 1
712 8576 1
5940 5171 1
1952 912 1
912 4407 1
4407 9590 1
8582 770 1
770 9787 1
968 8610 1
8610 1 1
8847 3617 1
3617 9397 1
9690 8591 1
8591 482 1
8847 4063 1
4063 9585 1
9517 9057 1
9057 139 1
4142 6015 1
502 1330 1
1330 4676 1
4676 1326 1
1326 637 1
637 5449 1
2576 7864 1
7864 2570 1
8413 2576 1
9012 3690 1
3690 4489 1
4489 4102 1
4102 9585 1
6144 2757 1
2757 2576 1
494 949 1
1295 3505 1
3039 4407 1
4407 7918 1
7918 3687 1
3687 2302 1
2302 8873 1
3787 9197 1
9197 9772 1
6375 951 1
951 8069 1
8069 2020 3
2020 8576 1
2819 261 1
261 4530 1
4530 6712 1
2576 7873 1
7873 9588 1
4788 4530 1
4530 7559 1
7701 494 1
8685 4237 1
4237 9787 1
1365 1960 3
1960 5137 1
3727 3690 1
3690 502 1
494 2736 1
2736 2576 1
2576 6298 1
6298 9787 1
8104 8064 1
7666 3380 1
3380 9787 1
453 1472 1
1472 5091 1
5091 4940 1
4940 1497 2
1497 4407 1
1960 9593 1
7780 3787 1
9772 7408 2
7408 9787 1
9787 2407 1
2407 7701 1
7701 1394 1
5895 1805 1
1805 6094 1
6094 9546 1
3787 5429 1
5429 9402 1
9402 9772 1
4789 1326 1
2552 4714 2
9585 3317 1
3317 9772 1
2607 494 1
4120 3690 1
3690 4206 1
4206 9593 1
9580 1018 1
1018 2576 1
2576 8005 2
8005 9787 1
9585 6362 1
6362 3911 1
3911 8873 1
7701 3964 1
3964 9787 1
7945 5435 1
5435 1 2
2430 6126 1
8184 3690 1
3690 2819 1
9787 4872 1
4872 9773 1
7701 3482 1
3683 1436 1
2576 8136 1
8136 7168 1
7168 7298 1
7298 4069 1
8582 7048 1
7048 802 1
802 9787 1
2903 3371 1
3371 467 2
2576 2896 1
2896 7755 1
3787 5270 1
5270 2576 1
2576 187 1
187 3961 1
3961 3649 1
521 139 1
139 524 2
1701 4069 1
4376 5416 1
5416 8873 1
8873 3654 1
3654 9303 1
9303 3154 1
3154 803 1
2121 8150 1
8150 831 1
831 1333 1
9313 9787 1
8637 937 2
2093 6287 1
6287 4787 1
4787 4940 1
8637 3690 1
4090 6639 1
6639 4714 1
4714 8742 1
2802 3687 1
3687 1 1
1 5911 1
5911 467 1
3039 5592 1
502 7148 1
7148 4463 1
9415 1037 1
1037 2257 1
2257 2576 1
2819 340 1
340 9787 1
4940 158 1
158 1348 1
1348 2018 1
482 1701 1
1701 8969 1
8969 6698 2
9713 9787 1
4289 6015 1
502 11 2
11 7149 1
7149 8582 1
6146 6601 1
6601 621 1
4086 5763 1
5763 3787 1
1701 1659 1
1659 4439 1
4439 6436 1
7626 3602 1
3602 2576 1
502 476 1
476 3761 1
748 7094 1
7094 5398 1
5398 2576 1
2576 7985 2
7985 6436 1
9772 2851 1
2851 9170 1
9170 4940 1
482 879 1
879 9787 1
9787 6892 2
4788 2435 1
2435 8873 1
9787 906 1
906 502 1
502 5221 1
9414 8392 1
8392 1701 1
1037 4736 1
9787 9178 1
9178 9787 1
4788 6110 1
7666 1638 1
1638 8400 1
523 9587 1
9787 9413 2
9413 1237 1
1237 695 1
4788 4463 2
4463 7046 1
7046 3011 1
6177 5481 1
8827 7210 1
9787 6601 1
6601 7049 1
7049 1701 1
6436 1021 1
502 375 1
375 70 1
1326 8576 1
8576 6917 1
6917 7529 1
7529 4650 1
4650 3203 1
3203 3601 1
3601 2576 1
1580 4788 2
977 3890 1
9787 1855 2
7666 1420 2
1420 1034 1
8320 9787 1
9787 6541 1
6541 9381 1
9381 3391 2
3391 4463 2
9787 9589 1
9589 6685 1
1761 1833 1
1833 2907 1
2907 8079 1
8079 4086 1
4086 5447 1
5447 5497 1
5497 3652 1
3652 490 1
490 6689 1
6689 5300 1
9787 6599 2
6599 2819 1
2819 8213 1
8213 1701 1
1701 8918 1
8918 9517 1
9517 9417 1
9417 4895 1
4895 5481 1
5481 9585 1
3761 2375 1
2375 4906 1
4906 1009 1
1009 2843 1
2843 5452 1
5452 299 1
299 4788 1
8683 6256 1
6256 2576 1
1918 3012 1
3012 2695 1
8873 147 3
147 1701 2
2576 2005 1
1918 4918 1
4918 8637 1
4788 2430 1
2430 3544 1
3544 4896 1
3216 9787 2
8926 8873 1
3039 5435 1
5435 7666 1
7666 2802 1
521 5908 1
3683 4739 1
4739 371 1
3012 2444 1
2444 9787 1
689 5435 1
7498 1915 1
1915 4940 1
4940 857 2
857 1651 1
8104 4249 1
4249 6582 1
6582 8637 1
2056 7053 3
3824 4759 1
9787 6376 2
6376 233 1
233 1069 1
1069 3562 1
1597 6996 1
6996 6288 1
2576 1498 1
1498 9787 1
7149 6445 1
1577 2714 1
2714 7700 1
7700 2121 1
968 1979 1
2430 3542 1
3542 7498 1
2025 1648 1
1648 6520 1
6520 2555 1
2555 2592 1
11 2576 1
2576 7169 2
3787 3566 1
3277 7666 1
494 9011 1
9011 3767 1
3767 2576 1
2056 9011 1
9011 7918 1
3578 4790 1
494 1217 1
1217 9787 1
418 4790 1
4790 3880 3
4090 5983 1
5983 9012 1
9587 2757 1
2757 1037 1
1037 5982 1
5982 4463 1
4463 6288 1
6288 2093 1
2093 3551 1
3551 2743 1
2743 2595 1
1408 7970 1
7970 4840 1
4840 1498 1
1498 3767 2
9787 6513 2
6513 1498 1
3767 371 1
371 1734 1
5744 7053 1
4790 913 1
913 2576 1
4790 8298 1
8298 6288 1
6288 2056 1
2056 3767 1
3767 4739 1
4739 9787 1
5497 7744 1
2056 6582 1
6582 1498 1
1498 7403 1
8337 1141 2
1141 1701 4
4127 2018 1
6496 502 1
3641 9589 1
9589 5487 1
8136 1177 1
1177 482 1
7900 5580 1
5580 7729 1
7729 144 1
144 4701 1
4701 4961 2
4961 7149 1
3856 6583 1
9787 4608 1
4608 4317 1
4317 7156 1
7156 6765 1
6765 2576 1
3911 4916 1
2812 3892 1
3892 5744 1
5744 1227 1
1227 3344 1
3344 4926 1
4926 3327 1
4317 4376 3
4376 5497 1
9787 4552 3
5819 8069 1
8069 8346 1
8346 4921 1
4921 4960 1
4960 8824 1
8824 5481 1
7559 5339 1
5339 3787 1
5481 6862 1
6862 1738 1
7292 5787 1
5787 4699 1
4699 502 2
5460 7675 1
7675 3020 1
3020 641 1
9020 2453 1
6671 4317 1
4376 8741 1
1326 5497 1
7361 1818 1
4069 5454 1
5454 9303 3
9303 9787 2
7666 9020 1
9020 502 1
3787 5895 1
5895 9515 1
9515 782 1
2576 2865 2
2576 2437 1
2437 4788 1
3861 3727 1
482 977 1
977 4788 1
7210 6445 1
4376 3495 1
3495 5237 1
5237 9377 1
9377 2167 1
2167 9213 1
9213 8582 1
547 219 1
1853 530 1
8658 5695 1
2802 9289 1
9289 2500 1
2500 9787 1
9787 6924 3
6924 3787 1
4235 9377 1
9377 2155 1
2155 9303 1
9303 9628 1
1606 2686 1
2686 8782 1
8782 5123 1
5123 4069 1
4069 4788 1
4788 9304 1
8069 7629 1
7629 4407 1
7091 8591 1
1960 9787 2
951 191 1
691 7715 1
2056 2168 1
2168 2546 1
3599 4642 1
4642 9787 1
9418 8702 1
8702 9286 1
7701 9413 1
9413 7267 1
7267 9304 1
9304 1734 1
1734 1176 2
1176 8179 1
3856 9791 1
9304 2595 1
2595 7720 1
7720 1 1
7540 4383 2
7388 4745 1
4745 6275 1
6275 9304 1
9304 664 1
3639 3975 1
3975 6954 1
2802 1443 2
1443 5282 1
5282 3245 1
3245 6016 1
1360 4737 1
4737 2819 2
1346 1080 1
1080 4633 1
4106 1326 1
1326 4841 1
4841 8147 1
8147 9585 1
9131 4330 1
4330 1717 1
1717 1899 1
1899 494 1
494 1569 1
1569 621 1
8658 8777 1
632 9773 1
4140 4324 1
4324 5034 1
5034 4174 1
4174 1677 1
2576 169 1
169 9787 1
3381 8069 1
8979 2576 1
1062 5027 1
1062 351 1
4331 2430 1
2430 5170 1
5170 4574 1
4574 4788 1
1740 7853 1
7853 1 1
2056 5481 2
5481 3855 1
3855 1062 1
4788 4960 2
502 8201 1
8201 3600 1
9787 6649 1
6649 502 1
5172 1738 1
9580 2677 1
2677 2576 1
9417 4585 1
7631 7540 1
2056 885 1
885 7048 1
7048 1197 1
1197 4226 1
2056 7588 1
1774 8496 1
8496 4859 1
689 4589 1
695 1057 1
1057 9585 1
3124 2621 1
2621 9355 1
9355 381 1
9006 9530 1
9530 3167 1
8969 1865 1
1865 4788 3
4788 1831 1
1831 3787 1
5481 5819 1
4090 6903 1
6903 1 1
6196 502 1
7945 4317 1
4726 9414 1
7701 6740 1
6740 5497 1
4896 3787 1
6633 9787 2
9787 1019 2
1019 9517 1
3154 6334 1
9787 1683 2
5978 4788 1
4788 5355 1
2576 1865 5
1865 5123 2
4586 4665 1
4665 9787 1
9787 8084 1
8084 3761 1
311 5348 1
5348 7053 1
1762 4665 1
4665 2576 1
6583 8605 1
8605 4789 1
1594 502 1
7498 609 2
609 1 4
9787 3947 1
3947 6583 1
6583 5705 1
5705 4665 1
4665 7763 1
7763 4789 1
4737 7782 1
7782 9787 1
1203 2595 1
2576 8880 1
5584 8045 1
6520 7559 1
7559 154 1
154 2121 1
2121 4665 1
4665 351 1
7842 599 1
599 5819 1
4090 9238 1
9238 3761 1
5817 4789 1
4789 3391 1
1865 8683 1
6634 5123 1
5080 7715 2
5481 1791 1
4788 6467 1
8591 4336 1
7559 1818 1
1443 1128 1
1128 2825 1
2825 4300 1
4300 8576 1
187 9005 1
4790 2453 1
4142 2005 1
2005 4142 2
4142 2843 1
2843 2695 1
875 3787 1
7626 8637 1
9787 4918 2
4918 4706 1
4706 502 1
9604 3167 2
3167 155 1
1033 2699 1
1033 8294 1
8294 2802 2
2802 8512 1
8512 4090 1
2552 1577 1
1577 8486 1
8486 3358 1
9787 2370 1
9372 7540 1
8582 189 1
189 3767 1
2517 6583 1
5449 6687 1
6687 8215 1
8215 9459 1
6519 8557 2
8557 3252 1
2056 1622 1
1622 5481 1
8582 7949 1
7949 7540 4
1701 147 1
1701 6707 1
2607 5497 1
3581 9585 1
2691 7949 1
5481 9773 1
1950 6496 1
6496 3062 1
4800 301 1
3154 5940 1
5940 8163 1
502 8755 1
8755 4788 1
8591 4546 1
4546 1890 1
3391 8678 1
9189 6837 1
6837 1057 1
9787 5543 1
5543 4788 1
4464 5171 2
3600 3761 1
3761 7799 1
3695 4140 1
4140 8923 1
8923 8573 1
8573 5481 1
5481 441 1
441 3761 1
8658 7073 1
3727 441 1
7666 2005 1
2576 8182 1
8182 3683 1
8063 3761 1
6514 2576 1
6662 1640 1
3074 9012 1
4142 4791 1
4791 2576 1
3738 3761 1
3761 556 3
556 6520 1
6520 1062 1
4331 2637 1
4788 8381 1
8381 9384 2
4300 8879 1
2795 2576 1
4918 8082 1
8082 3787 1
3787 3565 3
3565 3761 1
7407 4840 1
4840 6048 1
7540 3122 1
4106 7540 1
9787 7031 1
7031 2819 1
2819 5761 1
5761 7241 1
7241 4633 1
4633 1 1
1442 8873 1
2056 8500 1
8500 2819 1
502 6076 1
6076 1326 1
1326 9773 1
9773 1683 1
9465 1579 1
1579 9787 1
8557 1660 1
1774 3666 1
3666 1 1
4788 1683 1
9465 4407 1
4407 6858 1
6858 3266 1
3266 3787 1
4790 9507 1
9507 8542 1
2576 5646 1
5646 7540 2
9787 9227 1
9585 386 1
386 8873 1
1528 2576 1
1346 4402 1
4090 4962 3
3550 3804 1
3804 3787 2
8531 1062 1
4142 8254 1
8254 3761 1
1101 3761 1
3761 8097 1
8097 7540 1
8683 2091 1
2091 9692 1
9692 1566 1
3727 3761 4
1101 556 1
8880 4336 1
4336 9773 1
1950 4788 1
4407 750 1
9587 5646 1
9787 7345 1
7345 1037 1
6745 903 1
2349 3817 1
3817 1740 1
1740 556 1
7559 7331 1
7331 5940 1
1660 1326 1
9787 3683 1
4142 5371 1
5371 9394 1
9394 6047 1
6047 1037 1
7036 556 2
5940 7666 2
4142 5582 1
5582 9006 1
1941 3358 2
1062 5669 1
5669 3761 1
3761 7650 1
7650 9787 1
689 1062 1
4090 1769 2
1769 502 1
7945 6378 1
6378 9585 1
3761 9316 1
9316 4788 1
4090 1798 1
1798 7666 1
7666 9332 1
9332 4407 1
2024 5300 1
692 8873 1
8582 6894 1
6894 1295 1
1295 664 1
664 1037 1
2024 6756 1
6756 9394 1
9394 9787 1
9417 4373 2
3787 3245 1
3245 9316 1
9316 1566 1
2576 4209 1
4209 9772 1
9772 2320 1
3938 6384 1
621 7210 1
8337 7666 1
8400 7917 1
7917 5184 2
5184 7540 1
9459 2948 1
2948 4633 1
4633 3371 1
3154 8772 1
8772 4940 1
4940 626 1
626 4788 1
4788 3190 2
3190 2215 1
2576 4066 1
4066 434 2
434 5976 1
4632 930 1
3761 6704 1
1659 2018 1
1062 4490 1
4490 3761 1
1098 2576 1
4142 1672 1
8149 1062 1
1062 2819 3
7210 2384 1
2384 4940 1
9772 4488 1
4488 1346 1
1346 6687 1
1814 4788 1
4788 3266 2
3266 9305 1
9305 7780 1
7780 9287 1
9287 1 1
4916 5170 1
4788 8059 1
2430 4721 1
4721 7898 1
7898 5497 1
3381 1346 1
2121 9395 1
9395 4788 1
4788 3767 1
2056 8926 2
4788 5330 1
5330 7666 1
3937 8576 1
8576 1640 1
1640 2576 1
2576 7943 1
3429 4788 1
1769 2576 1
9417 1659 1
8777 8961 1
8961 9787 1
8082 2595 1
6189 4916 1
7403 1740 1
3266 4213 1
4213 7 1
7 9329 1
9329 7 1
7 1711 1
1711 9329 1
9329 2107 1
5112 502 1
8406 5497 2
1853 502 1
502 3314 1
3314 4445 1
2025 9787 1
3727 6789 1
6789 9772 1
9772 7320 1
7320 502 1
2576 7331 1
7331 6983 1
1853 7705 1
5870 4336 1
1062 5080 1
8824 7715 1
7715 187 1
187 2621 1
2621 2592 1
8824 4226 1
4226 1672 1
2576 9629 1
9629 6725 1
6725 2018 1
9417 6015 1
502 4301 1
4301 2786 2
2786 9787 1
1651 4940 1
1960 9418 1
9418 2384 1
2384 5687 1
5687 6351 1
6351 2059 1
2059 3683 1
3683 8914 1
8914 8637 1
8637 5900 1
5900 9190 2
9190 9787 1
556 4248 1
494 4868 1
1346 9587 1
9587 6456 1
2748 8064 1
5453 9066 1
9066 5112 1
5112 7844 1
7844 1346 1
1346 3727 1
1394 3654 1
3654 9329 1
9329 1037 1
675 2018 1
8969 8878 1
1701 524 1
4142 8626 1
8626 9414 1
453 8513 1
8513 2024 1
7626 8582 1
8582 2589 1
2589 3154 1
8762 6373 1
6373 1802 1
1802 1793 1
1793 5497 1
9779 1023 1
1023 3018 1
3018 8582 1
8582 4850 1
4850 502 1
9585 4633 1
6833 4142 1
4463 3841 1
5810 8188 1
8188 494 1
9787 5280 1
5280 1734 1
1734 4940 1
782 1360 1
5532 5567 1
5567 1062 1
2802 9329 1
9329 2576 1
2134 5972 1
5972 8702 1
9520 1791 1
4788 5454 1
5454 1062 1
1062 4655 1
4655 1672 1
2570 1178 1
1178 4984 1
9787 6522 1
6522 9787 1
4226 7619 1
1853 3154 1
8170 7720 1
7720 3314 1
3314 9787 1
4090 4561 1
4561 4407 1
7898 9787 1
7331 951 1
993 3863 1
3863 5064 1
5064 7540 1
4916 1 2
3880 9530 2
3342 6692 1
9587 1128 1
2802 5454 2
2812 8637 1
8637 4250 1
4250 187 1
187 6639 1
2802 1176 1
1176 3683 2
5453 8576 1
2819 3856 1
3856 2384 1
2384 3704 1
3704 1701 1
3787 968 1
968 6309 1
6309 3124 1
8170 1443 1
2061 953 1
953 2637 1
2637 4790 3
502 2853 1
2853 4301 1
2786 3981 1
2734 9417 1
9417 7053 1
4790 4868 1
4868 2576 1
2694 7540 3
4790 949 1
949 4373 1
2843 1651 2
1651 3011 2
5454 9787 1
6057 9444 1
9444 8591 1
8591 8674 1
8674 3154 1
3970 8731 1
8674 42 1
42 908 1
1659 5581 1
5581 494 1
494 2047 1
2047 2576 1
2576 8122 1
8122 1037 1
1037 7034 1
502 5875 2
5875 1 1
502 4766 1
4766 7559 1
7559 9157 1
9157 7957 1
7957 502 1
817 2004 1
3482 2114 1
2114 2117 1
2117 2576 1
2576 3756 1
3756 9772 1
9772 2114 1
2114 2407 1
2407 9517 1
9517 2024 1
7782 9593 1
9593 7666 1
7666 4709 1
4709 2812 1
453 3216 1
9012 1156 1
1156 2018 1
2018 642 1
642 3482 1
626 6687 1
6687 4332 1
3369 4791 1
4791 2024 1
371 4571 1
4571 1540 1
4042 1640 1
1640 8683 1
8683 2812 1
7956 8572 1
8572 9725 1
9725 1576 1
1576 9090 1
9090 9517 1
4126 6662 1
4790 226 1
1918 2691 1
4463 8847 2
147 6618 1
8582 2496 1
2496 833 1
833 2059 1
2059 9088 2
9088 1734 1
9587 7053 1
3824 7540 1
1037 5843 1
5843 3495 1
3495 9376 1
9376 5454 2
9303 6226 1
6226 2819 1
2819 1597 2
1597 2887 2
2887 782 1
4911 6878 1
6878 6445 1
1597 23 1
23 4542 1
4542 494 1
494 2626 1
2626 2595 1
2595 2074 1
2074 2576 1
2576 8019 1
8019 5322 1
5322 2595 1
2595 729 1
502 2517 3
2517 9608 1
9608 7135 1
7135 1282 1
1282 5688 1
5688 8576 1
4790 4578 1
4578 502 1
502 8080 1
8080 4368 1
970 3347 1
3347 5973 1
5973 8987 1
8987 3298 1
3298 9530 1
9530 2121 1
2121 390 2
390 4901 1
5864 5947 1
2502 3167 1
3167 8582 1
8582 5322 1
5322 8577 1
9587 7755 1
3787 3440 1
3440 502 1
502 4681 1
4681 6878 1
6878 700 1
700 3018 1
3018 3600 1
6062 8748 1
8748 5509 1
5509 8749 1
8749 4407 1
384 4788 1
4788 9497 1
8069 4537 1
4537 2576 1
4510 7436 1
7436 1358 1
1358 5537 1
5537 3428 1
3428 2819 1
8334 6208 1
6208 9696 1
9696 770 1
770 4069 1
4069 386 1
386 1617 1
1617 420 1
420 1826 1
1826 1734 1
1734 210 1
210 421 1
421 9773 1
494 4612 1
4612 1 1
1 9704 1
9704 3562 1
4790 2254 1
2254 2576 1
2576 2281 1
2281 1364 1
1364 2686 1
2056 2609 1
2609 2576 1
968 596 1
596 206 1
206 3280 1
3280 8300 1
8300 3336 1
3336 2595 1
421 8147 1
8147 7540 1
7540 1826 1
1826 9682 1
9682 1730 1
1730 4423 1
4423 3238 1
3238 1300 2
1300 2802 1
2802 3280 3
3280 6567 1
6567 7763 1
7763 420 1
420 3101 1
3101 1734 1
1734 4764 1
4764 5497 1
8392 3101 1
3101 8864 1
8864 8777 1
8777 3495 1
3495 420 2
420 9362 1
9362 1734 1
4142 3209 1
8741 2695 1
2024 3495 1
3495 2602 1
2602 8400 1
8400 4991 2
4991 1581 1
1581 5789 1
5789 8873 1
7559 2142 1
2142 820 1
820 4789 1
4069 3020 1
3020 6638 1
6638 1 1
2691 7575 1
7575 1734 5
1734 2560 5
2560 2576 3
386 3762 1
3762 3156 2
3156 8873 1
8873 3281 1
3281 1605 1
1605 8400 1
8400 1732 1
1732 7810 1
7810 7540 1
7540 554 1
554 782 1
2576 3007 1
3007 8591 1
2056 8215 1
8215 8045 1
8045 3333 1
3333 7350 1
7350 5596 1
5596 5219 1
5219 8122 1
3452 5497 1
8171 1908 1
1908 2024 1
4317 8045 1
8045 502 1
8392 5123 1
4701 8948 1
8948 7340 1
7340 8777 1
9555 8635 1
8635 1667 1
2056 820 1
2142 9787 1
2292 4317 1
4317 3278 1
3278 7997 1
7997 2576 1
2576 3231 1
3231 1580 1
1580 2121 1
2121 2142 1
2142 9012 1
9012 8864 1
8864 7544 1
2576 132 1
132 7540 2
7540 61 1
61 2121 1
2121 132 1
132 494 1
494 9376 1
5454 3154 1
5172 6567 1
6567 9012 1
3342 4557 1
5287 337 1
337 7575 1
2560 9530 1
9530 2212 1
2212 5322 1
5322 2576 2
3280 6789 1
6789 4233 1
4233 939 1
9182 1373 1
1373 2114 1
2114 6953 1
6953 3154 1
3154 6017 1
8678 9166 1
9166 8678 1
8678 4881 1
4881 9787 1
5195 8683 1
8683 8069 1
8069 8106 1
8106 2059 1
9088 8576 1
9773 2496 1
2496 6777 1
6777 5497 1
3383 7569 1
7569 9001 1
9001 2576 1
2576 189 1
189 940 1
7799 6954 1
6954 3949 1
3949 155 1
5453 5867 1
6712 745 1
745 9787 1
502 9197 1
9197 502 1
3857 3641 1
3641 5744 1
5744 7918 1
4791 977 1
977 9772 2
1648 2018 1
3617 3011 1
6445 9012 1
3787 5871 1
5871 2802 1
3280 8045 1
8045 4701 1
4076 6884 1
6884 2576 1
1269 2802 1
3825 9787 2
7197 4916 1
4916 1375 1
7990 4790 1
5172 5683 1
5683 2078 1
2078 7812 1
7812 9553 1
9553 3641 3
3641 8279 1
8279 9787 1
9787 2655 1
2655 9012 1
482 8446 1
8446 3040 1
3040 8238 1
8238 3154 1
9792 8045 1
8045 9714 1
9714 7018 2
7018 7026 1
7540 419 1
419 854 1
854 9787 1
9787 1104 1
1104 5497 1
2576 9671 1
9671 1037 1
4790 4228 1
4228 3316 1
3316 2576 2
2576 2179 1
2179 6676 1
6676 9566 1
371 842 1
842 246 1
246 2637 1
2637 8947 1
2576 2142 2
2142 9792 1
3787 5673 1
5673 7613 1
7613 5664 1
5664 269 1
3300 8045 1
8045 1121 2
1121 3911 1
3911 2595 4
3280 4144 1
4144 7540 1
7540 7807 1
7807 502 1
3200 5818 1
5818 6931 1
6931 8661 1
8661 3284 1
3284 8256 1
8256 8892 1
8892 4742 1
4742 1001 1
6583 4572 1
4572 339 1
339 8045 1
8045 7807 1
7807 8576 1
7540 704 1
704 4585 1
143 4911 1
4911 6114 1
6114 2121 1
4790 8279 1
8279 3550 1
3550 1761 1
1761 5902 1
5902 8045 1
8045 594 1
9787 5951 1
5951 9359 1
9359 2576 1
2576 4538 1
4538 8582 1
4575 2059 1
2059 7540 1
9787 5718 1
5718 8045 1
8045 8061 1
1394 2090 1
2090 5171 1
2576 1761 1
1761 2121 1
2121 685 1
685 4144 1
4144 1128 1
1128 3495 1
3495 1625 1
2576 1610 1
1610 3495 1
3505 8685 1
8685 4146 1
4146 502 1
4094 3656 1
3656 6495 1
2121 5460 1
5460 3537 1
3537 4790 1
4644 8582 1
8582 1684 1
1684 2410 1
2410 1375 1
1375 2637 1
2637 3531 1
3531 9778 1
9778 3787 1
6252 8742 1
2056 1064 1
1064 2595 1
1826 210 1
210 9402 1
9402 1587 1
1587 1399 1
1399 8163 1
8163 7023 1
1683 7540 1
2576 587 1
587 502 1
4789 7901 2
7901 6440 1
6440 3495 1
3495 210 1
210 4789 1
4789 7374 2
7374 1672 1
2576 3495 1
3495 4146 1
4146 9080 1
9080 7569 1
7569 7052 1
7052 4463 1
7168 4789 1
4789 903 1
903 3912 1
3912 8847 1
8847 6502 1
6502 3855 1
9189 9413 1
9413 4476 1
4476 9787 1
885 8745 1
8459 4789 1
3190 6503 1
1532 1 1
2430 9266 1
2121 4464 2
4464 3683 2
4790 5778 1
5778 7904 1
2121 8433 1
8433 5497 1
9196 1 1
6756 4543 1
4543 9787 1
2576 8814 1
8814 2121 1
7498 5567 1
5567 9787 1
1941 3898 1
3898 8873 3
8847 386 1
386 8524 1
3537 4407 1
351 9772 1
191 8847 2
5532 2819 1
9787 7043 1
7043 8847 1
8543 8847 1
8847 2091 1
2091 4940 1
7049 7374 1
7374 9772 1
524 3256 1
3256 8741 1
8741 5802 1
5802 2056 1
4790 3911 1
3911 750 1
9587 2503 1
2503 7540 1
9787 7374 1
7374 6202 1
6202 1409 1
1409 2421 1
2421 7701 1
7701 5218 1
5218 502 1
2121 3509 1
3509 4789 1
6756 7853 1
7853 3360 1
3360 6190 1
6190 2627 1
2627 7851 1
3683 5467 2
5467 1453 1
1453 2175 1
2175 494 1
951 8847 2
9012 5787 1
5787 3787 2
8530 1805 1
1805 5735 1
9772 6356 2
6356 8683 1
4789 9209 2
1826 618 1
460 7374 1
7374 9266 1
5460 3011 1
1826 9402 1
9402 9156 1
9156 9787 1
3787 1978 1
1978 3191 1
7559 9163 1
9163 5300 1
3495 1670 1
3581 544 1
544 3787 1
3787 8847 4
8847 3832 1
3832 2992 1
9787 1575 1
1575 8707 1
8707 9772 1
9772 2059 1
2059 2576 1
2576 3912 1
3912 4791 1
4791 2752 1
2752 3761 1
3761 2054 2
2054 8847 2
2501 9012 1
9012 1662 1
1662 1597 1
1597 9585 1
2691 8847 3
8847 2208 1
2208 494 1
3727 5241 1
5241 8337 1
3570 8745 1
8459 2843 2
9787 1734 1
8847 8459 1
8459 3890 1
6872 8872 1
8872 7556 1
7556 1326 1
3570 9787 1
9772 4962 2
4962 8576 1
494 4199 1
4199 2592 1
2592 3358 2
3358 5241 1
530 2686 1
2686 762 1
7945 2469 1
2469 1209 1
1209 2713 1
2713 5724 1
5724 9787 1
1774 591 1
591 3787 1
4788 5723 1
5723 9787 1
5241 1818 1
7540 605 1
605 7388 1
4714 4168 1
4168 8576 1
2552 3892 1
3892 4797 1
4797 5044 1
5044 9787 1
6376 2686 1
2686 2660 1
2660 4414 2
4414 5044 1
5044 2686 1
2056 2150 1
2150 3882 1
3882 8741 1
8741 3787 3
3154 2395 1
2395 5241 1
5241 2686 2
2686 502 1
331 4414 1
4414 3767 2
916 3761 1
1807 7773 1
3565 8870 1
8870 7799 3
9787 3761 2
2208 686 1
686 3240 1
3240 2576 1
2576 5237 1
5237 9476 3
9476 90 1
2843 9008 1
4392 8873 1
6153 4392 1
4392 8894 1
4142 9772 1
9415 5687 1
5687 686 1
686 4090 1
977 3091 1
3091 8576 1
8576 311 1
8774 1399 1
1399 3787 2
3787 7455 1
7455 8611 1
8611 1991 2
1991 9302 3
9302 2022 1
2022 2595 2
2595 4460 1
4460 3787 1
8334 5241 1
5241 3305 1
3305 8591 1
8591 8685 1
8685 684 1
684 3240 1
3240 5237 2
9476 2576 1
9772 2669 1
2669 9517 1
4788 2018 1
5185 9088 1
4940 7215 1
7215 8611 1
8611 1988 1
1988 2552 1
502 127 1
127 7732 1
7732 3154 1
494 9415 1
4788 7451 2
7451 1566 1
6599 9585 1
9088 8873 2
7695 4783 1
4783 8576 1
6520 6439 1
2802 35 1
35 4407 1
4789 4788 5
8213 1566 1
494 4783 1
4783 2686 1
2686 8061 1
1394 48 1
48 4678 1
4678 147 1
147 621 1
621 6106 1
6106 2576 1
9088 502 1
3787 326 1
326 910 1
910 2802 1
2802 637 1
637 2093 1
2093 1394 1
1651 5576 1
4788 9097 1
9097 8611 1
1991 2121 1
2121 6111 6
968 2809 1
1659 2012 1
8847 1019 1
1019 4788 1
8637 9005 1
9005 621 1
9489 8741 2
3641 2054 1
807 8847 1
9772 5777 1
5777 9012 1
9012 3745 1
3745 8847 1
8847 4336 2
4336 8870 3
8870 7556 53
7556 9787 4
1023 5241 1
5241 6454 1
6454 2819 1
7292 4909 1
4909 98 1
98 3787 1
6583 4890 1
4890 1443 1
2576 4766 1
4766 9587 1
9417 6519 1
8557 8243 1
8243 9787 1
1128 2802 2
524 9157 1
9157 9012 1
1199 7540 1
7540 2212 2
9395 3245 1
8847 7690 1
7690 98 1
98 4392 1
4392 1566 1
9053 1726 1
8576 6602 1
6602 9585 1
4090 9053 2
9053 2819 1
8847 8969 1
7223 5787 1
5241 885 1
7668 4407 1
986 2641 1
2641 1594 1
1594 3787 1
4788 8991 2
8623 4961 1
4961 2885 1
2885 2552 1
2501 1213 1
1213 6129 1
9787 2269 1
2269 6384 1
9520 8112 1
7559 7625 1
479 1326 1
1326 2176 1
2176 7937 1
7937 2576 1
3787 3113 1
3113 8591 1
8591 1881 1
1881 9787 1
8350 4090 1
8600 9585 2
7780 7952 1
7952 7540 1
7540 1818 2
1818 764 1
764 378 1
378 7921 1
7921 8870 1
7556 764 1
764 494 1
968 8178 1
8178 5497 1
6394 3787 1
7374 9787 1
9418 4960 1
4960 4790 1
4790 3253 1
502 8393 2
8393 2576 2
2576 6061 1
6061 9587 1
9587 1285 1
4575 2121 1
9787 6574 3
6574 3937 1
7197 5171 1
5171 317 1
317 4407 1
8960 4788 1
4788 1177 2
1177 1347 1
1347 9302 3
9302 6756 1
6756 1394 2
1394 186 1
186 4737 1
5171 315 1
315 4407 1
9772 3391 1
4789 674 1
674 6776 1
6776 3495 1
3495 5329 1
5329 9341 1
9341 3717 1
3717 6687 1
6687 154 1
154 8873 1
5497 8231 1
8231 3011 1
4257 903 1
903 9414 1
4714 4364 1
9787 8596 1
8596 8732 1
8732 7917 1
7917 2159 2
2159 3543 2
1394 1037 1
1037 7559 1
9587 7314 1
7314 8847 1
8847 6687 1
5497 2084 1
2084 8873 1
1037 1826 1
1826 9585 1
9585 5647 1
5647 7770 1
7770 2576 6
4911 930 1
9585 1420 1
1420 9787 3
8637 6587 1
6587 3496 1
3496 1393 1
1393 3683 1
3683 3543 1
3543 1 1
9395 7666 1
7666 7300 1
9787 7405 2
7405 6687 1
6687 621 1
2809 2819 1
4790 5775 1
5775 9585 1
9585 6084 1
9787 5303 2
5303 875 1
875 7302 1
7302 1420 1
1420 6687 1
8847 6519 2
8069 162 1
8318 1215 1
1215 5123 1
5123 494 1
8069 262 1
262 6284 1
453 562 1
562 4407 1
5910 7755 1
3570 1037 1
1037 6050 1
6050 8043 1
8043 7540 1
5559 9787 1
6663 6858 1
6858 6267 1
6267 9787 1
7407 9012 1
7666 9084 1
9173 1092 1
1092 621 1
7252 9012 1
9012 7482 1
7482 3011 1
549 8870 1
8870 6724 1
6724 8518 1
2576 9764 2
9764 5733 1
5733 8270 1
8270 2121 1
2121 3205 1
3205 930 1
9006 806 1
806 903 1
903 4789 1
4789 3834 1
3834 1965 1
1965 1408 1
1408 4381 1
4381 930 1
8576 1774 1
1774 4788 1
8926 7999 1
8702 7773 1
8591 7990 1
5824 7222 1
7222 968 1
9787 3496 1
3496 3846 1
4790 5751 1
5751 1062 1
1062 7375 1
7375 8685 1
8685 3705 2
9787 5170 1
5170 8637 1
8637 6016 1
6016 494 1
4714 8069 1
8069 237 1
237 2429 1
2429 7559 1
7559 7812 1
7812 317 1
621 2812 1
7990 7331 1
7331 2833 1
2833 9059 1
9059 4940 1
4940 4198 2
4198 1520 1
1520 8965 1
8965 6436 1
1053 5776 1
1698 502 1
3727 4745 1
4745 4788 1
4788 664 1
664 1 1
2430 3205 1
3205 7876 1
7876 4788 1
9787 1347 1
9302 8742 2
2802 3739 1
6502 4336 1
4336 4962 1
4962 4789 1
4789 8494 4
8494 6288 1
351 9585 3
3727 7701 5
2576 6371 4
6371 6436 1
2553 4788 1
4788 5109 1
6092 8765 1
8765 8703 1
8703 1 1
556 6872 1
6872 7540 1
9084 8521 1
8521 4940 1
4940 236 1
236 2552 1
4289 6502 1
6502 1 1
3683 3637 1
3637 2851 1
2851 7540 1
4790 7143 1
7143 9787 1
9772 8878 1
8878 9787 1
9772 8610 1
8610 769 1
769 1414 1
4336 7556 2
7556 9772 3
9772 4119 1
4119 3761 1
3761 4390 1
4390 4463 1
7168 4090 1
3727 7143 1
7143 1918 1
1918 3855 1
7559 90 1
90 1853 2
1853 3740 1
3740 9585 1
9772 7754 1
7754 8741 1
8741 1818 1
6502 8847 1
8847 2833 1
2833 4788 1
4788 6731 1
6731 4788 1
4788 1965 1
1965 2471 1
2471 8847 1
3757 3011 1
8576 9593 1
7701 1018 1
1018 9787 1
1807 2210 1
2210 2576 1
7978 8107 1
6870 418 1
418 9008 1
9008 6436 1
8741 4336 1
4898 3855 1
6502 8576 1
8683 1020 1
1020 4336 1
9010 2576 1
9520 9010 1
9010 3807 1
5241 6533 1
6533 2841 1
2841 4334 1
4334 90 1
90 7553 1
7553 9585 1
1394 1085 1
1085 502 1
2812 3248 1
3248 2592 1
2592 4788 1
4788 6133 1
6133 9209 1
4749 4069 1
2625 3205 1
3205 2576 6
4575 1865 1
1865 1461 1
1461 9302 1
9302 7945 1
7945 3154 1
4727 4789 2
4789 6133 1
6133 5695 1
2802 4415 1
4415 6145 1
2576 1993 1
1993 9787 1
9293 2406 1
2406 1128 1
1128 5123 1
5123 3011 1
1459 9302 1
9302 4953 1
4953 4940 1
4940 4749 2
4749 2068 1
8400 7540 2
7540 7048 1
7048 9080 1
9080 3381 1
7248 7917 1
7917 2377 1
2377 5771 1
5771 1672 1
7498 3859 1
3641 691 1
1868 7431 1
7431 2576 1
8005 5777 1
2674 1190 1
1190 3787 1
6858 9772 1
9772 3245 1
1941 9787 1
9787 1965 1
1965 4402 1
4402 8143 1
8143 4090 1
3727 3245 1
9548 8873 1
7701 695 1
695 8704 1
8110 1918 1
3683 2992 1
9772 9611 1
4090 6707 1
6707 4940 1
2674 7823 1
7823 5864 1
3641 4209 1
4714 2676 1
2676 2576 1
2576 9311 1
9311 8321 1
8321 9257 1
9764 6583 1
4789 8814 1
8814 2068 1
968 6949 1
6949 3216 1
3216 3761 1
3761 6594 1
6594 7985 1
5449 1 1
6583 4937 1
4937 9787 1
9459 1477 1
1477 885 1
885 4463 1
4463 7770 1
6925 7448 1
7448 4790 1
494 755 2
9773 7049 1
7049 494 2
494 4404 1
4404 8282 1
8282 7540 1
8741 3154 1
3154 2772 1
2772 9787 1
2607 8637 1
8637 3245 1
7701 7917 3
7917 920 1
920 2595 1
7312 9459 1
9489 2576 2
9160 4966 1
1037 885 1
9585 9803 1
2576 9519 1
9519 8873 1
9721 9201 1
9201 2802 1
9189 7300 1
7732 8576 1
6687 7732 1
7732 8110 1
8110 386 1
9520 3727 1
3012 6533 1
9459 5873 1
5873 8582 1
8582 7732 1
4636 8577 1
8577 7569 1
7569 4604 1
4604 4575 1
5241 3787 1
9787 2022 1
2022 684 1
684 337 1
337 9220 1
9220 213 1
213 7388 1
7388 3240 1
9476 1002 1
6520 6877 2
6877 8787 2
8498 5819 1
5819 5560 1
5560 9772 1
2756 1037 1
2592 571 1
571 8576 1
2819 8870 2
7556 2576 6
8494 588 1
588 621 1
2819 1995 1
1995 6654 1
6654 2056 1
1651 1734 1
4790 2246 1
5241 6520 1
8498 2018 1
9585 6810 1
6810 494 1
494 4614 1
4614 5915 1
5915 2838 1
2838 376 1
376 8678 1
4020 482 1
2020 8637 1
8392 571 1
571 1 1
1919 2772 1
2772 2819 1
7752 4794 1
4794 155 1
8136 9787 1
8987 2576 1
6684 7209 1
7209 7463 3
7463 8704 1
9772 9592 1
6685 8246 1
8246 1733 1
1733 1738 1
4090 1835 1
1835 1738 1
7388 7010 1
2592 762 1
8658 8683 1
9772 5241 1
5241 6502 1
6502 8741 1
3727 853 1
9189 6377 1
6377 4788 2
4788 8150 1
8150 7766 1
7766 3933 1
3933 549 1
549 3883 1
2700 4336 1
1401 4090 1
7900 9772 1
9772 1849 1
1849 4248 1
4248 1128 1
4788 3825 1
3825 2576 1
2576 5377 1
5377 4788 1
1853 532 1
4632 1991 1
2576 8869 3
8869 9585 1
9417 5523 1
5123 7666 1
7666 98 1
98 5777 1
1698 2679 1
1471 2022 1
2022 7540 1
9787 5016 1
5016 4788 1
4788 6333 1
6333 4636 1
9094 7559 1
7559 6293 1
6293 3440 1
3938 6674 1
6674 4788 1
3383 2837 1
2837 236 1
236 5080 1
502 8620 3
8620 502 1
1019 3787 1
5902 1853 2
1853 1919 1
1919 8620 1
8620 2022 1
1443 7773 1
4789 5248 1
5248 4737 1
4737 8704 1
5819 8620 1
8620 5755 1
5755 339 1
339 3198 1
3198 8369 1
8369 8620 1
8620 4916 1
1 7482 1
7482 8873 1
8873 8704 3
8110 7224 1
7224 8864 1
8864 9611 1
1738 9261 1
8582 5944 1
5944 2071 1
2071 6730 1
6730 1597 1
7053 7959 1
7959 7917 1
7917 9517 1
1442 5366 1
5366 8741 1
8741 6733 1
4389 556 1
1648 8847 2
8847 4402 2
1952 8847 1
2552 2471 1
594 8847 1
2576 9792 1
9792 8637 1
9772 6092 1
6092 7308 1
7308 4407 1
986 8974 1
840 7752 1
7752 8712 1
4090 5081 1
4898 5123 1
5123 806 1
806 9182 1
4788 4317 1
4317 4822 1
4822 4407 1
2024 945 1
1952 1 1
8741 3855 1
4090 8545 1
4388 1295 1
1295 9721 1
9721 5837 1
9548 2703 2
4090 6459 1
6459 1 1
1 2086 1
2086 9517 1
9517 6756 1
6756 8741 2
8741 2992 1
2992 502 1
9772 9548 1
2703 4445 1
2025 502 1
7900 8847 1
8847 5532 1
3727 6003 1
6003 2819 1
8847 7949 1
7949 8847 1
8894 7065 1
7065 4386 1
4386 2819 1
8847 6110 1
8741 4918 1
2086 502 2
1651 1925 1
1925 9585 3
4090 8886 1
8886 9787 1
9787 9212 1
621 9791 1
9791 8582 1
8582 8882 1
8882 453 1
8894 7066 2
7066 8683 1
2576 7067 1
7067 1577 1
1577 4388 1
588 9585 1
9787 2086 1
2086 8678 1
8678 5695 1
2576 5191 1
5191 9787 1
9787 8741 3
6583 2576 1
9787 5192 1
5192 7384 1
2773 945 1
945 4788 1
9585 5911 1
922 4788 1
5715 8741 1
8576 3399 1
3399 8639 1
8639 621 1
621 5178 1
5178 4788 1
4068 1134 1
1134 9787 1
9787 9721 2
9721 9579 1
9579 3395 1
3395 8572 1
8572 6532 2
1 8582 1
8582 6532 1
6532 6037 1
6037 2722 1
2722 4788 1
1818 2802 1
8100 5039 1
5039 2024 1
968 4635 1
4635 3787 1
8535 565 1
565 835 1
835 8704 1
8704 4552 1
4552 4788 3
4233 2576 1
6095 6682 1
6682 502 1
8620 6767 1
6767 7540 1
4790 4317 1
9628 1586 1
1586 4915 1
4915 2430 1
2430 3440 1
3440 9787 1
7300 8741 1
2843 2444 1
5908 5182 1
5182 2576 1
8268 2843 1
4575 7331 1
7331 4788 2
6161 8741 1
8741 6195 1
6195 8873 1
9787 3641 1
7148 6377 1
6377 9587 1
691 4788 1
3617 4788 1
1941 5171 1
5171 9160 1
9160 2576 1
6654 2556 1
2556 1806 1
1806 6357 1
6357 8299 1
8299 1 1
2430 9378 1
9378 7701 1
5497 3393 1
3393 7799 1
7799 3912 1
3912 6496 1
6496 689 1
3683 9523 1
9523 502 1
8611 8620 1
8620 2576 1
4788 8611 1
8611 5556 1
5556 3880 1
5765 6181 1
6181 8576 1
1831 4090 1
5765 5123 1
5123 7901 1
9587 6454 1
6454 9530 1
9530 9553 1
2686 5943 1
5943 6110 1
6110 8847 1
1818 5823 1
5823 691 4
840 7666 1
6682 1037 1
9772 6398 1
6398 4407 1
8702 4552 1
4552 2024 2
1818 5025 1
5025 8847 1
8847 4701 1
4701 8574 1
8574 3154 1
2552 1651 1
9417 1141 1
1141 2595 1
2595 7035 2
7035 9772 1
6436 3857 1
3857 8332 1
8332 3649 2
3381 8704 1
8704 2659 1
2659 4840 1
4840 568 1
568 2674 1
2674 2819 1
4350 1701 2
4788 4916 1
2576 6506 1
6506 2292 1
2292 9772 1
6756 2552 1
4962 8847 1
9772 1543 1
1543 4298 1
4298 1651 1
4090 3482 1
3482 9787 1
9787 1918 1
3683 1738 1
8741 4833 1
4833 9585 1
7408 502 1
3581 3705 1
8085 8847 1
9772 1360 1
1360 8704 1
8704 2393 1
2393 1566 1
7559 5978 1
5978 8847 1
4788 1141 1
1141 903 1
903 4788 4
7540 4724 1
4724 7918 1
9773 6057 1
6057 9787 1
4940 8980 1
8980 4415 1
4415 5660 1
5660 9787 1
4727 9182 1
9182 4373 1
4373 9585 2
1818 7799 1
8110 2556 1
2556 9119 1
9119 6110 1
3727 8288 1
8288 5532 1
5532 8064 1
8064 9261 1
9261 4350 1
4350 8741 1
8110 2576 1
1651 8085 1
8085 8337 1
8337 6220 1
6220 4142 1
4142 668 1
668 8847 1
494 9720 1
9720 840 1
9720 502 1
7945 9720 1
9720 8847 1
8847 2686 1
8847 9182 1
9589 6687 1
6687 139 1
4142 5972 1
8847 7437 1
7954 2576 1
2552 3761 2
3761 5326 1
5326 9523 1
9523 8704 1
8704 502 3
3683 8620 1
8620 6110 1
4788 5765 1
1037 9213 1
3787 7049 1
7049 2150 1
2150 6494 1
6494 3440 1
2576 8941 1
8941 502 1
7666 7053 1
7053 3774 1
3774 594 1
1831 2556 1
2556 7222 1
9520 482 2
482 7900 2
7900 6574 1
7361 7320 1
7320 1988 1
1988 9302 14
9302 8400 1
1605 9579 1
9579 8986 1
8986 725 1
725 930 1
4788 3245 1
3727 4727 1
4727 8582 2
8582 6952 1
6952 4940 1
8334 3683 1
3683 2999 1
2999 4789 1
482 6982 1
6982 6110 1
8741 6954 1
134 2041 1
6519 3761 1
1408 7222 1
2576 874 1
874 7701 3
4090 1010 1
1010 3787 1
4336 1577 2
2576 3686 1
3686 861 1
861 9596 1
9596 1566 1
8702 8637 1
689 2121 1
9773 2999 1
2999 2576 1
2576 8192 1
8192 1820 1
1820 6296 1
6296 7918 3
689 1 1
8702 9417 1
6745 4789 1
2121 7018 1
7018 1820 1
8369 9772 1
2576 4689 1
4689 1037 1
371 1761 1
2576 3894 1
3894 8322 1
8322 8834 1
951 4402 1
2819 1988 1
9302 4739 1
4739 494 1
8702 9304 1
9304 7465 1
7465 4407 1
2576 5253 1
5253 8873 1
3787 2206 1
2206 2695 1
2695 1577 1
1577 3495 1
420 9474 1
9474 6157 1
6157 2121 1
2121 8064 1
8064 8535 1
8535 2576 2
8626 9690 1
9690 4788 1
418 1660 1
2121 6844 1
6844 2576 1
2576 4617 1
4617 7374 1
7374 2251 1
2251 361 1
361 502 1
502 8684 1
8684 968 1
502 9783 1
9783 9713 1
9713 3679 1
951 3898 1
3898 3665 1
3665 8380 1
2056 227 1
227 9306 1
9306 6445 1
5943 8620 1
8620 8704 1
8704 5755 1
2802 5229 3
5229 5322 1
5322 4069 1
4069 9628 1
7024 4940 1
1826 8870 1
7556 8925 1
8925 4789 1
2576 997 3
997 90 2
90 2802 1
3761 3248 1
3248 6502 1
6502 2720 1
596 3247 1
3247 4090 1
2595 2502 1
2502 1702 1
1702 1740 1
1740 4789 1
7374 7586 1
7586 3787 1
7799 3360 1
3360 9587 1
4789 6143 1
6143 2024 1
4701 6449 1
6449 1037 1
502 8592 1
8592 3600 1
3600 1466 1
1466 6374 1
7701 7377 1
7377 7540 1
7540 493 1
493 7948 1
1399 4343 1
4343 6275 1
6275 9585 1
6777 384 1
384 9775 1
9775 9520 1
9520 1577 1
1577 6278 1
6278 2118 1
1455 8741 1
8741 5287 1
5287 8626 1
968 9530 1
9530 5322 1
6294 2802 1
1826 8620 1
8620 4788 1
4788 806 1
806 7525 1
7525 502 1
8059 1556 1
1556 8873 1
8873 5229 1
6549 3144 1
7701 3220 1
3220 766 1
766 7951 1
7951 1 1
6189 9592 1
9592 507 1
507 7701 1
2576 8529 1
8529 6436 1
4090 2447 1
2447 7540 1
9675 7207 1
7207 6582 1
7701 7463 1
7463 8741 1
8741 494 4
8580 9587 1
9587 2592 1
5497 1612 1
1612 7871 1
7871 2576 1
2576 7432 2
7432 7917 1
7917 4660 1
4660 3981 1
2592 8069 1
8244 6828 1
6828 9592 1
9592 8060 1
8060 583 1
583 1877 1
1877 7540 1
7540 505 1
505 3154 1
3154 7694 1
482 9548 1
9548 3469 1
3469 117 1
117 5182 1
5182 5300 1
4788 2682 1
2682 6596 1
6596 9696 1
2056 4922 1
4922 2819 1
3240 9820 1
9820 1326 1
1326 8216 1
8216 93 1
93 401 1
401 3154 1
7900 8765 1
8765 2576 1
5185 1062 1
1062 3654 1
3654 78 1
78 4391 1
4391 4336 1
4336 1726 1
3683 840 1
1698 2802 1
568 6611 2
6611 6663 1
6663 1062 1
1062 8149 1
9585 835 1
835 1062 1
4528 9304 1
9304 79 1
79 1566 1
1566 4391 1
4391 502 1
5112 1586 1
1586 762 1
8658 853 1
853 4714 1
4714 3635 1
6858 8741 1
8741 1380 1
1380 4675 1
7799 2802 1
4090 1780 1
1780 4788 1
4788 7877 1
691 1566 1
1566 8547 1
8547 3683 1
3683 4788 1
6881 8576 1
1062 6520 1
6520 2234 1
2234 8557 1
2576 6004 1
6004 7540 1
3761 1 1
3761 2365 1
2365 3440 1
2576 4950 1
4950 1062 1
1062 2802 2
2802 4391 2
4391 9787 1
8072 234 1
234 1062 1
8084 9787 2
6788 2802 1
4391 5407 1
4090 8179 1
8179 556 1
8798 3761 1
1850 9587 1
5407 9772 1
482 4323 1
4323 7540 1
6581 4086 1
4086 9783 1
9783 1462 1
1462 853 1
853 3635 1
6858 5770 1
5009 2482 1
2482 8656 1
8656 2803 1
2803 7556 1
7556 3761 1
4090 8353 1
8353 2576 1
4090 4487 1
4487 1062 1
3859 4994 1
4994 8576 1
2819 6319 1
6319 8369 1
8369 2024 1
2024 6767 1
6767 9459 1
5497 5171 1
5171 7007 1
7007 2576 1
2576 4301 2
4301 1853 1
1853 5407 1
5407 3761 1
4090 6982 1
6982 3209 1
8741 695 2
2022 9787 1
6436 2811 1
2811 9012 1
9012 6143 1
6143 1734 1
1062 6449 1
6449 1062 1
1818 4682 1
4682 3761 1
3761 6275 1
6275 5005 1
5005 853 1
853 2056 1
1826 8741 1
8741 4943 1
4943 5171 1
5171 560 1
560 2576 1
2576 7739 1
7739 9401 1
2576 9402 1
9402 2576 1
2576 9217 1
9217 4790 1
4790 4038 1
4038 853 1
1826 5182 1
2272 4788 1
4788 7390 1
7390 7701 1
7701 9031 1
9031 8710 1
8710 8702 1
2595 5416 2
5416 502 1
9713 4667 1
4667 2576 1
2576 4958 1
4958 6436 1
9772 4414 1
4414 560 1
560 5835 1
5835 4788 1
6583 4331 1
4331 8415 1
8415 4755 1
4755 6687 1
6687 5415 2
5415 2576 1
2576 8592 1
8592 4642 1
4642 1111 1
1111 1037 1
1037 7197 1
7197 2595 1
2595 8064 2
8064 1408 2
1408 4309 1
4309 8873 1
4076 7896 2
7896 7321 1
7321 2576 1
6583 2199 1
4788 5978 2
1062 6991 1
6991 2595 1
2595 2444 1
2444 3683 1
5908 3011 1
549 6756 1
5415 4788 1
3835 9530 1
9530 8371 2
2576 9577 1
9577 8870 1
7556 6954 1
502 1547 1
1547 1 1
483 4833 1
4833 4840 1
3191 2576 1
2576 4395 1
4090 2648 1
2648 8712 1
8712 1414 1
1414 6755 1
6755 2034 1
2034 7666 1
5542 8870 1
8870 994 1
994 4714 1
4714 7917 1
9007 2543 1
2543 5000 1
5000 1547 1
1547 8849 1
8849 7498 1
1062 255 1
255 1675 1
1675 9736 1
9736 8741 1
8741 441 4
4789 4500 1
4500 664 1
840 1062 1
1062 8981 1
8981 9787 1
9787 8459 1
8459 90 1
1062 4140 1
4140 9770 1
9770 5797 1
5797 8268 1
8268 2121 1
6574 7540 1
9084 1062 1
3358 8112 1
8112 9585 1
9585 5879 1
5879 4373 1
8741 4373 3
7540 7779 3
7779 7540 1
9457 8741 1
8741 6528 1
6528 8683 1
8683 7988 1
7988 4660 1
7432 6733 1
7743 8459 1
9417 7694 1
7694 1062 3
1062 4388 1
1865 1062 1
1062 8994 1
8994 9770 1
9770 2589 1
2589 5740 1
5740 903 1
903 8741 1
8741 8840 6
8840 7556 5
7556 8519 1
2121 6953 1
6953 2576 1
8050 5547 1
5547 8540 1
9773 6953 1
6953 5497 1
1865 9787 1
9787 8994 1
5822 3209 1
8741 7942 1
7942 2552 1
3358 2517 1
2517 5896 1
5896 9787 1
6684 1062 1
2056 8483 2
8483 2819 2
7559 3245 1
7799 8582 1
9615 7405 1
1037 8578 1
8578 4631 1
4631 3663 1
3663 6687 1
6687 1062 1
1062 8459 1
8459 9402 1
9402 1826 2
1826 3984 1
3984 1037 1
9587 8974 1
8974 1360 1
3691 1 1
1 5210 1
5210 8468 1
8468 1607 1
7540 9793 1
9793 3937 1
3937 1056 1
1056 4417 1
4417 502 1
502 9308 1
9308 1466 1
1466 3245 1
8582 9773 1
9773 1037 1
1037 2621 1
2056 3883 1
3883 4790 1
2700 2686 1
4701 2589 1
2589 3495 1
3495 8741 1
8741 1016 1
3216 7540 1
7569 4683 1
2576 7323 1
7323 691 1
6583 3782 1
3782 7666 1
5171 8101 1
4463 7949 3
7949 6514 1
4727 9787 1
7900 1594 1
9787 8074 1
8074 1037 1
1037 7405 1
5497 9456 2
9456 4789 1
4789 8847 1
8847 1865 1
1865 4789 2
8994 1566 1
2691 1037 1
1037 1738 1
2007 8075 1
8075 9787 2
1062 6232 1
6232 4445 1
4445 9787 1
2576 6120 1
6120 1 1
8637 5171 1
9772 8459 1
8459 2576 1
386 1062 1
1062 9456 1
9456 155 1
155 8267 2
8267 9546 1
494 5844 1
5844 1062 1
1062 298 1
8685 3855 1
494 6296 1
7918 8459 1
8459 4090 1
5912 9585 1
386 9456 1
9456 1738 1
5819 1062 2
9772 5819 1
1062 6041 1
6041 6514 1
9787 5095 2
5095 4090 2
703 2024 1
2024 8582 2
8582 4064 1
4064 1566 1
1566 2018 2
1062 1787 1
1787 1738 1
1738 3539 1
3539 1399 1
6519 482 2
1408 4589 1
2849 1919 1
2056 3699 1
3699 7540 1
6885 8407 1
8407 1037 1
8981 6436 1
2553 9787 1
1577 689 1
689 9772 1
8689 840 1
3683 6234 1
6234 1865 1
7559 6514 1
6514 8576 1
4090 8228 2
8228 4745 1
6642 886 1
453 7331 1
7331 3898 3
8873 3016 1
4790 8206 1
8206 5641 1
5641 1020 1
7540 308 1
308 683 1
683 5776 1
1941 8460 2
8460 6684 1
6684 4789 1
9787 6233 1
6233 9787 1
4336 6296 1
6296 2056 2
9772 6684 1
6684 4966 1
4966 8321 1
8321 8031 1
8031 4745 1
4745 3761 1
621 886 1
664 4411 1
4411 2595 1
5416 4585 1
4585 6954 1
885 4350 2
1941 8741 1
9585 8870 7
7556 4090 2
5774 7252 1
9456 9787 1
9787 7770 1
7770 8110 2
8110 90 1
1460 903 1
903 7556 1
7556 6421 1
6421 4788 1
2576 440 1
440 2802 1
8072 8847 1
494 256 1
256 1947 1
1947 8582 1
4575 7449 1
7449 8869 1
8869 4789 1
4789 8050 1
9012 2248 1
2248 4788 1
4640 4407 1
4788 5104 1
5104 4789 1
7799 4336 2
2621 6384 1
6384 6041 1
6041 155 1
8267 9457 1
1062 4795 1
4795 8870 1
7556 7715 1
2056 6041 1
6041 7770 1
8110 9587 1
4789 6232 2
6232 2576 1
9773 9472 1
9472 442 1
9671 4789 1
4789 1807 1
1807 4788 1
4788 9456 1
4543 1 1
5303 7666 1
6748 3846 1
4790 8741 1
7569 6919 1
6919 3011 1
3911 5497 1
1037 9155 1
9155 5838 1
5838 8870 1
8870 8268 2
8268 6514 1
6514 1420 1
8582 6685 1
6685 8561 2
8561 3761 1
3761 6502 2
6502 5585 1
5585 4701 1
8741 7753 1
7753 4373 1
4701 5435 1
5435 4090 2
3787 3563 1
3563 3787 1
3787 825 1
825 8577 1
2576 8611 1
8611 6499 1
6499 1640 1
1640 2695 2
691 6613 1
4701 8704 1
8704 4407 2
8576 9140 1
9140 8870 1
8870 5864 1
5864 3358 1
3074 4789 3
5085 8577 1
1855 3761 1
8704 7407 1
7407 7694 2
1062 3495 1
3495 8561 1
8561 4788 1
6502 2802 2
8221 4701 1
9530 4090 1
7842 9489 1
9489 9791 1
9791 2576 1
5596 691 1
691 8394 1
8394 6102 1
6102 7540 1
8392 9772 3
4714 386 1
386 4266 1
4266 8870 1
7556 6149 1
6149 9516 1
563 8873 1
1826 1581 1
4090 183 1
183 2018 1
8337 1672 1
2819 258 1
258 9736 1
9736 7197 1
7197 7770 1
7770 8847 1
8847 7419 1
7419 5940 1
1761 6271 1
6271 7540 1
8576 4090 1
4090 4589 1
4589 4090 1
5972 9012 1
9012 7842 1
7842 1399 1
1399 4701 1
8337 4432 1
4432 1732 1
1732 5460 1
5460 951 1
951 1037 1
1651 4395 1
4395 3787 1
7743 2576 1
482 1472 1
1472 8352 1
8352 8850 1
5687 9721 2
7044 8994 1
8994 695 1
695 8847 3
2501 4714 1
8847 3396 1
3396 8545 1
7463 8107 1
8082 5164 1
5164 4940 1
2674 3011 1
8847 4373 3
7779 9577 1
9577 549 1
549 9787 1
7569 1547 1
1547 4480 1
494 7738 1
7738 502 1
386 3238 1
1300 8099 1
8099 1826 1
1826 7540 1
7540 3280 1
3280 3787 1
8371 5606 1
5606 9817 1
9817 502 1
502 3042 1
3042 1869 1
1734 4051 1
4051 5497 1
3581 7726 1
7726 7725 1
7725 1037 1
1037 349 1
349 494 1
494 1453 1
1453 4090 1
4090 9549 1
9549 2120 1
2120 3781 1
3781 6801 1
6801 1328 1
502 8551 1
8551 5586 1
6777 9251 1
9251 940 1
940 4917 1
4940 4478 1
4478 2838 1
2838 8327 1
8327 3475 1
3475 1988 1
9302 6924 1
6924 1774 1
1732 6338 1
6338 3687 1
3687 4407 1
4407 4478 1
4478 1640 1
1640 4789 1
4789 8369 1
8369 2802 1
2121 968 1
968 3687 1
9189 6881 1
6881 2819 1
7948 4256 1
4256 7540 1
1919 4478 1
4478 6436 1
2056 4605 1
4605 6110 1
4478 1037 1
2592 5171 1
5171 4725 1
4725 225 1
225 3761 1
8704 1672 1
1672 1037 2
1395 9282 1
9282 3787 1
3787 3494 1
3494 4407 1
4407 8798 1
8798 4086 1
4086 6834 1
6834 1592 1
1592 4392 1
4090 2168 1
2168 7401 1
7401 4463 1
7402 418 1
418 3787 1
7701 5687 1
5687 6245 1
6245 2121 1
9016 4714 1
4714 9012 1
634 4701 1
3505 8268 1
8268 5224 1
5224 4222 1
2576 7770 2
7770 5818 1
8616 4336 1
1698 4385 1
4385 3245 1
3245 6373 1
6373 8591 1
494 1566 1
7945 9397 1
9397 8847 1
8824 4190 1
4190 139 1
4142 7224 1
7802 474 1
474 2576 1
6872 9571 1
9571 7812 1
7812 473 1
473 4489 1
4489 8149 1
8149 4463 1
3245 7900 2
9585 1675 1
1675 4140 1
4140 1078 1
4633 1182 1
1182 9012 1
9012 8637 1
1443 1651 1
1651 4739 1
4575 9012 1
9012 4281 1
4281 3761 1
8704 3856 1
6145 8306 1
9198 3761 1
3761 6869 1
8869 2576 2
9016 8216 1
8216 4407 2
1641 750 1
9587 2403 1
2403 8742 1
2056 1148 1
4749 8273 1
8273 8669 1
8669 5497 1
5497 1524 8
1524 762 2
9585 5769 2
5769 4392 1
4090 6377 3
6377 2802 1
7464 2576 1
7949 2018 1
6191 4636 1
4636 4790 1
4790 5908 1
1761 3992 1
3992 3787 1
3787 3222 1
3222 4300 1
4300 1853 1
1853 8741 1
502 8237 2
8237 1037 1
7066 993 1
618 5500 1
5500 1701 1
1701 1121 1
1121 5497 1
7918 3683 1
3683 6682 2
6682 1516 1
1516 7735 1
7735 9787 1
5172 8149 1
8149 8741 3
5715 4463 1
4463 3728 1
3728 2585 1
2595 6993 1
5481 6445 1
5902 1635 1
1635 3761 1
1128 2819 1
7747 1357 1
9072 3011 1
3011 1019 1
1019 8591 1
8591 1516 1
8694 3994 2
3994 7540 1
7540 9290 2
9290 3154 1
3154 883 1
883 3200 1
2576 7653 1
7653 8590 1
8590 7569 1
4575 6676 1
6676 1734 1
1734 7084 1
7084 288 1
2576 8796 1
8796 502 1
502 5154 1
5154 4406 1
4406 7438 1
7438 5101 1
8392 9587 1
9587 6846 1
6846 3639 2
3639 7701 3
7701 8694 1
8694 3761 1
4789 7747 1
7747 3124 1
1346 6095 1
6095 606 1
8697 2074 1
2074 502 1
8516 9787 1
8136 3124 1
494 1155 1
2576 4611 1
5386 1 1
6189 9247 1
1033 9518 1
9518 4575 1
2576 6226 1
6226 371 1
3787 9599 1
9599 8477 1
8477 7540 1
7540 2941 1
2941 2838 1
2838 567 1
567 9787 1
494 986 1
986 1539 1
1539 7999 1
9773 6922 1
6922 2576 1
2734 5766 1
5766 4463 1
4463 4335 1
4335 5492 1
5492 9787 1
8184 5436 1
1960 4402 1
4402 956 1
956 2576 1
1651 8414 1
5910 8981 1
8981 2819 1
9517 3727 3
8350 2078 1
2078 1918 1
1918 8879 1
9585 4812 1
4812 3761 1
3761 815 1
1033 751 2
751 8576 1
2819 4791 2
4791 4388 1
5945 1037 1
7036 482 1
6573 4859 1
8873 5103 1
5103 3761 1
2376 9174 1
9174 2592 1
4090 5823 3
6966 9012 1
9012 6377 1
6377 4463 1
4463 3730 1
3730 1037 1
1037 7773 1
3600 1375 1
3787 3251 1
3251 2576 1
2576 3416 1
3416 3787 1
8525 148 1
148 1 1
5497 1594 1
1594 4425 1
4425 7768 1
7768 1037 1
9517 442 1
6583 7662 1
7662 8536 1
8536 7540 1
7540 25 1
25 3761 1
3761 5518 1
5518 4586 1
4586 1831 1
1831 4407 1
1581 9012 1
8582 7613 1
7613 2576 1
358 2819 1
9787 6241 1
6241 2812 1
2812 7701 2
7559 715 1
715 9420 1
9420 8073 1
8073 9787 3
4090 9141 1
9141 502 1
7945 7568 1
7568 3683 1
3683 494 1
7569 7821 1
7821 951 1
7540 3665 1
3665 1919 1
1919 9772 1
7948 8242 1
7538 4336 1
3503 7152 1
7152 502 1
8741 9415 1
9415 3358 2
3358 6160 1
6160 9517 1
9517 2686 1
2686 1951 1
552 8873 1
1054 4373 1
2843 7058 1
7058 1 1
1 6428 1
6428 7701 1
4788 8640 1
8640 2018 1
494 8045 1
8045 8582 1
2056 1372 1
2819 8073 1
4789 5086 1
5086 8073 1
8073 9773 1
9773 2319 1
386 3600 1
3600 9520 1
4911 1 1
6791 8741 1
2056 3663 1
3663 1673 1
1673 2576 1
8110 5579 1
5579 4210 1
3761 2305 1
5497 1535 1
1535 502 1
502 1940 1
1940 8279 1
3641 8741 2
8741 7799 5
7799 2552 1
1333 7540 1
5171 1369 1
1369 4090 1
4090 4608 1
4608 621 1
9772 6384 1
6384 7509 1
2607 1326 1
4069 1701 1
2056 6171 1
6171 4788 1
502 9362 21
9362 820 2
820 7575 4
2560 8847 1
9772 7715 3
8879 5972 1
5972 556 1
9585 5819 1
3761 4479 1
4479 4701 1
4142 5990 1
5990 8824 1
8824 3020 1
3020 8542 1
6591 5972 1
5972 1734 1
1941 4790 1
4790 6336 2
1734 9467 1
9467 8045 1
8685 8221 1
8221 9772 1
8626 8045 1
8045 8834 1
9520 6238 1
6238 8847 2
8847 8576 3
1941 502 1
9566 7160 1
1919 9817 1
9817 494 1
8577 3276 1
3276 61 1
61 6284 1
8685 2292 1
2292 8407 1
8407 8702 1
2021 61 1
61 9772 1
3727 4701 1
4701 967 1
967 695 1
502 695 1
8576 7952 1
7952 2056 2
2056 5300 1
2819 853 1
9362 4142 2
4142 4968 1
4968 723 1
723 2304 1
1 9263 1
9263 5123 1
5123 2341 1
2341 4788 1
3761 1014 1
1014 2637 1
2637 8371 2
8371 4788 1
4788 6573 1
6573 1988 1
1988 2988 1
2988 155 1
8136 4940 1
7559 2304 1
2304 61 1
61 7941 1
7941 9039 1
9039 3787 1
1 2304 1
2304 3787 1
3154 1672 3
1672 648 1
648 8801 1
8801 6357 1
6357 9587 1
3495 5454 1
5454 1326 1
1326 6654 1
6654 9401 1
9401 8582 1
8582 9414 2
9414 1761 1
9517 2695 1
2695 482 1
1597 63 1
63 1 1
502 4992 1
4992 9362 1
2560 8094 1
8094 1701 3
3761 8969 5
3898 5497 1
5497 8252 1
8252 3154 1
3154 6495 1
6495 8556 1
8556 9787 1
482 1115 1
1115 9806 1
9806 2121 1
2121 2844 1
2844 1919 1
8252 8637 1
1925 6264 1
6264 3680 1
2576 6496 2
4575 9414 2
621 1141 1
8392 8685 1
8685 6144 1
6144 1193 1
1193 6766 1
6766 2576 1
3761 4984 1
6360 8741 1
8741 2595 2
4790 3154 1
3761 5822 2
5822 371 1
5744 9585 1
1408 494 1
5740 8873 1
8873 9772 2
9772 8704 1
8704 2018 1
4090 9218 1
9218 4789 1
2812 4373 2
1660 9420 1
482 4489 1
4489 7694 1
6492 1346 1
1346 2885 1
2885 7400 1
7400 5241 1
2686 2984 1
2984 502 1
9478 2686 1
3911 2845 1
2056 1103 1
1103 3384 1
3384 9787 1
6583 6284 1
6284 4477 1
4477 5453 1
5453 4870 1
4870 1701 1
4407 1648 1
3391 7044 2
7044 6416 1
6416 968 1
2376 2607 1
2607 3245 1
494 1193 1
1193 4041 1
4041 2576 1
2576 6314 1
5453 8741 1
2287 4585 1
885 4445 1
9012 1472 1
1472 5735 1
7945 1135 1
1135 9585 1
6496 3683 1
5453 2246 1
7903 3761 1
9384 3727 1
3727 1285 1
7701 1640 1
1701 8094 1
8741 9362 1
9362 9585 1
8369 4991 1
4991 820 2
7575 2430 1
2430 2174 1
2174 4439 1
9787 6456 1
6092 7666 1
7540 4926 1
4926 2802 1
2802 2502 2
2502 218 3
218 3011 1
3011 9772 2
494 5632 1
5632 3761 2
2056 8867 1
4438 1252 1
1252 2988 1
2988 2595 1
447 6251 1
6251 1988 1
1988 3011 1
3761 6942 2
6942 8563 1
8563 9587 1
7666 4815 1
4815 2576 1
9123 748 1
8658 1659 1
494 6961 1
4439 5494 1
5494 2819 1
6384 7540 1
1701 2812 1
9773 5453 2
5453 3679 1
482 1177 2
1177 5137 1
4336 6002 1
3679 1740 1
1740 1577 1
1037 5818 1
5818 482 2
482 2819 2
5497 3522 3
3522 8873 1
4788 4701 2
8702 4166 1
4166 9772 1
9772 8678 1
9006 6871 1
6871 4788 1
6374 6275 1
6275 1734 1
3503 2719 1
2719 9585 1
8689 502 1
1651 1643 1
1643 5497 1
5497 8582 1
8582 5453 2
3503 3852 1
3852 1020 1
7540 7752 1
7752 9384 1
2576 2443 1
2443 8582 1
5453 1918 1
3683 1401 1
1401 7073 1
7073 8702 1
1734 4412 1
3658 2018 1
1177 4392 1
1408 7302 1
4086 5622 1
5622 1037 1
1037 8834 1
8834 8576 1
8576 6870 1
6870 2576 2
2576 4643 1
4643 2819 1
2819 3166 1
3166 7540 1
680 2595 1
2595 3763 1
3763 7828 1
7828 9787 1
4090 838 1
838 8576 1
2576 4727 3
8516 5687 1
5687 5002 1
5002 748 1
2018 8741 1
8110 6496 1
6496 5453 1
1639 8678 1
8678 6892 1
4222 9006 1
9006 494 1
494 6371 1
6371 8582 1
8582 839 1
839 1640 1
482 4238 1
4238 8741 1
8741 4636 2
9787 8516 1
8516 7666 1
9787 3551 1
3551 8879 1
5497 9677 1
9677 8369 1
8369 1986 1
1986 3683 1
3683 3727 1
3727 8745 1
8577 7694 1
7694 1701 1
1701 7661 1
968 5614 1
5614 3761 1
8787 7752 1
7752 7417 1
7417 6436 1
6436 1176 1
1176 4788 1
3727 2819 2
9414 3389 1
3389 2093 1
2093 9772 1
8069 8993 1
8993 1 1
8083 6982 1
7302 8637 1
2691 2246 2
2246 5453 1
5453 8704 1
8704 9787 3
2607 2376 1
3787 5281 1
5281 6765 1
6765 9787 1
3683 8681 5
8681 4090 1
6406 759 1
759 502 1
5453 975 1
975 2758 1
2758 2576 1
2576 1844 1
1844 2809 1
3011 6372 1
6372 7945 1
7945 2660 1
4414 9678 1
9678 6417 1
6417 3154 1
482 2720 1
2720 5502 1
5502 4788 1
1640 8576 2
2576 6161 1
7945 494 2
494 591 1
7976 9585 1
8110 778 1
9720 2576 1
1640 2202 1
2202 9460 1
9460 5978 1
6050 1141 1
7035 3562 1
8626 2691 1
2691 9774 1
9774 4605 1
4605 2576 1
9787 4285 1
4285 8741 1
8741 556 1
494 3505 2
3505 5947 1
5947 7396 1
7396 6094 1
6094 2576 1
3453 9414 1
9414 912 2
912 8873 1
7451 2695 1
2695 7396 1
7396 3150 1
3150 7900 1
5547 1856 1
1856 3209 1
3505 4136 1
4136 1 1
4090 2845 1
2845 4782 1
4782 3505 1
3505 7609 1
7609 1 1
4090 164 1
164 4359 1
4359 1037 1
1037 8531 1
4788 1739 1
1739 7523 1
7523 2576 1
2576 9546 1
9546 3505 1
3505 1 1
4090 255 1
255 5667 1
5667 2576 1
549 4739 1
9585 8260 1
8260 319 1
319 2576 1
2576 1431 1
1431 4395 1
4090 8975 1
8975 4788 1
4940 9268 2
1818 3819 1
3819 637 1
637 5807 1
5807 3787 1
2553 4387 1
9772 8143 1
8143 6162 1
6162 8704 1
8704 6375 1
4120 4295 1
4295 9787 1
8516 4636 1
9772 1129 1
4788 1918 1
1918 6341 1
4788 825 1
7663 5007 1
502 2214 1
2214 9787 1
9414 1651 1
2576 8213 1
8213 7666 1
7666 2700 4
2700 4940 1
4198 5807 1
5807 9787 1
1640 6583 1
6583 1394 1
8627 4407 1
4788 4564 1
4564 9787 1
2296 9006 1
8847 9489 1
9489 9585 1
552 9585 1
9585 8612 1
8612 9787 1
2812 4190 1
4190 9277 1
9277 1326 1
1326 7213 1
7213 2524 1
2524 2812 1
8576 7073 1
8847 9585 3
9585 5978 1
5978 1141 1
1141 4142 2
8847 2024 2
2024 8834 2
8834 350 1
350 7087 1
7087 3787 1
5843 1033 1
1033 1584 1
1584 7329 1
7329 4737 1
482 262 1
262 4632 1
7694 9589 1
9589 8741 1
8741 977 2
977 2753 1
7666 4488 1
4488 6436 1
4908 6037 1
6037 502 1
5137 2691 1
2691 8741 1
8741 8087 1
8087 9267 1
9734 6749 1
8104 951 1
9585 2751 2
2751 7666 2
1805 2576 1
2576 6346 1
6346 8704 1
8704 4911 1
4911 2164 1
2164 9012 1
9012 4940 1
9520 1 1
4090 5678 2
5678 9772 1
885 806 1
806 1831 1
1831 3761 1
9585 4678 1
4678 6204 1
6204 155 1
9069 9012 1
9012 8216 1
8216 6275 1
7407 6740 1
6740 2802 1
2802 9362 4
9362 8400 1
4895 4789 2
3761 6789 2
6789 9530 1
9530 1612 1
1612 2576 2
2576 1285 1
4575 598 1
598 5525 1
5525 8045 1
5678 4904 1
4904 9716 1
9716 8992 1
8992 4651 1
4651 6889 1
6889 7540 1
8392 1665 1
1665 8045 1
1121 6050 1
6050 6789 1
4439 5695 1
9362 3761 1
4789 8222 1
8222 2576 1
8392 7540 1
7703 8392 1
8392 9787 1
937 8591 1
386 2930 1
2930 4749 1
4749 5954 1
5954 1774 1
2576 2193 1
2193 621 1
4701 8696 1
8696 1860 1
6535 1325 1
1325 3622 1
3622 8873 1
2056 3572 1
3767 9414 1
9414 9772 4
4222 4402 1
4402 2576 1
6496 1701 1
1701 8069 3
8069 7660 1
7660 6803 1
6803 7823 2
9773 1975 1
1975 8369 1
8702 5066 1
4749 1860 1
1860 8741 1
8741 840 3
840 9772 1
482 4841 1
4841 7914 1
7914 6870 1
6870 3761 1
8847 1333 1
9313 7887 1
4090 4414 1
4414 7446 1
7446 3658 1
3658 3855 1
8969 6436 1
1941 9589 1
9589 3503 1
8688 7927 1
7927 4445 1
3293 6987 1
6987 494 3
494 6171 2
6171 5769 1
5769 3679 1
482 1170 1
1170 4788 1
9362 5686 1
9787 6748 1
9714 502 2
8530 8893 1
8893 4445 1
9414 4966 1
8741 8834 2
8834 2021 1
2021 9012 1
9012 4368 1
4368 8572 1
8572 8804 1
8804 2576 1
8350 9678 1
9678 3787 1
1693 4714 1
8969 6496 2
6496 2853 1
2853 2024 1
9363 9714 1
9714 3154 1
3154 6195 1
6195 1734 1
7666 1176 1
1176 539 1
539 386 2
386 968 1
968 8736 1
8736 556 1
556 3761 2
3761 4214 1
4214 1 1
6189 3679 1
3679 4463 1
2054 7540 1
7540 4759 1
7403 4897 1
4897 9413 1
9413 3216 1
3216 3562 1
3562 9362 1
9362 2576 6
2142 7540 1
8392 2695 1
2695 3238 1
3238 9606 1
9606 4701 1
2595 8347 1
3154 7941 1
7941 2142 1
2142 368 1
368 9606 1
9606 494 1
494 2250 1
2250 1860 1
1860 1730 1
1730 4788 1
4788 7041 1
7041 9362 1
9362 4407 2
9681 2694 1
386 9663 1
9345 1605 1
502 9605 8
9605 4069 1
7540 9783 1
9783 8392 1
494 2341 2
2341 723 1
723 2280 1
2280 3245 1
3245 8741 1
8741 5080 1
2802 3762 1
3156 2576 1
6110 4304 1
4304 5812 1
5812 6573 1
6573 2064 1
2064 446 1
446 9137 1
9137 1734 1
1734 5756 1
5756 3240 1
3240 916 1
916 4790 1
4790 750 1
750 7531 1
7531 4788 1
4788 1108 1
1108 4701 1
1860 1605 1
1605 8683 1
8683 7197 2
7197 4969 1
4969 3761 1
9605 2341 1
2341 4840 1
4840 1605 1
1605 2222 1
2222 8240 1
8240 9587 1
9587 4896 1
4896 2576 1
9585 9605 1
9605 494 1
8702 6436 1
6436 8428 1
8428 2802 1
4789 4388 1
4388 4284 1
4284 8148 1
8148 8591 1
6199 1577 1
3787 8366 1
8366 5864 1
5864 875 1
9773 9605 1
9605 4090 1
4090 8093 1
8093 502 1
7701 4402 2
2721 2576 1
8702 7941 1
7941 7828 1
7828 1734 1
1734 8334 1
8334 2380 1
2380 2576 1
4137 3725 1
3725 3423 1
3423 2576 3
2576 2953 3
2953 951 1
951 8591 1
8591 514 1
514 8577 1
8577 2754 1
2754 5490 1
5490 8240 1
8240 8873 1
621 7688 1
7688 1 1
2595 9605 2
9605 2576 1
6143 4840 1
3600 1108 1
1108 1860 1
1860 8576 1
1605 6777 1
940 2341 1
2341 6037 1
6037 8741 1
311 3761 1
1701 5654 2
5654 9395 24
9395 3787 1
6196 3761 1
3761 4752 1
4752 4153 1
9196 3787 1
6789 9622 1
9395 1326 1
1326 1605 1
1605 4090 2
2347 3787 1
2304 8576 1
8702 1993 1
1993 2121 1
2121 7392 1
7392 9587 1
9587 4968 1
4968 2204 1
2204 4407 1
2812 8741 1
8110 4167 1
4167 7468 1
7468 4788 1
9418 594 1
502 8209 10
8209 9530 1
4749 990 1
990 5497 1
5497 2064 3
2064 6947 3
6947 1524 5
1524 7053 1
8777 4788 1
1640 8969 1
8969 5684 1
9773 6947 1
6947 1738 1
5902 1235 1
1235 4407 1
4788 8301 1
8301 2576 1
2576 5200 1
5200 762 1
4788 1525 1
1525 8576 1
1281 8873 1
1037 3680 1
3680 6110 1
4788 8221 2
494 7407 2
7407 5007 1
4940 8380 1
8380 9678 2
9678 8252 2
8252 807 1
807 897 1
897 4407 1
4407 4994 1
4994 4233 1
4233 8530 1
8530 9093 1
9093 2024 1
7053 6048 1
1640 311 1
311 1813 1
1813 1738 1
4749 1 2
5123 6698 1
8209 3787 1
1659 1016 1
502 1612 1
6789 2802 1
2802 4145 1
4145 9362 1
9362 9587 1
9587 6541 1
6541 8045 1
3127 5806 1
7540 4090 1
4090 1513 2
1513 6576 1
6576 1998 1
1998 1701 1
1701 2018 1
8702 1640 1
2488 8094 1
8094 648 1
648 4123 1
4123 4385 1
4385 4142 1
4142 2819 1
8683 2176 1
2176 5300 1
5875 4142 1
4142 6619 3
1701 9044 1
502 4781 1
4781 8600 8
8600 9372 1
9372 3781 1
3781 2576 2
5687 8026 1
8026 502 1
8681 4940 1
6294 3787 2
3787 7030 1
4788 6613 1
6613 494 1
1826 2988 1
2988 3381 1
4142 2812 1
2812 1753 1
1753 4407 1
4407 1370 1
1370 3273 1
3273 4788 1
494 5296 1
5296 502 1
502 3665 1
3665 3600 1
3600 4400 1
4400 8576 1
9585 4578 1
4578 3674 1
3674 7000 1
7000 9772 1
1649 1734 1
1734 5160 1
5160 4940 1
4940 3036 1
1919 8414 1
8414 4788 1
4788 3757 1
3757 2121 1
6111 4317 1
4317 4438 1
4788 1489 1
1489 4089 1
4089 7569 1
7569 8408 1
7956 2826 1
2826 1719 1
2576 4253 1
4253 9716 1
875 8104 1
3641 4751 1
4751 7782 1
3012 7302 1
8576 877 1
877 9585 1
4463 822 1
822 3787 1
4788 4652 1
4652 8357 1
8357 8741 1
8741 5171 1
3396 3971 1
3971 4788 1
3245 9773 1
9773 1998 1
1998 8268 1
8847 3113 1
3113 8045 1
8045 4142 1
4142 9260 1
9260 9081 1
9081 6146 1
6146 7264 1
7264 5497 1
3381 5686 1
2819 7355 1
7355 3214 1
3214 7535 1
7535 5683 1
5683 502 1
1543 3442 1
3442 441 1
441 8824 1
8824 2954 1
2954 1566 1
1566 1459 1
1459 7770 4
7770 8045 1
8045 4966 1
2121 3609 1
3609 7701 1
9773 8045 1
8045 5171 1
2721 4090 1
4789 666 3
666 7540 1
8994 7896 1
5737 8704 1
502 368 1
368 9787 1
4788 9655 1
9655 8847 1
8847 8050 2
7292 556 1
4086 5453 2
5453 4090 1
1054 1 1
8637 1054 1
1054 840 1
8741 8582 1
4575 3761 4
7540 707 1
707 2802 1
4788 6324 2
6324 4463 1
7666 6104 1
6104 8582 1
8582 7418 1
7418 3514 1
3514 6514 1
4442 4407 1
4407 6663 1
6663 986 1
986 2056 1
2056 8145 1
8145 7540 1
7540 5453 1
5453 1336 1
1336 3683 1
8681 502 1
9362 3252 1
3252 3761 1
3761 6456 1
6456 494 1
8576 8630 1
8630 9585 1
3727 7435 1
4402 7224 1
7999 4407 1
4737 1640 1
1640 8591 1
8591 695 1
9772 1796 1
1796 3562 1
6928 9012 1
9012 4788 1
4788 810 1
810 1333 1
1062 3358 1
695 6288 1
2812 3654 1
3654 8741 2
8576 4289 1
4289 7949 3
7949 2576 2
2576 2376 1
2376 7331 1
5910 4169 1
4169 2819 1
8637 1077 1
1077 2576 1
1577 6496 1
6496 2845 1
2845 8252 1
8252 8678 1
482 8742 1
2056 6456 1
6456 4788 2
2748 8576 1
2674 903 2
9714 4350 1
2552 1698 1
1698 3396 1
3396 2056 1
2056 4714 2
3761 6016 1
6016 5740 1
7701 8741 1
5172 6630 1
8980 5577 1
4142 4585 1
2430 4859 1
6687 3245 1
930 6687 1
7559 139 1
453 2552 1
2552 8137 1
8137 9587 2
4407 2843 1
4575 7799 1
3635 3727 1
1408 2819 1
2819 3727 2
9772 6519 1
4788 7714 1
7714 2056 2
2056 3641 2
3641 3200 1
2552 8741 1
8741 4538 1
4538 1037 1
1037 384 1
384 2674 1
903 4714 1
1269 8407 1
8407 3245 1
8582 3200 1
3200 3011 1
3011 2576 1
4788 3198 1
3198 4589 1
4589 2430 1
2430 2802 1
8244 8268 1
8268 7956 1
7956 3358 2
8847 2845 1
2845 3197 1
3197 7197 1
885 826 1
826 494 1
4961 8058 1
8058 1037 1
7666 9368 1
9368 9787 1
7956 8741 1
8741 4484 1
4484 8683 1
8582 664 1
2093 7540 1
1023 8268 1
8268 773 1
773 8712 1
8712 1394 1
8847 9589 1
9589 4336 1
1394 4962 1
4962 1701 2
1701 8586 1
8586 2555 1
7918 4373 2
7918 8460 1
8460 1 2
3761 6384 1
6384 3013 1
3013 4387 1
8460 9590 1
4090 6601 1
6601 4142 1
8069 7339 1
7339 2576 1
7917 4920 1
4920 8010 1
8010 4788 1
371 843 1
843 3011 1
8741 8426 1
8426 4066 1
434 8496 1
8496 4788 1
2555 502 1
675 9227 1
453 3248 1
3248 3200 1
3200 90 1
90 8460 1
8460 1037 1
9772 3853 1
3853 6796 1
6796 3035 1
3035 6296 1
2062 9414 1
9414 9088 1
9520 9397 1
9397 8576 1
8576 5497 1
7626 4751 1
4751 6796 1
6796 557 1
557 6308 1
6308 4790 1
4790 5517 1
5517 4090 1
9417 5085 1
5828 4790 1
4790 6750 1
6750 7540 1
9721 9585 1
9787 3013 1
3013 4289 1
8413 5770 1
5770 4373 1
8678 8334 1
8334 9401 1
9401 4289 1
4289 8337 1
9787 410 1
410 4788 1
588 4388 1
4388 557 1
2576 3036 2
1577 6868 1
1460 1394 1
7626 4336 1
4336 2819 1
2819 2041 1
494 2720 1
8683 7799 1
7799 7509 1
7053 4636 1
1371 951 1
951 977 1
977 556 1
485 9006 1
9006 2819 1
2819 2463 1
2463 9517 1
3890 1037 1
1037 1371 2
1371 9585 1
4788 8610 1
8610 7701 1
7666 2576 1
9585 1005 1
1005 2018 1
1577 3247 1
1919 695 1
695 8064 1
1360 5497 1
5497 8320 2
4788 7194 1
7194 4788 1
5532 8741 1
8741 4632 6
4142 3495 1
3495 3710 1
3710 3787 1
3787 5861 2
5861 4400 1
4400 9587 1
9587 2180 1
2180 2024 1
4317 6999 1
6999 3787 1
1408 4745 1
4745 2430 1
1701 6392 1
6392 664 2
664 4788 1
1740 8982 1
8982 5137 1
5137 1988 1
4090 5541 1
5541 9772 1
1771 3013 1
3013 5817 1
5817 4142 1
7666 4097 1
4097 1791 1
4893 8880 1
8880 9787 1
8337 805 1
805 4788 1
4788 735 1
735 1 1
1 750 2
8741 6428 1
6428 482 1
4788 5541 1
5541 5947 1
4142 4916 1
1605 7092 1
7092 3709 1
6696 3787 1
2570 4789 1
4789 1755 1
1755 8741 1
9655 3787 1
3787 9261 1
9261 1701 1
9585 2552 1
4090 8982 1
8982 2018 1
2018 9182 1
9182 4439 1
4439 9585 1
9585 7526 1
7526 2517 3
2517 3761 1
8050 8847 1
8847 4867 1
4867 1701 3
1999 9189 3
9189 3702 1
3702 8518 1
8518 3761 1
5773 4790 1
4790 3011 1
3011 4142 1
4142 594 1
4586 3761 1
1471 5523 1
5523 7540 1
8873 138 1
138 2018 1
4737 2821 1
3861 4142 1
4142 4636 1
7042 2592 1
748 4902 1
2056 5801 1
4788 8317 1
8317 8683 1
8683 8242 1
7538 2075 1
2075 3035 1
3035 986 1
9414 2018 1
8582 3199 1
3199 3641 1
3641 6436 1
6436 4235 2
4235 4737 1
4737 3247 1
3247 8254 1
8254 5059 1
5059 7914 1
7914 3889 1
3889 3036 1
3036 2686 1
2686 557 1
557 1738 1
2175 4908 1
4908 2024 1
5080 6740 1
6740 502 1
3342 6739 1
6739 9773 1
494 6362 2
6362 3761 1
7540 4823 1
4823 9460 1
9460 8741 1
6436 7527 1
7527 5654 1
5654 1300 1
1300 5497 1
5497 3860 1
3860 4210 1
4210 4865 1
4865 9324 1
9324 2056 1
2056 1568 1
1568 7914 1
7914 3666 1
3666 7626 1
3727 6143 1
6143 3761 1
502 2121 1
2121 8800 1
8800 5908 1
5908 9414 1
621 2336 1
2336 6275 1
6275 7565 1
7565 1385 1
1385 3154 1
2607 1568 1
8633 7665 1
7665 7886 1
7886 3592 1
3592 3761 1
3761 6573 2
6573 7540 1
7701 9459 1
9459 5151 1
5151 1385 2
1385 8270 1
502 8749 3
7269 4998 1
4998 8741 1
3608 6436 1
9772 4157 1
4157 8712 2
8712 9540 1
689 2786 1
2786 7540 1
1701 4739 1
4739 986 1
986 8414 1
8414 6871 1
6871 2576 1
1738 181 1
181 1372 1
1372 5910 1
4402 8582 1
1640 9177 1
9177 2576 1
7694 7843 1
7843 2721 1
2721 4076 1
8873 1988 1
1988 4336 1
1577 9491 1
9491 3154 2
482 7675 1
7675 2421 1
6324 502 2
7482 6627 1
6627 6418 1
6418 3197 1
3197 3562 1
1734 9678 1
9678 5500 1
5500 9491 1
9491 9792 1
9792 5910 1
5910 4250 1
4250 3497 1
2501 4336 2
2576 2533 1
2533 8045 1
482 9223 1
9223 2845 1
2845 3627 1
3627 1701 1
1701 6284 1
6284 6534 1
6534 2121 1
2121 4415 2
2802 4420 2
4420 3205 7
3205 1679 1
1679 9469 2
9469 4407 1
4407 8369 1
8702 6596 1
6596 3205 3
2576 9469 1
9469 9773 1
4737 8041 1
8041 7540 1
7540 4420 2
4420 3209 1
8741 1991 1
1991 7914 1
9006 1767 1
1767 4788 1
4788 6166 1
6166 2988 1
2988 6998 1
6998 7666 1
4090 6080 1
6080 4392 1
4392 3796 1
9417 1148 2
1148 2576 1
7559 155 1
155 4086 1
4086 5980 1
5980 2595 1
4749 8576 2
2819 1281 1
1281 1860 1
1860 8582 1
3693 2819 1
4788 778 1
8801 2018 1
8136 3391 1
9417 5080 1
6996 7540 1
7540 1679 1
9469 3787 1
4415 875 1
875 1333 2
8847 4739 1
7559 5208 1
5208 5908 1
5908 2843 1
6371 3761 1
6663 7559 1
7559 2662 1
2662 1037 1
1037 8803 2
8803 6363 1
6363 4445 1
2056 1648 1
1648 4364 2
4364 3859 1
3859 9205 1
9205 2819 1
7540 2695 1
3761 3530 1
3530 3679 1
3679 9232 1
9232 951 1
951 8626 1
9585 1427 1
386 9548 1
9548 6409 1
6409 3523 1
3523 2443 1
2443 2576 1
4796 3011 1
4790 2660 1
2660 3761 1
4090 8741 2
8741 9517 2
3787 4653 1
4653 3154 1
3327 5632 1
5632 1734 1
3761 8579 1
8579 7328 1
7328 8069 1
9369 3859 1
556 6514 1
3761 1110 1
1110 2595 1
453 7030 1
7030 7540 1
7540 4646 1
4646 9324 1
9324 1651 1
1651 7418 1
7418 9787 1
3761 674 4
674 9212 1
9212 6922 1
6922 7540 1
9290 1734 1
9587 7628 1
7628 3761 1
6436 7030 1
7030 4392 1
4584 482 1
2501 1577 1
4789 764 2
764 3244 1
482 2336 2
2336 6436 1
2056 8988 1
7945 9522 1
9522 8582 1
8582 2595 1
3679 7694 1
7694 5419 4
5419 2802 1
3761 8408 1
8408 885 2
885 3859 1
3859 2056 1
2056 556 1
556 5073 1
5073 4420 1
4420 8873 1
8873 3205 2
3205 1701 5
9587 1214 2
1214 2664 1
2664 4789 1
4789 9469 1
9469 1566 1
7559 8702 1
9585 7302 1
2819 8987 1
8987 494 1
494 6596 1
8042 8582 1
7168 9469 1
9469 7540 1
4420 8408 1
8408 8847 2
8847 4714 2
4714 9517 1
9517 1333 2
9313 8847 1
8847 4387 1
3727 5092 1
5092 4940 1
4940 452 1
452 7373 1
7373 8252 2
8252 419 1
419 2121 1
1651 4350 1
1773 9573 1
9573 502 1
2997 6687 1
6687 121 1
121 8816 1
8816 2810 1
2810 217 1
217 9514 1
9514 1339 1
1339 2576 1
1919 1345 1
1345 7954 1
7954 3358 2
1651 9587 2
9587 2838 1
2838 63 1
63 4869 1
4869 8582 1
8582 95 1
95 2686 1
7799 7373 1
8252 4336 1
4336 1918 1
9414 10 3
10 7390 1
7390 502 1
7945 5345 1
5345 4420 1
3205 3849 1
3849 2576 1
2914 4805 1
4805 8678 1
968 7030 1
7030 6729 1
6729 1567 1
1567 4940 1
4908 7897 1
7897 6849 1
6849 7694 1
5419 7900 1
7900 2286 1
2286 1544 1
1544 2576 1
2576 7557 1
7557 8576 1
3205 7569 1
7569 6830 1
6830 8855 1
8855 4090 1
4789 5345 1
5345 2576 1
8530 4789 1
8069 9459 1
9459 2430 1
502 4438 2
4438 5500 2
5500 8369 1
8702 1594 2
1594 5421 1
5421 9773 1
9773 4420 3
4420 4789 1
4789 5031 1
5031 6931 1
6931 8847 1
8847 8029 1
8029 7540 2
7701 9469 2
9469 2576 3
4739 7661 2
7661 4908 1
4908 8702 3
8702 6668 1
6668 610 1
610 3347 15
3347 2802 1
2802 2571 1
2571 131 1
131 8278 1
762 5328 1
5328 502 1
502 7433 1
7433 4415 1
4415 8576 1
2819 3347 1
1683 9345 1
9345 3129 1
3129 9520 1
7900 4407 1
8392 7433 1
7433 2054 1
7540 3375 1
3375 3097 1
3097 595 1
595 519 1
519 4790 1
4790 5742 1
5742 8847 1
439 6020 1
6020 7711 1
3760 7540 1
502 7449 1
7449 3307 1
3307 97 1
97 3123 1
3123 2686 1
1919 2841 1
2841 310 1
3600 5500 1
5500 4601 1
4601 8582 1
4575 494 1
6557 2721 1
2721 2041 1
9773 9362 1
9362 4090 2
4090 4542 1
4542 5497 1
3581 7433 1
7433 951 1
4918 968 1
4788 1139 1
1139 502 1
5500 9787 1
5822 9772 1
9006 7914 1
7914 9678 1
9678 1 1
6308 3761 1
3761 7433 1
7433 3011 1
3761 9204 1
9204 5654 1
9395 9587 1
9587 1079 1
1079 9530 1
9530 4788 2
4788 5469 1
5469 8741 1
4090 7952 1
7952 2812 1
2150 4090 1
4911 690 1
690 7498 1
2121 5610 1
5610 4788 1
1940 4407 1
993 7540 1
669 5825 1
5825 1408 2
7053 670 1
670 6733 1
6733 4336 1
1095 4788 1
4090 9186 1
9772 1869 1
1869 4249 1
4249 502 2
2691 8268 1
9587 5073 1
5073 7701 1
4415 4966 1
8741 6288 1
351 502 1
7197 4336 1
3503 4249 1
4249 4090 1
5995 1577 1
7044 6519 1
6519 8847 1
8408 3767 1
3767 695 1
3358 4463 1
9772 5003 1
5003 7540 1
7540 6217 1
6217 3664 1
10 2018 1
8960 8042 1
9469 9517 1
9517 5089 1
5089 7701 1
2576 8985 2
8985 502 1
3424 5089 1
5089 4415 1
2024 9678 1
9678 4407 1
8100 502 1
3859 4940 2
9772 5007 1
5007 4039 1
4039 4249 1
502 6555 1
6555 9772 1
9772 8252 2
8252 8873 1
2576 6186 1
6186 1701 1
1701 6108 1
6108 4788 1
4788 4142 1
1639 6582 1
1997 3727 1
482 6860 1
6860 4788 1
2700 502 1
32 4090 1
8369 7899 1
7899 4463 1
3679 8019 1
8019 610 1
3347 3761 1
3761 2627 2
2627 4789 2
155 9384 1
9384 2595 1
4086 6880 2
5386 9693 1
9693 2802 1
502 5424 8
5424 9772 2
9772 2018 3
1199 4628 1
4628 8252 1
8252 485 1
485 951 1
951 5424 1
5424 7540 1
7540 2024 1
5487 4083 1
4083 8408 1
8110 8847 1
1701 778 2
4448 610 2
930 2024 1
9589 4789 1
4788 6479 1
6479 8847 1
4840 8691 1
8691 4463 1
5995 1037 1
1037 63 1
63 8320 1
8320 2336 1
2336 610 1
3347 1701 1
1701 8685 1
8685 4789 1
4789 5940 1
5940 930 1
621 7798 2
7798 1566 1
1566 3787 1
4788 6308 1
6308 9585 1
4789 1648 3
1648 4788 1
8270 4789 2
6145 2819 1
7945 875 1
7540 6611 1
6611 8881 1
8422 7900 1
7900 9200 1
9200 4576 1
4576 2576 1
2576 4628 1
4628 6289 2
6289 8847 1
1408 2825 1
2825 4413 1
4413 5909 1
7053 1701 1
3347 4407 2
986 6110 1
6110 5500 1
5500 4789 1
4789 3898 1
6145 9772 1
2056 3814 1
3814 621 1
3787 3407 1
3407 7897 2
7897 1 1
494 2721 1
2721 3407 1
7897 502 1
9517 8994 1
8994 3011 1
8576 2682 1
2682 2576 1
2576 9676 1
9676 872 1
2843 8834 2
8834 5684 1
5684 5353 1
5353 2576 1
2576 7842 1
7842 5818 1
5818 7569 1
7156 8687 1
8687 3008 1
3008 3562 1
4090 4736 1
8582 3460 1
3460 1651 1
1651 1128 1
1128 8082 1
8082 1931 1
1931 4445 1
3293 8084 1
2018 610 1
3347 5867 1
5867 5497 1
4789 8249 1
8249 4090 1
3938 5105 1
5105 4940 1
4940 4631 1
6289 2292 1
2292 8847 1
674 7169 1
7169 4086 1
6880 9587 1
9587 8019 1
8019 1701 1
1701 610 2
3347 8678 2
8678 8873 1
4289 1128 1
1128 4300 1
7540 8870 2
7556 2015 1
2015 1283 1
1283 1955 1
1955 4300 1
664 8741 1
8741 3679 1
482 2627 1
2627 6399 2
6399 610 1
3347 2595 1
2595 3103 1
3103 33 1
33 9814 1
9814 4789 1
4090 531 1
531 502 1
8902 8576 1
6520 2441 2
2441 4373 1
1528 1 1
8626 3727 1
2056 8987 1
8987 7941 1
7941 4083 1
4083 502 1
5424 2576 3
2576 8892 1
8892 6186 1
6186 5596 1
5596 3534 2
3534 2819 1
2576 3347 1
3347 2627 1
8810 9585 1
2914 1701 1
9497 9517 1
9517 4312 1
4312 1 1
4788 7405 2
7036 2595 3
2595 2843 1
2843 3530 1
3530 2305 1
5770 1333 1
7701 536 1
5687 7329 1
7329 7954 1
9587 1467 2
1467 6431 5
6431 154 1
8856 7540 1
5980 3347 1
3347 7656 1
7656 2595 1
3103 556 1
482 3267 1
3267 3787 1
3787 7979 1
7979 4445 1
3293 8741 1
8741 6987 1
6171 4407 1
7945 9212 1
9212 1651 3
1651 4317 1
2701 6082 1
6082 9787 1
9414 5791 1
5791 609 1
3154 8507 1
8507 215 1
215 3787 1
8741 3898 3
3898 3683 1
8074 945 1
945 7367 1
7367 6436 1
4788 3572 1
3572 4414 1
3767 5791 1
5791 3244 1
2576 7487 1
7487 7799 1
3761 1701 2
5429 3787 2
7666 1735 2
1735 502 1
7666 3358 1
8847 9084 1
9084 1963 1
1963 556 1
5429 4445 1
2025 9585 1
9094 4788 1
3727 2746 1
2746 7487 1
7487 7160 1
7160 2545 1
2545 2018 1
2627 4788 1
4788 5386 1
5386 2595 2
8334 4781 1
4781 3405 5
3405 2686 1
2686 4463 1
3419 2064 1
2064 4594 1
4594 3761 1
7116 4788 4
4788 1558 1
1558 5386 2
5386 9772 1
6456 7851 1
7851 2802 1
2802 9460 1
9460 1566 1
5429 494 1
9414 90 1
8847 4308 1
4308 1727 1
1727 502 1
8856 4090 3
4090 1664 1
1664 2051 1
2051 556 1
556 1561 1
1561 1734 1
9587 63 1
63 3727 1
3727 1113 1
1113 8873 1
2595 3233 1
3233 5386 1
5386 1734 3
1734 553 1
553 7666 1
1735 8591 1
977 2630 1
2630 7701 2
7701 5386 2
2595 7559 1
7559 4344 1
4344 8615 1
8615 2576 1
2576 2120 1
2120 3530 1
3530 2819 1
2819 3980 2
8327 3560 1
3560 5721 5
5721 2686 1
2056 4333 1
4333 6335 1
6335 7946 1
7946 5617 1
9587 2627 3
9714 5386 1
5386 3859 1
3859 2441 1
2441 2709 1
7053 3664 1
3664 4153 1
4153 2576 2
2576 3602 1
3602 4388 1
4388 2716 1
2716 63 1
63 556 1
5867 2121 1
2730 2863 1
2863 8347 1
8347 502 1
4788 2866 1
2866 930 1
2576 8639 1
8639 5721 1
5721 4463 1
8347 5819 1
4090 2627 1
4575 5386 1
5386 63 1
63 1856 1
7666 7396 1
7396 4373 1
8084 916 1
916 4646 1
4646 1558 1
5386 2018 1
1577 6334 1
6334 8579 1
8579 9772 1
641 4445 1
3293 2595 1
3761 7694 2
7945 9537 1
9537 4210 1
4210 2630 1
2630 4790 1
2595 2064 1
2064 7411 1
7411 2576 1
2576 7904 1
9006 452 1
452 8252 1
8252 6547 1
6547 2802 1
2056 8702 1
8702 2073 1
2073 9414 1
10 5947 1
7945 8064 1
8064 4423 1
4423 7666 1
3207 1701 1
3727 6114 1
6114 4790 1
4790 6557 1
6557 2018 1
2018 3209 1
6519 9297 1
9297 6109 1
6109 4646 1
4646 6997 1
6997 8572 1
8572 620 1
620 2576 1
1770 1738 1
1738 7608 1
7608 8741 2
2552 3856 1
3856 1326 1
4788 8707 2
8707 502 2
2247 4404 1
6418 4788 1
4788 7694 2
3857 3865 1
3865 708 1
708 3787 1
3787 4781 3
1074 8600 1
8600 2595 2
8576 6160 2
6160 977 1
977 8572 1
8572 63 1
63 2608 1
2608 5596 1
5596 2700 1
2700 2063 1
2063 4423 1
4423 3521 1
8532 5171 1
5171 9678 1
8252 618 1
618 5346 1
5346 8847 1
2552 8873 1
1701 4336 1
4336 4781 1
8600 4788 1
4788 3113 2
3113 2595 1
2595 3648 1
3648 4402 1
4402 3761 1
3761 7116 2
4788 8600 1
8600 1566 1
556 4392 1
4392 2056 1
4090 7163 1
4790 4070 1
4070 9772 1
7945 8069 1
191 1333 1
9313 494 1
9587 3961 1
3787 8600 1
1074 4789 2
4749 7163 1
7163 3358 1
3247 3865 1
3865 2686 1
4336 2802 1
4090 5053 1
5053 8626 1
7945 4392 1
8960 6924 1
6924 2895 1
2895 4070 1
4070 1467 1
6431 3787 1
8600 2686 2
2686 2845 1
2845 2709 1
2709 5687 1
2056 9714 1
9714 7540 1
8758 8683 1
8683 6047 1
6047 8600 1
4790 2030 1
2030 4790 1
556 2816 1
2816 1 2
4090 2816 1
1 9617 1
9617 986 1
986 63 1
63 4090 1
8337 7059 1
7059 4788 1
2305 8576 1
3761 9182 4
9182 2496 1
2496 7456 1
7456 6516 1
6516 2802 1
2175 6002 1
3761 6419 1
6419 7666 1
7666 225 1
225 2576 1
1831 502 2
6758 9250 1
8969 5791 1
5791 7540 1
7540 609 2
3154 8508 2
8508 215 3
215 6880 1
2576 213 1
213 7487 2
7487 7210 1
7210 8334 1
9077 4790 2
8824 1 1
8704 2398 1
2398 2121 1
2121 8270 1
8270 3761 1
8749 1385 1
1385 2576 2
9585 9136 1
9136 7918 1
7918 5790 1
5790 6189 1
5224 3890 1
3890 5687 1
1639 977 1
9772 7918 2
4090 5790 1
5790 1 1
1 891 1
891 4788 1
7945 6369 1
6369 2719 1
2719 63 1
63 3154 2
3154 5799 1
5799 6438 1
8946 3581 1
7666 4870 2
4870 9585 1
4373 7694 1
7694 4392 1
8337 6066 1
6066 4788 1
8969 1874 1
1874 9460 2
9460 7540 1
8392 63 1
63 778 1
4090 6430 1
6430 9053 1
9053 9589 1
9589 4250 1
1734 5497 1
5497 134 1
134 1394 1
8741 5819 1
3761 6369 1
6369 63 2
63 3761 1
3761 2694 1
2694 4444 1
4444 6296 1
6296 890 1
890 1037 2
3761 6479 1
6479 1734 1
1734 5500 1
5500 748 1
8856 2018 1
494 63 1
63 1651 1
2709 4701 1
8702 4140 1
7659 3727 1
3727 5797 1
7701 9053 1
8142 3761 1
7407 890 1
6015 3761 1
3761 5596 1
7498 8626 1
3578 8741 1
8741 7856 1
7856 9010 1
9010 4157 1
4157 1503 1
1503 3011 1
4713 6110 1
8741 8455 1
8455 3787 1
7540 4960 1
4960 4142 1
4142 9270 1
9270 61 1
61 2576 1
4142 1683 1
9465 4090 1
4638 4790 1
4790 6672 1
6672 8741 1
3030 9729 1
9729 7540 1
8392 6436 1
3761 947 1
947 890 1
890 8702 1
8702 8678 1
1640 4447 1
2056 5196 1
5196 3861 1
502 61 1
61 840 1
4788 7343 1
7343 8683 1
9585 61 1
61 4090 1
3727 6573 1
6573 4373 1
3503 5945 1
5945 1651 1
1651 4870 1
4870 4086 1
4086 2595 1
621 7152 1
7152 3562 1
3562 1788 1
1788 2576 1
2576 4161 1
4161 2246 1
2246 2691 1
8847 3980 1
3980 674 1
674 6602 1
6602 4419 1
2576 8575 1
8575 5303 1
5303 4788 2
1701 1734 2
3727 8894 1
8894 9772 1
9772 4419 1
4419 8333 1
8333 8855 1
8855 8847 1
8445 482 1
8069 6290 1
6290 4636 1
4790 8249 1
8249 9420 1
1091 7941 1
7941 6369 1
63 2018 1
2018 6663 2
6663 6436 1
9772 536 1
8582 8715 1
8715 3011 1
4898 4631 1
6289 3679 1
7540 8069 2
8245 8073 2
8073 5497 1
5497 3303 1
3303 734 1
734 61 1
61 2819 1
9012 1395 1
1395 3761 1
3761 1784 1
1784 9250 1
3787 1612 1
1612 4373 1
1960 8741 1
8741 5049 1
9605 1 1
968 8400 1
8400 4234 1
4234 6007 1
6007 2576 1
2898 5497 1
9605 8683 1
3787 9711 1
6583 7751 1
7751 226 1
1918 8741 1
1037 9012 2
9012 3919 1
3919 2121 1
2730 7034 1
7034 2716 1
2716 7116 1
4788 951 2
8801 4463 1
2843 8582 1
8582 2716 3
2716 8847 1
1394 8268 1
4463 2716 1
2716 4250 1
1176 4086 1
4086 6363 2
6363 3787 1
3761 4448 2
4448 2716 1
2716 6384 1
9587 7526 1
2517 3855 1
3855 3761 1
8337 7526 2
7526 1734 1
9395 2570 1
2570 1566 1
556 621 1
621 9605 1
9605 286 1
3792 8334 1
8334 2953 1
2953 3622 1
3423 8591 1
8591 8381 1
8381 8582 1
2716 9585 1
482 7967 1
7967 1211 1
1211 9459 1
1986 5654 1
9395 386 1
9520 1734 1
1734 8192 1
8192 139 1
4142 8741 1
9787 664 1
664 2751 1
2751 8582 1
8582 8100 1
8100 9585 1
7799 3637 1
3637 1333 1
9313 7956 1
8847 3013 1
3013 9587 1
502 7273 1
7273 1467 1
6431 6342 1
6342 2953 1
2953 3423 1
2576 5687 1
5687 2716 1
2716 1734 1
4790 5980 1
5980 9204 1
9204 1734 1
7701 5654 1
9395 4893 1
4893 8268 1
8268 8873 1
8847 2018 1
8702 875 1
875 8254 1
8254 316 1
316 4962 1
885 3727 1
3358 4870 1
4870 6436 1
8741 2960 1
2960 9173 1
9173 6573 1
6573 7559 1
7559 63 1
63 9548 1
9548 2576 1
2576 7887 1
7887 4584 1
4584 3358 1
3358 4791 2
4791 4788 1
502 1345 1
1345 556 1
556 6110 1
8741 4908 1
2988 4940 1
4940 8854 1
8854 1605 1
6941 4336 1
4336 1960 1
1960 3683 1
3683 2018 1
8856 8094 1
8094 1577 1
7559 3124 1
8678 8921 1
8921 8847 1
482 2953 1
2953 2576 6
3423 4445 1
3293 2018 1
8337 9136 1
1651 3423 1
2953 9520 1
2517 7829 1
7829 2904 2
2904 4419 4
3761 1211 1
4790 5654 1
9395 5596 1
5596 9362 1
9362 6002 1
1651 9417 1
9417 1566 1
9772 9540 1
689 8741 1
8741 9571 1
9571 8481 1
8481 9585 1
4373 8691 1
6687 8481 1
8481 1 1
8392 2005 1
2005 6291 1
2576 3857 1
3857 8252 1
8252 1639 1
1639 4373 1
2843 1918 1
1918 8252 1
8252 9787 1
4389 2576 1
7955 1 1
1037 2997 1
2997 502 1
3154 1395 1
1395 4463 1
641 1467 1
6431 8094 2
502 2813 1
2813 6850 1
6850 7701 1
977 5123 1
5123 5654 2
9395 7829 1
4790 6663 1
6663 7031 2
7031 4090 2
2517 2819 1
2819 2501 1
502 1481 1
1481 7804 2
7804 8576 1
8576 3980 1
3980 4701 1
2595 63 1
63 8094 1
502 4378 1
4378 2813 1
2813 4235 1
4235 2304 1
2304 502 1
502 3519 1
3519 6851 1
6851 7701 1
4419 5654 1
9395 7823 1
7823 7803 1
7803 6600 1
6600 7842 1
7842 5985 1
5985 4788 1
9787 4364 2
2576 6599 1
6599 8576 1
9772 4389 1
2552 6039 1
6039 8683 1
8683 8937 1
8937 4445 1
2056 3602 1
3602 5924 1
5924 5769 1
5769 2843 1
8834 5924 1
5924 3602 1
3602 9459 1
9459 8779 2
8779 7729 5
4788 1073 1
3787 361 1
361 7626 1
7626 6954 1
502 2958 3
2958 2041 1
9585 8856 1
8856 502 1
3154 8094 1
1701 813 1
813 4090 1
3787 1481 1
7804 1566 1
4090 2695 2
2695 7842 1
2607 2547 1
2547 502 1
2958 9772 1
4841 8069 1
191 8873 1
8873 63 1
3154 8824 1
8824 1148 1
1148 8685 1
2958 2547 1
2547 8408 1
1333 8847 1
977 7669 1
7669 4940 1
4940 8516 1
9772 1918 1
3683 1952 1
1952 6466 1
6466 4445 1
9787 191 1
191 1326 1
1326 1701 2
4373 1148 1
1148 8702 1
8702 482 1
5182 3787 1
7659 1941 1
1774 191 1
191 5797 1
7701 7694 1
4701 2296 1
2296 1701 1
1701 7914 1
7914 8334 1
8334 1734 1
494 1859 1
1859 1738 1
4788 7829 1
4090 1884 2
1884 1738 1
1738 7666 2
4870 5137 1
1884 3855 1
4090 1940 1
1940 2021 1
2021 9585 1
6520 7526 1
7526 8779 1
1399 5654 1
9395 502 3
8582 1537 1
1537 2819 1
9773 1326 1
4090 2517 1
6872 2822 1
2822 1544 1
1544 1 1
7842 6171 1
6171 6196 1
6196 3787 1
968 8741 3
494 6191 1
6191 6520 1
6520 6275 1
6275 3095 1
3095 7030 1
7030 1427 1
7851 9520 1
7900 1988 1
2287 556 1
5940 4961 1
4961 7540 1
7388 2595 1
4766 4414 1
4851 4788 1
4788 9024 2
4090 5123 1
5123 2576 2
3787 5401 1
5401 6687 1
6687 1701 2
1701 4633 1
4633 2686 1
2056 7271 1
7271 2833 1
2701 6436 1
4605 3761 1
3727 9134 1
9134 3787 3
3787 2629 2
2629 5654 1
9395 8381 1
8381 968 1
968 7842 1
7842 7900 1
482 2441 1
2441 6436 1
6436 1919 1
1919 4605 1
4605 8061 1
482 9134 1
3581 1399 1
1399 1597 1
6611 3761 1
1818 6191 1
6191 3761 1
6085 1577 1
1577 2121 1
2121 339 1
339 454 2
454 1 1
482 1211 1
1211 5654 3
9395 7540 1
3761 7854 1
8626 6357 1
6357 1734 1
1734 8064 1
8064 9229 1
9229 9585 1
3761 9134 2
7030 8779 1
3011 5654 1
9395 494 2
1472 3761 1
2056 8764 1
8764 1062 1
8605 5123 1
5123 1701 1
2576 9000 1
9000 7540 1
748 1566 1
8685 8531 1
9772 1774 1
7326 5735 1
9787 6354 1
6354 3679 1
3679 9585 1
9585 8946 1
8946 155 1
1033 7354 1
7354 2576 1
2576 4347 1
4347 2018 1
5818 9787 1
1472 6357 1
6357 9585 2
3761 6847 1
6847 9012 1
9012 3846 1
3846 5654 1
9395 9459 1
9459 5925 1
5925 1399 1
1399 2018 1
9006 6983 1
502 6356 1
6356 8678 1
8678 4388 1
4388 9479 1
9479 9787 1
4090 2445 1
2445 4090 1
5080 3358 1
3787 7389 1
7389 9587 1
7116 5243 1
5243 7829 1
4419 5745 1
5745 9006 1
9006 3244 1
3244 8777 1
8777 9714 2
9714 2595 1
4701 3761 2
5419 3855 1
3855 8741 1
3898 4402 1
4402 4878 1
4878 2576 1
2576 6896 1
6896 2018 1
9787 4584 1
8334 7412 1
7412 5419 1
5419 2421 1
5596 8424 1
8424 3100 1
3100 7574 1
7574 4788 1
9787 1540 1
1540 7173 1
7173 664 1
4962 695 1
695 1333 1
3505 4090 1
8702 8804 1
1577 177 1
177 502 1
502 914 1
914 5054 1
5054 137 1
137 9414 1
7116 2904 1
4419 7999 1
7999 6573 1
6573 8777 1
9714 9787 1
7694 2819 1
8702 4737 1
4737 5796 1
5796 6519 1
9012 9187 1
9187 3761 1
8278 4439 1
4439 5497 1
1524 2342 1
2342 502 1
9605 1252 1
2595 3620 2
3620 5151 1
7030 1734 1
3761 7359 1
7359 6324 1
9605 3600 1
3600 6892 1
6892 7747 1
7747 4378 1
421 9362 1
9362 3787 3
9345 1730 1
1730 8741 1
9585 1079 1
1079 5123 1
9395 6954 1
8576 9568 1
9568 9585 1
1577 9517 1
9517 853 2
2292 6851 1
6851 2595 1
4789 4426 1
4426 4700 1
1701 7637 1
7637 1640 1
1640 9611 1
7559 5864 1
5864 8576 1
4788 6596 1
6596 9587 1
9587 7210 1
7210 1271 1
1271 4954 1
4954 2018 1
482 4791 1
4791 6520 1
6520 5596 1
5596 6145 1
6145 3761 1
3761 9160 1
7031 7829 1
4419 1738 1
7559 5930 1
2576 9201 1
8045 7498 1
502 6975 1
6975 1 1
8626 7843 1
7843 2295 1
2295 7384 1
7384 7030 1
7030 4090 1
5941 5596 1
4336 8741 2
4760 5654 1
1399 6520 1
6520 3904 1
3904 5497 1
3581 2024 1
2024 1400 2
1400 4788 1
4402 9787 1
8702 670 1
8741 5371 1
7031 9787 1
4788 4477 1
4477 2841 1
2841 4414 1
4414 7403 1
7403 1640 1
8369 3761 2
3761 7701 1
7701 3757 1
3757 1333 1
1333 1037 1
7036 8689 1
1128 2018 1
494 4041 1
4041 63 1
63 7030 1
7030 5818 1
9414 3761 1
3761 7266 1
7266 482 1
4789 3671 1
3671 1880 1
1880 2576 1
3761 482 1
6520 8735 1
8735 3761 1
3761 7031 3
7031 482 1
482 2809 1
1659 621 1
968 7969 1
7969 9491 1
9491 1 1
482 4055 1
4055 7701 1
7701 6975 1
6975 3787 1
8626 502 2
4317 1399 1
1399 986 1
986 1770 1
1770 482 1
482 1651 1
1651 2833 1
2833 1738 1
3074 4791 1
1177 8683 1
1818 9675 1
9675 2576 1
621 9327 1
9327 8637 1
8637 4714 1
4222 8758 1
968 6047 1
6047 4248 1
4248 8735 1
8735 3562 1
8626 6847 1
6847 2024 1
2024 4438 2
4438 8582 1
3761 1161 1
494 4998 1
4998 502 1
4153 502 1
5819 7498 1
3761 2227 1
2227 1738 1
6052 3761 1
494 690 1
690 4840 1
2121 4419 1
4419 1037 1
7945 1648 1
1648 8741 1
7715 1217 1
1217 8847 1
8847 7666 1
3663 7197 1
7197 9772 1
9772 4362 1
1577 5132 1
5132 179 1
179 8576 1
3391 5171 1
5171 4269 1
4269 6574 1
6574 7559 1
7559 8582 1
7945 8873 1
4336 2709 1
1069 3761 1
1818 1211 1
9395 2953 1
2576 6357 1
9585 1177 1
7030 2904 1
4419 4445 1
1651 4718 1
4718 9787 1
8847 8741 3
8110 1037 1
371 6946 1
6946 4443 1
4443 3358 1
2686 179 1
179 1 1
2517 8678 1
8678 2953 1
2953 7197 1
7197 6319 1
6319 6254 1
6254 9520 1
9520 4419 1
4419 9585 1
2914 9787 1
3383 8678 1
6514 4394 1
4394 4090 1
4090 2143 1
8847 3890 1
3890 4444 1
4444 8392 1
8392 4086 1
1651 2214 1
2214 1141 1
4142 61 2
61 2686 3
2686 9273 2
9273 2595 1
2595 908 1
4448 1130 1
1130 7701 1
7701 4902 1
4902 7070 1
7070 502 1
502 1069 1
1069 8294 1
6663 6438 1
6438 2576 1
2576 9381 1
9587 1874 1
1874 6357 1
6357 9460 1
9460 7053 1
4448 4142 1
2686 9691 1
9691 9273 1
9273 2576 1
2953 6375 1
6375 7569 1
5744 8294 1
8294 1734 1
7116 7540 1
4789 5980 1
4142 4735 1
4735 61 1
9273 9787 1
9787 9354 1
9354 7540 1
8073 2121 1
2121 2953 2
2953 4090 1
1919 10 1
10 5909 1
4086 3679 1
3679 2615 1
2615 9135 1
9135 2953 1
2576 4929 1
4929 1352 1
1352 502 1
4090 4718 1
4718 482 1
8582 4002 1
4002 1035 1
1035 6289 1
6289 6281 1
6281 8741 1
8741 2292 1
7945 6289 1
6289 4908 1
4908 6289 1
6289 1952 1
1952 8582 1
7695 9414 1
2694 6296 2
6296 6160 1
6160 1951 1
1951 2018 1
2018 7083 1
7083 4035 1
4035 9585 1
3727 5033 1
5033 1748 1
1748 4940 1
4940 2528 1
2528 8847 1
8847 5769 1
5769 494 2
482 6867 1
6867 1211 1
9395 2802 2
1701 1577 1
8355 4388 1
4388 1352 1
1352 2576 1
2576 6356 1
6356 6189 1
9520 2246 1
2246 2780 1
2780 9675 1
9675 7540 1
2555 2576 1
8264 4364 1
4364 1734 1
9772 5910 1
1401 2691 1
2691 6189 1
9787 2608 1
2608 9438 1
9438 8392 1
8392 1651 1
1651 5603 1
5603 9787 1
9787 7828 1
7828 4423 1
4423 4419 1
4419 8873 1
2695 9012 1
9012 4701 1
4701 4419 1
4419 4407 1
8064 8741 1
8741 9646 1
9646 4788 1
7799 1394 1
8847 5606 1
9787 7829 1
9417 4407 1
4407 6060 1
6060 9084 1
9084 6583 1
6583 7060 1
7060 8290 1
8290 8334 1
2146 2516 1
2516 4855 1
4855 5146 1
5146 1774 1
1774 8038 1
8038 2024 1
2024 2953 1
2576 971 1
971 4789 1
4789 8741 2
7918 6583 1
977 8578 1
8578 6581 1
6581 494 1
4788 1855 1
1855 621 1
5172 7116 1
7701 3423 1
3423 3761 1
3761 6010 1
6010 6980 1
6980 502 1
9395 8678 1
2576 7030 1
7030 6746 1
6746 8873 2
3761 939 1
939 2297 1
2297 2085 1
2085 1806 1
1806 5943 1
494 7031 2
7031 8582 1
4407 2121 1
968 9189 1
9012 6851 1
6851 2668 1
2668 4426 1
4426 594 1
9787 1086 1
8741 1648 1
1648 4840 1
4840 8846 1
8846 6050 1
6050 681 1
1524 6050 1
7053 8069 1
8069 177 1
177 6189 1
8414 374 1
374 5596 1
9772 8879 1
8879 4336 1
1128 4373 1
6791 7799 1
2819 9414 1
9414 6161 1
6161 4090 1
8847 6496 1
6496 9507 1
9507 5744 1
5744 5137 1
6496 404 1
3683 6765 1
6765 5822 1
5822 8847 1
8082 2253 1
2253 2576 1
2576 4444 1
4444 9787 1
3600 1925 1
1925 594 1
4407 6357 1
6357 482 1
9585 742 1
742 5497 1
1524 4788 1
7694 3787 1
8741 8339 1
8339 502 1
1826 4781 1
3405 2576 10
2576 3560 1
5721 9587 1
4790 5386 1
6660 3244 1
3244 9663 1
9663 7558 1
8392 435 1
820 9362 1
9362 4960 1
2576 1072 2
1072 8988 1
7945 8358 1
8358 8591 1
8777 4781 2
8600 8741 1
3898 494 1
8221 9585 1
8777 8600 1
8600 3497 1
3497 4407 1
4392 4790 1
8926 8576 2
2018 1701 1
494 1071 1
1071 8600 1
4749 8678 1
4790 9119 1
502 8046 1
8046 5397 1
5397 2576 1
1919 8162 1
8749 4502 1
4502 7340 1
7340 820 1
820 5596 1
5596 4749 1
4749 4373 1
3761 7211 1
7211 9773 1
9773 8600 1
8600 502 1
2576 1867 2
1867 4790 3
4790 1701 2
4586 8683 1
494 5947 1
5947 5497 1
2056 8600 1
8600 9773 1
8142 9195 1
9195 8704 1
8637 4248 1
4248 4608 1
4608 2843 1
7168 1865 1
1865 3761 1
9773 641 2
641 4790 1
3679 6573 1
5497 5654 1
9395 3011 1
3011 4761 1
4761 7030 1
7030 5797 1
2292 8741 2
9787 6392 1
6687 391 1
391 9590 1
9590 4048 1
4048 3169 1
3169 2591 1
2591 5687 1
5687 2588 1
2588 2326 1
2326 7177 1
7177 8762 1
8762 6765 1
6765 5497 1
1941 1597 1
8777 8252 1
8252 1874 1
9460 4407 1
8637 5819 2
2024 4336 2
4336 4039 1
4039 3861 1
3861 7402 1
3787 3155 1
3155 2595 1
4790 6384 1
3761 3856 1
3856 1798 1
1798 5654 1
502 4073 1
4073 4704 1
4704 9489 1
9489 634 1
634 5497 1
1524 2576 5
3620 4701 1
4701 7635 1
7635 5695 1
9362 1326 3
1326 8094 2
3190 8215 1
8215 8576 1
3761 9795 2
4788 9427 1
3761 441 1
441 7635 1
7635 7823 1
4749 2802 1
3063 4407 1
7072 8683 1
9605 2342 1
2342 8591 1
4076 8576 1
8576 1690 1
1690 7031 1
7031 2953 1
3423 9585 1
9585 6445 1
5902 9489 1
9489 6456 1
7030 2802 1
3074 6851 1
6851 3761 2
3761 4426 1
4426 1269 1
1269 2576 1
3761 6803 1
7823 4789 1
9362 7210 1
7210 5194 1
5194 7635 1
2576 2222 1
2222 4789 1
4789 4210 1
3761 8400 2
7498 820 1
820 1701 1
4788 8215 1
8215 2506 1
2506 3189 2
5547 9593 1
6398 502 1
4790 5299 1
5299 1 1
6583 6181 1
6181 4788 1
4788 451 2
451 8318 1
8318 4086 1
4086 8914 1
8914 3911 1
3911 2060 1
2060 9190 1
8926 3761 1
4090 2349 1
7049 3890 1
3890 3761 1
3761 7666 3
1420 3637 1
3637 1761 1
1761 40 1
40 2576 1
621 6925 1
6925 3310 1
3310 2700 1
2700 2843 1
6519 4788 1
4788 9140 1
9140 7210 1
7210 2819 1
7851 2572 1
2572 9587 1
1214 4788 1
4415 2595 1
2595 9469 1
2576 1218 1
1218 2121 1
2121 4249 1
4249 187 1
187 8986 1
8986 7366 1
7366 8110 1
8110 6583 1
6583 1795 1
1795 4322 1
4322 8741 1
3245 4575 1
1639 7540 1
7540 4628 1
6289 2576 1
2576 8754 1
8754 7755 1
3787 3205 2
3205 8741 1
8741 6097 1
6097 4788 1
5453 4636 1
1472 2644 1
2644 4790 1
4790 8742 1
5282 8764 1
7945 4657 1
4657 4788 1
4788 4867 1
4867 4793 1
4793 4788 1
4788 6275 1
6275 4364 1
4364 532 1
1701 2679 1
5900 7666 1
7666 8083 1
4086 6765 1
6765 6110 1
968 226 1
4463 6387 1
6387 968 1
2430 8741 1
6583 4788 2
7312 1701 1
1701 7300 1
9585 1991 1
9302 2462 1
2008 2686 1
2686 9530 1
9530 1659 1
9587 748 1
4790 3690 1
3690 351 1
351 8870 1
7556 502 2
5172 2809 1
1659 4860 1
4860 9415 1
3113 2576 1
9593 4464 1
4790 6398 1
6398 5940 1
4632 4445 2
4575 9213 1
9213 3761 1
3761 5365 1
5365 8847 1
3022 7540 1
9787 6039 1
6039 494 1
494 840 2
840 5770 1
5687 9772 1
8582 197 1
197 5487 1
5487 3154 1
7701 4222 1
4222 4788 1
4584 4714 1
764 7540 1
8069 2019 1
2019 7053 1
9012 4758 1
4758 1193 1
1193 7701 1
7701 5453 1
1639 8741 1
9585 6613 1
6613 1701 1
1919 1523 1
1523 6335 1
5424 9773 1
9773 5424 1
5424 494 1
494 6573 1
6573 4054 1
4054 4090 2
3154 6084 1
6084 494 1
7999 2121 1
2121 63 1
63 5940 1
5940 5424 1
5424 1701 1
1818 1130 1
1130 4373 1
3503 2674 1
4090 7181 1
7181 5424 1
5424 502 2
6641 3868 1
3868 3566 1
3566 641 1
641 3679 1
3679 5374 1
5374 502 1
502 1990 1
1990 2903 1
2903 3154 1
1701 1818 1
1818 977 1
977 4866 1
4866 3022 1
3022 6355 1
6355 5629 1
5629 8577 1
8577 2802 1
2802 8655 1
8655 8871 1
8871 5307 1
5307 2576 1
2576 2405 1
2405 4789 1
2212 2903 1
2903 3761 1
3761 6377 1
6377 1701 1
8741 2834 1
2834 2691 1
1734 2843 1
2843 9460 1
9460 4790 1
6336 8741 1
4575 618 1
618 1735 2
1735 1648 1
1648 8064 1
3207 5957 1
5957 3787 1
3787 213 1
4788 7300 1
1037 385 1
385 4086 1
4086 8761 1
8761 2812 1
2812 1701 1
1701 262 1
262 2576 1
2576 4244 1
4244 4407 1
4407 6574 1
3761 210 1
210 1 1
6189 1818 1
1818 5995 1
5995 9414 1
7945 4248 1
4248 4788 1
8069 9196 1
8746 1177 1
1177 2715 1
2715 8704 1
8704 1701 2
1701 4510 1
4510 9459 1
9459 3043 2
3043 8797 1
8797 7540 1
7540 3753 1
3753 2595 1
3492 8126 1
8126 2576 2
2576 6094 2
6094 2332 1
2332 8565 1
6711 7540 1
968 5171 1
5171 6684 1
6684 4407 1
3074 7407 1
9187 1148 1
1148 4586 1
4586 7823 1
7823 4426 1
4426 3761 1
8209 7540 1
7540 3179 1
3179 7498 1
7498 7290 1
7290 4940 1
4940 4292 1
4292 7030 1
7030 8741 2
6399 7267 1
1958 9227 1
2772 2024 1
8582 8994 1
8994 4788 1
9585 2724 1
2724 3154 1
618 4252 1
4252 7081 1
7081 3680 1
4790 4019 1
4019 2717 1
2717 7668 1
7668 9415 1
482 6754 1
6754 5497 1
825 9772 2
9772 4019 1
4019 3787 1
2093 6341 1
6341 9012 1
9012 6188 1
6188 1188 1
1188 1701 1
7659 155 1
8136 2576 1
968 7671 1
7671 7540 1
9271 2576 1
2576 2233 1
2233 8380 1
9678 2724 1
2724 502 1
7945 3679 1
482 2450 1
2450 1651 1
1651 1399 1
3787 900 1
900 1 1
502 3353 1
3353 2549 1
2549 5500 1
5500 2595 1
4090 9129 1
9129 2024 1
8582 6759 1
6759 8299 1
8299 2041 1
3060 6375 1
7945 4346 1
4346 1 1
6406 482 2
482 5857 1
5857 7887 1
7887 4090 1
7559 8704 1
2819 9269 1
9269 502 1
502 248 1
248 4788 1
4788 5622 1
5622 9251 1
3761 6109 3
2802 1914 1
1914 9711 1
9711 9587 1
9587 7187 1
7187 8591 1
8591 3560 1
5721 3787 1
5911 748 1
7540 4781 1
3405 7701 1
2903 6110 1
9362 2802 1
2802 4142 2
7540 4060 2
4060 8741 1
8741 2421 1
2421 3276 1
3276 5596 1
5596 7636 1
7636 502 1
7747 3492 1
3341 6336 1
6109 748 1
4060 9587 1
9587 8997 1
502 1755 1
1755 8582 1
8582 8252 1
8252 5304 1
5304 63 1
63 4250 1
4788 6335 2
6335 2576 1
9585 8252 1
8252 9773 1
4910 2062 1
2062 4402 1
9414 1701 1
1701 8491 1
8491 7701 1
7701 3341 1
3341 6252 1
6252 9454 1
9454 502 1
9612 4090 1
4090 5327 1
5327 7701 1
7701 7168 1
7168 1037 1
1037 2570 1
2570 1577 1
8110 3898 1
4402 6496 1
6496 7559 1
7197 9585 2
4788 6016 1
6016 502 1
502 3341 1
3341 2865 1
2865 2686 1
2686 2821 1
2821 1919 1
3154 8242 1
7538 2340 1
2340 502 1
502 9372 1
9372 4407 1
6117 4788 1
4788 9153 1
9153 3787 1
454 6384 1
9520 6575 1
2121 1998 1
1998 4788 1
9555 4082 1
4082 2774 1
2774 708 1
708 4090 1
4090 8270 1
8270 3358 1
9507 502 1
502 6573 1
4788 8542 1
6591 5819 1
502 5928 1
5928 9362 1
9362 2664 1
2664 3205 3
1701 756 1
756 1223 1
1223 5227 1
5227 8045 1
8045 7901 1
8337 6279 1
6279 1919 1
9362 4737 1
4737 4705 1
4705 9714 1
9714 386 1
386 8824 1
8824 5955 1
5955 4090 1
9012 494 4
8576 8651 1
8651 9585 1
9585 1981 1
1981 4739 1
4739 4364 1
4364 9540 1
689 5740 1
3761 5785 1
5785 2341 1
1605 9605 1
9605 4054 1
4054 996 1
996 4365 1
4365 1414 1
1414 4840 1
4840 3035 1
3035 9119 1
9119 2819 1
2819 8034 1
8034 3787 1
5864 3562 1
6583 8385 1
8385 2819 1
502 6368 1
6368 8467 1
8467 8741 1
8741 7335 1
7335 4031 1
4031 1605 1
1276 2595 1
4790 3249 1
8113 1397 1
1397 6573 1
6573 1701 1
1037 8045 2
8045 442 1
9772 3276 2
3276 8741 1
8741 1064 1
1064 2121 1
4790 594 1
594 9530 1
7719 3880 1
2576 2428 1
9189 8626 1
968 2341 1
2341 8577 1
1919 1605 1
1605 5497 1
3581 8742 1
6583 9256 1
2024 3327 1
5864 3312 1
3312 6224 1
6224 4052 1
4052 5497 1
2576 151 1
151 8741 1
8741 4860 1
4860 4090 1
4090 6488 1
6488 3358 1
4840 4054 1
4054 3911 1
3911 1016 1
7540 8413 1
8413 4674 1
3216 4636 1
4636 1459 1
7770 1062 1
7799 5769 1
9787 8478 1
8478 7776 1
7776 4407 1
1472 9088 1
9088 8834 1
695 7715 1
2056 2501 1
2501 3630 1
3630 8045 1
8045 2686 1
3727 9623 1
3036 6528 1
6528 8045 1
8045 362 1
362 1062 1
8834 3787 1
8702 695 1
1577 9593 1
9593 1983 1
1983 502 1
502 4463 1
4463 7053 1
7053 8045 1
9787 4544 1
4544 2576 1
2576 6690 1
6690 9530 1
9530 9787 1
621 6707 1
8601 9787 1
8518 2841 1
2841 2595 1
9773 229 1
3806 6016 1
7498 8582 1
8582 4570 1
4570 9787 1
4788 2201 1
2201 8582 1
8582 8602 1
8602 9585 1
4102 4788 1
4666 5822 1
5822 951 1
2024 6685 1
2018 9623 1
9623 4909 1
8082 502 2
5839 8741 1
7799 9623 1
9623 9791 1
8557 2819 1
2175 155 1
4790 1413 1
1413 6487 1
6487 4790 1
4790 864 2
864 5424 6
4790 3807 2
3807 9196 1
9196 351 1
7770 2819 1
9787 2744 1
2744 4790 1
5424 9787 1
8582 5424 1
5424 1577 1
7559 2744 1
2744 4788 1
4788 1734 1
8847 4350 1
8460 1566 1
8337 3690 1
3690 8683 1
9456 6308 1
6308 4940 1
4940 4415 1
4415 524 1
524 4445 1
9517 9180 1
9180 2576 1
2576 5158 1
5158 5821 1
3761 139 1
4142 8075 1
8702 494 1
7540 864 2
5424 4923 1
4923 3011 1
8847 6573 1
6573 8847 2
1818 7715 1
2056 4484 1
8231 3761 1
3761 5909 1
5909 4788 1
502 3106 1
3106 1 1
8847 4919 1
4919 9587 1
4090 666 1
1577 3573 1
3573 4090 1
8577 1375 1
1375 3011 1
494 1159 1
1159 5424 1
5424 2595 1
2595 3106 1
3106 9772 1
3358 641 1
641 2249 1
2249 1 1
6189 3497 1
7949 7559 1
1818 1738 1
4788 1882 2
1882 5966 1
5966 1459 1
7770 9585 1
8337 1738 1
1882 1566 1
1594 1683 1
8850 274 1
274 1820 1
482 3141 1
3141 1738 1
4788 5210 1
5210 1037 1
3761 9064 1
6275 3787 2
1612 1326 1
1326 514 1
514 502 1
3282 7160 1
7160 4947 1
4947 8334 1
8334 7571 1
7571 3436 1
3436 7061 1
478 4138 1
4138 2081 1
2081 2576 1
5199 7060 1
7060 502 1
9772 9371 1
9371 3761 1
3761 5146 1
5146 8334 1
2082 9108 1
9108 9503 3
9503 2434 1
2434 5497 1
825 5484 1
5484 4737 1
8591 1976 1
1976 2576 1
2576 8027 1
8027 4789 1
5586 1326 1
1326 9426 1
9426 8873 1
8873 8870 4
8870 2332 1
2332 3749 1
3749 3761 1
3761 5791 1
5791 2686 1
2686 8455 1
8455 5900 1
5900 9503 1
9503 9772 1
9772 8020 1
8020 1 1
2430 5080 1
5080 2176 1
2176 5497 1
6436 9355 1
9355 7540 1
7701 1597 1
384 1325 2
1325 8741 1
5171 6480 1
6480 1734 1
1734 63 2
63 9587 1
9587 1272 1
1272 4790 1
8347 8856 2
8856 7666 2
2576 1540 1
1540 5544 1
5544 4463 1
7666 2534 1
2534 4701 1
2595 1325 1
1325 3761 2
3761 4832 2
2903 5307 1
5307 8870 1
7556 722 1
1919 2421 1
2421 502 1
502 3337 1
3337 3787 1
3787 9696 1
9696 1988 1
1988 9303 3
9303 3327 1
3787 5434 1
5434 8371 1
8371 1651 1
9585 7374 1
3761 7300 1
2576 3509 1
3509 8050 1
8050 3815 1
3815 9251 1
9251 139 1
4142 2430 1
9163 2176 1
2176 6676 1
6676 8741 1
8741 4832 1
4832 4781 1
3405 502 2
2903 1988 2
2914 8870 2
7556 8678 2
494 2054 1
2054 4789 1
7540 2175 1
2175 4789 1
4789 6519 1
6519 3911 1
3911 8414 1
8414 662 1
662 7248 1
7248 2576 1
2576 7742 1
7742 7540 1
3391 7700 1
7700 7701 1
7701 5819 1
3739 9573 1
3687 4789 1
6583 7130 1
7130 4701 1
7498 3158 1
1919 6159 1
6159 5497 1
1408 3463 1
3463 7666 2
7374 905 1
905 5910 1
5995 3252 1
3252 1622 2
1622 1919 1
1919 8611 1
8611 7487 3
7487 9787 1
9787 2728 1
2728 4789 1
4789 561 1
561 2819 1
2819 2582 1
2582 4789 1
6834 249 1
249 3207 1
3207 2420 1
2420 8873 1
2094 9787 1
8741 5359 1
9585 6019 1
6019 3110 1
3110 9372 1
9372 3154 1
1672 2819 1
2576 2240 1
2240 8576 1
9773 3110 1
3110 5325 1
5325 9530 1
8371 6015 1
2595 7372 1
7372 2612 1
2612 7917 1
7917 9528 1
9528 4010 1
3787 3242 1
3242 4788 1
2769 884 1
884 5687 1
5687 359 1
359 2977 1
2977 2703 1
2703 8873 1
5172 9731 1
9731 8069 1
8069 5498 1
5498 6445 1
6445 9553 1
3641 3761 1
1037 2772 1
9787 5158 1
5158 1273 1
9773 9553 1
3641 2595 1
2093 2121 1
2121 5904 1
5904 9462 1
9462 2018 1
9787 2164 2
2164 1001 1
8626 4701 1
4464 8069 1
8069 4822 1
4822 502 1
8702 4258 1
4258 2576 1
2576 757 1
757 3833 1
3833 3787 1
8582 8413 1
8413 1988 1
9302 7799 1
7799 8407 1
8407 9787 1
7949 9787 1
9773 7487 3
7487 6189 1
4701 5154 1
5154 9517 1
9517 3701 1
8847 8042 1
7701 7487 3
7487 4407 1
9772 5867 1
5867 4090 1
8611 1978 1
1978 5221 1
5221 1 1
3787 8064 1
7666 1360 1
1360 8576 1
2024 1057 1
1057 3787 1
3787 609 3
609 1326 1
1326 8508 1
215 4789 1
4789 5123 1
5123 6834 1
6834 930 1
7798 8637 1
4090 8538 1
8538 4414 1
4414 7487 1
7487 8847 1
8847 6520 1
6520 4432 1
4432 1734 1
1734 7969 1
7969 3179 1
3179 9318 1
9318 9347 1
9347 5497 1
5497 1941 1
1941 8702 1
6111 1597 1
1597 1399 1
1399 6663 1
6663 9686 1
9686 8847 1
9012 8774 1
8774 7487 1
7487 3787 1
8847 6870 1
6870 4090 1
4090 3953 1
3953 7900 1
8847 4492 1
4492 1734 1
4701 4905 1
4905 9645 1
9645 5910 1
4090 5992 2
5992 3546 1
3546 2819 1
8847 9205 1
9205 9587 1
9587 4908 1
4908 977 1
977 155 1
155 7487 1
7487 502 2
1399 9517 1
2812 6657 1
6657 7701 1
9419 2802 1
9587 4623 1
4623 7540 1
7666 7487 2
7487 221 1
221 9787 1
9772 7556 1
8320 222 1
222 7666 1
7487 8084 1
8084 4714 2
3727 6436 1
2552 7701 1
5171 9006 2
9006 715 1
715 7487 1
7487 3327 1
3683 4963 2
4963 8702 1
5819 3854 1
7053 2024 1
6177 7540 2
7487 9772 1
9772 482 1
4165 951 1
951 9352 1
9352 8847 1
8847 8834 2
8834 4364 1
4364 2018 1
3727 6177 1
7487 8678 1
6177 2686 1
4336 1 1
1 8611 1
7487 6834 1
6834 9772 1
1037 6834 1
6834 3209 1
2576 3405 1
3405 4701 1
7918 8873 1
1037 4082 1
4082 6832 1
6832 621 1
621 3405 1
3405 494 1
494 1683 1
1683 1 1
8637 4918 1
8702 1636 4
1636 8611 1
7487 3727 1
5769 8543 1
8543 8625 1
8625 4407 1
4407 3406 1
3406 9006 1
3807 2112 1
2112 4090 1
8337 8847 1
1394 7556 1
7556 9585 1
9585 6834 1
6834 2024 2
2024 9590 1
9590 1566 1
1566 8873 1
3761 6834 2
2024 5874 1
5874 7635 1
7635 6001 1
9224 3235 1
3235 9787 2
9787 8878 1
7694 8982 1
8982 8702 1
8702 5137 1
5137 4790 1
4090 8339 1
1826 8847 1
6151 8050 1
8050 2434 1
2434 1976 1
1976 502 1
6737 2576 1
4389 9772 1
1372 8678 1
8678 9212 1
9212 482 2
7701 3401 1
3401 502 1
8611 859 1
859 1918 1
3683 8847 1
8847 3807 2
3807 482 1
2292 951 1
8847 875 1
875 5171 1
5171 3633 1
3633 2802 1
2802 3235 1
6582 6892 1
4790 8425 1
8425 3581 1
3581 4445 1
3293 7556 1
9787 8087 1
8087 9585 1
9585 715 1
4090 5090 1
5090 4940 1
7694 9150 1
9150 4407 1
4407 8847 1
8847 8926 1
9787 2174 1
2174 2056 1
2056 2434 2
2434 1037 3
1037 3236 2
3236 4426 2
4426 9787 1
8735 3679 1
1400 4445 1
1648 3532 1
3532 9302 1
9302 7540 2
4789 2494 1
2494 9746 1
9746 5497 1
1408 7374 1
1625 5845 1
5845 1252 1
2595 7583 1
7583 2421 1
2421 8824 1
8824 7498 1
7498 4090 1
4892 1198 1
1198 7666 1
7666 6889 1
6889 9420 1
1577 1503 1
1503 2819 1
9772 3552 1
3552 582 1
582 526 1
526 502 1
502 3109 1
3109 4144 1
4144 997 1
997 1461 1
1461 8873 1
6834 6880 2
6880 6834 1
6880 9772 1
4090 9351 1
9351 8590 1
8590 9787 1
9787 7705 1
4790 1975 1
1975 6733 1
6733 1988 1
9302 1539 1
1539 6123 1
6123 3216 1
3216 6002 1
1651 6191 1
6191 2448 1
2448 4788 1
4788 6868 1
1460 872 1
872 9585 1
9585 3235 1
3235 3727 1
9224 6880 1
6880 3252 1
4789 1622 1
1622 3361 1
3361 2014 1
2014 4090 1
2552 3649 1
3649 7556 1
7556 1057 1
1057 4789 1
4789 722 1
1 7705 1
7705 4789 1
4789 9012 1
4789 3254 1
3254 6834 1
6834 4445 1
2555 3859 1
3859 4727 1
4727 7634 1
7634 9787 1
703 4402 1
5687 549 1
549 4373 1
7779 6832 1
6832 8873 1
3761 7487 1
7487 6880 2
6880 3405 2
9663 7635 1
7635 1461 1
1461 6440 1
6440 1821 1
1821 3692 1
3692 3752 1
3752 9787 1
9787 4374 2
3898 3560 1
5721 5818 1
5818 869 1
869 5112 1
5112 4141 1
4141 2686 1
8894 8847 1
3600 997 1
997 8870 1
8870 4789 2
4789 1791 1
1791 5910 1
5910 1738 1
213 2856 1
2856 9787 1
6583 5577 1
5577 5497 1
8392 8141 1
8141 4090 1
494 6181 1
6181 9070 1
9070 502 1
4552 8591 1
8591 5819 1
4090 7102 1
7102 8870 1
7556 1807 1
2024 228 1
228 800 1
800 7701 1
7701 8064 1
7666 7919 1
7919 1037 1
4911 6002 1
1651 7773 1
7990 4090 1
7978 1577 1
2576 5412 1
5412 5596 1
3074 1988 1
9302 7917 1
5184 9773 1
9773 1827 1
1827 476 1
476 4832 1
4832 7498 1
5123 3405 1
3405 8870 1
8870 4916 1
4916 7252 1
7252 7482 1
5683 2802 1
2802 6184 1
6184 7498 1
8392 2734 1
2734 5774 1
5774 5182 1
5182 4226 1
502 2594 1
2594 2686 1
2686 1328 1
1328 2024 1
2024 1586 1
1586 8413 1
8413 5152 1
5152 9787 1
2287 951 1
951 7298 1
7298 3011 1
3011 8870 1
968 3327 1
2903 9585 1
1761 8591 1
3899 2576 2
4911 2819 3
8847 6015 1
6015 6296 1
2552 7556 1
7556 1 1
8678 482 1
3807 8847 1
7799 6733 1
6733 7987 1
7987 2617 1
2617 4789 1
8494 9787 1
2175 2678 1
2678 1734 1
1734 6844 1
6844 8618 1
2595 7727 1
7727 1355 1
1355 1689 1
1689 54 1
54 2576 1
4363 5911 1
2903 3405 2
3405 750 1
750 1995 2
1995 4445 1
2021 1995 1
1995 8873 1
930 7715 1
7715 6126 1
6126 8591 1
8591 3358 1
4791 1326 1
5911 2576 1
2018 4791 1
4791 8591 1
8591 8678 1
8678 2555 1
2555 9787 2
4090 2972 1
2903 8683 1
3679 8531 1
8531 1794 1
1995 8491 1
8491 8824 1
8824 3405 1
2576 7044 1
351 4909 1
5839 8892 1
8892 1037 1
1037 5112 1
5112 6931 1
6013 9787 1
1360 5819 1
9787 6121 1
6121 482 1
8683 2018 1
9587 1090 1
1090 1003 1
1003 2812 1
1577 8873 1
9787 5056 1
5056 7498 1
986 482 2
482 187 1
187 1177 1
1177 4789 1
4789 2059 1
2059 3011 1
3761 6915 1
6915 5497 1
5497 2272 1
2272 1988 1
1988 689 1
8371 7666 1
9696 6676 1
6676 8270 1
8270 8591 1
8591 386 1
386 1325 1
1325 9119 1
4788 4689 1
4689 8626 1
5683 1325 1
1325 5911 1
3787 2868 1
2868 2576 1
1128 3702 1
3702 2595 1
3063 1375 1
8321 8741 1
8741 1009 1
1009 2725 1
2725 7540 1
7540 3405 3
8369 9136 1
9136 4788 1
2819 6168 1
6168 4788 1
7914 4243 1
4243 1734 1
9517 2430 1
2430 5740 1
4233 3683 1
8681 6623 1
6623 3266 1
3266 986 1
986 1162 1
3405 1988 1
1988 4736 1
7559 8741 1
2552 384 1
9178 7900 1
7900 3842 1
3842 4788 1
9772 5816 1
5816 2576 1
2576 2434 1
1037 1975 2
1975 6737 1
6737 3235 1
3235 9772 1
7197 6092 1
6092 8978 1
8978 1975 1
1975 502 1
5586 4737 1
4737 1869 1
1869 3042 2
3042 2576 1
4790 5055 1
3761 9459 1
7031 951 1
1395 3787 1
2576 2254 1
2254 1037 1
1975 6314 1
6314 4575 1
4575 1999 1
9189 3761 1
5843 2819 1
2819 9182 1
9182 9628 1
9628 5497 1
3347 1 1
6189 6133 1
6133 2218 1
2218 7635 2
8271 1640 1
1640 502 1
5586 4090 1
2287 8278 1
8278 8321 1
8321 9302 3
2576 9459 4
9459 6976 1
6976 5207 1
5207 502 1
2592 2851 1
3544 2576 1
494 7149 1
4463 455 1
455 2686 1
2686 6936 1
6936 7666 1
7666 6844 1
6844 8582 1
4788 6112 1
6112 4557 1
4557 1037 1
4426 1 1
2576 6877 1
6877 3641 1
7023 5176 1
5176 7635 1
7635 4940 1
4940 3965 1
3965 3787 1
4789 7557 1
7557 2576 1
2576 697 1
697 9590 1
9590 4477 1
4477 3911 1
4788 3555 1
502 5934 1
5934 5535 1
3787 2806 2
2806 2576 1
3973 3880 1
2802 3347 1
3347 2292 1
2292 1003 1
1003 4373 1
3727 6601 1
6601 3011 1
482 5821 1
5821 4789 1
9585 1975 1
1975 1037 1
1037 2434 1
2434 2576 1
9585 2637 1
2637 3235 1
3235 4472 1
4472 9787 1
4364 951 1
951 6987 1
9787 4472 1
4472 2018 1
8337 4821 1
4821 4402 1
6995 1037 1
4788 5684 1
3347 6756 1
6756 391 1
4430 993 1
3761 8685 1
8685 1128 1
5586 9787 1
9787 1158 1
1158 5123 1
5123 8882 1
9302 6403 1
6403 8326 1
8326 2576 1
6052 4908 1
4908 6436 1
3663 8741 1
8741 1807 2
1807 3415 1
1408 8141 1
8141 2819 1
1762 3405 1
3405 4788 1
4289 4789 1
4789 1762 1
1762 2576 2
3859 8702 2
8702 6496 1
6496 5744 1
8252 1193 1
1193 3911 1
3911 5453 1
4788 2085 1
2085 4636 1
621 5715 2
5715 6110 1
540 594 1
8378 1326 1
1326 3180 1
3787 479 1
479 3108 1
2576 8644 1
8644 8337 1
8337 5653 1
5653 8591 1
8591 8870 2
7556 8683 1
8683 8741 1
8531 3405 2
3405 1135 1
1135 4790 1
2595 3107 1
3107 9787 1
968 8358 1
8358 4701 1
2595 3405 1
502 7499 2
7499 6371 1
7701 8870 1
7556 4632 2
8834 979 1
979 8637 1
8637 1636 1
1636 3403 1
3403 4789 1
4789 7741 1
7741 840 1
9772 8892 1
8892 5027 1
5027 6519 1
234 9787 1
9787 3405 1
8189 4790 1
7559 1037 1
8576 8870 2
8870 4407 2
9787 5372 2
5372 1600 1
1269 8702 1
1636 8870 1
7556 5170 1
5170 1472 1
494 7715 2
2056 1012 1
1012 4407 1
3405 622 1
622 596 1
596 9585 1
3600 7693 1
7693 3304 1
3304 482 1
2056 6288 1
351 4790 1
1636 997 1
997 4789 1
2558 9540 1
9540 4790 1
689 3859 1
3859 5372 1
5372 3405 1
3405 2024 1
6181 5911 1
3600 3405 1
3405 3154 1
1672 5300 1
7499 1 1
6189 8873 1
8870 4750 1
4750 2279 1
2279 3787 1
7053 4840 1
4840 1683 1
1683 3405 2
3405 2256 1
2256 8535 1
8535 4789 1
494 1372 1
1372 4190 1
8531 9787 1
556 5171 1
3405 8626 2
2812 4317 1
4317 8005 1
8005 2576 1
2576 7120 1
7120 8741 1
9414 9286 1
9350 2292 1
2292 4336 1
8870 9787 3
589 9587 1
2501 1683 1
1683 9714 1
9714 4090 1
494 5770 1
5770 8582 1
370 1927 1
1927 7073 1
4790 8531 1
8531 5909 1
2056 4445 1
5372 4790 1
4840 8626 1
9787 6602 1
6602 4701 1
4701 3405 1
2576 8870 2
8870 6436 1
8318 3727 1
3727 4046 1
4046 4790 1
1636 9772 1
6456 4789 1
8582 799 1
8184 9585 2
4789 1472 1
2812 7368 1
7368 2576 1
2576 3606 1
3606 149 1
149 858 1
858 8576 1
8621 4789 1
4789 8678 2
1651 6575 1
6575 5373 1
5373 3405 1
4789 5941 1
5941 3911 1
3911 8070 1
8070 6990 1
6990 4789 1
4073 6643 1
6643 2802 1
2802 3405 1
3405 3107 1
3107 2576 1
1919 3327 1
3327 5497 1
8171 6335 1
6335 3761 1
7540 3407 1
3407 559 1
559 7197 1
7197 4588 1
764 8777 1
7053 5937 1
5937 8873 1
5497 8535 1
8535 595 1
595 9479 1
9479 2576 1
2576 8381 1
7053 1269 1
1269 8082 1
7900 5596 2
4789 7166 1
7166 8518 1
8518 3106 1
3106 7540 1
2576 9646 1
5864 1594 1
1594 4415 1
4415 5421 1
5421 3463 1
7666 3147 1
3147 2576 1
6732 4788 1
3280 1 1
3761 565 1
565 8892 1
5839 4489 1
4489 8277 1
8277 7540 1
3761 9692 1
9692 2018 1
674 3681 1
3681 4789 1
4789 1360 1
1360 1738 2
1738 4480 1
4480 2495 1
2495 7116 1
7116 8582 1
4575 4250 1
1734 4086 1
4086 9460 1
9460 3405 1
3405 3761 1
4832 4789 2
4789 8870 1
8870 502 1
4789 1093 1
1093 3761 1
3761 6931 1
6931 1701 1
1701 2024 1
1738 5870 1
5870 5940 1
8200 748 1
494 9579 1
9579 1776 1
1776 9192 1
9192 7384 1
7384 7666 1
7666 3514 1
3514 5909 1
5909 3761 2
6520 4224 1
4224 6199 1
6199 4407 1
1734 1875 1
1875 8582 1
7384 3679 1
482 1158 1
1158 1577 1
1577 539 1
386 9384 1
9384 8870 1
7556 5497 1
7408 8637 1
8637 5373 1
5373 7666 1
7666 3405 1
3405 1577 1
9772 5985 1
5985 1734 1
1734 8212 1
8212 7666 1
8064 2093 1
1577 4789 1
4789 3013 1
3013 9772 1
494 8916 1
8916 502 1
9585 3405 1
3405 8189 1
8189 190 1
190 4248 1
4248 8637 1
1659 2325 1
2325 4789 1
4789 1919 1
2056 67 1
67 2203 1
2203 8683 1
8683 8870 1
8870 7973 1
7973 832 1
832 8535 1
1472 1056 1
1360 2809 1
3245 4893 1
4893 482 1
482 8762 1
4789 6306 1
6306 502 1
8582 4218 1
4218 2576 1
2576 7118 1
7118 9592 1
9592 67 1
67 1639 1
1639 1178 1
1178 9773 1
9773 4414 1
4414 5453 1
5453 3761 1
3761 5541 1
5541 4439 1
4439 6880 1
6880 4840 1
1 647 1
647 8741 1
8741 1141 1
1141 1919 1
1919 6880 1
6880 2595 1
3063 8582 1
5497 5332 1
5332 6222 1
6222 6880 1
2576 805 1
805 4790 1
3880 3761 2
1659 1770 1
1770 8870 1
8870 1738 1
4789 5910 1
4789 6880 1
6880 5596 1
9417 9585 1
4789 191 1
191 2576 1
3939 2637 1
2637 2832 1
2832 6880 1
6880 1548 1
1960 4789 1
8337 5373 1
5373 4790 1
4790 2018 1
1577 8213 1
8213 4789 1
4940 7976 1
2576 5159 1
5159 3356 1
3356 2086 1
1505 8582 1
5980 8625 1
8625 3235 1
2576 8535 1
8535 7540 1
6417 3761 1
8069 9064 1
9064 1651 1
1651 5051 1
5051 7487 1
2576 7558 1
7635 9585 2
2914 5721 1
5721 8678 1
4902 8510 1
8510 2576 1
940 1121 1
1121 4788 1
4788 6833 1
6833 1818 1
363 7298 1
7298 502 1
968 7540 1
5424 3761 4
3761 6376 1
6376 2435 1
2435 3666 1
3666 9384 1
7945 4329 1
4329 386 1
3761 6354 2
6354 3761 1
7540 3530 1
3530 2576 1
2576 6627 1
6627 4250 1
9587 8188 1
8188 5424 1
5596 3075 2
3075 4788 1
4788 7965 1
7965 1774 1
1774 8989 1
8989 4407 1
8969 4090 1
8288 2576 1
4701 1659 1
3761 2665 1
2665 8777 1
8777 9108 1
9503 3749 1
3749 6384 1
9520 1874 1
1874 9772 1
9772 7384 1
7384 4090 1
9585 4491 1
4491 7701 1
3761 5568 1
5568 1971 1
1971 1651 1
4448 494 1
4701 761 1
761 3110 1
3110 1 1
8960 5639 1
5639 4789 1
4789 2652 1
2652 2576 1
4789 6151 1
6151 6706 1
6706 5596 1
3074 8702 1
3761 690 1
2121 9084 1
2576 3871 1
3871 2344 1
2344 610 1
610 4086 1
4086 3347 1
3347 8288 1
8288 502 1
502 7895 1
7895 1956 1
1956 4438 1
5980 4788 1
4788 7169 1
7169 6880 1
6880 3787 2
3787 9021 1
9021 5918 1
5918 7642 1
7642 4790 1
2576 2213 1
2213 2024 1
7292 2627 1
6399 609 1
482 8987 1
8987 5541 1
5541 9517 1
9517 3469 1
3469 4072 1
4072 6001 1
7694 6436 1
6356 453 1
453 3787 1
2629 609 1
609 6196 1
6196 7437 1
7437 1636 1
1636 3602 1
3602 3787 1
1659 9251 1
2453 4789 1
3342 4407 2
4090 5962 1
5962 502 1
9134 9459 1
9459 6880 1
6189 1734 1
4789 6196 1
6196 482 1
482 8163 1
8163 5424 1
8741 9355 1
3787 8492 1
8492 8195 1
8195 2576 1
2576 975 1
975 1919 1
1919 3285 1
3285 4701 1
9459 4478 1
4478 5497 1
3581 5497 1
7559 9087 1
9087 8535 1
8535 1734 1
1734 8163 1
8163 9517 2
8582 4501 1
4501 3530 1
3530 3761 1
4909 7701 1
8582 3391 1
3391 3042 1
3042 609 2
609 2843 1
2843 9091 1
9091 502 1
5424 1 1
4911 441 1
441 2292 1
2292 3244 2
3244 9585 3
3761 5404 1
5404 5424 1
5424 4090 1
502 9108 1
9503 3154 1
482 7255 1
7255 1 1
6314 3560 1
3560 8571 1
8571 7540 2
1732 7510 1
7510 6336 1
6336 3859 1
5866 502 1
502 488 1
488 968 1
968 1734 1
1734 516 3
516 1988 1
9302 5436 1
5436 296 1
296 8905 1
8905 2802 1
9773 8571 2
8571 1871 1
1871 4788 1
5497 4022 1
4022 4940 1
2595 6339 1
6339 6454 1
32 2595 1
2595 44 1
7540 710 1
710 2170 1
2170 3787 1
3787 3493 1
3493 9451 1
9451 2686 1
2686 2847 1
2847 1918 1
1918 2595 1
2595 1846 1
1846 3104 1
3104 9131 1
9131 8571 1
8571 514 1
9529 7540 1
7540 7160 2
7160 8334 1
8334 1449 1
1449 2576 1
2709 9371 1
9371 9426 1
9426 4090 1
4090 6189 1
3727 6239 1
6239 6479 1
6479 1 1
1 2004 1
7044 8142 1
8142 7737 1
7737 7668 1
7668 3761 1
3761 3088 1
3088 9113 1
9113 9773 1
9529 502 1
4407 5282 1
5282 5424 1
8962 1002 1
1002 4352 1
4352 690 1
3074 4701 1
3761 2744 1
2744 864 1
5424 3787 1
7887 4525 1
4525 8571 1
8571 2652 1
2652 8653 1
8653 3761 1
3761 6143 1
6143 4788 1
3787 8950 1
8950 5911 1
5911 750 1
750 4083 1
4083 2668 1
609 2627 1
2595 6880 2
6880 5857 1
5857 4083 1
4083 4840 1
4840 8697 1
8697 7929 1
7929 8653 1
8653 3918 1
3918 8571 1
8571 3560 1
3560 2056 1
2056 3240 1
3240 7621 1
7621 3154 1
3154 4049 1
4049 1453 1
1453 2560 1
2576 5947 1
5947 2695 1
8873 8571 1
8571 1732 1
1732 1670 1
1670 7510 1
7510 5955 1
5955 7559 1
4940 4678 1
4678 3761 1
494 4395 1
4090 2048 1
621 5054 1
5054 6398 1
6398 1 1
9489 5424 1
5424 2745 1
2745 8873 1
4788 6684 1
7999 6436 1
3154 674 1
674 482 1
2021 4090 1
2336 4316 1
4316 5151 1
5151 2574 1
2574 8576 1
2819 610 1
3347 3727 1
1761 2414 1
2414 8873 1
502 2570 1
2570 502 1
7945 8137 1
9587 1566 1
7569 2506 1
2506 2065 1
2065 3727 1
3727 178 1
178 5290 1
5290 8582 1
8582 8955 1
8955 4054 1
6124 666 1
3761 9044 1
9044 864 1
502 3107 1
3107 7540 1
7540 6713 1
6713 6336 1
9077 6275 1
1737 3106 1
3106 5596 1
5596 6713 1
6713 8777 1
8600 1701 1
1701 5940 1
502 2760 1
2760 1037 1
7900 4918 1
4226 999 1
999 5424 1
5424 8270 1
8270 610 1
3347 502 1
8127 7666 1
7666 3534 1
3534 4070 1
4070 2826 1
2826 2593 1
2593 3787 1
4749 2629 1
2629 5386 3
63 7036 1
7036 2819 1
2819 6283 1
6283 960 1
960 4419 1
4419 502 1
502 5419 1
5419 4737 1
4737 1734 2
3761 9541 1
9541 8804 1
8804 1701 1
5172 6375 1
6375 532 1
532 4788 1
4788 163 1
163 9585 1
9585 8804 1
8804 621 1
7626 5429 1
5429 4788 1
4788 3856 1
3856 4714 1
4714 9052 1
9052 8347 1
8347 7666 3
7666 8856 1
8856 5685 1
5685 3865 1
3865 3761 1
9772 5911 2
8623 8762 1
8762 8741 1
8741 8921 3
155 3865 1
3865 4387 1
4387 4222 1
4222 4558 2
4558 4090 1
2024 6557 1
6557 9587 1
502 2439 1
2439 4090 1
4090 4079 1
4079 3787 1
7666 9295 1
9295 2576 1
7666 1342 2
1342 1009 1
1009 3980 1
9419 3326 1
3326 1697 1
1697 1542 1
1542 1700 1
1700 1938 1
1938 2576 1
2576 6429 1
6429 4429 1
4429 1394 1
4788 5909 1
5909 1333 1
9772 1177 1
1177 4090 1
4090 3322 1
3322 4407 1
986 8834 1
5645 155 1
556 4222 1
4558 1701 1
1701 4289 1
1818 8910 1
8910 7666 1
1342 8576 1
6160 1037 1
1037 2549 1
2549 3739 1
3739 502 1
4788 5908 1
5908 1701 1
840 6582 1
6582 8460 1
8460 502 1
4940 7447 1
494 1342 1
1342 9787 1
3391 5648 1
5648 213 1
213 8166 1
8166 4407 1
1062 6523 1
6523 618 1
4789 1735 1
1735 8847 1
8847 7435 1
5995 1701 1
1701 1342 1
1342 8082 1
8678 2121 1
4788 6574 1
6574 2576 1
7540 7487 1
7945 1701 2
1701 6296 1
6296 840 1
1640 4336 1
4336 1342 1
1342 2576 2
2694 8579 1
8579 9787 1
7559 1918 1
3683 4636 1
4636 8741 1
4407 6003 1
1818 4492 2
4492 1342 1
1342 6384 1
9520 1128 1
2595 8854 1
8854 2247 1
2247 2292 1
4090 2701 1
621 6294 1
6294 2739 1
2739 8576 1
494 5711 1
5711 5596 1
4788 7396 1
7396 2576 1
2576 8128 1
8128 3761 1
2121 2629 1
5386 6139 1
6139 8770 1
8770 4463 1
4463 3276 1
3276 2954 1
2954 6676 1
6676 3528 1
3528 7413 1
7413 1734 1
1701 7941 2
7941 3276 1
3276 3560 1
5721 1 1
9787 4781 1
8741 2326 1
2326 371 1
371 506 1
506 4407 1
5822 3578 1
3578 9237 1
9237 1651 1
1651 2663 1
2663 1734 1
1701 5744 1
5744 1342 1
1342 5497 1
6496 9459 2
1986 572 1
572 1343 1
1343 8576 1
2552 3154 1
4790 4984 1
6360 5769 1
5769 951 1
7903 1342 1
1342 9743 1
9743 7113 1
7113 8258 1
8258 3920 1
3920 2562 1
2562 5916 1
5916 4788 2
4788 5640 1
5640 7540 1
7540 6299 1
8392 1718 1
1718 1 1
7540 3321 1
3321 8390 1
8390 8045 1
8045 7773 1
9469 502 1
2545 7035 1
7035 1408 1
1408 1718 1
1718 9052 1
9052 2515 1
2515 624 1
624 1 1
3787 3299 1
3299 5875 1
5875 1356 1
1356 9743 1
9743 3761 1
3761 2658 1
2658 1853 1
1853 7055 1
7055 502 1
8392 2819 1
2819 9761 1
9761 2309 1
2309 5500 1
5500 502 1
502 9693 1
9693 1408 1
1408 139 1
3787 6018 1
4788 9020 1
9020 7540 1
7540 5779 1
5779 5640 1
5640 1597 1
1597 1934 1
1934 7783 1
7783 2655 1
2655 3761 1
8847 1623 1
1623 3787 1
3787 9743 2
9743 9787 1
1275 4788 1
2997 4788 1
4734 9520 1
386 9716 1
9716 8626 1
8626 3495 1
3495 1651 1
1651 1623 1
1623 5974 1
5974 2024 1
3727 8112 1
8112 4407 1
4911 9787 1
3503 8012 1
8012 3761 1
8637 4209 1
4209 7328 1
7328 4463 1
7128 8741 1
8741 3859 1
3859 8637 1
8637 7031 1
4090 5834 1
5834 7498 1
7498 5909 1
986 2722 1
2722 3980 1
3980 9585 1
7044 4448 1
4448 1701 1
1701 9693 1
9693 4788 1
7842 2607 1
7331 6160 1
6160 502 1
502 5772 1
5772 3058 1
3058 1037 1
9772 668 2
668 4392 1
4090 4654 1
4654 4432 1
4432 9693 1
9693 4069 1
3787 1342 2
1342 9772 1
2056 1774 1
1774 9230 1
9230 2802 1
4714 6711 1
6711 3787 1
9743 5916 1
5916 6514 1
6514 9413 1
9413 4090 1
1701 4248 1
4248 2694 1
2694 6018 1
5916 3787 1
3321 5875 1
5875 9743 1
9743 4789 1
2695 6252 1
6252 8873 1
621 41 1
41 1614 1
1614 8741 1
977 6160 1
6160 8582 2
4448 4638 1
4638 9588 1
9588 4788 1
7008 4402 1
4402 7343 1
7343 3679 1
494 7312 1
7312 4788 1
9182 482 1
4961 4402 1
6995 8179 1
8179 502 1
5715 1342 1
1342 1734 1
1701 8741 1
6583 8204 1
8204 1540 1
1540 3865 1
3865 3154 2
5497 6557 1
6557 6925 1
6925 1232 1
1232 63 1
63 7900 1
7900 4070 1
4070 3787 1
7666 8629 1
8629 6496 1
3043 8582 1
8582 7756 1
7756 3683 1
6682 3961 1
3961 4790 1
502 4377 1
4377 6092 1
6092 2501 1
2501 7063 1
7063 7744 1
7744 2784 1
2784 1806 1
1806 2121 1
2121 2990 1
2990 2501 1
2501 2470 1
2470 4940 1
1433 2536 1
2536 9025 1
9025 2149 1
2149 7626 1
2501 6401 1
6401 3911 1
3911 271 1
271 4707 1
4707 7744 1
3898 7701 1
7701 637 1
637 9194 1
9194 1958 1
1958 9025 1
9025 2595 1
2595 3757 1
3757 8778 1
8778 4711 1
4711 2247 1
2247 2501 1
2501 5573 1
5573 6110 1
6110 8778 1
8778 8861 1
8861 2247 1
2247 502 1
3167 5832 1
5832 1918 1
1918 292 1
292 7449 1
7449 2711 1
2711 5514 1
5514 8547 1
8547 3474 1
3474 9573 1
9573 9773 1
9773 8784 1
8784 2035 1
2035 8741 1
8350 858 1
858 9585 1
9585 1414 1
4788 1915 1
1915 2576 1
1360 3827 1
3827 7904 1
7904 3562 1
3727 4915 1
3787 3153 1
3153 4701 1
9773 3865 2
3865 1037 1
8741 9414 1
9585 2041 1
2041 494 1
494 4948 1
4948 2852 1
2852 2595 1
8582 2067 1
2067 6436 1
7407 5596 1
3074 9585 1
1701 1205 1
1205 1037 1
1037 9555 2
9555 3865 1
3865 1325 1
1325 3787 1
7666 9362 2
7030 5055 1
1399 968 1
968 8626 1
3503 6000 1
4463 4078 1
4078 458 1
458 8741 1
8741 4489 1
4489 8683 1
8683 4070 1
4070 1037 1
1037 3865 2
3865 1059 1
1059 8576 1
9585 4918 1
4317 8940 1
8940 7694 1
7694 9012 1
9012 9540 1
9540 5740 1
4233 4788 1
6622 5769 1
5769 4714 1
421 4353 1
4353 1205 1
1205 8582 1
8582 3865 1
3865 502 1
502 6094 1
6094 8856 1
8856 4336 1
4336 420 1
420 8347 2
8347 7900 1
7900 5987 1
5987 1207 1
1207 4790 1
502 7804 1
7804 2121 1
2121 4203 1
4203 8579 1
8579 3761 1
1818 6436 1
6436 8605 1
8605 8557 1
8557 5497 1
3581 386 1
386 2865 1
2865 1701 3
1701 6891 1
6891 8259 1
8259 9227 1
9585 7386 1
7386 3787 2
3787 2865 3
2865 2024 1
8804 7386 1
8969 2256 1
2256 8582 1
8582 7030 2
8741 9195 1
9195 147 1
147 4489 1
4489 1594 1
502 5979 1
5979 1 1
2430 8841 1
4895 3787 1
3787 7842 1
7842 9191 1
9191 6746 1
4790 7030 1
7030 5497 1
5497 2629 1
5386 4737 1
3555 875 1
4068 4789 1
9580 8804 1
8804 7498 1
7498 3683 1
3683 8414 1
8414 7069 1
7069 1 1
8626 1651 1
1651 6252 1
4090 6746 1
939 8879 1
6519 5038 1
5038 3767 1
3761 1205 1
1205 1342 1
3865 3787 2
8582 2865 1
2865 3154 1
1395 3679 1
3679 8894 1
8894 8288 1
8288 1597 1
1597 889 1
889 9787 1
695 8591 1
8591 762 1
7388 8873 1
8873 3575 1
3575 2504 1
2504 386 1
386 8744 1
8744 2865 10
2865 2426 1
2426 4788 1
8557 3679 1
494 1205 1
1205 3787 4
4447 1 1
8577 4940 1
4940 9694 1
9694 3787 1
7887 5386 1
5419 2588 1
2588 9773 1
1480 4407 1
2865 4737 1
4737 1868 1
1868 3222 1
3222 7141 1
7141 8626 1
3578 3761 1
3761 3855 1
4790 8262 1
8262 6445 1
6445 4752 1
3787 3575 1
3575 4909 1
4909 1701 1
1701 2121 1
7030 1137 1
1137 4938 1
4938 2595 1
2595 386 1
386 3215 1
3215 8744 1
2865 3761 1
6583 2921 1
2921 4788 1
1853 1651 1
4737 2556 1
2556 8804 1
8804 9520 1
6354 968 1
968 2865 1
2865 5200 1
5200 4321 1
9167 4788 1
4788 8973 1
8973 2576 1
9772 2809 1
7053 8956 1
8956 3761 1
3761 7105 1
7105 8741 1
4289 494 1
494 6661 1
6661 1738 1
7976 6384 1
3761 9189 2
9189 1865 1
1865 2865 1
2865 3787 1
3787 3594 2
3594 8678 2
8678 1797 1
1797 2865 1
8069 1068 1
1068 2595 1
7780 1 1
1 6170 1
4464 3374 1
3374 1477 1
1477 1648 1
4364 6520 1
6520 4585 1
2576 6507 1
6507 4788 1
5980 6596 1
3205 4788 1
4788 8042 1
4789 4420 1
4420 9469 1
9469 4483 1
4483 4789 1
7701 854 2
854 9671 2
9671 1175 1
1175 748 1
7823 5654 2
9395 2576 1
4909 8744 1
2865 9787 3
4788 2921 1
2921 2576 1
3761 7841 1
7841 2819 1
3522 8741 1
2056 1777 1
1777 7427 1
7427 3373 1
3373 7270 1
7270 875 1
494 8224 1
8224 5497 1
9497 2576 1
692 9785 1
9785 3154 1
3154 482 1
9415 9094 1
9094 7272 1
7272 1919 1
1919 6851 1
3761 5654 2
1868 9682 1
9682 4407 1
2056 8350 2
8350 9587 1
494 7823 1
4788 6887 1
6887 1516 1
1516 8744 1
1701 690 1
690 6275 1
6275 2121 2
993 6491 1
6491 4086 1
4086 4426 1
4426 3857 1
8741 7053 1
7053 3581 1
8741 3940 1
3940 8683 1
8683 1325 1
1325 7422 1
7422 2576 1
2576 3865 1
3856 1205 1
7030 9136 1
9136 750 1
750 1823 1
1823 1325 1
1325 1 1
750 3700 1
3700 8697 1
8697 2064 1
2064 376 2
376 7210 1
7210 3761 1
9605 8290 1
8290 6923 1
6923 9371 1
9371 4788 1
4788 564 1
564 494 1
7031 5819 1
4090 7688 1
7688 621 1
621 7635 1
7635 2430 1
4788 6343 1
6343 3356 1
6145 8270 1
8270 8744 1
2865 7701 1
3534 7271 1
7271 8582 1
3761 5978 1
5978 1701 1
1701 3854 1
3854 9469 1
9469 4840 1
494 594 2
594 7559 1
8209 3011 1
6519 4840 1
1408 333 1
3767 2695 1
2501 5259 1
5259 1701 1
8460 4790 2
4790 7887 1
351 8873 1
2695 4445 1
3293 3761 1
4790 8847 2
7116 4407 1
556 1420 1
1420 3683 1
3859 5259 1
5259 9787 1
404 2107 1
7540 1491 1
2543 6248 1
6248 9585 1
2056 5740 1
5740 3642 1
556 9414 1
9414 2588 1
2588 596 1
596 4789 1
9012 1177 1
1177 1734 1
5665 1577 1
1577 8136 1
8136 8576 1
4789 2681 1
2681 440 1
494 9676 1
9676 1326 1
1326 4714 1
4714 8337 1
1672 3245 1
2691 8460 1
8460 6002 1
1651 1491 1
2543 5966 1
5966 3654 1
8741 5515 1
5515 351 1
2018 8557 1
8557 2145 1
2145 1491 1
9787 7714 1
3641 1223 1
1223 5112 1
5112 2018 1
1577 6520 1
9772 6693 1
6693 420 1
8347 8064 1
668 1701 1
8847 6146 1
6146 2802 1
8337 8683 2
4789 404 2
404 5596 1
3074 1577 1
1577 8847 1
8847 6607 1
6607 4789 2
7701 1492 1
1492 2543 1
2543 4445 1
4338 1761 1
2576 3313 1
3313 4624 1
4624 1126 1
2809 2090 1
2090 9592 1
9592 299 1
299 8576 1
1687 1577 1
1408 6674 1
6674 2844 1
2844 961 1
961 9516 1
563 3154 1
4790 9256 1
9256 8847 1
482 1275 1
1275 9772 1
3469 2998 1
2998 502 1
4090 6049 1
6049 4445 1
9419 3980 1
3980 1662 1
8777 386 1
386 4940 1
4940 8847 3
8762 2121 1
3807 9012 1
9012 5868 1
5868 7540 1
7540 2543 1
2543 1 1
6186 6607 1
4789 6256 1
8847 4041 1
4041 3467 1
3467 494 1
8216 7540 1
2576 4373 2
2463 7540 1
8847 7318 1
7318 8847 1
8337 4469 1
4469 4789 1
8683 7701 1
2576 418 1
418 4789 1
4789 1408 2
7482 5770 1
5770 1459 1
1459 8741 1
9772 1160 1
1160 9587 1
5797 2543 1
2543 2972 1
2972 1408 1
7482 4445 1
2615 4789 1
482 1809 1
1809 2054 1
2054 6384 1
9520 4789 1
4789 1744 1
1744 482 1
482 4940 2
8582 6474 1
6474 9787 1
7268 8577 1
8577 8216 1
502 4692 1
4692 4423 1
4423 6145 1
2543 5770 1
5770 1701 1
4090 1948 1
1948 9025 1
9025 4289 1
4492 2829 1
2829 250 1
250 3462 1
3462 2018 1
2018 1738 1
6052 4392 1
7008 1072 1
8582 3462 1
3462 1491 1
2543 8626 1
8626 384 1
384 7887 1
7887 1166 2
1166 3787 2
8611 1825 1
1825 5740 1
5740 8701 1
7569 595 1
595 1734 1
8847 8252 1
8252 7695 1
7695 2548 1
2548 6003 1
6003 3695 1
1459 9585 1
9417 8582 1
8582 2548 1
2548 2576 1
8582 7887 1
7887 5909 1
9061 9787 1
502 5610 1
5610 3787 1
3030 6791 1
494 7887 1
7887 4336 1
8460 9006 1
5770 2597 2
4940 2543 1
2543 9540 1
689 1701 1
1701 5137 1
8847 5009 1
5009 6039 1
6039 9787 1
556 8702 1
8762 2018 1
4090 5818 2
3787 3290 1
3290 3679 1
494 6400 1
6400 4837 1
4837 5845 1
5845 298 1
298 8460 1
8460 8626 1
968 2543 1
9787 9061 1
9061 2576 1
2555 5429 1
5429 6834 2
6834 4336 1
1472 7694 1
502 8944 1
8944 2843 1
8946 1371 1
1371 4407 1
7540 1333 1
1333 6573 1
8557 1491 1
4789 6606 1
6606 8678 1
4289 7585 1
7585 4940 1
9772 8918 1
8918 4445 1
4445 2018 1
9006 9144 1
9144 3761 1
5769 4558 1
4558 2576 2
155 1491 1
2543 3761 1
7116 8847 1
9006 8847 1
8847 6467 1
6467 4788 2
9359 4317 1
4317 5589 1
5589 2576 1
3761 873 1
873 7701 1
4090 9006 1
9006 1 1
1 1491 1
2543 3679 1
5769 8019 1
8019 8847 2
8847 7023 1
9663 9714 1
9714 9006 1
4790 8646 1
3727 4407 1
2018 155 1
155 9773 1
9773 1294 1
1294 4390 1
4575 4222 1
4222 1128 1
7659 8678 2
5524 6514 1
6052 2576 1
6662 7842 1
7842 4300 1
4300 1803 1
1803 2068 2
2068 1254 1
1254 9517 1
3154 2390 1
8856 8403 1
8403 978 1
978 8972 1
8972 9025 1
9025 9310 1
9310 8712 1
8712 2292 2
8741 1 3
2430 1740 1
1740 5497 1
2695 2501 1
2501 3235 1
3235 4336 2
692 2024 1
3761 8019 1
2576 3235 2
8460 3235 1
6796 3235 1
3235 5839 1
5839 9787 1
8310 2819 1
8337 136 1
5497 9787 1
2576 3274 1
3274 9787 1
4415 3011 1
6049 9187 1
9187 2018 1
5818 6573 1
9006 4407 1
4940 3235 1
3235 5770 1
4448 2576 1
4790 4492 1
4492 3235 1
3235 5867 1
5867 621 1
621 9025 1
9025 1 2
6189 5769 1
5769 8367 1
8367 4090 1
4090 3416 1
3416 502 1
4090 4809 1
4809 4373 1
4701 8582 1
7945 502 1
3154 318 1
318 9025 1
9025 4623 1
4623 482 1
155 3235 1
3235 9517 1
9517 8707 1
2247 2019 1
2019 1924 1
1924 7540 1
7540 3235 2
3235 3311 1
3311 4790 1
2576 1264 1
1264 7160 1
7160 9323 1
9323 8576 1
4790 8317 1
8317 7511 1
7511 3859 1
8847 2122 1
2122 4790 1
4790 3746 1
3746 3855 1
9094 2585 1
3787 2847 1
2847 2716 1
2716 2004 1
3787 1996 2
1996 77 5
77 8460 1
8460 2709 1
3787 1488 1
1488 502 1
3154 2359 1
2359 3277 1
467 3823 1
3358 3746 1
3746 3787 1
2716 5171 1
5171 4790 1
4790 5998 1
5998 4289 1
4289 5998 1
5998 4048 1
4048 2716 1
2716 3235 1
3235 4115 1
4115 2576 1
2576 945 1
945 8992 1
8992 9420 1
1577 1996 1
77 2090 1
2090 875 1
3465 3746 1
3746 1 1
8856 4790 1
4790 6870 1
6870 4940 1
155 9084 1
9084 4902 1
4902 7781 1
7781 1643 1
1643 3787 1
4790 1540 1
1540 3564 1
3564 2496 1
2595 1996 1
77 7197 1
7197 4222 1
4222 1577 1
2576 2619 1
2619 9182 1
9182 8582 1
8582 2037 1
2037 3746 1
3746 3235 1
3235 4289 1
4289 7589 1
7589 6126 1
7540 8678 1
8678 363 1
363 8613 1
8613 1566 1
1651 6398 1
6398 1037 1
8847 5818 1
5818 2819 1
3522 634 1
634 5300 1
5300 5126 1
5126 2802 1
2576 7223 1
9251 8847 1
8847 9158 1
3787 6145 4
4082 2585 1
7666 1996 1
77 621 1
9414 2585 1
2585 9589 1
9589 8784 1
8784 2819 1
3980 6111 1
6111 9469 1
9469 6065 1
6065 2576 1
2517 4090 1
4090 2096 1
2096 9006 1
9006 6892 1
4090 9203 1
9203 4373 1
4701 3235 1
3235 8369 1
8369 8847 1
8847 5809 1
5809 8576 1
8576 3642 1
1037 3235 1
3235 2543 2
2543 5259 2
1919 250 2
250 8611 1
8611 1918 1
1918 4076 1
4076 4463 1
8847 235 1
235 2576 1
7666 2258 1
2258 8847 1
8847 6705 1
6705 1594 1
1594 5538 1
5538 1925 1
494 2963 1
2963 2961 1
2961 854 1
854 8847 1
9772 5037 1
5037 5909 1
9773 8608 1
8608 494 1
7701 9415 1
9415 4407 1
4407 2836 1
2836 494 1
6371 5497 1
8320 951 1
951 1177 1
1177 524 1
524 6522 1
6522 5497 1
3581 7780 1
7780 2576 1
2576 825 1
825 2018 1
9006 6663 1
6663 2107 1
7160 1294 1
1294 8678 1
7197 9414 1
9414 1867 1
1035 8994 1
8994 502 1
502 2599 1
2599 7724 1
7724 4300 1
4300 8741 1
8741 8400 1
968 6137 1
6137 9362 1
9362 2819 1
453 8320 1
8320 9590 1
9590 6601 1
6601 8318 1
8318 9773 1
2287 8914 1
8914 9190 1
9190 1 1
6687 4701 1
4701 5171 1
506 6335 1
6335 2819 1
1941 1701 2
8847 1201 1
1201 2501 1
2501 9451 1
9451 8268 1
482 8460 1
8460 4407 1
8702 2501 1
556 6092 1
6092 8631 1
8631 1 1
9772 7336 1
7336 962 1
962 2018 1
2018 9451 1
9451 8834 1
8834 2576 1
1200 8678 1
8678 9006 1
9006 7197 1
7197 7569 1
7569 9500 1
9500 1 1
986 6039 1
6039 1201 1
1201 9589 1
9589 3664 1
3664 2549 1
2549 9025 1
9025 2123 1
2123 9772 1
502 9498 1
9498 1880 1
1880 1941 1
482 7053 1
618 475 1
475 4407 1
8702 2584 1
2584 556 1
556 5910 1
8369 7635 1
235 494 1
8847 4317 1
4317 5096 1
5096 1 1
8847 6095 1
6095 4790 1
8948 2576 1
2576 9256 1
9413 8702 1
8702 2292 1
9773 7337 1
7337 3859 1
494 3890 1
3890 4090 1
4090 475 1
475 1 1
1 5445 1
5445 8576 1
977 6582 1
6582 3011 1
3011 9589 1
9589 1201 1
1201 502 1
8856 5884 1
5884 4790 1
3727 8064 1
7666 7904 1
7904 2802 1
2695 2989 1
2989 782 3
9773 7336 1
7336 4448 1
4448 7904 1
7904 9025 1
1 778 1
4090 2989 1
977 5884 1
5884 7904 2
7904 8921 1
9585 475 1
475 8873 1
9787 539 1
539 9414 1
9414 1200 1
1200 6436 1
6436 5885 1
5885 2989 1
782 9520 1
1919 5232 1
5232 3154 1
4788 5884 1
7904 9772 1
986 1803 1
2068 5884 1
5884 7666 1
7666 5444 1
5444 7904 1
7904 502 1
7945 4789 1
4789 9088 1
7498 8460 1
8460 8576 1
6252 4389 1
4090 5464 1
5464 8741 1
3550 4729 1
4729 9772 1
839 4407 1
4407 4476 1
9413 4605 1
1651 7407 1
9414 1121 1
7701 7904 1
5980 3446 1
3446 4788 1
4489 2234 1
2234 9251 1
9362 4052 1
4052 7116 1
9414 3447 1
3447 2576 1
502 3159 1
3159 1701 1
9585 5442 1
5442 3158 2
3158 7540 2
7540 3445 1
3445 4788 1
8350 4299 1
4299 2819 1
2406 5442 1
7540 8565 1
8565 875 1
4442 4788 1
7268 1202 1
1202 4138 1
4138 475 1
475 3787 1
8064 7904 1
7904 1 1
8577 2753 1
2753 1817 1
1817 3748 1
3748 1734 1
1734 3235 1
3235 9256 1
2121 2543 1
2121 5259 1
5259 4090 1
8531 8741 1
6663 2630 1
5386 1205 2
2865 3865 2
3865 618 1
1735 2576 1
9517 6015 1
8856 4737 1
8582 4301 1
8380 4964 1
4964 5908 1
5908 8741 1
8741 7952 1
2595 8639 1
8639 5269 1
5269 4788 1
1701 2695 1
2695 4324 1
4324 384 1
384 9635 1
9635 6860 1
6860 7666 1
2700 9520 1
8873 2837 1
2837 1919 1
1919 9025 1
9025 3787 1
7626 3562 1
4788 1002 1
1002 3169 1
3169 4112 1
4112 4090 1
3727 5163 1
5163 9773 1
9773 9635 1
9635 5497 1
5497 1877 1
1877 4788 1
4788 8745 1
8184 4790 1
4790 5947 1
5947 2819 1
7650 2066 1
2066 1701 1
1701 9219 1
9219 2576 1
4489 386 1
4090 6397 1
6397 6110 1
8704 594 1
897 2576 1
8216 9251 1
3761 8521 1
1443 3266 1
3266 8591 1
8591 6723 1
6723 3772 1
3772 6573 1
7701 7210 1
7210 3892 1
3892 310 1
310 3236 1
3236 1975 1
9489 2640 1
2640 7018 1
7018 9714 1
9714 7569 1
7569 364 1
364 3235 1
3235 6110 1
9585 8270 1
8270 3772 1
3772 748 1
3235 502 2
2691 5596 1
3205 2802 1
2802 8870 2
7556 5819 1
3761 9397 1
9397 6110 1
8741 3394 1
3394 5259 1
5259 3495 1
3495 8705 1
8705 9302 1
9302 3898 1
2576 5025 1
5025 1604 1
1604 9587 1
6126 8337 1
8337 3358 1
1062 9397 1
9397 5123 1
5123 3235 1
3235 4790 1
2406 7701 1
7701 4463 1
6858 8870 1
7556 594 1
7540 5154 1
5154 4020 1
4789 8401 1
8401 3787 1
2576 3201 1
3201 309 1
309 3528 1
3528 3235 1
3235 2056 1
8392 8320 1
8320 1034 1
1034 4090 1
1568 4789 2
4789 8175 1
8175 8937 1
8937 8288 1
8288 9585 2
3761 3986 1
3986 4789 1
3063 3235 1
3235 4789 1
4789 8319 1
8319 1137 1
1137 8873 1
3761 7006 1
7006 2595 1
2595 5460 1
5460 9143 1
9143 2576 1
3189 4848 1
4848 9386 2
9386 3761 1
3761 8644 1
8644 5748 1
5748 7666 1
9271 4407 1
4407 9489 1
1597 2640 1
2640 2024 1
2024 9714 1
9662 3235 1
3235 951 1
9012 1581 2
4090 8380 1
8380 364 1
364 2819 1
2819 5282 1
5282 8741 1
8136 6374 1
7701 65 1
65 5708 1
5708 502 1
9414 8012 1
8012 9772 1
8582 6725 1
6725 3235 1
3235 2819 1
2819 3629 1
3629 8182 1
8182 5282 1
5282 2640 1
2640 3761 1
3761 5245 1
5245 7116 1
7701 572 1
572 5245 1
5245 5259 1
5259 2113 1
2113 3008 1
3008 3479 1
3479 1557 1
1557 2576 1
5199 3761 1
8994 2336 1
2336 482 1
2576 1382 1
1382 9699 1
9699 4407 1
4790 4663 1
4663 8576 1
2819 9401 1
1826 9263 1
9263 7540 2
7498 3761 1
9417 1 1
6189 1810 1
1810 8400 1
8400 4272 1
4272 4940 1
4940 1382 1
1382 3761 1
7949 4701 1
2686 9699 1
9699 3787 1
3787 1782 1
1782 7773 1
7773 1826 2
4790 9067 1
9067 2686 1
3761 3863 1
3863 4790 1
4790 1786 1
1786 7949 1
7949 6111 1
6111 3761 1
3761 1043 1
1043 2398 1
2398 4790 1
4790 3815 2
3815 2576 1
4921 5661 1
2802 1382 1
1382 4407 1
9585 9699 1
9699 1238 1
1238 9491 1
7663 5683 1
5683 8764 2
8764 1002 1
4840 4918 1
4918 7540 2
7540 5413 1
5413 2719 1
2719 5136 1
5136 8683 1
502 9190 1
9190 3761 1
5080 3394 1
3394 2543 1
2543 5745 1
5745 1986 1
1986 1597 1
1597 9006 1
2576 7027 1
7027 5917 1
5917 2542 2
2542 2180 1
2180 4790 1
5049 2802 1
3063 2819 1
4086 807 1
807 5606 1
5606 9016 1
9016 3154 1
8136 2401 1
2401 8576 1
2819 6092 1
6092 9238 2
9238 3787 1
3787 885 1
3761 1413 1
1941 4090 2
4966 5497 1
8209 3761 1
4020 4714 1
3620 4373 1
4737 5486 1
5486 2180 1
2180 8576 1
4790 2851 1
2851 8951 1
8951 5123 1
5123 1073 1
1073 3761 1
4902 8116 1
8116 4463 1
9773 9246 1
9246 7331 1
9773 1729 1
1729 502 1
3042 5497 1
8171 1640 1
1640 1807 1
8741 4222 1
494 5768 1
5768 502 1
1826 3787 1
3787 4166 1
502 2543 1
2543 968 1
4790 4257 1
4257 5200 1
5200 7540 1
7540 6184 1
6184 2576 1
2576 103 1
103 4645 1
4645 8320 1
8320 8945 1
8945 6954 1
502 8600 1
2056 8278 1
8278 6954 1
6676 8242 1
7538 1067 1
1067 8582 1
8582 968 1
6375 4373 1
3861 5909 1
5909 1037 1
494 9412 1
9412 5917 1
2542 2576 1
2056 945 1
945 159 1
159 4407 1
4407 1734 3
6375 8069 1
191 4789 1
4789 4239 1
4239 2543 1
2543 2802 1
482 6070 1
6070 4790 1
4373 6568 1
6568 2576 1
1160 4790 1
482 4177 1
4177 4790 1
7008 2802 1
4789 6637 1
6637 2809 1
3011 2845 1
2845 2543 1
2543 7948 1
7948 7603 1
3787 8870 2
7556 4789 1
2021 8870 1
8870 2843 1
482 506 1
506 7030 1
7030 4373 1
4373 2320 1
3641 8742 1
2056 439 1
7030 2576 1
2576 8876 1
8876 6931 1
6931 8870 1
8870 494 1
5910 8408 1
8408 2073 1
2073 2018 1
8702 2843 1
2843 5757 1
5757 4789 1
4789 3197 1
3197 4789 1
2812 1883 1
1738 2543 1
2543 1577 1
1577 9742 1
9742 3011 1
7948 5081 1
5081 634 1
8209 4068 1
4068 2543 1
2543 8873 1
6145 4789 1
4789 5134 1
5134 659 1
659 2576 1
2576 5757 1
5757 8582 1
7812 7917 1
1826 4077 1
4077 5771 1
5771 4789 1
8576 2649 1
2649 7666 1
7666 8321 1
8321 3739 1
3739 9585 1
8064 6511 1
6511 846 1
846 3911 1
3911 6892 1
6892 6407 1
6407 361 1
361 8103 1
8103 2543 1
2543 6789 1
6789 9012 1
4153 7540 1
6111 2543 1
2543 1062 1
1062 5883 1
5883 2595 1
1 8870 2
7556 1037 2
4090 2793 1
2793 4758 1
4758 4940 1
8413 3154 1
4789 3833 1
3833 3981 1
3981 9773 1
8413 6945 1
6945 8873 1
7780 8369 1
9522 2215 1
4789 989 1
989 7917 1
9007 2018 1
8702 3247 1
3761 9721 1
7044 1882 1
1882 4789 2
4789 7763 1
7763 1738 1
1738 9671 1
9671 6181 1
6181 7025 1
7025 9787 1
5171 7984 1
7984 2576 1
2576 8408 1
8408 4407 2
2073 9006 1
9006 8578 1
8578 2576 1
4790 8103 1
8103 8582 1
4110 3761 1
3761 6672 1
3761 1864 1
1864 1761 1
6067 4848 1
9386 2809 1
3011 2820 1
2820 2543 1
2543 6013 1
6013 8870 1
8870 3787 1
8921 4714 1
9772 9452 1
9452 5497 1
5497 8281 1
8741 9799 1
9799 3154 1
3154 1166 1
1825 2018 1
674 1043 1
1043 2426 1
2426 8582 1
8582 1294 1
1294 502 1
4789 1826 1
1826 9386 1
9386 8870 1
4090 6777 1
3761 4905 1
4905 940 1
986 3761 1
8350 8355 1
8355 4492 1
4492 4414 1
4414 5245 1
5245 2543 1
2543 5596 1
4911 502 1
2695 4249 1
4249 8801 1
7701 9362 1
9362 2694 1
2694 371 1
371 8529 1
8529 691 1
691 9520 1
9520 2097 1
2097 1701 1
2819 250 1
250 4788 1
8681 2402 1
2402 3746 1
3746 1174 1
1174 9587 1
9587 4018 1
4018 4789 1
2576 654 1
654 2802 1
1701 4163 1
4163 5259 1
6436 4646 2
4646 9173 1
9173 5457 1
5457 4788 1
2056 3709 1
4788 6575 1
6575 2585 1
77 5259 1
5259 8276 1
8276 5058 1
5058 6954 1
4788 439 1
439 6017 1
6017 4940 1
8413 8678 1
502 2042 1
2042 8678 1
502 9406 1
9406 4788 1
453 1734 2
7559 6252 1
4908 3600 1
6145 6110 1
2819 6520 1
6520 6681 1
6681 8824 1
8824 8744 1
2865 2543 1
7945 8216 1
8216 8591 1
7918 4237 1
4237 8576 1
2819 4042 1
4042 621 1
621 2934 1
2934 2121 1
2730 8744 1
2865 494 1
494 622 1
622 4725 1
4725 5487 1
621 8678 1
9417 9187 1
9187 4716 1
4716 3011 1
483 8216 1
8216 2543 1
2543 3235 1
3235 136 1
136 2576 1
269 1 1
3011 3235 2
3235 8521 1
7540 8525 1
8525 4790 1
4790 3600 1
3600 8742 1
2056 2416 1
2416 2543 1
2543 8582 1
4575 3205 1
7941 2819 1
482 9478 1
9478 3787 1
3154 1597 1
1597 8806 1
8806 6017 1
6017 1568 1
1568 6373 1
6373 2018 1
4788 7008 1
7008 9038 1
7701 3597 1
3597 8245 1
8245 2121 1
5155 4226 1
4226 5259 1
5259 3154 1
3154 155 1
8136 828 1
828 5687 1
5687 241 1
241 2819 1
494 1701 1
4788 875 1
875 8969 1
8084 7695 1
7695 8031 1
8031 9025 1
9025 2802 1
3074 8777 1
8777 4153 1
3857 691 1
691 7487 1
7487 1575 1
494 5365 1
5365 502 1
5424 9025 1
9025 2576 1
3235 3274 1
3274 1701 1
4788 1014 1
1648 5046 1
5046 502 1
502 1735 1
1735 7613 1
7613 9537 1
9537 5386 1
5386 494 1
494 2627 1
2627 3865 1
1342 1205 1
3787 8744 1
2865 4420 1
3205 5345 1
5345 4805 1
4805 2056 1
2056 8543 1
8543 3761 1
4790 6673 1
6673 8415 1
8415 7324 1
7324 2065 1
2065 3761 1
1941 1577 1
986 4918 1
8704 4464 1
4464 6613 1
8582 4345 1
4345 1906 1
1906 4805 1
4805 4374 1
7540 4678 1
4678 5596 1
3074 621 1
4086 7030 1
7030 494 1
9131 2256 1
2256 6436 1
4903 1701 1
9238 8626 1
968 1988 1
9302 7053 1
1597 9012 1
9012 5429 1
3787 2328 1
2328 5454 1
5454 9587 1
9587 9401 1
9401 6613 1
6613 3016 1
3016 2121 1
7666 139 1
5936 4388 1
4961 5497 1
8741 6871 1
6871 6672 1
6672 9585 1
5687 5454 1
5454 3787 1
7694 6687 1
1701 6967 1
6967 502 1
1297 2576 1
7734 2576 1
4460 2819 1
4788 9131 1
9131 6687 1
6687 7734 1
7734 8873 1
2056 6690 1
9408 1916 1
1916 2576 2
4209 8649 1
8741 945 1
945 8087 1
8087 7540 1
8637 6052 1
6052 6575 1
2121 46 1
46 5435 6
9714 8268 1
9787 6345 1
6345 4048 1
9585 2845 1
2814 4289 1
4790 1889 1
1738 3245 1
7900 7135 1
7135 6996 1
3578 2819 1
8702 2310 1
2310 5500 1
5500 506 1
506 63 1
63 8001 1
8001 8856 1
8856 5936 1
5936 4463 1
9772 7664 1
7664 2611 1
2611 502 1
7945 4940 1
4940 3016 1
9709 3011 1
3011 3474 1
3474 8059 1
8059 154 1
2595 8853 1
8853 1613 1
1613 4463 1
2056 1834 1
1834 7936 1
7936 2611 1
2611 9530 1
9530 7936 1
7936 5171 1
8252 8745 1
2576 46 1
5435 3761 2
3761 9136 1
1919 875 1
875 5867 1
5867 8577 1
8577 9587 1
9587 9025 1
9025 4534 1
4534 5460 1
5460 7540 1
7666 3537 1
3537 4789 1
4789 4908 1
4908 750 1
8856 1 1
4788 8985 1
8985 5123 1
4789 3144 3
3144 3761 1
3761 6582 1
764 8577 1
9773 6435 1
6435 7799 1
3635 8741 1
8741 2802 1
8337 3761 3
3761 6378 1
7666 6484 1
6484 9772 1
1651 6987 1
6987 1375 1
1375 7559 1
4464 5909 1
2576 6296 1
6296 4407 2
4790 133 1
133 8622 1
8622 4222 1
4222 5912 1
5912 4790 1
9012 6160 1
3761 7569 1
4575 2407 1
2407 3761 1
8702 5504 1
5504 4407 1
8577 2662 1
2662 2576 1
6497 7405 1
8803 4086 1
6363 4790 1
8741 1767 1
1767 2576 1
2576 4159 1
4159 9585 1
764 7405 1
7405 4373 1
6377 4790 1
4090 1019 2
1019 4373 1
7540 9509 1
9509 8392 1
8392 4388 1
6417 8582 1
4575 6110 1
4086 8798 1
8798 2576 2
2576 9384 1
9384 5500 1
5500 4737 2
4737 8069 1
8069 9627 1
9627 2576 1
2400 4373 1
764 3562 1
8626 4248 1
4248 4601 1
4601 4788 1
825 2721 1
2721 9787 1
2694 8741 1
8741 6892 1
6892 8741 1
9587 5500 1
5500 6789 1
6789 8873 1
1033 6417 1
6417 668 1
668 6391 1
6391 840 1
840 3683 1
8681 6436 1
8582 4683 1
4683 691 1
6132 1740 1
3938 7540 1
8847 8249 1
8249 2576 2
2576 8085 1
8847 8946 1
6362 2843 1
4575 4714 1
4714 1762 1
1762 8847 1
8847 7936 1
7936 8847 1
7559 2751 1
4789 7463 1
7463 8847 1
8847 6798 1
6798 502 1
502 5899 2
5899 2802 1
2802 3695 1
3695 3752 1
3752 2576 1
5791 8873 1
3144 1566 1
8136 1919 1
1919 4336 1
6189 4789 1
5683 3787 1
9250 8582 1
9585 9419 1
9419 7678 1
7678 2595 1
1826 1160 1
3144 5985 1
5985 8847 1
8847 3391 1
9587 5049 1
5049 46 1
2576 5732 2
5732 4788 2
4788 8028 1
8028 5596 1
5596 2341 1
2341 5230 2
1605 4445 1
4407 2812 1
482 5049 1
5049 5435 2
8064 5460 1
5460 1566 1
8847 4392 1
2121 7936 1
7936 2018 1
2576 5342 1
5342 9787 1
9787 5340 1
5340 4090 1
8369 4336 1
695 1925 1
9585 7842 1
7842 7540 1
4090 8691 1
8691 1 1
1 8689 1
1128 3761 2
3761 4655 1
4655 502 1
621 7945 1
7945 2753 1
1805 4090 2
8678 8926 1
8926 3358 1
3761 3247 1
3247 2686 1
8847 1918 1
3683 7328 1
7328 8576 1
8847 8069 1
494 6581 1
6581 4445 1
386 8249 1
2576 8545 1
8545 7463 1
7463 7936 1
7936 3245 1
8683 3537 1
3537 1701 1
4788 3537 2
3537 8149 1
4622 1734 1
9773 7463 1
7463 6570 1
6570 3144 1
3144 9787 1
9787 5745 1
5745 8873 1
7556 8847 2
8050 2555 1
2555 4918 1
9362 6110 1
1701 9000 1
9000 5123 1
5123 4445 1
9787 3793 1
3793 5460 1
5460 1701 2
1701 8126 1
9077 9772 1
9772 9614 1
9614 2802 1
6145 9587 1
9587 2417 1
2417 3600 1
3600 5341 1
5341 4788 1
3537 1 1
1701 4514 1
4514 502 1
3761 8880 1
8880 1037 1
748 2292 1
7701 3244 1
9585 143 1
143 2595 1
8856 8532 1
8532 977 1
977 5622 1
5622 502 1
4903 2018 1
2018 154 1
154 3124 1
2576 6580 1
6580 4788 1
8547 1037 1
7036 2253 1
2253 2686 1
2056 4186 1
4186 8741 1
8741 3961 1
3961 46 1
9787 8339 1
8339 4439 1
4439 5460 1
5460 8873 1
8873 3752 1
3752 5342 1
5342 7936 1
7936 5049 1
5435 3252 1
4788 7823 1
7823 2341 1
9772 2559 2
2559 223 1
223 2537 1
2537 4090 1
4090 1908 1
1908 1375 1
4464 4090 1
4090 2608 2
2608 1062 2
3761 6537 2
1605 2657 1
2657 9531 1
9531 7540 1
1597 5320 1
5320 5596 1
4790 3143 1
3143 3154 1
3154 3993 1
3993 8741 1
8741 8064 1
3207 8279 1
8279 2024 1
1605 9622 1
9395 2657 1
2657 1505 2
1505 2751 1
2751 8626 1
2056 9439 1
9439 4343 1
4343 9585 1
9585 7732 1
7732 9303 1
9303 6436 1
568 9008 1
9008 2018 1
482 621 1
494 5900 1
5900 6459 1
6459 3154 1
3154 6151 1
6151 1084 1
1084 482 1
482 2664 1
2576 7410 1
7410 5497 1
5497 817 1
817 3823 1
4790 8969 1
8969 3833 1
3833 371 1
371 8413 1
8413 3787 1
7556 8369 1
8702 9378 1
9378 1605 1
1605 9587 1
4789 8742 1
2056 994 1
996 90 1
90 2018 1
2018 9589 1
9589 5200 1
5200 4789 1
4789 8685 1
8685 989 1
3200 9254 2
9254 2018 1
3247 1738 1
4789 4257 1
4257 1882 1
1648 8678 1
7569 4789 1
7402 8244 1
8244 1375 1
977 2812 1
9585 7763 1
7763 8956 1
8956 2821 1
2821 4796 1
6189 4257 1
4257 4561 1
4561 3216 1
9254 2469 1
2469 6384 1
9520 4807 1
4569 3787 1
2806 8870 1
8870 7540 2
7540 5357 1
5357 4561 1
4561 4840 1
4840 3880 1
8031 995 1
995 4789 1
404 3404 1
3404 502 1
7978 8577 1
8577 7773 1
7773 4701 1
4701 4439 1
2819 8259 1
8259 2298 1
2298 8741 1
8741 1651 1
2592 6398 1
9585 4402 2
9414 4222 1
4727 2576 1
9772 1793 1
1793 5900 1
5900 9453 1
9453 6582 1
3761 3581 1
3663 4030 1
4030 6052 1
6052 5683 1
9212 343 1
343 9312 1
9312 8576 1
8319 5632 1
3761 5503 1
5503 3787 1
9250 2802 1
7292 8873 1
9012 2627 1
2627 1919 1
1919 5435 1
4790 7271 1
7271 2121 1
9016 3761 3
3761 7956 3
4438 6629 1
494 2802 1
2802 4464 1
4464 1605 1
1605 2900 1
2900 8741 1
8741 8278 1
8278 4182 1
4182 5300 1
7292 762 1
5497 6947 2
4142 6143 1
6143 8391 1
8391 8873 1
2212 1605 1
1605 3190 1
8216 5911 1
4788 46 1
5435 2121 1
2559 4090 1
9417 4736 1
4736 1062 1
1062 9178 1
9178 9630 1
9630 5135 1
5135 1411 1
1411 6454 1
7540 2704 2
2704 8648 4
8648 8050 1
1141 7705 1
4439 139 1
4789 7008 1
7008 9012 1
1062 2412 1
2412 3855 1
494 6110 1
9772 7773 1
4789 825 1
825 245 1
245 1177 1
1177 3729 1
3729 7666 1
7666 6363 1
6363 9787 1
9787 6568 1
9773 9630 1
9630 4407 1
9787 2191 1
2191 8073 1
9417 5833 1
5833 3683 1
4076 8031 1
8031 9546 1
9546 2093 1
2093 1 1
6189 7559 1
7559 7408 1
7408 1101 1
1101 17 1
17 4790 1
4790 2308 1
2308 4790 1
4790 6698 1
6698 6181 1
7540 7702 1
7702 7435 1
7435 502 1
5899 5323 1
5323 9530 2
9530 2142 1
2142 5070 1
5070 5048 1
5048 2304 1
2304 9362 1
8094 8873 1
1062 139 1
8923 9772 1
6523 1673 1
4233 502 1
2576 2442 1
2442 502 1
502 2082 1
2082 8795 1
8795 2018 1
2292 2853 1
2853 4796 1
4796 750 1
750 9772 1
9787 2135 1
2135 4659 1
4659 2819 1
5606 9175 1
9175 7768 1
7768 5819 1
494 7244 1
7244 9469 1
9469 139 1
3727 6181 1
6181 5661 2
5661 2341 1
2576 5285 1
5285 8591 1
621 1738 1
2007 6160 1
6160 2691 1
1062 9041 1
9041 502 1
4790 2351 1
2351 9589 1
4216 2576 1
1395 5429 1
6834 4090 1
4446 4373 1
2843 3841 1
3841 3209 1
3209 8105 1
2175 6398 1
6398 2576 1
7701 2270 1
2270 5765 1
7388 3394 1
3394 7513 1
7513 3761 1
6711 4172 1
4172 968 1
6928 4895 1
4895 8577 1
8577 5481 1
3154 4020 1
4020 8069 1
8069 2761 1
2761 594 1
3683 5801 1
5801 2802 1
3761 2408 1
2408 621 1
502 8415 1
8415 8764 1
7559 4128 1
4128 802 1
802 1991 1
8869 4090 1
4090 4981 1
4981 7701 1
5547 9816 1
8741 9397 1
9397 3358 1
4415 2686 1
2056 530 1
530 4415 1
4415 8742 1
6109 8216 1
8216 4090 1
4638 6672 1
6672 1121 1
1121 621 1
9773 8764 1
8764 3761 1
7916 1577 1
6111 45 1
45 4425 1
4425 5435 1
5435 5909 1
482 4402 1
4402 4414 1
4414 2595 1
2595 5687 1
5687 7299 1
7299 8576 1
2819 8092 1
8092 5435 1
5435 494 1
3503 8350 1
8350 9520 1
9520 3069 1
3069 1919 1
1919 5684 1
5684 1738 1
5902 3347 1
8870 594 1
8378 3761 1
3761 6133 1
6133 8278 1
762 1738 1
7559 5586 1
5586 2336 1
2336 8591 1
479 8542 1
6591 5049 1
5049 4790 1
2576 3356 1
3356 8216 2
5902 1601 1
1601 1016 1
1016 8741 1
8741 4699 1
502 6221 1
6221 4790 1
4790 5460 1
5460 8870 2
2576 3845 1
3845 8542 1
6591 3622 1
3622 8050 1
9012 1609 1
1609 502 1
549 4916 1
2056 3522 1
3522 9787 3
9787 3932 1
3932 2668 1
2668 4788 1
4788 3065 1
3065 3787 1
3787 3492 1
3341 4962 1
8681 8847 1
2555 4909 1
7540 3341 1
3341 502 1
5586 6189 1
494 4558 1
155 3522 1
3522 2292 1
2292 9787 1
2056 5614 1
5614 7701 1
7701 3978 1
3978 3387 1
3387 7586 1
7586 9414 1
3727 8278 1
2576 9791 1
8847 4209 1
4209 2054 1
2054 9787 2
2056 5080 3
5080 3791 1
3791 8126 1
8126 5460 1
2627 9614 1
9614 3154 1
3154 2289 1
2289 4788 1
4788 7449 1
7449 3537 2
3537 6186 1
2024 6520 1
6520 335 1
335 6006 1
6006 2576 1
8985 2121 1
2121 3066 1
3066 7540 1
8847 9791 1
9362 7540 1
4788 1148 1
5080 4586 1
5586 3276 1
3276 3522 2
3522 579 1
7540 6094 1
6094 3259 1
3259 3327 1
4909 2453 1
3341 9787 1
9787 2218 1
7635 4076 1
4921 654 1
654 5497 1
311 1874 1
1874 9012 1
9012 5488 1
5488 5282 1
5282 9768 1
549 5497 1
5497 9791 2
3825 8870 1
7556 7540 1
7635 5497 1
5497 8229 2
8229 8491 1
8491 3341 1
7540 3522 3
3522 502 2
9787 3848 1
3550 8870 1
8870 8926 1
8268 8847 1
5586 8745 1
8459 9585 1
4402 8586 1
8586 4402 1
4402 8745 1
2056 4223 1
4223 2406 1
8683 8847 1
8847 9397 1
5586 1566 1
8582 5800 1
5800 968 1
968 6296 1
2552 8459 1
8459 8847 1
2552 8075 1
1648 6296 1
1648 8870 1
7556 2992 1
2992 1062 1
7678 9787 1
8582 2993 1
2993 4789 1
9787 4974 1
4646 4605 1
4605 4789 1
4789 482 1
2056 854 1
4789 6785 1
6785 8576 1
3666 4254 1
4254 8065 1
8065 9585 1
4789 5989 1
5989 7695 1
7695 5694 1
5694 6275 1
6275 750 1
9587 5085 1
9555 8392 1
8392 8870 1
4632 7406 1
7406 8712 1
8712 2592 1
8847 9698 1
9698 5497 1
5497 2850 1
2850 4275 1
4275 8847 1
8847 1651 1
5085 8847 1
8847 7222 1
9520 7195 1
7195 9585 1
8847 2309 1
2309 4789 1
4789 1770 1
1770 9787 1
7569 1605 1
9038 3391 1
9787 4968 1
4968 4790 1
2273 2802 1
8980 4789 1
5351 1466 1
1466 8591 1
8591 8059 1
8059 5497 1
3581 7018 1
7018 8170 1
8170 9305 1
9305 2809 1
3154 2694 1
7695 8082 1
8082 1951 1
1951 8576 1
9585 1746 1
1738 5282 1
5282 8440 1
8440 9787 1
4788 4833 1
4833 4210 1
2595 7773 1
9787 9305 1
9305 566 1
566 1918 1
1918 943 1
943 7095 1
7095 1037 1
4790 9593 1
7917 4090 2
2576 9420 1
9420 8320 1
9772 7873 1
4790 6092 1
6092 8008 1
8008 4726 1
4726 2846 1
4110 4796 1
4790 8678 1
1651 8029 1
8029 9696 1
9696 3851 1
3851 4790 1
1408 6258 1
6258 1014 1
4701 8440 1
2576 9158 1
1919 600 1
600 6971 1
6971 7666 1
8685 9593 1
8600 4407 1
3578 4090 1
4090 8029 1
9587 8870 1
7556 6519 1
6519 7858 1
2576 9589 1
9589 7540 1
7694 3980 1
3980 4995 1
4995 482 1
4960 8582 1
7168 1960 1
1960 5797 1
8209 9587 1
9587 8880 1
5123 2802 1
3761 9535 1
9535 9012 1
9012 5370 1
5370 2576 1
2576 656 1
656 8637 1
8637 9458 1
9458 1382 1
1382 7569 1
7569 4797 1
4797 9660 1
9660 3761 1
7900 4090 1
4090 3558 1
3558 4373 1
3641 8985 1
8985 7540 1
1701 6384 2
3693 1128 1
2595 8645 2
8645 2576 2
5080 7559 1
7559 7211 1
7211 7068 1
9630 3911 1
3911 8870 1
8870 6519 2
2576 4073 1
4073 9787 1
9787 1847 1
1847 9787 1
8184 1568 1
4789 3857 1
3857 4961 1
4961 8576 1
7559 4069 1
502 622 1
622 8767 1
8767 4042 1
4042 881 1
881 8168 1
8168 9303 1
9303 5911 1
3600 4210 1
9417 7715 1
9362 1701 3
9212 8591 2
8591 2389 2
2389 1734 1
1734 7068 1
9630 9227 1
5930 4918 1
3641 1919 1
2056 8975 1
8975 4790 1
4790 9042 1
9042 9585 1
9585 9582 1
9582 6134 1
6134 3679 1
3679 2754 1
2754 1651 1
621 4552 1
4552 7768 1
7768 3154 1
1818 7941 1
7941 334 1
334 4665 1
4665 4716 1
9772 8870 1
8870 6628 1
7540 7313 1
7313 1 1
8413 5497 1
8621 6687 1
6687 136 1
136 1916 1
7917 5657 1
5657 502 1
3063 8317 1
1037 2047 1
2047 8576 1
3074 3522 1
3522 4073 1
4073 8607 1
8607 2576 1
4791 6178 1
6178 8873 1
5497 2449 1
2449 4701 1
2595 9305 1
9305 6200 1
6200 7666 1
7666 7497 2
7497 903 1
903 5974 1
5974 3859 1
3859 7715 1
2389 8683 1
8683 7066 1
7066 4940 1
9038 9182 1
6333 9787 1
4090 9379 1
9379 3787 1
3787 3393 2
3393 1175 1
1175 2664 1
2664 9696 1
9696 2668 1
3522 8870 1
7556 8926 1
4788 5507 1
5507 2819 1
2819 5920 2
5920 2576 1
997 6288 1
8582 7695 1
7695 7540 1
7374 8873 1
3807 911 1
3680 2819 1
2819 351 1
351 7678 1
7678 3680 1
3680 1253 1
1253 8873 1
6642 9209 1
8582 4253 1
4253 9291 1
8870 5497 1
8229 8160 1
8160 7540 1
9787 9696 1
9696 8926 1
4789 3341 1
3341 2576 1
2024 3065 1
3065 3522 1
3522 4789 1
4789 3190 1
3190 8359 1
8359 9787 1
7799 2843 1
2843 8847 1
4714 8545 1
986 5171 1
298 351 1
7949 9507 1
9507 5487 1
5487 3761 1
556 8637 1
1 4334 1
4334 4389 1
6662 4701 1
4701 3011 1
8925 8873 1
3393 3522 1
8847 3389 1
3389 6189 1
4791 5497 1
5497 9448 1
2887 6226 1
8064 3680 1
3680 90 1
1853 3683 1
1420 5137 1
7799 8288 1
9585 9397 1
5586 2121 1
2121 3341 1
8683 4373 1
4373 9609 1
9609 4090 1
235 8637 1
8637 3520 1
3520 7715 1
5824 9787 1
9250 502 1
9012 3811 1
3811 1 1
3550 8278 1
6692 141 1
141 3787 1
2802 9605 1
9605 8591 1
857 3391 1
8798 502 1
494 4637 1
4637 4407 1
3075 8149 1
8637 3859 1
3641 8576 1
1826 5900 1
5900 9517 1
7497 6436 1
9772 2604 1
2604 1360 1
4788 2393 1
2393 4940 1
3727 930 1
8637 5783 1
5783 90 1
90 1333 1
482 3679 1
494 4076 1
4076 1651 1
1651 8024 1
8024 9787 1
2406 8059 1
2501 881 1
881 5160 2
5160 9517 1
1606 2041 1
4222 5039 1
5039 4233 1
4233 5770 1
4090 3618 2
3618 8734 1
8734 9787 1
4788 1326 1
1701 820 1
7559 8611 1
8611 3412 1
3412 8369 1
8702 6907 1
6907 7498 1
4788 1883 1
1883 4788 1
9012 4697 1
4086 6484 1
6484 2256 1
2256 3761 1
7715 1222 1
1222 5112 1
2576 2135 1
2135 6006 1
6006 2819 1
1605 9628 1
9628 9459 1
9459 8694 3
9517 3248 1
3248 4076 1
4076 819 1
819 7540 2
7540 2304 1
556 1394 1
6519 7222 1
4336 1605 1
1605 2341 1
2988 2552 1
2341 4317 1
4317 2595 1
2304 1062 1
494 5653 1
5653 7066 1
7066 2501 1
4790 4968 1
4968 1605 1
1605 1019 1
1019 4790 1
4790 7496 1
1240 4911 1
4911 8271 1
8271 5497 1
8171 7053 1
7053 289 1
289 3787 1
3787 5227 1
5227 2576 1
494 6618 2
6618 4090 1
3358 7066 1
7066 4317 1
3761 7091 1
7091 9420 1
9420 9611 1
3761 5819 1
3761 5882 1
5882 2129 1
2129 5596 1
3205 3761 1
311 2751 1
2751 9773 1
9773 3514 1
3514 490 1
490 2576 1
2576 224 1
224 9718 1
9718 1148 1
1148 7823 1
9395 6676 1
6676 5497 1
5497 7273 1
7273 8704 1
1701 5883 1
5883 938 1
8741 6538 1
6538 4086 1
4086 5108 1
5108 5182 1
9605 3761 1
7956 4108 1
4108 9618 1
9618 9628 1
6189 3787 1
9483 5661 1
5497 6522 1
6522 8704 1
8704 4916 1
2819 731 1
731 4788 1
7559 6583 1
6583 7999 1
7999 7823 1
9735 4407 1
4407 2637 1
2637 1560 1
3734 4402 1
7134 4484 1
4788 9726 1
9726 4632 1
6618 5819 1
5819 9628 1
9628 4090 1
4090 7993 1
7993 502 1
502 4982 1
4982 1 1
6523 1269 1
502 2376 1
2376 9175 1
9175 6092 1
6092 8576 1
1701 2592 1
2592 938 1
938 1 1
494 6111 1
6111 6550 1
2802 9735 1
1605 8741 1
1807 6618 1
2802 9628 1
9628 7104 1
7104 5497 1
8171 502 1
7160 3974 1
3974 3911 1
3911 4790 1
4790 7993 1
7993 8683 1
4788 5606 1
5606 3761 1
4317 8698 1
8698 9176 1
9176 7768 1
7768 1269 1
1269 3761 1
3761 1222 1
4090 5883 1
5883 3245 1
3245 7700 1
7700 1979 1
1979 265 1
265 6698 1
6698 2802 1
2802 2121 1
390 1562 1
1562 1918 1
2121 1918 1
1918 7917 1
7917 2703 1
2703 2592 1
5497 796 1
8789 1746 1
1738 2142 1
1701 311 1
311 5323 1
4407 447 1
447 8704 1
8704 2467 1
2121 2846 1
2846 8505 1
8505 3787 1
604 5316 1
5316 9182 1
6443 9628 1
9628 4788 1
4788 1161 1
494 8174 1
8174 4090 1
6582 1818 1
1818 3581 1
6347 9587 1
9587 5128 1
5128 6436 1
9772 8505 1
8505 8773 1
8773 2576 1
2576 4523 1
4523 8702 1
9189 8741 1
8741 6563 1
6563 2802 1
6983 5497 1
5497 4086 1
7897 2819 1
2819 7106 1
7106 904 1
904 3245 1
8591 4966 1
9787 1241 1
1241 3761 1
7197 4402 1
4962 2576 1
2576 750 1
8741 6983 1
6983 8985 1
8985 8576 1
8576 490 1
490 9585 1
8702 7017 1
7017 8873 1
3761 2288 1
2288 3761 1
2819 7901 1
9209 9459 1
8694 128 1
7106 4317 1
4317 1240 1
9459 7460 1
7460 6977 1
6977 7540 1
7540 7665 1
7665 7654 1
7654 2576 1
2576 2114 1
2114 6804 1
6804 3639 1
9182 3197 1
3197 930 1
4790 3975 1
7388 1188 1
1188 7851 1
7851 8045 1
8045 5584 1
5584 490 1
490 6443 1
6443 3761 1
9414 4789 1
7956 8576 1
2819 6426 1
6426 494 1
502 7571 1
7571 2576 2
2576 1518 1
1518 3200 1
3200 3761 1
3702 9066 1
9066 5497 1
8790 555 1
555 2802 1
2802 9288 1
9288 1734 1
1734 7360 1
7360 9380 1
9380 3011 1
3011 5584 1
5584 6252 1
9012 3761 1
3761 4032 1
4032 3761 1
3761 6724 1
6724 7619 1
3278 6846 1
6846 4789 1
4789 3639 1
2430 5503 1
7901 1037 1
8045 494 1
8626 2341 1
2341 1734 1
7666 3300 1
3300 4090 1
4090 7287 1
7287 7066 1
6052 4714 1
4714 4790 1
4790 3248 1
3248 1188 1
1188 2576 1
4790 154 1
154 6954 1
3761 2276 1
2276 7569 1
7569 269 1
3300 502 1
2547 8045 1
8045 1 1
4916 4790 1
4552 8879 1
9585 3209 1
7666 4392 1
3939 6011 1
6011 9521 1
9521 4790 1
4790 5157 1
5157 2713 1
2713 8045 1
4916 3391 1
3642 9587 1
9587 7540 1
3761 5802 1
5802 2576 1
9209 6954 1
939 1326 1
1326 7957 1
7957 9716 1
1304 8683 1
4840 6983 1
141 1001 1
4790 547 1
2576 1743 1
1743 9611 1
1738 9288 1
9288 7619 1
7619 5123 1
5123 3983 1
3983 7823 1
7823 3278 1
3278 2802 1
2802 3600 2
9621 8269 1
1495 2595 1
7780 3975 1
7388 6676 1
6676 8320 1
8320 2819 1
3495 9717 1
9717 5076 1
3787 2595 1
2595 7537 1
7537 7320 1
6756 9012 1
8228 1495 1
1495 2802 1
4925 1326 1
4069 3683 1
3683 5481 1
4086 6426 1
6426 3787 1
218 5317 1
5317 2576 1
2576 5286 1
5286 1918 1
3501 5497 1
8964 810 1
9773 1839 1
3761 7886 1
3911 8069 1
8069 2121 1
2121 3582 1
3582 3011 1
1037 681 1
1925 1701 1
9517 7509 1
494 4124 1
4124 1 1
556 2843 2
2843 3395 1
3395 9721 1
9721 3761 1
3761 1134 1
1134 1333 1
1333 4789 1
494 571 1
571 2214 1
2214 2576 1
2576 571 1
571 1062 1
5895 5769 1
8582 2367 1
2367 2576 1
2576 333 1
333 5453 1
5453 2819 1
9773 4962 1
4315 7043 1
7043 4407 1
4407 386 1
621 7046 1
8741 8576 1
502 2684 1
2684 4415 1
4415 6015 1
6015 6977 1
6977 3154 1
2576 2395 1
2395 9024 1
6256 9585 2
9585 356 1
1958 8873 1
4317 4881 1
4881 7216 1
7216 6674 1
6674 8741 1
8741 7782 1
7782 379 1
379 3209 1
4789 8205 1
8205 3207 1
3207 3761 1
7169 4701 1
2595 4737 1
8591 7487 1
7487 1346 1
1346 1734 1
482 5296 1
5296 7216 1
7216 8741 1
8741 5170 1
5170 4069 1
502 7782 1
802 997 1
997 5598 1
5598 8557 1
8557 9773 1
9773 8810 1
8810 9787 1
7559 7694 1
7694 7701 1
7701 5297 1
5297 4090 1
3618 8702 1
5497 6988 1
6988 5113 1
5113 2086 1
2086 5481 1
2576 9211 1
9211 3761 1
3761 5500 1
371 8971 1
8971 4445 1
4445 2056 1
1062 5130 1
5130 2086 1
3761 2682 1
2682 9212 1
3358 7371 1
7371 2041 1
968 3474 1
3474 8683 1
8683 482 1
4788 280 1
280 4090 1
4090 8400 2
8400 9332 1
9332 8547 1
8547 7678 1
7678 3474 1
3474 797 1
797 4433 1
4433 3787 1
4102 4339 1
4339 3761 1
3761 8909 1
8909 482 1
2121 1482 1
1482 930 1
3396 9585 1
9585 6870 1
6870 3468 1
482 5576 1
5576 5130 1
5130 2056 1
2056 7851 1
7851 1394 1
1701 4714 1
4714 750 1
9587 5120 1
4940 4925 2
4925 8076 1
8076 1918 1
2576 7149 1
7149 5740 1
5740 7540 1
4445 1701 1
4962 930 1
1651 1333 1
6436 4788 1
4788 4870 1
4870 5729 1
482 2838 1
1919 3505 1
3505 7073 1
8683 8211 1
8211 9787 1
9787 6189 1
9585 4209 1
4209 819 1
1800 3154 2
3154 4448 1
4448 9587 1
9587 9256 1
2121 7219 1
7219 7073 1
7073 3727 1
9414 3505 1
2819 8741 2
8110 7073 1
7073 5557 1
5557 482 2
4788 9803 1
9803 7799 1
4090 5557 1
482 4445 1
8576 4350 1
3600 7799 1
7799 9589 1
5687 4336 1
4336 1333 1
4090 8788 2
8788 4373 1
155 1800 1
1800 2018 1
1577 9787 2
6520 2501 1
2501 6857 1
6857 9459 1
9459 8163 1
8163 1399 1
9585 1960 1
1701 4395 1
3469 210 1
210 2576 1
4068 7918 1
2843 4790 1
1037 4170 1
4170 8873 1
9787 6275 1
6275 7298 1
2056 5081 1
5081 2121 1
2121 1800 1
1800 4788 3
494 2918 1
2918 6891 1
6891 4407 1
4090 5635 1
5635 2576 1
3600 8683 1
7559 5120 1
3761 411 1
411 4407 1
4090 6776 1
940 695 1
9012 9158 1
9158 502 1
9515 8741 1
9006 4289 1
9417 6455 1
8557 1800 1
1800 8678 1
8678 9214 1
9214 9772 1
7540 3857 2
3857 9675 1
9675 7952 1
765 7210 1
1443 1800 1
3063 2428 1
2428 2121 1
1605 2180 1
2180 4788 1
5851 1360 1
2406 5837 1
494 4235 1
4235 2819 1
2819 3675 1
3675 8683 1
8683 1594 1
7498 3163 1
3163 5900 1
5900 2561 1
2561 786 1
786 4788 1
4788 643 1
5497 7160 1
2258 6095 1
4090 6956 1
6956 6997 1
6997 1 1
1 6151 1
6151 3580 1
3580 3787 1
6295 8576 1
9587 7593 1
7593 4788 1
8689 2430 1
2430 4648 1
4648 4788 1
4788 8319 1
8319 2576 1
4788 2896 1
6925 7420 1
7420 6570 1
6570 8847 1
8847 803 1
803 4790 1
2819 1865 1
4788 8296 1
8296 9773 1
8184 4788 1
946 8576 1
8576 1649 1
1649 977 1
9787 4489 1
4489 1177 1
9773 2715 1
2715 2576 1
494 8271 1
3342 3011 1
9585 1800 1
1800 2022 1
2022 2576 1
7874 8591 1
5819 1800 1
1800 4090 2
8962 4586 1
4586 1800 1
7210 6776 1
9787 940 2
940 5171 1
3637 8326 1
8326 9787 1
9585 1057 1
634 2012 1
2012 7540 1
414 5155 1
5155 3787 1
3787 2742 1
2742 4925 1
4925 8591 1
4020 4701 1
2490 5066 1
5066 155 1
8136 476 1
476 4940 1
4940 386 1
3276 5481 1
7269 5339 1
5339 4407 1
4407 4752 1
5930 414 1
414 502 1
8139 2851 1
2851 2466 1
2466 2121 1
7497 1738 1
8741 4220 1
4220 9585 1
4791 1241 1
1241 2576 1
6858 1800 1
1800 187 1
187 5080 1
7433 1150 1
1150 414 1
568 7716 1
7716 4090 1
1394 4392 1
7918 6687 1
5497 2013 1
2013 8576 1
7331 594 1
594 634 1
634 1831 1
7694 6685 1
8561 4086 1
4086 7451 1
7451 3245 1
8582 524 1
524 7451 1
7451 9303 1
9303 9585 1
2107 4148 1
4148 5112 1
8658 930 1
2819 2292 2
2292 1800 1
3641 6437 1
6437 8576 1
2056 7497 1
7497 4788 1
4788 5729 1
5729 4090 1
8139 8408 1
8408 8139 1
8139 4364 1
7799 6726 1
6726 7701 1
4430 1800 1
4788 2222 1
9324 2453 1
7701 1858 1
1858 3799 1
3799 2716 1
2576 5298 1
5298 6570 1
6570 1 1
6996 3683 1
9515 4090 1
5998 6251 1
6251 9767 1
9767 4788 1
9773 9515 1
9515 1402 1
1402 1734 1
1734 4701 1
1734 1610 1
1610 4737 1
4090 185 1
185 9787 1
404 8460 1
4235 1048 1
1048 2819 1
2056 8576 1
8576 1048 1
1048 4445 1
7540 7770 5
4086 7497 1
5769 8685 1
8685 8530 1
9517 930 1
1800 6143 1
6143 4701 1
9515 4788 1
4788 6262 1
6262 4788 1
3668 5825 1
9414 5813 1
5813 7701 1
7701 8471 1
8471 3873 1
3873 1037 1
1037 3402 1
6633 4737 1
4737 2303 1
2303 3787 1
9469 1 1
6189 6520 1
6520 5989 1
5989 8992 1
8992 3683 1
9515 1800 1
4714 689 1
2576 8075 1
807 2686 1
2686 7210 1
7210 1919 1
3402 2686 1
2056 3911 2
9414 594 1
2576 5632 1
5632 9303 1
9303 2802 1
2802 4727 1
4727 4790 1
4790 8561 1
8561 9787 1
6194 2576 1
4636 1800 1
1800 2819 2
2819 7210 1
7210 5481 1
5481 6110 1
2056 5131 1
5131 8873 1
9791 993 1
993 333 1
2588 9787 1
7559 1850 1
1850 9585 2
8969 1150 1
1150 8741 1
8741 4415 1
8582 3127 1
3127 6812 1
6812 968 1
3154 8045 1
8045 1999 1
482 8780 1
8780 3542 1
3542 9359 1
9359 1850 1
2441 3787 1
1659 8777 1
9555 9585 1
3761 1648 1
7945 4350 1
4350 3761 1
2819 7213 1
7213 3787 1
3565 2576 1
4788 1101 2
1101 4086 1
4086 8574 1
8574 4336 1
4336 298 1
298 5845 1
5845 9787 1
7694 8069 1
4552 2501 1
2501 807 1
807 1800 1
2024 707 1
707 9787 1
5481 9420 1
9772 6520 1
482 442 1
442 941 1
941 8591 1
1048 3804 1
3787 1792 1
8723 7675 1
6026 7540 1
748 762 1
8658 3011 1
4788 1150 1
1150 8704 1
3761 2350 1
2350 4788 1
7900 2686 1
3581 4984 1
4984 1037 1
3761 2021 1
9006 1212 1
1212 4788 1
9787 2274 1
502 7925 1
7925 5508 1
5508 9711 1
9711 2595 1
421 9587 1
9419 4233 1
4233 1237 1
1237 2576 1
2576 6862 1
6862 7540 1
2674 2292 1
8123 1231 1
1231 9012 1
9012 8369 1
9787 3846 1
1408 6133 1
1826 1800 1
1800 4407 1
8591 7799 1
9038 3254 1
3254 4439 1
4439 2576 1
806 4714 1
6330 1734 1
1734 8704 1
8704 5740 1
7433 7328 1
7328 8582 1
9787 492 1
492 9628 1
9628 3973 1
8702 5534 1
5534 2121 1
8170 9072 1
9072 2819 1
2819 9611 1
4090 8967 1
8967 1408 1
2089 1988 1
9303 8926 1
4788 997 1
997 2819 1
8847 6832 1
6832 1037 1
968 4140 1
4140 8847 1
8847 9770 2
9770 9787 1
4090 6832 1
6832 3761 1
7770 1037 2
968 7211 1
7211 139 1
4142 1326 1
2576 3245 1
6858 524 1
524 8869 2
8869 8414 1
8414 8637 1
8637 235 1
235 9772 1
1648 8069 1
8069 3977 1
3977 8576 1
2819 4402 1
7949 3761 1
2592 8221 1
8221 7901 1
2576 8045 1
4790 1780 1
1780 2576 1
2576 6177 1
6177 3911 1
691 8683 1
9716 7116 1
7116 9621 1
9621 3761 1
6983 8824 1
8824 5027 2
5027 4788 1
4788 7957 1
7957 8582 1
3761 5348 1
8591 4402 1
5694 3761 1
3761 1807 1
1807 3188 1
3188 5497 1
8741 547 1
5076 1774 1
1581 530 1
8658 4407 1
3074 9201 1
9201 8278 1
8278 4317 1
4376 6671 1
8216 6862 1
6862 621 1
3761 5355 1
5355 4840 1
3787 2502 1
9024 4336 1
9585 4414 1
4414 7770 1
7770 5080 1
7075 502 1
502 6255 2
6255 3084 4
3084 1 1
3852 7116 1
7116 9589 1
8542 3761 1
4464 3787 1
3787 2175 1
8050 594 1
1831 1988 1
9302 2679 1
5080 748 1
3084 2121 1
2121 7770 2
7770 3154 1
4902 8978 1
8978 502 1
502 3084 1
3084 4737 1
4737 2435 1
2435 5435 1
2700 8870 1
7556 3154 2
494 5303 1
5303 8321 1
8321 3761 1
2054 8591 1
1807 7770 1
7770 4407 2
4090 9792 2
9792 1988 1
9302 4632 1
9585 1812 1
1812 2054 1
3938 2576 1
540 5765 1
5765 1831 1
8620 1 1
1 7770 3
7770 3011 1
3863 9698 1
9698 3727 1
3727 594 1
8946 8678 1
2021 5407 1
5407 2686 1
9787 9140 1
9140 9303 1
9303 5797 1
4552 7770 1
4407 8321 1
8321 4632 1
3390 2576 1
3859 2819 1
7851 594 1
3154 5171 1
5171 234 1
234 4086 1
4086 5109 1
5109 3011 1
6502 1831 1
1831 8870 1
7556 1738 1
8741 4574 1
4574 8926 1
9585 4073 1
4073 4716 1
4716 2576 2
7985 4789 1
4789 8024 1
8024 6583 1
9787 4543 1
9456 1 1
2430 5115 1
5115 9787 1
2121 726 1
726 4090 1
4714 4388 1
4388 379 1
379 2576 1
9585 2201 1
2201 7770 1
7770 5497 1
807 8582 1
2056 8817 1
8817 1826 1
494 5901 1
5901 9305 1
9305 2576 1
1037 4918 1
4918 4479 1
4479 1032 1
1032 2592 1
2592 4725 1
4725 7095 1
7095 8576 1
8582 1298 1
1298 9787 1
7956 7003 1
7003 621 1
621 8598 1
8598 6251 1
8332 1473 1
1473 9803 1
155 1608 1
1608 4789 1
7302 8576 1
3358 7754 1
7754 9302 2
9302 9787 1
4895 7405 1
1062 1672 1
1672 139 1
4788 6872 1
6872 8483 1
8483 9787 1
8683 2056 1
7799 7754 1
7754 1588 1
1588 556 1
8847 7754 1
7754 8576 1
930 7799 1
8082 9105 1
9105 9772 1
8637 5567 1
5567 502 1
1062 8483 1
8483 9772 1
1738 2815 1
2815 7405 1
7405 621 2
621 689 1
9419 9773 1
7569 8744 1
1594 4392 1
4392 8918 1
8918 7701 1
7701 9587 1
502 2510 1
2510 9084 2
9084 8337 1
8337 1216 1
1216 8582 1
8582 198 1
198 641 1
9772 2865 1
2865 1009 1
1009 8701 1
8591 4070 1
4070 2501 1
2501 5371 1
5371 289 1
289 7744 1
7744 8581 1
8581 9025 1
9025 2501 1
2501 4788 1
8707 9459 1
3074 4142 1
4142 3890 1
7701 2024 1
2024 4186 1
4186 8547 1
8547 2839 1
2839 3474 1
3474 4445 1
9006 8834 1
8834 4908 1
8702 7498 1
7498 7079 1
7079 6001 1
4788 730 1
730 5961 1
5961 9787 1
4073 5567 1
5567 9772 1
2576 1472 1
1472 5567 1
5567 1738 1
563 9585 1
2576 9447 1
9447 3787 1
3787 1052 1
1052 4463 1
3154 9129 1
9129 502 1
502 270 1
1 665 1
665 3787 1
9773 610 2
3347 7657 1
7657 2595 1
2595 3427 1
3427 7754 1
7754 1473 2
1473 7799 1
7799 1347 1
1347 1588 1
1588 8685 1
8685 8332 1
8332 3787 1
4788 5985 1
5985 9787 1
3391 3642 1
3642 8741 1
3880 1394 1
7053 8678 2
7569 7754 1
7754 9252 1
9252 4789 1
3727 5596 1
5596 8610 1
8610 1062 1
666 7754 1
7754 3787 1
3347 666 1
494 4448 1
4448 2720 1
4714 2843 1
4575 2426 1
2426 4790 1
8582 1515 2
1515 2819 1
9773 2865 1
9362 3245 1
2691 1211 1
1211 8582 1
8582 2504 1
2504 4426 1
4426 5596 1
3205 3245 1
8847 5567 1
5567 4841 1
4841 8064 1
7918 415 1
415 5273 1
5273 9787 1
1394 5759 1
5759 9773 1
9773 6687 1
6687 2991 1
2991 3533 1
3533 5596 1
3807 9589 1
9589 3899 1
3899 8591 1
1640 3327 1
3327 387 1
387 2865 1
1394 7754 1
7754 1943 2
1943 2691 1
7569 7918 1
7918 8576 2
8576 4789 1
1394 7799 1
3635 2819 1
4790 8959 1
3429 2426 1
2426 8557 1
8557 8582 1
1515 4350 1
155 6149 2
6149 5980 2
5980 4336 2
4336 9006 1
2615 9772 1
1371 4090 1
8580 3954 1
3954 4373 1
5532 9587 1
7694 155 1
4336 1394 2
494 5979 1
5979 1566 1
3581 9459 1
1986 2018 1
2164 9787 1
9787 8277 1
8277 482 1
482 9692 1
9692 7540 1
7540 8231 1
8231 8873 1
621 2502 1
4407 7196 1
7196 482 1
4289 3245 1
2691 5973 1
5973 9773 1
9773 8483 1
8483 4336 1
494 3391 1
3391 1986 1
1986 5979 1
5979 9787 1
1062 8084 1
8084 2576 1
2576 8163 1
9517 3497 1
3497 1734 1
9587 1177 1
1177 1037 1
7694 689 1
689 9419 1
9419 5419 1
5419 6482 1
6482 2595 1
2595 7829 1
1919 2716 1
2716 441 1
9362 556 1
1037 8414 1
8414 9382 1
9382 7030 1
7030 9587 1
9587 7181 1
7181 8582 1
8582 5419 1
5419 4420 1
3205 6520 1
6520 3807 1
3807 7031 1
7031 1060 1
1060 9459 1
4153 666 1
3787 9614 1
9614 7694 1
2595 8125 1
8125 3761 1
9077 3787 1
6145 666 1
666 8741 1
6299 415 1
415 1564 1
1564 9787 1
1394 415 1
415 9303 1
9303 4788 1
7559 8268 1
8535 7754 1
1473 9585 1
8535 415 1
415 9302 1
9302 8678 1
2021 2691 1
2691 9585 1
1941 4048 1
4048 9773 1
4420 5073 1
5073 8873 1
3205 6002 1
1651 1394 1
4420 4387 1
7701 5073 1
5073 7559 1
3247 4789 1
4789 5073 1
5073 8578 1
8578 2780 1
2780 3683 1
3663 3727 1
4790 8087 1
8087 2686 1
9006 524 1
524 868 1
868 4407 1
4373 9227 1
9227 1 1
4235 8576 1
4918 9787 1
1577 7754 1
1943 7934 1
7934 8045 1
8045 621 1
2018 2501 1
2501 2121 2
6111 3602 1
3602 4090 1
9698 2809 1
4438 9459 1
9459 9630 1
9630 4142 1
4142 6128 1
6128 9773 1
9773 139 1
139 2576 1
7031 666 1
8702 7754 1
9302 3787 1
7487 2809 1
2809 1987 1
1987 502 1
4789 5857 1
5857 8572 1
8572 89 1
89 2545 1
2545 3961 1
3961 3207 1
3207 5740 1
5740 7842 1
7842 3207 1
3207 3787 1
9772 2603 1
2603 8873 1
9517 5769 1
5769 4222 1
4222 2576 1
2576 1188 1
1188 8381 1
8381 3207 1
3207 7842 1
7842 2501 1
2501 2665 1
2665 9787 1
8994 2121 1
2121 5457 1
5457 482 1
1820 9587 1
6924 9773 1
3865 4407 1
2914 4142 1
3154 5797 1
7701 4790 1
2658 8678 1
565 482 1
482 6467 1
8372 2576 1
2576 1903 1
1903 482 1
482 8062 1
8062 7391 1
7391 5819 1
5819 8921 1
1062 415 1
415 3518 1
3518 9585 1
494 3674 1
3674 5979 1
5979 1062 1
7559 3807 1
3807 6613 1
9773 8882 1
8882 2018 1
482 5523 1
5523 7222 1
7222 502 1
4788 9362 1
9362 874 1
4790 3183 1
3183 8873 1
3761 7405 1
9585 6013 1
6013 4790 1
7498 3183 1
3183 4321 1
3761 1034 1
8320 2121 1
4790 7898 1
7898 9773 1
7487 4790 1
4790 9224 1
9224 6954 1
215 9585 1
2914 610 1
4790 2627 1
6880 3154 1
3154 7670 1
7670 8873 1
9587 4701 1
7053 1 1
1 4317 1
7053 3243 1
3243 8873 1
8683 6834 1
6834 3674 1
3674 641 1
641 3749 1
3749 7635 1
7635 5721 1
5721 3405 1
3405 8334 1
8334 8571 1
8571 1734 2
516 621 1
621 6870 1
9130 1566 1
3244 6834 1
6834 8577 1
2576 4408 1
4408 7793 1
5460 2812 1
4464 5467 2
5467 7770 1
8741 6151 1
6151 494 1
494 4036 1
4036 1659 1
4438 6436 1
8741 4392 1
2640 887 1
887 2686 1
2686 9420 1
1577 5672 1
5672 2844 1
2844 4790 1
4790 7897 1
3641 2621 1
2621 7046 1
7046 4790 1
4790 9170 1
9170 8873 1
3761 2664 1
2664 4430 1
502 1945 1
2576 7066 1
8648 4790 1
7540 139 1
4142 2510 1
4129 4321 1
7901 1378 1
1378 1599 1
1599 1597 1
2576 9662 1
9662 9517 1
7497 6514 1
9520 5687 1
3683 4090 1
7955 2018 1
1 1958 1
9212 9772 1
1651 3395 1
2576 8572 1
8572 1566 1
9721 3727 1
3727 1134 1
1134 2004 1
8702 1958 1
1958 1062 1
2843 8873 1
3761 8045 1
8045 2533 1
2533 4790 1
621 4753 1
4753 3209 1
4790 6314 1
6314 9613 1
9613 3562 1
8626 6371 1
3787 4200 1
4200 6220 1
6220 139 1
4142 8045 1
8045 4086 1
4086 4090 1
4090 3316 1
8184 5146 1
5146 4790 1
7897 6040 1
6040 9787 1
4636 9773 1
9291 2018 1
2018 3727 1
3727 6514 1
6514 9772 1
9787 2675 1
2675 2992 1
7955 4402 2
8317 5171 1
5171 8414 1
8414 2121 1
1062 7754 1
7754 2018 1
8834 3679 1
494 2351 1
2351 1827 1
1827 887 1
887 6514 1
482 8414 1
8414 2107 1
1826 5154 1
641 7754 1
7754 7414 1
7414 1062 1
8741 2552 1
7978 3356 1
8216 1016 1
6145 2686 1
2056 9163 2
8440 556 1
8582 3395 1
3395 6914 1
6914 7540 1
6520 2694 1
2812 1141 1
1141 2664 1
2664 9517 1
9517 5383 1
5383 4090 1
4463 9521 1
9521 1918 1
1918 3727 1
8310 2843 1
2843 8413 1
4056 502 1
6938 4438 1
968 8337 1
8337 338 1
2802 1602 1
9489 2992 1
9787 404 1
404 621 1
621 386 1
9053 3016 1
9576 4086 1
8582 8184 1
3727 2510 1
2510 7328 1
7328 8637 1
8637 8290 1
1659 7197 1
7197 3683 1
8447 2812 1
7559 8408 1
5467 8216 1
8216 4701 1
3063 3811 1
3811 2576 1
1761 4439 1
4439 9224 1
9224 8069 1
8069 155 1
9787 2637 1
4790 9010 1
9010 8766 1
8766 8576 1
3074 6181 1
4790 1605 1
2341 4789 1
2988 6296 1
7918 2341 1
2341 951 1
4575 6002 1
6002 556 1
556 1651 1
9517 3985 1
3985 2576 1
2592 9520 1
9520 1586 1
1586 8626 1
5487 8678 1
8678 5989 1
5989 8649 1
8649 5596 1
3074 1408 1
1408 4343 1
4343 2018 1
2018 8683 1
8683 9792 1
9792 351 1
552 5027 1
5027 7569 1
1719 3767 1
3767 4126 1
4126 4082 1
4082 1394 1
1394 7559 1
8637 3980 1
3980 3505 1
2576 1605 1
3683 8209 1
8209 4737 1
4090 2341 1
2341 556 1
5769 4373 1
4090 9164 1
9164 482 1
8870 756 1
756 4916 1
4916 7917 1
7917 2677 1
2677 3767 1
4789 756 1
756 502 1
1408 6186 1
6186 3555 1
3555 4484 2
664 4916 1
3683 3381 1
9038 6740 1
6740 9787 1
9585 8486 1
8486 9414 1
9414 4636 1
4636 2843 2
4575 4464 1
5467 8870 1
7556 2795 1
2795 2802 1
9250 2595 1
2595 2341 1
2304 3063 1
3063 2018 1
2018 4476 1
4476 3874 1
3874 9773 1
9773 2725 1
2725 5497 1
825 8842 1
8842 9787 1
6124 9038 1
9038 4902 1
4902 1581 1
1581 4793 1
8870 8337 1
7211 5596 1
1037 6149 1
6149 7167 1
2576 7202 1
7202 9787 1
7300 8869 1
8869 5497 1
3683 6245 1
6245 9585 1
7770 7072 1
7072 4439 1
4439 8418 1
8418 2576 1
3197 1605 1
1605 4737 1
4737 2341 1
2341 1 1
3761 9416 1
3429 4289 1
4289 6126 1
6126 502 1
8678 3761 1
3761 1148 1
1524 6436 1
4464 4234 1
4234 9281 1
9281 1 1
6189 4389 1
494 9263 1
9263 8582 1
8582 4344 1
4344 6996 1
6996 2430 1
9012 5300 1
8626 1988 1
9303 4789 1
6942 2576 1
3727 4086 1
4086 6162 1
6162 7900 1
6513 8069 1
2020 6189 1
8582 8159 1
2819 3506 1
3506 4086 1
4086 1399 1
1399 4015 1
4015 4789 1
4789 2607 1
2607 4222 1
4222 875 1
875 4727 1
4727 4402 1
6995 7053 1
7053 4086 1
4086 1270 1
1270 4090 1
6673 4392 1
8369 8637 1
8637 2637 1
2576 2952 1
2952 4789 1
3727 1427 1
9414 9134 1
9134 7666 1
968 798 1
798 351 1
351 2121 1
4918 2506 1
4129 2576 1
9585 6820 1
6820 976 1
976 8946 1
3761 8199 1
8199 1734 1
6232 9787 1
7053 8870 2
8870 5574 1
5574 9787 1
2430 5592 1
502 2826 1
2826 8572 1
8572 3615 1
3615 4407 1
4257 994 1
9012 2592 1
7770 2024 1
594 9585 1
7949 2062 1
2062 916 1
916 315 1
315 7944 1
7944 2576 1
2576 9070 1
9070 9787 1
2056 6334 1
2056 7587 1
1443 4336 1
5112 840 1
840 8870 3
3581 4918 1
1360 1774 1
1774 2018 1
2018 2576 1
1062 4739 1
4739 6687 1
6687 5254 1
5254 155 1
2018 7770 1
7770 4090 1
9016 524 1
1991 8540 1
8540 2121 1
7559 7770 1
7770 7197 1
7197 2802 1
9016 4090 1
594 1 1
6189 1988 1
9016 9005 1
4788 893 1
893 9489 1
1683 7896 1
7896 1018 1
1018 8626 1
1019 8704 1
4402 1577 1
1577 6687 1
7954 9585 1
5171 662 1
662 3739 1
3739 8320 1
8320 4789 1
9195 9227 1
4899 5552 1
5552 2802 1
2802 4794 1
4794 3505 1
4631 3994 1
3994 4282 1
4282 1394 1
8926 7559 1
594 2174 1
2576 6399 1
4042 8870 1
8870 2819 1
453 8992 1
8992 9773 1
7945 4234 1
4234 4552 1
4552 807 1
807 7770 1
494 8741 2
8741 9686 1
9686 502 1
3063 7635 1
7635 1567 1
1567 3505 1
3505 2552 1
4788 2054 1
2054 3011 1
8209 2576 1
6145 8870 1
7635 9062 1
9062 9787 1
9787 4700 1
875 1672 1
2819 7449 1
3537 3787 1
9772 6776 1
6776 8582 1
940 9585 1
8337 2812 1
7701 5910 1
5910 1952 1
1952 9517 1
7978 1375 1
1375 8870 1
4789 2056 1
2576 1807 1
1807 226 1
7302 1037 1
968 6687 1
6687 7770 1
8921 2843 1
4788 572 1
572 3505 1
5910 2675 1
2675 4789 1
4789 7920 1
7920 8870 1
8870 7917 1
3727 4916 1
6756 1037 1
8264 2819 1
3358 6533 1
7770 4334 1
4334 9585 1
4788 2136 1
2136 502 1
3342 6059 1
6059 7701 1
2686 8895 1
8895 1738 1
7976 2686 1
3911 9241 1
9241 9585 1
3641 3327 1
3327 1328 1
1328 382 1
382 2686 1
1577 3786 1
3786 1 1
5978 7904 1
7904 8873 1
7556 4082 1
4082 8683 1
8683 2879 1
2879 1477 1
2056 6575 1
6575 4789 1
9251 3807 1
3807 494 1
8683 3190 1
3190 5778 1
5778 9787 1
2708 1577 1
9787 9456 1
6858 5565 1
7053 9773 1
9773 9230 1
9230 7918 1
8317 4940 1
4789 9593 1
8582 1018 1
1018 9263 1
9263 3911 1
3063 4789 1
1360 4716 1
2576 3312 1
3312 2576 1
6630 1605 1
2304 8741 1
4789 3209 1
3727 977 1
977 9038 1
4749 5497 2
1524 4407 1
9414 3637 1
8576 1761 1
1761 4090 1
4090 9263 1
9263 1420 1
4918 7044 1
7044 9787 1
7678 9585 1
8582 3937 1
3937 5995 1
7900 4289 1
4289 5497 1
5497 693 1
693 7540 1
6111 7095 1
7540 8869 1
1651 8050 1
8050 9070 1
9070 4407 1
4407 6110 1
4789 7918 1
5910 4121 1
4121 9787 1
1395 4373 2
3003 8870 1
8741 4464 1
4464 3327 1
3327 4714 1
9787 8862 1
1388 3787 1
3727 6275 1
6275 2403 1
2403 8244 1
8244 1597 1
9787 8276 1
5497 9661 1
9661 1524 1
2576 6915 1
9483 3639 1
3639 9300 1
9300 1826 1
1826 4464 1
695 6436 1
7626 8400 1
8870 7773 1
7773 9208 1
9208 1360 1
1853 5497 2
4789 5467 2
5467 9787 2
695 1577 1
9731 8433 1
9787 7973 1
7973 9418 1
9418 9522 1
9522 4516 1
4516 4789 1
4789 1426 1
1426 1037 1
7694 4689 1
4689 4714 1
4714 174 1
174 2993 1
4090 4682 1
4789 949 1
949 6862 1
6862 502 2
4840 8278 1
8278 2595 1
2024 7773 1
4749 7635 1
7635 4789 1
4789 9189 1
9012 1781 1
1781 1 1
1 7713 1
7713 1408 1
1408 5838 1
8870 8215 1
8215 3189 1
8139 9251 1
9251 2024 1
2175 8321 1
9302 8540 1
8540 4840 1
7053 4090 1
4090 6455 1
6455 7405 1
7405 4388 1
4388 2604 1
4463 5110 1
5110 5467 1
5467 8741 1
3739 4464 1
4464 7773 1
7773 6275 1
8371 5592 1
1366 1540 1
1540 1940 1
1940 4790 1
1577 3158 1
3158 502 1
502 9503 1
9503 8873 1
8069 4932 1
4932 5596 1
3074 8321 1
9302 8268 1
8268 5303 1
5303 9787 1
8847 5435 1
5435 2843 2
2843 5435 2
5435 8678 1
8678 3154 1
6455 1057 1
1057 2595 1
2595 6255 2
3084 4336 1
4090 5301 1
5301 4445 1
4235 2150 1
2150 6261 1
6261 6324 1
6324 8873 1
1988 1009 1
9585 3254 1
3254 4788 1
5911 1016 1
1016 2637 1
993 594 1
5435 502 3
7498 666 1
3787 15 1
15 8870 1
7799 1566 1
2595 8237 1
8237 4791 1
4940 7753 2
7753 9787 1
4840 1738 1
9580 5877 1
5877 6789 1
6789 6740 1
6740 2576 1
4575 6058 1
6058 4463 1
4463 4414 1
4414 4889 1
4889 1164 1
1164 9787 1
1825 4407 1
8350 5184 1
5184 9585 1
7780 9654 1
9654 6384 1
9520 8870 1
8870 9189 1
9189 7256 1
7256 5435 1
5435 4789 1
4789 1206 1
1206 4788 1
442 4826 1
4826 2595 1
3063 1651 1
4789 8926 1
8926 4368 1
4368 8069 1
8069 1734 1
7701 4259 1
4259 2565 1
2565 9772 1
6514 6057 1
6057 8577 1
8110 3327 1
3787 3533 1
3533 4788 1
4788 8155 1
8155 8321 1
8321 1800 2
1800 1701 1
502 7793 1
7540 7498 1
7498 7674 1
7674 5789 1
3994 9787 1
9787 2421 1
2421 5435 1
2056 310 1
8685 9209 1
9209 3825 1
3825 5743 1
5743 6922 1
6922 8870 1
7556 442 2
2576 2219 1
2219 4940 1
7519 903 1
9088 8741 1
8741 5534 1
5534 1408 1
2576 6697 1
6697 9590 1
9590 7640 1
6092 8870 1
8870 5683 1
8683 7498 1
903 7887 1
351 4788 1
4788 2086 1
1774 6133 1
6133 6232 1
6232 8704 1
8704 4789 1
9209 1831 1
1831 6482 1
6482 4788 1
4788 6145 1
134 4981 1
4981 6522 1
6522 3976 1
3976 2576 1
2576 3920 1
3920 4090 1
8702 7666 1
8064 4142 1
9517 6013 1
6013 4789 1
4789 3825 1
2722 9585 1
5818 2121 1
2121 6720 1
6720 4788 1
4788 8694 1
8694 8683 1
4464 8326 1
8326 1800 1
2576 1988 1
9302 5080 1
7540 4431 1
4431 8704 1
8704 1831 1
1831 8694 1
8694 2121 1
2592 4538 1
4538 7782 1
7782 7119 1
7119 7957 1
7957 1407 1
1407 7541 1
7541 1457 1
1457 4029 1
4029 3787 1
3787 4249 1
4249 5541 1
5541 1701 1
1734 4924 1
4924 621 1
621 4767 2
4767 4142 2
3581 4790 1
8683 9204 1
9204 5500 1
5500 8582 1
8582 3001 1
3001 2576 1
2576 2535 1
2535 4575 1
1672 5497 1
5497 4090 1
502 7974 1
7974 8413 1
8413 9459 1
7732 6094 1
9517 1919 1
1414 838 1
838 6892 1
6892 5545 1
5545 9042 1
621 9604 1
4142 735 1
735 3154 1
4289 3899 1
2406 9121 1
9121 7701 1
7701 5900 1
5900 8368 1
8368 4124 1
4124 9773 1
8142 1738 1
8350 5150 1
5150 3291 1
3291 9084 1
9084 8576 1
7945 9517 1
9517 3892 1
3892 7268 1
7268 5541 1
5541 6939 1
6939 502 1
9522 4142 1
4142 3896 1
3896 7268 1
7268 5457 1
2121 8994 1
6997 1865 1
9773 8626 1
3578 6794 1
6794 1701 1
968 8954 1
8954 4788 1
4788 3260 1
3260 8965 1
4714 3705 1
6387 9362 1
9362 4698 1
4698 3787 1
4788 6387 1
6387 5460 1
5460 6095 1
6095 4840 1
9469 6537 1
6537 3787 1
3205 1 1
1 2802 1
2802 8696 1
8696 2064 1
376 3190 1
3190 729 1
2595 5906 1
5906 103 1
103 3209 1
4788 3854 1
3854 2024 1
2024 7511 1
2874 2576 2
1818 5437 1
5437 8702 1
8702 9372 1
2576 782 3
782 5819 1
4788 9401 1
9401 2686 2
2056 5819 1
7945 4371 1
4371 8579 1
8579 2802 1
2802 4823 1
4823 8299 1
8299 4090 1
85 1211 1
1211 3761 1
9395 2207 1
2207 8031 1
8031 2576 1
4489 6143 1
6143 8873 1
8873 9362 1
4438 1597 1
1597 2899 1
2899 7540 1
7497 1 1
1659 6468 1
6468 2802 1
1605 2540 1
2540 465 1
465 2802 1
3011 5843 1
1651 4937 1
4937 1701 1
1701 6111 1
6111 6940 1
6940 7493 1
7493 2234 1
9362 8577 1
1800 9587 1
666 502 1
3787 138 1
138 5817 1
5817 301 1
301 4788 1
4788 8090 1
8090 4589 1
4173 4142 1
9520 9772 1
9772 199 1
4248 6454 1
6454 8824 1
8824 1326 1
3898 7219 1
7219 3505 3
4701 155 2
155 5979 1
5979 4090 1
8184 8961 1
8961 8873 1
6977 2595 1
2595 4415 1
4069 4090 1
5908 9587 1
494 4909 1
3787 6780 1
6780 8469 1
8469 5819 1
9189 8540 1
3402 2121 1
2121 2937 1
2937 4788 1
4788 6146 1
6146 8317 1
1037 5487 1
147 4077 1
4077 422 1
422 5596 1
5596 940 1
940 3154 1
4788 2361 1
2361 9787 1
9787 5743 1
2576 8956 1
674 8297 1
8297 4788 1
6583 3701 1
3701 4280 1
4280 668 1
668 695 1
8623 4402 1
5133 1518 1
1518 903 1
903 9585 1
4289 4448 1
4448 5497 1
5497 3733 1
3733 8702 1
3391 9189 1
9189 9787 1
1217 9772 1
9791 4110 1
4110 5027 1
5027 9773 1
7569 4142 1
6334 7666 1
7666 9178 1
9178 4788 1
1640 5978 1
2576 5980 1
5980 9773 1
4737 5171 1
5878 9787 1
7559 2445 1
2445 8623 1
8623 2576 1
2576 9734 1
9734 5908 1
6520 6857 1
6857 8873 1
8873 382 1
4925 621 1
621 4918 1
4918 1659 1
4438 6371 1
4918 1610 1
1610 382 1
382 6879 1
6879 3377 1
3377 2576 1
5171 5675 1
3815 4407 1
7978 3787 1
7408 8576 1
4142 5769 1
5769 482 1
8683 8880 1
482 716 1
716 502 1
502 9150 1
9150 7945 1
2121 1672 1
1672 3562 1
2819 3995 1
3995 4373 1
4701 3402 1
5743 8576 1
340 9587 1
494 4748 1
7773 7917 1
6470 8591 1
4925 1738 1
7559 7292 1
7292 2576 1
968 4142 1
4142 4737 2
4737 1759 1
2576 766 1
766 380 1
380 7771 1
7771 6160 1
4788 7419 1
7419 8380 1
8380 1854 1
1854 6584 1
6584 4790 1
4790 7659 1
7659 494 1
5170 8577 1
9580 9238 1
6663 3666 1
3666 7031 1
7031 7564 1
7564 9772 1
4788 7268 1
7268 7978 1
8918 1062 2
1698 9585 2
8582 4142 1
4142 8369 1
8369 8850 1
2576 9414 1
7701 4624 1
4624 9787 1
4090 8646 1
8646 4166 1
4166 1 1
1 7219 1
494 4035 1
3327 1826 1
1577 9414 1
2819 8246 1
8246 3787 1
4925 8400 1
8400 7569 1
7569 176 1
176 4407 1
3787 1453 1
1453 8950 1
8950 9787 1
2576 7219 1
4142 4069 1
4963 2576 1
2576 5910 1
3727 4909 1
8591 4701 1
6189 4739 1
4739 7917 1
7917 6534 1
1738 7706 1
7706 9250 1
9250 3787 1
5494 5508 1
5508 3402 1
7773 4090 1
7842 9517 1
9517 4142 1
4142 502 1
7053 9187 1
9187 502 1
502 7778 1
7778 5908 1
5908 7857 1
7857 502 1
8777 5572 1
5572 2576 1
5911 1408 1
3039 916 1
916 8582 1
8582 8529 1
8529 7944 1
7944 9787 1
9787 5606 1
5606 7773 1
3402 2545 1
2545 5695 1
5695 6181 1
6181 4790 1
4790 5661 1
4142 8518 1
8518 4788 1
7675 6384 1
9189 8143 1
1651 8683 1
4788 6562 1
7666 8469 1
4090 6674 1
6674 3761 1
3503 9384 1
9384 7219 1
7219 4069 1
8184 3482 1
3482 1909 1
1909 1 1
3761 4483 1
4483 615 1
615 5458 1
5458 9587 1
7072 5120 1
311 6456 1
460 2802 1
218 4142 1
4073 618 1
2576 4404 1
4090 1195 1
1195 3761 1
7666 4349 1
4349 7978 1
4090 1952 1
1952 4142 1
4142 8578 1
3683 2735 1
2735 8882 1
8882 2595 1
2595 8694 1
8694 6122 1
6122 1414 1
1414 8463 1
5497 524 1
1651 618 1
7701 4172 1
4172 6110 1
453 4317 1
4317 8018 1
8018 5497 1
300 8321 1
1800 2121 1
2121 9178 1
9178 4736 1
968 7046 1
7046 9585 1
9585 8472 1
8472 8179 1
4463 1800 1
1800 3787 1
4898 6776 1
6776 4790 1
940 4737 1
4737 6291 1
6291 9787 1
4090 5186 1
5186 8288 1
2056 8937 1
8937 502 1
4235 1761 1
9517 4629 1
4629 3663 1
3663 5051 1
5051 1701 1
1701 8637 1
8637 7045 1
7045 5331 1
5331 2002 1
2002 6436 1
6161 5171 1
9585 8579 1
8579 4788 1
4788 4575 1
1639 2400 1
2400 8905 1
2576 3841 1
3841 1037 1
2730 2734 1
2734 2576 1
2576 9569 1
9569 4489 1
4090 7494 1
7494 4788 1
371 949 1
949 1198 1
1198 8582 1
7168 7666 1
7666 295 1
295 5817 1
5817 138 1
138 4790 1
2988 9787 1
4790 5300 1
5300 9262 1
9262 7271 1
7271 8042 1
3581 4421 1
4421 2576 1
2576 7511 1
7511 2874 1
2874 9792 1
9792 1738 1
9580 8862 1
8862 2576 1
4301 2686 1
2056 7184 1
4788 3209 1
3209 9372 1
782 8577 1
8577 3781 1
4664 4407 1
6519 9772 1
6513 4250 1
4250 2756 1
2756 9772 1
9772 9150 1
9150 6997 1
3385 3683 1
3683 751 1
5303 8870 1
7556 7299 1
7299 1800 1
7823 5626 1
5626 2865 1
2865 3327 1
8637 5300 1
7900 4636 1
4636 5497 1
2691 7945 1
9787 2150 1
2150 9131 1
9131 9585 1
9585 7770 1
7770 494 1
7220 7496 1
6977 3562 1
9787 4603 1
4603 7302 1
7302 8870 1
8870 4463 1
4086 5497 1
5497 9400 1
9400 502 1
9773 7461 1
7461 4438 1
4438 8921 1
6687 566 1
566 4789 1
7388 5147 1
5147 139 1
4142 8873 1
1868 968 1
968 5633 1
5633 2802 1
9773 9734 1
9734 4635 1
4635 8870 1
7556 162 1
162 7773 1
7773 1659 1
3063 382 2
382 1 1
3011 1988 1
9302 6575 1
6575 494 1
494 435 1
4752 1826 1
6574 3581 1
3581 2802 1
6013 4788 1
8741 8337 1
8337 2556 1
2556 3482 1
3482 2576 1
7556 9038 1
9038 6275 1
6275 4940 1
3063 4233 1
4233 6131 1
6131 9787 1
6698 3787 1
3063 7666 1
502 357 1
357 8184 1
8184 8683 1
540 3727 1
2812 6496 1
8582 7224 1
7798 7540 1
3154 5769 1
5769 8969 1
4840 1039 1
1039 5178 1
5178 1988 1
8870 4737 1
8741 8216 1
9580 3645 1
3645 2576 1
2576 175 1
175 750 1
750 6387 1
6387 7507 1
7507 3505 1
3505 4788 1
8337 8637 1
8637 329 1
329 2819 1
5920 9787 1
494 2033 1
2033 4788 1
451 1 1
6358 6105 1
6105 8873 1
4788 6702 1
6702 6445 1
5943 853 1
853 4319 1
9628 8870 1
162 3199 1
3199 5908 1
5908 7694 1
7498 2545 1
9717 4789 1
4789 5722 1
5722 2802 1
6583 9726 1
9726 7302 1
3727 7046 1
7046 8576 2
2819 7216 1
7216 8873 1
8704 2223 1
2223 6313 1
6313 422 1
422 8873 1
5170 8685 1
8685 6789 1
6789 4463 1
7640 9012 1
9012 8678 1
8678 4605 1
9585 3505 1
3505 3911 1
3911 5592 1
502 2506 1
8139 9772 1
4790 937 1
937 6110 1
6110 372 1
372 3679 1
3679 6275 1
6275 7540 1
7540 8916 1
8916 4727 1
8069 2510 1
9084 8870 1
8870 2679 1
1471 289 1
289 5497 1
9773 5552 1
5552 4463 1
4463 2243 1
2243 6143 1
6143 1683 1
1820 6892 1
6892 4701 1
4701 226 1
226 8582 1
8870 3761 1
4789 1784 1
1784 3911 1
3911 6702 1
6702 8704 1
7896 9648 1
9648 5025 1
5025 1360 1
1360 7569 1
3216 903 1
903 7799 1
3635 9787 1
4840 1826 1
1826 2819 1
7949 1326 1
311 4962 1
8685 1740 1
945 8917 1
8917 4714 1
4714 8712 1
8712 8741 1
4584 951 1
951 3787 1
1814 1037 1
2555 3096 1
3096 6399 1
6399 2576 1
2576 572 1
572 4575 1
2576 5774 1
5774 7300 1
7300 9012 1
9012 8847 1
8847 4463 2
621 8870 1
494 4962 1
4962 9225 1
9225 4407 1
4789 752 1
752 7559 1
2691 7770 1
7770 4463 1
4575 6784 1
6784 1037 1
1651 6687 1
1394 8408 1
3548 6872 1
6872 4463 1
4790 4867 1
4867 139 1
4142 6288 1
351 1062 1
1062 4867 1
4867 134 1
134 2843 1
3701 9773 1
9773 7374 1
7374 149 1
149 5170 1
5170 4840 1
4840 424 1
424 4336 1
502 423 1
423 1 1
1 5171 1
9520 1394 1
8704 4867 1
3761 2214 1
2214 621 1
1566 6654 1
7569 9678 1
9678 4575 1
4575 2159 1
2159 7701 1
4575 8741 1
8741 4076 1
491 5237 1
5237 3543 1
3543 8870 2
8870 2056 1
4090 4912 1
4912 4788 1
4789 7250 1
7250 8702 1
1037 9682 1
9682 4940 1
2674 4407 1
7701 5025 1
7482 9787 1
3705 8104 1
8104 5900 1
5900 238 1
238 1033 1
751 7540 1
8392 1566 1
1566 8870 1
8870 6756 1
9772 8369 1
2576 9167 1
9167 3761 1
4317 4153 1
4153 5497 1
9489 2809 1
4438 5819 1
1062 8215 1
6663 1734 1
9772 3183 1
3183 7635 1
7635 6880 1
6880 7487 1
7487 524 1
524 5460 1
5460 3405 1
3405 4781 1
8600 7829 1
4419 8571 1
516 8744 1
2865 3749 1
6335 1062 1
7701 7842 1
7842 8798 1
8798 8369 1
8369 7694 1
5419 5386 1
1205 502 1
502 2865 1
1580 6001 1
6001 8577 1
7780 874 1
8350 1037 1
3761 2122 1
2122 3761 1
6663 7421 1
7421 2657 1
1505 9534 1
9534 2576 1
2576 3143 1
3143 7925 1
7925 3917 1
3917 5429 1
5429 46 1
5435 4940 1
4940 7065 1
4385 5758 1
5758 2576 1
1524 7526 1
7526 5654 1
9362 2630 1
2630 610 1
2576 5111 1
5111 4789 1
5424 5374 1
5374 4788 1
4788 3405 1
3405 1325 1
1325 2576 1
1919 5878 1
5878 1734 1
2903 524 1
524 5307 1
5307 1460 1
1460 6868 1
6868 9787 1
2576 5966 1
5966 2394 1
2394 9362 1
1701 3235 1
250 1918 1
1918 9025 1
9025 1062 1
1807 2208 1
2208 2501 1
6111 3707 1
3707 8704 1
8704 7540 1
9696 9585 1
4090 2754 1
2754 3761 1
2819 881 1
5160 9791 1
9362 7222 1
9189 5123 1
5123 1128 1
6520 154 2
154 6436 1
3761 9181 1
9181 5578 1
5578 2121 1
3761 8419 1
8419 6676 1
9787 2466 1
2466 9634 1
9634 6977 1
6977 3761 1
3761 7619 1
2576 6846 1
7701 5584 1
5584 3011 1
3011 2430 1
2430 6690 1
6690 8045 1
3761 2723 1
2723 1 1
3973 8824 1
5027 7957 1
7957 3197 1
1746 8683 1
8683 1738 1
9621 7722 1
4788 1842 1
184 8582 1
4575 1701 1
494 4867 1
4867 1037 1
3358 8870 1
8870 5171 1
5171 9676 1
9676 6514 1
5687 8576 1
1062 6156 1
6156 3853 1
3853 3761 1
3761 8381 1
9384 7593 1
7593 7405 1
621 7540 1
2576 5358 1
5358 3761 1
7976 4090 1
9787 8975 1
8975 4940 1
4090 2201 1
2201 1062 2
2056 1761 1
6067 1062 1
1062 4324 1
4324 2400 1
2400 494 1
494 1109 1
1109 1738 1
1738 5932 1
5932 5740 1
1062 1947 1
1947 9787 1
8869 2809 1
4438 5583 1
5583 951 1
951 1420 1
1420 6036 1
6036 9413 1
9006 1062 1
8683 8576 1
8576 5062 1
5062 9585 1
7999 7744 1
7744 8704 1
8704 494 1
8741 5351 1
5351 1431 1
1431 2576 1
2576 7049 1
7049 9585 1
9592 4788 1
4788 4739 1
8184 1672 1
1394 155 1
9100 7917 1
8870 8320 1
4788 5285 1
5285 2576 1
9721 235 1
235 4090 1
1394 3955 1
3955 8576 1
7384 1269 1
1269 4368 1
970 3162 1
3162 3089 1
3089 5596 1
3074 8870 1
8870 4632 1
3293 1062 1
1062 5783 1
5783 7540 1
4790 1000 1
1000 3727 1
9772 9196 1
9196 6189 1
2292 8873 1
4790 2825 1
2825 8039 1
8039 7715 1
2056 2201 1
1394 8870 1
8268 8741 1
8741 5368 1
5368 9080 1
2576 6123 1
6123 3787 1
5170 2674 1
2674 6002 1
1651 4463 1
3245 7197 1
4142 4962 1
4962 8870 1
7556 8741 1
9787 9579 1
9579 7752 1
7752 664 1
7799 556 1
8847 2812 1
2812 1394 1
3461 9585 1
311 7073 1
8969 9038 1
9038 2017 1
2017 139 1
4142 8268 1
8268 8870 1
8870 7557 1
7557 3358 1
4788 6456 1
6456 2802 2
3761 4586 1
4586 2510 1
4129 4788 1
7773 4840 1
502 2874 1
8591 8094 1
8094 3787 1
3787 9372 1
782 1738 1
4090 1256 1
1256 9401 1
2686 5819 1
8725 8741 1
8741 8288 1
8288 7755 1
6145 1360 1
4788 7616 1
7616 1 1
1 4422 1
4422 7122 1
7122 4392 1
6296 1672 1
4788 648 1
648 997 1
997 4788 1
4788 4589 1
2592 7851 1
3641 6523 1
4788 1188 1
1188 4788 1
4788 5188 1
5188 8531 1
8531 4124 1
2056 7661 1
7661 1478 3
1478 7704 1
8582 8847 1
1394 1726 1
8069 7751 1
7751 2576 1
2576 9571 1
6284 8870 1
8870 2576 1
2018 4392 1
5818 4869 1
4869 1701 1
7222 1686 1
1686 1566 1
4788 1574 1
1574 9012 1
9012 2547 1
2547 8332 1
521 7848 1
7848 1597 1
1597 3602 1
3602 8741 1
3880 4789 1
7666 7540 1
7540 2551 1
2551 5171 1
5171 8452 1
8452 8741 1
6745 1701 1
3652 9097 1
9097 4789 1
4789 4909 1
4909 2161 1
2161 5497 1
3154 4632 1
8069 7661 2
3030 2056 1
2056 6308 1
6308 6156 1
6156 1062 1
1062 9381 1
9381 8576 1
4463 4870 2
4870 4142 3
9012 4739 1
7661 9414 1
9414 885 1
885 4364 1
7799 7715 1
7715 701 1
701 9585 1
1062 8870 1
8870 2073 1
3383 2029 1
2029 6384 1
621 2721 1
6520 6436 1
9772 3264 1
3264 5497 1
5497 1442 1
1442 502 1
502 3207 1
482 90 1
1460 930 1
930 9006 1
4727 8870 1
5890 1640 1
1640 6707 1
9787 7823 1
7823 2517 2
2517 2018 1
8400 8834 1
1605 7540 1
2056 9080 1
9080 9096 1
9096 691 1
691 2819 1
2819 38 1
38 9189 1
9012 2667 1
2667 5862 1
5862 4095 1
4095 3087 1
3087 2576 1
1919 7893 1
7893 8870 1
442 4789 1
4789 6954 1
9671 8576 1
8576 6089 1
6089 9585 1
4090 5066 1
5066 4789 1
2576 1001 1
8626 1518 1
1518 7191 1
7191 9787 1
8392 7210 1
7210 7701 1
3597 5596 1
3205 8576 1
2819 2786 1
2786 4489 1
4489 1128 1
1128 1734 1
3683 6319 1
5908 4090 1
4902 2125 1
2125 8626 1
3471 1084 1
1084 2595 1
7666 9056 1
9056 8947 1
8947 2803 1
2803 4090 1
8275 1360 1
4411 8870 1
8870 8704 1
8704 4868 1
2595 4640 1
4640 1919 1
4788 8870 1
8400 3381 1
7666 5467 2
5467 2576 2
4788 5536 1
5536 5179 1
5179 8544 1
8544 8873 1
4430 5497 1
4789 3663 1
3663 664 1
664 9773 1
494 9792 1
9792 7569 1
2021 8888 1
8888 8576 1
3581 6707 1
6707 7823 1
2517 8879 1
7268 1177 1
1177 9131 1
9131 7666 1
4653 8870 1
5890 7799 1
3600 8741 1
8741 4953 1
4953 5497 1
3581 3381 1
8347 4350 1
8350 5331 1
5331 886 1
886 8712 1
2292 8870 1
7556 1566 1
7770 6756 1
8741 5909 1
5909 8685 1
8685 2501 1
2501 1566 1
1566 3244 1
3244 3252 1
4788 1622 1
1622 4788 1
8834 621 1
3391 3641 1
3880 8847 1
8136 8264 1
8264 3252 1
1622 1333 1
9313 840 1
5890 3855 1
9585 915 1
915 8381 1
8381 1399 1
8582 9633 1
9633 2819 1
3683 8741 1
8184 9024 1
7540 5282 1
664 695 1
695 7754 1
7754 9585 1
6520 6374 1
6374 4790 1
621 9326 1
9326 4449 1
4449 1333 1
9313 1147 1
1147 2664 1
7694 4714 1
4714 9593 1
9593 8873 1
7701 4210 1
695 4901 1
384 8010 1
2576 4170 1
4170 9520 1
9520 8741 1
7556 2121 1
2730 951 1
951 293 1
293 4789 1
8494 4788 1
8069 4920 1
4920 3011 1
1037 8146 1
8146 6613 1
6284 1806 1
2848 8827 1
8827 7917 1
7917 7540 1
5349 2819 1
7559 4638 1
4638 3761 1
8969 4758 1
4758 6519 1
6189 634 1
634 4788 1
6782 502 1
7666 9474 1
9474 6844 1
6844 3154 1
3154 2401 1
2401 4788 1
4788 5038 1
5038 7396 1
7396 8576 1
2819 1577 1
1577 8328 1
8328 2595 1
4788 6664 1
6664 7437 1
6003 8741 1
8840 8704 1
8110 5890 1
5890 7300 1
6687 9787 1
8683 6520 1
6520 502 1
5172 4636 1
9585 1347 1
9302 6582 1
2121 8704 2
4407 9402 1
1826 6419 1
9787 2483 1
2483 6756 1
9787 6037 1
6037 3890 1
3890 8870 1
9006 2802 1
9773 6465 1
4940 1132 1
1132 7053 1
7556 6513 1
6513 9787 1
494 7209 1
7463 4789 1
8110 3787 1
4090 7296 1
7296 9772 1
494 5822 1
5822 4788 1
4788 3981 1
3981 1738 1
2125 2576 1
2576 6117 1
6117 302 1
302 6236 1
6236 1734 1
1734 8572 1
6532 1738 1
977 384 1
384 5156 1
5156 3683 1
3683 6356 1
6356 1640 1
1640 4820 1
4820 8741 1
8741 690 1
690 7209 1
7463 7770 1
621 9625 1
9625 8320 1
8320 4516 1
4516 9787 1
9787 1176 1
3683 7463 1
7463 8870 1
5890 5735 1
5735 9585 1
502 2161 1
2161 3649 1
521 1701 1
4632 7661 1
7661 8582 1
8110 1640 1
1640 9381 1
9381 2576 1
2576 8799 1
8799 4463 1
4142 486 1
486 2576 1
9012 7661 2
1478 8702 1
8582 7204 1
7204 9787 1
4575 3505 1
3505 5940 1
8582 4577 1
4577 2576 1
2576 912 1
912 2819 1
3727 6582 1
6582 1692 1
502 4870 1
4870 139 1
4142 8870 1
5890 1740 1
7753 5435 1
5435 4463 1
4463 312 1
312 6499 1
6499 8704 1
7770 7715 1
930 6126 1
6126 8702 1
556 1818 1
4727 4940 1
4788 5687 1
5687 6749 1
6749 7053 1
7053 5085 1
155 3857 1
3857 6620 1
6620 9787 1
5171 2722 1
2722 3245 1
8946 4788 1
1101 2121 1
7770 1 1
4090 8051 1
8051 4966 1
3787 5435 1
9772 7312 1
7312 8678 1
6520 8059 1
8059 7559 1
2576 6767 1
6767 5497 1
7388 371 1
371 5924 1
5924 8850 1
5936 4940 1
4373 8432 1
8432 7754 1
7754 840 1
7556 8976 1
8976 9787 1
9787 5079 1
5079 8847 1
8847 1597 1
1597 5435 1
4790 4860 1
4860 5497 1
2843 7945 1
8847 9227 1
453 7770 1
7770 6502 1
5936 9773 1
9773 5435 2
5435 7754 1
7754 8870 1
5890 3555 1
3857 8427 1
8427 4748 1
4788 6118 1
6118 8741 1
8946 6703 1
6703 4788 1
4788 4157 1
2024 8264 1
8946 256 1
256 8847 1
9770 5598 1
5598 7715 1
7715 5435 1
4090 1082 1
1082 9787 1
8645 1 1
502 8489 1
8489 3727 1
3727 8997 1
8997 9585 1
5900 8200 1
8200 8678 1
2021 502 1
7559 691 1
691 502 1
5940 4790 1
3084 9787 1
4090 7257 1
7257 9773 1
4090 2187 1
4407 6380 1
4402 3209 1
3209 4300 1
4300 502 1
4902 8230 1
8230 1651 1
1651 2501 1
6358 5497 1
5497 966 1
966 7540 1
4790 4986 1
4986 8576 1
8799 1420 1
1420 4821 1
4821 3761 1
8847 4014 1
3961 951 1
951 2024 1
8774 5435 1
5435 2610 1
2610 9585 1
1998 7559 1
7559 596 1
596 4791 1
4791 8685 1
8685 5377 1
5377 4336 1
4336 4791 1
4791 6519 1
6519 1057 1
1057 9787 1
6924 4407 1
7945 4791 1
4791 1791 1
1791 8557 1
8557 311 1
8200 9787 1
494 6772 1
6772 1597 1
1820 9585 1
7556 5185 1
5185 4407 1
494 185 1
185 5006 1
5006 7701 1
9772 8994 1
8994 6275 1
6816 502 1
7949 4918 1
8704 3874 1
3874 9787 1
4859 502 1
2246 3077 1
3077 4788 1
4788 5453 1
5453 2709 1
7918 9585 1
2691 7331 1
482 5453 1
5453 5500 1
5500 8914 1
8914 5900 1
9190 2576 1
1640 6456 1
2802 4870 1
1478 8741 1
4073 7407 1
311 4867 1
1701 8278 1
8278 748 1
8658 3652 1
3652 1738 1
7559 9220 1
9220 8320 1
8320 1853 1
825 5900 1
5900 8991 1
8991 7666 1
2028 6532 1
2430 8149 1
8149 4142 1
9517 8729 1
8729 594 1
594 748 1
2802 9303 1
9303 3787 1
5241 9121 1
9121 4788 1
2121 6192 1
6192 1592 1
1592 968 1
968 6109 1
6109 620 1
620 530 1
7388 8058 1
8058 621 1
9212 1701 1
1443 8731 1
8731 1021 1
7540 3746 1
3746 2576 1
2576 9290 1
9290 8683 1
8401 1345 1
1345 2576 1
2576 9497 1
9497 4788 1
4788 7887 1
1166 482 1
482 8577 1
3898 951 1
8741 621 1
621 2786 1
2786 2257 1
2257 8282 1
8282 311 1
311 1701 1
1701 187 1
187 7243 1
7243 2576 1
2576 4867 1
4867 2595 1
2247 1991 1
9302 2576 1
4464 8870 1
2576 5890 1
5890 9024 1
9415 4788 1
4788 5973 1
5973 1800 1
1800 9256 1
8704 1034 1
8320 1198 1
1198 4788 1
7666 299 1
299 4790 1
4790 4960 1
4788 6399 1
6399 5963 1
5963 7271 1
7271 7715 1
4788 3913 1
3913 2819 1
2576 4698 1
5460 875 1
4788 2227 1
2227 8873 1
4790 4041 1
4041 117 1
117 5300 1
8626 951 1
3761 7625 1
7625 4788 1
2576 2694 1
8591 7752 1
7752 7095 1
7095 8741 1
8741 5604 1
5604 1701 1
1701 8163 1
2121 8645 1
2576 1758 1
1758 7540 1
4788 1178 1
1178 6337 1
6337 4788 1
3761 7463 1
7463 9025 1
9025 1701 1
4315 9772 1
4573 2576 1
8184 7700 1
7700 7666 1
7666 472 1
472 7049 1
7049 997 1
997 4589 1
9787 4445 1
6296 1009 1
9787 4588 1
4588 524 1
524 764 1
9787 5473 1
2576 1532 1
1532 5857 1
5857 859 1
1062 2554 1
9773 6436 1
3603 9787 1
9585 7053 1
4289 7064 2
7064 3013 1
3013 1043 1
1043 8637 1
3683 6364 1
6364 7600 1
7600 1566 1
1566 9585 1
1 6560 1
6560 4389 1
4090 957 1
2024 4632 1
7064 2576 1
9772 4035 1
2056 8917 1
8917 2819 1
2517 4415 1
4090 762 1
762 1408 1
1408 8741 1
6583 8683 1
8683 377 1
377 155 1
9100 1135 1
1135 5300 1
5453 5051 1
5051 339 1
454 4788 1
4788 8075 1
8075 3761 1
621 1048 1
1048 9065 1
9065 502 1
4701 6399 1
6399 4438 1
4438 4940 1
4940 9303 1
9303 4492 1
4492 621 1
1734 9757 1
9757 3787 1
3787 2704 2
8648 2576 1
6711 8591 1
8591 4152 1
4152 1597 1
8777 6676 1
5552 2040 1
5109 6532 1
6532 2686 1
2056 4168 1
4168 4790 1
4790 2317 1
2317 9787 1
502 6581 1
6581 4402 1
9772 5453 1
4336 1660 1
5861 4250 1
4250 8022 1
8022 9787 1
1577 7331 1
3787 2824 1
2824 6167 1
6167 2595 1
8237 2357 1
2357 1037 1
1660 4940 1
2576 6837 1
6837 4790 1
6111 1528 1
1528 4336 1
9792 840 1
8741 8611 1
8611 1660 1
1660 1037 1
1037 9459 1
2576 5281 1
5281 2883 1
2883 502 1
1820 9189 1
9012 2556 1
8913 2121 1
2121 8535 1
8535 6920 1
6920 8611 1
8611 7444 1
7444 1333 1
1333 7917 1
7917 2877 1
2877 502 1
3581 1738 1
3683 5144 1
5144 8557 1
8557 4463 1
5172 4632 1
8683 8731 1
8712 524 1
5001 1333 1
1333 4389 1
594 9772 1
9772 2919 1
2483 5171 1
9787 8978 1
8978 2576 1
7036 1062 1
1333 6238 1
6238 2552 1
2552 8701 1
9012 4389 1
594 695 1
4090 8992 1
8992 4142 1
4142 5596 1
3074 4632 1
4632 5972 1
1062 1826 1
1826 5494 1
7388 5497 1
8591 4020 1
4020 8893 1
8893 3745 1
9787 2263 1
2263 2024 1
565 1062 1
4788 5743 1
5743 4445 1
930 8637 1
7559 6003 1
1660 3011 1
2134 6189 1
6189 2555 1
2555 9585 1
9773 8893 1
8893 494 1
4041 968 1
968 8082 1
8082 1124 1
1124 4432 1
4432 7666 1
7666 6977 1
6977 3787 1
3787 9468 1
9468 750 1
750 9489 1
6151 1250 1
1250 4789 1
2903 2819 1
6126 3154 1
9489 6275 1
386 5429 1
5429 9585 1
9787 4315 1
4315 7046 1
7842 8369 1
8369 9384 1
9384 3961 1
3961 2997 1
2997 8678 1
8678 4389 1
4389 482 1
4090 6583 1
2121 8582 1
7945 949 1
949 9787 1
4388 3003 1
3003 4090 1
4090 2282 1
2282 3787 1
7030 6354 1
6354 4714 1
154 3787 1
8648 4090 1
1701 6483 1
6483 2802 1
2802 9757 1
9757 8824 1
8824 1651 1
7556 8050 1
8050 9787 1
9787 9221 1
9221 2576 1
1594 9414 1
912 9585 1
494 1158 1
1158 930 1
930 7887 1
3074 524 1
7935 1333 1
