635 340 2
340 4691 1
4691 3968 1
3968 5133 1
5133 4771 8
4771 1591 1
1591 4800 1
4800 3968 1
3968 2867 1
2867 5255 1
5255 3525 1
3525 299 1
299 1172 5
1172 4986 1
4986 5061 1
5061 1572 6
1572 1161 10
1161 2657 3
2657 1230 4
1230 635 4
635 1572 2
1572 2487 79
2487 4689 5
4689 5114 1
5114 2487 1
2487 66 2
66 635 1
635 3472 1
3472 1572 1
1572 4439 18
4439 5133 7
5133 1572 6
4439 360 12
360 1584 3
1584 2236 3
2236 4315 1
4315 5785 1
5785 1156 1
1156 1572 1
1572 3962 1
3962 5774 1
5774 4453 1
4453 5133 1
4771 3968 1
3968 1892 1
1892 2548 1
2548 2212 1
2212 2120 1
2120 5068 1
5068 2399 1
2399 5591 1
5591 1800 1
1800 5778 1
5778 2839 1
2839 1679 1
1679 1695 1
1695 2289 16
2289 4439 23
5133 2440 1
2440 988 1
988 4874 1
4874 4192 1
4192 271 1
271 3256 6
3256 4988 1
4988 5061 9
5061 404 1
404 5778 1
5778 988 3
988 1572 2
1572 3537 6
3537 2879 2
2879 271 8
271 49 1
49 2302 1
2302 4102 1
4102 5785 1
5785 1252 10
1252 299 1
1172 404 1
404 1687 2
1687 4535 7
4535 457 2
457 5026 1
5026 1572 1
1572 5569 5
5569 3607 1
3607 5600 1
5600 5785 2
5785 1695 12
1695 2868 9
2868 833 5
833 2657 1
2657 2269 1
2269 635 2
635 5283 1
5283 5666 3
5666 5774 48
5774 5785 29
5785 4758 8
4758 2487 17
2487 3310 7
3310 439 3
439 5348 1
5348 5247 1
5247 1281 1
1281 271 6
271 5049 20
5049 1100 2
1100 786 2
786 622 3
622 4242 1
4242 3310 1
3310 5610 1
5610 1572 2
1572 1582 2
1582 3310 3
3310 4184 1
4184 2321 1
2321 1317 1
1317 3629 1
3629 786 1
786 5785 6
5785 1096 15
1096 271 2
271 2914 2
2914 580 1
580 1231 1
1231 1572 1
1572 4835 1
4835 1572 5
1572 786 2
786 2814 1
2814 987 3
987 3724 1
3724 2302 6
2302 1161 15
1161 571 1
571 2814 1
2814 4184 4
4184 5785 10
5785 5350 22
5350 5341 1
5341 2985 1
2985 2868 3
2868 2343 2
2343 2922 1
2922 4515 1
4515 4910 3
4910 2072 2
2072 1572 4
1572 1368 1
1368 3914 1
3914 271 1
271 2018 28
2018 2302 1
2302 4511 5
4511 2657 1
2657 5169 14
5169 4771 14
4771 4271 1
4271 5785 1
5785 1572 51
1572 5299 1
5299 2922 1
2922 338 2
338 1687 4
1687 299 3
299 1572 4
1572 5601 1
5601 943 1
943 5132 1
5132 3363 1
3363 5774 2
5774 5437 1
5437 2867 1
2867 2704 2
2704 3910 1
3910 5785 3
5785 271 30
271 4515 30
4515 2660 1
2660 4195 1
4195 5696 3
5696 5785 1
5785 338 2
338 299 1
299 3596 1
3596 3828 1
3828 2236 2
2236 481 2
481 2358 1
2358 5785 5
5785 69 2
69 1299 1
1299 2781 1
2781 1572 1
1572 5043 18
5043 3137 3
3137 571 1
571 2649 1
2649 1185 7
1185 5774 1
5774 2868 9
2868 4599 7
4599 2487 1
2487 5569 16
5569 2922 2
2922 2302 5
2302 5785 26
5785 2660 1
2660 3281 3
3281 271 1
271 1892 7
1892 5785 20
5785 268 53
268 5043 16
5043 5099 2
5099 1572 2
1572 2619 1
2619 523 1
523 2922 1
2922 622 2
622 3479 2
3479 3663 1
3663 1808 1
1808 299 1
299 1527 1
1527 271 1
271 1831 1
1831 622 1
622 1096 2
1096 268 48
268 4442 1
4442 1290 1
1290 4927 3
4927 2657 1
2657 1572 4
1572 5118 13
5118 2487 3
2487 4702 14
4702 1235 1
1235 3906 1
3906 1290 1
1290 1215 1
1215 177 1
177 4821 3
4821 2345 1
2345 268 3
268 1235 3
1235 3402 1
3402 3480 1
3480 299 1
299 2372 1
2372 841 1
841 2487 3
2487 3975 1
3975 5671 2
5671 2337 1
2337 176 1
176 5774 1
2868 2649 2
2649 2487 62
5569 4599 7
4599 4611 1
4611 3968 1
3968 1978 1
1978 2608 1
2608 622 1
622 268 17
268 3031 1
3031 3862 1
3862 5572 1
5572 5785 5
5785 4745 3
4745 2487 1
2487 2679 3
2679 5666 1
5666 1690 4
1690 1978 1
1978 268 1
268 3862 1
3862 3008 1
3008 4997 1
4997 1250 1
1250 2783 1
2783 5785 1
5785 851 1
851 194 3
194 2679 1
2679 1230 1
1230 4705 1
4705 622 1
622 271 9
271 2814 16
2814 2765 1
2765 1770 1
1770 2683 1
2683 571 1
571 5774 1
5774 983 5
983 439 1
439 3640 1
3640 5352 3
5352 299 1
299 1131 1
1131 1800 1
1800 1572 3
1572 5660 1
5660 5785 2
5785 595 1
595 3968 1
3968 2235 1
2235 271 1
271 5205 4
5205 5785 2
5785 3577 1
3577 4688 1
4688 1679 1
1679 69 1
69 2112 1
2112 2657 1
2657 1808 10
1808 2868 4
2868 5785 9
5785 4599 14
4599 5666 47
5666 2867 67
2867 5350 7
5350 5388 1
5388 2597 1
2597 315 1
315 5169 1
5169 2355 5
2355 2683 1
2683 5118 2
5118 5785 10
5785 4956 4
4956 4312 1
4312 1572 2
5569 194 1
194 2632 2
2632 1290 9
1290 5666 9
5666 4688 1
4688 1712 1
1712 5785 5
5785 983 1
983 1045 2
1045 5683 1
5683 3498 1
3498 5774 1
5785 2646 4
2646 2487 6
2487 1641 2
1641 4184 1
4184 1719 1
1719 5785 1
5785 1510 1
1510 3510 1
3510 1572 1
1572 5785 66
5785 4873 5
4873 3465 1
3465 5258 1
5258 299 4
299 2683 1
2683 1572 4
1572 3593 2
3593 3144 1
3144 271 2
271 2491 4
2491 2868 1
2487 837 3
837 5666 2
5666 523 1
523 5774 1
5774 1185 1
1185 1572 3
1572 4093 1
4093 3852 1
3852 1572 1
1572 5668 4
5668 5785 12
1572 1177 11
1177 2691 7
2691 5774 32
5774 2487 42
4702 554 1
554 1706 1
1706 5625 1
5625 833 1
833 2691 8
2691 5169 14
5169 271 1
271 5630 17
5630 2649 1
2487 4720 2
4720 2287 1
2287 2868 1
5785 4439 17
4439 5774 8
5774 2235 1
2235 1045 1
1045 1892 1
1892 2868 4
2868 3251 1
3251 2640 1
2640 983 2
983 1892 1
2868 937 2
937 2487 22
2487 4385 1
4385 1572 1
4439 1892 5
1892 5087 2
5087 4375 1
4375 2627 1
2627 979 2
979 1 3
1 1443 1
1443 5785 1
5785 1963 1
1963 271 1
5630 4758 1
4758 2649 1
2649 2608 1
2608 1185 1
1185 1 1
1 4453 8
4453 2494 1
2494 2690 1
2690 5035 1
5035 1572 2
1572 271 32
271 5774 42
5774 1849 3
1849 2649 1
2487 2475 3
2475 4611 1
4611 4456 1
4456 2494 1
2494 2649 1
2649 1687 1
1687 2868 3
2868 3871 1
3871 4572 1
4572 2868 1
2868 2206 1
2206 280 19
280 5000 1
5000 4910 1
4910 967 1
967 1572 1
1572 5120 2
5120 4911 1
4911 1108 1
1108 2164 1
2164 890 1
890 5591 1
5591 5610 3
5610 5785 2
268 4942 2
4942 3195 1
3195 2868 1
2868 1680 1
1680 1572 1
1572 4688 1
4688 2868 1
2868 1 3
1 3697 9
3697 2868 3
2868 2922 3
2922 707 1
707 2302 1
5785 299 2
299 4439 1
4439 4515 9
4515 2235 1
2235 5043 1
5043 5666 27
5666 5785 82
5785 622 16
622 580 20
580 268 2
268 1695 3
1695 834 1
834 2151 1
2151 949 1
949 2801 1
2801 1092 1
1092 1849 1
1849 5785 4
5785 259 31
259 2487 13
2487 695 1
695 2657 1
2657 1687 6
1687 5013 8
5013 2458 1
2458 5610 1
5610 3012 1
3012 3588 1
3588 5785 1
4956 4644 1
4644 1572 1
1572 359 2
359 4535 1
4535 2601 1
2601 5118 1
5118 4547 1
4547 1252 27
1252 615 1
615 2206 1
280 2487 2
2487 188 2
188 2661 1
2661 792 1
792 5666 1
5666 5237 30
5237 852 1
852 5569 1
5569 2354 1
2354 4535 1
4535 792 1
792 4586 1
4586 4121 1
4121 1621 1
1621 2487 4
2487 5251 1
5251 5043 1
5043 792 1
792 2487 1
2487 1539 1
1539 5043 1
5043 5173 1
5173 5569 1
5569 360 1
360 4490 2
4490 3990 1
3990 1808 1
1808 1252 3
1252 5237 13
5237 2473 1
2473 2375 1
2375 5563 1
5563 2117 1
2117 1572 1
5043 938 1
938 1045 1
1045 5169 18
5169 3609 12
3609 3480 9
3480 5785 7
5785 2487 124
2487 3128 1
3128 4758 1
4758 3697 1
2868 4911 3
4911 833 2
833 5785 7
5785 2691 5
2691 6 1
6 1955 1
1955 3593 1
3593 5132 1
5132 1551 1
1551 5625 2
5625 1 3
1 5785 30
5666 5120 2
5120 1254 1
1254 259 4
259 5224 1
5224 3593 2
3593 2868 1
2868 5348 1
5348 4255 1
4255 1572 2
1572 3395 4
3395 4957 2
4957 1920 1
1920 2657 2
2657 5785 36
4758 5043 1
5043 2487 4
2487 1177 7
1177 5785 6
5785 5132 11
5132 5570 1
5570 4633 2
4633 5361 2
5361 2985 1
2868 1956 1
1956 930 1
930 1572 19
1572 523 5
523 5785 1
2487 3120 1
3120 4198 1
4198 2657 1
2657 2868 6
2868 4007 2
4007 526 1
526 1572 1
1572 4599 18
5666 1096 5
268 5785 12
5785 3120 10
3120 4611 2
4611 2110 1
2110 1230 2
1230 2269 1
2269 5043 3
5043 833 2
833 5666 23
5666 2868 12
2868 2641 2
2641 2487 22
2487 4599 13
4599 259 2
259 2649 1
2649 3398 5
3398 1572 3
1572 5666 29
5666 4900 1
4900 1281 1
1281 5043 1
5043 5668 2
5668 3593 1
3593 2302 2
2302 2491 7
2491 2657 1
2657 2176 1
2176 786 13
5785 2269 20
2269 268 34
268 455 2
455 4439 16
4439 2868 6
2487 3816 1
3816 1572 1
5785 4365 9
4365 3968 1
3968 4535 5
4535 1281 1
1281 3602 1
3602 5132 1
5132 259 3
2487 3127 1
3127 455 1
2868 271 11
271 4272 1
4272 2657 1
2657 5668 1
5668 2487 15
2487 5485 1
5485 983 1
983 5785 3
5785 906 2
906 5774 1
2487 720 1
720 930 1
930 5774 6
5774 2652 1
2652 259 1
259 1572 5
2487 3570 8
3570 2657 2
2657 4184 1
4184 3593 1
2302 2492 1
2492 3754 1
3754 1695 1
2868 2361 1
2361 4453 1
4453 692 1
692 5785 1
622 2691 1
5169 5666 16
5666 1561 3
1561 2868 1
5666 5053 10
5053 5591 1
5591 987 10
987 1418 1
1418 5132 1
5132 5078 1
5078 5666 1
5666 5553 1
5553 4439 1
4439 31 1
31 1572 1
1572 3251 3
3251 5774 2
1849 5120 1
5120 2487 7
2487 2954 1
2954 3816 1
3816 5785 1
5785 2657 13
5785 4045 1
4045 1572 1
1572 4873 5
4873 5132 1
5132 3593 1
3593 2027 1
2027 2302 1
2491 2236 1
2236 3962 1
3962 5169 1
4771 2302 1
2302 5666 4
2868 1763 1
1763 2996 1
2996 2608 1
2608 5785 9
5785 5774 20
5774 3120 5
3120 3611 1
3611 2289 1
5133 268 1
268 1563 1
1563 455 1
455 1093 1
1093 1235 3
1235 2206 1
280 4210 1
4210 271 1
271 5169 24
5169 1252 20
1252 1190 1
1190 5785 3
5785 937 13
937 5166 1
5166 404 1
404 3697 1
3697 3922 1
3922 2513 1
2513 622 1
622 3568 1
3568 1572 1
1572 3639 5
3639 4835 1
4835 5785 1
5785 5120 11
5120 5785 1
5785 3396 1
3396 1687 1
4535 4439 1
4439 2787 1
2787 4452 1
4452 4499 4
4499 3661 1
3661 2867 1
2867 2302 16
2302 4927 7
4927 4574 1
4574 2302 2
2302 4968 4
4968 3195 1
3195 2844 1
2844 1526 1
1526 5820 2
5820 4484 1
4484 2302 1
2491 1 2
1 2032 1
2032 990 1
990 5754 1
5754 5043 1
5043 5408 1
5408 1598 1
1598 4692 1
4692 1920 1
1920 4748 2
4748 3776 1
3776 5690 1
5690 4700 1
4700 1241 1
1241 498 1
498 4737 1
4737 235 1
235 2337 1
2337 3498 1
3498 1572 1
1572 364 1
364 5120 1
5120 1692 1
1692 2302 1
2302 5671 1
5671 1242 1
1242 5043 1
5043 4586 2
4586 5785 2
5785 1094 1
1094 294 1
294 3648 4
3648 182 1
182 947 1
947 248 1
248 3973 1
3973 954 1
954 4184 1
4184 1572 3
1572 2922 6
2922 2444 1
2444 2301 1
2301 5112 4
5112 304 1
304 271 2
271 4441 2
4441 3363 1
3363 2236 2
2236 2844 1
2844 3648 1
3648 1711 1
1711 5583 1
5583 5785 1
5785 1484 1
1484 1205 2
1205 1572 1
1572 3925 1
3925 1528 1
1528 3346 2
3346 4797 1
4797 2302 1
2302 5778 21
5778 4184 11
4184 5109 1
5109 2976 1
2976 2299 1
2299 5785 1
5785 2253 3
2253 2298 1
2298 2300 1
2300 5785 1
5785 5043 22
5043 1252 11
1252 5110 1
5110 1572 6
1572 2974 3
2974 264 1
264 2812 1
2812 1139 1
1139 4499 1
4499 1572 5
1572 687 1
687 5635 2
5635 2844 3
2844 2302 2
2302 1946 1
1946 3310 1
3310 4928 1
4928 2318 1
2318 4879 1
4879 2302 3
2302 1543 11
1543 1572 5
1572 2302 13
2302 5650 6
5650 3599 1
3599 271 2
271 5085 6
5085 990 3
990 303 1
303 15 1
15 786 1
786 4629 1
4629 1572 1
1572 2364 3
2364 3378 1
3378 5785 1
5785 3962 1
3962 5133 1
5133 2289 2
2289 2302 9
2302 5608 3
5608 1910 1
1910 1687 1
1687 756 1
756 1584 2
1584 4441 1
4441 3310 1
3310 2106 1
2106 5204 1
5204 2150 1
2150 990 1
990 2373 1
2373 5668 1
2487 1349 2
1349 841 1
841 366 1
366 2657 1
2657 4101 1
4101 2194 2
2194 1975 1
1975 955 1
955 5785 1
5785 4864 1
4864 2691 2
2691 1714 1
1714 3181 1
3181 1572 2
4439 5751 2
5751 5410 1
5410 1484 1
1205 2289 2
2289 3913 1
3913 1687 1
1687 1543 2
1543 2513 1
2513 2206 1
280 3310 1
3310 1628 4
1628 1014 2
1014 4586 3
4586 2302 5
2302 3619 1
3619 955 1
955 2289 2
2289 3031 1
3031 2269 3
2269 2867 5
2867 409 2
409 3699 1
3699 5666 24
5666 3462 1
3462 2867 2
2867 858 1
858 2801 1
2801 2867 2
2867 3396 1
3396 752 1
752 5726 1
5726 3925 1
3925 2814 1
2814 2197 5
2197 3697 1
3697 4873 2
4873 1950 2
1950 5053 3
5053 2922 1
2922 3925 1
3925 675 1
675 2302 2
5608 559 1
559 1572 3
1572 2969 2
2969 1718 1
1718 2151 1
2151 2289 2
2289 5043 4
5666 1230 9
1230 259 41
259 5785 18
5785 5569 18
5569 5785 5
2867 5498 1
5498 2867 1
2867 4942 3
4942 1 1
1 2289 11
2289 2010 4
2010 3942 1
3942 1695 2
1695 2295 3
2295 5043 1
5043 4028 5
4028 2597 2
2597 2197 5
2197 304 1
304 5258 2
5258 5785 43
5785 1516 1
1516 2661 1
2661 1 1
4702 5711 1
5711 3697 1
3697 1516 1
1516 5482 1
5482 1489 1
1489 4848 1
4848 2151 1
2151 2066 1
2066 5785 1
5785 5687 10
5687 4439 2
4439 5384 5
5384 2487 2
2487 4774 1
4774 1572 1
1572 3096 1
3096 5774 1
5774 2590 3
2590 5118 1
5118 1516 1
1516 1808 1
1808 2556 2
2556 3732 1
3732 567 1
567 5785 1
5785 5613 1
5613 1177 1
2590 1808 1
1808 635 3
635 271 2
271 879 3
879 1621 1
1621 2302 5
2302 3726 1
3726 1621 1
1621 2996 1
2996 5428 1
5428 1621 1
1621 4926 1
4926 271 3
271 5597 1
5597 4668 1
4668 5118 1
5118 1808 5
2556 5711 1
5711 5258 1
5258 635 2
635 1516 1
1516 271 1
271 4924 1
4924 2176 1
2176 4884 1
4884 2375 1
2375 1014 1
1014 2922 3
2922 1338 2
1338 930 1
930 1950 5
5053 2067 1
2067 2236 1
2236 813 2
813 1230 1
1230 2487 2
2487 4125 1
4125 1950 1
1950 1532 2
1532 2657 1
2657 1014 14
1014 2487 21
2487 5043 5
5043 824 3
824 1014 1
1014 4574 1
4574 1532 2
1532 1572 6
1572 268 24
268 1251 1
1251 1572 1
1572 2867 25
2867 3826 2
3826 4338 1
4338 2302 3
1543 2151 1
2151 5133 1
5785 3923 1
3923 4848 1
4848 1687 2
1687 990 4
990 1572 10
1572 752 1
752 2661 1
2661 5043 2
5666 2814 4
2814 2867 3
2867 2661 3
2661 3737 1
3737 1758 3
1758 2236 1
2236 5087 1
5087 2236 1
2236 2282 1
2282 2483 1
2483 4731 1
4731 4838 1
4838 1516 1
1516 2670 1
2670 2508 1
2508 1045 1
1045 4658 1
4658 5785 2
2487 5713 1
5713 3697 1
3697 3666 1
3666 5647 1
5647 1690 1
1690 5615 1
5615 5076 1
5076 5785 2
2487 3582 10
3582 1695 1
1695 5785 32
2269 748 1
748 5774 1
5774 5043 8
4028 4168 1
4168 2197 1
2197 3482 1
3482 5785 2
5785 5611 1
5611 5785 1
5785 2461 1
2461 5350 1
5350 2817 2
2817 4252 1
4252 2176 1
786 5258 1
5785 5647 1
5647 1687 1
5013 271 2
5169 4458 2
4458 2255 1
2255 1808 3
1808 5785 34
2487 2269 86
2269 5344 1
5344 194 1
194 5094 1
5094 5785 1
5785 5440 4
5440 905 1
905 5577 1
5577 1474 1
1474 1014 1
1014 2289 6
2289 268 22
268 4831 3
4831 5169 1
5169 3366 1
3366 5785 3
5785 1555 2
1555 2101 1
2101 4508 1
4508 1572 1
1572 2289 29
2289 3599 3
3599 2302 2
5650 943 1
943 3060 1
3060 5695 1
5695 1003 1
1003 5169 1
5169 5714 1
5714 5785 4
5785 5666 11
5666 5564 2
5564 259 1
259 3854 3
3854 1014 2
1014 5757 1
5757 4178 1
4178 1687 1
990 2657 1
2487 4759 3
4759 208 1
208 5666 7
5666 5169 6
5169 4074 1
4074 3395 1
3395 5751 1
5751 1572 4
5118 3028 1
3028 5666 1
5785 2608 4
2608 1100 1
1100 5118 1
5118 5169 3
5169 4599 4
5666 5258 12
5258 2867 21
2867 2106 2
2106 4502 1
4502 1572 4
2867 271 31
271 1974 5
1974 5569 1
5569 1057 1
1057 1235 1
1235 3153 1
3153 4499 1
4499 1584 1
1584 4955 1
4955 5666 2
5666 1014 10
1014 4074 2
4074 5785 1
2487 4761 2
4761 1572 1
2302 5774 23
5774 2657 5
5169 2453 1
2453 2302 1
2302 4515 9
4515 2289 1
2289 4036 1
4036 271 2
1974 1135 1
1135 4499 1
271 5412 1
5412 1290 1
1290 2879 21
2879 5169 1
5169 3537 2
3537 2302 3
4927 4166 1
4166 5594 4
5594 5785 1
5785 4077 3
4077 5390 1
5390 2985 2
2985 4955 9
4955 2657 2
5169 2590 1
2590 5570 1
5570 5025 1
5025 4439 2
4439 1014 12
1014 1720 1
1720 5747 1
5747 1572 1
5785 3880 4
3880 1251 1
1251 2867 2
2867 1066 1
1066 1093 1
1093 1 1
1 1937 1
1937 5785 2
268 3602 1
3602 5110 1
1572 2593 1
2593 2375 1
2375 5169 2
5169 338 1
338 2289 2
2289 264 1
264 3639 1
3639 3310 1
3310 5204 3
5204 1572 1
1572 400 3
400 2302 3
2302 1941 1
1941 5559 2
5559 3462 1
3462 1100 1
1100 5169 2
5169 2151 2
2151 4108 4
4108 4316 1
4316 5666 7
2867 3854 1
1014 351 1
351 1687 1
990 1 1
1 5737 1
5737 2867 1
2867 3331 2
3331 2302 1
2302 5002 1
5002 1572 2
5666 3828 2
3828 5774 23
5774 2513 4
2513 937 1
2487 5711 2
5711 1 1
1 4007 1
4007 5578 1
5578 1808 1
1808 2289 18
5133 400 1
2302 5559 2
5559 5114 1
5114 2796 1
2796 2302 1
2302 867 1
867 4285 1
4285 3363 1
3363 2486 1
2486 2661 1
2661 5053 1
5053 5132 1
5132 271 5
271 5191 5
5191 1621 5
1621 5653 5
5653 2176 2
2176 2172 1
2172 2802 2
2802 3119 1
3119 271 1
5169 1100 2
786 268 4
268 192 1
192 2337 1
2337 2289 3
2289 4484 1
4484 1526 1
1526 1 1
1 464 1
464 5105 1
5105 5730 1
5730 5109 1
5109 4354 2
4354 1755 1
1755 268 1
268 327 1
327 2289 1
2289 4879 4
4879 271 5
271 1161 4
1161 4941 7
4941 5559 2
5559 1572 3
1572 2440 2
2440 5053 1
5053 3378 1
3378 2289 1
2289 3962 1
3962 1023 1
1023 780 2
780 104 1
104 4379 1
4379 1572 1
1572 1235 8
1235 949 2
949 2110 1
2110 2289 2
2289 3001 1
3001 5622 1
5622 5808 1
5808 1572 3
1572 3598 10
3598 463 4
463 3310 14
3310 4354 15
4354 1045 2
5169 2176 9
786 107 1
107 193 1
193 738 1
738 578 1
578 271 2
271 4354 6
4354 5053 1
5053 2289 3
2289 1572 16
1572 718 3
718 2289 1
2289 1309 1
1309 271 4
271 926 3
926 1971 1
1971 786 1
786 5169 1
5169 1476 1
1476 2289 1
2289 360 1
360 3494 1
3494 5576 1
5576 5042 1
5042 1 1
3697 3481 1
3481 2289 3
2289 1217 1
1217 1408 1
1408 2991 1
2991 271 2
271 5559 1
5559 2289 2
2289 1365 4
1365 4499 3
1572 3599 2
2302 1826 5
1826 1572 3
2302 4411 4
4411 463 1
463 5043 1
5043 4060 1
4060 2289 1
2289 2848 1
2848 956 1
956 2181 1
2181 3310 1
3310 5100 1
5100 4100 1
4100 271 1
271 1721 2
1721 3256 1
3256 5169 1
5169 3134 1
3134 4918 1
4918 3256 1
3256 1572 4
1572 304 12
304 1683 1
1683 3363 1
3363 2814 1
2814 4602 1
4602 786 1
786 2643 1
2643 2487 28
2269 259 11
259 3790 1
3790 2640 1
2640 4342 1
4342 2289 1
2289 3642 2
3642 1290 2
2879 2922 1
2922 3310 2
3310 5356 1
5356 4100 1
4100 1572 1
1572 2375 11
2375 3127 1
3127 1695 1
1695 259 17
259 271 3
271 1843 14
1843 5132 1
271 5561 2
5561 5029 1
5029 3505 1
3505 3289 1
3289 1532 1
1532 5169 1
5169 4022 1
4022 2289 1
2289 4657 1
4657 5162 1
5162 4360 1
4360 1532 1
1532 2289 3
2289 4813 2
4813 4195 1
5696 1572 2
1572 2358 2
2358 2868 1
2868 5696 1
5696 5133 1
4771 1254 1
1254 271 1
271 2868 14
2868 616 1
616 1096 1
1096 4022 1
4022 1799 1
1799 1572 2
1572 3410 2
3410 4515 1
4515 1628 3
1628 1926 1
1926 1849 1
1849 622 1
622 4759 3
4759 1572 2
1572 5169 25
5169 696 1
696 1584 2
1584 1752 1
1752 1794 1
1794 245 1
245 2302 1
2302 1892 6
1892 268 3
268 2399 3
2399 4668 1
4668 4957 1
4957 3939 1
3939 4105 1
4105 2868 1
2868 595 1
595 3939 1
3939 5778 1
5778 4815 1
4815 271 1
1690 1584 3
1584 5783 1
5783 5489 1
5489 1096 2
268 339 1
339 5696 1
1572 3363 2
3363 4955 1
4955 4700 1
4700 2643 1
2487 3024 1
3024 2868 1
2868 5042 2
5042 1230 1
1230 1252 4
1252 1952 2
1952 3668 1
3668 2391 1
2391 1845 1
1845 1584 1
1584 2486 4
2486 2944 1
2944 1621 1
1621 2707 1
2707 5696 1
5696 1096 1
1096 3051 1
3051 2709 1
2709 1572 1
5169 1950 5
1950 644 1
644 1041 1
1041 5778 3
5778 5592 3
5592 2487 1
2487 1096 10
1096 2632 2
2632 4835 1
4835 2632 2
2632 1231 1
1231 1045 1
3480 2487 12
2487 5274 2
5274 2943 1
2943 1572 1
1572 360 9
360 2867 3
2867 4557 1
4557 1572 2
2487 715 1
715 1923 1
1923 1917 1
1917 5697 1
5697 910 1
910 5273 1
5273 2643 1
2643 1584 2
1584 3668 1
3668 2487 1
4702 5421 1
5421 5774 1
5774 1555 1
1555 1230 1
1252 2867 7
2867 4528 4
4528 5774 6
5774 5114 1
5114 2867 6
2867 268 44
268 4979 1
4979 1230 1
1252 1572 2
1572 5774 9
3570 5114 2
2867 1096 11
268 5274 4
5274 1230 1
1952 1584 2
1584 5489 2
5489 5696 2
5696 3027 1
3027 2868 1
5042 5169 1
5169 3072 1
3072 841 1
841 5076 1
5076 4577 1
4577 1572 1
1572 3764 1
3764 2867 1
2867 4313 1
4313 3310 1
3310 364 1
364 1 1
1 1628 1
1628 2867 2
268 926 1
926 1923 1
1923 5643 1
5643 759 1
759 1584 1
1584 4850 2
4850 1572 1
1572 3774 2
3774 1292 1
1292 2313 1
2313 2289 1
2289 622 11
268 271 30
271 551 3
551 2985 1
2985 1799 1
4873 5133 1
5133 2621 1
2621 5774 2
5774 2867 16
2867 4453 5
4453 622 1
622 667 1
667 1584 1
1584 4515 4
4515 841 2
841 2867 1
2867 4599 8
5666 193 1
193 5615 6
5615 667 1
667 4453 1
4453 2657 1
2657 1817 1
1817 404 1
404 1584 1
1584 4910 1
4910 1800 2
1800 2691 2
2691 3260 1
3260 1572 1
1572 4192 2
4192 1572 3
1690 3632 1
3632 5696 1
5696 2779 1
2779 1625 1
1625 3398 1
3398 1799 1
1799 1954 1
1954 4599 1
5666 2571 1
2571 5274 1
5274 1572 2
360 4557 2
4557 5122 1
5122 1950 1
1950 1606 1
1606 4515 1
4515 5703 1
5703 5169 1
5169 2364 4
2364 5666 3
5774 5563 1
5563 2292 1
2292 696 1
696 1746 1
1746 1572 1
1572 561 1
561 5774 1
5774 271 10
271 3940 1
3940 2032 1
2032 930 1
930 1 1
1 1695 10
1695 1252 19
1252 3675 1
3675 106 1
106 4378 1
4378 5364 1
5364 3138 1
3138 2160 1
2160 5078 1
5078 5258 1
5258 1950 4
1950 2608 1
2608 4557 1
4557 1950 1
1950 1252 13
1252 2289 14
2289 1096 16
1096 5118 1
5118 5268 1
5268 5258 1
2867 1231 1
1231 3015 1
3015 5169 1
4771 1232 1
1232 1231 1
1231 930 1
930 1695 6
2289 2867 12
2867 2364 6
2364 3807 1
3807 2867 1
2867 5571 1
5571 3310 1
3310 5380 2
5380 4159 1
4159 275 1
275 1 1
1 554 4
554 5350 1
5350 4439 2
4439 835 1
835 2867 3
2867 2643 1
2487 409 16
409 5489 1
5696 4911 1
4911 4757 3
4757 1572 1
1572 5350 5
5350 4365 2
4365 677 1
677 5785 1
5785 1584 4
4850 5043 1
5043 1695 57
1695 833 4
833 2879 1
2879 5258 2
5258 1690 2
268 1952 1
1952 1950 1
1950 259 7
259 2232 3
2232 5274 2
5274 271 3
271 4683 6
4683 1605 1
1605 1572 1
1572 3747 2
3747 3910 1
268 259 26
259 2603 1
2603 3310 1
3310 3043 1
3043 1687 2
1687 1161 1
1161 5043 1
1695 5258 3
5785 2643 6
2643 2608 2
2608 1950 1
5274 5785 2
5785 885 5
885 268 5
268 1436 1
1436 2985 1
2985 2803 1
2803 1695 1
1695 304 10
304 5785 9
5785 3879 12
3879 271 16
271 841 18
841 5015 1
5015 2292 2
2292 5785 2
5785 601 2
601 2691 2
2691 2206 2
280 1572 4
1572 3780 2
3780 5274 1
5274 2868 2
4683 2236 1
2236 423 1
423 2292 1
2292 5778 1
5778 360 1
360 3585 1
3585 1572 1
1572 2879 8
2879 543 1
543 271 1
2814 844 1
844 3031 1
3031 2868 1
2868 837 1
837 790 1
790 2232 1
2232 3910 1
3910 271 2
271 5696 1
5696 5118 1
5118 1690 1
1584 2289 4
2289 2374 1
2374 4535 1
4535 241 1
241 3144 1
3144 1572 2
3410 1926 1
1926 4515 1
1628 3363 1
3363 3939 1
3939 271 1
5630 1252 2
1252 4745 2
4745 268 1
268 1378 1
1378 1007 1
1007 5698 1
5698 104 1
104 4378 4
4378 2632 1
2632 271 7
5630 1156 1
1156 1931 1
1931 4191 1
4191 888 1
888 1572 1
1572 5269 1
5269 2996 1
2996 5169 1
5666 1252 32
1096 887 1
887 1100 1
1100 1621 1
1621 4634 1
4634 1621 1
1621 1712 1
1712 2554 1
2554 5150 1
5150 5344 1
5344 268 3
268 4079 1
4079 1902 1
1902 2289 1
2289 471 1
471 2487 3
2487 530 1
530 2289 1
2289 4192 1
4192 5774 1
5774 851 1
851 273 1
273 2289 1
2289 271 9
271 2124 1
2124 2394 1
2394 2302 2
2302 3739 1
3739 1750 1
1750 1572 1
1572 2727 1
2727 3310 1
3310 194 2
194 1119 1
1119 5268 1
5268 5625 2
5625 2986 1
2986 5616 1
5616 988 1
988 584 1
584 2685 1
2685 360 1
360 5268 1
5268 4267 1
4267 5774 2
5774 4079 1
4079 360 1
360 5785 3
5785 5660 2
5660 1572 2
1572 3968 6
3968 1161 1
1161 271 2
271 1800 2
1800 2657 1
2657 2775 1
2775 5774 1
5043 980 2
980 2683 1
2683 2550 1
2550 2232 1
2232 1485 1
1485 271 1
271 344 2
344 1572 2
1572 995 3
995 5053 1
5053 1045 2
1045 681 4
681 1045 1
681 5774 2
5774 5666 9
1252 5048 1
5048 104 1
4378 5785 2
1572 4453 4
4453 2487 5
2487 1561 52
1561 2657 6
2657 5132 3
5132 5043 1
5043 4599 2
4599 271 1
1800 1563 1
1563 1572 3
1096 5043 1
5043 3674 3
3674 930 1
268 5774 7
5774 979 7
979 4184 1
4184 2289 4
2289 2487 35
1561 5666 50
5774 5049 4
5049 2289 2
2289 2779 1
2779 5043 1
5043 979 2
979 310 1
310 5785 7
1252 4599 2
4599 5237 6
5237 5666 6
5666 5043 6
5043 271 3
271 1801 2
1801 2399 1
2399 5666 1
5237 5569 4
5569 3415 1
3415 979 1
979 3634 1
3634 5237 1
5237 5564 2
5564 833 2
833 5169 2
5169 2657 1
2657 1695 6
268 682 2
682 3287 1
3287 1808 1
1561 1695 8
1695 5774 19
5774 980 5
980 5785 2
259 3120 1
3120 1254 1
1254 5774 1
5774 1561 5
1561 4129 1
4129 2416 1
2416 5666 1
5237 1177 7
5785 1177 28
1177 5666 37
5666 995 1
995 1045 1
5774 1563 3
1563 1045 1
3480 2879 3
2879 4453 3
2487 5388 4
5388 2683 1
2683 5774 2
5774 1161 1
1161 983 2
983 5087 1
5087 622 2
622 3588 1
3588 3096 1
3096 5237 3
5237 5774 8
5774 4277 2
4277 2487 1
4599 1563 1
1563 2289 2
268 995 1
995 3287 1
3287 1045 1
681 5115 1
5115 1045 1
1045 4453 3
4453 4700 1
4700 5132 2
5132 2341 1
2341 2879 1
2879 2289 4
2289 5547 1
5547 622 1
622 4765 1
4765 1572 1
1572 3946 3
3946 622 1
268 1177 2
1177 1695 1
259 5341 1
5341 1712 1
1712 823 1
823 5237 1
5237 833 4
833 330 1
330 1695 1
1695 2879 10
2879 2269 2
2269 5341 1
5341 1808 1
1808 584 1
584 1952 2
1952 268 2
268 4940 1
4940 2879 1
2879 1572 12
1572 4547 3
1252 3935 1
3935 3828 1
3828 3186 8
3186 3608 1
3608 1687 1
1687 65 2
65 4940 1
4940 554 1
554 5774 6
5774 3812 1
3812 5774 1
5785 2679 1
2679 1563 1
1563 2814 1
2814 1584 18
1096 360 1
360 2676 5
2676 4942 1
4942 3138 2
3138 5616 1
5616 1572 2
2487 4835 3
4835 1695 1
5774 822 2
822 3096 1
3096 4077 1
4077 2487 4
2487 404 1
404 1170 1
1170 1572 1
2487 683 1
683 2879 1
2879 4884 1
4884 3083 1
3083 5666 2
5774 2608 2
2608 271 2
1801 5785 1
5785 4872 1
4872 5237 1
5237 104 1
4378 5569 1
5569 5237 1
5237 622 5
622 979 2
979 3310 1
3310 3756 7
3756 1621 1
1621 2608 7
1177 5625 1
5625 2399 1
2399 1800 2
1800 1561 1
1561 5563 2
5563 5237 1
5237 1695 1
5774 622 10
622 980 2
980 2487 2
2487 5258 2
5258 5237 19
5237 2027 3
2027 2879 2
2879 5496 1
5496 2683 1
2683 5344 2
5344 1593 1
1593 3449 1
3449 1 1
682 4515 1
4515 3287 1
3287 3310 1
3310 360 8
360 3756 2
3756 2487 2
2487 1630 2
1630 5564 1
5564 5785 6
622 4174 21
4174 5785 3
5132 2475 1
2475 5774 1
5774 4956 1
4956 824 1
824 1 1
1 1263 1
1263 2289 1
2289 5120 1
5120 268 1
268 5268 1
5268 97 1
97 4378 1
259 3138 1
3138 5066 1
5066 2176 2
2176 5344 2
5344 5563 3
5563 2253 2
2253 5630 1
5630 833 1
833 5049 1
5049 389 3
389 5268 1
5268 1263 1
1263 4689 1
4689 2027 6
2027 1621 1
1621 407 1
407 2027 3
2027 5669 2
5669 3398 3
3398 2879 1
2879 4077 1
4077 312 1
312 2997 1
2997 271 2
1572 2747 2
2747 4439 4
4439 2879 33
2879 1695 4
1695 2232 10
2232 5563 1
5563 5635 1
5635 2597 3
2597 580 2
580 2879 2
2879 454 1
454 271 1
271 1708 1
1708 4192 1
1572 2961 2
2961 2321 1
2321 2683 1
2683 1985 2
1985 5785 3
5785 4760 2
4760 5132 1
5132 147 1
147 3502 2
3502 4629 1
4629 360 1
360 2486 7
2486 3256 3
3256 268 2
268 139 2
139 2303 2
2303 1263 1
1263 1572 2
1572 1179 1
1179 2829 1
2829 681 1
681 1 1
2289 4453 3
4453 1572 3
1572 2176 1
2176 2487 3
2487 2972 4
2972 3120 3
3120 658 1
658 571 1
571 979 1
979 1695 5
1695 5569 1
5569 5169 1
5169 5785 5
2253 2151 1
2151 5078 11
5078 271 1
271 580 9
580 5778 1
5778 4213 2
4213 2106 1
2106 5141 1
5141 54 1
54 1474 1
1474 1572 1
1572 1808 8
1808 2867 15
2867 4200 2
4200 2867 1
2867 1670 1
1670 1436 1
1436 4070 1
4070 4633 1
4633 1687 1
1687 2115 1
2115 1572 2
5569 268 3
268 194 5
194 4192 1
4192 622 1
622 4911 2
4911 1149 1
1149 2867 1
2867 1572 35
1572 4708 2
4708 2337 2
2337 2879 4
2879 5118 2
5118 2867 3
2867 4312 1
1572 1385 3
1385 5666 2
5666 4547 3
4547 3479 1
3479 1572 4
1572 4316 3
4316 622 2
622 4548 1
4548 5696 1
5696 5668 1
5668 5443 2
5443 2867 4
2867 5169 2
5169 948 1
948 2867 8
2867 4166 1
5594 1572 1
1572 622 30
622 4365 1
4365 4256 1
4256 3310 2
3310 1100 3
1100 1 4
1 2302 4
2302 237 1
237 2520 1
2520 4744 1
4744 4731 1
4731 1572 3
5118 5350 4
5350 2805 1
2805 1572 2
1572 5274 2
5274 5572 1
5572 259 2
259 949 1
949 5625 2
5625 2302 5
2302 3186 3
3186 4184 5
4184 104 1
4378 4599 1
2867 3120 7
3120 5211 4
5211 5341 1
5341 1584 1
1584 1100 6
1100 3310 2
3310 234 1
234 1572 1
3747 2867 2
2867 1254 1
259 2482 1
2482 983 1
983 271 1
271 4657 4
4657 545 2
545 2657 1
2657 622 10
622 1161 2
1161 2110 1
2110 1385 1
5666 271 18
271 545 1
545 896 1
896 4194 1
4194 5118 1
5118 4365 1
4365 4744 1
4744 2922 1
2922 3828 1
3186 5334 3
5334 4683 5
4683 1572 2
1572 2360 3
2360 987 1
987 5350 1
5350 2851 1
2851 1489 1
1489 2289 6
2289 644 1
644 5133 1
4771 34 1
34 5696 1
5696 1 1
1 1023 1
780 2867 1
2867 3571 1
3571 1572 1
1572 4256 1
1100 5785 3
5785 587 1
587 2922 1
2302 2318 2
2318 1572 3
1572 3085 1
3085 5635 1
2844 271 1
271 2236 7
2236 1843 1
1843 1808 1
1808 5350 2
5350 1418 2
1418 987 1
987 2236 1
2236 2660 2
3281 268 1
268 622 4
271 918 2
918 1572 3
1572 817 3
817 1572 1
4453 5785 4
5785 5449 1
5449 1695 2
1695 4737 2
4737 1136 1
1136 1252 1
1252 5785 18
5785 2302 19
2302 4657 7
4657 5477 4
5477 2985 1
2985 2206 1
280 1290 1
1290 2236 5
2236 1658 1
1658 3281 1
3281 299 1
299 2487 1
2487 211 1
211 2868 1
2868 2251 1
2251 5019 1
5019 918 1
817 4439 1
4439 2236 3
2236 3281 1
3281 2657 2
2657 3828 2
5774 5258 1
5258 2868 7
2868 268 11
268 5049 8
5049 915 2
915 2037 1
2037 5666 1
937 4975 1
4975 4911 1
4911 3697 1
3697 2206 1
280 3463 1
3463 5785 1
4515 1843 2
1843 1572 5
1572 4911 16
4911 2243 1
2243 455 1
4439 5785 20
2657 2649 10
2649 1584 2
1584 5774 3
2487 675 2
675 2868 1
1096 2243 1
2243 1690 1
1690 987 2
987 1572 10
1572 2691 9
2691 5630 5
5630 5785 11
268 4069 2
4069 177 1
177 5114 1
5114 2590 1
2590 3549 1
3549 2657 1
2657 4142 1
4142 2868 1
2868 4317 1
4317 5774 1
5774 1845 1
1845 1161 2
1161 1 2
5785 194 6
194 2487 10
2487 3984 2
3984 5785 1
5350 3974 1
3974 2243 1
2243 1572 1
1252 675 1
675 4184 1
5785 2364 4
2364 5340 1
5340 2657 1
2657 76 2
76 1948 1
1948 5344 1
5344 5785 8
5785 2243 1
2243 5191 1
5653 4184 1
4184 1 1
1 1948 1
1948 622 1
622 2487 3
2487 268 73
268 5118 3
5785 3606 2
3606 2206 1
280 3568 1
3568 1290 1
1290 5785 7
2868 4255 1
5785 1179 1
1179 2487 1
3582 3731 1
3731 2868 1
5120 5774 1
2487 2770 1
2770 1 1
5785 2639 3
2639 2487 8
2269 1068 2
1068 5785 1
5785 1093 3
1093 3697 1
3697 4586 1
4586 271 4
2018 1572 11
1572 4246 1
4246 2691 1
5785 833 14
833 4535 1
4535 1230 1
1230 619 1
619 2269 1
2269 3549 2
3549 5114 1
5114 2691 1
5630 2867 3
2867 2243 1
2243 5114 1
5114 5666 21
1252 4805 1
4805 425 1
425 2487 1
2269 337 1
337 4515 2
4515 5278 1
5278 1892 1
1892 2867 8
2867 3689 1
3689 2302 1
2302 4506 1
4506 1621 3
1621 299 1
299 4515 1
4515 4566 1
4566 5036 1
5036 1892 1
1892 5258 1
2868 5370 1
5370 1621 1
1621 3096 1
3096 1884 1
1884 2206 1
2487 3696 1
3696 2616 1
2616 5785 1
5785 4534 1
4534 622 1
2487 5114 6
5114 5774 3
622 4144 1
4144 5785 1
5785 3479 14
3479 1687 8
4316 2868 1
2868 4515 2
4515 4787 1
4787 2868 1
2868 2770 1
2770 5785 2
5666 2232 4
2232 2243 1
2243 5132 1
5132 2691 4
2691 1192 1
1192 143 1
143 5043 1
5774 268 62
268 2585 1
2585 1041 1
1041 5785 13
5785 5114 2
5114 2868 1
2868 3752 1
3752 5785 1
268 5563 7
5563 1572 4
1572 5648 1
5648 3566 1
3566 1161 1
1161 3310 1
3310 2165 3
2165 4588 1
4588 1177 1
1177 2487 2
2487 2691 1
2691 4535 5
4535 1 3
1 5132 1
2691 1161 1
1161 1563 1
1563 5785 4
1096 1177 1
1177 1572 1
280 5785 3
5785 2922 5
2922 3479 1
3479 271 10
2922 4911 7
4911 1177 2
1177 2657 2
2657 2922 3
2922 2632 1
2632 1045 1
1045 5666 4
5666 2487 21
2487 1076 1
1076 1635 1
1635 299 1
299 3906 1
3906 5785 1
5785 4317 2
4317 2691 1
2691 2189 1
2189 177 4
177 1572 1
5169 1695 10
1695 5625 2
5625 1096 1
1096 2344 1
2344 2302 1
2302 3178 1
3178 1572 1
5043 5564 6
937 4694 1
4694 5105 1
5105 2657 1
2657 3697 7
3697 3952 1
3952 2206 1
1572 833 6
2691 4515 3
4515 177 1
177 4484 1
4484 1572 2
1572 902 1
902 3096 1
3096 5785 1
5785 4535 3
4535 5673 3
5673 4751 1
4751 5406 1
5406 2236 1
2236 4901 5
4901 5350 1
5350 5591 1
5591 835 1
835 2487 2
268 414 5
414 5666 3
3120 4179 1
4179 1574 1
1574 5258 1
268 2640 6
2640 1253 1
1253 409 1
409 4515 1
4515 3014 3
3014 2775 1
2775 2867 1
2867 5785 15
5785 1834 1
1834 1808 1
1808 268 4
268 5187 1
5187 1230 1
1230 5785 13
5785 3592 1
3592 2867 2
2302 813 3
813 5572 1
5785 193 1
5615 4639 1
4639 271 2
2018 3828 1
3828 2867 1
2867 3749 1
3749 2821 1
2821 5785 1
5666 2519 1
2519 2985 3
2985 864 2
864 271 3
4354 2440 1
2440 5076 1
5076 2236 1
2236 3014 15
3014 3310 1
3310 1904 10
1904 2165 10
2165 4365 1
4365 5666 10
5666 5778 5
5778 5474 1
5474 268 1
268 2236 9
3014 3699 1
5049 1252 11
1252 4397 1
4397 2811 1
2811 271 1
1252 2072 1
4439 5049 2
1252 1038 1
1038 512 1
512 2037 1
2037 5358 1
5358 2556 1
2556 268 6
268 3120 21
3120 5344 3
5344 1093 1
1093 4038 1
4038 2867 1
271 472 19
472 3725 1
3725 2867 1
2302 107 30
107 4354 7
4354 2657 3
5785 585 5
585 2487 5
268 3495 1
3495 5785 1
2487 333 6
333 271 2
271 4700 1
4700 2236 1
3014 1572 8
5666 4629 3
4629 2867 1
2867 2922 6
2922 787 1
787 3748 1
3748 5668 1
5668 2287 1
2287 1572 1
1572 141 1
141 5785 1
271 4009 7
4009 5589 1
5589 2177 1
2177 2289 1
2289 1580 1
1580 271 2
271 4192 1
4192 2657 1
3697 5785 10
5785 3016 1
3016 2985 2
2985 5774 2
5774 5337 1
5337 930 1
1161 5120 1
5120 2289 2
2289 2632 4
2632 2814 13
2814 5625 5
5625 2487 2
2487 2805 1
2805 2643 1
5274 5132 1
5132 979 1
979 622 4
622 5774 24
5043 2425 1
2425 2289 1
2289 636 1
636 1584 1
1584 2018 2
1572 2394 1
2302 3357 1
3357 4506 1
2302 1263 1
1263 2998 1
2998 2783 1
2783 2302 1
2302 4432 1
4432 271 1
271 5075 3
5075 2657 1
2487 887 1
887 1572 1
1572 2643 5
2487 2997 1
271 3286 1
3286 271 1
271 2486 13
2486 344 1
344 4357 1
4357 1572 1
1572 1757 1
1757 2476 1
2476 271 4
5075 5169 1
4771 2362 1
2362 4662 1
4662 1565 1
1565 1572 2
1572 1147 1
1147 3640 1
3640 5049 2
5049 3372 2
3372 2289 1
1572 776 1
776 480 1
480 271 2
4515 3256 1
1572 5534 1
5534 4625 1
4625 2289 3
2289 3720 1
3720 1147 1
1147 4625 1
4625 5274 1
5274 5625 1
5625 1572 13
1572 4625 1
4625 715 1
715 1916 1
1916 2302 1
2302 910 1
910 2657 1
2657 2108 3
2108 622 2
5774 2289 11
2289 2347 1
2347 271 1
2814 3813 3
3813 987 2
987 5169 3
5169 3639 1
3639 2814 2
2814 2110 1
2110 4439 1
4439 1365 2
1365 2084 1
2084 4439 1
4439 858 1
858 5500 1
5500 1695 1
1695 2867 29
2867 711 1
711 3970 1
3970 3310 1
360 5380 1
5380 864 1
864 5666 1
268 4679 1
4679 4582 1
4582 1041 1
1041 4473 1
4473 5696 1
5696 1808 1
622 4744 1
4744 2867 1
2867 2289 4
2289 4795 1
4795 235 1
235 5358 1
5358 5635 1
5635 4515 1
4515 5741 1
5741 5666 1
5666 2342 2
2342 5591 1
5591 1745 1
1745 1657 1
1657 1960 1
1960 1572 1
1572 179 1
179 25 1
25 4439 1
4439 956 1
956 4675 1
4675 5724 1
5724 332 1
332 1572 4
1572 186 3
186 5239 1
5239 840 1
840 763 1
763 4635 1
4635 5774 1
268 1290 2
1290 1275 1
1275 2867 1
2487 1558 1
1558 2335 1
2335 221 1
221 4299 1
4299 1983 1
1983 1290 1
1290 2486 2
3256 1 1
1 5043 2
5258 2879 3
2879 2106 1
2106 4946 1
4946 4815 1
4815 360 2
1584 5654 1
5654 4777 1
4777 5114 1
5114 2289 4
1096 5453 1
5453 1464 1
1464 3188 1
3188 5625 1
1572 3720 1
3720 17 1
17 5169 1
5169 3882 1
3882 2289 3
268 2330 2
2330 2468 1
2468 4440 1
4440 1572 2
1572 1463 1
1463 4410 2
4410 2289 1
2289 2641 1
2487 2394 1
2394 1572 1
2302 5074 1
5074 4439 1
4439 4357 1
4357 76 1
76 5169 2
5169 5668 18
268 4137 1
4137 271 4
271 5552 2
5552 2486 1
2486 4440 1
1572 4410 2
4410 1892 3
1892 271 1
271 5007 5
5007 3801 1
3801 4535 2
4535 5132 1
5132 1968 1
1968 1268 1
1268 930 1
930 3146 1
3146 2985 1
2985 2180 1
2180 5785 1
5785 1849 3
1849 2487 7
333 5668 1
5668 2289 4
2289 2269 17
2269 4439 1
4439 3398 1
3398 2927 1
2927 2395 1
2395 2302 4
2302 1745 1
1745 1656 1
1656 1572 1
1572 25 2
25 2657 1
3120 5570 2
5570 3652 1
3652 2302 9
2302 332 1
1572 4675 3
4675 3747 1
3747 271 1
271 4977 1
4977 5785 1
5785 5791 3
5791 271 1
271 2360 1
2360 5610 1
5610 2302 2
2302 2176 9
2176 1572 11
1572 1468 1
1468 4439 1
360 5696 2
5696 271 1
271 1464 2
1464 3310 1
3310 4582 1
4582 5133 1
2289 722 1
722 1584 2
1572 229 5
229 4439 1
4439 5559 1
5559 2657 1
2657 2640 1
2640 1656 1
1656 25 1
25 332 1
4675 5053 1
5053 2487 2
2487 2836 7
2836 5774 1
5774 4077 4
4077 4299 1
4299 3258 1
3258 2302 1
2302 5176 4
5176 546 1
546 5733 3
5733 930 1
1572 5114 4
5114 5132 1
5132 2215 1
2215 1788 1
1788 4458 1
4458 2106 1
2106 970 2
970 2289 1
2289 2395 1
2302 2879 4
1572 4254 1
4254 4348 1
4348 2657 1
2657 1505 1
1505 5132 1
5132 2597 2
2597 5747 1
5747 1466 1
1466 3294 1
3294 3153 1
3153 3263 1
3263 930 1
930 104 1
104 5008 1
5008 1235 1
1235 1958 1
1958 1 1
1 1024 1
1024 2657 1
2657 554 4
554 3748 1
3748 5495 1
5495 1572 1
1572 2481 3
2481 2289 1
2289 2082 1
2082 1567 1
1567 2289 1
2289 3320 1
3320 2486 1
2486 1058 3
1058 1572 2
1572 5263 4
5263 17 1
17 5785 1
5043 1572 18
409 1572 4
4599 2691 2
5774 5169 2
5169 930 1
930 5053 1
5053 2879 1
2879 5591 1
5591 2129 1
2129 2868 1
2868 5045 1
5045 1572 1
25 1572 2
1572 332 1
360 2657 1
2657 3096 2
3096 1252 2
2289 2649 8
2487 408 1
408 5785 1
5785 2867 28
2867 2996 3
2996 5666 5
824 1572 1
1572 4105 1
4105 1800 1
1800 1892 2
1892 2363 1
2363 1109 1
1109 5114 1
5114 5785 6
259 1561 4
1561 3731 3
3731 1572 1
2487 4872 4
4872 2867 1
2867 3310 5
3310 2867 5
2867 4668 5
4668 622 2
268 5132 6
5132 2814 6
2814 1823 1
1823 5053 1
5053 268 9
268 4819 1
4819 4777 1
4777 4675 1
4675 2128 1
2128 4775 1
4775 2657 1
2657 5258 2
5258 2289 24
2289 1231 1
1231 2230 1
2230 572 1
572 1892 1
1892 2302 1
2302 1547 2
1547 635 1
635 622 3
5774 3768 1
3768 271 1
271 5494 1
5494 546 2
5733 2683 1
2683 5564 6
5564 4599 1
4599 5785 11
5043 3479 2
3479 4092 1
4092 5778 1
5778 5609 1
5609 2657 1
4771 2358 1
5785 2984 1
2984 5049 1
5049 514 1
514 2875 1
2875 4535 1
4535 2302 5
2302 3572 3
3572 5589 1
5589 501 1
501 1190 1
1190 1572 4
2879 2186 1
2186 4257 1
4257 5237 1
5237 2302 7
2302 1968 1
1968 310 1
310 2879 4
2879 4397 1
4397 4439 2
4439 990 2
1572 5131 2
5131 4439 2
4439 5598 1
5598 60 1
60 2683 1
2683 4599 1
5043 2289 2
2289 2685 4
2685 1135 1
1135 4535 1
4535 3153 1
3153 1190 1
1190 1892 2
1892 259 4
259 2289 4
2289 3570 2
3570 5118 1
5118 5344 1
5344 2289 1
2289 4868 1
4868 4439 2
4439 1161 3
1161 930 1
5237 2879 5
2879 1135 1
1135 5785 1
2879 2775 1
2775 1131 1
1131 1695 1
1695 40 1
40 930 5
930 3120 1
3120 4077 4
4077 2345 1
2345 3688 1
3688 4910 2
4910 1255 1
1255 1992 1
1992 1621 3
1621 1255 2
1255 1837 3
1837 1572 2
5118 3748 1
3748 1190 1
1190 4439 1
4439 903 2
903 1572 3
1572 2244 2
2244 1572 2
1572 1663 1
1663 622 2
622 5666 11
5666 2879 22
2879 3882 1
3882 2879 1
2879 2649 5
2487 4926 8
4926 713 1
713 1584 1
1584 1543 1
1543 5591 1
5591 60 1
60 1572 1
1572 228 7
228 2868 2
2868 3186 1
3186 614 2
614 271 1
841 930 2
1252 2879 3
2879 268 8
268 3883 1
3883 930 1
930 513 1
513 1892 1
1892 5089 1
5089 1992 1
1621 1837 1
1572 1892 2
1892 2879 5
2879 1096 2
271 360 11
360 3335 1
3335 1230 1
1230 2867 10
2867 2396 1
2396 2165 1
2165 3882 1
3882 737 1
737 964 1
964 1584 1
1584 17 1
17 271 1
271 4803 2
4803 2193 2
2193 1037 1
1037 1572 4
1572 2404 2
2404 2867 1
2867 5833 1
5833 4466 1
4466 1621 1
1621 1701 1
1701 1161 1
1161 1147 1
1147 1572 1
1572 3697 4
3697 3844 1
3844 2867 1
271 2498 1
2498 1145 1
1145 1786 1
1786 1626 1
1626 1621 1
1621 1235 1
1235 5666 2
2867 5053 5
5053 394 1
394 2879 1
2879 622 5
1096 4528 2
4528 1621 1
1621 1230 1
2867 1509 1
1509 3217 1
3217 5778 1
5778 964 1
964 271 1
1161 2176 1
2176 5114 1
5114 2879 2
1096 4924 1
4924 5060 1
5060 3310 1
4490 3480 1
2487 2364 8
2364 3434 1
3434 2176 1
2176 1621 1
1621 2667 1
2667 5819 1
5819 1252 1
2879 5049 2
5049 2984 1
2984 5666 1
2487 2962 6
2962 964 1
964 1041 1
1041 4535 3
457 5169 7
5668 268 3
268 2302 10
2302 3311 1
3311 5258 1
5258 1161 1
1161 5785 2
2879 2176 2
2487 4911 5
4911 259 2
259 62 1
62 1572 1
1572 4679 1
4679 2302 1
2302 3681 2
3681 1602 1
1602 5169 1
5169 5132 3
5132 5666 14
5666 1846 1
1846 395 1
395 3688 1
4910 1269 4
1269 1992 2
1837 1695 1
1695 5237 19
5237 4950 1
4950 4330 1
4330 790 1
790 5512 12
5512 5237 4
5237 2779 1
2779 4679 1
4679 1230 1
259 5237 4
5237 268 4
268 1190 2
1572 1230 21
259 1952 2
1952 3688 1
3688 1837 1
1837 5066 1
5066 1253 1
1253 2487 1
4872 5666 2
268 762 1
762 4439 1
4439 60 1
60 5564 1
3879 259 1
259 2657 1
2657 5344 3
5344 626 1
626 4184 1
2487 3463 1
3463 268 1
268 5283 3
5283 4439 1
4439 5237 12
5237 1572 9
833 2487 3
4926 790 1
5237 2649 4
1561 1572 1
1572 2649 6
3582 5258 1
5237 4758 4
4758 4140 1
4140 841 1
841 5591 1
5591 5191 1
5191 987 5
987 5785 7
5774 1572 13
2375 4366 1
4366 1671 1
1671 2435 1
2435 339 1
339 4668 1
4668 5133 1
5133 5785 3
5785 1135 1
1135 4910 1
1992 1572 1
1572 1255 1
1837 3479 1
1572 5089 1
5089 2879 1
2879 5053 3
5666 2985 3
2985 5785 12
3479 3153 1
3153 1695 1
1695 2985 3
2985 1780 1
1780 1893 1
1893 5043 1
5043 5785 10
5785 5570 8
5570 1625 1
1625 964 1
964 2657 2
268 2414 2
2414 2487 1
268 2632 6
2632 903 1
903 2632 1
2632 2244 1
2244 2632 1
2632 1198 1
1198 2632 1
2632 937 3
937 4453 2
4453 1190 2
1190 5118 1
5785 3589 6
3589 5666 7
5666 622 17
5774 389 1
389 5666 1
5774 2922 2
2922 5502 1
5502 5133 1
5133 4142 1
4142 2867 4
2867 4535 1
4535 333 1
271 25 1
4675 2657 1
824 3120 1
5344 622 1
268 3723 1
3723 2302 1
2302 5494 1
5733 5043 1
4028 5191 2
5653 2177 1
2177 2199 1
2199 5350 1
5350 3522 1
3522 5785 1
5785 5553 3
5553 3894 1
3894 271 1
271 5733 9
5733 2473 1
2473 5660 1
5660 3310 1
3310 4615 1
4615 1572 2
1572 3264 2
3264 754 1
754 5037 1
5037 5392 1
5392 1045 1
1045 5725 1
5725 5193 1
5193 4166 1
4166 943 1
943 5785 6
2487 3479 5
1572 4924 1
4924 835 1
835 5496 1
5496 5114 1
5114 2649 1
2649 194 2
259 754 1
754 5258 1
2608 2640 4
2640 4862 1
4862 1687 1
1687 2132 1
2132 4838 1
4838 5785 3
5785 2567 1
2567 5733 1
5733 2657 1
2108 3851 1
3851 1808 1
5350 4897 1
4897 2487 1
2487 271 6
271 2269 1
2269 5114 1
5785 5591 2
987 223 1
223 787 1
787 1 1
1 384 1
384 3548 1
3548 2302 1
1161 987 6
987 2931 1
2931 5785 1
1572 574 1
574 1572 1
1572 5630 1
5630 1092 1
1092 5785 1
5553 271 6
5733 5078 1
5078 2101 1
2101 5785 1
268 5173 2
5173 5043 2
5785 3666 1
3666 3850 1
3850 1687 1
1687 3629 1
3629 271 1
271 1100 9
1100 299 2
5350 2487 9
2475 2879 1
5049 2600 1
2600 5132 1
5132 1278 2
1278 271 2
271 5653 2
5653 4918 1
4918 1572 3
1572 4828 1
4828 271 1
271 3664 5
3664 5785 3
622 1235 6
1235 3120 1
3120 2487 1
2679 1572 2
1572 1045 6
2487 2459 2
2459 4966 1
4966 5785 1
5785 3310 5
3310 2676 5
2676 5259 1
5259 271 1
1572 3031 1
3031 5053 1
5053 743 1
743 2236 1
2236 4910 4
4910 1572 4
1572 4513 1
4513 1278 1
1278 5785 2
5785 2091 2
2091 851 1
194 5630 4
5630 2660 1
2660 3310 1
3310 3579 1
3579 1572 1
1572 1687 5
2868 3851 1
3851 2289 1
2289 1582 1
1582 4439 1
4439 301 1
301 2145 1
2145 2657 1
2657 339 1
339 5695 1
5695 1572 2
268 1067 2
1067 1156 1
1156 2868 1
937 833 1
5666 194 1
2487 1907 1
1907 1290 1
5785 2730 2
2730 4441 1
4441 1572 1
1572 3210 1
3210 5635 2
5635 729 1
729 1597 1
1597 2677 1
2677 698 1
698 4483 1
4483 4726 1
4726 1572 2
2302 2564 7
2564 5824 1
5824 3055 1
3055 5689 1
5689 4653 1
4653 2879 4
2879 317 1
317 4121 1
4121 1584 1
1584 1727 1
1727 1572 1
1582 503 1
503 360 1
360 4443 1
4443 1597 1
1597 2657 1
2657 271 11
4441 4653 1
4653 2487 1
4956 5326 1
5326 1950 1
1950 5774 3
5774 3576 1
3576 5157 1
5157 1532 1
1532 5785 2
5785 4911 15
4911 3927 1
3927 1687 1
1687 4653 1
4653 4838 1
2364 271 2
271 2879 2
2649 2956 1
2956 2657 1
3697 1687 1
1687 319 1
319 2236 1
2236 5346 1
5346 5785 3
5785 5287 13
5287 2629 2
2629 1556 1
1556 1572 1
1572 3589 3
5666 2236 4
2236 5610 1
5610 3973 1
3973 2302 1
2302 4161 1
4161 2005 1
2005 4653 1
4653 5785 1
5287 3056 1
3056 1916 1
1916 1584 1
1584 5130 2
5130 785 1
785 5667 1
5667 3002 1
3002 2628 1
2628 4588 2
4588 271 1
2814 4549 3
4549 5785 3
268 3310 3
3310 1161 5
5559 3310 1
3310 580 5
580 5785 7
4439 5346 2
5346 2794 1
2794 2355 1
2355 2657 1
2657 2643 2
409 1808 1
5785 369 1
369 5169 1
1252 987 3
987 502 1
502 4439 1
4499 271 2
1843 5785 1
5287 2302 2
4968 2236 1
3014 5785 1
5785 584 4
584 2867 1
3120 208 1
208 3120 1
5344 2867 4
5785 191 1
191 1834 1
1834 2657 1
2657 5229 7
5229 5785 6
5785 4547 8
1252 4793 1
4793 5666 3
5666 5087 5
5087 983 1
983 1161 1
1161 4838 1
4838 571 1
571 5785 5
5785 3202 1
3202 2579 1
2579 5258 1
937 1190 3
1190 1505 2
1505 2657 1
5785 2782 1
2782 4535 1
4535 1572 7
1572 4696 1
4696 740 1
740 559 1
559 3014 1
3014 2236 6
2236 268 2
268 835 3
835 4167 1
4167 1572 1
1572 654 1
654 2867 1
5350 4901 1
4901 2867 1
2867 1038 2
1038 4881 1
4881 1465 1
1465 512 1
512 3139 1
3139 2867 1
2302 2037 1
2037 5043 2
5666 813 1
813 2867 4
2867 4484 1
4484 4612 1
4612 2879 1
1695 5635 1
5635 926 1
926 1461 1
1461 1695 1
1695 271 10
271 512 1
512 2302 2
2302 841 5
841 5043 3
271 2867 11
1038 197 1
197 2487 1
2814 4542 1
4542 512 1
512 271 1
2867 2037 2
2037 2435 1
2435 2867 1
2867 414 1
414 268 3
268 2487 21
268 3257 1
3257 1925 1
1925 2886 1
2886 268 4
268 937 4
2487 163 1
163 1 1
1 1709 1
1709 2168 1
2168 1542 1
1542 5585 1
5585 937 1
937 4710 1
4710 4956 2
4956 5173 1
5173 4424 1
4424 231 1
231 457 1
457 3281 1
3281 2302 1
2564 432 1
432 1700 1
1700 2072 1
2072 3762 1
3762 2661 1
2661 2867 3
2867 1397 1
1397 2302 1
2302 2005 3
2005 1826 1
1826 1 1
1 1584 2
1584 5731 1
5731 3028 1
3028 4460 1
4460 5165 2
5165 5191 1
5191 3144 1
3144 2302 1
2302 3511 7
3511 275 2
275 2867 1
2867 4910 2
4910 1609 1
1609 1759 1
1759 5737 1
5737 5785 3
5785 2251 1
2251 3932 1
3932 4710 3
4710 2302 12
2302 2867 18
2867 5120 5
2487 4876 2
4876 4439 2
5785 813 2
813 3488 1
3488 2302 1
4968 2375 1
2375 5785 8
5785 3661 2
3661 4499 1
4499 2302 1
4927 1572 6
1572 1406 5
1406 5666 6
5666 2844 1
2844 268 2
268 3025 1
3025 1563 1
1563 4901 1
4901 449 1
449 3310 1
3310 2318 1
2318 5635 1
2844 4035 1
4035 2318 1
2318 3014 1
3014 1093 1
1235 466 1
466 2793 1
2793 5785 1
360 4941 3
4941 1572 11
304 1338 1
1338 5663 1
5663 404 5
404 1712 1
1712 5764 1
5764 4599 1
4599 3449 4
3449 5237 1
1252 5774 7
5774 520 1
520 4535 1
4535 1177 1
5666 4911 2
4911 273 1
273 51 2
51 5572 1
1572 5050 1
5050 5785 1
5785 5237 21
5237 4702 1
4702 5043 1
833 4439 6
5785 5763 1
5763 2867 1
2867 5237 3
5237 1692 2
1692 5442 1
5442 2304 1
2304 4535 1
4535 841 2
841 619 1
619 389 1
389 1290 1
1290 5774 11
5774 580 14
580 3480 3
3480 2289 9
5237 2487 29
2487 410 1
410 3355 1
3355 5785 2
5785 640 2
640 1187 1
1187 1584 2
1584 5066 2
5066 841 3
841 5785 8
5785 4691 5
4691 5237 2
5237 5553 1
5733 1572 1
1572 5389 1
5389 5660 2
3264 1572 3
1572 3699 11
3699 1177 2
4911 5563 1
5563 3014 1
3014 40 2
40 5237 3
5237 1734 1
1734 5785 1
5237 3481 2
3481 1950 3
1950 5237 4
5237 3466 1
3466 5553 1
5733 1950 1
1950 5785 7
5237 4872 3
4872 3466 1
3466 299 2
299 2868 1
2868 316 1
316 299 1
299 1 1
1 1950 3
1950 3466 1
299 4750 1
4750 4439 1
4515 2670 2
2670 5224 1
5224 786 1
786 2868 1
2868 2487 5
4872 2643 1
2643 5564 1
5785 2868 5
2868 3481 2
3481 1 1
1 5237 7
5237 185 1
185 2512 1
2512 228 1
228 5733 1
5733 4691 1
4691 5785 4
5785 360 3
360 3481 1
3481 5666 1
5666 1563 4
1563 284 1
284 271 1
841 5049 1
5049 2865 1
2865 5666 1
2867 5393 2
5393 4515 1
3014 3604 1
3604 5132 1
5132 2670 1
2670 3481 1
3481 271 1
5733 5066 1
5066 2136 1
2136 2487 1
2487 5389 5
5389 2632 1
2632 5660 1
5660 2632 1
2632 3264 1
1572 5388 3
5388 1572 2
2486 4557 2
4557 2487 2
2487 2756 1
2756 1572 1
5389 1572 1
304 5792 1
5792 5773 1
5773 1734 1
1734 1572 1
1572 520 1
520 2691 1
4535 2634 1
2634 5666 1
5666 2657 1
2657 5774 14
2487 3689 2
3689 4691 1
4691 3481 1
3481 1695 1
5237 5389 1
5785 404 13
404 1800 1
4911 5660 1
5660 4439 1
4439 2197 3
2197 2867 7
2867 4688 1
4688 5785 1
5785 3697 2
3697 713 1
713 1801 1
1801 5708 1
5708 2868 2
271 4094 3
4094 5303 1
5303 1572 3
1572 1325 1
1325 2454 1
2454 2865 1
2865 2641 1
2641 259 3
259 5778 1
5778 2487 3
2487 3324 3
3324 5785 2
5666 1584 4
1584 2867 2
2867 2245 1
2245 675 1
675 2657 2
2657 3355 1
640 4842 1
4842 1584 1
3689 5774 1
5774 4691 1
4911 5756 1
5756 1572 2
1230 3478 2
3478 5237 1
5237 271 6
5733 5237 1
5237 273 1
51 5043 1
5237 5043 4
5043 3022 1
3022 5666 1
5666 2491 1
2491 1249 1
1249 4911 1
4911 2608 1
2608 5663 1
404 1706 1
1706 5027 1
5027 2867 1
2867 5008 2
5008 4439 1
4439 4927 1
4927 2106 1
2106 4288 1
4288 1756 1
1756 1611 1
1611 2110 1
2110 3168 1
3168 949 1
949 1874 1
1874 1572 1
4873 5774 1
5774 1235 5
5666 5049 6
5049 5774 2
5785 3549 2
3549 271 1
271 2333 1
2333 1290 1
1290 5114 6
5564 1561 3
1561 5428 1
5428 2867 1
2867 264 1
264 4257 1
4257 2868 2
271 1794 1
1794 1572 1
1572 1456 1
1456 3355 1
3355 2985 1
5785 5669 1
5669 5659 1
5659 3549 1
3549 5785 1
5237 2387 1
2387 1755 1
1755 2302 1
2302 5066 3
5066 4848 1
4848 2867 2
2867 4731 4
4731 5432 1
5432 2302 3
4911 5671 1
5671 538 1
538 3968 1
4535 3697 2
3697 2922 5
1338 906 1
906 407 1
2027 1808 1
1808 5669 1
3398 4599 1
3449 1712 1
1712 5523 1
5523 1924 1
1924 4086 1
4086 1807 1
1807 2302 1
3511 1 1
1 4384 1
4384 3014 1
3014 4835 1
4835 271 1
271 5544 1
5544 455 1
4439 4506 1
1621 786 1
786 3880 1
3880 1572 1
1235 2363 1
2363 5026 1
5026 3402 1
3402 3156 1
3156 640 1
640 5785 1
5785 5258 4
5237 1187 1
1584 841 2
841 3574 1
3574 2236 1
2236 4668 2
4668 640 1
640 5358 1
5358 5237 1
5237 5785 11
5785 2270 1
2270 833 1
5237 988 1
988 1231 1
1231 3753 1
3753 5775 1
5775 4352 1
4352 2733 1
2733 2867 1
2867 575 1
575 622 1
622 833 2
833 5237 2
5237 3156 1
3156 3565 1
3565 5666 3
3014 4710 1
4710 2487 5
2487 652 1
652 5785 1
1584 5093 2
5093 5785 1
5350 949 2
949 987 7
987 2846 1
2846 271 1
271 864 29
864 1572 11
1572 618 1
618 5132 1
5132 1572 3
1572 4213 1
4213 5666 2
5666 2691 2
2691 5066 1
5066 988 2
988 937 1
937 1572 6
271 1097 1
1097 5785 1
5350 2691 1
5774 4317 1
4317 1563 1
1563 5774 2
5774 3753 5
3753 3699 1
3699 5785 1
1572 3879 3
3879 1326 1
1326 1252 2
1252 1132 1
1132 5785 1
5785 5778 5
988 4691 1
4691 2879 1
2879 5785 8
5785 2687 3
2687 2608 1
2608 5258 3
5785 2640 2
2640 988 1
988 577 1
577 5066 1
988 5258 2
5258 4988 4
4988 1572 2
1572 5237 5
5237 1096 7
1096 1132 1
1132 2879 1
5785 2574 1
2574 833 1
5237 2608 5
5785 988 1
988 4873 1
4873 4453 1
4453 5258 1
4988 2867 1
5237 5114 2
5114 1252 14
4599 1985 1
4873 2867 4
5785 3481 1
3481 2867 1
2867 1230 1
2867 2487 50
2487 4287 1
4287 4625 1
4625 5258 2
271 1752 12
1752 933 1
933 5032 3
5032 5258 1
2814 1098 1
1098 1572 5
2687 5668 1
5668 3283 1
3283 5785 1
2302 5114 11
5237 2687 1
2687 933 1
5032 4633 1
4633 2867 1
2867 404 3
404 2257 1
2257 3892 1
3892 2868 1
2868 5668 2
5668 5339 1
5339 2487 1
2487 5501 2
5501 2027 2
2027 2868 3
2868 1572 13
5666 3479 1
864 1961 1
1961 4535 2
4535 433 1
433 475 1
475 5666 1
5666 5591 1
987 5258 1
5258 3178 2
3178 2487 2
268 1741 1
1741 271 1
271 4398 5
4398 1 3
1 2151 4
5078 2985 1
2985 2867 6
2867 4229 1
4229 1695 1
2985 426 1
426 203 1
203 1489 1
1489 5350 2
5350 687 1
687 1584 3
1584 2844 1
2318 2867 2
4731 4088 1
4088 841 1
841 271 3
271 2844 9
2844 4033 1
4033 5785 2
2922 1290 1
2236 4841 1
4841 1572 1
1572 1290 5
268 5393 1
5393 2867 1
3697 4731 1
4731 1808 1
5350 4758 5
4758 5361 1
5361 2867 1
2867 3482 1
3482 271 1
2844 1572 5
1572 2407 1
2407 5666 1
5666 666 1
666 5785 1
5785 1230 2
3478 271 1
5733 2302 1
987 4751 1
4751 4159 2
4159 2867 1
2867 3479 5
1687 4988 3
1572 899 2
899 2867 1
4683 1230 3
1230 5169 2
5169 2487 4
2487 3005 3
3005 988 1
988 2364 1
2364 5785 2
5785 1242 1
1242 2302 4
271 4978 5
4978 2657 2
2657 4988 1
1572 299 3
299 4453 1
4453 3366 1
3366 271 2
4978 4090 1
4090 2691 1
404 2985 1
2985 3014 2
2360 1812 1
1812 1584 1
1584 3272 2
3272 2236 1
2236 2901 2
2901 1041 1
259 4458 2
4458 5563 6
5563 2657 4
2657 3138 2
3138 66 1
66 5258 1
268 2360 1
2360 2660 1
2660 4988 1
4988 1892 1
1892 2487 5
1561 2236 1
4901 1572 3
1572 4365 5
5666 2603 1
2603 4263 1
4263 4557 1
1572 3040 1
3040 5258 1
5258 3014 1
3014 4348 1
4348 5049 1
5049 2737 18
2737 4988 1
299 1096 1
983 2962 1
2962 2487 1
2487 1047 2
1047 2640 1
2640 5123 1
5123 5774 1
5774 5132 4
5132 3387 1
3387 2125 1
2125 271 2
271 2801 1
2801 1572 4
1572 4901 3
4901 2236 5
2236 608 1
608 2851 1
2851 2302 1
2302 1197 1
1197 2867 1
2867 900 1
900 5666 1
5666 1383 1
1383 5785 1
5785 1130 1
1130 1230 1
2487 1135 1
1135 2867 1
2867 988 2
988 5785 1
5785 3313 6
3313 1687 4
1572 1420 1
1420 5258 1
2867 5191 1
5191 1098 2
1098 1584 1
1584 5169 4
5169 988 1
988 3014 1
3014 404 1
404 2879 2
2879 2401 1
2401 258 1
258 211 1
211 1572 2
1572 4608 1
4608 3310 1
360 864 5
864 1045 1
3480 2867 6
2487 27 1
27 1572 1
2487 1430 2
1430 2302 1
2302 2520 2
2520 271 1
271 5244 3
5244 2657 1
268 1041 5
1041 2867 5
2487 2660 1
2660 1572 1
1572 2646 1
2646 2867 1
2487 2740 1
2740 2867 1
2867 833 7
5666 259 11
259 2879 6
2879 4439 2
2879 2632 2
2632 979 1
979 446 1
446 2337 2
2337 4746 1
4746 5026 1
5026 2879 1
2879 2041 1
2041 2867 1
2269 1572 1
2867 3481 4
3481 5774 1
5774 360 1
1572 4515 4
4515 5758 1
5758 1345 1
1345 2867 1
2867 5049 2
5049 5221 1
5221 5666 1
2867 360 2
360 1278 2
1278 268 2
268 3565 2
3565 3310 1
3310 1674 2
1674 4889 1
4889 3014 1
2236 708 1
708 2302 1
4511 1572 1
4911 85 1
85 2867 1
899 1242 1
4978 1230 1
3005 2867 3
1572 976 6
976 3366 1
4978 899 1
899 5045 1
5045 5785 2
5785 1290 10
5785 2599 1
2599 2302 6
2867 1444 1
1444 5553 1
5733 4184 1
4184 949 2
949 2867 1
2867 5481 1
5481 3478 1
3478 5785 1
1572 4590 1
4590 3499 1
3499 2657 1
2657 3310 2
3310 193 1
5615 5785 1
5785 5313 2
5313 5378 1
5378 2985 1
2867 3807 1
3807 5733 1
5733 5785 1
2487 1133 1
1133 2956 1
2956 5337 1
5337 2657 2
2657 5087 3
5087 5785 14
4439 4181 2
4181 5553 1
5553 5224 1
5224 2302 1
1547 3014 1
3014 4103 1
4103 2482 1
2482 3014 1
3014 1602 1
1602 988 1
988 5251 1
5251 3120 1
3120 1093 2
1093 1572 1
1572 2704 3
2704 1503 1
1503 1045 1
1045 113 1
113 5785 1
1252 3480 1
3480 1417 1
1417 3310 1
3310 949 1
949 1621 4
1621 3310 1
3310 5191 1
1098 5258 1
4988 5668 1
5668 3030 1
3030 2985 1
2985 3089 1
3089 3684 1
3684 1695 1
1695 5132 16
5132 1687 1
1687 2867 16
271 4411 7
4411 3591 1
3591 988 1
988 2867 1
2867 2398 1
2398 4159 1
4159 258 1
258 2302 1
2302 5380 1
5380 1572 1
1252 3591 1
3591 271 2
271 1973 1
1973 571 1
571 5049 1
5049 1278 3
268 2867 10
3310 4564 1
4564 2867 2
2867 1161 1
1161 1572 7
2487 1254 8
1254 3669 1
3669 4676 1
4676 503 1
503 1100 2
299 4901 1
2236 2375 1
2375 651 1
651 2868 1
2868 1584 1
5093 2868 1
2868 5350 3
5350 2597 1
2597 4184 4
4184 3787 1
3787 2867 1
2375 4599 1
5666 3463 1
3463 4535 1
3572 4805 1
4805 2657 1
5774 2646 2
3570 3014 1
2236 4311 1
4311 1572 1
1950 1625 1
1625 446 1
2337 790 1
5512 271 1
3813 356 1
356 987 1
987 1808 2
2487 3806 1
3806 2649 1
1185 2867 1
2867 3420 1
3420 5785 1
5785 4588 1
4588 3685 1
3685 1687 2
1687 4354 6
4354 1572 9
1572 5430 1
5430 271 1
271 5808 6
5808 718 1
718 4439 2
107 1622 3
1622 2867 1
2867 3844 2
3844 5785 1
271 4910 1
4910 217 1
217 5539 1
5539 271 1
271 5614 3
5614 2018 3
2018 2364 1
2364 1892 1
1892 3668 1
3668 5625 1
5625 268 1
268 2505 1
2505 5785 1
4702 3088 1
3088 2985 2
2867 2632 2
2632 2302 4
2302 5695 1
1572 75 4
75 2487 1
2640 489 5
489 2289 2
2289 2972 2
2972 1281 1
271 5778 13
5778 4910 2
4910 1588 1
1588 3828 1
3828 5630 7
5630 3014 1
3014 2302 1
2302 2676 3
2676 1434 1
1434 955 1
955 1 3
1 1796 2
1796 4124 1
4124 4535 1
4535 3363 1
3363 841 1
841 5258 1
268 4907 1
4907 4410 1
2867 2314 2
2314 787 1
787 5370 1
5370 2289 1
2289 3111 1
3111 2047 1
2047 4423 3
4423 1572 4
1572 1870 1
1870 2486 1
1058 3310 1
580 4901 1
4901 1434 1
1434 5785 2
271 5539 6
5539 3063 1
3063 2814 1
2814 2302 2
2302 3934 1
3934 1572 2
1572 4043 1
4043 5053 1
5053 4423 1
1572 1036 1
1036 2302 1
2302 475 1
475 1489 1
1489 2867 4
2867 480 1
480 1104 1
1104 2398 1
2398 1572 1
1572 1834 1
1834 5785 1
299 3981 1
3981 1955 1
1955 5785 4
5785 4874 2
4874 4901 1
5625 2935 1
2935 5785 1
2657 3014 1
3014 4515 1
4515 4410 1
4410 2743 1
2743 2867 1
271 65 1
65 571 1
5785 4629 3
4629 3851 1
3851 1687 1
1687 5049 1
1278 1572 5
1572 937 11
937 3554 1
3554 2868 1
2868 5132 4
5132 3089 1
3089 3307 1
3307 622 1
1235 268 2
439 5785 2
268 1532 4
1532 5043 1
5043 3846 1
3846 275 1
275 5591 1
987 2302 1
5176 3509 1
3509 5208 1
5208 930 1
930 2047 1
4423 2487 1
1561 2632 3
2632 1800 1
1800 2632 1
2632 5493 1
5493 5043 1
4028 949 1
1621 5191 3
5191 2177 1
2177 3281 1
3281 2236 1
2236 2744 1
2744 271 2
271 917 2
917 2072 1
2072 5087 1
937 3798 1
3798 4535 4
4535 2487 6
2269 1695 1
5785 5351 1
5351 5258 1
299 786 1
786 2685 1
2685 268 9
268 2294 1
2294 1231 1
1231 4439 1
4439 5059 1
5059 3958 1
3958 2055 1
2055 1572 1
1572 607 1
607 271 1
2914 5610 1
5610 370 1
370 486 1
486 4439 2
4439 1800 1
1572 3828 11
1235 724 1
724 531 1
531 1572 1
1572 213 1
213 4910 1
4910 2206 4
5785 5087 3
5087 4758 1
2487 5570 3
5570 480 1
5778 5082 1
5082 271 1
271 2765 1
2765 5785 1
5785 3031 5
3031 1282 1
1282 271 1
2018 2657 2
2657 4901 1
2236 4911 1
4911 5344 1
5344 3120 2
3120 3831 1
3831 1687 2
1687 3146 1
3146 5785 1
4077 641 1
641 1584 3
1584 4588 3
4588 5785 2
360 268 3
271 4593 1
4593 1572 1
1572 4890 1
4890 1572 1
622 5614 1
5614 1572 1
1572 5614 1
5614 3014 1
3014 5483 1
5483 1584 1
1100 1572 5
1572 1434 1
5785 2814 4
4184 2867 3
2867 937 6
937 4051 1
4051 2302 1
2302 5191 4
268 4645 1
4645 1572 1
1572 4956 2
4956 5785 2
1177 937 1
937 5666 2
2867 5473 3
5473 1572 1
268 5388 1
5388 1532 2
1532 4439 1
4439 842 1
842 5785 1
5785 3630 1
3630 4965 1
4965 4625 1
4625 4184 2
5350 3626 1
3626 75 1
75 3310 2
3310 5235 1
5235 2844 1
5049 2106 3
2106 5666 1
5666 5635 1
5635 2879 1
2879 2487 23
2269 4039 1
4039 1572 1
1572 4737 3
4737 2991 1
2991 5206 1
5206 268 1
268 4663 5
4663 5357 1
5357 1 1
1 955 1
955 4528 1
4528 1584 2
5130 1171 1
1171 218 1
218 5483 1
5483 4901 1
4901 2641 1
2487 2964 4
2964 5785 1
5785 2632 5
2632 2662 2
2662 2632 2
2632 5620 1
5620 2980 1
2980 4625 1
4184 5344 1
5344 271 2
2867 3079 1
3079 5785 1
5785 95 1
95 2761 1
2761 5539 1
5539 4487 1
4487 1107 1
1107 2657 1
2657 2302 9
271 5303 6
5303 3363 1
3363 4453 1
4453 1946 1
1946 4910 1
4910 1459 2
1459 3259 2
3259 556 1
556 5785 1
5785 2736 2
2736 5785 1
5785 264 4
264 2386 1
2386 2868 1
2868 4451 1
4451 1572 1
1572 3911 6
3911 1290 10
1290 983 5
983 3916 1
3916 1903 1
1903 4910 1
4910 2074 1
2074 3600 1
3600 3833 1
3833 271 1
5303 5258 1
5258 4927 1
4927 5668 1
5668 364 1
364 2487 1
2487 1354 1
1354 4499 1
4499 5785 3
4911 700 1
700 5615 1
5615 47 1
47 5668 1
5668 688 1
688 5635 1
5635 4002 1
4002 5049 1
2737 2991 1
2991 5774 1
3120 5213 1
5213 4169 1
4169 3737 1
3737 3363 1
3363 4458 2
4458 1848 2
1848 5785 3
5440 735 1
735 3014 1
3014 271 2
2018 5785 2
264 3399 1
3399 2906 1
2906 2918 1
2918 3600 1
3600 2302 1
2302 3809 3
3809 2176 3
1572 4874 5
4874 3259 1
3259 1217 1
1217 5442 2
5442 5785 3
5785 3844 1
3844 622 1
271 3629 2
3629 1695 1
1695 288 1
288 271 1
5539 2236 1
3014 2867 1
271 1191 1
1191 2649 1
2487 3270 1
3270 4316 1
5666 268 15
622 1582 2
1582 5728 1
5728 7 1
7 4599 1
5666 76 3
76 4787 1
4787 2867 1
2867 4103 1
4103 674 1
674 1230 1
1230 5132 1
5132 2360 1
2360 4187 1
4187 271 1
1687 4764 2
4764 2886 1
2886 2922 1
2922 3033 1
3033 151 1
151 4025 1
4025 4988 1
5061 930 1
930 1235 5
1235 5625 1
5625 188 1
188 5666 2
5666 1488 2
1488 2660 1
2660 4103 1
4103 4439 1
4439 5592 1
5592 3046 1
3046 5785 1
5785 2985 3
2360 299 1
299 2902 1
2902 1572 1
5666 983 2
983 5774 4
5774 3310 1
360 341 1
341 268 1
268 674 1
674 1589 1
1589 5774 1
5774 2593 1
2593 3613 1
3613 5785 1
5785 1687 3
299 5785 1
5569 480 1
480 3699 1
2922 268 3
268 1112 1
1112 5785 1
5785 3281 1
3281 1572 4
1572 2116 1
2116 1572 1
4911 5600 2
5785 1 5
1 4901 1
2236 2482 1
2482 211 1
1572 4033 2
4033 622 1
622 1572 4
360 2302 2
2302 4490 7
4490 4143 1
4143 299 1
299 4996 1
4996 1646 1
1646 2113 1
2113 2867 1
2867 1561 1
1561 5049 1
5049 2174 1
2174 271 1
271 5722 2
5722 1621 2
1621 4554 1
4554 2193 2
2193 943 2
943 271 1
2018 5666 1
2867 1646 1
1646 3480 1
2487 1601 1
1601 1572 1
1572 585 4
2364 2302 1
2302 2814 12
2814 2140 1
2140 5258 1
1190 1420 1
1420 2985 1
601 5666 1
622 2330 1
2330 1572 1
2269 75 2
75 1808 1
1808 1509 1
1509 4901 1
4901 3639 1
3639 5785 3
1687 5808 1
5808 1290 1
1290 3985 1
3985 1892 1
2867 3843 1
3843 1584 2
1584 864 3
864 5053 2
268 2184 1
2184 4439 8
4439 2282 4
2282 5527 1
5527 4167 1
4167 1968 1
1968 4504 2
4504 3113 1
3113 3903 2
3903 2808 1
2808 254 1
254 475 3
475 4910 1
1800 949 1
949 770 1
770 1572 1
1572 1968 2
1968 351 1
351 5785 1
5785 3217 2
3217 911 1
911 2302 1
107 3697 1
3697 3921 1
3921 271 1
5808 5668 1
5668 4570 1
4570 2696 1
2696 4515 1
4515 3534 1
3534 5785 3
4365 5263 1
5263 271 3
2018 1505 1
1505 4439 8
4439 4535 16
4535 4410 2
4410 1572 5
1572 1994 1
1994 5340 1
5340 987 1
1177 4639 1
4639 1 1
1 3310 3
2676 3972 1
3972 943 1
943 4052 1
4052 5785 1
268 1056 1
1056 3110 1
3110 1572 1
1572 4425 1
4425 2051 2
2051 5043 1
1572 1309 1
1309 939 1
939 3080 1
3080 5668 1
5668 2632 1
2632 3014 1
3014 2632 1
2632 299 1
299 2641 1
2269 5785 5
5785 3101 1
3101 5785 1
4365 271 2
5778 1252 3
1252 2676 2
2676 1088 1
1088 2236 1
2236 4169 1
4169 1572 4
75 1695 1
5132 2236 1
4901 2401 2
2401 4159 2
4159 271 1
268 5282 2
5282 4710 1
2302 254 1
254 4439 4
4439 475 4
475 5785 1
5043 5295 1
5295 271 1
2236 3277 5
3277 5666 1
5666 1313 3
1313 622 1
622 2859 2
2859 1572 1
1572 3126 1
3126 5132 1
5132 3828 1
3828 2857 1
2857 2236 1
3014 4872 1
4872 1474 1
1474 5785 2
5785 1621 3
1621 5473 1
5473 5785 1
3217 622 2
622 373 1
373 271 4
5539 1808 1
5350 3737 1
3737 4758 3
4758 4917 1
4917 3480 1
5785 881 1
881 5352 1
5352 4901 2
4901 622 1
622 3884 1
3884 1687 3
1687 254 3
254 1572 1
1572 4629 5
4629 4758 1
4758 2401 1
2401 271 1
864 2867 3
5120 4158 1
4158 1572 1
937 4038 1
4038 5591 1
5591 2676 2
2676 271 1
271 1733 1
1733 5563 1
5563 268 2
268 360 4
360 271 5
817 3363 1
3363 1848 4
1848 2867 3
2867 502 2
502 271 7
5049 9 1
9 5666 1
5666 5706 1
5706 375 1
375 1572 4
1572 559 4
559 3310 1
3310 5539 1
5539 2487 1
2487 1406 11
1406 1955 1
1955 2604 1
2604 2867 1
2867 5707 1
5707 2661 1
2661 4864 1
2691 2106 1
2106 203 1
203 4439 2
4439 4784 1
4784 4505 1
4505 5410 1
5410 1572 1
1572 3614 1
3614 4535 2
4535 2692 1
2692 2661 1
2661 1572 6
1572 1695 16
2867 4408 1
4408 1230 1
259 635 4
635 4691 1
4691 1572 1
360 2200 1
2200 1572 1
1572 203 1
203 360 1
360 1136 1
1136 2815 1
2815 1798 1
1798 177 1
177 5785 1
5785 2641 6
4689 937 1
937 2985 1
2867 3398 2
3398 4406 1
4406 4838 1
4838 2867 1
2867 4600 2
4600 2302 1
2814 2661 2
2661 3697 1
3697 2302 2
271 130 1
130 5536 1
5536 2005 1
2005 2661 1
2661 3310 1
3310 428 1
428 203 1
4439 4505 1
4505 2487 1
2487 4793 1
4793 5169 1
1584 4257 1
4257 4460 1
5165 2427 1
2427 3144 1
3144 593 1
593 1290 4
5774 4219 1
4219 5049 1
5049 4957 1
4957 4438 2
4438 5666 1
937 608 1
608 512 1
841 1489 1
2867 229 2
229 2302 3
1572 1762 2
1762 3310 3
3310 3511 5
3511 1572 1
1572 498 1
498 2985 1
2985 190 2
190 1616 1
1616 583 1
583 4034 1
4034 3640 1
4901 2922 1
4911 3884 1
475 1572 2
1572 2766 2
2766 5666 4
5053 2972 1
2972 1235 1
1235 4375 1
4375 2302 1
2302 949 6
949 699 1
699 5635 1
5635 5612 1
5612 5816 1
5816 4751 1
4751 2401 1
2401 5118 1
5785 4913 1
4913 5258 1
2867 1796 2
1796 1621 1
1621 1088 1
1088 700 1
700 47 1
47 2302 1
2302 4918 5
4918 2375 1
2375 4901 1
4901 976 1
976 4477 1
4477 2302 1
4515 1820 1
1820 2657 1
2657 4539 1
4539 5785 2
2487 314 3
314 2867 2
2487 1474 1
1474 3310 1
3310 2774 2
2774 2170 1
2170 4788 1
4788 1 1
1 118 1
118 537 1
537 4439 1
4439 183 1
183 2302 1
2302 183 2
183 4938 1
4938 3106 1
3106 1572 1
523 2487 1
2269 2364 5
2364 4535 1
4535 2176 1
2176 5785 3
1252 304 1
304 3740 1
3740 4957 1
4957 5448 1
5448 813 1
813 2236 1
2236 4661 1
4661 4453 1
4453 4535 5
1572 3807 5
3807 5630 9
5785 4793 2
5785 979 3
979 5785 6
5785 1474 1
1474 1914 1
1914 4788 1
4788 1093 1
1093 2027 1
2027 5785 5
5785 4075 1
4075 5785 1
2657 304 6
304 5349 1
5349 1920 1
1920 1476 1
1476 5785 2
5785 4074 7
4074 1572 2
1572 589 2
589 2302 5
2302 2661 8
2661 3014 1
2236 4942 1
4942 3310 1
3310 4567 5
4567 5539 1
5539 2948 1
2948 1937 2
1937 94 1
94 813 1
813 1572 6
1572 1242 1
2302 1704 1
1704 1553 1
1553 5114 1
2867 1922 1
1922 5666 1
5666 1553 1
1553 3521 1
3521 5258 1
3310 2661 1
2661 5114 1
5114 3418 1
3418 2302 1
2176 5284 1
5284 5666 4
2867 5375 1
5375 2657 1
2657 4625 1
4625 5785 1
2632 4710 1
4710 5785 2
2487 407 5
407 2632 1
2814 1553 1
1553 1 1
1 2867 8
2867 2151 1
5078 62 1
62 1937 1
1937 3310 1
3310 2001 1
2001 1572 1
1572 2923 1
2923 4735 1
4735 4628 1
4628 404 1
404 4110 1
4110 5778 1
5778 2868 1
2868 1967 1
1967 5785 1
271 5726 1
5726 2641 1
2641 271 4
271 1278 7
1278 2487 4
409 5785 2
5785 1235 13
1235 5049 2
5049 94 1
94 1030 1
1030 813 1
813 2375 2
2375 2867 4
2867 5449 1
5449 5410 1
5410 2302 3
1572 4038 1
4038 2550 1
2550 580 3
580 2487 2
2487 5710 3
5710 3697 1
3697 304 3
304 4911 1
4911 265 1
265 1762 1
3511 2047 1
2047 4411 1
4411 5671 1
5671 271 4
271 484 3
484 622 1
622 1347 1
1347 622 1
622 2915 1
2915 5666 1
5666 3592 2
2302 1119 3
1119 2546 1
2546 1922 1
1922 3828 1
5666 5694 1
5694 5569 1
5569 2867 2
2867 1361 1
1361 3697 1
2922 5444 3
5444 2010 1
2010 2597 1
580 5110 1
5110 4937 1
4937 1572 1
2375 4758 1
4758 1413 1
1413 271 1
2018 4217 1
4217 1920 1
4748 1572 1
1572 4692 2
4692 498 1
498 507 1
507 5785 1
4911 1285 1
1285 1 1
1 3014 1
3014 4007 1
4007 2251 1
2251 2010 1
2010 304 1
304 2867 3
2867 3917 1
3917 2326 1
2326 841 1
841 2302 1
183 1572 1
4911 3926 3
3926 5159 1
5159 4955 1
4955 5715 1
5715 2887 1
2887 1582 1
1582 2169 1
2169 5158 1
5158 2879 1
2879 5569 1
5785 5401 1
5401 5785 1
3479 2608 1
2608 554 1
554 2879 3
2879 2962 1
2962 5785 7
271 3497 9
3497 2487 1
2487 5199 5
5199 5785 2
5785 4411 3
4411 4110 1
4110 2834 1
2834 1712 1
1712 5560 1
5560 4110 1
4110 2962 1
5785 2607 1
2607 271 1
3497 2867 1
2867 3521 1
3521 2302 1
5650 4069 1
4069 1572 1
1572 5396 1
5396 2169 1
2169 2487 1
5199 2867 1
2867 3697 1
304 264 1
264 1391 1
1391 271 1
4515 4907 1
4907 2813 1
2813 1572 3
1572 1296 1
1296 3363 2
3363 4927 1
4927 622 1
622 5298 1
5298 2169 1
2169 5635 1
5635 2197 5
2867 4474 1
4474 4439 1
4535 2813 2
2813 589 1
2661 1031 1
1031 2796 1
2796 1937 1
1937 1406 1
1406 5785 3
229 1687 8
1687 5785 11
5785 5635 1
5635 360 1
360 5539 2
5539 2867 1
5785 20 1
20 4700 1
4700 5666 1
2867 5569 4
5785 3478 1
3478 1572 3
5274 5668 1
2487 4528 10
4528 2867 2
2867 2649 3
1185 5785 1
5785 5396 1
5396 2867 1
2867 3746 1
3746 5785 1
833 2867 3
2867 5666 11
2867 5026 1
5026 790 1
790 2657 2
2657 2867 17
2867 5132 3
5132 4507 1
4507 5573 1
5573 4434 1
4434 1572 1
1572 4900 5
4900 5785 1
5785 5008 3
5008 2814 1
5785 1940 1
1940 3325 1
3325 1254 1
1254 4072 1
4072 5258 1
2867 3363 4
3363 4411 10
4411 2657 1
2867 5442 2
5442 5008 1
5008 5785 6
1290 536 1
536 1964 1
1964 5785 1
5350 1177 1
5785 3349 2
3349 2657 1
304 4439 1
4439 266 3
266 2244 3
2244 721 1
721 1584 1
1584 1964 1
1964 1572 1
5263 1687 1
5013 2867 1
2867 4629 4
4629 5449 1
5449 2985 1
2985 5778 3
5778 1030 1
1030 3110 1
3110 1290 1
1572 4574 3
4574 4848 1
1687 955 4
955 4599 1
5666 5569 3
5569 2814 1
2197 3011 1
3011 1572 4
1572 1489 3
5350 5785 1
5785 5274 2
5274 2662 1
2662 2867 1
2867 3388 1
3388 3363 1
3363 4535 1
4535 554 2
554 5785 4
5785 2563 2
2563 3657 1
3657 4744 1
4744 4439 2
4439 4588 3
4588 1572 1
5118 3481 1
1950 1584 2
2289 4589 1
4589 2867 1
4629 1474 1
1474 5635 1
2197 5785 4
404 4910 3
4910 4968 1
4968 5111 1
5111 3401 1
3401 2867 1
2867 1687 3
1687 4918 1
1572 4735 2
4735 432 1
432 2302 5
2302 785 1
785 4410 1
4410 2950 1
2950 466 1
466 1463 1
1463 2027 1
2027 2886 1
2886 5785 1
5785 3537 3
3537 4410 1
4410 2302 1
2302 203 1
203 1173 1
1173 271 1
271 4941 8
4941 3014 1
3014 4453 1
4453 4875 1
4875 1290 2
1290 203 1
203 1572 1
4439 4955 5
4955 1251 1
1251 1808 2
2867 3745 1
3745 876 1
876 1695 2
1695 5139 1
5139 1572 1
1572 2144 3
2144 5251 1
5251 580 1
580 607 1
607 5774 1
5785 3027 2
3027 813 2
813 2791 1
2791 503 1
503 2649 1
3582 1572 1
4900 601 1
601 634 1
634 1096 1
5785 1915 1
1915 1474 1
1474 268 1
268 5350 18
4758 4493 1
4493 3014 1
3014 4942 1
4942 2345 1
2345 5785 4
4439 4563 1
4563 192 1
192 2037 1
2037 1572 3
833 1514 1
1514 5237 3
5237 404 5
404 4410 3
4410 5785 3
5785 1068 1
1068 5666 4
2487 3565 3
3565 1572 1
1572 2996 1
2996 1954 1
1954 2062 1
2062 271 1
271 955 2
955 5043 2
5785 1748 1
1748 1 1
1 3096 1
2487 4200 4
4200 5785 8
5785 3974 1
3974 5237 1
5237 232 1
232 930 1
930 2487 5
2269 1055 1
1055 2683 1
1985 607 1
607 2627 1
2627 275 1
275 3380 1
3380 3652 1
3652 2384 1
2384 2027 1
2027 4423 1
4423 2289 1
2289 1687 2
1687 1327 3
1327 5785 4
4547 3879 1
3879 2867 1
2867 3027 1
3027 955 2
955 1572 7
3313 2302 1
4354 268 4
268 3532 1
3532 3310 1
3310 472 2
472 3306 1
3306 218 2
218 1572 1
1572 4235 1
4235 2716 1
2716 580 1
580 4231 1
4231 268 1
5785 4458 1
5563 1808 1
5785 1281 2
864 3310 1
4354 1635 1
1635 2604 1
2604 2808 1
2808 1968 1
1968 990 1
990 1635 2
1635 5591 1
5591 4915 1
4915 990 1
1635 3310 1
3310 4166 2
4166 1621 1
1621 5722 1
5722 218 1
218 4516 1
4516 455 1
455 5785 1
5785 2961 2
2961 5132 2
5132 684 1
684 2879 1
1572 3996 1
3996 271 1
271 1154 1
1154 4615 1
271 2021 1
2021 5774 1
5774 3907 1
3907 5785 1
5785 5563 4
5563 56 1
56 5785 1
3479 3310 3
3310 107 1
107 2814 1
2814 813 1
813 2305 1
2305 2487 1
2487 3482 5
3482 2027 4
2027 3014 1
3014 1 1
1 1161 4
1161 3649 1
3649 2556 1
2556 2027 5
2027 5630 1
5630 3454 2
3454 2302 2
2302 4354 8
4354 304 1
5785 409 14
409 5666 11
5666 3306 2
3306 2052 1
2052 323 1
323 2052 1
2052 2985 1
2985 954 1
954 1045 1
1045 5657 1
5657 5530 1
5530 1037 3
5043 854 1
854 3306 1
3306 5173 1
5173 2004 1
2004 2524 1
2524 1177 2
5785 229 4
229 271 6
472 1695 1
1695 2100 1
2100 271 1
5630 268 1
268 1572 6
3598 1687 6
1687 2052 4
2052 571 1
5666 2302 10
2302 987 5
987 2052 1
2052 1952 1
1952 2010 1
2010 1572 1
1572 300 2
300 3651 2
3651 2345 1
5785 3828 1
2236 3835 1
3835 5785 1
4691 5666 4
5666 2054 1
2054 5613 1
5613 4004 1
4004 3398 1
3398 5757 1
5757 2657 1
4184 268 1
271 2052 24
2052 976 1
976 2643 1
2836 5785 1
5785 400 1
400 271 1
1572 2408 2
2408 1687 1
1687 107 23
107 554 1
554 2736 1
2736 4903 1
4903 5789 1
5789 2052 1
2052 4926 1
4926 3310 1
2165 1098 1
1098 1003 1
1003 2657 1
5785 3412 2
3412 1687 2
107 3014 1
3014 1235 1
1235 2487 11
841 2660 1
2660 1581 1
1581 1572 1
4874 2052 2
2052 271 3
271 2106 4
2106 256 4
256 1455 1
1455 1030 1
1030 429 2
429 1572 2
1572 1575 1
1575 2963 1
2963 5563 1
5563 5778 1
5778 2052 2
2052 4533 1
4533 5827 1
5827 2868 1
2868 5562 1
5562 1572 1
1572 457 1
5668 4614 1
4614 3310 1
3310 2018 2
1572 2060 1
2060 4535 2
4535 2661 4
2661 5785 2
5785 3598 5
463 2657 2
2657 4354 1
4354 3138 1
3138 4515 1
4515 5808 1
5808 726 1
726 4535 1
107 1710 1
1710 89 1
89 2174 2
2174 1572 1
718 5053 1
5053 5785 5
5785 2449 1
2449 172 1
172 3127 1
3127 2985 1
2985 5539 3
5539 5666 2
1690 2197 7
2197 2269 1
268 1406 2
1406 2236 1
3014 2657 1
5785 5318 1
5318 585 1
585 2534 1
2534 4874 1
4874 2236 2
2236 2052 6
2052 2951 1
2951 1937 4
5785 4612 1
4612 363 2
363 1575 1
1575 5287 1
5287 2236 1
271 2597 2
2597 5695 3
5695 2985 1
2867 5587 1
5587 271 1
1721 4127 1
4127 1572 2
1572 3333 2
3333 2649 1
2487 3403 3
3403 1808 1
2867 3407 1
3407 171 1
171 5785 2
5785 4528 8
4528 406 7
406 5666 9
5666 5431 1
5431 1419 1
1419 4515 1
4515 5340 1
5340 2867 1
2867 4911 4
4911 538 1
538 1572 1
1572 211 1
211 1514 1
1514 5785 1
5043 1093 2
1093 4048 1
4048 2657 1
5666 1411 1
1411 3083 1
5666 4477 1
4477 271 1
472 5785 6
5785 208 3
2867 4873 1
4873 3096 1
3096 2302 1
5785 2239 1
2239 3281 1
3281 2289 1
2289 4735 3
4735 4439 4
4439 5340 1
5340 4166 1
4166 4423 1
1572 2201 2
2201 3062 1
3062 1104 5
1104 3640 1
3640 1327 3
1327 2289 2
2289 2025 1
2025 3011 1
3011 5043 1
1695 2692 1
2692 5673 1
5673 3632 1
3632 5448 1
5448 2985 1
2985 2486 3
2486 2675 1
2675 3885 1
3885 3195 1
3195 5078 1
5078 1695 1
1695 1474 1
841 2292 3
2292 5666 5
259 851 1
851 339 1
339 4758 1
4758 2041 1
2041 489 1
489 299 1
1172 1572 1
1572 2236 4
3014 3825 1
3825 5785 2
5785 5630 1
5630 2344 1
2344 3138 1
3138 5114 1
5785 5442 4
5442 5436 1
5436 2985 1
2985 2879 5
2879 3358 1
3358 2345 1
2345 3662 1
3662 2814 1
2814 5316 1
5316 5274 1
5274 949 2
949 1522 2
1522 2657 1
2657 186 1
186 5127 1
5127 5785 1
5785 4363 1
4363 2649 1
2269 3867 1
3867 1687 1
1687 5169 12
1252 4901 1
2236 3395 1
3395 841 1
841 5668 1
5668 2401 1
2401 472 1
472 1572 11
1572 3992 5
3992 1230 1
1230 1952 1
268 2922 5
2922 5706 1
5706 503 1
503 5539 2
5539 790 1
790 5237 9
5237 4547 4
1252 4200 1
4691 3119 1
3119 2521 1
2521 5258 1
2302 5384 1
5384 5785 2
5785 4763 1
4763 4439 1
4439 2867 5
2867 5734 1
5734 5043 1
5043 4200 1
2867 1315 1
1315 4731 1
1572 1474 3
1474 2657 1
4668 2319 1
2319 5785 1
2302 5320 1
5320 2292 1
2292 5087 1
5785 1561 23
5785 2345 2
2345 979 1
979 5668 1
5668 1585 2
1585 2985 2
2985 3824 1
3824 2848 1
2848 3516 1
3516 2289 1
2289 608 1
608 1572 2
3639 303 1
303 4354 1
4354 5104 1
5104 264 1
264 2604 1
2604 2128 1
2128 2716 1
2716 2151 1
4108 2194 1
2194 2289 3
2289 4056 4
4056 3297 1
3297 1621 2
1621 5615 1
5615 1213 1
1213 973 1
973 455 1
455 4516 3
4516 218 2
218 2289 1
2289 589 1
589 271 7
2486 5808 2
5808 3137 1
3137 3857 1
3857 3297 1
3297 1687 3
107 1489 1
2289 3590 1
3590 619 1
619 1161 1
1161 2302 1
2176 3014 1
3014 2972 1
2972 259 1
259 2302 4
107 1572 13
1572 1251 3
1251 1045 1
1045 368 1
368 2556 1
2027 691 1
691 1235 1
1235 5620 1
5620 2657 1
271 2777 1
2777 4901 1
4901 973 1
973 218 1
218 268 1
268 4751 2
4751 1134 1
1134 1041 1
1041 2814 2
2814 699 1
699 3747 1
2867 4547 2
1252 4365 2
4365 3062 1
3062 271 9
1572 3999 1
3999 2879 1
2879 2867 6
2867 1430 2
1430 5785 2
5785 4574 2
4574 271 5
5808 3854 1
3854 1687 2
1687 1868 1
1868 1623 1
1623 1572 1
1572 3062 2
3062 268 1
268 2848 2
2848 3531 1
3531 5190 1
5190 5785 2
268 3737 2
3737 5282 1
5282 5666 2
5666 4539 2
4539 2677 1
2677 2867 2
2487 338 6
338 5785 3
5785 3402 1
3402 2562 3
2562 5667 1
5667 948 1
2867 580 1
580 3100 1
3100 3697 1
3697 746 1
746 4515 1
4515 3259 1
3259 1572 1
1290 4169 4
4169 4277 1
4277 5630 5
5630 4901 1
4901 1137 1
1137 1161 1
1161 107 1
107 5785 6
5350 5014 1
5014 645 1
645 1584 7
4515 5349 1
5349 1424 1
1424 1572 1
1235 409 1
409 5315 1
5315 2985 1
5785 5693 1
5693 5172 1
5172 2302 1
2302 4355 1
4355 4439 1
4439 3297 5
3297 5785 6
404 2184 3
2282 1572 3
1572 3240 1
3240 2867 1
4515 2052 2
2052 4640 1
4640 271 1
271 255 2
255 3697 1
3697 3217 1
3217 5224 1
5224 1252 1
1252 1968 1
4504 254 1
475 1894 1
1894 4466 1
4466 1505 1
1505 5045 1
5045 622 1
622 3113 1
3903 45 1
45 1572 1
1572 5519 1
5519 1890 1
1890 4910 1
1269 5617 3
5617 2236 1
2236 1458 1
1458 3259 1
3259 949 1
949 2813 1
2813 1895 1
1895 622 1
622 5340 1
5340 937 1
937 4853 1
4853 4668 1
4668 2760 1
2760 360 2
5539 1143 1
1143 5785 1
5570 1505 1
1505 1572 2
1572 5155 1
5155 2657 1
1100 268 2
2814 2010 1
2010 2302 12
2302 1976 2
1976 1153 1
1153 2302 1
2302 963 2
963 1572 3
1572 3310 5
3310 2550 1
2550 4792 1
4792 216 1
216 5785 1
268 2556 2
2556 2375 1
268 885 5
885 3239 1
3239 373 1
2052 5785 2
5785 3631 2
3631 5475 1
5475 1543 1
1543 3195 1
3195 2236 2
2236 1987 1
1987 3747 1
3747 2571 1
2571 268 1
268 1405 1
1405 2236 1
2236 4653 1
4653 1572 3
1572 5276 1
5276 2906 1
2906 701 1
701 1968 1
1968 47 1
47 5785 1
3661 2974 1
2974 2302 1
1572 3408 1
3408 2867 1
2867 949 1
949 1728 1
1728 5043 1
1695 218 1
218 2581 1
2581 3893 1
3893 1687 1
1543 5049 1
2737 2487 1
1561 271 2
5630 983 9
983 2556 1
268 2649 3
2649 1406 2
1406 930 1
1252 3879 1
841 4710 1
2487 3409 1
3409 2027 1
2027 218 1
218 3138 1
3138 1344 1
1344 2001 1
2001 1119 1
1119 1252 1
1252 1687 1
2052 1455 1
1455 5176 1
5176 3699 1
3699 4653 1
4653 2236 1
2236 2487 2
414 5785 2
5785 4942 7
3138 107 2
1572 466 1
466 4710 1
2487 3748 1
3748 2027 1
5669 3406 1
3406 2657 1
268 4856 2
4856 5785 2
1572 3479 5
3479 2519 1
2519 271 1
2018 5668 1
5668 3421 1
3421 1720 1
1720 4127 1
304 5287 2
5287 1030 1
1030 3620 1
3620 4506 1
4506 523 1
523 264 1
264 1035 1
1035 1808 1
1808 5259 1
5259 4439 1
4439 5509 2
5509 5785 1
5785 3421 1
3421 2867 1
1572 5401 3
5401 4439 1
404 5155 1
5155 1572 1
4911 638 1
638 955 1
955 5539 2
5785 4926 1
4926 194 1
194 5209 1
5209 1489 1
1489 5785 9
5785 3943 2
3943 3620 1
3620 1687 1
1687 4927 2
4927 4261 1
4261 2867 1
2867 861 1
861 1572 2
3537 2867 4
1543 5668 1
5668 749 1
749 1928 1
1928 5258 1
5539 268 1
2487 2448 1
2448 1 1
1 1915 1
1915 5273 1
5273 1545 1
1545 3697 1
4910 2184 2
2184 2304 1
2304 2867 2
2867 5249 1
5249 1728 1
1728 2862 1
2862 2867 1
271 1929 1
1929 2078 1
2078 1572 1
1489 3338 1
3338 3310 1
3310 1543 2
1543 1687 2
4354 786 2
786 1572 5
228 271 1
472 2184 1
2184 2962 1
2962 1290 1
1290 4535 6
4535 5730 1
5730 1923 1
1923 4653 1
4653 1892 1
1892 5286 1
5286 259 1
259 4659 1
4659 5785 1
259 5570 2
5570 5668 3
5668 5169 3
4771 268 1
268 3828 1
2867 259 3
259 4824 1
4824 3310 1
3310 5778 3
5778 3337 1
3337 5591 1
5591 5503 1
5503 4315 1
4315 2867 1
2867 2130 1
2130 4295 1
4295 2375 1
5785 713 1
713 5258 1
5258 4535 1
4535 1792 1
1792 512 1
512 4439 1
4439 841 4
841 2722 1
2722 5155 1
5155 271 2
271 1927 1
1927 2381 1
2381 3138 1
3138 3178 1
3178 512 1
512 1572 2
228 5155 1
5303 3697 1
3697 404 3
404 3620 1
3620 1364 1
1364 2867 1
2867 4279 1
4279 5668 1
2487 1738 1
1738 1927 1
1927 3101 1
3101 5334 1
5334 2174 2
2174 2302 2
228 2867 1
5120 271 1
472 5118 1
841 1235 1
1235 2660 1
2660 2292 1
2282 4728 1
4728 2867 3
5539 2302 1
1572 4002 1
4002 271 2
271 2564 5
2564 2991 1
2991 3259 1
3259 5043 1
2632 418 1
418 3014 1
3014 4871 1
4871 4439 1
360 4439 1
4439 3572 2
3572 1753 1
1753 2662 2
2662 1489 1
5785 4091 1
4091 2184 1
2184 2181 1
2181 956 1
956 3310 1
3310 5176 2
5176 1687 1
1687 2010 1
2302 550 4
550 2985 1
5539 2832 1
2832 3615 1
3615 5205 1
5205 5053 1
5053 1252 2
1252 474 1
474 2128 1
2128 5470 1
5470 271 1
271 1591 1
1591 580 1
580 835 1
835 3310 1
4941 2832 1
2832 268 1
268 1123 1
1123 309 1
309 1957 1
1957 939 1
939 1572 2
271 619 6
619 4683 8
4683 271 1
4094 2410 1
2410 2985 1
2985 4354 1
4354 5774 1
1561 2315 2
2315 271 1
271 622 6
580 4147 1
4147 3310 1
3310 1123 1
1123 1687 1
1687 2832 2
2832 1584 1
1584 4002 1
271 2184 3
2184 2991 1
2991 2144 1
2144 5028 1
5028 2282 1
2282 2964 1
2964 1290 1
4535 102 1
102 4653 1
4653 5229 1
5229 1252 4
5785 228 3
228 1695 1
259 2751 1
2751 2626 1
2626 4910 1
4910 3089 1
3089 2942 1
2942 1489 1
1489 1330 1
1330 5738 1
5738 1204 1
1204 271 1
2184 5668 1
5668 2282 1
2282 194 1
2487 5028 1
5028 1572 1
1572 3038 1
3038 2745 1
2745 271 2
2052 2184 1
2184 1572 1
1572 3259 3
3259 2151 1
5078 5350 1
5350 4500 1
4500 5785 1
5785 3059 2
3059 2563 1
2563 463 1
4354 1489 3
1489 3854 1
3854 2052 3
2052 1687 3
1687 3838 1
3838 1575 1
1575 1389 1
1389 1572 1
4911 1251 2
1251 3480 3
3480 401 1
401 2177 2
2177 1388 1
1388 5208 5
5208 5785 1
4911 4570 1
4570 4227 1
4227 2691 1
2691 2236 9
3277 4267 1
4267 2879 3
2879 3479 1
3310 4653 4
4653 2962 2
2962 2236 2
4439 1728 1
1728 1572 3
268 1646 3
1646 2236 2
2236 5215 3
5215 271 1
1489 2879 2
2879 229 1
229 3310 1
2962 2184 1
2282 3310 1
3310 2410 2
2410 1687 3
2832 1489 1
1489 2302 1
2302 5169 3
5169 4941 1
4941 3310 1
5204 271 1
2018 271 1
271 3358 2
3358 1290 2
1290 4192 1
4192 5274 1
1572 4216 1
4216 622 1
622 1627 1
1627 5666 1
5666 5215 1
5215 2236 2
2236 2879 1
1646 5132 1
4354 271 4
5282 4629 1
4629 2879 1
2879 5774 2
5774 2347 1
2347 1572 1
2879 3235 1
3235 2691 1
2691 5785 3
1177 1 3
1572 2345 3
2269 1281 1
1281 786 1
786 5569 1
5569 1008 1
1008 2977 4
2977 1718 1
1718 837 1
837 1041 3
5785 5053 1
1555 1690 1
1690 5304 2
5304 2643 1
2643 5224 1
5224 1290 1
2487 3879 5
3879 3310 1
2676 5785 5
2269 3063 1
3063 271 4
1572 1056 1
1056 622 1
5785 2685 2
2685 5425 1
5425 1008 1
2977 268 4
2236 444 2
444 5785 2
3631 5449 1
5449 1572 1
1572 3186 3
3186 983 3
983 4365 1
4365 3657 1
3657 1808 1
4074 3186 1
3186 2140 1
2140 2487 1
3582 786 1
5785 3849 1
3849 1572 1
4439 5327 2
5327 2833 1
2833 271 1
622 4941 2
4941 3697 1
3697 2108 1
622 601 1
601 3770 1
3770 5785 2
5785 4326 2
4326 476 1
476 812 1
812 2302 1
2302 2223 2
2223 2193 1
2193 559 1
559 2177 1
2177 4491 2
4491 5043 2
5043 5820 2
5820 5666 2
2269 4818 2
4818 622 1
622 218 1
218 1892 1
1892 5640 1
5640 5110 1
5110 4624 2
4624 3310 4
4354 2181 1
2181 2302 1
2302 4924 1
4924 558 1
558 5785 1
4942 2301 2
5112 1572 1
5785 1692 10
1692 5666 9
5350 1066 3
1066 3469 1
3469 374 1
374 5632 1
5632 5049 1
5049 2956 1
2956 1714 1
1714 4481 1
4481 2487 1
1695 711 1
711 2657 1
2657 635 1
635 3582 1
3582 5666 6
5785 1540 2
1540 3713 3
3713 1572 3
1572 5132 4
5569 3001 1
3001 2236 1
2052 1572 21
1572 3306 2
3306 943 2
943 1695 2
304 5440 5
5440 1714 1
1714 1528 1
1528 2337 1
2337 472 3
5785 2452 1
2452 1572 1
4629 1068 2
1068 271 2
268 825 1
825 4175 1
4175 1528 1
1528 362 1
362 958 1
958 271 1
271 1255 1
1255 5367 1
5367 5774 1
5774 584 1
584 4693 1
4693 271 1
271 5109 2
5109 1572 1
1572 5825 2
5825 2676 1
5785 656 1
656 1602 1
1602 1577 1
1577 363 1
363 1572 1
1572 5262 4
5262 5666 4
5666 3310 3
4354 976 1
976 3306 1
3306 5808 2
5808 4625 1
4625 5053 1
268 5625 3
5625 5785 2
2269 2913 1
2913 3310 1
3310 554 1
554 2867 2
2867 3411 1
3411 622 1
622 171 3
171 1572 4
1572 171 4
2269 4234 3
4234 5666 1
2052 2476 1
2476 5132 1
5625 3333 1
3333 5774 1
268 3014 1
3014 5572 1
2487 2829 1
2829 271 1
5778 2676 5
2676 5625 1
5625 5778 2
5778 3306 1
3306 3310 6
3310 5104 13
5104 995 1
995 171 1
171 1687 4
107 3310 2
3310 5109 1
5109 472 2
1572 4028 1
4028 5043 2
5043 172 4
172 2985 3
2269 1883 1
1883 2867 1
2867 357 1
357 1687 1
1687 2236 8
2236 5327 2
5327 5774 1
5774 5173 1
5173 268 1
937 5187 1
5187 5666 1
5785 5294 2
5294 3310 1
3310 5169 2
2867 5422 1
5422 2052 1
2052 5096 1
5096 580 4
2556 271 2
4657 1252 1
1252 2140 1
2140 5785 1
264 1572 1
2974 4624 1
5104 4900 1
4900 996 1
996 271 3
5085 107 3
107 4054 1
4054 2814 1
2814 1621 1
1621 949 1
949 2193 2
2193 5785 1
5785 2408 2
2408 2052 1
2052 3310 3
4567 4354 10
4354 5785 4
4629 268 1
268 3934 1
3934 4439 1
2269 1406 1
1406 1572 3
1572 2843 1
2843 5785 1
5785 1309 3
271 4567 1
4567 3306 1
218 1388 1
1388 5207 1
5207 1572 2
1572 4230 1
4230 271 1
2052 3785 1
3785 2868 2
2868 2302 4
2302 4021 1
4021 5104 1
5104 5785 3
5785 2010 2
2010 1963 1
1963 1572 1
1572 4710 5
4710 271 5
2491 2635 1
2635 2632 3
2632 2711 1
2711 5785 1
5666 1808 5
1808 2010 1
2302 4848 7
4848 271 1
271 2081 1
2081 2676 1
2676 1572 4
2491 5114 1
5114 2886 1
2886 1692 1
1692 112 1
112 819 1
819 5043 1
5564 268 3
268 1 2
1695 939 1
939 271 1
5049 2676 3
2676 4251 1
4251 2109 1
2109 1528 1
1528 2302 1
2302 472 6
4691 2097 1
2097 832 1
832 4439 1
4439 3933 1
3933 1572 1
1572 2269 3
4234 937 1
937 1690 1
1690 4023 1
4023 4668 1
4668 2657 2
2657 2052 2
2052 2236 3
2236 3306 1
3306 622 3
622 943 7
943 1572 6
1572 943 4
943 844 1
844 4911 1
4911 1111 1
1111 2630 1
2630 5043 1
5666 5344 2
4234 4668 1
4668 4692 1
4692 5132 2
5132 3009 1
3009 923 1
923 930 1
930 4703 1
4703 2657 1
2657 4629 1
4629 1492 1
1492 1572 1
2879 3934 1
3934 268 1
5350 939 4
939 5785 2
5785 3917 3
3917 1572 3
1572 5287 6
5287 3195 1
3195 4535 3
4535 1008 1
2977 3615 1
3615 926 2
926 2018 3
2018 1598 1
1598 2867 1
2867 396 1
396 3770 1
5785 5252 1
5252 194 1
194 2128 1
2128 5173 1
5173 904 1
904 3162 1
3162 1584 1
1584 2801 1
2801 2637 1
2637 3246 1
3246 107 1
107 360 1
360 3363 1
3363 472 5
472 3432 1
3432 267 1
267 5104 3
5785 1271 2
1271 2726 1
2726 2296 1
2296 502 1
718 2302 4
107 2743 1
2743 1687 1
1687 1622 2
1622 2052 1
2236 5785 2
404 271 2
2106 1556 1
1556 5785 1
5785 256 1
256 1386 1
1386 926 1
926 2058 2
2058 5043 1
5666 2651 1
2651 3668 1
3668 813 1
813 2487 1
1068 2691 1
2691 3937 1
3937 5808 1
5808 271 2
255 5425 1
5425 5785 1
268 4513 1
4513 587 1
587 2302 3
5785 3921 2
3921 2302 2
2302 3181 2
1572 4651 1
4651 4710 1
2302 327 1
327 4354 1
2657 1892 1
1892 5110 1
4624 5252 1
5252 218 1
218 294 1
294 4285 1
4285 864 1
864 4439 2
4439 1814 1
1814 1695 1
1695 1530 1
1530 2172 1
2172 2801 1
2801 554 1
554 4056 1
4056 2808 1
2808 3297 1
3297 4439 1
4439 5522 3
5522 3310 1
4567 5785 1
5785 4710 1
4710 1695 1
2867 2144 1
2144 4047 1
4047 2194 1
2194 5785 2
1572 4691 3
4691 1695 2
5625 4942 1
4942 2302 5
2302 3297 28
3297 1921 1
1921 1846 1
1846 995 1
995 3760 1
3760 2302 1
2302 199 2
199 3297 1
3297 268 7
2302 4567 7
4354 1 5
5666 833 2
833 487 1
487 5785 2
2302 859 2
859 3482 1
3482 4569 2
4569 3540 1
3540 4310 1
4310 5785 3
1572 3896 1
3896 3011 1
3011 1045 1
1045 1327 4
1327 4780 1
4780 4942 2
4942 5350 2
5350 731 3
731 2302 1
2491 1808 1
4074 3119 1
3119 268 1
5350 5610 1
5610 539 1
539 1230 1
2487 194 2
194 5785 3
5176 271 1
1572 5673 2
5673 4535 5
4535 5043 2
5564 1572 3
1572 3846 1
3846 1695 1
1695 4127 1
4127 271 1
271 829 1
829 990 1
990 4335 1
4335 5043 1
1572 925 1
925 5666 1
5666 4779 1
4779 2083 1
2083 1225 1
1225 3971 1
3971 2151 1
2151 363 1
363 2302 1
1543 2302 1
786 4067 1
4067 4612 1
4612 2033 1
2033 2083 1
2083 5057 1
5057 167 1
167 4164 1
4164 1083 1
1083 5666 1
5666 1188 1
1188 2101 1
2101 365 1
365 3153 1
3153 100 1
100 4586 1
2814 5002 1
1572 1164 1
1164 3649 1
3649 2302 1
1572 5333 1
5333 5666 1
5666 2017 1
2017 268 1
268 608 1
1572 3460 2
3460 2691 2
2691 1327 1
937 1387 1
1387 813 2
813 2388 1
2388 1235 1
1235 2562 1
2562 393 1
393 1695 1
5785 3648 2
3648 1714 1
1714 3004 1
3004 2631 1
2631 1528 1
1528 247 1
247 2302 1
3926 1528 1
3346 5785 1
5785 589 1
2661 3313 1
107 4221 1
4221 1970 1
1970 1572 1
4911 4710 2
4710 3737 1
3737 4092 1
4092 3933 1
3933 2337 1
472 4923 1
4923 102 1
102 2711 1
2711 3934 1
3934 3530 1
3530 5625 1
5625 5087 1
3589 271 1
983 244 1
244 1572 1
5785 5824 1
5824 4234 1
4234 1201 1
1201 689 1
689 4439 1
4439 199 1
199 3162 1
3162 876 1
876 2879 1
2879 4958 1
4958 1584 1
1584 4149 2
4149 3310 1
472 5668 2
5668 1476 1
1476 598 1
598 2302 1
2302 3328 3
3328 2236 1
5215 5785 2
4956 3994 2
3994 2657 2
2657 2487 17
4702 1572 2
1177 4208 1
4208 2801 2
2801 1198 1
1198 2269 1
5785 664 2
664 5043 1
107 3926 1
3926 1687 1
1687 4148 1
4148 735 2
735 1572 2
1572 4654 2
4654 1290 3
1290 102 1
102 1795 1
1795 1198 1
1198 4354 1
5774 2176 10
2176 268 6
3120 5730 1
5730 1572 3
5774 4779 1
4779 5477 1
5477 3801 1
3801 5679 1
5679 406 1
406 5785 1
4439 2439 1
2439 4586 1
4586 259 1
259 1532 3
1532 622 1
2879 1646 2
2236 220 1
220 2967 2
2967 1230 1
259 5132 2
5132 5785 3
268 5666 3
5666 3443 1
3443 304 1
841 5666 3
2486 864 2
864 1231 1
1231 2777 1
2777 3828 1
3828 3102 1
3102 5474 1
5474 226 1
226 271 2
472 1912 1
1912 5543 1
5543 4439 2
4439 4400 1
4400 468 1
468 271 1
271 5281 1
5281 5666 1
5049 1912 1
1912 2590 1
2590 2969 1
2969 2337 1
2337 2301 1
2301 5076 3
5076 555 1
555 5793 1
5793 5049 1
5049 1911 2
1911 2868 1
2868 5237 1
5237 851 1
194 3859 1
3859 5630 1
5630 5066 1
5066 2301 1
5076 1572 4
976 1217 1
1217 5785 1
5774 3428 1
3428 1695 3
1695 409 1
409 3306 2
3306 4758 1
4758 172 3
172 5049 1
1911 5785 1
5785 3435 2
3435 2868 1
2868 1038 1
1038 4117 1
4117 1572 1
1572 746 2
746 153 1
153 1584 1
1584 472 4
472 5774 2
268 3032 2
3032 242 1
242 1712 1
1712 1231 1
1231 179 1
179 5625 1
5778 1289 1
1289 4569 1
4569 5543 1
5543 2691 1
2691 1892 2
1892 72 1
72 2060 1
2060 1570 1
1570 2345 1
2345 5388 1
5388 5668 1
5668 3549 1
3549 5669 1
3398 2236 1
2236 4482 1
4482 242 1
242 5785 1
5785 4856 2
4856 4586 1
4515 3184 1
3184 5411 1
5411 1058 1
1290 4898 1
4898 1645 1
1645 2236 1
5785 1388 2
5208 1572 3
1572 4007 4
4007 2305 1
2305 1290 5
1290 3162 1
3162 2867 1
2867 3306 2
5104 3747 1
3747 1096 1
268 4028 1
4028 303 1
303 2977 3
2977 5043 1
1252 172 1
1695 5543 1
5543 1892 2
3435 271 1
5049 4683 4
4683 5785 2
2269 2879 3
2879 360 2
360 4321 1
4321 3162 1
3162 622 1
622 3834 1
3834 5785 1
5785 3711 2
3711 2236 1
2236 5208 1
5208 2025 1
2025 2302 4
107 4875 1
1290 990 1
1572 4612 1
363 2305 1
1290 4026 1
4026 3162 1
3162 3407 1
3407 5350 1
172 5043 1
5666 3167 1
3167 2269 1
2269 3206 1
3206 1128 1
1128 1572 1
1572 4774 1
4774 3138 1
107 3737 1
3737 622 3
622 2236 3
2236 1556 1
1556 4744 1
4744 1532 1
1532 2236 1
3014 1692 1
1692 2562 1
2562 4713 1
4713 4988 1
5061 4439 1
4515 1145 1
1145 1023 1
1023 779 1
779 5169 1
4771 4439 1
4515 214 1
214 4572 1
4572 1572 4
1572 4910 4
4910 5256 1
5256 3525 3
3525 1572 4
1572 2221 1
2221 1161 1
1161 299 1
1572 2206 2
1406 2879 2
2879 335 1
335 268 1
268 4956 4
4956 5274 1
5274 857 1
857 622 1
622 5126 1
5126 3968 1
3968 5269 1
5269 1739 1
1739 304 1
304 1921 1
1921 4710 1
4710 5087 1
5087 271 4
271 2692 1
2692 875 1
875 5258 1
5258 2977 1
2977 4458 1
4458 267 1
5104 3120 2
3120 488 2
488 5666 1
5666 1532 4
1532 5076 1
5076 3833 1
3833 1687 2
1572 2886 1
2886 1448 1
1448 271 1
5785 2344 5
2344 5666 4
2364 2657 1
5774 4758 3
2487 2344 1
2344 2879 1
622 4932 2
4932 2302 1
199 1572 1
2487 1206 3
1206 3932 1
3932 5447 1
5447 813 1
813 271 1
5570 1473 1
1473 2879 1
271 2037 2
5043 4707 1
4707 268 1
268 2879 2
2879 4571 1
4571 2195 1
2195 249 1
249 2922 1
2922 4148 1
4184 5043 2
5687 2487 13
2487 2789 1
2789 2985 1
2985 5316 1
5316 1572 2
2487 2946 1
2946 2985 1
2985 1198 1
1198 2814 1
2814 2255 1
2255 5785 1
5785 5344 2
5344 5388 1
5388 1230 1
2879 736 1
736 1235 1
1235 4184 11
4184 5114 3
5114 5344 1
5344 2315 1
2315 2440 1
2440 259 1
259 5215 1
5215 1892 1
1892 1646 1
1646 2108 1
2108 5785 2
271 4535 7
5666 2972 1
2972 5591 1
5591 1572 1
1572 2507 3
2507 2151 1
5078 3162 1
3162 3479 1
3479 943 2
4629 4642 1
4642 1584 2
1584 406 2
406 2726 1
2726 2291 1
2291 2879 1
2879 4028 1
4028 2194 2
2194 2977 5
2977 4439 2
2487 3234 7
3234 3145 1
3145 5785 1
5785 3205 1
3205 5120 1
5120 2302 2
1572 2305 2
2305 1695 2
2879 5449 1
5449 848 1
848 1290 1
2236 2301 1
5076 3325 1
3325 2745 2
2745 1687 3
1687 864 1
864 5087 1
2879 2321 1
2321 2962 1
3497 5785 1
5785 746 1
746 2236 1
2236 3457 1
3457 1584 1
1584 2052 2
1572 3120 5
3120 5499 1
5499 5454 1
5454 271 1
2018 1584 1
1584 2813 1
2813 5785 1
5785 5453 1
5453 4535 1
4535 2629 1
2629 271 4
271 4377 4
4377 3143 1
3143 5668 1
5668 1520 2
1520 2236 1
2236 1627 1
1627 2985 2
2985 1079 1
1079 1489 1
5785 4666 2
4666 4423 1
4423 2362 1
2362 2262 1
2262 1897 1
1897 706 1
706 2868 2
2868 3259 1
3259 4204 1
4204 2801 3
1572 4817 1
4817 4535 1
4535 3032 1
3032 5352 1
5352 3697 1
3697 1310 1
1310 4731 1
4731 5340 1
5340 5668 1
5668 2383 1
2383 4423 1
4423 1687 1
1687 5476 1
5476 1327 1
1327 1808 1
1808 4917 5
4917 5785 3
5208 3921 1
3921 1687 2
2236 1885 1
1885 3120 1
3120 1067 5
1067 4535 2
4535 2657 2
5785 2481 1
2481 3108 1
3108 5672 1
5672 1709 1
1709 2820 1
2820 5785 1
3479 2302 5
2302 1765 1
1765 508 1
508 2302 1
2302 4484 1
4484 271 1
2491 1526 1
1526 5017 1
5017 4624 1
4354 218 1
218 1489 1
1489 338 1
338 271 3
271 3143 2
3143 1572 2
1572 2025 2
2025 4835 5
4835 4458 1
5563 4887 1
4887 2985 1
2985 2819 1
2819 4788 1
4788 5043 2
1572 5191 3
5191 2676 3
2676 76 1
76 619 3
619 3214 1
3214 1489 1
5785 395 1
395 3794 1
3794 5771 1
5771 469 2
469 2977 2
2977 310 1
310 2977 1
4599 268 1
2867 3530 1
3530 445 1
445 1572 1
5570 1619 1
1619 2867 1
2867 1690 1
5304 2657 1
2657 3807 2
3807 360 6
268 4077 4
4077 5274 1
5274 580 1
2364 2128 1
2128 3813 2
3813 4837 1
4837 1544 1
1544 1572 3
1572 2227 2
2227 2541 1
2541 429 1
1161 5795 1
5795 1892 1
1892 4439 2
4439 580 2
580 2232 1
2232 268 13
268 5421 1
5421 271 1
271 3273 1
3273 5785 1
5785 3972 1
3972 5635 1
5635 5618 1
5618 2018 1
2018 1695 1
1177 2302 1
1161 1848 2
1848 2977 2
2977 5785 4
5785 1505 4
4410 2657 1
2487 4958 1
4958 1235 1
1235 208 1
208 1528 1
1528 735 1
735 664 1
664 4515 1
4515 3937 1
3937 5785 1
2459 2302 1
2302 2809 1
2809 4957 1
4957 1553 1
1553 1592 1
1592 3310 1
5176 1572 3
1572 5586 1
5586 5785 1
5785 1582 2
1582 622 1
943 80 1
80 3649 1
3649 3310 1
3310 4941 2
304 2467 1
2467 2302 6
2302 1200 1
1200 2971 1
2971 2518 1
2518 1888 1
1888 5258 2
5785 1193 1
1193 5361 1
5361 271 1
271 4161 2
4161 2524 1
5608 4911 1
4911 2974 1
2974 1910 1
1910 2355 1
2355 1643 1
1643 580 1
5785 2966 1
2966 1572 1
1572 3926 1
3926 2657 1
2657 2236 2
2236 4564 2
4564 142 1
142 5043 1
5043 4590 1
4590 5666 1
5785 2649 11
2269 4691 2
2922 1910 1
1910 2922 1
2922 2966 1
2966 2985 1
4955 3905 1
3905 3181 1
3181 1290 1
1290 5625 2
1572 2008 1
2008 2985 1
2985 5346 4
5346 3828 1
3828 1528 1
1528 5581 1
5581 3363 1
3363 2661 1
2661 5001 1
5001 338 1
4515 3143 1
3143 271 1
271 1066 1
1066 2274 1
2274 2457 2
2457 1190 2
1190 4743 1
4743 2436 1
2436 622 1
622 4515 1
4515 3457 1
3457 1572 2
1572 4728 1
4728 2879 1
2052 5668 4
2330 2302 1
2302 619 3
3711 1888 1
1888 937 1
937 4199 1
4199 3185 1
3185 1572 1
2302 990 3
990 5668 2
5668 2728 1
2728 2855 1
2855 5043 1
5043 4068 1
4068 5785 1
5785 2848 1
2848 949 1
949 5610 8
5610 2649 1
2487 4691 5
4691 2657 1
2657 5239 1
5239 4184 1
4184 392 1
392 2985 1
2985 520 1
520 844 1
844 1572 2
1572 5695 1
5695 2657 1
2269 1252 2
5785 370 1
370 2961 1
2961 2302 4
990 5785 3
5785 4658 1
4658 463 1
2657 1584 1
1584 2975 1
2975 996 1
2018 466 1
466 1687 1
1687 360 1
360 3926 1
3926 1931 1
1931 5795 1
5795 1572 1
1572 2972 1
2972 2985 1
2985 1327 1
1327 5543 1
5543 1231 1
1231 5785 1
268 2627 3
2627 1808 1
5785 4590 1
4590 3994 2
3994 4277 1
5630 401 1
2177 5785 1
5785 3976 1
3976 1687 2
1572 3226 1
3226 1687 1
1622 5053 1
5785 718 1
1572 4479 1
4479 4535 1
4535 271 7
2018 5352 1
5352 5132 1
5569 4299 1
4299 2302 1
2676 1695 4
5440 4967 1
4967 1861 1
1861 1572 1
1572 5628 1
5628 844 1
844 2487 2
268 1179 3
1179 5785 3
1271 622 1
622 4728 1
4728 2922 1
2922 271 7
2052 1 2
4453 2974 1
2974 1440 1
1440 271 1
271 5618 1
5618 1572 1
2305 5666 1
2487 5442 13
4528 2597 1
5695 1695 1
5440 5622 1
5622 844 2
844 1230 1
1230 2364 1
2364 5334 2
2174 5114 1
5114 4299 1
4299 1532 1
1532 2076 1
2076 4758 1
4758 641 1
5785 2561 1
2561 3976 1
3976 2922 2
2922 1687 3
3598 4731 1
4731 2302 1
2302 4907 1
4907 2176 1
2176 3219 1
3219 5785 1
2052 2657 2
2487 4834 1
4834 2580 1
2580 2292 1
2292 5129 1
5129 5258 1
841 1572 10
2302 2197 2
2197 1312 1
1312 5785 1
5785 4089 1
4089 4439 1
5666 1952 1
1952 995 1
995 5785 1
1290 5727 3
5727 622 1
268 5348 1
5348 2593 1
2593 5043 1
5043 1281 1
1281 2557 1
2557 5812 1
5812 3479 1
1572 4265 1
4265 271 1
271 5666 7
259 5114 8
5114 2632 8
2632 4911 6
4911 1950 1
1950 1281 1
1281 2302 3
2302 2977 4
2977 3640 1
3640 5774 4
4911 2563 1
2563 2101 1
2101 1355 1
1355 216 1
216 357 1
357 1572 6
3306 303 1
2977 2974 1
2974 996 1
107 2177 1
268 4493 1
4493 1695 1
1695 987 1
987 194 3
194 5610 1
5610 3306 1
3306 5785 1
5785 503 1
503 5785 1
5112 622 1
622 4833 4
4833 819 1
819 4788 2
4788 5785 1
5785 3737 3
3737 5350 1
5350 1137 1
1137 4094 1
4094 1848 1
2977 3396 1
3396 4483 1
4483 3796 1
3796 365 1
365 1572 1
4911 1719 1
1719 362 1
362 2302 1
2302 1193 1
1193 5785 4
5785 3934 1
3934 1687 2
107 1505 1
1505 4410 1
2974 3479 1
2018 5053 1
5053 3921 1
3181 5785 1
5785 2305 1
1695 3666 1
3666 162 1
162 2177 1
2177 5081 1
5081 472 1
550 3482 2
4569 5356 1
5356 3541 1
3541 5477 1
5477 3206 1
3206 1290 1
1290 3290 2
3290 4410 1
4911 5110 1
5110 3972 1
3972 1687 1
1687 2176 3
409 1888 1
1888 2657 1
2487 3323 3
3323 1572 1
1093 2487 2
2364 2375 1
2375 4612 1
4612 990 1
990 166 1
166 2802 1
2802 5785 1
5287 2010 1
1543 2281 1
2281 5785 1
3349 5625 1
5778 268 2
360 1316 1
1316 271 1
271 2813 1
1572 2010 1
2010 5043 1
172 1687 2
1687 1885 1
1885 5666 1
5666 841 1
841 3737 1
1758 2801 1
2801 2302 1
2302 4327 3
4327 5722 1
5722 5530 2
5530 5785 1
5785 1296 1
1296 271 1
271 1971 2
1971 1572 2
2867 813 1
813 2151 1
5078 4897 1
4897 622 6
622 4495 1
4495 1572 1
1572 4495 1
4495 304 1
304 2236 1
2236 2538 1
2538 5711 1
5711 1540 1
2813 5258 1
5785 4564 1
4564 3235 1
3235 142 1
142 2657 1
2657 596 1
596 467 1
467 1950 1
5287 1014 2
1014 2206 2
280 4907 1
4907 339 1
339 2513 1
2513 1695 1
2867 2736 3
2736 1014 1
1014 5425 1
5425 1016 1
1016 5785 1
2867 1584 5
1584 1970 1
1970 1014 2
1014 4439 4
5346 5447 1
5447 2302 1
5785 4670 1
4670 4411 2
4411 4439 2
4439 2254 2
2254 1572 1
1572 5410 1
1826 1338 1
1338 2487 1
2487 5202 4
5202 4907 2
4907 1014 10
5202 1014 1
1014 69 4
69 4910 7
4910 2513 1
2513 2867 2
2867 2641 3
2487 979 9
979 1547 1
1547 3845 1
3845 4910 1
4910 1014 19
1014 937 4
937 584 1
584 2091 1
2091 2169 1
2169 1582 1
1582 2922 1
4354 3029 1
3029 5237 2
5237 3879 1
3879 2487 1
5202 1190 1
1190 69 1
69 790 3
790 1014 5
1014 584 1
584 268 4
2867 1052 2
1052 3962 1
3962 2657 1
4629 5443 1
2867 5283 1
2487 5390 1
5390 1572 1
5785 471 1
2487 3845 1
3845 5785 1
5043 4176 1
4176 2364 1
2364 1014 2
1014 5087 3
194 2814 1
2814 5785 4
2487 208 7
664 5785 4
5785 188 1
188 930 1
930 188 1
188 1 1
2867 4586 3
4586 1572 3
1572 2251 2
2251 5058 1
5058 2302 1
5785 3992 1
3992 5344 1
5344 4758 1
4758 4309 1
4309 3609 1
3609 1328 1
1328 3601 1
3601 1888 1
1888 4904 1
4904 1514 1
1514 1014 1
1014 268 13
268 4208 1
4208 1888 1
1888 5666 1
5666 1236 5
1236 2289 1
268 276 1
276 1544 1
1544 930 1
930 5176 1
5176 571 1
571 5258 1
5237 4410 1
4410 5237 1
5237 2269 8
2269 5669 2
5669 2456 1
2456 5563 2
5563 1544 1
1572 5177 1
5177 5813 1
5813 5237 1
5237 1045 3
1045 4544 9
4544 3609 9
3609 5132 1
5132 5774 3
5774 3268 3
3268 70 1
70 2649 1
2364 1158 1
1158 2867 1
2867 1695 4
1695 936 2
936 5237 1
5237 1532 3
1532 1014 3
1014 3879 1
5169 2676 3
5237 5274 1
5274 1695 1
1695 5043 1
5043 936 2
936 930 1
580 5237 2
5237 3268 1
3268 5132 1
5132 1544 1
1572 5176 1
5176 930 1
930 5132 2
3268 69 1
69 1014 16
1014 5237 9
268 4590 1
3994 70 1
70 1014 1
5087 5024 1
5024 259 1
259 5591 1
5591 2076 1
2076 1014 1
1014 622 7
622 259 2
259 5024 2
5024 5087 1
5087 936 1
936 2027 1
2027 5237 5
4439 5169 5
5274 2621 1
2621 5666 1
1236 5237 2
5237 1231 1
1231 40 1
930 5258 1
5237 310 3
310 4410 1
4410 1231 1
1231 5774 1
5774 5564 1
5564 5087 2
5087 5237 2
2269 2456 1
5563 1250 1
1250 1 1
1 1014 6
1014 3480 2
3480 4204 1
2801 4838 1
4838 2289 1
2289 3062 9
3062 1687 5
1572 3480 2
3480 1014 1
1014 1646 1
1646 2174 1
2174 1041 1
1041 2801 1
2801 5785 2
5785 3904 1
3904 2282 1
2282 4505 1
4505 1895 1
1895 4466 1
4466 4622 1
4622 1572 3
1572 1269 1
5617 3828 1
3828 406 1
406 5049 1
5049 4395 1
4395 1014 1
1014 4710 2
4439 4228 1
4228 4398 1
4398 1572 5
980 4439 2
3572 2628 1
4588 1489 1
4666 1279 1
1279 4427 1
4427 1014 1
1014 706 1
1572 1363 2
1363 1808 1
1808 1327 1
1327 268 1
885 2289 3
2289 3350 2
3350 2867 1
2867 4121 3
4121 4439 1
4439 2801 1
2801 2954 1
2954 1014 1
1014 70 1
70 268 1
4956 843 1
843 3575 1
3575 3299 1
3299 2486 1
2486 1258 2
1258 2289 2
2289 5333 1
5333 4230 1
4230 2302 1
1572 1014 18
1014 4599 9
4599 3646 1
3646 790 2
790 1052 2
1052 2192 1
2192 790 1
790 3646 1
3646 4907 1
1014 1950 1
1252 268 5
5169 4910 1
4910 5539 1
5539 5785 2
5785 3413 1
3413 622 1
622 4316 5
4316 2867 3
3120 5331 1
5331 2236 1
2236 5384 1
5384 2050 1
2050 1572 1
1572 4701 1
4701 937 1
4453 5169 1
5169 4772 1
4772 2883 1
2883 2269 1
259 5563 2
5563 3867 1
3867 5785 1
3120 3553 1
3553 2867 1
2867 3717 1
3717 1572 1
4515 3122 9
3122 4873 1
4873 3310 1
3310 1712 1
1712 2737 5
2737 5237 3
5237 3593 2
3593 5032 1
5032 1014 1
1014 1695 5
1695 1572 4
1572 1514 2
1514 2867 2
2867 4716 1
4716 388 1
388 2302 8
2487 2996 3
2996 2632 1
2632 4668 16
4668 5635 1
4599 1014 2
1014 5563 1
5563 4045 1
4045 3096 1
3096 1014 1
1014 5344 2
5344 1561 2
3731 5237 1
2487 664 9
664 4907 1
1014 790 3
790 2641 1
664 3980 1
3980 5785 1
2176 1230 1
5774 4528 10
4528 1014 2
5237 333 1
333 4910 1
1014 333 1
333 5237 2
5237 790 5
1014 5263 2
5263 1014 1
664 69 2
5237 2704 1
2704 790 1
1014 1985 1
5785 2704 5
2704 5237 2
5237 1014 4
1014 5785 7
5774 1014 3
1014 1572 20
1572 4530 1
4530 4515 2
4515 4668 2
4668 2367 1
2367 5785 1
5785 177 3
177 4530 1
4530 1572 1
937 1230 2
268 3810 1
3810 1290 1
5774 141 1
141 1572 1
1572 4407 1
4407 4 1
4 5785 1
4599 930 2
1687 2879 1
2879 2683 1
2683 4317 1
4317 930 1
930 790 1
790 554 2
554 1695 4
268 4910 1
280 5571 1
5571 210 1
210 69 1
1014 5571 1
5571 268 1
268 2521 1
2521 1687 1
1687 69 1
1014 2657 8
2657 585 8
585 2705 1
2705 2641 1
2487 3996 2
3996 69 2
1014 271 6
271 2660 2
2660 2925 5
2925 2657 2
304 1687 2
1687 2289 4
2289 4911 4
4911 5553 1
5553 5160 1
5160 2513 1
2513 1572 15
1093 111 1
111 4439 1
4439 4910 2
2206 5043 1
937 4965 1
4965 1572 1
1572 4184 1
4184 369 1
369 3419 1
3419 5258 1
5258 955 4
955 1695 2
1695 2206 1
280 833 1
833 4515 1
4515 4572 2
4572 2209 1
2209 1172 2
1172 5785 1
5569 3996 1
3996 2236 1
2236 2513 1
2513 3310 2
3310 541 1
541 1098 1
1098 5049 1
5049 193 1
193 4994 1
4994 5666 1
5666 979 13
979 2302 1
5774 2209 1
1172 2868 2
2868 2996 1
2996 2691 1
2691 2487 1
69 4907 3
1014 2867 6
2867 5563 1
5563 2513 2
2513 1 3
1014 943 1
943 4688 1
4688 2487 1
5569 1572 1
1572 3313 2
3313 76 1
76 2792 1
2792 3313 1
3313 1014 1
1014 265 1
265 1687 1
4354 5569 1
5569 404 1
404 5621 1
5621 2633 1
2633 5808 1
1572 5414 1
5414 1956 1
1956 943 1
943 2657 2
2302 3933 1
3933 2836 1
2836 2223 1
2223 2424 1
2424 5043 1
5666 360 3
2676 1014 1
1014 3880 1
3880 4038 1
4038 271 2
5205 1572 2
1572 554 7
554 271 2
5722 5610 1
5610 5477 2
5477 2128 1
2128 948 1
948 1572 1
1572 2281 1
2281 4552 1
4552 2302 1
2302 3162 8
3162 833 1
5666 790 3
790 5274 1
2879 1233 1
1233 3652 1
3652 2176 1
2176 5269 1
5269 69 1
1014 3120 3
3120 2905 1
2905 5440 1
5440 5778 1
5778 306 1
306 69 1
69 791 1
791 2867 1
5049 268 1
5563 5049 1
5049 2247 1
2247 5049 1
5049 362 1
362 2110 1
2110 69 1
790 69 1
1014 1096 2
268 4038 1
5205 5591 1
1572 5572 1
5572 4956 1
208 1014 1
1014 1561 2
5666 4910 1
2206 1572 1
299 3479 1
3479 4278 1
4278 5478 3
5478 271 2
271 5599 1
5599 1572 1
1014 2879 1
2487 5537 1
5537 5043 1
1695 1561 2
1096 5297 1
5297 4634 1
4634 271 1
271 3519 3
3519 3363 1
3363 368 2
368 1014 1
1014 645 1
1584 5205 1
3479 463 1
1489 4911 2
979 1230 1
1230 1685 1
1685 3255 1
3255 5114 1
5114 3310 2
4653 2364 1
2364 4737 1
4737 1230 1
1230 5370 1
5370 5808 1
5808 5114 1
5114 1068 1
1068 5625 1
5625 5563 1
5563 360 1
360 837 1
5592 3297 1
3297 1892 1
2964 3640 1
3640 4535 1
4535 2640 1
2640 4653 1
4653 2951 1
1937 1014 1
1014 5287 1
472 2172 1
2802 5774 1
268 3297 2
3297 1014 5
1014 229 1
3598 2302 1
2302 4458 1
4458 4567 1
4354 1687 2
1687 3297 7
3297 2534 1
2534 645 1
645 2302 4
4848 2676 1
2676 268 1
268 5252 1
5252 1014 1
1014 5120 5
5120 5693 1
5693 1572 1
1177 4056 1
4056 360 1
2676 2535 1
2535 5572 1
5572 2302 1
268 2223 3
2223 5625 1
5625 1892 6
1892 3828 1
3828 4490 4
4490 5522 3
5522 4708 1
4708 1580 1
1580 1572 1
3251 2657 1
3323 69 1
1014 1217 2
1217 3297 1
3297 3836 1
3836 1687 1
1687 2977 3
2977 1695 2
4941 1014 1
1014 2409 1
2409 1954 1
1954 4439 1
5522 1572 1
1572 69 2
2922 229 2
5561 472 1
472 1093 1
1093 3306 1
3306 1014 1
1014 303 1
2977 1572 8
622 2639 1
5334 2176 1
2176 1041 1
1041 719 1
719 107 1
107 268 1
4663 1941 1
1941 2375 1
2867 5318 2
5318 675 1
1014 3479 1
2018 2487 1
1254 194 1
194 1625 1
1625 983 2
983 4439 4
3297 2302 4
1892 1231 3
1231 5522 1
5522 271 2
2867 5703 1
5703 268 1
268 5207 1
1572 4999 1
4999 4852 1
4852 1572 1
1067 1572 1
580 5258 2
2632 2297 1
2297 2632 1
2632 5543 1
5543 69 1
1096 4639 1
2018 5237 1
5237 4691 1
1695 3145 1
3145 1584 1
4149 1849 1
1849 1572 1
1014 1177 3
1177 69 1
69 2106 1
2106 790 1
790 5087 1
5087 2879 1
1646 2867 1
2867 5076 1
5076 1014 1
937 3162 1
3162 409 1
409 1602 1
1602 1970 1
1970 1510 1
1510 5785 1
4184 388 1
2814 2174 1
2174 1892 1
3027 271 2
580 2236 1
2236 5771 1
2977 2289 3
2289 4138 1
4138 271 6
271 4147 5
4147 1572 2
4629 1082 1
1082 1045 7
2176 5043 2
1695 360 1
360 2977 1
2977 1625 1
1625 360 1
360 5191 1
5191 2193 4
2193 271 6
271 1037 1
1572 5651 1
5651 2193 2
271 5729 1
5729 2302 1
2176 2302 1
4567 2977 1
268 1066 4
1066 1941 1
5559 5530 1
5530 4803 1
4803 733 1
733 380 1
380 2302 1
5211 5043 1
1695 1941 1
1941 3438 1
3438 2867 1
2867 3615 1
926 1838 1
1838 1971 1
1971 2302 1
2302 346 1
346 5559 1
2289 3027 2
271 4602 1
4602 4439 1
4439 4941 2
4941 1622 1
1622 3737 1
3737 2302 3
2302 4453 7
4453 350 1
350 3813 1
3813 193 1
193 3256 1
3256 271 1
2868 4512 1
4512 2269 1
2269 3558 1
3558 949 1
5191 1843 1
1014 2269 2
2269 4942 1
4942 271 3
2868 753 1
753 271 1
360 4397 1
4397 5053 1
268 4099 1
4099 1014 1
5666 2289 46
1096 1532 1
1532 5453 1
5453 2486 1
2486 1773 1
1773 5572 1
5785 2681 1
2681 5382 1
5382 2292 1
2292 370 1
370 1744 1
1744 2302 1
2302 5049 5
5049 733 1
733 2657 1
1014 833 5
1230 2289 13
2289 4874 2
4874 2486 4
2486 2052 6
1572 3217 1
622 2486 6
2486 373 3
373 5032 1
5032 5114 1
5114 271 1
259 1950 2
1950 3871 1
3871 3138 1
3138 2977 1
1532 322 1
322 4875 1
4875 1572 1
1572 76 3
76 4737 2
4737 2289 1
2364 259 1
259 2643 1
2643 271 2
271 2200 4
2200 3946 1
3946 1252 1
1252 2443 1
2443 2867 1
2867 4128 1
4128 3776 1
3776 1079 1
1079 1572 2
1572 2621 1
2621 5785 3
5569 5668 3
5668 622 3
373 4051 1
4051 3641 1
3641 1065 1
1065 5261 1
5261 5785 2
5785 2289 2
2289 338 3
338 2355 1
2355 1572 2
1572 3949 1
3949 2052 1
3310 489 1
489 171 1
1687 2486 6
2486 4602 1
4602 660 1
660 622 1
2486 3457 1
4874 271 4
3256 2052 1
2052 2289 2
271 89 1
2174 3363 1
3363 926 1
926 331 1
331 3697 1
3697 2950 1
2950 5340 1
5340 4735 1
4735 2597 1
2597 4423 1
4423 1310 1
1310 5340 2
5340 4731 1
3911 881 1
881 2699 2
2699 2991 1
1066 194 1
194 3310 1
3310 2814 2
2814 4941 3
4941 2985 1
2985 629 1
629 3730 1
3730 268 1
268 2562 1
2562 482 1
482 5043 1
2302 2868 5
268 5333 1
5333 4204 1
2801 5666 1
1572 4528 5
4528 1572 5
4911 881 1
2699 457 1
457 1804 1
1804 2289 1
2289 4236 1
4236 3310 1
1543 2813 1
2813 2965 1
2965 373 1
373 2289 1
2289 4670 1
4670 271 1
271 821 1
821 3256 1
3256 4629 1
4629 2491 1
2491 3506 1
3506 4569 1
4569 5249 1
5249 5233 1
5233 1467 1
1467 2244 2
2244 1342 1
1342 903 2
903 4128 1
4128 2302 1
4184 4599 1
4599 3753 2
3753 3398 1
3398 898 1
898 5785 1
1235 2641 4
2487 416 2
416 1079 1
1079 2034 3
2034 4419 2
4419 2491 1
2491 268 1
268 4568 1
4568 1572 1
171 990 1
990 1692 2
1692 2863 1
2863 3172 1
3172 3828 1
3828 1690 2
1690 3625 1
3625 364 1
364 990 2
990 3737 1
1758 350 1
350 1543 1
1543 1692 1
5774 94 1
94 3625 1
3625 2879 1
622 608 1
608 1864 1
1864 289 1
289 1937 1
1937 622 2
622 4349 1
4349 1572 2
1572 1939 2
1939 271 2
271 1716 1
1716 93 1
93 1572 1
1572 579 1
579 4885 1
4885 5774 1
5774 5531 1
5531 1572 1
1572 5240 1
5240 4484 1
4484 2945 1
2945 2244 1
2244 2934 2
2934 2302 1
2302 943 1
943 4082 1
4082 360 1
360 2855 2
2855 593 1
2922 2458 1
2458 819 1
819 2676 1
4692 2790 1
2790 4281 1
4281 903 2
903 5173 1
5173 4439 1
4439 1941 1
1941 729 1
729 2022 1
2022 4439 1
4439 5189 1
5189 4609 1
4609 4896 1
4896 1572 1
1572 2061 1
2061 4140 1
4140 203 1
203 1695 1
1695 5564 1
5564 1532 1
1532 1021 1
1021 5823 1
5823 177 1
177 5666 7
2289 2440 6
2440 5049 1
5049 3960 1
3960 3196 1
3196 5785 1
1235 4423 1
1572 5563 2
5563 1968 1
1968 5543 1
5543 1 1
1 622 1
622 151 1
151 4910 1
1532 790 2
790 76 1
76 4907 1
5237 259 5
259 5087 1
5087 4586 1
4586 2239 1
2239 1572 1
1572 5561 1
5561 271 1
2018 4128 1
4128 5344 1
5344 584 2
584 1561 1
1561 1808 2
268 1079 1
1079 4354 1
4354 622 1
622 3839 1
3839 930 1
930 3839 1
3839 271 1
4009 954 1
954 987 1
2375 675 1
675 1584 4
1584 107 1
107 271 2
2597 2176 1
2176 2977 1
5653 5530 1
5530 3363 1
472 987 1
987 2289 10
2289 4268 1
4268 3310 1
3310 2977 1
2977 271 1
2018 268 2
268 5677 1
5677 4099 1
4099 937 1
937 271 1
271 5114 14
5114 580 8
580 1808 7
1808 4780 1
4780 1270 1
1270 1572 1
1572 3145 1
3145 4055 1
4055 2151 1
2151 990 2
990 2289 1
2289 1635 1
1635 2469 1
2469 2302 1
5049 2128 1
2128 1030 1
429 3223 1
3223 2151 1
1572 1341 1
1341 2289 1
2289 1119 1
1119 5666 2
268 3339 1
3339 1572 1
1572 639 1
639 1161 1
1161 2410 1
2410 2302 1
619 4910 1
4910 4477 1
4477 3184 1
3184 4586 1
4586 1930 1
1930 99 1
99 1553 1
1553 5638 1
5638 1572 1
1161 1275 1
1275 1572 1
1695 472 1
472 2487 1
2487 4827 1
4827 5350 1
5350 2848 1
2848 5191 1
987 2879 1
2879 2985 1
2985 842 1
842 4529 1
4529 5049 1
5049 4422 1
4422 5666 1
2879 2232 1
268 216 1
216 4411 1
4411 2289 1
2289 2383 1
2383 1930 1
1930 1572 1
1572 100 1
100 1161 1
1161 1274 1
1274 2289 1
2487 216 3
216 5043 1
3256 2879 1
5630 2685 1
2685 3310 2
4354 2922 1
2922 3306 1
3306 2227 1
2227 218 1
218 2814 1
2289 691 1
691 5615 1
5615 3297 2
3297 4815 1
4815 1584 1
1584 323 1
323 5130 1
5130 455 1
4516 1227 1
1227 218 1
218 3297 1
3737 954 1
954 5530 1
5530 5729 1
5729 1572 1
1572 2848 1
2848 4162 2
4162 5530 1
1037 2814 1
2814 4668 7
4668 5774 2
5563 4778 1
4778 3297 1
3297 1572 19
2867 4874 2
4874 3363 1
3363 331 1
331 271 1
271 4341 1
4341 5666 1
2867 2269 6
2269 2289 1
2289 3859 2
3859 1810 1
1810 5666 1
5666 1572 7
1572 3425 1
3425 567 1
567 2302 1
1161 2676 1
2676 987 1
2289 3484 1
3484 2302 1
4354 207 1
207 4458 1
4458 4310 1
4310 409 1
409 2289 3
2289 3306 4
3306 1100 1
1100 2454 1
2454 994 1
994 1100 1
1100 4267 1
4267 2289 1
2289 4547 1
1252 3412 1
1572 1335 4
1335 271 5
2844 2657 2
2657 268 2
1235 5083 1
5083 1572 1
2269 4211 1
4211 3747 1
3747 3854 1
3854 2486 1
1687 3293 1
3293 1100 5
1100 2289 2
2289 4365 5
4365 5092 1
5092 1251 2
1251 4310 1
4310 2289 3
2289 1235 8
5442 4056 1
4056 2194 5
1695 5350 3
5350 4309 1
4309 2449 1
2449 5666 1
268 4234 1
4234 622 1
622 3782 1
3782 2289 1
2289 1335 1
5287 5053 1
5053 1924 1
1924 4927 1
4927 949 1
949 4910 2
4910 4011 1
4011 4968 1
4968 1572 1
1572 2223 1
2223 1161 1
1161 4199 1
4199 3310 1
3511 373 1
5303 2010 2
2010 5671 1
5671 3724 1
2302 5628 1
5628 5511 1
5511 2657 1
5710 789 1
789 1950 1
1950 5054 1
5054 1014 1
1014 2993 1
2993 2487 3
2302 2236 6
2236 2842 1
2842 5114 1
1252 4458 9
4458 5118 1
5118 1014 1
4599 2867 8
4835 2867 1
2867 335 2
335 5388 1
5388 2961 1
2961 1532 1
790 5785 3
3479 3652 4
3652 2867 1
1100 2327 1
2327 2337 1
2337 2010 1
2010 5625 1
3992 930 1
5774 2169 1
2169 2867 1
2867 4083 1
4083 4848 1
2867 5388 4
5388 5350 1
5350 936 3
936 1096 1
268 987 1
987 5653 1
5653 1621 2
1621 4166 2
4166 1582 1
1582 5032 1
5032 790 1
790 5132 2
5132 2487 3
2487 4710 2
4710 1014 2
1014 2309 1
2309 2302 1
2302 5215 1
5215 1704 1
1704 2072 1
2072 5572 1
5572 2269 1
2269 5774 4
979 5043 2
1695 2169 1
2169 5785 1
1641 3310 1
3511 268 2
268 4199 1
4199 4910 1
4910 1465 1
1465 1754 1
1754 2151 1
2151 2879 2
2879 275 1
275 253 1
253 1614 1
1614 475 1
475 949 1
949 5693 1
5693 4991 1
4991 2124 1
2124 4918 1
4918 268 1
268 4294 1
4294 824 1
824 2349 1
2349 1572 1
1572 4372 1
4372 2814 1
1584 2879 8
268 1400 1
1400 5305 1
5305 3153 1
3153 917 1
917 1262 1
1262 3281 4
3281 2597 1
2597 5780 1
5780 1262 1
1262 4783 1
4783 5737 2
5737 1572 1
1572 1817 1
1817 1584 1
1584 2280 1
2280 2810 1
2810 432 1
4918 2302 1
275 4257 1
4257 1006 1
1006 4783 1
5737 4437 1
4437 4439 1
4439 4189 2
4189 4389 1
4389 5229 1
1252 4942 1
4942 5631 1
5631 4439 1
4439 2732 1
2732 3249 1
3249 2657 1
2564 2487 1
2649 3632 1
3632 3310 1
5666 1280 1
1280 5774 1
5774 1100 3
1100 3492 1
3492 2867 1
2867 566 1
566 2487 1
5442 360 1
360 1505 1
1505 2289 2
2289 4728 1
4728 2128 1
2128 373 1
2052 1177 1
5666 4439 18
3859 3697 1
3697 1235 2
1235 1505 1
1505 4910 1
1269 5522 1
5522 1975 1
1975 2662 2
2662 76 1
76 5636 1
5636 4751 1
4751 2658 1
2658 4616 1
4616 2663 1
2663 2597 1
2597 3176 1
3176 4452 1
4499 1269 1
1269 3417 1
3417 5519 1
5519 1269 1
5617 4907 1
4907 4257 1
4257 2813 1
1572 2184 1
4439 1578 1
1578 241 1
241 2647 1
2647 2421 1
2421 542 1
542 1572 1
1572 2665 1
2665 3697 1
1235 2249 1
2249 2597 1
2597 785 1
785 5130 1
5130 2018 1
2018 4439 1
4439 1914 1
1914 1948 1
1948 4910 1
4910 269 1
269 5734 1
5734 4738 1
4738 3130 1
3130 3382 1
3382 1572 1
1572 3153 1
3153 4620 1
4620 4439 2
4439 2012 1
2012 2657 1
76 4358 1
4358 1880 1
1880 4599 2
4599 2289 8
2289 2760 1
360 1100 4
1100 3363 1
1235 2364 1
2364 4636 1
4636 4910 1
4910 2732 1
2732 4721 1
4721 1572 1
1572 994 1
994 2661 1
2661 1892 1
1892 2822 1
2822 268 1
4663 1038 1
1038 1041 1
1572 1879 1
1879 1041 1
1041 1014 4
1014 1 4
1 626 1
626 2661 1
2661 4625 1
4625 2027 1
2027 1646 1
1646 2289 2
2487 2440 2
2440 5247 1
5247 2335 1
2335 179 1
179 1058 1
1058 2289 1
1104 1230 1
1230 4866 1
4866 4330 1
4330 2289 1
5007 2269 1
268 565 1
565 1067 1
1067 2151 1
5078 4751 1
4751 4309 1
4309 1 1
2289 3038 1
3038 1066 1
1066 939 2
939 2985 5
2985 2977 1
1014 5668 2
5668 2867 10
2867 2025 1
2302 1044 6
1044 2052 2
1572 3505 1
3505 2867 1
4910 2813 1
2813 1041 1
1041 5169 8
2487 5287 5
5287 1572 3
2269 1105 1
1105 5785 1
5785 5431 1
5431 894 1
894 1687 2
2486 2977 2
2487 610 1
610 2289 1
2289 153 1
153 338 1
3256 3640 1
5570 3353 1
3353 2691 1
2691 2486 2
2486 3885 3
3885 1572 2
5785 1317 1
1317 268 1
268 4360 1
4360 2691 1
2691 2169 1
2169 1892 1
1892 2289 14
2440 271 2
271 3293 4
1100 2657 2
5569 600 1
600 2691 2
2487 1336 2
1336 194 1
194 2691 1
2691 5273 1
5273 2657 1
2657 5078 2
5078 2487 6
2487 2159 9
2159 2487 2
3234 2060 1
841 2337 1
2337 5078 1
5078 1950 1
1950 5274 2
5274 5774 1
5774 5625 3
1572 1041 4
1041 5666 6
2289 3189 1
3189 622 1
622 4910 1
1572 3281 1
3281 2364 1
2364 2289 3
271 4257 1
4257 3381 1
3381 2814 1
2814 4907 1
4907 3148 1
3148 2440 1
2440 1519 1
1519 539 1
539 1098 1
1098 4565 1
4565 1014 1
1014 4365 2
5666 3148 1
3148 5774 1
5774 340 1
340 268 1
268 1900 1
1900 5043 1
1695 1230 2
259 5625 2
5625 5169 1
1100 1561 1
1561 2691 2
2691 5778 1
988 5114 1
5114 4267 2
2879 259 5
259 2867 9
5774 3148 1
3148 3901 1
3901 340 1
340 5273 1
5273 5625 1
5625 2657 2
2922 2487 1
2487 1509 2
1509 4007 1
4007 5778 1
4213 271 1
271 4163 1
4163 3640 1
3640 2699 5
2699 2289 2
2302 350 1
350 5559 1
1572 3509 1
3509 2486 1
2486 5208 1
5208 304 1
2289 2625 1
2625 5035 1
5035 5785 1
3313 271 3
3256 1290 1
1290 2660 2
2660 1425 1
1425 1572 1
3828 629 1
629 2467 1
2302 892 1
892 1553 1
1553 5785 1
1179 2256 1
2256 5536 1
5536 2868 1
2868 3310 2
3310 841 3
1584 2661 1
2661 1190 1
1190 761 1
761 1489 1
1489 4486 1
4486 2868 1
2868 1695 3
1695 1272 1
1272 1572 4
3537 271 6
271 2661 5
2661 1020 1
1020 3664 1
5570 1669 1
1669 2867 1
3651 2337 3
2879 3697 1
4758 1313 2
1313 2691 4
5774 1 5
1 1808 11
1808 369 3
369 2289 1
2289 3922 3
3922 271 1
1014 4338 1
4515 1924 1
1924 3480 1
5785 1367 1
1367 2801 2
2867 5345 1
5345 4454 1
4454 5273 1
5273 5785 1
5785 1553 1
1553 2868 1
2868 3119 1
3119 3918 1
3918 3640 1
3640 5169 4
5785 5361 1
5361 1505 1
1505 5035 1
5035 1014 1
4439 498 2
498 589 1
589 1572 2
3186 5666 1
2289 5287 6
5287 3828 1
4490 1365 1
4499 268 1
268 1553 1
1553 2388 1
2388 624 1
624 5345 1
5345 1014 1
1252 5274 1
1014 5008 1
5008 2236 2
2236 254 1
1572 3659 2
3659 4911 1
4911 5250 1
5250 2476 1
2476 5053 1
5053 442 1
442 1014 1
268 201 1
201 1572 1
1572 1553 1
1553 5375 1
5375 2867 1
4121 271 6
4161 271 1
360 428 2
428 268 1
268 1849 1
1849 2814 1
5785 619 1
619 4348 2
4348 1561 1
5666 786 1
786 2962 1
2962 2301 1
2301 1553 1
1553 5224 1
5224 2590 1
2590 3918 1
3918 2868 1
2868 5117 1
5117 1 2
5785 824 1
824 841 1
841 1313 1
1313 3968 2
3968 5774 2
1014 316 1
316 5785 1
5785 3072 1
3072 1553 1
1553 841 1
1 1818 1
1818 4735 1
4735 1572 1
1363 2867 1
2867 1968 1
1968 1552 1
1552 2297 1
2297 5785 2
4528 622 2
2867 5024 2
5024 1572 1
2867 3570 2
3570 5785 4
5785 5045 2
5045 1096 1
268 4735 1
4735 893 1
893 4439 1
4439 1553 1
1553 1572 1
1572 3854 3
3854 2879 1
1687 1784 1
1784 4411 1
4411 5043 1
1695 3310 1
5774 5120 2
5120 3566 1
3566 2985 1
2985 5374 1
5374 1489 1
5785 3694 1
3694 645 1
645 517 1
517 1572 1
228 1161 1
1161 1553 1
1553 271 1
271 1970 3
268 1561 4
5785 3956 1
3956 5774 1
5774 2606 1
2606 1014 1
1014 5250 1
5250 930 1
930 5250 1
5250 1584 1
1584 253 1
253 5173 1
5173 4348 1
4348 1584 1
1584 4389 1
4389 3310 1
580 2867 6
2867 586 1
586 1572 1
1572 4118 1
4118 4439 1
498 1695 1
1695 114 2
114 2302 1
1808 3952 1
3952 271 3
4535 2922 1
2922 3884 1
254 4971 1
4971 2867 1
2867 4956 2
4956 4307 1
4307 930 1
360 2661 2
2661 5120 1
5120 2375 1
2375 475 1
475 4018 1
4018 4515 1
4515 975 1
975 1572 1
1014 4831 1
4831 2657 1
585 5785 2
5785 3793 1
3793 259 1
259 5668 2
5785 5375 1
5375 1553 1
1553 5630 1
5630 2401 1
4159 1695 2
1695 3014 1
3014 5653 1
5653 987 1
1572 5653 1
5653 2676 1
2676 4038 1
4038 1014 1
3664 1489 1
1489 2920 1
2920 4833 1
4833 1572 3
2867 608 1
608 1537 1
1537 987 1
987 4101 1
4101 1290 1
1290 987 1
1572 4354 1
4354 502 1
502 2745 1
4515 107 1
107 2289 3
4735 5734 1
5734 4439 2
4439 2814 6
2814 1930 1
1930 2480 1
2480 2867 1
2302 194 2
194 4426 1
4426 1948 1
1948 2364 1
1572 1310 1
5340 2302 1
2302 1948 1
1948 3594 1
3594 2808 1
2808 1898 1
1898 4397 1
4439 5625 2
5625 5722 1
1572 5527 1
5527 956 1
956 353 1
353 1849 1
1849 2289 1
2269 2868 4
2868 746 1
746 2302 2
107 5043 1
2868 259 6
259 4913 1
4913 2289 1
472 3699 1
3699 2289 2
2289 4586 4
1572 5092 2
3480 2896 1
2896 2487 1
2487 5385 1
5385 1130 1
1130 271 1
2868 1258 1
2440 2147 1
2147 4133 2
4133 1936 1
1936 5704 1
5704 1572 1
2227 619 1
619 1169 1
1169 1808 1
2289 4261 1
4261 5704 1
5704 5114 1
5114 2440 1
2564 1767 1
1767 1014 1
2868 936 1
936 3978 1
3978 271 2
271 4423 1
4423 5043 1
1695 5442 1
5442 1486 1
1486 1572 1
1572 3769 1
3769 271 2
271 5704 1
5704 5774 1
268 4458 2
4458 193 1
193 4423 1
4423 1892 1
1892 1809 2
1809 684 1
684 271 1
271 2210 2
2210 4625 1
4625 259 2
259 1290 3
1290 2868 5
2868 948 1
948 271 1
5053 5778 1
5778 4423 1
4423 3996 1
3996 3310 1
3310 5527 1
5527 2297 1
2297 2868 1
2868 102 1
102 1695 1
1695 4726 1
3120 2532 1
2532 1572 1
1572 440 1
440 2954 1
2954 271 1
271 1247 1
1247 406 1
406 2302 1
5477 5785 2
5785 608 2
608 271 2
271 3120 1
3120 915 1
915 2457 1
5668 2563 1
2563 4207 1
4207 4365 1
4365 3444 1
3444 1290 2
1290 4354 1
1572 3652 5
3652 5666 4
5053 980 2
980 1014 2
1014 2824 1
2824 2236 1
3277 5132 1
5132 3655 1
3655 4856 1
4856 1078 1
1078 5084 1
5084 1 1
1 809 1
809 268 1
268 2976 1
2976 1489 1
5666 2530 1
2530 268 1
5785 1041 2
5778 5770 1
5770 2812 1
2812 970 1
970 547 1
547 2364 1
1100 1262 1
1572 5737 1
5778 1581 1
1581 5120 1
5120 3585 1
3585 2289 1
2289 5369 1
5369 2814 1
1584 3281 1
3281 5785 1
5785 1482 1
1482 3310 1
3310 1826 1
1826 4515 1
4515 3150 1
3150 1572 1
1572 2343 1
2343 3281 2
3281 1014 2
1014 1478 1
1478 5785 1
2867 4580 1
4580 2302 1
4848 1572 3
1572 675 2
675 3031 1
3031 2302 1
5785 2343 1
2343 4910 1
4910 1742 1
1742 4439 1
4439 2808 1
2808 2734 1
2734 4839 1
4839 1572 1
1572 1330 2
1330 2867 2
3363 3367 1
3367 2037 1
2037 2236 2
2236 1584 1
1584 5049 1
5049 4157 1
4157 5275 1
5275 3737 1
4758 2556 1
268 4211 1
4211 1014 1
1014 5284 2
5666 2643 2
2200 2487 1
5785 5358 5
5358 937 2
3828 1043 1
1043 4490 1
4490 5591 1
5785 4101 1
4101 271 1
5774 2577 1
2577 1041 1
5785 2430 1
2430 5668 1
5668 3603 1
3603 1687 1
1687 368 5
368 5785 2
1066 4733 1
4733 2939 1
2939 4439 2
2879 5132 1
5132 1014 1
1014 1406 1
5666 3722 1
3722 5258 1
2487 969 1
969 930 1
1235 2556 1
2556 3439 1
3439 5780 1
5780 1572 1
1572 1475 1
1475 4411 1
4411 271 2
1752 3150 1
3150 5785 1
5785 3910 1
3910 2867 2
4668 1687 1
1687 4480 1
4480 1572 1
4900 2487 4
2487 1311 3
1311 5774 1
5774 1808 2
3598 5605 1
5605 2410 1
2410 864 1
864 2196 1
2196 3934 1
1572 3955 4
3955 1687 7
107 2519 1
2985 5169 2
786 2485 1
2485 3186 1
3186 1100 1
1100 271 1
2814 2001 1
2001 271 1
1892 936 1
936 5350 1
5350 2643 2
2487 1281 3
1281 5785 1
1561 5774 2
5774 4492 1
4492 2801 1
5785 3385 1
3385 1687 3
1687 2844 4
2867 1263 1
1263 835 1
835 4803 1
4803 4586 1
4586 3195 1
3195 4452 1
4452 4502 1
1572 765 1
765 2037 1
2037 2868 2
5785 2540 1
2540 3119 1
3119 5774 2
268 3870 1
3870 5043 1
1695 2302 5
2302 5591 3
5591 2193 1
271 2860 2
2860 2487 1
5778 1263 2
1263 268 1
268 5683 1
5683 1041 1
268 193 2
193 5013 1
5013 5258 1
1505 3828 1
3828 2292 2
2269 5358 2
937 3310 1
3310 844 1
1572 5008 2
5350 4280 1
4280 271 1
4515 3795 1
3795 2539 1
2539 1252 1
1252 208 1
208 5785 1
2627 1572 1
3946 1230 1
1230 5778 1
1263 3978 1
864 5132 2
5132 949 2
987 5114 1
5114 1572 2
4683 2868 2
5350 1561 1
1561 622 1
622 2659 1
2659 2106 1
2106 867 2
867 1572 3
2269 948 1
948 5785 6
622 2574 3
2574 4480 1
4480 5785 1
5785 3679 1
3679 271 1
955 5069 1
5069 4365 1
4365 2487 2
1311 5666 1
5785 970 1
970 499 1
499 1263 1
1263 5785 1
5785 502 1
502 4574 1
4574 5785 1
5785 3335 2
3335 2868 1
2868 466 1
466 2795 1
2795 5785 1
841 1045 3
1045 2661 2
2661 4515 1
4515 2106 1
2106 167 1
167 815 1
815 1572 1
4873 1695 1
5237 1525 3
1525 4461 1
4461 422 1
422 786 1
786 5237 1
5237 1281 2
1281 1532 2
1532 271 2
864 2608 2
271 922 2
922 271 1
271 4554 1
2193 3080 4
3080 5785 1
987 1582 1
1582 3255 1
3255 1572 1
1572 5087 4
5087 5390 1
2985 5448 2
5448 1572 1
1572 3994 1
3994 4267 1
4267 3402 1
3402 5785 3
5237 948 1
948 5620 1
5620 3443 2
3443 2608 1
2487 843 1
843 949 1
5610 5169 1
2355 5785 2
5785 2377 1
2377 2302 1
2814 5509 1
5509 3083 1
3083 5785 1
1572 1439 1
1439 2236 1
2236 2136 1
2136 192 1
192 988 1
2289 2608 3
2608 1572 2
3479 4599 1
5774 2236 1
2236 1209 3
1209 8 1
8 2283 1
2283 2115 1
2115 4599 1
2867 1281 1
2302 1156 2
1156 1848 1
1848 864 1
864 5785 3
2641 1532 1
1532 2487 5
1561 635 1
635 2867 2
2867 2608 1
5785 1532 3
1532 1281 1
1281 1235 1
1235 5132 2
949 2520 2
2520 1572 2
2643 1235 1
2657 5237 4
5237 1235 3
1235 939 1
939 1685 1
1685 2302 2
1848 5563 1
5563 2972 1
2972 1532 3
1532 2674 1
2674 4735 1
4735 5737 2
5737 2608 1
2608 150 1
150 5836 1
5836 5569 1
5569 5132 1
5132 2198 1
2198 3011 1
1489 3479 1
208 5084 1
5084 2657 1
5666 2632 2
2487 4137 2
4137 5785 1
2814 5666 1
4629 3879 1
3879 2868 1
2868 2278 2
2278 1572 4
1572 3986 1
3986 5785 1
5785 1489 2
1489 2868 1
4911 4317 3
4317 3968 1
3968 4515 2
4515 2278 2
4515 4385 1
4385 2868 1
2868 4795 1
4795 5666 2
5666 4277 2
4277 2879 1
2879 1282 1
1282 5563 1
5666 1692 1
1692 2879 1
2879 4528 3
4528 823 2
823 3203 1
3203 5032 1
5032 457 1
5668 2961 1
2302 4910 1
4910 2176 1
2176 2868 1
2868 188 2
188 76 2
76 5394 3
5394 5043 1
5785 2482 3
2482 5350 1
5350 3430 1
3430 5666 1
5120 4528 1
823 1372 1
1372 1687 2
271 2340 7
2340 5358 1
5358 1699 1
1699 2659 1
2659 2657 1
554 3666 1
3666 4360 1
4360 2868 1
2868 3692 1
3692 3310 1
3310 339 1
339 4416 1
4416 1572 1
1572 2868 3
2868 1338 1
1338 2691 2
2691 5269 1
5269 5785 1
5785 3785 1
188 4625 1
4625 1193 1
1193 5301 1
5301 2868 1
2868 4316 2
4316 2691 4
2691 5133 4
4771 2691 1
2440 5722 1
5722 5239 1
5239 1098 1
1098 271 3
2868 5445 1
5445 3769 1
271 1003 4
1003 5239 1
5239 2691 1
5774 1290 2
1290 4775 2
4775 1572 1
5666 1290 7
4775 5785 1
5785 4453 11
2375 1082 1
1045 2236 4
2236 5269 2
5269 930 1
4745 5274 1
5274 790 2
790 5513 1
5513 5785 1
5774 5269 1
5269 833 1
833 1572 5
922 2657 1
1561 1950 2
1950 5270 1
5270 930 1
930 5777 1
5777 1572 1
1572 1532 1
1561 2221 1
2221 1120 1
1120 259 1
259 948 1
948 1290 1
5114 5668 3
5668 5358 1
5358 1950 1
5274 3403 1
3403 5666 2
5666 4901 1
4901 5512 3
5512 4453 1
4453 5774 3
4528 930 2
930 2608 1
2608 268 1
2269 3737 1
5774 4838 1
4838 5283 1
5283 5778 1
5778 3304 1
3304 1572 1
268 171 1
1687 431 1
431 930 1
930 3697 1
3697 1606 1
1606 2217 1
2217 1572 1
1572 1438 1
1438 271 1
5774 4469 1
4469 2513 2
5785 470 1
470 4865 1
4865 4328 1
4328 5666 2
2253 2657 1
1572 4856 3
4856 4007 1
4007 943 1
943 930 1
930 2513 1
2513 5263 2
2676 1808 4
1808 5274 1
5512 1290 1
1290 3475 1
3475 2867 1
2704 5195 1
5195 1098 3
1098 494 2
494 1290 2
1290 4901 1
5512 5120 1
5120 2360 1
2360 2334 1
2334 1098 1
1098 2867 1
2867 310 1
310 4453 1
4453 3879 1
3879 5478 1
5478 3640 1
3640 5269 1
5269 271 1
4316 3968 1
3697 1223 1
1223 2302 2
3162 455 1
360 1646 1
1646 5076 1
5076 5273 1
5273 5026 1
5026 2657 1
2657 593 1
593 1489 1
1489 4547 1
1252 1683 1
1683 1584 1
369 5537 1
5537 2867 1
2867 5668 2
5668 398 1
398 2302 1
2302 431 1
431 5043 1
1695 3428 1
3428 5666 9
2867 4003 1
4003 2867 1
2867 5344 1
5344 1572 2
1572 4653 4
4653 4087 3
4087 1 2
987 4911 1
4911 1590 1
1590 5666 1
5666 4469 1
271 3641 3
3641 4184 2
4184 409 1
409 2867 2
1003 5610 5
5610 368 4
368 271 1
271 2676 1
2676 5269 1
5269 5118 1
5118 3404 1
3404 3171 1
3171 2302 1
987 2922 1
2922 3748 1
3748 271 1
864 4901 1
5512 1572 1
4439 4607 1
4607 5181 1
5181 5258 1
5061 988 1
988 2302 1
2302 3475 1
3475 3390 1
3390 5271 1
5271 4988 1
4988 948 1
2867 3153 1
3153 1098 1
1252 368 2
368 4901 1
2401 1572 1
1572 258 1
258 3310 1
5380 271 1
271 4798 1
4798 1704 1
1704 949 2
949 3406 1
3406 5701 1
5701 4439 1
2879 1252 3
1572 4642 1
3609 2643 1
2643 2867 1
409 930 1
930 2643 1
2643 3310 1
3310 2564 1
2564 1572 1
2487 4644 1
4644 5078 1
5078 186 2
186 5666 1
622 2922 2
2922 5261 1
5261 5666 1
4453 5274 1
5274 4515 1
4515 2112 1
2112 1 1
1 833 1
2691 1716 1
1716 5270 1
5270 5132 1
5132 5668 2
5668 2992 1
2992 813 1
2867 1177 1
2737 2867 2
2867 3549 1
3549 985 1
985 4515 1
4515 5026 1
5026 4628 1
4628 5630 2
5630 1081 1
1081 1848 1
1848 4646 1
4646 4103 1
4103 310 1
310 2270 1
2270 5778 1
5778 619 1
619 2352 1
2352 2691 1
5774 5541 1
5541 2512 1
2512 1230 1
2867 4277 1
4277 835 1
2487 5791 2
5791 5032 1
5032 622 1
622 2731 1
2731 1083 1
1083 2640 1
2640 2608 1
3826 1308 1
1308 985 1
985 790 1
790 1849 1
1849 5118 1
5350 2867 1
2867 3821 1
3821 2643 1
5120 5043 1
5043 3512 2
3512 1706 1
1706 2512 1
2512 1563 1
1563 2513 1
2513 3235 1
3235 3403 1
3403 2608 1
2608 2487 3
2487 622 4
622 930 1
930 2867 3
4629 3478 1
5118 622 1
622 5359 1
5359 1695 1
1695 4202 3
4202 1290 1
2879 1231 2
1231 3358 1
3358 554 1
554 4081 1
4081 930 1
930 310 6
310 5195 1
1098 3138 1
3138 3511 1
3511 2487 2
2487 275 1
275 939 1
939 2867 2
2867 5263 1
5263 2487 2
5774 2221 1
2221 833 1
833 930 2
1252 1177 2
1177 949 1
5785 4214 1
4214 4439 1
4439 949 2
949 4906 1
4906 2278 1
1572 1260 1
1260 1892 2
1892 1281 1
1532 2583 1
2583 2879 1
2879 2151 1
4108 4317 1
4317 5785 3
5666 1008 1
2977 2302 1
4354 2570 1
2570 5666 1
5053 2643 1
1281 1 1
5785 841 1
841 948 1
948 2302 1
2302 3074 1
3074 5666 1
2342 409 1
409 5053 2
5053 1201 1
1201 1572 1
1572 1950 5
1950 1561 2
1561 2269 2
268 5056 1
5056 1572 1
1572 4639 1
4639 75 1
75 2513 5
2513 4439 4
3609 571 1
194 1198 1
1198 2487 1
409 2269 1
268 2513 1
2513 5350 1
5350 5361 1
5361 3085 1
3085 2657 1
585 2643 1
2643 2691 1
4599 2632 3
4668 1572 3
4365 3402 1
3402 481 1
481 2236 1
2236 2278 1
2278 2867 1
2867 5483 1
5483 2302 1
987 3310 1
3310 983 1
2814 3962 1
3962 1572 1
1572 4539 1
4539 5132 1
5132 338 1
2867 622 6
5666 409 1
5569 3479 2
3479 4539 1
4539 1252 5
1252 4439 2
1572 2776 1
2776 2977 1
5785 4586 5
4586 5173 1
5173 2302 1
2302 870 1
870 5306 2
5306 1572 1
271 4715 2
4715 2487 2
979 4439 5
2236 4411 5
4411 2375 1
404 1578 1
1578 2010 1
1572 2482 8
2482 296 1
296 271 1
2868 2647 1
2647 2657 1
2657 4411 2
4411 2236 2
2236 4590 1
4590 1155 1
1155 1572 1
2269 3593 1
3593 2647 1
2647 271 3
271 5497 2
5497 1578 1
1578 304 1
304 1263 1
1263 3235 1
3235 4212 1
4212 5785 1
5785 388 1
5287 5666 9
2868 3932 1
1572 1719 1
1719 4950 1
4950 5382 1
5382 5785 1
5785 3033 1
3033 271 1
4941 1578 1
1578 1572 1
1572 2647 2
2647 1572 2
1572 979 3
979 406 1
5666 4956 1
4956 1371 1
1371 2868 1
2868 4315 1
4315 4599 1
4599 876 1
876 5237 3
5237 177 4
177 2236 10
2236 5195 1
1098 5773 1
5773 1976 1
1976 988 1
988 554 1
554 259 1
259 2236 2
2236 2115 1
2115 282 1
282 2278 1
2278 4539 1
4539 4740 1
4740 3479 1
2302 3476 2
3476 4267 1
5774 2345 2
2345 4528 1
4528 4547 1
4547 1621 1
1621 4758 1
979 3480 1
864 5668 3
5668 4223 1
4223 2052 2
1177 271 3
271 3529 2
3529 2879 1
2879 3062 2
3062 2302 11
2977 2487 2
2487 5563 7
5563 2027 3
2879 987 1
987 1233 1
1233 415 1
415 40 1
5237 1186 1
1186 5666 1
1177 2517 1
2517 987 1
987 4659 1
4659 5666 1
5666 2027 5
2027 2608 1
2608 1624 1
1624 2678 1
2678 1572 1
1572 5334 1
5334 360 1
360 4036 1
4036 3310 1
1572 2446 1
2446 2867 1
2867 576 1
576 5258 1
5258 1888 1
1888 1808 1
2867 4856 1
4856 4835 1
4835 930 1
930 1849 2
2487 3428 4
3428 5785 1
5785 5673 4
5673 5666 2
5666 1263 1
1263 4007 1
4007 466 1
466 292 1
292 271 2
271 5785 2
4911 2487 1
3310 4535 2
4535 2562 1
2562 3356 2
3356 2868 1
2922 4873 1
4873 5785 3
5237 4599 10
1525 2102 1
2102 2166 1
2166 422 1
422 5785 2
5785 304 2
304 602 1
602 5666 1
5666 4725 1
4725 5785 2
5785 2358 1
2358 4535 3
4535 4461 1
4461 1621 1
1621 1719 1
1719 1630 1
1630 1572 1
4702 3395 1
3395 813 1
813 1687 1
1687 1062 1
1062 2236 1
2236 3093 1
3093 1263 1
1263 2253 1
2253 1572 2
4007 3932 1
5785 3119 1
3119 3107 1
3107 1703 1
1703 4787 1
4787 2375 1
2375 2868 1
2868 3992 1
3992 2148 1
2148 844 1
844 1695 1
5774 1194 1
1194 4277 1
4277 5237 1
5237 2359 1
2359 4461 1
4461 4751 1
4751 335 1
335 4464 1
4464 422 1
5785 1525 2
1525 1950 1
1950 4461 1
4461 1950 1
1950 2166 1
2166 5774 1
4174 40 1
40 5043 2
5043 2868 2
2868 1473 1
1473 5785 1
2563 5444 1
5444 2657 2
585 1254 1
1254 4633 1
4633 3400 1
3400 3471 1
3471 645 1
645 3080 1
3080 930 1
930 622 4
2487 4361 1
4361 1 1
1 5556 1
5556 2236 1
2236 2922 2
2922 3911 2
3911 1242 1
2302 3302 1
3302 580 1
580 1572 5
1572 5225 1
5225 2691 1
4277 268 1
5563 2868 1
2868 3446 1
3446 5666 1
2879 2001 1
2001 2128 1
2128 1943 1
1943 1892 1
1892 999 1
999 5557 1
5557 1533 1
1533 4668 1
4668 2922 1
3911 188 1
76 5322 1
5322 5043 1
268 4758 3
4758 5444 1
5444 1 2
1 1943 1
1943 976 1
976 5121 1
5121 727 1
727 4515 1
2670 1584 2
1584 5761 1
5761 1843 1
1843 2151 1
4108 5556 1
5556 4599 1
2868 584 1
584 1625 1
1625 3363 1
4411 5669 1
5669 5249 1
5249 5668 1
5668 226 1
271 4035 1
4035 5064 1
5064 1630 1
1630 2879 1
2487 933 3
933 2868 1
2868 3497 1
3497 1808 1
2868 2814 2
2814 3828 1
3481 5785 1
5785 1968 1
1968 4503 2
4503 1892 1
2868 755 1
755 226 1
226 1066 1
1066 2049 1
2049 2657 1
1687 2606 3
2606 3310 1
3310 2868 4
2868 4668 1
4668 2342 1
2342 3341 1
3341 4535 2
4535 4411 2
4411 1572 14
5087 2487 3
2269 3552 1
3552 5774 1
5774 2927 1
2927 571 1
571 2868 1
2868 585 1
585 3607 1
3607 228 1
228 4503 1
4503 271 1
271 1943 1
1943 3828 2
4683 2657 2
2657 4040 1
4040 2302 1
5591 33 1
33 1572 1
1572 591 1
591 2985 2
190 271 1
4411 5118 1
5118 2868 1
2868 3606 1
3606 5785 2
5785 3807 1
360 5570 1
5570 5277 1
5277 3080 1
3080 1045 1
1045 481 1
481 2868 1
2278 2657 1
2487 3481 1
3481 406 1
406 404 1
404 4503 1
4503 1572 2
5043 5536 1
5536 3186 1
3186 742 1
742 1943 1
1943 5666 1
5169 1225 1
1225 5401 1
5401 2661 1
2661 5556 1
5556 3718 1
3718 2236 1
2236 5316 1
5666 4657 2
4657 1943 1
1943 340 1
340 4304 1
4304 4439 1
4439 1278 1
1278 2868 1
2868 3395 1
3395 4503 1
1572 3904 3
3904 2265 1
2265 5717 1
5717 1892 1
268 3570 1
3570 2868 2
2868 4240 1
4240 5785 1
5785 4097 1
4097 2692 1
2692 4411 1
4411 2868 1
2343 2302 1
2879 5717 1
5717 1572 1
4007 4515 1
4515 4394 1
4394 2691 1
2691 2278 1
2278 2487 1
2487 4016 3
4016 1943 1
1943 995 1
995 4503 1
4503 2302 1
1826 5668 1
5668 1625 2
1625 2867 1
3363 4413 1
4413 3188 1
3188 2868 1
2868 4535 1
4535 2868 1
2868 228 1
228 1968 1
4503 5785 2
5785 4121 1
4121 2302 5
1826 1892 1
264 4524 1
4524 5668 1
2487 698 1
698 2868 1
2868 3353 1
3353 1235 1
1235 4439 3
2197 1489 2
1489 304 1
304 2969 2
2969 1572 4
1572 826 2
826 271 1
271 5417 2
5417 2302 1
4599 3045 1
3045 2487 1
2487 573 1
573 2688 1
2688 3877 1
3877 1695 1
1695 5066 1
5066 2454 1
2454 1628 1
1628 5666 1
5043 5049 1
5049 1695 1
1525 271 1
271 4453 5
4453 982 1
982 2868 1
3537 5785 1
4411 2302 1
2302 3291 1
3291 833 1
833 137 1
137 1621 1
1621 5169 2
5169 1621 1
1621 2269 1
2269 1009 1
1009 5785 4
5785 1155 2
1155 360 2
360 5076 2
5666 2996 2
2996 2375 1
5785 1433 1
1433 4111 1
4111 2487 1
2487 5564 1
5564 4708 1
2337 69 2
69 970 1
970 1230 1
5785 635 7
271 5246 1
5246 5043 1
2649 4586 1
4586 4856 1
4528 5237 2
2487 1105 1
1105 2302 1
2302 5237 6
5132 3753 1
3753 1950 1
5237 4686 1
4686 5785 6
2487 3197 1
3197 1572 1
1235 3570 1
3570 5237 2
5237 3310 4
2165 489 2
489 5237 1
5237 340 3
340 4469 1
4469 3391 1
3391 5043 1
5043 310 3
5294 2657 1
66 1033 1
1033 4439 1
5237 335 1
335 1267 1
1267 2747 1
2747 5555 1
5555 1572 1
2487 665 3
665 335 1
335 4317 1
664 5237 1
5237 5132 2
5132 268 1
268 5391 1
5391 1572 1
833 3753 2
3753 5785 2
5785 2996 2
2996 2302 1
5087 4453 1
4453 409 2
5666 2627 1
2627 194 1
194 1580 1
1580 1841 1
1841 1572 1
5563 271 1
360 4769 1
4769 1230 1
1230 2868 2
2868 4530 1
4515 2703 1
2703 1572 1
5785 4316 6
5666 2136 1
2136 1572 2
1572 3014 1
2236 5388 1
5388 5666 1
4535 2236 2
2901 4910 1
4910 5510 2
5510 1281 2
271 5193 1
5193 2193 1
3080 1572 1
5043 1184 1
1184 2747 1
1572 2259 1
2259 842 1
842 5666 1
4365 75 1
75 547 1
547 2867 1
2867 5222 1
5222 3035 1
3035 5785 1
5785 4976 2
4976 3281 1
3281 2867 1
2867 1145 1
1145 1572 1
1572 4138 4
4147 1582 1
1582 5785 3
5350 5191 1
2676 1 1
1 987 3
987 4125 1
4125 1572 1
1572 4833 2
4833 5543 1
5543 1572 3
1572 2297 1
5785 1308 2
1308 4439 1
3268 360 1
360 1119 1
1119 3 1
3 2283 1
2283 2236 1
1209 4267 1
4267 404 1
404 2236 4
2236 4941 1
1572 1520 1
1520 5785 1
2985 4907 1
4907 5510 1
5510 3747 1
3747 5785 1
3879 5032 3
5032 271 2
271 873 1
873 1033 1
1033 930 2
2487 873 1
873 5774 1
5774 3269 1
3269 873 1
873 2476 1
271 949 2
949 4439 1
4439 3531 2
3531 5616 1
5616 4147 1
4147 3080 1
3080 1950 1
5774 873 1
873 930 1
930 2814 1
1892 3344 1
3344 5785 1
5785 4278 1
2018 2867 1
4599 1808 2
1808 1082 1
1045 3209 1
3209 3325 1
3325 2413 1
2413 1572 2
1572 5635 4
5635 5610 3
5610 268 2
271 886 2
886 335 1
335 2867 1
268 4159 2
4159 1621 1
1621 3651 1
2337 5237 1
5237 69 1
69 1033 1
930 1692 1
1692 2867 1
268 3363 1
3363 5549 1
5549 930 1
930 5087 2
5087 5344 2
5344 2649 1
2487 3376 2
3376 5785 1
4547 4138 1
1687 5477 1
5477 268 1
886 5053 1
208 3402 1
3402 2198 2
2198 5785 1
5785 3862 2
3862 5237 1
5237 5669 1
5669 3443 1
3443 2302 1
1119 2868 1
2868 264 1
264 3862 1
3862 5785 2
5785 1390 1
1390 1 1
4873 4599 1
1695 3440 1
3440 2010 1
1543 1874 1
1874 1351 1
1351 1621 1
1621 3201 1
3201 5132 1
5132 2996 1
2996 2487 1
2487 1359 1
1359 1351 1
1351 1 1
1 2076 1
2076 3199 1
3199 2661 1
2661 4439 1
1892 4941 1
4941 990 1
990 194 1
194 360 2
360 2742 1
2742 2267 1
2267 4439 1
4439 4538 2
4538 1 1
1808 4162 1
4162 1874 1
1874 3169 1
3169 455 1
455 3138 2
3138 2814 1
2814 3861 1
3861 5114 1
5114 4625 1
4625 1584 1
1231 5176 1
5176 2744 1
2744 841 1
4941 622 1
622 4162 1
4162 5564 1
5785 333 1
271 989 1
989 1 1
1 5114 5
5237 2922 2
2922 5785 2
5785 2261 1
2261 2683 1
2683 1 3
1252 1525 1
1525 5237 3
4453 983 5
983 1026 1
1026 3247 1
3247 2683 1
5564 3565 1
3565 5774 2
2487 2362 2
2362 4535 1
4535 14 1
14 1 1
3697 1027 1
1027 1808 1
1808 5237 5
5237 3478 1
2487 3484 2
3484 1263 1
1263 271 1
5774 1262 1
3281 5237 1
5237 2643 1
2487 3910 1
3910 1290 2
1290 970 1
970 2281 1
2281 1235 1
1235 571 1
571 5237 1
2269 2352 1
2352 1 1
1 1264 1
1264 1572 1
1572 3565 1
3565 1033 1
1033 1808 1
1808 296 1
296 2647 1
271 1578 2
1578 5114 1
5114 995 1
995 1578 1
1578 1915 1
1915 1572 2
2647 4000 1
4000 271 1
5497 1 1
1 2487 6
2487 2393 1
2393 5043 1
979 5132 1
5132 2279 1
2279 1572 1
1572 1690 4
1690 2106 1
970 3589 1
3589 1950 1
5237 409 4
409 1695 4
5237 4749 1
4749 5497 1
5497 2302 1
2302 2647 1
1230 2922 1
268 226 1
226 5669 1
5669 5114 1
5114 4897 1
4897 2302 1
2302 5607 1
5607 1572 1
1572 4411 3
4411 3439 1
3439 1695 1
2232 760 1
760 2337 1
2337 3290 1
3290 930 1
930 4900 1
4900 4040 1
4040 5530 1
5530 2302 1
2302 5722 2
2302 4554 2
4554 1695 1
1695 970 1
970 2657 1
2657 2641 1
2487 226 2
226 2985 1
2985 1784 1
1784 1572 1
1572 2059 1
2059 1695 1
1695 2110 1
2110 1572 2
1572 1442 1
1442 1235 1
1235 1808 1
1808 970 1
970 2047 1
2047 5669 1
5669 271 3
271 1826 2
1826 5114 1
2879 4220 1
4220 2879 1
2879 1 6
2487 4578 1
4578 1695 1
979 5237 1
5237 1808 1
1808 2047 1
2047 4503 1
1252 1068 2
5237 2112 1
2112 1808 1
5569 297 1
297 2647 1
1578 1 1
1 3644 1
3644 5066 1
5066 3678 1
3678 2851 1
2851 5261 1
5774 2683 2
2683 5087 3
5087 75 3
75 1687 3
1687 5066 1
5066 1209 4
1209 4465 1
4465 1572 1
1230 5237 4
5237 3576 2
3576 5691 1
5691 3572 1
3572 5114 1
5114 3639 1
3639 1290 2
1290 2206 1
2206 5782 1
5782 2070 1
2070 5785 1
1525 1572 1
4528 1041 3
1041 5237 2
5666 2269 4
2269 996 2
996 622 1
580 4354 1
1 1230 7
3576 4101 1
4101 1532 1
1532 1235 1
5114 1505 1
4535 5686 1
5686 1572 1
1572 59 1
59 1119 1
1119 1532 1
1532 3120 1
3120 1725 1
1725 1572 1
5237 3630 1
3630 3614 1
2661 3480 1
3480 1048 1
1048 1045 7
1045 873 1
873 4028 1
4028 107 1
107 2848 1
4162 2181 2
2181 5785 1
5785 3325 1
2745 2194 1
2194 1100 1
1100 1687 1
5169 5371 1
5371 5304 1
5304 786 1
268 4874 2
2052 589 1
268 5046 1
5046 4054 1
4054 303 1
303 107 3
107 1045 1
2176 4092 1
4092 1892 1
1892 3310 2
3310 2236 1
2236 4341 1
4341 2010 1
2010 2977 1
5785 3203 1
3203 4354 1
4354 3595 1
3595 5737 1
228 5740 1
5740 5785 1
194 268 2
268 2569 1
2569 304 1
5440 182 1
182 5610 1
5610 4911 1
4911 5017 2
5017 5350 1
2817 3955 1
2487 5096 4
5096 1686 1
1686 2197 1
2197 2302 2
2302 3012 1
3012 5572 1
5572 1572 2
4956 5449 1
5449 5785 1
2176 2236 1
2236 3809 1
3809 4907 1
4907 134 1
134 1572 1
1572 4204 1
4204 5053 1
5053 194 1
194 1888 1
1888 3697 1
268 4588 1
4588 3598 1
3598 1572 1
1572 2486 3
2486 5266 2
5266 2302 1
2302 4602 1
4602 718 1
5785 3573 1
3573 1687 2
1687 3256 1
2364 5053 1
5053 1014 1
1014 4833 1
4833 4788 1
4788 3754 1
3754 5785 1
5785 1921 3
1921 2867 1
2867 1014 4
1014 607 1
607 1290 1
1290 2289 4
2289 3358 1
3358 2867 1
4668 2649 1
4872 2657 1
2867 4985 1
4985 4847 1
4847 5785 1
409 1045 1
2867 3229 1
3229 271 1
271 2140 2
2140 2845 2
2845 2289 1
2289 3240 1
3240 622 1
2486 1049 1
1049 2302 1
3297 1445 1
1445 271 1
271 1576 1
1576 1888 1
5258 3256 1
3256 2289 1
2289 3711 1
3711 4547 1
1252 2487 6
2962 2632 1
2814 1650 1
1650 5785 1
4515 5624 1
5624 3100 1
3100 2562 1
2562 2985 1
2985 107 7
107 5668 3
5668 5262 2
5262 2608 1
2608 2027 1
2027 1712 2
1712 2052 1
2052 3317 1
3317 2657 1
259 937 3
268 5047 1
5047 5114 1
5114 4211 1
4211 5669 1
271 5084 5
5084 2487 2
2289 3084 1
3084 3297 1
3297 2985 2
1572 5110 3
5110 3598 1
3598 271 5
107 2194 1
2487 4064 3
4064 2632 3
4668 1096 1
2848 5610 1
5610 2676 2
2289 2375 1
2375 2196 1
2196 2977 1
2977 3297 1
3297 3373 2
3373 2508 1
2508 2144 1
2144 271 1
4683 5620 1
5620 3406 1
3406 2289 1
4365 3297 1
3297 228 1
228 3233 1
3233 271 1
271 5624 1
5624 3854 1
3854 3462 1
3462 1572 2
3659 894 1
1622 1687 1
5013 2289 2
2289 5774 5
2487 3576 2
3576 979 1
5114 259 1
259 3301 1
3301 2289 1
2289 3880 5
3880 3699 1
2289 4758 1
3428 3537 1
2052 2302 2
4683 4410 1
4410 5340 1
5340 1621 1
1621 5669 3
5669 5023 1
5023 1849 1
1849 2556 1
2556 360 1
360 4884 1
4884 4793 1
4793 2657 1
2657 4670 1
4670 622 1
2486 1627 2
1627 2302 1
3120 822 1
822 1230 1
5169 5625 3
5625 976 1
976 3062 1
2977 5114 1
2879 3807 1
360 2395 1
2236 1888 2
1888 1572 1
1572 4001 1
4001 5053 1
5053 360 1
2676 3378 1
3378 1014 1
4683 2879 1
2487 3351 1
3351 1290 2
2289 1 2
1230 937 2
937 2236 1
1888 2487 1
2487 2718 2
2718 2879 1
2879 5114 2
2487 2236 2
2236 427 2
427 5785 1
5785 1365 1
1365 2867 1
2867 4439 12
4439 5563 1
5563 2389 1
2389 1808 1
1808 2302 1
3482 1462 1
1462 2289 2
2289 718 1
1622 271 1
256 1572 1
1572 4641 1
4641 2486 1
2486 5518 1
5518 271 1
2058 107 1
107 4439 1
4941 2211 1
2211 268 1
268 860 1
860 2302 1
2302 2486 6
2486 1252 1
1252 4941 1
4941 3505 1
3505 1152 1
1152 2018 1
2018 5504 1
5504 4354 1
4354 5120 1
5120 2476 1
2476 171 1
1687 860 1
860 4941 1
4941 5043 1
2487 899 1
899 2899 1
2899 2467 1
2302 1812 1
1812 5591 1
2289 5110 1
5110 4038 1
4038 1572 1
2302 4055 1
4055 2194 3
2289 3310 3
5104 4978 1
4978 2052 1
1572 3297 3
1572 198 1
198 4439 1
4439 5104 1
5104 3162 1
3162 2412 1
2412 289 1
289 3310 2
4316 1014 3
1014 2236 2
2236 634 1
634 3885 1
3885 4439 2
4439 2540 1
2540 1263 1
1263 1892 1
3984 2632 1
2632 2236 1
2236 1262 1
3281 2632 1
2632 5737 1
5737 1014 1
2868 1096 1
268 5541 1
5541 42 1
42 1572 1
2868 2289 3
2487 5436 1
5436 259 1
259 5043 4
5043 2006 1
2006 1695 1
2985 2281 1
2281 2868 1
4911 1151 1
1151 1572 1
1572 1748 1
1748 2818 1
2818 1888 1
1888 457 1
5668 1646 1
3310 870 1
870 4653 1
4653 930 1
3479 259 1
259 2315 1
2315 76 1
4737 3096 1
3096 2868 1
2487 3655 1
3655 2281 1
2281 404 1
404 4737 1
4737 4873 1
2868 340 1
340 1572 2
5774 3363 1
1848 3701 1
3701 5778 1
5778 4399 1
4399 1131 1
1131 4737 1
4737 2909 1
2909 1572 1
1572 5424 1
5424 1148 1
1148 580 1
580 1 1
4586 4535 1
3297 4640 1
4640 1971 1
1971 457 1
5668 4586 1
4586 1290 1
1290 4557 1
4557 1412 1
1412 271 2
271 2979 1
2979 2996 1
2996 1014 1
5007 268 1
268 4363 1
4363 622 2
4174 151 1
151 5666 1
2289 1532 2
1532 4184 1
2972 2302 1
4511 1808 1
4917 2289 3
2289 2974 3
2974 741 1
741 841 1
841 1584 1
1584 5618 1
5618 1971 1
1572 2791 1
2791 1937 1
1937 4839 1
4839 4580 1
4580 4439 1
4439 184 1
184 2632 1
2632 1193 3
1193 1014 1
1014 404 2
404 2597 1
2597 348 1
348 1128 1
1128 4439 1
1572 4816 1
4816 2629 1
4377 5699 1
5699 5668 1
1520 2289 1
2985 2582 1
2582 2302 1
4453 3297 1
3297 3363 2
3363 2318 5
2867 3737 2
2302 5530 1
5530 733 1
733 4528 1
4528 2447 1
2447 1572 1
1572 5049 5
2737 2486 1
373 1572 3
1572 2813 1
2813 2487 1
2487 1395 1
1395 508 1
508 1808 1
1808 4101 1
2194 3162 1
3162 3660 1
3660 5699 1
5699 2289 2
2289 5453 2
5453 1584 1
1584 817 1
817 2629 1
4377 3118 1
3118 2302 1
1892 1572 3
2269 4208 1
2801 2487 1
208 268 1
1406 1489 1
2289 1340 1
1340 1235 1
1235 1426 1
1426 357 1
357 2302 1
2302 4683 1
1230 4910 1
4910 4673 1
4673 419 1
419 3146 1
3146 3645 1
3645 2289 1
2289 5721 1
5721 1041 1
1041 5522 1
5522 1892 1
2289 1367 1
1367 619 1
619 4184 2
4184 1808 2
1808 294 1
294 3484 1
3484 3162 1
3162 5668 1
2487 2437 2
2437 2302 7
2302 2289 6
2487 3703 1
3703 2302 1
2302 626 2
626 2676 2
2676 2289 9
3306 5610 2
5610 4554 1
4554 1621 1
1621 539 1
539 463 1
5104 2289 3
2289 2047 1
4423 188 1
188 3275 1
3275 487 1
487 3297 1
3297 5668 1
5668 4254 1
4254 4788 1
4788 3964 1
3964 268 1
268 129 1
129 4624 1
194 5109 1
4354 4885 1
4885 82 1
82 2676 1
2302 1526 1
1526 1572 1
5570 906 1
906 833 1
2487 5132 6
5132 4708 1
4708 4942 1
4942 5678 1
5678 3354 1
3354 1572 1
4439 2289 5
2487 4686 4
4686 2632 1
2676 2632 1
1161 2632 1
271 3644 1
3644 1690 1
1690 2676 1
2289 4055 1
2194 864 3
864 1635 1
1635 4298 1
4298 939 1
107 2302 2
2302 5693 2
5693 4617 1
4617 5559 1
1572 3721 1
3721 2302 1
2302 4390 1
4390 4484 1
4484 2802 1
2802 2302 2
2302 4165 2
4165 2676 2
864 4559 2
4559 2867 1
2867 5043 8
5043 4484 1
1572 858 1
858 5173 1
5173 5053 1
268 4855 1
4855 3451 1
3451 271 1
864 3269 1
3269 4317 1
4317 5666 3
5666 864 1
4559 4956 1
4956 194 1
194 1572 5
5053 2985 1
2985 950 1
950 1045 1
1045 5193 1
5193 5239 1
5239 1280 1
1280 5785 1
2641 5778 1
333 2657 1
4453 5287 1
5287 5778 1
5778 4484 1
4484 4436 1
4436 2801 1
2801 271 1
1808 622 4
622 4835 2
4835 5118 1
3753 1572 2
1572 5625 3
4184 2487 3
2487 3848 1
3848 1690 1
1690 368 1
5785 5010 1
5010 2302 1
107 5610 2
5610 2848 1
2848 1003 3
1003 1572 1
1572 3063 1
271 1710 1
1710 2106 1
2106 4550 1
4550 786 1
786 3508 1
3508 622 1
622 1041 1
1041 2289 6
2289 2574 1
2574 4451 1
4451 2282 1
2282 5035 1
5035 5666 1
5666 4686 5
4686 1635 1
1635 5785 1
5313 4976 1
4976 5606 1
5606 2487 1
5442 4574 1
2302 2433 1
2433 1572 1
5785 5407 2
5407 2867 1
3014 833 2
833 584 1
584 1230 2
1230 3802 1
3802 4683 1
4683 5062 1
5062 5606 1
5606 584 1
2487 2687 4
2687 5237 1
5114 3859 1
3859 1845 1
1 1052 1
1052 983 1
983 584 1
584 493 1
493 571 1
571 4901 1
4901 271 2
360 4683 1
4683 2964 1
2964 5606 1
5606 1041 1
1 834 1
834 5774 1
5774 1041 1
1041 1908 1
1908 4669 1
4669 3310 1
3310 5477 1
5477 2302 1
2302 4310 4
5785 1294 1
1294 271 1
3519 1572 1
1572 1417 1
1417 1202 1
1202 1621 1
1621 5238 1
5238 1621 1
5669 1160 1
1160 4668 1
3592 3363 4
4411 3014 1
2236 833 1
5666 1417 1
1417 2232 1
2232 1230 1
1230 216 1
216 4439 2
4439 2389 1
2389 3005 1
3005 2657 1
2657 299 1
1172 833 1
4174 5666 3
5666 532 1
532 1572 2
1572 2632 3
2814 3632 1
3632 5625 1
5625 5043 2
2487 3674 3
3674 2302 1
2236 528 1
528 1950 1
2879 3760 2
3760 1014 1
1014 2996 1
5666 299 1
299 3760 1
3760 1572 3
4901 5120 1
5120 3760 1
2289 949 1
5191 373 1
373 1648 1
1648 1584 1
2486 1523 1
1523 2416 1
2416 4611 1
4611 26 2
26 1621 2
1621 1783 1
1783 5786 2
5786 1572 1
4365 2879 1
216 5114 1
5114 622 1
622 2965 1
2965 2289 1
2289 5350 4
5350 2269 1
2269 216 1
4439 2101 1
2101 4564 1
4564 4277 1
4277 2289 1
2289 5673 1
2487 4758 2
4758 2049 1
2049 271 1
271 3398 1
3398 4683 1
2657 3640 1
1695 4365 1
4365 5778 1
5778 528 2
528 2289 1
2289 2922 3
1 2985 2
2985 4611 1
26 1572 1
1572 1783 1
5786 3016 1
3016 2615 1
2615 1635 1
1635 2289 1
2289 5268 1
5268 1720 1
1720 1369 1
1369 477 1
477 4127 1
4127 1892 1
1892 3396 1
3396 4663 1
4663 4278 1
4278 1621 2
1621 2055 1
2055 4663 1
4663 3469 1
3469 1880 1
2289 1282 1
1282 3846 1
3846 5564 1
1572 5014 1
5014 2302 1
2289 4012 1
4012 2194 3
2194 4559 1
4559 3396 1
3396 4957 4
4957 251 1
251 4439 1
1572 1079 1
2034 1695 1
1695 1584 1
1584 308 1
308 2289 1
2289 4875 2
4875 3363 1
2318 3785 1
3785 3297 1
2302 516 4
516 508 1
508 3828 1
3828 165 1
165 2244 1
2244 415 1
415 268 1
268 4603 1
4603 107 1
1572 5165 1
5165 1584 1
1584 4354 1
4354 2980 1
2980 1728 1
1728 5768 1
5768 1015 1
1015 1385 1
1385 5817 1
5817 4711 1
4711 5666 1
5774 5053 1
5053 5049 3
268 3162 1
3162 1892 1
1892 2437 1
2302 4601 1
4601 1572 1
1572 4190 1
4190 2289 1
2289 2604 1
2604 4121 1
4490 2244 1
2244 2289 3
2269 5824 1
5824 4211 1
4211 2867 1
2867 1881 1
1881 5615 1
5615 348 1
348 3147 1
3147 728 1
728 1584 1
3828 2660 1
2660 606 1
606 2244 2
2244 268 1
268 5824 3
5824 415 1
415 937 1
937 4968 1
4968 4942 1
4942 487 2
487 194 1
194 1862 1
1862 1831 1
1831 1572 1
937 432 1
4848 4968 1
4968 4910 1
4910 500 1
500 5737 1
5737 5693 1
5693 2676 1
2676 251 1
251 898 1
898 1572 1
5774 2818 1
2818 3253 1
3253 4980 1
4980 2302 2
4354 4018 1
4018 2302 1
5785 4591 1
4591 560 1
560 5785 1
5785 4954 1
4954 5570 1
5570 502 1
502 2302 1
3162 1572 5
1014 3955 1
1687 4981 1
4981 5785 1
1014 4838 2
4838 2632 1
4761 2867 1
833 1014 2
1014 1687 1
1687 5666 9
5666 1685 1
2302 4189 8
4189 4980 12
4980 1014 1
1014 5774 4
2487 2093 1
2093 5666 1
5237 3392 1
3392 1685 1
1685 5224 1
5224 1014 1
5569 1625 2
4439 3524 2
3524 4439 1
3524 930 1
930 5666 7
1252 2868 3
2868 5053 2
5053 979 2
979 4940 1
4940 3147 1
3147 1621 1
1621 5750 1
5750 4404 1
4404 2621 1
2621 5237 3
1177 1952 1
1952 4911 1
4911 4369 1
4369 4515 1
4515 5734 1
5734 271 1
2676 4178 1
4178 949 1
4910 1128 1
1128 885 1
885 1690 1
2197 4269 1
4269 581 1
581 1014 1
2487 2365 1
2365 2649 1
2649 496 1
496 1572 1
1572 2253 2
2253 1 1
2151 5079 1
5079 4007 1
4007 5787 1
5787 1740 1
1740 1771 3
1771 2289 2
5669 1420 1
1420 997 1
997 3157 2
3157 1014 1
2289 5053 1
5053 2364 1
2364 4581 1
4581 3310 1
5594 1290 1
1290 5747 1
5747 3767 1
3767 4581 1
4581 1014 1
1014 1739 1
1739 3165 1
3165 5625 1
5625 2879 2
2879 3548 1
3548 3310 1
3310 5723 1
5723 1098 1
271 2177 1
2177 2879 1
2487 3671 1
3671 1290 1
1290 5593 1
5593 4184 1
4184 2879 2
2879 5666 4
439 3479 1
3479 1014 1
1014 1505 1
1505 4502 1
4502 5785 1
4174 2487 5
2487 5444 2
5444 3480 1
2487 3321 1
3321 2302 1
2302 4980 2
4980 5169 1
4771 2487 1
2487 4062 1
4062 259 1
259 5049 1
5049 5334 1
4683 2641 1
2641 2867 2
2867 2358 1
2358 259 1
259 5774 11
5774 3885 1
3885 801 1
801 3885 1
400 259 1
4980 937 1
937 4439 2
4439 2899 1
2899 1041 2
1041 1278 1
1572 5344 3
5344 1695 1
259 3697 1
3697 5533 1
5533 5774 1
2867 5017 1
5017 259 1
259 4535 2
2487 2636 1
2636 5580 1
5580 1836 1
1836 3027 1
3027 2660 1
2660 4490 1
4490 1695 1
5785 1254 3
1254 5668 3
5169 268 7
1014 1235 1
1235 3989 1
3989 4535 1
4535 5671 1
5671 3363 1
3363 2670 1
2670 1572 2
2375 4759 1
4759 1406 1
1406 3828 2
1096 4212 1
4212 2806 1
2806 5132 1
5132 2574 1
2574 4668 1
5114 1695 4
2232 5109 1
5109 2244 1
2244 2922 2
2922 2933 1
2933 4189 1
4980 2289 1
2974 3955 1
3955 1572 2
3854 3297 3
3297 3147 1
3147 271 1
2176 731 1
731 662 1
662 2289 1
5084 3310 1
3310 3533 1
3533 3328 1
3328 3147 1
3147 1687 1
1687 1740 1
1771 2974 1
2974 3198 1
3198 2661 1
1572 4097 1
4097 559 1
559 4411 1
4411 5668 1
2487 5317 1
5317 2691 1
2691 5669 1
5669 588 1
588 2289 1
2289 1048 2
1045 1889 1
1889 2099 1
2099 4879 1
1572 3127 3
3127 3195 1
3195 3026 1
3026 955 1
955 1740 1
1771 1695 1
1695 305 1
305 5347 1
5347 4657 1
4657 1350 1
1350 1771 1
2289 1406 7
1406 4490 3
4490 1572 4
1572 5440 1
5440 5109 1
5109 844 1
844 1014 2
1014 5687 2
5388 4439 2
4955 1572 2
1572 5714 2
5785 5397 1
5397 5151 1
5151 5668 1
5785 4628 1
4628 1582 1
1582 1290 3
2996 5564 1
5564 1582 2
1582 1695 1
304 5439 1
5439 5622 1
5622 3095 1
3095 527 1
527 2962 1
5785 215 1
215 1798 1
1798 2487 1
664 1161 1
1161 844 1
844 2996 1
2996 1066 1
1066 906 1
906 2003 1
2003 1014 1
1014 5090 2
5090 2289 1
2289 1561 4
1561 5066 1
5066 5747 1
5747 5237 1
5237 584 2
584 1293 1
1293 193 1
5615 3828 1
3828 984 1
984 1572 1
1235 899 1
899 664 1
664 2289 2
2289 1230 1
2289 5237 2
2487 5456 1
5456 2302 1
4184 5237 3
2486 4411 1
4411 3390 1
3390 4737 1
4737 1014 1
1014 1683 2
1683 1572 2
1572 340 1
340 5350 2
5350 268 6
3297 1 4
5785 4188 1
4188 2095 1
2095 5169 1
4771 5344 1
5344 2632 1
2962 5774 1
5774 5044 1
5044 5785 1
5785 4532 1
4532 5785 1
5120 1096 1
1096 388 1
5053 4026 1
4026 5785 1
5785 3599 1
3599 559 1
559 2302 1
5650 271 1
271 5356 1
5356 1866 1
1866 1572 1
271 1771 2
1771 5053 1
5053 2302 2
3511 2010 1
2010 4516 1
4516 3310 1
3310 4411 2
1572 2661 3
2661 5625 1
5625 962 1
962 1161 1
1161 4942 2
4942 2337 1
2879 2814 1
2814 4439 1
4439 2106 1
2106 5522 1
4411 1161 1
1161 4439 1
4439 3265 2
3265 1892 1
1892 5587 1
5587 4121 1
841 4516 1
4516 1572 2
4547 1480 1
1480 1695 1
1695 131 2
131 4737 1
4737 3773 1
3773 5169 1
5169 1882 1
1882 2302 1
1572 526 1
526 2487 1
5785 137 1
137 4178 1
4178 177 4
177 2487 2
5199 1798 1
1798 5785 1
4668 271 3
271 2993 1
2993 2302 2
5778 2254 1
2254 5625 1
5625 4439 4
3265 1549 1
1549 4320 1
4320 271 1
271 3186 8
4599 1676 1
1676 3753 3
3753 1798 1
1798 5666 1
5237 2289 1
2289 976 2
976 2487 1
664 4599 1
3449 1695 1
1695 1797 1
1797 1 1
1 310 3
310 1230 1
268 4591 1
4591 2289 1
2289 2692 3
2692 5368 1
5368 1 1
1 1290 2
5043 4535 1
4535 1535 1
1535 1281 1
1281 5132 1
5132 1290 2
2289 5569 4
5569 3549 1
3549 3902 1
3902 2289 1
3310 3760 3
3760 5132 1
5774 997 1
3157 5237 1
5237 194 1
194 2643 1
268 899 1
899 1014 1
5090 3355 1
3355 4958 1
4958 138 1
138 5625 1
5522 5666 1
2879 486 1
486 1009 1
5569 1476 1
1476 1414 1
1414 2313 1
2313 5778 1
5778 4737 1
4737 4202 1
4202 2867 1
2487 1480 1
1480 4901 1
4901 783 1
783 2657 1
5668 5237 5
5237 2867 3
2867 5268 1
5268 1572 1
1572 5258 2
5785 1231 1
1231 2302 2
5114 4515 1
4515 3956 1
3956 930 1
930 159 1
159 5237 1
177 1290 1
1290 5049 2
5049 4668 1
4668 1009 2
2641 2879 1
2487 1313 8
1313 3480 1
3480 1276 1
1276 4586 1
2487 2746 2
2746 465 1
465 2302 2
1009 3331 1
3331 5522 1
5522 3138 1
3138 785 1
785 1572 2
1572 1790 1
1790 1290 1
4535 137 1
137 3479 1
271 3714 1
3714 4121 1
4121 1687 5
5785 4875 1
4875 5785 1
1695 1899 1
1899 3659 1
3659 3060 1
3060 271 1
1572 5784 1
5784 271 1
3186 3594 1
3594 1771 1
1771 5668 1
2487 3594 2
3594 2879 1
2879 2302 5
813 3195 1
3195 629 1
629 271 1
1771 1955 1
1309 1009 1
1009 2969 1
4599 137 1
137 502 1
502 5032 3
5032 2692 1
2692 2512 1
2512 502 1
502 5785 1
5785 1217 4
5442 587 1
2302 348 1
348 1820 1
1820 5785 1
2879 409 1
409 2657 2
2657 5673 1
5673 2879 2
2879 3937 2
3937 3310 2
3310 4591 1
4591 1429 1
1429 475 1
475 4229 1
4229 2985 1
2879 4648 1
4648 177 5
2487 4154 1
4154 475 1
475 5572 1
1177 2879 1
259 622 2
1406 3699 1
4955 5258 3
1505 1205 2
1205 3605 1
3605 2487 1
2487 1670 1
1670 3938 1
3938 3828 1
3828 5049 2
2106 4756 1
4756 2512 1
2512 4330 1
4330 5110 1
5110 2657 1
2657 872 1
872 137 1
137 5569 1
5569 271 2
4911 5274 1
5274 5091 1
5091 2867 1
2867 899 1
899 2289 1
2289 664 1
2867 5774 6
2590 4528 2
4528 1230 3
2289 3066 1
3066 2867 1
937 3785 1
3785 2867 1
2867 2486 2
2486 1099 1
1099 5237 1
1252 5564 1
5564 5774 1
1561 1009 1
1009 1695 1
1252 2146 1
2146 3567 1
3567 2867 1
2867 2590 1
2590 2345 1
2345 3888 1
3888 5785 1
5785 5169 3
1252 2218 1
2218 1406 1
1406 1009 1
1009 5663 1
404 5785 2
5774 1045 2
3609 2487 3
1406 1 2
1230 5043 1
5043 5114 1
5114 3031 1
3031 1582 1
1582 1252 1
1252 3402 2
2198 137 1
137 1572 2
1572 723 1
723 5785 1
2487 1072 1
1072 3935 1
3935 2867 1
2867 1849 3
1849 5564 1
5564 2657 1
2657 2232 1
2232 5453 1
5453 622 1
622 851 1
851 4858 1
4858 1572 1
1572 1047 1
1047 5169 1
1252 4353 1
4353 1514 1
1514 4369 1
4369 1808 1
1808 5774 2
5774 1252 4
4458 2232 1
2232 4528 2
4528 2487 2
2487 3370 1
3370 2640 1
2640 2899 1
2899 4202 1
4202 5785 2
2487 3760 1
3760 1849 1
1849 5132 1
5132 1695 1
4528 4688 1
4688 2289 1
2289 2950 2
2950 1235 1
4184 5562 1
5562 4980 1
4980 5668 2
1313 5620 1
5620 3697 1
3697 3062 2
4874 5053 1
5053 2486 1
1058 1489 1
1489 268 1
4856 1251 2
1251 2487 1
2487 4028 4
4028 1572 1
1572 949 3
5610 1695 3
1695 5778 1
4910 2071 1
2071 360 1
360 4269 1
4269 1572 1
1230 2486 1
2486 2245 1
2245 5473 1
5473 1950 1
1950 271 1
5774 428 1
428 1514 1
4980 3427 1
3427 5785 1
584 4092 1
4092 5169 1
5668 5268 1
5625 1808 2
5774 2232 1
2232 1586 1
1586 5774 1
822 1572 1
1572 2490 1
2490 5237 1
5237 3760 4
3760 1 1
1230 3162 1
3162 5043 1
5043 4629 1
4629 2487 1
2487 3702 2
3702 2683 1
2683 949 1
5610 2289 2
2269 271 2
4683 3402 1
3402 1582 1
1582 2879 1
3062 5785 1
5120 3659 1
3659 645 1
1584 1820 1
1820 2713 1
2713 5561 1
5561 3697 1
3697 1572 1
3599 1687 1
786 2289 1
2289 3955 6
3955 268 1
268 5083 1
5083 1695 1
271 2228 1
2228 2487 1
2487 414 2
937 4746 1
4746 4411 1
4411 3195 2
3195 813 1
813 5785 2
1217 4693 1
4693 5714 1
5714 1014 2
1014 457 1
457 2993 1
2993 3648 1
3648 4647 2
4647 4936 1
4936 4633 1
4633 1014 1
2289 2549 2
2549 5551 1
5551 5053 1
5053 5696 1
5696 4192 3
1572 5270 3
5270 1572 1
2487 3101 1
3101 2879 1
2879 2052 2
4137 2868 1
5104 5114 1
5114 2814 2
5169 2245 3
2245 3880 1
3880 3301 1
3301 1 1
5668 2879 2
622 5200 3
5200 3593 1
3593 271 8
4411 5716 1
5716 4633 1
4633 3658 1
3658 5785 1
5785 3477 1
3477 2052 1
5778 4941 1
4941 3162 1
3162 5237 1
1161 3697 1
3697 4442 1
4442 4633 1
4633 2302 2
3297 2691 1
2691 876 2
876 3297 1
3297 2608 1
2608 3297 2
3297 3052 1
3052 1572 1
5401 1572 1
1572 790 1
790 4051 1
4051 2608 1
3297 5258 3
1205 2985 1
2487 5410 1
5410 271 2
271 2721 1
2721 2961 1
4980 930 1
1235 271 2
271 2763 1
2763 4193 1
4193 268 1
2487 5757 1
5757 5087 1
4911 2289 1
268 2364 2
2364 2879 1
2052 1041 1
1041 4453 1
4535 1155 1
5076 2289 1
2289 3972 1
3972 3136 1
3136 1643 1
1643 3762 1
3762 199 1
199 4982 1
4982 1572 3
2289 3482 2
3482 5666 4
5666 4028 1
4028 5591 1
5591 371 1
371 3480 1
1045 2867 1
2867 1871 1
1871 5615 1
5615 2657 1
2052 4363 1
4363 2635 1
2635 2487 5
268 1014 3
1217 996 1
996 2302 1
2661 2985 1
4955 4439 1
5774 259 2
2487 3877 1
3877 2632 1
2200 5785 1
5785 3685 1
3685 2867 2
2867 559 1
559 5284 1
5666 2961 1
4980 1572 3
1572 4885 1
4885 5778 1
5778 2512 2
2512 2289 1
4174 3349 1
3349 2289 1
3599 1235 1
1235 943 1
943 2375 1
2375 2289 3
2289 1137 1
1137 5169 1
5169 5615 1
5615 3147 1
3147 1892 1
5350 1396 1
1396 472 2
1572 305 1
305 4182 1
4182 5287 1
5287 271 1
271 2271 2
2271 5671 1
5671 5693 3
5693 2302 1
268 2052 2
2289 4512 1
4512 391 1
391 2657 2
5569 589 2
1695 487 1
304 3028 1
3028 2099 1
2099 1572 1
1572 3748 1
3748 841 1
841 2814 1
1584 4192 1
4192 1695 1
1406 5774 1
4077 5680 1
5680 1711 1
1711 2867 1
2867 3325 1
3325 841 2
841 2355 1
5714 5276 1
5276 5237 1
5237 5778 1
5778 4035 1
4035 5522 1
5522 137 1
137 2867 1
2269 664 1
664 2867 1
2867 228 1
228 1714 1
1714 2184 1
2184 271 1
2868 4453 1
268 1009 1
1009 1489 1
1489 687 1
687 137 1
5120 4879 1
4879 463 4
463 3090 1
3090 1009 1
996 1290 1
1290 199 1
199 5785 1
3737 5096 1
5096 4768 1
4768 304 1
304 137 1
137 4599 1
4599 3402 1
2562 5237 1
5564 2776 1
2776 1734 1
1734 2608 1
2608 4202 1
4202 5237 11
4528 2608 1
2608 4259 1
4259 5785 1
177 1563 1
1563 5258 1
5258 2245 1
2245 360 1
2867 1099 1
1099 271 1
1752 5043 1
3479 4633 1
4633 2608 1
2640 4341 1
4341 2964 1
2964 1532 1
1532 988 1
988 1582 1
1582 4633 1
4633 1 2
2487 1068 1
1068 2027 1
2027 2867 5
2289 1487 1
1487 2269 1
622 2027 3
2027 4174 3
4174 1582 1
1582 4192 1
4192 645 1
3313 463 2
463 4439 2
2289 229 3
2289 3432 1
3432 1703 1
1703 435 1
435 746 1
746 2662 1
2662 3230 1
3230 1736 1
1736 983 1
983 2814 1
4549 1572 1
2289 3598 2
3598 2289 1
2487 1138 1
1138 1045 1
1045 362 1
362 2487 1
4668 2289 3
2289 937 2
1206 81 1
81 4624 1
4624 2289 1
2289 4885 1
4885 2301 1
5112 303 1
303 4982 1
5635 949 3
949 2197 1
2197 268 2
2985 4189 1
4189 4982 3
4982 2289 2
4831 1572 1
1572 147 1
147 2486 1
2486 4766 1
4766 3059 1
3059 2302 3
2302 956 1
956 1621 1
1621 5195 1
5195 2181 1
2181 2985 1
2985 4982 1
1406 166 1
166 2337 1
472 1530 1
1530 271 1
268 3854 2
2052 5774 1
268 4490 2
5522 4439 1
1892 4192 1
4192 3119 1
3119 1646 1
1646 1683 1
1683 2052 1
2052 4793 1
2879 3127 1
3127 271 4
1252 3095 1
3095 3534 1
3534 1712 1
1712 881 1
881 1014 1
1014 5091 1
5091 2289 1
2289 5433 1
5433 2382 1
2382 2302 2
2302 357 2
2486 3297 14
3297 304 1
5666 5490 1
5490 1712 1
3862 5774 1
5625 5572 1
5270 585 1
585 3120 1
3120 5249 1
5249 1045 1
3609 5785 1
268 580 2
580 1021 1
1021 5802 1
5802 5132 1
5132 1319 2
1319 4490 1
4490 2302 2
3955 4874 1
1687 5625 1
5625 667 1
667 1720 1
1720 57 1
57 1572 1
2408 1812 1
1812 1687 1
1687 4189 1
5169 2512 1
2512 2487 1
3702 1695 1
1695 1943 1
1943 1 1
1 5344 3
5563 4142 1
4142 2879 1
2879 3331 1
3331 1808 1
1808 3879 4
3879 580 1
580 2657 1
2657 3844 1
3844 2486 1
2486 2292 1
2292 271 2
271 1662 4
1662 2289 1
2487 5318 5
5318 251 1
251 4731 1
4731 4201 1
4201 1572 1
937 1235 1
4439 193 2
193 4588 1
4588 5630 1
5630 4277 1
4277 1079 1
4419 2635 1
2632 2802 1
2802 622 1
4833 2289 1
1572 1568 1
1568 4710 2
2340 2467 1
3297 5635 1
5635 2550 1
580 1079 1
1079 4911 1
4911 5109 1
5109 5572 1
5572 2491 1
2491 622 1
268 3505 1
3505 5233 1
5233 1572 1
1572 1615 1
1615 4484 1
4484 2244 3
2244 304 1
304 3828 1
3828 2814 1
2814 606 1
5287 558 2
558 5671 1
5693 5774 1
268 2486 1
3297 1695 1
2289 2736 1
2736 2486 1
2486 4910 2
4910 2192 2
2192 2922 1
2922 2750 1
2750 3297 1
3297 271 4
1252 580 7
580 2289 4
5569 2590 2
2590 718 1
718 271 1
2302 109 1
109 5191 1
5191 4192 1
4192 4503 1
4503 2010 1
2236 4753 2
4753 2657 1
2657 5043 5
1695 2052 1
2052 268 1
268 1061 2
1061 2335 1
2335 1058 1
1058 2332 1
2332 529 1
529 2289 1
2289 4476 1
4476 622 1
2814 1976 1
1976 2302 1
5785 4069 1
4069 1014 1
1014 1233 1
1233 943 2
2657 5635 3
5610 580 1
580 1365 1
1365 2801 2
995 2867 1
2867 1045 3
481 5668 1
5668 3310 1
5778 1555 1
1555 5785 1
2364 2867 2
2867 1489 1
786 412 2
412 4490 1
4490 3834 1
3834 1687 1
5785 1406 6
4490 1235 1
1235 2302 4
5559 3119 1
268 991 1
991 5785 1
2408 4515 1
2052 4121 1
1687 108 1
108 2802 1
2802 3775 1
3775 3395 1
3395 357 2
4900 4211 1
4211 5666 1
268 558 1
558 2836 1
2836 5666 3
5522 432 1
2302 929 1
929 3296 1
3296 5785 3
5785 1646 1
1646 4939 1
4939 1572 1
2375 2364 1
2867 4835 1
4835 161 1
161 4788 1
4788 2302 1
2302 909 1
909 1735 1
1735 5785 1
5785 2007 2
2007 5125 2
5125 2867 2
2867 2597 1
2482 906 3
906 3276 1
3276 2867 1
2867 589 3
4439 1667 1
1667 2948 1
1937 2657 1
2657 1406 1
2201 3989 1
3989 2683 1
2683 5666 10
5049 2487 1
2487 4349 3
4349 2114 1
2114 5666 2
5785 617 1
617 833 1
833 3014 1
3014 2136 2
2136 4572 1
2269 4007 1
4007 4428 1
4428 3822 1
3822 2236 1
2236 4360 1
4360 930 1
4349 1252 1
1252 2114 2
2114 5258 1
1690 1231 1
1231 4515 1
4515 850 1
850 1572 1
1572 5066 1
5066 340 1
340 2232 1
2232 3570 1
3570 5666 1
4686 4439 4
4439 3014 1
1572 4572 2
4572 2879 1
2879 930 2
930 635 1
635 1749 1
1749 5666 1
2027 930 1
930 4455 1
4455 3424 1
3424 2895 1
2895 1739 1
1739 4983 1
4983 2135 1
2135 2073 1
2073 5749 1
5749 1572 1
1572 1749 1
1749 622 1
622 455 2
455 5613 1
5613 5785 1
5785 3801 1
4535 1219 1
1219 3167 1
3167 1572 1
1572 911 1
911 5785 1
5043 179 1
179 1695 1
1695 1014 1
1014 5163 2
5163 5785 1
5043 5709 1
5709 988 1
988 1695 1
5169 1572 5
1572 1029 1
1029 1572 1
1572 781 1
781 2657 1
1254 3555 1
3555 4439 1
2879 2236 1
2236 3534 1
3534 2632 1
4490 3699 1
5785 3875 1
3875 5132 1
1278 2263 1
2263 930 1
930 5785 8
5563 948 1
948 3331 1
3331 4535 1
4535 5630 1
5630 4759 1
4759 1281 1
1281 5053 1
5053 1573 1
1573 850 1
850 786 1
786 2649 1
5666 980 3
980 2302 1
4490 2632 1
2200 5571 1
5571 2755 1
2755 5785 1
5785 1565 1
1565 833 1
5785 5229 1
5785 3188 1
3188 2867 1
2922 1506 1
1506 2879 1
979 1572 4
1572 930 1
1950 2879 1
2879 3151 1
3151 1572 2
1572 2115 3
2206 921 5
921 40 1
40 1230 2
635 268 3
5043 1052 3
1052 404 1
404 259 1
259 2052 1
3598 5224 1
5224 1955 1
1955 786 1
786 2879 1
2302 1712 1
1712 4189 1
4980 40 1
2814 1572 8
1572 1231 1
1231 1695 1
2302 274 1
274 930 1
930 177 1
177 2190 2
2190 930 1
2879 5224 1
3593 2879 1
3310 4515 2
4515 516 1
516 3593 1
3593 5224 3
5224 1235 1
1235 259 5
1177 183 1
183 5237 1
5237 2236 1
2236 930 1
2487 4531 2
4531 1230 1
1230 2879 4
2879 4547 1
2487 5277 1
5277 3085 1
3085 930 2
1252 585 1
585 2879 1
2879 3593 2
5224 3120 1
4077 2206 1
921 268 1
268 5053 1
5053 271 4
879 271 2
271 252 2
252 930 1
930 5043 3
252 1572 1
368 5569 1
5569 3638 1
3638 1235 1
1235 2814 4
2814 3963 1
3963 1572 1
1572 5053 2
5053 3219 1
3219 40 1
40 1313 1
1313 5785 2
5785 1629 1
1629 1572 1
554 455 1
4910 2515 1
2515 2879 1
2879 4552 1
4552 271 3
271 3296 1
3296 930 1
930 2302 1
4354 3690 1
3690 357 1
357 2879 1
2879 3580 1
3580 463 1
3310 508 1
508 1572 1
1572 2466 1
2466 1573 1
1573 4189 1
4189 3162 2
3162 3296 1
3296 1572 1
5625 5422 1
5422 2868 1
2868 622 3
1687 1044 2
1044 4832 1
4832 5132 1
5132 2203 1
2203 921 1
921 1892 1
1892 5480 1
5480 1290 1
1290 4189 1
1572 587 1
2302 3147 1
3147 1 1
1 2269 3
268 5635 1
5635 3550 5
3550 4012 1
4012 2289 1
2052 4439 1
4439 4432 1
4432 268 1
5049 5080 1
5080 5666 1
1406 4189 1
3162 3480 1
3480 5120 1
2487 2467 1
1572 4267 1
4267 2486 1
2052 3479 1
1044 5572 1
5572 2289 1
622 4832 1
4832 2302 1
4980 1647 1
1647 5132 1
5132 136 1
136 430 1
430 2867 1
5473 40 1
40 5774 2
5049 850 1
850 5049 1
5049 5563 1
5563 3156 1
3156 5563 1
5563 259 2
4453 5473 1
5473 876 1
2236 554 1
554 5325 1
5325 4027 1
4027 5785 1
2487 4690 3
4690 2649 2
3398 2683 1
1252 3697 1
3697 5666 1
1252 635 3
635 3697 1
3697 979 1
979 2683 1
2683 2289 1
2289 1922 1
1922 4838 1
4838 1695 1
1695 4992 3
4992 2657 1
2657 1045 1
1045 107 1
107 939 1
2643 2289 1
4691 5118 1
5118 3151 1
3151 4599 1
4599 2627 1
2627 1922 1
1922 2414 1
2414 1952 1
1096 3062 1
1572 4069 5
4069 5053 1
5053 3572 1
3572 2683 1
2683 554 8
2814 5132 2
5132 5389 1
5389 3275 1
3275 1572 2
3699 1096 1
268 3604 1
3604 5013 1
5013 2146 1
2146 268 1
2627 5785 2
472 2206 1
921 1921 1
1921 5785 2
5785 593 2
593 5666 1
2364 3572 1
3572 2302 1
107 5114 1
5114 1096 1
1096 3101 1
3101 2868 1
2868 1209 3
1209 1572 2
1572 3656 1
3656 4439 1
3598 4121 1
5169 991 1
991 2657 1
2657 786 1
2632 4973 1
4973 786 1
786 2632 1
2632 4069 2
4069 3572 2
3572 622 1
622 3017 1
3017 1695 1
833 2880 1
2880 5049 1
5049 5349 2
5349 2676 1
2676 2608 1
2608 2114 1
2114 5774 1
259 93 1
93 4969 1
4969 2302 1
2302 3161 1
3161 2052 1
2052 1230 1
1230 5344 3
5344 5053 1
5053 5237 1
5114 2643 1
3570 554 1
3879 40 1
635 1509 1
1509 3444 1
3444 388 1
388 1572 1
1572 1798 1
1798 4830 1
4830 2236 1
2236 1193 1
259 4439 2
4439 5337 6
2657 409 2
409 5043 1
5043 946 1
946 5785 1
2269 1950 1
5785 1437 1
1437 1290 3
1290 5209 1
5209 5066 1
5066 3014 6
40 2691 1
2487 116 5
116 2206 1
921 4599 1
1209 862 1
862 1695 1
1209 5043 1
5043 4688 2
4688 1252 1
2114 409 1
5053 2802 1
2802 5564 1
1582 4121 2
3879 4873 1
4873 5053 1
271 1688 1
1688 1014 1
5163 5237 1
4547 2867 1
2867 1084 1
1084 5132 1
5132 3658 1
3658 1572 1
2487 2966 2
2966 3310 1
3310 1119 6
1119 2867 1
2867 2345 1
2345 4633 3
4633 622 1
4316 930 1
930 4599 2
5785 1132 2
1132 2867 2
2867 3285 1
3285 271 1
271 5590 1
5590 4142 1
116 1572 1
1572 2683 1
2683 3979 1
3979 2016 1
2016 75 1
75 5666 1
5666 1231 2
1231 2268 1
2268 1 1
4547 268 1
268 3091 1
3091 5785 1
5666 3062 1
3062 3310 2
3310 5362 1
5362 2410 1
1687 2802 1
2802 2657 1
2657 3050 1
3050 2302 1
2302 2550 1
2550 4327 1
4327 4036 1
4036 2974 1
2974 2355 1
2355 1687 1
2236 4874 1
4874 5808 1
5808 4524 1
4524 2867 1
4439 2153 2
2153 5111 1
5111 3598 1
3598 303 1
1572 1446 1
1446 2151 1
2151 1154 1
1154 52 1
52 3029 1
3029 2269 2
2269 409 1
409 3444 1
3444 2027 1
2027 5169 1
5625 4829 1
4829 3348 1
3348 271 1
271 1193 3
4535 3699 1
5666 1177 4
2487 2221 1
2221 4911 1
5043 4900 1
4900 2691 1
2691 4830 1
4830 4195 1
5696 565 1
565 1472 2
1472 4515 1
4515 5491 1
5491 1695 1
2295 5785 1
259 5569 2
5569 4316 1
5774 299 1
259 2314 1
2314 3718 1
3718 5785 1
2236 321 1
321 3043 1
1687 5774 1
5774 2270 1
2270 5323 1
5323 3760 2
3760 1712 1
1712 5488 1
5488 3905 1
3905 1052 1
1052 1193 2
1193 271 1
271 2270 1
2270 1572 1
5270 2657 1
554 3296 1
3296 5203 1
5203 271 1
4147 5785 1
5120 645 1
2236 5266 1
5266 1572 1
2176 975 1
975 5040 1
5040 1572 2
1572 2273 1
2273 396 1
396 4885 1
4885 508 1
508 2716 1
2716 4189 1
4189 1863 1
1863 340 1
340 4980 1
4980 5350 1
1061 1396 1
472 5043 1
1695 2886 2
2886 264 1
264 411 1
411 1041 1
1041 813 1
813 622 1
622 186 1
186 1572 1
186 2916 1
2916 271 1
472 2972 1
2972 271 3
271 1272 1
1272 2302 1
5778 2716 1
2716 2487 1
489 5774 1
5824 5785 1
3412 171 1
171 937 1
937 5110 1
5110 2843 1
2843 5169 1
2245 2657 1
2657 2993 4
268 930 2
5785 2954 1
2954 1572 1
2487 1237 1
1237 2691 1
5774 3407 1
3407 2302 1
2302 360 7
360 3153 2
3153 1572 1
1572 3296 1
5785 2974 2
2974 3059 1
357 4911 1
4911 2305 1
1290 3296 1
1695 3163 1
3163 4732 1
4732 503 1
503 4189 1
4982 3103 1
3103 220 1
2967 2206 1
921 271 1
271 5465 2
5465 69 1
69 2042 1
2042 2090 1
2090 3285 1
3285 1209 1
1209 863 1
863 2657 1
2657 3119 1
3119 443 1
443 3163 1
3163 2649 1
2364 1 1
1 4189 1
4980 899 1
899 1690 1
2197 2919 1
2919 2302 3
1044 5288 1
5288 1290 1
4535 622 4
2859 3296 1
3296 3747 1
3747 3814 1
3814 3476 1
3476 1572 1
1572 2409 3
2409 1687 7
107 1 3
5785 2382 1
1572 264 3
264 3598 1
5104 4956 1
4956 1092 1
1092 3482 1
5785 580 1
5287 2802 1
2802 1014 1
1808 5287 2
5287 5114 2
5785 3482 2
2289 3010 1
3010 2597 1
2597 2193 1
2193 4327 1
4327 2375 1
2375 1808 2
5785 153 1
153 1048 1
1045 1014 1
1014 2302 3
550 5350 1
1418 1462 1
1687 2814 2
2814 2106 2
2106 2978 3
2978 4874 1
3297 3703 1
3703 5808 1
5808 1505 1
4439 3162 5
3162 5377 1
5377 3363 1
1474 4788 1
4788 3755 1
3755 4074 1
4074 2289 1
4911 4188 1
4188 1058 1
1058 1505 1
2289 5258 1
5258 4192 1
4192 4439 3
2440 2128 1
3813 373 2
373 4460 1
4460 2813 1
2813 3281 1
3281 2223 1
2223 1800 1
1800 3379 1
3379 5206 1
5206 949 1
949 5834 1
5834 4581 1
4581 1572 1
523 2227 1
2227 2574 1
2574 373 1
373 5049 1
5049 3813 1
5049 1829 1
1829 5258 1
268 2954 1
2954 5563 1
268 4581 1
4581 778 1
778 1621 1
1621 1695 1
5053 2363 1
2363 360 1
360 987 2
2010 271 3
1572 1199 1
1199 5785 1
5660 3828 1
5774 1800 1
1800 2814 1
2289 3986 1
3986 580 1
580 3766 1
3766 5785 1
4316 5045 1
5045 1014 1
1014 5666 3
2302 3296 1
3296 2358 1
2358 5774 1
5774 1640 1
1640 3885 1
3885 2657 1
1014 2632 1
2632 2691 7
2691 1712 1
1712 3885 1
3885 194 1
194 4691 1
4691 2487 1
5666 5030 1
5030 2879 1
2879 3310 4
3310 861 1
861 5666 1
2867 5687 1
4955 1808 1
1808 2487 1
2364 3297 2
3297 4365 1
622 4051 2
4051 1621 1
1621 2867 2
2867 3702 1
3702 455 1
4439 2716 1
2716 4982 1
4982 1621 1
1621 268 1
4831 3819 1
3819 1104 1
1104 1572 1
1252 3999 1
3999 5666 1
5563 4700 1
4700 271 1
5007 2867 1
268 3760 2
3760 2867 1
3737 584 2
3760 5323 2
5323 4722 1
4722 841 1
841 1041 1
1041 2513 2
2513 2289 1
2289 4331 1
4331 271 1
4657 5191 1
2676 1048 1
1045 1693 2
1693 271 1
271 4458 4
1848 1622 1
1622 786 1
786 2786 1
2786 451 1
451 271 1
2210 5774 1
5774 4745 1
4745 833 4
268 5592 1
5592 2486 2
2486 4146 2
4146 5053 1
5569 3999 1
3999 2486 1
3297 3233 1
3233 2302 1
3310 2786 2
2786 3976 1
3976 271 2
271 515 2
515 5745 2
5745 786 1
622 2513 1
2513 4513 1
4513 1572 1
2737 268 1
268 461 1
461 619 1
619 2899 2
2899 2657 1
2676 3396 1
3396 5049 1
5049 5227 2
5227 5666 2
2289 3908 2
3908 268 2
1646 2176 1
786 259 4
259 3955 1
3955 5043 1
1695 1233 1
943 2487 1
489 5785 1
5808 559 1
559 3103 1
3103 1687 1
3297 2657 3
2657 1937 1
1937 2649 1
414 1931 1
1931 2247 1
2247 992 1
992 5785 1
5785 2310 1
2310 351 1
351 2302 2
3272 2657 1
2606 107 1
3120 1941 1
1941 1 1
1 5104 2
3120 267 1
267 1572 1
2845 3297 1
3297 3432 1
3432 1572 1
5401 463 1
463 455 1
4439 713 1
713 4439 1
4439 1864 1
1864 993 1
993 1572 1
622 1683 1
1683 271 1
271 5227 5
5227 5258 1
5785 3687 1
3687 271 1
271 813 6
2269 937 2
937 960 1
960 2632 1
2814 5661 1
5661 2632 1
2632 4022 1
4022 2632 2
2814 1528 1
1528 5785 1
5785 4051 3
4051 3349 1
3349 5666 1
5666 2641 4
2641 194 3
1014 3126 1
3126 5785 1
5808 5009 1
5009 1290 3
1290 357 2
357 1313 1
1313 5666 1
2879 3854 1
3854 1489 1
4911 4209 1
4209 5354 1
5354 2657 1
2236 5043 1
5043 1155 1
1155 5666 1
2269 4306 1
4306 351 1
351 4736 1
4736 4439 1
2153 5785 1
5785 4138 1
4138 302 1
302 1290 1
1290 1623 1
1623 996 1
996 3310 1
489 286 1
286 107 1
2487 3690 2
3690 2410 1
2410 2657 1
304 3127 1
3127 4885 1
4885 5049 1
3306 2471 1
2471 2487 1
1561 1955 1
5785 2604 1
2604 894 1
894 2487 1
2487 4925 1
4925 5807 1
5807 2437 1
2302 2156 1
2156 1 1
1 5563 1
5563 3785 1
3785 4535 1
4535 5104 1
5104 2657 1
2657 4586 1
4586 4670 1
5049 2197 2
2197 1808 1
1808 360 1
360 5004 1
5004 4959 1
4959 559 1
559 3120 1
3120 5247 2
5247 5785 1
1921 1572 1
3926 788 1
788 294 1
4647 3019 1
3019 5785 1
5785 549 1
549 1190 1
5785 2409 3
2409 2302 1
2302 1528 1
1528 1572 1
5785 3306 3
3306 271 2
271 4751 1
4751 1156 1
1156 2410 1
2410 851 1
851 3762 1
3762 3697 1
3648 1920 2
1920 4652 1
4652 1572 1
1572 851 1
851 943 1
943 3119 1
3119 5785 1
5785 5096 2
580 2302 2
5774 225 1
225 1584 1
1584 4941 1
4941 271 1
4941 1 2
1 3297 1
3297 3041 1
3041 622 1
5778 1179 1
1179 1014 1
1014 1068 1
1068 141 1
141 271 1
271 1269 1
1269 4622 1
4622 2487 1
3234 1 1
1572 809 1
809 5785 1
5785 4470 1
4470 4439 1
4439 5123 2
5123 4041 1
4041 2151 1
2151 3019 1
3019 5043 1
5785 4007 1
4007 175 1
175 1572 1
2236 1617 1
1617 5440 1
5440 1920 1
2657 5350 2
5350 3462 1
3462 4535 1
554 5043 4
5043 5747 1
5747 1621 1
1621 622 1
5785 37 1
37 4439 1
4439 1774 1
1774 1161 1
1161 1621 1
1621 5808 1
5808 2236 1
2236 345 1
345 2302 1
3582 5785 1
228 357 1
357 2922 1
2922 3648 1
3648 1564 1
1564 1572 1
2922 3462 1
3462 5785 1
4941 1528 1
1528 5114 1
5114 3834 1
3834 5114 1
5114 5315 1
5315 2657 1
2657 3669 1
3669 2162 1
2162 2176 2
622 3020 1
3020 1572 1
2375 1920 1
1920 2922 1
4911 4692 1
4692 558 1
558 1572 1
5666 2052 2
2922 3757 1
3757 3306 1
3306 463 2
5104 622 1
259 5564 2
5564 1230 2
2315 5666 1
5774 1922 1
1922 1014 1
2487 1952 1
1952 1161 1
5227 622 1
622 1529 1
1529 5043 1
5043 5040 2
1572 844 3
844 4253 1
4253 2505 1
2505 36 1
36 4008 1
4008 2657 1
5785 2437 1
2302 3037 1
3037 2302 1
1892 1695 2
1695 3878 1
3878 4714 1
4714 4371 1
4371 271 1
5227 4910 1
4910 3308 1
3308 990 1
990 4439 1
4439 2800 1
2800 4990 1
4990 3697 1
5785 3432 1
3432 5104 1
5104 1572 1
1572 2988 1
2988 271 1
4941 2302 1
1976 4476 1
4476 4990 1
4990 5635 1
5635 1892 1
4439 4438 1
4438 1572 1
1572 230 1
230 2605 1
2605 3695 1
3695 5635 1
5635 4549 2
4549 2922 1
4911 622 1
622 5110 1
5110 271 1
5227 5785 2
4586 2487 1
5710 1572 1
4691 5132 1
5132 135 1
135 2236 1
4564 2487 1
4702 937 1
937 1206 1
1206 4688 1
4688 268 1
194 2627 1
3737 1068 1
268 471 1
2487 2156 1
2156 1695 1
1 2977 1
580 1695 5
5785 3041 1
3041 448 1
448 1014 1
1014 2604 1
2604 569 1
569 1572 1
1572 2977 2
2977 2500 1
2500 268 1
194 4612 1
4612 5227 1
585 4233 2
4233 3123 1
3123 729 1
729 990 1
2269 3306 1
3306 1234 1
1234 5591 1
5591 5616 1
5616 2194 1
1561 3880 1
3880 2027 1
1235 5287 1
5287 1810 1
1810 1014 1
4586 5110 1
5110 2451 1
2451 5482 1
5482 2657 1
622 2414 2
2414 267 1
5407 622 1
4439 4631 1
4631 5653 1
4166 2193 1
271 5610 1
5610 2657 1
2487 5674 1
5674 2302 1
472 635 1
635 2010 1
2010 4535 2
4535 4856 1
4856 1572 2
1808 2194 1
2194 635 1
635 264 1
264 4042 1
4042 990 1
990 1621 1
1621 1713 1
1713 3782 1
3782 635 1
3879 5666 1
5666 635 9
635 4453 2
4453 5043 2
5043 264 1
264 3306 1
3306 635 1
635 3428 1
5774 990 1
990 5043 1
5043 2288 1
2288 1950 1
1950 2487 2
333 1695 1
1695 5167 1
5167 1572 1
1572 5247 1
5247 3306 1
5227 271 2
2676 2814 1
2814 5169 1
5169 4142 1
4142 3604 1
3604 1572 1
5262 4453 1
4453 4028 1
4028 2269 1
268 3550 1
3550 5785 2
5785 4731 2
4731 4911 1
4911 1922 2
1922 3512 1
3512 5666 2
5666 2977 1
2977 2375 1
2375 1854 1
1854 1572 1
976 5440 1
5440 3019 1
3019 5132 1
5132 3120 1
3120 4647 1
4647 1111 1
1111 3120 1
3120 1599 1
1599 5785 1
5785 3607 1
3607 4414 1
4414 5778 1
5778 1528 1
1528 2657 2
675 5785 1
5785 3593 1
271 5591 1
5591 4576 1
4576 2106 1
2978 4647 1
4647 3123 1
3123 1892 1
4233 579 1
579 3310 1
1 1635 2
1635 2649 1
2657 1070 1
1070 2691 1
2691 2879 2
3310 1528 2
1528 472 1
472 2866 1
2866 3838 1
3838 4990 1
4990 1572 3
1572 1971 1
1971 2985 1
2985 580 1
580 1045 3
1045 580 1
1045 5785 1
1235 1111 1
1111 1528 1
2657 4073 1
4073 2879 1
5774 1980 1
1980 268 1
268 5213 1
5213 5630 1
5630 3478 1
3478 175 1
175 2802 2
2802 1528 1
1528 5121 1
5121 2162 1
2176 4692 1
4692 5114 1
5114 1532 2
1532 5114 1
5114 5053 1
5785 3669 1
3669 3953 1
3953 3081 1
3081 357 1
357 2985 1
2302 1713 1
1713 2978 1
2978 5785 1
3589 5087 1
5087 3731 1
3731 3297 1
3373 5043 1
5043 2144 1
2144 559 1
559 5043 1
1695 4979 1
4979 3310 1
1528 3790 1
3790 5666 1
5666 1922 1
1922 585 1
585 1014 1
3306 5132 1
5132 5687 1
5687 4628 1
5785 414 1
414 2867 1
580 5120 1
5120 2463 1
2463 2302 1
107 2375 1
2922 645 1
645 271 1
271 3026 2
3026 4354 1
2657 844 1
844 5350 1
5666 3297 2
3297 4190 1
4190 1572 1
5120 3349 1
3349 5785 1
5043 1607 1
1607 1193 2
1193 1572 2
5043 5449 2
5449 5666 2
5666 2025 1
2052 1387 1
4599 4535 1
4535 268 1
268 4835 1
4835 4745 1
5570 2657 1
2657 5448 1
5448 216 1
216 4515 1
4515 1572 2
5785 2534 1
2534 5441 1
5441 1096 1
5785 5564 2
5564 393 1
393 3699 1
5785 3126 1
3126 2985 1
2985 4788 1
4788 5227 1
5227 5350 1
1572 1526 1
5820 4596 1
4596 2302 1
3310 5730 1
5730 4858 1
4858 4354 1
4354 4838 1
5785 3428 3
409 271 2
271 4788 4
4788 2657 1
2657 3666 1
3666 1687 1
338 4768 1
4768 977 1
977 1572 1
5774 3204 1
3204 5350 1
5350 2520 1
2520 5169 1
2355 4354 1
268 2576 1
2576 5730 1
5730 3310 1
3310 2692 2
2692 107 3
107 2868 1
2868 4335 1
4335 193 1
193 4910 1
4910 990 1
1692 5252 1
5252 4918 1
4918 3828 1
3828 4647 1
4647 2171 1
2171 1526 1
1526 304 1
558 4535 1
4535 5252 1
5252 4164 1
4164 2302 1
472 2412 1
2412 1687 1
1687 2566 1
2566 409 1
5132 3153 1
3153 455 1
218 4731 1
4731 409 1
409 5671 1
5693 1215 1
1215 5224 1
5224 2922 1
2922 2649 1
2649 1489 1
1489 2922 1
2922 5693 1
5693 4164 3
4164 1572 1
4184 2837 1
2837 976 1
976 3297 1
3297 5429 1
5429 841 1
1572 1915 2
1915 4833 1
4833 2814 1
2814 4411 3
4411 2867 2
2867 4488 1
4488 2337 1
2337 357 1
357 1161 1
1161 357 1
357 268 1
268 4189 2
4189 1572 2
360 3297 1
268 1483 1
1483 2032 1
2032 4672 1
4672 4990 1
1572 918 2
918 2302 1
5066 1099 1
1099 414 1
414 5120 1
5120 1136 1
1136 5563 1
5563 5188 1
5188 5785 1
5785 3955 1
3955 4338 1
4458 2670 1
2670 5258 1
5258 1014 3
906 1539 1
1539 1572 1
1572 3712 1
3712 1347 1
1347 2425 1
2425 1014 1
1014 5768 1
5768 1014 1
1692 1474 1
1474 3096 1
4200 2189 1
177 5774 1
5774 5237 3
5237 1272 2
1272 2487 1
2487 5473 2
5473 2922 1
2922 4439 3
5564 5666 1
5666 937 1
2487 334 1
334 1014 1
2269 3879 2
4535 2985 2
2985 4181 9
4181 69 1
4788 2027 1
2027 5774 5
409 948 1
948 1014 1
1014 5562 1
5562 388 1
5774 790 2
1272 2922 1
5785 1052 1
1052 339 3
339 790 3
790 4648 1
4648 1572 2
1572 146 1
146 876 1
876 930 1
5237 4910 2
4910 1180 1
1180 1014 2
5237 5536 1
5536 2043 1
2043 4895 2
4895 1950 1
1950 4910 1
1014 2043 1
4895 4910 1
2487 1045 1
1045 4895 1
4895 5043 1
5043 3731 1
3731 1252 1
5237 865 1
865 5049 1
389 1712 2
1712 389 1
389 1695 1
1235 4872 2
4872 1014 1
1014 930 1
930 4202 1
5785 1957 1
1957 5342 1
5342 5153 1
5153 2922 1
338 1 1
580 2010 1
2010 1532 1
4833 1695 2
1695 5273 2
5273 790 1
5512 4710 1
1014 4121 1
813 4710 1
813 4910 1
1014 4202 1
2487 5342 2
5342 930 1
1014 5663 1
5663 5237 2
404 5342 1
5342 1955 1
2269 5342 1
5342 4910 1
1014 4758 4
4758 841 1
841 3690 1
3690 1532 1
1532 5671 1
5671 2487 1
2487 5658 1
5658 1014 1
2487 1014 2
1014 1621 1
2608 5569 1
5569 259 3
259 1014 2
1561 1621 1
1621 4910 1
4758 4439 1
5384 4774 2
4774 4267 1
4267 5237 1
1252 5824 1
5824 1695 1
1695 5114 1
4910 128 1
128 1180 1
1014 5043 3
5785 1014 6
1014 2683 1
2683 5043 2
5043 5087 1
5087 2996 1
2996 5785 4
5785 790 1
790 4202 2
5342 271 1
5808 3103 1
3103 2176 1
3297 786 1
786 1808 1
1808 1572 2
2487 3855 1
3855 3297 1
5104 2487 1
2487 4728 1
2867 463 1
790 2487 2
2972 3462 1
3462 271 1
2052 4885 1
4885 5227 1
5227 1712 1
1712 5227 1
5227 930 1
930 4885 1
4885 926 1
926 102 1
102 5227 1
3529 1572 1
1572 4202 4
4202 1014 3
2487 1525 1
1525 2487 1
2487 1922 2
1922 1572 2
790 5120 1
1922 1045 1
2692 2487 1
2487 1490 1
1490 4885 1
4885 2978 1
2978 69 1
1561 786 2
786 2867 1
4202 3297 1
3297 2487 2
2487 2434 1
2434 622 1
5778 2978 1
2978 1572 1
2487 5153 1
5153 1572 1
915 4599 1
4599 790 1
4202 5774 2
5774 5671 2
5671 2277 1
2277 1041 1
409 2640 1
2640 5227 1
5227 2632 1
2632 2978 1
2978 2632 1
2632 4930 1
4930 2649 1
2649 4375 1
4375 2487 2
409 360 1
5785 4068 1
4068 1532 2
1572 188 1
188 4439 1
1235 2197 1
2197 1003 1
1003 3154 1
3154 3697 1
3697 5237 2
5237 1353 1
1353 1572 1
5785 839 1
839 2401 1
2401 1849 1
1849 5237 2
2269 1563 1
1563 4077 1
4077 5237 1
4788 409 2
409 5774 2
268 790 1
790 5663 1
404 2556 1
1003 2197 1
2197 5049 1
5049 4788 2
4788 5287 1
5287 2608 1
2608 5774 6
5774 2681 1
2681 2269 1
333 5423 1
5423 841 1
841 2657 1
585 5237 1
5774 3930 1
3930 5043 1
1695 2649 3
2649 5774 1
3760 1252 1
1252 790 1
5774 409 1
409 4746 1
4746 813 1
813 1695 1
1695 1979 1
1979 5788 1
5788 2487 1
1692 4184 1
409 5572 1
5572 4068 1
1532 5591 1
2676 2197 1
2197 4166 1
4166 1014 1
1014 2253 1
2691 5632 2
5632 4246 1
4246 1489 1
2867 543 1
543 1563 1
1563 1014 2
409 790 1
790 4184 1
833 1563 2
3753 2657 3
2657 790 1
790 5774 1
5349 5049 1
5049 1272 1
1272 4788 1
4788 5237 1
1572 3798 2
2269 2641 1
2641 1235 2
2487 260 2
260 5668 1
5668 3640 1
3640 4788 1
4788 1014 1
1014 5673 2
4535 5049 1
5049 4189 1
4189 2683 1
1236 5774 1
5774 2618 1
2618 1635 1
1635 409 1
409 5049 3
4788 5666 1
5666 3697 1
3697 5711 1
5711 2487 1
2269 2657 1
2657 5066 1
5066 4788 2
4788 1692 1
1692 976 1
976 3120 2
3120 4951 1
4951 4314 1
4314 5785 1
1014 4911 4
4317 4747 1
4747 5778 1
1572 3753 2
3753 4599 2
4599 4590 1
4590 3889 1
3889 4515 1
4515 3885 1
3885 2302 1
2491 4731 1
4731 1502 1
1502 5233 1
5233 271 1
5169 2255 2
5785 4200 4
4200 1014 2
4911 4084 1
4084 1530 1
1530 622 1
3120 5564 4
5564 1014 1
5237 3031 1
3031 1677 1
1677 5066 1
4788 4599 1
4599 5811 1
5811 1 1
1 5774 4
1563 3828 1
5785 5363 1
5363 2302 2
2302 2032 1
2032 2715 1
2715 4990 1
918 3504 1
3504 3297 1
3297 3828 1
4490 1526 1
1526 622 1
5824 414 1
414 1014 1
1014 388 1
2302 2284 2
2284 3697 1
2284 2487 1
2487 4022 1
4668 4788 1
5043 1915 1
1915 1468 1
1468 2867 1
268 5211 1
5211 3069 1
3069 2985 1
1572 3324 1
3324 271 1
271 977 1
977 1808 1
1252 2375 1
2867 4793 1
4793 622 1
622 5114 1
5114 3932 1
3932 76 1
76 5383 1
5383 3737 1
3737 914 1
914 3652 1
1808 4910 1
1014 1608 1
1608 2985 1
2985 857 2
857 3207 1
3207 4439 1
1572 200 1
200 4439 1
4439 3695 1
3695 2867 1
2867 3428 1
790 3349 1
3349 4564 1
1014 1474 1
1474 2867 1
1808 1014 5
5287 790 1
790 1538 1
1538 1572 1
2507 870 1
870 4658 1
4658 3692 1
3692 5258 1
1584 813 1
1014 5569 3
5569 5588 1
5588 5066 1
5066 2661 1
5043 1014 1
268 5015 3
5015 1572 4
1572 4176 1
4176 1 1
5132 1177 1
259 2442 1
2442 2337 1
1014 2827 1
2827 2867 1
2867 2718 1
2718 2284 1
2284 5778 1
5778 1572 2
1572 1563 1
1563 5169 1
5169 918 1
918 1892 1
1892 5625 1
5625 4178 1
4178 5757 1
5757 885 1
885 2695 1
2695 4910 1
4910 339 1
339 1156 2
1156 5668 1
5668 5132 1
5132 4626 1
4626 2879 1
1572 5403 1
5403 2144 1
2144 3396 1
3396 2867 1
4515 2176 2
1572 3597 1
3597 3363 1
2318 2487 1
2487 3829 1
3829 194 1
1066 5785 1
268 1045 4
5169 4975 1
4975 5666 1
4453 885 1
268 5588 1
5588 2867 1
2867 5693 1
5693 2661 1
2661 5132 1
259 1084 1
1084 2867 1
2867 2236 1
2236 4283 1
4283 1572 1
1572 337 1
4668 2745 1
2745 5651 1
5651 5610 3
5610 4028 1
4028 3807 1
2269 1476 1
1476 4535 1
4535 4069 1
4069 4115 1
4115 5258 1
5258 2513 2
2513 2657 5
1572 2641 2
2487 4284 1
4284 824 1
824 5757 1
5757 5785 1
194 4535 1
2487 3467 2
3467 4439 1
5043 820 1
820 2708 1
2708 360 1
360 4657 2
4657 987 4
2289 4833 1
5273 4439 1
4439 2460 1
2460 2676 2
3062 943 1
943 4656 1
4656 3462 1
3462 4956 1
4956 1038 1
1038 3297 1
3297 5043 2
1093 4055 1
2289 5173 2
5173 5162 1
5162 4104 1
4104 2302 1
2564 268 4
268 5653 1
5653 193 1
193 5699 1
5699 2302 1
2302 2692 2
2692 1848 1
4942 729 1
729 5719 1
5719 4439 1
4439 5516 1
5516 1 1
4567 3297 1
3297 4152 1
4152 194 1
194 362 1
362 1888 1
1888 503 1
503 1892 1
1892 4299 1
4299 2128 1
2128 5625 1
5625 1966 1
1966 3251 1
3251 1580 1
271 1754 1
1754 3310 1
3310 2486 1
2486 4341 1
4341 5053 1
5625 5193 1
5193 930 1
930 4926 1
4926 268 1
268 1872 1
1872 2302 1
5049 3297 1
268 5630 1
5630 853 1
853 2486 1
2486 2106 1
2106 3297 2
271 4882 4
4882 4439 4
4439 5078 2
5078 318 1
318 1692 1
1692 477 1
477 174 1
174 632 1
632 271 1
271 5538 1
5538 2262 1
2262 1553 1
1553 5049 1
2737 2289 3
2289 1113 1
1113 1045 1
1045 1604 1
1604 4354 1
4354 2491 1
2491 2922 1
2922 1324 1
1324 5233 1
5233 268 1
268 2508 1
2508 1196 1
1196 4354 1
1532 2954 1
2954 5730 1
1572 926 1
926 730 1
730 2018 1
2018 4942 1
4942 5693 1
5693 4918 1
4918 3310 1
2289 833 1
2691 1693 1
1693 171 1
171 5592 1
4146 1572 1
1572 4330 1
4330 1695 2
2867 5358 2
5358 1808 1
1808 1077 1
1077 5785 1
2867 4016 1
4016 5043 1
2867 4815 1
1584 1207 1
1207 1103 1
1103 1572 1
268 2933 1
2933 5114 1
5358 5666 4
5666 4012 1
864 1014 1
2867 2006 1
2006 5358 1
5358 3699 1
5666 1693 1
1693 4926 1
4926 3828 1
3828 4664 1
4664 949 1
949 4354 1
4354 2210 1
2210 1572 1
1572 2786 1
2786 2657 1
2487 5261 1
5261 5043 1
1695 2006 1
2006 2269 1
2269 4686 3
4686 5666 1
2289 2788 1
2788 2977 1
2289 3593 3
3593 2922 1
1252 4354 1
1572 3444 2
3444 2745 1
2745 2487 1
3403 5774 1
5774 3791 1
3791 4713 1
4713 1014 1
2159 5785 2
1252 979 1
5666 3444 1
3444 2302 1
107 1695 1
5132 3482 1
3482 2802 2
2802 1572 2
4599 3186 1
614 5666 1
3014 3306 1
3306 4439 1
4439 5116 1
5116 3462 1
1561 2175 1
2175 3639 1
4873 939 1
939 2027 1
2027 1045 1
1693 1014 1
1014 2364 1
2364 2236 1
2236 2292 1
2292 3767 1
3767 2289 1
2289 1388 1
1251 2289 1
2487 2961 6
2961 979 2
1695 1568 1
4710 559 1
559 2487 1
2027 867 1
867 5668 1
4016 2867 1
2314 2867 1
5358 5043 1
1252 2255 2
2255 4911 1
4911 4513 2
4513 5625 3
5625 4016 1
4016 1694 1
1694 2922 1
2922 2744 1
271 4173 1
4173 1621 1
1621 5388 1
5388 4513 1
4513 2867 1
5132 4028 1
4028 5635 1
5635 2786 1
2786 1690 1
2867 590 1
590 554 1
2867 2657 2
3398 5774 1
268 5114 1
5114 175 1
2802 5114 1
5114 3153 1
3153 4498 1
4498 1286 1
1286 1014 1
1014 397 1
397 4442 1
4442 2302 1
5092 4007 1
4007 4710 1
4710 70 1
70 360 1
360 1155 1
1155 1695 1
271 2036 2
2036 3828 1
5666 4511 1
4511 5043 1
5043 171 1
171 1014 1
833 76 1
5394 2867 1
2867 4317 1
5666 1695 1
5132 3127 1
3127 2302 2
4511 2867 3
4911 4171 2
4171 1695 2
1695 504 1
504 1572 1
268 1858 1
1858 988 2
988 5668 2
5668 683 2
683 4515 1
4515 1260 2
1260 3901 1
3901 2814 1
2814 5510 1
1281 3310 1
3310 4806 1
4806 4439 1
4439 2206 1
280 1489 1
2879 2692 1
2692 4911 1
4911 1858 1
683 4348 1
4348 1 1
2879 5555 1
5555 2487 1
4759 2302 3
5043 2879 2
2879 3386 1
3386 4 1
4 1892 1
2879 5370 1
5370 554 1
554 3482 1
1014 1921 1
1921 4831 1
4831 790 1
790 4831 1
4831 4740 1
4740 4633 1
4633 5774 1
5774 335 3
335 2192 1
2192 4910 1
4910 1693 2
1693 2376 1
2376 1014 1
1561 1014 1
5673 5774 1
5774 1096 1
268 1693 1
1693 1052 1
1052 4910 1
1693 5563 1
5563 5785 2
5785 4277 2
4277 5022 1
5022 271 1
2052 1014 1
3652 2269 1
268 5237 3
5237 3132 1
3132 5785 1
589 3001 1
3001 2052 1
2052 4258 1
4258 2302 1
2302 4605 2
4605 4515 1
4910 1730 1
1730 5668 1
5785 5334 1
5334 268 1
268 4586 3
4586 948 1
5785 357 1
1572 1362 1
1362 2985 1
4181 3992 1
3992 5785 3
593 4910 1
5569 3251 1
3251 2985 1
4181 2867 1
360 4316 1
2345 147 1
147 790 1
1014 2641 2
2487 4529 1
4529 4513 1
5625 76 1
76 3572 1
3572 790 1
1045 1848 3
1848 987 1
987 4515 2
4515 790 1
5512 5563 1
5563 1156 1
1156 69 1
4907 5693 1
5693 2513 1
2513 790 1
790 1219 2
1219 1156 1
1156 4907 1
1014 1046 1
1046 5785 1
1235 302 1
302 5576 1
5576 5237 1
5237 876 1
876 339 1
339 1052 1
1052 790 1
1219 102 1
102 1011 1
1011 1892 1
2718 69 1
1014 1052 1
3059 1695 1
304 409 1
5808 4439 1
2879 2969 2
2969 5785 1
5120 2814 1
2879 4873 1
4873 5666 2
5049 2716 1
2716 3298 1
3298 5785 1
5237 3085 1
930 1231 1
3297 1235 1
1235 2281 1
2281 5132 1
2814 4166 1
4166 5625 1
5625 2513 1
2513 4469 1
4469 4539 1
4539 4439 1
5509 1290 1
1290 5169 1
5169 2080 1
2080 1 1
1 5258 2
5237 5625 2
5625 102 1
102 1621 1
1621 5693 1
5693 102 1
102 1985 1
1985 2289 1
4453 3652 1
3652 40 1
40 3450 1
3450 5829 1
5829 2236 1
2236 3151 1
3151 2269 1
268 635 2
635 3570 1
3943 3297 1
107 3151 1
3151 2487 1
4758 1536 1
1536 1572 2
2115 5120 1
5120 1572 1
1572 22 1
22 5272 1
5272 2114 1
2114 2289 1
2549 2683 1
2683 2487 2
4349 5579 1
5579 1096 1
1096 3566 1
3566 1156 1
1156 3063 1
3063 559 1
559 1271 1
1271 2289 1
2289 3444 1
1290 5237 3
2879 405 1
405 1290 1
357 5785 1
5120 3640 1
3640 966 1
966 399 1
399 5785 1
4599 2879 2
1695 2736 1
2736 3151 1
3151 622 1
622 1950 1
4069 2289 1
3570 5259 1
5259 2985 3
2985 2289 4
2289 4110 1
4110 1 1
1 2814 1
271 4588 1
4588 3423 1
3423 3297 1
107 1712 1
1712 3389 1
3389 5323 1
5323 937 1
937 1 1
1 4599 1
4599 2114 1
4439 5066 4
3014 5666 1
5666 930 1
930 2649 1
2649 5258 1
2867 930 2
930 4745 1
833 4144 1
4144 3737 1
3737 2649 1
2649 2879 1
2879 304 2
2969 2289 1
5350 2519 1
2985 3297 1
3297 2110 1
2110 5237 1
5237 2026 1
2026 2814 1
1584 2648 1
2648 5666 1
833 4633 1
5114 5582 1
5582 268 1
4599 5132 1
5132 635 1
635 2487 5
226 2289 1
2289 4178 1
177 5258 1
2867 40 2
40 1561 1
635 3412 1
3412 2563 1
2563 171 1
5785 3197 1
3197 635 1
635 1735 1
1735 1572 1
1572 635 1
635 4758 1
2487 2345 2
2345 3411 1
3411 172 1
3297 2355 1
2355 1014 1
1014 894 1
894 2356 1
2356 2814 1
2879 264 1
264 3325 1
3325 2357 1
2357 2114 1
2114 943 1
943 2985 2
2289 5663 1
404 4758 1
4758 364 1
364 3447 1
3447 2391 1
2391 1235 1
5258 5066 3
3014 2314 1
2314 2959 1
2959 1572 1
5774 3031 1
3031 1561 2
1561 1514 1
5237 4884 1
4884 3023 1
3023 2487 1
5774 5630 1
5630 345 1
345 5229 1
5229 1572 2
1572 3369 1
3369 5625 1
5625 2899 1
2899 40 1
40 1370 1
1370 1572 1
1572 5551 1
5551 3992 1
4277 5785 1
622 4547 3
1252 5259 1
2289 70 1
70 271 1
5007 5237 1
3760 3120 1
3120 1239 2
1239 5237 1
5237 2657 1
409 2027 2
2027 2289 2
2487 3110 1
3110 1453 1
1453 2959 1
2959 5785 1
5237 2472 1
2472 1695 1
1695 2345 1
2345 3674 1
3674 1532 1
2487 3931 1
3931 2649 1
2649 5563 2
5563 2487 2
1047 5132 1
5132 3341 1
1 3306 1
3306 4856 1
4856 463 1
463 1235 1
1235 5610 1
5610 949 2
949 3480 1
5287 864 1
864 2302 2
2005 107 2
107 5774 1
5350 3640 2
3640 4779 1
4779 1507 1
1507 1572 1
3572 4599 1
5666 5066 2
5066 4384 1
4384 2010 1
2036 930 1
1179 1572 1
2487 3993 1
3993 271 1
983 1532 1
1532 1252 1
1252 786 2
412 2802 1
2802 5237 1
5237 3931 1
3931 2487 1
4926 2487 1
2364 2640 1
2640 3572 1
3572 5774 1
4077 2019 1
2019 963 1
963 4599 1
4599 5066 2
3014 335 1
335 3120 2
3120 69 1
69 1572 3
3120 5582 1
5582 2683 1
554 4710 1
5778 1128 1
1128 5785 1
5785 1789 1
1789 950 1
950 1098 3
1098 1565 1
1565 5237 1
1808 1128 1
1128 4056 1
2194 5237 1
1239 2964 1
2964 5237 1
5049 66 1
66 71 1
71 930 1
930 4439 1
4439 2959 1
2959 5757 1
5757 3302 1
3302 3402 1
3402 3160 1
3160 1161 1
1161 5626 1
5626 1235 1
1235 950 1
1098 2985 1
2879 5120 1
2302 1128 1
1128 4114 1
4114 2114 1
2114 3674 1
3674 5043 2
4599 3159 1
3159 1572 1
268 5564 1
5564 335 1
335 2114 1
2114 4114 1
4114 1230 1
1230 610 1
610 63 1
63 2513 14
2513 3606 1
3606 3572 1
3572 4666 1
4666 2879 1
2879 1290 1
5774 3549 1
3549 2223 1
2223 988 1
988 147 1
147 635 1
635 5031 1
5031 147 1
3502 1230 1
1230 5287 1
5287 63 1
2513 3662 1
3662 1348 1
1348 2879 1
2879 5343 1
5343 5785 1
271 5699 6
5699 2657 2
1014 1991 1
1991 2487 1
5785 2762 1
2762 622 1
622 5303 1
5303 2657 1
2867 2635 1
2836 5118 1
906 2843 1
2843 1014 1
1014 1532 2
790 5169 1
5169 5343 1
5343 2487 1
2487 833 11
833 5043 1
5043 906 1
906 2867 1
472 3363 1
3363 1871 1
1871 357 1
1572 2814 2
5132 2867 2
2867 2670 1
2670 728 1
728 2427 1
2427 5785 1
2879 5350 4
5350 4653 1
4087 2867 1
2867 449 1
449 2302 1
3992 1014 1
622 4691 1
4691 790 1
790 1572 1
1014 4119 1
4119 271 1
5668 3306 2
3306 1687 2
107 1230 1
259 5169 2
5625 3437 1
3437 1687 1
1572 338 1
338 259 1
259 2922 1
2922 3640 1
3640 2879 1
2879 3099 1
3099 40 1
40 790 2
790 1695 2
5237 2049 1
2049 2698 1
2698 2879 1
5563 5747 1
5747 1712 1
1712 1809 1
1809 1014 1
1014 409 1
4515 1278 2
1278 40 1
40 876 1
876 790 1
2922 4831 1
4831 4907 1
1014 5564 1
5564 3582 1
5237 4528 2
1041 69 1
69 2513 3
2513 1014 3
2641 5774 2
1313 2289 1
2289 1338 1
2691 988 1
988 3310 1
3310 950 1
1098 2302 1
2302 214 1
214 5774 1
268 2530 2
2530 1014 1
2289 5087 1
5087 2269 1
2269 1233 1
1233 1955 1
1955 5301 1
5301 2302 1
3162 3310 1
2786 1572 1
585 5258 1
1235 2972 1
2972 5615 1
5615 988 1
988 4439 1
2269 2482 1
2482 2660 1
2660 1278 1
5745 3310 1
2867 2217 2
2217 2302 1
3297 2289 1
2289 2961 2
2961 3306 1
949 2487 2
2867 5570 3
5668 5778 1
5778 949 3
5610 4633 1
4633 4028 1
4028 2302 1
1014 2954 1
2954 1306 1
1306 4900 1
4900 4641 1
4641 3297 1
2985 3668 1
3668 402 1
402 360 1
987 2867 1
2867 1418 1
1418 5365 1
5365 373 1
373 5668 1
885 1687 1
1808 2685 1
268 3492 1
3492 3297 1
3297 2848 1
368 2289 3
2289 1319 1
1319 2375 1
2375 2802 1
2802 864 1
864 2010 1
5668 2319 1
2319 4869 1
4869 4629 1
4629 5785 1
5287 5625 1
5625 1375 1
1375 4576 1
4576 4439 1
4439 5808 1
5808 5774 1
5774 1693 1
1693 4873 1
5785 3411 1
3411 1687 1
2867 1693 1
1693 554 1
554 1235 1
1235 1179 1
1179 1712 1
1712 1252 5
5774 864 1
864 1828 1
1828 5569 1
5569 1561 2
1561 5043 1
5043 4969 1
4969 4453 1
1572 4872 2
4872 1 1
1235 5571 2
5571 2814 1
268 4132 1
4132 5258 1
5785 4423 1
4423 5066 1
5066 1181 1
1181 528 1
528 5043 2
3481 5049 1
5049 1693 1
1693 5666 1
5666 315 1
315 2487 1
5785 3062 5
3062 2745 1
4956 2804 1
2804 5785 1
5785 5464 1
5464 2867 1
4657 864 1
864 268 2
268 340 1
340 1693 1
1693 3195 1
3195 4310 1
4056 1235 1
1235 2194 1
2194 2814 2
2814 867 1
867 5785 1
2922 4868 1
4868 2657 1
4926 5043 1
1695 1937 1
1937 5774 1
5774 867 2
867 860 1
860 2175 1
2175 1 1
1 503 1
503 1693 1
1693 3295 1
3295 2922 1
2922 4874 1
4911 3403 1
3403 5671 1
5671 2552 2
2552 1014 1
5120 1014 1
1692 271 1
580 5227 1
5227 2289 1
2194 1693 1
1693 2487 1
268 2691 1
5774 833 4
833 790 1
314 69 1
2513 1808 1
1808 2459 1
2459 987 1
2289 5824 1
5824 5287 1
5666 4495 1
4495 472 1
472 2786 1
2786 4660 1
4660 4439 1
4439 916 1
916 508 1
508 2210 1
2210 622 1
4051 2289 1
2289 4016 1
4016 1693 1
1693 2691 1
2691 481 1
481 2355 1
2355 2302 1
2302 3300 1
3300 3306 1
3306 4092 1
4092 5104 1
5104 2627 1
2627 268 1
1177 2289 2
2961 1646 1
1646 4830 1
4830 271 1
4683 4547 1
4547 2289 1
2961 1161 1
1161 1695 2
1695 2025 1
1572 1081 1
1081 2676 1
2676 5591 1
2289 4075 1
4075 271 1
1970 5548 1
5548 1 1
369 3407 1
3407 1687 6
3297 5114 1
5114 2486 1
2486 3641 1
3641 2340 1
2340 2486 1
2052 2487 3
268 2868 2
2868 5401 1
5401 3052 1
3052 4591 1
4591 5104 1
2289 1093 1
1093 4942 1
4942 2487 1
833 2632 2
5774 2660 1
2660 2606 1
2606 5120 1
5120 1410 1
1410 1552 1
1552 5735 1
5735 930 1
268 833 3
833 1235 1
1235 194 1
194 2371 1
2371 66 1
66 2302 1
2302 4535 4
4535 5563 1
5563 5344 2
268 3501 1
3501 1572 1
2253 1489 1
4757 5666 1
2289 979 4
5666 156 1
156 360 1
360 4856 1
4856 3062 1
3297 463 1
3480 787 1
787 2487 1
2487 4223 1
4223 5169 1
2487 1961 1
1961 2052 1
2052 404 1
404 787 1
787 376 1
376 1695 1
1695 979 1
979 2236 1
4901 2289 1
1572 2898 1
2898 2289 2
2269 3478 1
3478 1808 1
2289 180 1
180 4138 1
4147 2302 1
3297 4625 1
2632 4900 2
4900 2289 1
2289 2635 1
2487 3799 1
3799 4683 1
4683 4223 1
2052 2775 1
2775 613 1
613 3310 1
3310 4147 1
4147 2223 1
2223 3279 1
3279 786 1
786 4439 1
5337 3999 1
3999 2043 1
2043 2052 1
3323 1 1
1 2676 1
2676 4897 1
622 5081 1
5081 1572 1
1572 2272 1
2272 2556 1
937 4234 1
4234 4515 1
4515 4411 2
3195 2670 2
2670 2487 1
5132 107 1
5350 3468 1
3468 1937 1
1937 2301 1
2301 5113 1
5113 304 1
304 294 1
3648 4156 1
4156 3162 2
3162 2289 3
1365 5522 3
5522 5668 1
1406 5751 1
5751 1827 1
1827 1572 2
1572 4156 1
3162 4692 1
4692 622 1
171 2657 1
2657 4458 1
4458 3162 1
5287 5132 1
5132 5118 2
268 5258 4
2289 3195 1
5774 1582 1
2289 193 2
193 3162 1
3162 5774 1
979 1635 1
1635 2425 1
2425 5668 1
5668 3481 1
3481 4515 2
4515 5386 1
5386 4028 1
4028 563 1
563 2194 1
2194 3297 1
1349 2867 1
2867 1635 1
1635 1252 1
1252 3826 2
3826 1505 1
1505 271 1
271 1827 1
1572 3213 1
3213 357 1
357 1621 1
1621 4888 1
4888 5615 1
1 4415 1
4415 734 1
734 841 1
1572 5573 1
5573 1177 1
2867 4752 1
4752 5323 1
5323 801 1
801 3678 1
3678 2289 1
2289 1177 3
5087 5120 1
5120 4415 1
4415 5569 1
5569 3481 1
4515 1655 1
1655 1572 1
1251 5666 1
268 5681 1
5681 3724 1
5693 5233 1
5233 5402 1
5402 4496 1
4496 2338 1
2338 4121 1
3333 3120 1
3120 5164 1
5164 1572 2
5630 2289 2
2289 5442 1
5442 2910 2
2910 2337 1
2289 1467 1
1467 885 1
3350 5731 1
5731 4290 1
4290 5154 1
5154 3254 1
3254 4667 1
4667 2798 1
2798 3168 1
3168 3648 1
1920 4510 1
4510 4508 1
4508 3153 1
3153 2969 1
2969 2139 1
2139 1014 1
1014 4477 1
4477 3310 1
4941 3297 1
2255 1495 1
1495 1572 2
1572 1512 1
1512 218 1
218 4189 1
4189 3297 2
5785 2689 1
2689 4900 1
4900 1695 1
2232 2636 1
2636 2919 1
1044 5668 1
2487 2182 3
2182 5754 1
5754 2345 1
5785 1827 1
1827 3162 1
3162 5785 1
2487 5382 1
5382 489 1
489 3593 1
271 2064 1
2064 5774 1
5774 1827 1
1827 2197 1
584 2269 1
2269 2961 1
2961 3363 2
472 2657 1
5785 3978 1
3978 1052 1
1052 3545 1
3545 2197 1
1489 697 1
697 2302 1
3328 1630 1
1630 5785 1
259 1352 1
1352 3087 1
3087 1572 1
1572 708 1
708 1584 1
1584 2666 1
2666 1572 1
1572 5482 2
5482 472 1
5785 2951 1
1937 3162 1
3162 5344 1
4087 271 1
2271 2676 1
2676 4692 1
5132 825 1
825 5751 1
5751 2139 1
2139 930 1
930 511 1
511 382 1
382 4354 1
4354 4267 1
4267 3162 1
3162 4547 1
1252 4137 1
5552 2139 1
2139 5666 1
2867 1290 4
1045 1238 1
1238 2106 1
3297 5235 1
5235 5785 1
5785 1001 1
1001 4184 1
4184 1525 1
1525 1014 2
1014 2643 2
2487 3020 1
3020 177 1
177 1561 1
5666 4912 1
4912 4439 1
4439 70 1
70 5785 1
5785 5009 1
1290 1721 1
1721 1128 1
1128 3306 1
3306 2194 1
1572 3011 1
3011 2198 1
2198 725 1
725 271 1
2027 786 3
786 1014 2
414 2269 1
5120 3598 1
107 5104 1
5104 3041 1
3041 5785 1
271 2005 1
2005 4941 1
5785 3006 1
3006 2867 1
2340 5666 3
1014 340 1
340 3676 1
3676 5043 1
1572 3640 2
3640 2550 1
2550 5434 1
5434 5785 1
5785 2375 2
2375 153 1
153 645 1
107 1532 1
4911 62 1
62 375 1
1572 3094 1
3094 403 1
403 1014 1
2632 414 1
414 2632 1
2632 4693 1
4693 1572 1
2375 3546 1
3546 2985 1
5448 5410 1
5410 1687 1
1687 3394 1
3394 2814 1
2814 990 1
1572 869 1
869 1436 1
1436 5049 1
5049 5785 2
5673 2607 1
2607 2818 1
2818 5043 1
271 4658 2
1572 5441 1
5441 4780 1
731 1808 1
4074 2302 1
1161 5477 2
5477 2197 1
2197 949 1
949 4028 1
4028 3480 1
1572 601 1
601 3885 1
3885 3641 1
3641 2676 1
1572 2951 1
1937 271 1
271 5236 1
5236 2340 1
2340 5287 1
5287 339 1
339 4643 1
4643 2037 1
2037 4907 1
2657 2652 2
2652 2487 2
5711 271 1
271 729 1
729 5176 1
5176 5785 1
1921 2814 1
2814 949 1
949 4184 5
4184 2657 1
268 5110 1
5110 3602 1
3602 5785 1
4439 5209 2
5209 3396 1
3396 2302 1
4439 3093 1
3093 271 1
1193 3479 1
3479 303 1
107 463 1
5104 1568 1
1568 725 1
725 2487 1
786 5215 1
2236 69 2
2513 1258 1
1258 2237 1
2237 2649 1
2487 1228 1
1228 5260 1
5260 2406 1
2406 2691 1
4535 842 1
842 5124 1
5124 5785 1
4094 4941 3
4941 469 1
469 4949 1
4949 1687 1
1687 2432 1
2432 2175 1
2175 2657 1
5043 2962 1
2962 1014 2
2487 4265 1
4265 2691 1
2691 2867 2
2867 4987 1
4987 1093 1
1093 5785 2
5043 223 1
223 2487 1
2475 2632 1
2632 2109 2
2109 4653 1
4653 2302 1
194 4082 2
4082 3195 1
3195 5785 1
4326 2018 1
2018 4468 1
4468 2814 1
2814 1903 1
1903 4121 1
4354 1230 1
5785 1082 1
5169 2173 1
2173 5800 1
5800 2487 1
1014 5114 1
5114 1563 2
1563 1552 1
1552 5734 1
5734 1063 1
1063 4515 1
4515 983 2
983 1621 1
5473 1621 1
107 3593 1
4411 5625 1
5625 3910 1
1290 2814 1
1584 4166 1
4166 75 1
1572 3633 1
3633 3363 1
3363 1412 1
5049 2274 1
2457 1582 1
943 1687 2
1687 2018 1
2018 107 1
2176 293 1
293 271 1
4354 5356 1
5356 1791 1
1791 5043 1
268 4884 1
4884 2841 1
2841 813 1
813 194 1
4082 476 1
476 3328 1
3328 5785 1
5785 2969 1
304 5666 1
409 2487 2
1014 2608 3
2608 1 2
1 5615 1
5615 2486 1
3297 4907 1
4907 2192 1
2192 3297 2
937 193 1
5615 4439 1
4439 5699 1
5699 2317 1
2317 4267 1
4267 1066 1
1066 3707 1
3707 2657 1
585 5486 1
5486 5229 1
268 2985 1
4181 5785 1
2985 509 2
509 5410 1
5350 2302 2
5650 1114 1
1114 1045 1
1045 3297 2
5229 1687 1
2236 1904 1
1904 1617 1
1617 5785 2
2487 4684 1
4684 646 1
646 2302 1
1 11 1
11 3854 1
3854 1735 1
1735 1687 1
2974 3385 1
1687 2318 1
271 5761 1
5761 5053 1
271 5252 1
5252 5303 1
2010 1696 1
1696 2128 1
2128 1892 1
1892 304 1
304 1517 1
1517 1572 1
1572 3482 1
3482 5692 1
5692 5693 1
5693 1965 1
1965 841 1
841 177 1
177 2189 3
2189 5785 1
3565 937 1
5666 5229 1
5229 268 3
268 4439 4
1692 906 1
906 591 1
4181 1 1
3697 1436 1
1436 1695 1
1695 2106 1
2106 4348 1
4348 1808 1
4535 5114 1
5114 5287 1
5666 2010 1
271 2773 2
2773 1014 1
1572 2037 1
2236 2238 1
2238 2985 1
2486 4706 1
4706 4658 1
4658 1808 1
2692 5444 1
5444 5785 1
2236 4955 1
1572 3093 1
3093 2782 1
2782 5785 1
4731 4539 1
4539 5478 1
5478 3828 1
3828 3977 1
3977 1014 1
3122 4316 2
4316 5785 1
5785 4657 2
4657 5237 1
5237 1561 1
1561 790 1
790 4181 1
4181 2236 1
2236 1278 2
1278 1808 1
1808 4957 1
4957 3162 1
3162 2437 1
2289 1014 1
1014 3428 1
5666 4458 1
5563 4808 1
4808 271 1
472 1014 1
1572 1093 1
1093 2961 1
472 3697 1
3697 697 1
697 2657 1
2657 5439 1
5439 5751 2
5751 3162 1
3162 2922 1
2922 4879 2
1044 1572 1
5043 4002 1
4002 2597 1
4184 4277 1
5630 3306 1
4365 3477 2
3477 2486 1
1014 697 1
697 271 1
5114 939 1
939 558 1
558 5287 1
5114 2808 1
2808 5693 1
5693 5681 1
5681 1 1
1 3462 1
2106 5693 2
4164 1014 1
1014 3598 1
1687 2106 3
4164 1177 1
5774 3297 1
976 5774 1
4439 2486 2
2486 5700 1
5700 2317 1
2317 1014 1
1014 4547 1
1252 449 1
449 271 1
5699 4202 1
4689 1014 1
5237 1524 1
1524 5785 1
1584 360 3
360 4588 3
4588 1525 1
5237 4439 5
4439 107 2
107 1014 2
1014 2649 1
4691 1014 1
4663 939 1
790 3598 1
5104 2380 1
2380 1572 1
1014 3915 1
3915 1687 2
107 2380 1
2380 5668 1
5668 3101 1
3101 5237 1
5237 987 1
987 5043 1
1572 4686 3
4686 930 1
4686 146 1
146 177 2
177 2289 2
5200 455 1
455 1014 1
1014 3297 1
1014 3862 1
5785 323 1
323 1327 1
1327 1892 1
5785 3005 1
3005 1096 1
1096 5649 1
5649 1489 1
2289 3911 3
1290 3734 1
3734 2486 1
3297 5387 1
5387 3737 1
2302 3531 1
3531 2657 1
585 565 1
565 3860 1
3860 1041 1
368 622 2
271 1666 2
1666 1572 2
2269 338 1
338 2922 1
2486 3809 1
3809 2737 1
2737 1278 1
1278 3828 1
3828 2460 1
2289 3092 1
3092 2985 2
1572 645 1
4354 4136 1
4136 3297 1
516 5104 1
5104 1388 1
1572 4878 1
4878 2661 1
2661 271 2
472 2289 2
2289 188 1
188 2691 2
2691 619 1
619 621 1
621 579 1
579 4354 1
2486 3530 1
3530 4301 1
4301 294 1
294 2630 1
2630 412 1
412 107 1
1572 2978 1
2978 1635 1
1635 2157 1
2157 2802 1
2802 271 2
271 406 2
406 1649 1
1649 271 1
2844 217 2
217 1588 2
1588 1635 1
1635 5049 1
1252 1649 1
1649 4485 1
4485 2302 1
2302 473 1
473 2802 1
2302 53 1
53 1106 1
1106 1528 1
1528 3244 1
3244 1621 1
1621 4638 1
4638 3964 1
3964 1281 1
3297 2010 1
1572 2092 1
2092 2302 1
2491 5459 1
5459 1526 1
1526 4439 1
4439 2958 1
2958 5337 1
5337 2289 1
2289 2305 1
1290 3139 1
3139 1526 1
1526 3640 1
3640 3547 1
3547 108 1
108 1280 1
1280 5350 1
5350 622 1
1572 5610 1
949 2302 1
5191 107 1
107 4897 1
4897 4758 1
4758 5642 1
5642 2814 1
2814 2802 1
1588 5778 1
5778 2802 1
2802 4679 1
4679 2289 1
2289 5611 1
5611 3186 1
3186 2802 1
2802 3482 1
3482 3640 1
3640 2675 1
2675 3231 1
3231 5364 1
5364 2289 1
2289 5666 4
5666 5477 1
5477 172 1
172 5118 1
5118 2289 1
2289 3103 1
3103 4535 1
4535 5371 1
5371 2174 2
2302 1715 1
1715 2978 1
2978 786 1
1572 5372 1
5372 2302 1
987 2821 1
2821 5478 2
5478 2302 1
2364 5624 1
5624 4574 1
107 3077 1
3077 2302 1
2302 2193 2
2193 2985 2
3955 5053 1
5053 1687 1
256 2741 1
2741 1779 1
1779 271 1
2340 2307 1
2307 5795 1
5795 4012 1
2814 2079 1
2079 1643 1
1643 1892 1
1892 4877 1
4877 1687 1
4354 5204 1
5204 1041 1
1041 4634 1
4634 5785 1
5287 949 1
949 75 1
2868 5625 1
5785 1670 1
1670 1177 2
2879 827 2
827 2590 1
2590 1290 1
1621 1290 1
1290 1014 1
5569 3325 2
3325 2657 1
2657 2879 1
172 1572 1
4911 5396 1
5396 5785 1
5785 4831 1
4831 2879 1
2879 1278 1
1278 833 1
1185 2487 3
4528 2657 1
2159 2879 1
2879 3825 1
3825 5625 1
4737 827 2
827 1290 2
3310 4160 1
4160 3828 1
3828 5778 3
5778 4668 5
4668 2879 1
5350 5569 1
2236 5624 1
5624 2487 1
979 5776 1
5776 5818 1
5818 1235 1
2487 4693 3
4693 2632 1
2632 4737 2
4737 2632 2
2632 2074 1
2074 5156 1
5156 635 1
635 5442 1
5442 1235 2
1235 4028 1
5695 1971 1
1971 463 1
5104 1489 1
1489 502 1
1572 287 1
287 3407 1
1687 2220 1
2220 635 1
635 4471 1
4471 4737 1
4737 4439 1
4439 4653 1
2879 3647 1
3647 5785 1
1308 2879 1
264 2409 2
3297 2197 1
2197 5635 1
5635 4166 1
4166 294 1
3648 1989 1
1989 4737 2
4737 1572 3
1572 5751 2
5751 2098 1
2098 844 1
844 3333 1
3333 2879 1
2969 271 1
271 3838 1
3838 1972 1
1972 2879 1
2487 2229 1
2229 1093 1
1093 5053 1
5053 5705 1
5705 1 1
2289 5078 2
5078 580 2
580 5442 1
5442 645 2
4354 1989 1
1989 1572 2
844 3666 1
3666 1492 1
1492 2289 1
2289 4856 1
4856 1077 1
1077 1045 1
1572 4875 3
4875 2302 1
987 2814 1
1584 2538 1
2538 268 2
835 4555 1
4555 1621 1
1621 937 1
937 194 1
194 5258 1
268 2086 1
2086 841 1
1572 193 1
193 4542 1
4542 197 1
197 2302 1
268 3998 1
3998 500 1
500 3751 1
3751 5737 1
5737 917 1
917 5718 1
5718 4401 1
4401 4010 1
4010 4592 1
4592 3150 1
3150 1447 1
1447 271 1
271 4460 1
4460 1572 2
1572 764 1
764 3426 1
3426 339 1
339 2814 1
2814 3426 1
3426 2302 1
4411 5258 2
268 3206 1
3206 4910 1
4910 4592 1
4592 1730 1
1730 4439 1
4439 2147 1
4133 1572 1
1572 1931 2
1931 5169 5
5169 5258 2
5258 2692 1
2692 268 1
193 140 1
140 1124 1
1124 2184 1
2184 1161 1
1161 2538 1
835 5193 1
5193 1572 1
1572 2811 1
2811 2562 1
2562 5563 1
5563 3640 1
3922 3011 1
1572 4214 1
4214 3828 1
5630 2836 1
5666 2692 2
2692 2538 1
2538 937 1
1561 1156 1
1156 1712 1
271 74 1
74 2086 1
2086 1161 1
1161 2247 1
2247 5785 1
5785 3996 1
3996 1532 1
1532 2814 1
2814 4812 1
4812 5405 1
5405 426 1
426 1728 1
1728 2302 1
2302 1570 2
1570 930 1
930 1422 1
1422 2867 1
2867 5405 1
5405 1572 1
1572 1571 1
1571 5772 1
5772 2302 1
2302 66 1
66 5785 1
5785 2972 3
867 2302 1
5630 4656 2
4656 1572 1
5666 4744 1
4744 271 1
271 1119 2
1119 610 1
610 5237 1
5237 75 1
75 4439 3
2661 5237 1
5237 827 1
827 1572 1
4069 5785 1
5785 3570 2
5785 2994 2
2994 5666 3
5785 4686 1
4686 3737 1
3737 5049 1
1252 2594 1
2594 1572 1
75 456 1
456 1572 1
360 1679 1
1679 1 1
1 4439 1
4686 409 1
833 1532 1
1532 4059 1
4059 2691 2
2691 5186 1
5186 4439 1
4439 2520 1
2520 983 1
983 1582 1
1582 3031 1
3031 5785 1
5785 4529 1
4529 2089 1
2089 3813 1
3813 3514 1
3514 4910 1
1572 2247 1
2247 268 1
268 76 2
76 5384 1
5384 2985 1
5785 1449 1
1449 2985 1
2985 4166 1
4166 1045 1
1045 5722 1
5722 1098 1
271 368 1
368 3310 1
3310 1003 2
1003 5594 2
5594 4439 1
5625 4348 1
4348 1572 5
1572 2513 1
2513 946 1
946 2657 1
304 633 1
633 369 1
369 4248 1
4248 4680 1
4680 5666 1
5258 4453 1
4453 1231 1
1231 254 1
475 1687 1
1687 1892 3
5785 3894 1
3894 3884 1
3884 623 1
623 4278 1
5478 4539 1
4200 2814 1
2814 2513 1
5666 2281 1
2281 3694 1
3694 4520 1
4520 5785 1
5785 1603 1
1603 4439 1
4439 4737 2
4737 3697 1
3697 693 1
693 1210 1
1210 647 1
647 271 1
271 3242 1
3242 1572 3
1572 4032 1
4032 349 1
349 2302 2
2302 5719 3
5719 5785 1
5132 3550 1
3550 580 1
4911 1081 1
1081 1327 1
1327 5258 1
1572 24 1
24 4051 1
4051 4905 1
4905 2216 1
2216 1177 1
4813 5563 1
5563 3153 1
3153 5666 1
5774 4599 5
4599 1 1
2487 4110 1
4110 5237 1
5237 4745 1
4745 5630 1
5630 1418 2
1418 5785 1
833 2306 1
2306 4720 1
4720 1817 1
1817 271 1
271 2143 1
2143 2269 1
1572 13 1
13 2954 1
2954 5179 1
5179 3828 1
3828 4683 1
4683 3483 1
3483 5520 1
5520 1561 1
1561 5526 1
5526 1041 1
1041 3214 1
3214 1635 1
1635 933 1
933 5428 1
5428 3180 1
3180 1572 1
1572 797 1
797 5660 1
5660 2013 1
2013 2814 1
4668 5785 4
5785 2130 1
2130 2302 1
2302 622 3
622 4411 1
4411 622 1
622 4993 1
4993 4528 2
4528 5666 1
5666 3363 1
4411 3594 1
3594 5132 1
2487 5249 1
5249 4169 1
4169 1 3
5237 5630 1
1418 194 1
5785 3953 2
3953 268 1
268 1089 2
1089 5785 1
5785 2024 1
2024 2985 1
2985 4273 1
4273 3155 1
3155 1572 1
3137 1 1
1 5045 1
5045 5389 1
5389 3797 1
3797 4987 1
4987 1230 1
1230 2476 1
2476 1950 1
1950 3363 1
2269 622 1
622 648 1
648 2691 1
2691 2859 1
2859 2657 1
2657 810 1
810 2236 1
2236 4844 1
4844 5774 1
5774 4059 1
4059 2302 1
2302 5659 1
5659 484 2
484 5785 1
3032 2207 1
2207 4439 1
2197 1040 1
1040 2252 1
2252 1489 1
1489 2215 1
2215 3992 1
3992 4439 1
4439 819 1
819 390 1
390 5292 1
5292 5666 1
5237 3104 1
3104 2086 1
2086 5785 1
5785 5247 1
5247 5666 1
1096 359 2
359 5049 1
1572 5404 1
5404 1045 2
1045 5049 3
5049 2763 1
2763 1572 1
2867 3911 1
3911 5467 1
5467 813 1
813 1714 1
1714 5217 1
5217 5630 1
5630 5237 2
2679 2486 1
2486 2764 1
2764 1572 1
1572 4562 1
4562 4873 1
4873 2922 1
2922 2086 1
2086 930 1
930 2886 2
2886 565 1
565 5564 1
5564 1041 1
2487 1472 1
1472 2657 1
2657 1950 2
5785 1064 1
1064 1045 2
5049 3140 1
3140 1808 1
4942 5043 1
5043 731 1
731 5785 1
2487 424 2
424 635 1
635 2632 1
5630 1011 1
1011 939 1
939 2608 1
424 2632 1
2814 271 2
428 4142 1
4142 5561 1
5561 4490 2
4490 1747 1
1747 5785 1
5785 4142 1
4142 4987 1
4987 3825 1
5785 3602 1
3602 2040 1
2040 5785 1
360 1156 1
1156 178 1
178 3733 1
3733 2814 1
1561 787 1
787 2365 1
2365 1041 1
5785 2228 1
2228 5774 1
5774 4490 1
4490 2487 1
5785 2041 1
2041 271 1
5785 2025 2
2025 271 1
5778 2228 1
2228 1572 1
622 1313 1
1313 1572 1
69 4189 2
4189 4564 2
4564 5444 1
5444 2321 1
2321 833 1
833 5774 1
2867 4007 1
4007 750 1
750 4535 1
4535 5219 1
5219 813 1
813 5663 1
5663 3319 1
3319 5066 1
5066 69 1
4564 5666 1
2879 2673 1
2673 3195 1
3195 2879 1
2879 2293 1
2293 3828 1
5630 928 1
928 2086 1
2086 635 1
635 1532 1
1532 4375 1
2487 3828 2
2487 2694 1
2694 635 1
635 5279 1
5279 1011 1
1011 5785 1
4535 1064 1
1045 5774 1
4453 428 1
428 5666 1
5666 5410 2
5410 5043 1
5043 2638 1
2638 2657 1
2657 4867 1
4867 5785 1
1096 4945 1
4945 5785 1
2487 4393 1
4393 3029 1
3029 5410 1
5410 4439 1
4439 5666 1
5410 40 1
40 635 1
635 310 1
310 2487 4
5785 4490 1
4490 2641 1
3324 2962 1
635 5774 1
4174 5042 1
5042 2236 1
2236 4388 1
4388 5042 1
5042 5066 2
5066 4388 2
4388 5237 1
5666 1012 1
1012 4599 1
4599 2216 1
2216 5569 1
5569 635 1
635 3028 1
3028 5785 1
635 1060 1
1060 3310 1
3760 5794 1
5794 1014 1
1014 744 1
744 813 1
813 2985 2
2985 1617 2
5120 2657 1
2657 2086 1
2086 4856 1
4856 1406 1
1406 389 1
1712 5666 1
5666 188 1
188 4140 1
4140 2608 1
5774 1676 1
3753 2236 1
2236 3763 1
3763 4909 1
4909 5026 1
5026 802 2
802 4786 3
4786 75 1
75 271 5
271 18 1
18 271 1
271 1848 2
1848 4112 1
4112 4929 1
4929 5668 1
5668 3441 1
3441 5659 1
484 4511 1
2867 1261 1
1261 1532 1
5388 2962 1
2962 5026 1
5026 271 1
580 5388 1
5388 271 1
271 21 1
21 2867 1
2867 4746 1
4746 3014 1
1572 626 1
626 5026 1
802 1321 1
1321 5108 1
5108 1572 1
1572 3559 1
3559 1 1
1 2454 1
2454 1384 1
1384 2441 1
2441 2972 1
2972 2543 1
2543 1572 1
5785 3698 1
3698 2592 1
2592 802 1
802 3310 2
3310 4122 1
4122 2030 1
2030 5785 1
3310 3761 1
3761 802 1
4786 5785 1
5785 2656 1
2656 1595 1
1595 2045 1
2045 2236 1
2236 729 1
729 3534 2
3534 847 1
847 5625 1
5625 3810 1
3810 5561 1
4490 4439 2
4439 1673 1
1673 1193 1
1193 5404 1
1045 2763 1
2763 1704 1
1704 224 1
224 2302 1
3120 1237 1
1237 2867 1
2289 4900 2
4900 2867 2
2867 5630 1
5630 2633 1
2633 5466 1
5466 2657 1
5774 120 1
120 5666 1
2867 96 1
96 2657 1
2657 5666 3
5666 1041 1
268 2106 2
2106 494 1
1290 622 1
622 4944 1
4944 5132 1
5132 5114 4
5114 1230 2
2289 3876 1
3876 2867 2
2867 802 1
802 2289 1
2289 2996 1
5337 3876 1
5132 4142 1
2289 1695 2
2867 2770 2
2770 2289 1
1096 3738 1
3738 1787 1
1787 833 1
2747 1687 2
1630 1695 1
1695 4439 1
4439 4668 3
4668 282 2
282 2191 3
2191 1621 1
1621 282 1
282 4494 1
4494 1621 1
1621 2188 1
2188 5666 1
2649 1625 1
1625 4092 2
4092 1230 1
2867 4077 1
4077 268 1
268 2362 1
2362 4785 1
4785 5043 2
5120 4633 1
4633 5108 1
5108 1 1
2487 1628 1
1628 1572 1
1584 3166 1
3166 1096 1
1096 2867 2
2867 3924 1
3924 1290 1
523 268 2
3681 2683 1
268 2615 1
2615 1572 1
2289 4759 1
4759 271 1
580 2699 2
2699 1014 1
1014 3924 1
3924 2867 1
2191 1254 1
1254 2027 1
5774 1621 2
5169 3398 7
1572 411 1
411 802 1
802 5774 1
3120 2679 1
2679 1494 1
1494 4910 1
4910 4897 1
622 2274 1
2274 1572 1
833 3737 1
3737 2632 1
4668 1692 1
1692 5774 2
5774 324 1
324 802 1
802 2867 3
2487 3121 2
3121 2679 1
2679 3333 1
3333 2867 1
2867 5671 1
5671 2697 1
2697 3640 1
2699 2867 3
2867 2482 3
2482 5043 1
4688 4785 1
4785 5785 2
5237 4956 1
4956 1244 1
1244 2657 2
2487 2814 2
2814 4933 1
4933 4945 1
4945 2621 1
2621 2608 1
2608 5237 2
2487 1219 1
1219 1892 1
1892 2041 1
2041 2533 1
2533 2737 1
2737 729 1
3534 5292 1
5292 2608 1
5237 2814 1
2814 1231 1
1231 5042 1
5042 1572 1
4901 4911 1
4911 3276 1
3276 3671 1
3671 5666 1
4599 4785 1
4785 2269 1
5785 1060 1
1060 5072 1
5072 4901 1
4901 906 1
906 617 1
617 3538 1
3538 2302 1
2302 1726 1
1726 850 1
850 802 1
802 5008 1
5008 3828 1
4668 4411 1
4411 4901 1
4901 4590 1
4590 3709 1
3709 2868 1
1572 3829 2
3829 1059 1
1059 5785 1
5785 5042 1
4388 833 1
833 4785 1
5785 1142 1
1142 1014 1
5785 744 1
744 1235 1
1235 4150 1
4150 813 1
1617 1953 1
1953 802 1
802 930 1
930 2236 1
2236 1156 2
1156 5774 1
3753 5237 1
409 3195 2
271 2454 6
2454 2255 1
2255 2607 1
2607 4051 1
4051 1142 1
1142 2096 1
2096 5026 1
5026 2096 1
2096 1572 1
1572 2119 1
2119 5237 1
271 5066 4
5066 835 2
835 2683 2
2683 2608 1
268 1751 1
1751 319 1
319 5237 1
2165 5724 1
5724 1621 1
1621 4556 1
4556 835 1
835 850 1
850 4528 1
5774 4785 1
4785 850 1
850 1304 1
1304 3808 1
3808 5267 1
5267 4541 1
4541 2236 1
2236 197 1
197 2985 1
857 2739 1
2739 5258 1
5778 2085 1
2085 930 1
930 1011 1
1011 635 1
635 409 1
409 3770 1
3770 4535 1
271 2072 1
1572 2655 1
2655 4953 1
4953 1596 1
1596 3810 1
3810 1572 1
1572 4948 1
4948 1384 1
1384 1877 1
1877 5525 1
5525 2867 1
5043 4911 1
4911 4349 1
1572 1919 1
1919 5666 1
2867 1237 1
1237 1572 1
2289 853 1
853 5666 1
268 2151 1
2289 2482 4
2482 1290 1
2879 5043 3
1252 5479 1
5479 1572 1
1572 5302 1
5302 1584 1
4588 1695 1
1695 802 1
2996 2289 1
2414 5666 1
2814 4700 1
2867 5443 1
5443 5572 1
5572 1849 1
1849 1278 1
1278 3482 1
3482 259 1
2867 2563 1
2563 4734 1
4734 1230 1
5625 2747 1
1695 3397 1
3397 2867 1
2867 729 1
729 4459 1
4459 4619 1
4619 259 1
259 1826 1
1826 833 1
2879 2362 1
2362 2867 1
2867 3828 2
5774 282 2
282 328 1
328 3924 1
3924 259 1
2487 4442 2
4442 259 1
2867 3937 1
3937 3480 1
2487 3466 3
3466 2289 1
4911 325 1
325 2867 1
2867 328 1
328 620 1
620 5302 1
5302 2867 1
4442 1045 1
2487 4262 1
4262 622 1
4956 2679 1
271 1190 1
1190 2657 1
2657 802 2
802 1692 1
3310 1193 1
2867 2972 2
3120 2523 1
2523 5049 2
5049 3534 1
3534 983 1
983 2657 2
2657 1877 3
1877 2747 1
2879 1165 1
1165 1572 1
5666 3763 1
3763 802 1
802 1572 4
1161 802 1
4786 3552 1
3552 584 1
584 144 1
144 2867 1
2867 3014 1
1572 584 1
584 612 1
612 5563 1
5563 3966 1
3966 271 1
271 964 1
802 4007 1
4007 1189 1
1189 5118 1
5118 1877 1
1877 4599 2
2289 340 1
340 3880 1
3880 1093 2
1093 3978 1
3978 2302 1
5774 4035 1
4035 3297 1
3297 4785 1
5043 1687 1
4586 4439 1
4439 2351 1
2351 4387 1
4387 5132 1
5132 5166 1
5166 1156 1
1156 2302 2
1156 2329 1
2329 310 1
427 5666 1
5237 4382 1
4382 802 1
802 1 1
5785 1876 1
1876 1687 1
1252 1189 1
1189 2345 1
2345 584 1
584 3897 1
3897 1687 1
1687 2752 1
2752 2236 1
2236 3756 1
3756 1572 2
1230 4570 1
4570 388 1
388 5114 1
1532 1282 1
1282 4758 1
4758 2531 1
2531 1572 1
1572 3270 1
3270 291 1
291 1572 1
979 3646 1
3646 802 1
802 948 2
268 1156 1
1156 802 1
802 4097 1
4097 2867 2
2867 4411 4
3120 2736 2
2736 2879 1
2879 3900 1
3900 571 1
5778 1877 1
1877 1572 10
1572 802 8
802 268 1
4077 1238 1
1238 2719 1
2719 1572 1
1572 2270 2
2270 2657 2
2487 3366 1
3366 1572 2
1572 406 2
406 1572 2
1572 2962 4
2962 5778 1
5778 2292 2
2292 3968 1
4535 3310 1
2165 2487 1
268 4891 1
4891 1572 1
1572 2594 1
2594 1230 1
2879 5570 1
2289 2879 1
2879 325 1
325 1877 1
1572 805 1
805 2879 1
2879 2044 1
2044 259 4
259 268 4
271 4557 1
4557 2200 1
2200 1014 1
4926 2772 1
2772 5774 1
2649 2657 2
2657 4599 2
2867 2879 3
1252 1374 1
1374 2289 1
2289 528 1
528 1572 2
1572 2590 3
2590 5569 1
3731 987 1
2289 4124 1
4124 3297 1
3297 457 1
5785 4824 1
4824 2879 1
2879 4657 1
4657 1679 1
1679 2236 1
2236 4380 1
4380 5797 1
5797 271 1
271 3141 1
3141 2858 1
2858 271 1
271 2211 1
2211 786 1
5785 4382 1
4382 2657 1
2657 360 1
4557 694 1
694 1647 1
1647 2236 1
1572 214 1
214 10 1
10 3151 1
3151 4365 1
4365 228 1
228 5778 1
5778 1903 1
1903 1572 1
1572 3232 1
3232 1687 1
1687 1209 1
1209 104 1
104 5258 1
5258 1892 1
1231 2106 1
2106 3278 1
3278 2302 1
271 950 1
950 5653 1
5653 2193 1
2985 2925 1
2925 3151 1
3151 268 2
268 69 1
2223 1091 1
1091 1808 1
622 3999 1
3999 1572 1
1572 1437 2
1437 1091 1
1091 5258 1
2972 1931 1
1931 5720 1
5720 1098 1
2486 2513 1
4663 2526 1
2526 5668 2
5668 4013 1
4013 5239 1
5239 342 1
342 937 1
2302 3164 1
3164 3147 1
3147 2657 1
271 3532 1
3532 3151 1
3151 3680 1
3680 691 1
691 2716 1
2716 3297 1
4365 1233 1
1233 2302 2
2564 271 1
271 2925 1
2657 5013 1
5013 2486 1
2486 268 1
268 2595 1
2595 4184 1
4184 2677 1
2677 3162 1
3162 2467 1
622 3591 1
1572 2689 1
2689 2922 1
3328 3310 1
3310 3151 1
4159 1 1
1 10 1
10 268 1
5132 5653 1
5653 835 1
835 1572 2
1572 2692 1
2692 2972 1
2972 2313 1
2313 2302 1
987 4354 1
4354 2597 1
2597 987 3
987 3697 1
3697 5258 1
2223 5547 1
5547 1687 1
3297 622 2
622 3411 1
3411 5625 1
5625 271 2
5569 3046 1
3046 5258 1
5774 63 2
2513 3699 1
2289 194 1
2487 3275 1
3275 987 1
987 2677 1
2677 1252 1
2289 2964 1
2964 271 2
3497 3402 1
5785 3867 2
3867 4887 1
4887 4599 1
4599 802 1
802 5668 1
5668 2232 1
268 3306 1
3306 1572 3
1572 987 5
987 271 4
4683 2346 1
2346 5785 1
5785 2696 1
2696 5774 1
983 1572 1
2364 1713 2
1713 756 1
756 5132 1
2487 4539 1
4539 1849 1
1849 3306 1
3306 987 1
987 2194 1
2194 5169 1
5169 867 1
867 2898 1
2289 3447 1
3447 3301 1
3301 3880 1
3880 1687 1
368 3354 1
3354 4911 1
4911 5550 1
5550 4740 1
4740 1079 1
1079 5820 1
5820 604 1
604 1460 1
1460 2302 1
859 2032 1
2032 2302 1
990 5753 1
5753 882 1
882 251 1
251 1877 1
802 3062 2
3062 3363 1
2318 3652 1
3652 1706 1
1706 2486 1
2486 3664 2
3664 2236 1
268 2303 1
2303 4782 1
4782 5563 1
5563 1020 1
1020 2303 1
2303 2105 1
2105 3071 1
3071 271 1
1892 3592 1
3592 2223 1
2223 1833 1
1833 191 1
191 578 1
271 5076 1
1572 906 1
906 5755 1
5755 1695 1
1695 4999 1
4999 2032 1
2032 3828 1
3828 2109 1
2109 959 1
959 3096 1
3096 4835 1
4835 1849 2
1849 4089 1
4089 802 1
802 4365 1
5666 404 1
2236 3664 1
3664 2657 1
1877 5778 1
5778 548 1
548 5785 1
5785 3512 1
3512 259 1
259 5666 1
5666 4249 1
4249 271 1
2486 4459 1
4459 948 1
948 5237 1
5237 3589 1
2487 3397 1
3397 4835 1
4835 2302 2
2302 3664 1
3664 2303 1
2303 3071 1
3071 282 1
2191 2269 1
2269 2962 1
2962 2868 1
2868 1041 1
4535 2289 1
4838 1670 1
4547 2151 1
2879 605 1
605 4891 1
4891 2657 1
2486 4181 1
4181 802 1
802 2996 2
2996 5043 1
5043 2236 1
2236 5321 1
5321 4945 1
4945 360 1
1278 2606 1
2606 4674 1
4674 2236 1
2236 1811 1
1811 856 1
856 1190 1
5785 5456 1
5456 5785 1
3335 5046 1
5046 2236 1
2236 4987 1
4987 5785 1
5785 2818 1
2818 2302 1
268 4945 1
4945 1572 1
1572 5094 1
5094 1695 1
5132 1134 1
1134 4917 1
3598 943 1
943 1877 1
1877 4069 1
4069 3166 1
3166 3306 1
2487 1367 1
2801 3480 1
2487 2196 1
2196 867 1
867 2010 1
2302 4147 3
4147 4629 1
4629 2289 2
5287 912 1
912 2797 1
2797 268 1
268 867 1
867 153 1
153 4013 1
4013 2194 1
2194 1572 1
5132 3100 1
3100 2302 1
943 2289 1
1365 2486 1
2486 4583 1
4583 5522 1
5522 5610 1
5610 2850 1
2850 1003 1
1003 2483 1
2483 1760 1
1760 3523 1
3523 1079 1
1079 3396 1
3396 364 1
364 1342 1
903 1467 1
2244 1877 1
1877 3882 1
1014 4942 1
2302 281 3
281 3480 1
3480 3354 1
3354 2487 1
2487 4116 1
4116 1 1
4453 455 1
4439 802 2
802 1394 1
1394 271 1
5699 1572 4
1572 4299 1
4299 5053 1
2676 2236 1
2236 281 1
281 4008 1
4008 1045 1
1045 3547 1
3547 2657 1
259 5258 3
268 3664 1
2487 2025 1
4835 5049 1
5049 898 1
898 4351 1
4351 5313 1
5313 409 1
409 876 1
2236 2454 1
2454 4497 1
4497 1695 1
1695 4349 1
4349 364 1
364 1690 1
2197 4484 1
2934 3138 1
3138 3527 1
3527 1937 1
1937 3182 1
3182 508 1
508 4354 1
2977 1692 1
1692 5173 1
5173 271 1
271 1198 1
1198 4612 1
4612 5614 1
5614 4575 1
4575 1079 1
271 435 1
435 364 1
1572 2337 1
2337 360 1
360 5774 6
5774 4957 1
4957 4281 1
903 5180 1
5180 4217 1
4217 2337 1
2337 841 3
841 4282 1
4282 1572 1
1572 1333 1
1333 1572 1
2922 2485 1
2485 4731 1
4731 5169 1
1252 1679 1
1679 2922 1
2922 4484 1
2922 919 1
919 903 2
5043 76 1
76 1848 3
1848 1635 1
1635 508 1
508 5687 1
2487 4717 1
4717 5785 1
3297 2375 1
2375 251 1
251 5469 1
5469 1572 1
3186 2083 1
2083 5476 1
5476 1462 1
1462 5785 1
1014 644 1
644 5371 1
2174 2289 1
107 2193 2
5191 3310 1
5287 2106 1
867 3640 1
2699 802 1
802 4599 2
2867 3867 2
3867 1712 1
2737 2232 1
2232 4007 1
4007 3274 1
3274 1572 1
987 76 1
1014 1041 1
1041 5774 11
2867 2685 2
2685 3444 1
3444 271 1
5778 864 1
622 5453 2
5453 1877 1
1877 5120 2
5120 3453 1
3453 3062 1
5668 3652 4
3652 2556 1
2027 5053 1
5053 5630 1
3454 5258 1
2289 675 4
675 360 1
360 1894 1
1894 1572 1
1014 3655 1
3655 5785 1
5785 1233 1
1233 4439 1
2879 455 1
3138 2052 1
5668 1427 1
1427 1894 1
1894 1808 1
2289 616 1
616 271 1
2867 1692 2
1692 694 1
694 2635 1
1193 4667 1
4667 271 1
271 546 1
546 987 1
987 1226 1
1226 2289 1
2289 4271 1
4271 2302 1
2814 963 1
963 1709 1
1709 192 1
192 895 1
895 2302 1
2302 4780 1
4780 2513 1
2513 1892 9
1572 2106 1
2106 3062 1
2302 4741 1
4741 4026 1
4026 271 1
2018 767 1
767 949 1
3080 1877 1
1877 3413 1
3413 4324 1
4324 786 1
786 5774 1
4365 3479 1
3479 5224 2
5224 271 1
2340 5453 1
5453 5053 2
5053 5669 1
5669 5785 1
5120 404 1
404 4439 2
4535 802 1
5570 259 1
259 3101 2
3101 5107 1
5107 4629 1
2440 2629 1
5774 4377 3
4377 5774 1
2106 3936 1
3936 2337 1
2337 4935 1
4935 2131 1
2131 4934 1
4934 1572 1
1572 2306 1
2306 5361 1
5361 622 1
622 2302 1
2302 2214 2
2214 2657 1
622 2961 1
2961 3026 1
3026 802 1
802 4735 1
4735 4515 1
4515 1730 1
1730 4599 1
2364 622 1
2685 1572 1
983 2289 3
4439 1877 2
1877 3062 1
2214 271 1
271 3550 1
3550 2289 2
2289 1082 1
1045 2176 1
2176 2713 1
2713 3697 1
3697 268 1
4956 1248 1
1248 987 1
987 1532 1
1532 4744 1
4744 2848 1
2848 5239 1
5239 5625 1
5625 3047 1
3047 2302 1
2302 950 1
950 2193 1
2860 360 1
360 2018 1
268 1343 2
1343 5528 1
5528 1572 1
1572 4305 1
4305 2076 1
2076 1892 1
1231 1584 1
1584 1830 1
1830 3036 1
3036 5538 1
5538 2985 2
2985 2285 1
2285 271 1
271 2550 1
2550 2176 1
268 5453 1
5453 2302 1
5719 3143 1
3143 1945 1
1945 363 1
363 271 1
1892 3997 1
3997 2029 1
2029 4123 1
4123 909 1
909 26 1
26 2247 1
2247 2104 1
2104 1572 1
3398 1990 2
1990 3363 1
3363 3398 1
3398 1252 1
1252 2318 1
2318 5132 1
5132 851 1
851 193 1
193 4241 1
4241 2424 1
2424 4740 1
4740 4688 1
4688 4059 1
4059 271 2
3186 3143 1
3143 1892 1
2289 3638 1
3638 4057 1
4057 5660 1
5660 4126 1
4126 4105 1
4105 949 1
949 4963 1
4963 1572 1
622 4741 1
4741 2484 1
2484 3251 1
5774 757 1
757 5043 1
5043 5197 1
5197 1572 1
1572 326 1
326 2424 1
2424 622 1
622 194 2
194 5289 1
5289 1572 1
3251 905 1
905 1572 1
1572 905 1
905 1687 1
1687 1848 1
1848 808 1
808 2550 1
2550 4911 1
4911 5350 1
5350 4429 1
4429 1157 1
1157 1695 1
114 1489 1
1489 4057 1
4057 4911 1
833 4059 1
4059 1572 1
4439 1712 4
1712 1245 1
1245 2867 1
2867 2179 1
2179 3310 1
3310 1768 1
1768 4439 1
2814 1848 1
1848 2302 1
1161 653 1
653 360 1
360 559 1
559 5076 1
271 3670 2
3670 959 1
959 1572 1
1572 680 1
680 4668 1
622 861 1
861 3310 1
2867 3393 1
3393 731 1
731 2337 2
841 3026 1
3026 133 1
133 1572 1
1572 3708 1
3708 2868 1
2868 2923 1
2923 5774 1
5774 2147 1
2147 1554 1
1554 271 1
271 4141 1
4141 388 1
268 1272 1
1272 360 1
360 2424 2
2424 1922 1
1922 2960 1
2960 19 1
19 271 1
5049 1190 1
1190 4008 1
4008 4059 1
271 2506 1
2506 4438 1
4438 360 1
360 4741 1
4741 271 1
271 1379 1
1379 2867 1
2867 3704 1
3704 5668 1
622 3938 1
3938 3489 1
3489 271 1
271 896 2
896 3879 1
3879 4776 1
4776 4564 2
4564 1572 2
1532 2302 2
2302 4606 1
4606 1772 2
1772 19 1
19 4349 1
4349 2424 1
2424 3879 1
3879 5214 1
5214 1572 1
1572 2684 2
2684 1572 1
1572 2749 1
2749 19 1
19 3879 2
3879 69 1
2684 3456 1
3456 4974 1
4974 1572 1
1572 4944 1
4944 19 1
3879 2656 1
2656 1190 1
1190 3879 1
3879 3362 1
3362 271 1
896 3137 1
3137 4610 1
4610 3124 1
3124 472 1
472 141 1
141 1796 1
1796 955 1
955 2491 1
2491 3027 1
3027 1041 1
1041 278 1
278 1572 1
268 158 1
158 19 1
19 2930 1
2930 16 1
16 1572 1
5043 943 1
943 622 1
1252 4377 1
4377 4439 1
4941 4439 1
4439 1920 2
1920 1572 1
1572 527 1
527 5098 1
5098 5625 1
5625 1687 1
1687 4606 1
1772 1572 1
1572 4658 1
4658 889 1
889 5105 1
5105 3310 2
3310 2879 1
2879 5759 1
5759 4744 1
4744 622 1
455 1772 1
1772 2922 1
4911 3251 1
3251 4429 1
4429 2550 1
2550 1045 1
5169 2545 1
2545 5666 1
271 1029 1
1029 1672 1
1672 3139 1
3139 1572 1
3511 5450 1
5450 4782 1
4782 304 1
409 1877 1
5120 4926 1
4926 2302 2
2302 3569 1
3569 1572 1
1572 5126 1
5126 2691 1
5632 4439 1
4439 4057 1
4057 3641 1
3641 5457 1
5457 2867 1
2867 4515 1
1572 1877 2
1877 2790 1
2790 844 1
844 3504 1
3504 360 1
360 784 1
784 4026 1
4026 503 1
503 4911 1
4009 5193 2
5193 835 1
268 3260 1
3260 2302 3
2302 1633 5
1633 2840 4
2840 2657 1
2657 358 1
358 3073 1
3073 2867 1
2867 3640 2
3640 1266 1
1266 182 1
182 4590 1
4590 3616 1
3616 1572 1
2867 3062 2
3062 5032 1
5032 5668 1
5668 2307 1
2307 2660 1
2660 3112 1
3112 2822 1
2822 146 1
177 4113 1
4113 2677 1
2867 2805 1
2867 718 1
3162 2302 2
107 2487 1
2487 1625 7
1625 5594 1
5594 271 1
1752 5087 1
5087 2867 3
3120 4176 2
4176 5778 1
4686 5043 1
2454 2197 3
2867 4529 2
4529 1161 1
1161 5625 1
4184 271 2
1278 5043 1
5043 5015 3
5015 1695 1
1695 4539 1
4539 1572 1
1572 2599 2
2867 5087 4
5087 5043 1
5043 69 1
69 2867 1
2867 3976 1
2840 1572 1
1572 3635 1
3635 2971 1
2971 987 1
4515 2302 1
5668 2746 1
2746 3260 1
4147 1050 1
1050 2867 1
5774 2101 1
2101 5318 1
5318 5630 1
5630 1161 1
1161 3699 1
2867 1555 1
1555 4439 1
360 3260 1
2840 5572 1
5572 2223 1
2223 3705 1
3705 580 1
580 5668 1
5668 1048 1
1048 5224 2
5224 76 1
76 908 1
908 988 1
988 2657 1
4174 2867 2
5224 1572 1
1572 619 1
5318 2743 1
2743 3260 1
3260 2867 1
2487 147 1
147 5785 1
1532 2608 1
2608 2236 1
2236 1470 1
1470 5774 1
983 1052 1
1052 5625 2
2302 3490 1
3490 4741 1
4741 1676 1
1676 214 1
214 1572 1
1572 152 1
152 5629 1
5629 1572 1
5169 1121 1
1121 4057 1
4057 339 1
1156 619 1
619 3260 1
3260 3828 1
3828 3641 1
3641 4668 2
4668 1877 1
1877 5317 1
5317 271 1
4658 1572 1
2424 1290 1
304 1954 1
1954 592 1
592 4473 1
4473 271 1
271 3551 1
3551 2867 1
4439 3518 1
3518 4687 1
4687 3342 1
3342 4439 1
4439 2176 6
2176 2657 3
2922 5622 1
844 1921 1
1921 4142 1
4453 2730 1
2730 4439 1
4439 5737 2
5737 622 1
4759 4439 2
1572 4057 1
4057 5120 1
5120 1877 1
1877 4439 1
5737 271 1
271 4097 1
4097 4411 1
4411 4911 1
4911 2759 1
2759 3938 1
3938 3563 1
3563 750 1
750 813 1
813 160 1
160 552 1
552 1572 1
1572 151 1
151 5128 1
5128 5043 1
5043 320 1
320 3039 1
3039 1687 1
1687 943 1
943 3260 1
3260 2550 1
2550 4069 1
4069 2867 1
2520 1690 1
1690 5017 1
5017 1290 1
1290 5649 1
5649 3961 1
3961 2867 1
4515 1100 1
5169 2996 1
4539 3641 1
3641 987 1
987 2214 1
2214 3699 1
3699 2867 1
2867 194 3
194 1532 1
1532 2627 1
3946 2867 1
2867 4847 1
4847 338 1
271 1633 1
2840 932 1
932 4633 1
4633 3911 1
983 2748 1
2748 3260 1
3260 1808 1
338 2302 3
1877 4818 1
4818 4742 1
4742 988 1
988 2836 1
2867 4743 1
4743 540 1
540 4554 1
4554 1098 1
1572 4555 1
4555 4166 1
5594 1931 1
5169 2867 4
2867 4913 1
4913 1235 1
1235 254 1
475 271 1
5191 774 1
774 1406 1
2879 3363 1
3363 5074 1
5074 1808 1
2289 480 1
480 2018 1
2018 1104 1
1104 2867 1
2867 3877 1
3877 5666 1
4458 3847 1
3847 987 1
987 1290 1
1290 360 2
2867 2208 1
2208 1007 1
1007 4058 1
4058 2691 1
2691 5799 1
5799 2649 1
4439 4059 1
2691 3261 1
3261 2867 1
4439 4704 1
4704 5569 1
5569 1518 1
1518 985 1
985 2302 1
2302 2242 1
2242 4741 1
4741 802 1
802 271 1
3122 5120 1
3690 580 1
580 946 1
946 1572 1
1572 1454 1
1454 5350 1
5350 3778 1
3778 1695 1
268 5534 1
5534 4515 1
4515 1450 1
1450 2657 1
3879 1877 1
4515 3372 1
3372 802 1
802 3945 1
3945 271 1
271 5107 1
5107 2867 1
2867 2397 1
2397 949 1
949 2106 1
2106 2768 2
2768 2691 2
2691 38 1
38 1041 1
1041 949 1
949 5510 2
5510 1572 1
1572 3549 1
3549 1290 1
5774 5653 1
5653 1098 1
1098 3363 1
2768 2397 1
2397 2879 1
2879 946 1
946 5043 1
2886 3783 1
3783 4745 1
4745 1041 1
268 2397 3
2397 1612 1
1612 63 1
4439 5355 1
5355 2302 1
2302 3146 1
3146 3206 1
3206 5635 1
5635 3290 1
3290 3363 1
3363 1756 1
1756 4942 1
4942 2349 1
2349 1098 1
494 1 1
1 3363 1
268 3557 1
3557 5175 1
5175 2907 1
2907 3910 1
3910 1014 1
1572 834 1
834 5666 1
2867 75 1
4439 3278 1
3278 4560 1
4560 271 1
2193 1290 1
2925 1235 1
271 4113 1
4113 1546 1
1546 340 1
340 2302 1
2302 4537 1
4537 1572 1
1950 2867 1
2867 4666 1
4666 1572 1
1572 3844 1
3844 2355 1
2355 268 1
268 948 1
948 2333 1
2333 1572 2
1572 5413 1
5413 4145 1
4145 4340 1
4340 3044 1
3044 804 1
804 2269 1
2269 123 1
123 3306 1
987 1695 2
1319 1812 1
1812 4547 1
1252 4518 1
4518 1014 1
1014 3310 2
2661 3535 1
3535 2867 1
1572 5363 1
2302 2768 1
2768 4597 1
4597 5666 1
2289 4666 1
4666 63 1
1572 314 1
5087 1687 1
2867 3809 2
3809 443 1
443 2657 1
2289 69 1
69 5668 1
5668 1233 1
3162 5114 1
5114 404 1
271 1091 1
1091 5778 1
5778 3297 1
5258 2486 1
2486 1156 1
1156 271 1
271 5020 1
5020 237 1
237 2333 1
2333 5564 1
259 457 2
457 351 1
351 2385 1
2385 2302 1
2302 1014 2
1014 5596 1
5596 1572 4
1572 2429 1
2429 2657 1
2487 766 1
766 259 1
2486 4315 1
4315 2691 1
2691 68 1
68 1256 1
1256 4663 1
4663 1120 1
1120 5338 1
5338 351 1
351 2289 1
4759 5666 3
5258 802 1
802 5323 1
5323 2223 1
2223 2477 1
2477 1572 1
1572 4697 1
4697 1572 1
5087 2232 1
2232 4856 1
4856 3275 1
4365 5414 1
5414 1695 1
2232 943 1
2985 867 1
867 1045 1
1045 1003 1
4586 3942 1
2295 1572 1
4702 741 1
741 2670 1
5266 1489 1
1489 3363 1
3363 3503 1
3503 2676 1
2974 4071 1
4071 2194 1
2194 867 1
1572 1365 1
5522 5132 1
1808 866 1
866 936 1
936 4051 1
4051 1584 1
406 1808 1
1808 271 2
5653 5610 1
5477 1014 2
1014 4200 1
5785 5668 3
3122 2302 1
281 2867 2
2867 5714 2
1177 790 1
790 2223 1
2223 2289 1
1235 610 1
610 1877 1
1877 2302 2
2486 4147 2
4147 2608 1
2608 1014 1
2487 1178 1
1178 5785 1
5785 2683 3
1572 4648 1
949 1290 1
1290 813 1
813 1066 1
1066 1878 1
1878 4758 1
4758 310 1
310 4159 1
1695 4916 1
4916 930 1
802 2487 1
5563 5478 1
5478 1014 1
1014 4069 1
4069 1877 1
1877 3353 1
3353 3716 1
3716 5668 1
5668 3646 1
3646 1695 1
5774 1529 1
1529 2657 1
936 3492 1
3492 5525 1
5525 1572 1
1572 4933 1
4933 3217 1
3217 4944 1
4944 5666 1
5666 4758 1
1313 4384 1
4384 5798 1
5798 2821 1
5478 2289 1
939 5414 1
5414 2985 1
2985 5745 1
5745 28 1
28 5287 1
5287 2289 3
2289 2106 1
2106 866 1
866 4298 1
4298 2302 1
2302 3340 1
3340 4354 1
4354 2289 1
3955 2302 1
5191 5651 1
2193 2636 1
2636 3828 1
3828 557 1
557 2814 1
2814 4420 1
4420 4439 1
107 2838 1
2838 5252 1
5252 1779 1
1779 2738 1
2738 1695 1
259 5152 1
5152 2289 1
622 1931 1
1931 1014 1
1014 4552 1
2340 2556 1
2027 5453 1
5053 4836 2
4836 2289 1
3593 3120 1
3120 5319 2
5319 271 1
271 5604 2
5604 882 1
882 194 1
194 3800 1
3800 1572 1
1572 2856 1
2856 1280 1
1280 4883 1
4883 5344 1
5344 3047 1
3047 271 1
4515 1115 1
1115 4430 1
4430 5529 1
5529 1572 2
1572 347 1
347 5604 1
5604 271 1
368 5342 1
5342 943 1
1687 1041 1
2289 3802 1
3802 3032 1
3032 4683 1
4683 5453 1
5453 4836 1
4836 5785 1
2879 3584 1
3584 802 1
2867 2392 1
2392 1393 1
1393 1572 1
5477 283 1
283 193 1
193 2032 1
2032 2780 1
2780 245 1
245 2387 1
2387 5693 1
5693 1906 1
1906 39 1
39 1572 1
1572 4286 1
4286 2879 1
3310 864 1
864 39 1
39 816 1
816 4657 1
4657 271 1
271 1392 3
1392 868 1
868 1174 1
1174 5132 1
5132 5191 2
5191 368 2
368 935 1
935 782 1
782 2215 1
2215 5767 1
5767 1776 1
1776 4909 1
4909 30 1
30 2063 1
2063 1572 1
1161 1212 1
1212 5071 1
5071 1663 1
1663 3708 1
3708 5178 2
5178 1875 1
1875 1723 2
1723 1621 1
1621 2495 1
2495 5680 1
5680 1290 1
1290 629 1
629 3280 1
3280 5594 1
5594 464 1
464 39 1
39 268 1
2397 1279 1
1279 5743 1
5743 1263 1
1572 4348 3
4348 2487 1
2487 1117 2
1117 1230 1
5344 5774 1
5774 2879 4
2487 1401 1
1401 5043 1
5785 3301 1
3301 1561 1
1561 29 1
29 802 1
802 360 1
987 1877 1
802 4063 1
4063 2337 1
2337 5455 1
5455 5011 1
5011 1416 1
1416 5446 1
5446 4436 1
4436 4499 1
4499 5258 1
5258 4274 1
4274 369 1
369 1392 1
1392 264 1
264 2405 1
2405 1569 1
1569 1808 1
622 2176 3
268 1419 2
1419 802 2
802 3492 1
3492 4515 1
4515 974 1
974 5258 1
5258 629 1
629 2730 1
2730 1937 1
1937 5011 1
5011 675 1
675 3195 1
3195 1416 1
1416 1572 2
1572 4022 1
4022 2106 1
2106 4360 1
4360 271 1
1892 4339 1
4339 5178 2
5178 833 1
5774 4458 4
4458 3708 1
5178 1892 1
1809 5006 1
5006 2302 1
3479 4238 1
4238 3968 1
3968 5178 1
5178 1572 2
3968 5767 1
5767 1777 1
1777 1664 1
1664 810 1
810 4391 1
4391 2375 1
1808 2765 1
2765 2828 1
2828 1137 1
1137 729 1
729 4919 1
4919 2612 1
2612 802 1
802 3395 1
3395 1416 1
1252 4549 1
4549 2302 1
2302 5012 1
5012 722 1
722 1877 1
5650 4758 1
4758 846 1
846 5132 1
5132 4239 1
4239 1935 1
1935 1572 1
1572 3540 1
3540 360 1
360 5585 1
5585 323 1
323 1695 1
1695 4183 1
4183 360 1
360 4130 1
4130 5390 1
5390 4439 1
4439 4703 2
4703 1572 1
1808 1877 2
1877 2418 1
2418 1572 1
1572 2378 1
2378 1141 1
1141 5415 1
5415 1290 1
1290 1959 1
1959 622 1
4911 5545 1
5545 271 1
271 1986 1
1986 1922 1
1922 5754 1
5754 3480 1
3480 1877 1
1877 2487 1
3482 2922 1
2922 1572 1
2487 4002 1
4002 5114 1
4458 1572 2
3697 1096 1
268 4002 1
4002 1572 1
271 5190 1
5190 4184 2
5043 1922 1
1572 673 1
673 2867 1
2867 1569 1
1569 86 1
86 4120 1
4120 1572 1
1572 1918 1
1918 4907 1
4907 1179 1
1179 2269 1
2269 976 1
976 4319 1
4319 2301 1
2301 3640 1
5774 802 1
802 2918 1
2918 1416 1
1416 3493 1
3493 1572 1
5666 5178 1
5178 5778 1
268 934 1
934 5132 1
5132 1235 2
4184 594 1
594 5169 1
5666 30 1
30 3856 1
3856 271 1
271 2063 1
2063 1168 1
1168 5071 1
5071 786 1
2176 5350 1
5350 4303 1
4303 1454 1
1454 5229 1
5229 2867 2
2867 3493 1
3493 1235 1
3829 1230 1
2289 5318 1
5318 3459 1
3459 1572 1
1572 4206 1
4206 3736 1
3736 4130 1
4130 5114 1
3120 149 2
149 1230 1
1230 3736 1
3736 1569 1
1569 3655 1
3655 4515 1
4515 1156 1
1156 5120 1
5120 3652 1
3652 2486 1
2486 5178 1
5178 844 1
844 950 1
950 1385 1
1385 1695 1
5350 1853 1
1853 5774 1
622 802 1
2996 930 2
622 5118 1
5118 3396 1
4957 5751 1
5751 622 1
622 4439 1
4439 213 1
213 1572 1
1572 1920 2
1920 229 1
2302 5011 2
5011 2657 2
2657 2814 1
2814 729 1
729 1905 1
1905 5625 1
5625 589 1
4605 1572 1
1572 543 1
543 5444 1
5444 2814 1
4668 875 1
875 622 1
622 2969 1
1572 1414 1
1414 2289 1
2289 2350 1
2350 2247 1
2247 5625 1
5625 3120 1
4611 2352 1
2352 2657 1
2657 2289 4
5569 4911 1
4911 3650 1
3650 360 1
864 2487 1
2487 3753 4
3753 2027 5
2027 3699 1
3699 675 1
675 3080 1
3080 4856 1
4856 5110 1
4911 4339 1
4339 3800 1
3800 1041 2
5668 360 1
268 2827 2
2827 2815 1
2815 5118 1
2487 4712 1
4712 3651 1
2289 4202 1
2487 155 1
155 3753 1
3753 4988 1
4988 3759 1
3759 2965 1
2965 3031 1
3031 1684 1
1684 2632 1
2814 212 1
212 4668 1
4668 4256 1
4256 5111 1
5111 3310 1
1100 4339 1
1572 4754 1
4754 360 1
360 3479 1
3652 2868 1
987 5132 1
268 4213 1
2691 5676 1
5676 5178 1
5178 369 1
369 360 1
360 5071 1
5071 2922 1
2303 1572 2
1572 4130 1
4130 4731 1
4731 268 1
2827 2289 1
802 338 1
1572 5564 1
5564 3715 1
3715 2848 1
2848 3547 1
3547 1877 1
802 3882 1
1014 3059 1
2193 2302 2
949 2636 1
2636 864 1
2302 5190 2
5190 368 2
368 5071 1
5071 268 1
2922 3530 1
3530 2657 1
268 2660 1
2660 2038 1
2038 268 1
268 5169 2
1252 5666 2
3186 949 1
949 3800 1
3800 5785 1
487 802 1
5258 360 1
360 630 1
630 1569 1
1569 1752 1
1752 268 1
268 5632 1
5632 2303 1
3310 1550 1
1550 1682 1
1682 2985 1
5785 1380 1
1380 5666 1
2487 4620 1
4439 1190 1
1190 1 1
1 4628 1
4628 5232 1
5232 5801 1
5801 830 1
830 1743 1
1743 1572 1
1990 271 1
1392 4942 1
4942 5049 1
5049 3000 1
3000 1429 1
1429 5666 1
2487 1352 2
1352 1808 1
948 1717 1
1717 3371 1
3371 3363 1
4411 3156 1
3156 5651 1
5651 1098 1
1098 4439 1
4439 4090 2
4090 3671 1
3671 2814 1
2197 5258 1
5258 631 1
631 955 3
4453 3479 1
3479 1937 1
1937 2302 1
5132 2289 2
2289 1469 1
1469 1290 1
1290 5303 2
5084 2867 1
360 1190 2
1190 1687 1
5785 3647 1
3647 1572 1
4528 5114 2
5114 5821 2
5821 2289 1
2289 3832 1
3832 2302 2
5821 580 1
5169 5821 1
5821 4549 1
4549 3598 1
4354 2643 1
2691 69 1
69 1877 1
1877 1707 1
1707 2867 1
5087 4222 1
4222 4439 1
4439 4130 1
4130 1 1
2867 304 1
304 686 1
686 1584 1
1584 5699 3
5699 930 1
930 355 1
355 4872 1
4872 2683 1
2683 802 1
802 1695 1
4184 2731 1
2731 983 1
983 4317 1
4317 2837 1
2837 2867 1
2867 4758 2
5132 3059 1
3059 2193 1
2302 1003 1
1003 2985 1
864 4366 1
4366 2289 1
1572 4552 1
4552 5353 1
5353 1877 1
802 3486 1
3486 4439 1
4703 600 1
600 1695 1
2879 2827 1
2827 1572 1
1572 3241 1
3241 4130 1
4130 4139 1
4139 1179 1
2879 4045 1
4045 2302 1
3186 3800 1
5668 1572 2
1572 2965 1
2965 5045 1
5045 3594 1
3594 5785 1
1561 5045 1
5045 5666 1
368 2879 1
2879 4365 1
4365 3051 1
3051 2289 1
3122 930 1
4439 2670 1
2670 2972 1
2972 5785 1
259 1120 1
1120 948 1
948 5668 1
3652 1712 1
1712 2879 1
2879 4387 1
4387 4816 1
4816 271 1
5778 5191 1
368 2270 1
2270 2486 1
2486 4743 1
4743 5654 1
5654 5723 1
5723 4166 1
4166 1098 1
1098 5785 2
5049 1976 1
1976 2155 1
2155 4742 1
4742 455 1
455 4629 1
4629 2692 1
2692 5377 1
5377 1572 1
1572 1511 1
1511 5237 1
2487 5328 1
5328 790 1
790 3678 1
3678 5774 1
5774 1877 1
1572 803 1
803 5785 1
1014 2614 1
2614 5814 1
5814 2657 1
790 4077 1
4077 3304 1
3304 1700 1
1700 2454 1
2454 3304 1
3304 2435 1
2435 5785 1
1561 3737 1
622 1877 1
1877 2816 1
2816 5237 1
5043 1177 3
1177 2683 1
2683 271 1
4683 1014 1
1625 4439 1
2879 2640 1
983 1695 1
268 1230 2
1572 5778 3
4760 4439 1
5344 5087 1
5087 2649 1
3376 4184 1
2879 4586 1
4586 5258 3
2302 5726 2
5726 5785 1
4835 1014 1
5785 1808 1
3879 2236 1
2236 3122 1
3122 4911 1
4911 2302 1
2867 5613 2
5613 5774 1
979 1808 1
4074 5350 1
5350 3363 1
3363 5477 1
4586 914 1
914 3581 1
3581 841 1
622 397 1
397 1572 1
1572 3106 1
3106 5785 1
2867 913 1
913 3310 1
1260 1572 2
1336 4439 1
5043 2348 1
2348 3034 1
3034 1584 1
5785 5265 1
5265 5666 1
2867 2091 1
2091 4515 1
4515 4557 1
2487 2106 1
2106 5630 1
5630 101 1
101 5625 1
5625 2867 1
5613 3276 1
3276 1572 4
1572 5168 1
5168 3310 1
5785 4835 1
4835 3858 1
3858 4612 1
4612 4658 1
4658 2192 1
2192 69 1
69 2028 1
2028 69 1
69 1025 1
1025 2641 1
2641 5785 3
407 635 2
635 194 1
194 2641 1
2641 1052 1
1052 5563 1
2513 268 3
987 1687 1
1406 2302 1
4354 3310 1
3310 867 1
2978 3615 1
3615 1575 1
1575 2302 1
4453 4567 1
4354 1877 1
802 4911 1
4757 2691 1
1695 5563 2
5563 3454 1
2302 5020 1
5020 2692 1
2692 867 1
867 3828 1
1014 2744 1
2744 1687 4
1687 802 1
802 4439 1
4090 4633 1
4633 338 1
5247 2010 1
2010 5591 1
987 4516 2
4516 271 1
2867 4519 1
4519 5043 1
1952 5287 1
5287 2867 2
4511 5114 1
2867 3910 1
3910 259 1
1290 63 1
2513 802 1
802 4759 1
5774 976 1
3120 2286 1
2286 1041 1
2704 3428 1
259 5453 1
5453 5774 1
5774 5334 1
5334 1041 1
2867 5323 1
5323 2478 1
2478 841 1
841 268 3
268 5778 2
5778 802 1
3120 4629 1
4629 2395 1
2395 3138 1
3138 167 1
167 2292 1
2292 2867 2
2867 3221 1
3221 1014 1
271 1887 1
1887 2031 1
2031 1038 1
1038 46 1
46 1584 1
1584 2142 1
2142 4594 1
4594 102 1
102 3158 1
3158 1584 1
1584 1850 1
1850 512 1
1252 197 1
197 2037 1
2037 5726 1
5726 1572 4
4411 1014 1
2867 679 1
679 271 1
271 2167 1
2167 5585 1
5585 1572 2
4911 3724 1
2302 5474 1
5474 3978 1
3978 3363 1
472 3310 1
2165 987 1
987 1003 1
1003 5349 1
5349 406 1
406 1489 1
1489 1584 1
1584 1146 1
1146 802 1
802 4528 1
4528 650 1
650 4439 2
4439 4657 1
4657 2349 1
2349 192 1
192 25 1
25 77 1
77 271 1
271 4858 1
4858 4814 1
4814 1489 1
1489 5778 1
5778 650 1
650 2867 1
2867 3833 1
1687 1265 1
1265 1 1
1 1265 1
1265 436 1
436 2302 1
4327 5655 1
5655 5530 1
5530 3195 1
3195 3143 1
3143 1014 1
1014 360 1
5774 2972 1
1067 2867 1
2867 4751 2
4751 2952 1
2952 1177 1
5043 851 1
851 5563 2
5563 5630 2
5630 2010 1
2010 1584 1
1584 987 1
271 987 1
1690 5739 1
5739 1155 1
1155 2985 2
4955 802 1
2867 4754 1
4754 5454 1
5454 565 1
565 1847 1
1847 1 1
1950 394 1
394 2867 1
2867 3706 1
3706 2867 1
2867 2530 1
2530 4528 1
1230 4439 1
4439 406 2
406 4992 1
4992 722 1
1572 4435 1
4435 2597 1
4184 3464 1
3464 2608 1
2640 4787 1
4787 5666 1
5666 2094 1
2094 4185 1
4185 1572 1
2962 2867 2
3497 2486 1
2486 4802 1
4802 1254 1
259 1235 2
4184 4137 1
271 983 3
983 4515 1
4515 1875 1
1875 1724 1
1724 3120 1
3120 3841 1
3841 2886 1
2886 263 1
263 208 1
208 1695 1
2487 2723 1
2723 2879 1
2879 2717 1
2717 1093 1
1093 2879 1
2487 3952 1
3952 2632 1
2632 1687 2
1687 1712 1
1712 4762 1
4762 2597 1
5104 463 1
463 2635 1
2966 3480 1
2487 1309 1
1309 5043 1
5043 939 1
939 2302 1
2302 5781 2
5781 5666 1
5350 4911 1
4911 3592 1
3592 990 1
990 3615 1
3615 1657 1
1657 2266 1
2266 1892 1
1892 432 1
432 2403 1
2403 1542 1
1542 197 1
197 1532 1
2289 4731 1
4731 2482 1
2482 4515 1
4515 1007 1
1007 2270 1
2270 3974 1
3974 4515 1
4515 5013 1
5013 4458 1
4458 4250 1
4250 4861 1
4861 1572 2
1572 2013 1
2013 5660 1
5660 2302 1
2302 132 1
132 5033 1
5033 1572 1
1572 5521 1
5521 268 1
1572 2772 1
2772 452 1
452 1274 1
1274 2103 1
2103 1572 1
1572 534 1
534 1572 1
1572 1822 1
1822 2657 1
2487 659 1
659 2879 1
2879 4956 1
4956 2487 1
314 2879 1
2487 2302 3
2302 5757 2
5757 3950 1
3950 1572 1
1572 5591 1
5591 5611 1
5611 4586 1
4586 2274 1
2274 622 1
622 3868 1
3868 1695 1
259 3654 1
3654 4515 1
4515 857 1
857 1014 1
5344 2482 1
2482 5216 1
5216 1695 1
2487 667 1
667 1712 1
1712 5646 1
5646 2375 1
2289 3915 1
1687 2493 1
2493 867 1
867 1877 1
1877 2766 1
2867 3063 1
5668 2951 2
2951 2487 1
2836 2027 1
2027 490 1
490 3661 1
3661 5053 1
4836 1572 1
1687 2699 2
2699 2487 1
338 5114 1
5668 802 1
5785 3922 1
3922 1290 1
2774 4142 1
4142 2972 1
2972 5258 2
5258 4354 1
2487 479 1
479 2289 2
3640 1092 2
1092 3476 1
3476 2440 1
2440 2867 1
4159 788 1
788 271 1
917 1731 1
1731 2487 1
2159 917 1
917 1689 1
1689 5258 1
2879 1331 1
1331 4957 1
4957 4891 1
4891 1 1
5791 5015 1
2292 1695 2
2232 4628 4
4628 5378 1
5378 3080 1
3080 4439 1
2244 5785 1
4354 3828 1
5630 1525 1
2487 3548 2
3548 5785 1
5785 3832 1
3297 2922 1
2922 1790 1
1790 1014 1
1014 4225 1
4225 2657 1
2993 585 1
2487 3549 3
3549 1014 1
1014 5053 1
4439 4776 2
4564 5785 2
5785 4366 1
4366 3479 1
1119 1572 1
4629 610 1
610 1709 1
1709 2110 1
2110 5785 1
2867 2513 1
2513 2908 1
2908 3828 1
5774 462 1
462 1014 1
1252 409 2
2867 5062 1
5062 3310 1
1687 2158 3
2158 4907 1
4907 4546 1
4546 5506 1
5506 2867 1
2867 2985 2
2867 1252 1
5666 1714 1
1714 4901 1
4901 3406 1
3406 2426 1
2426 3478 1
3478 1014 1
1695 1290 1
1290 2867 3
2867 841 1
268 2704 1
2704 1098 1
3697 4515 1
4515 3760 2
3760 5457 1
5457 1161 1
1161 1290 1
1290 1098 1
1098 2768 1
2691 2333 1
2333 271 1
271 1098 1
409 3829 1
3829 2110 1
2110 2886 1
2397 519 1
519 1712 1
1712 239 1
239 2867 1
3481 2302 1
4411 329 1
329 238 1
238 5229 1
4793 271 1
983 340 1
340 271 1
1877 268 1
268 2814 1
2867 3999 1
3999 1014 1
2289 802 1
802 2962 1
1014 2814 1
1572 5285 1
5285 271 1
622 1376 1
1376 4564 1
4564 5433 1
5433 142 1
142 1572 1
268 338 1
1687 1877 1
1877 5668 1
5668 4599 1
2867 976 2
976 1877 1
1877 360 1
360 2512 1
2512 1572 1
3570 1014 2
268 4535 1
4535 3301 2
3301 5673 1
5673 1 1
1 5778 1
2512 5344 1
5344 4278 1
1621 3469 1
3469 2487 1
2487 1586 1
1586 2366 1
2366 1572 1
976 5635 1
5169 571 1
571 5666 1
5785 4197 1
4197 5774 1
4758 5032 1
5032 2487 1
2487 3042 3
3042 2683 1
2683 930 2
930 5344 1
5344 4316 1
4316 1879 1
1879 4880 1
4880 949 1
987 5625 1
1892 3840 1
3840 1584 1
1584 941 1
941 867 1
867 3843 1
3843 2659 1
2659 5666 1
5053 5008 1
5008 1704 1
949 2512 1
2512 693 1
693 2879 1
2879 1210 1
1210 2712 1
2712 3242 1
1572 3982 1
3982 3310 1
864 349 1
5719 1149 1
1149 1572 1
1572 1600 1
1600 2337 1
622 2907 1
2907 1718 1
1718 3433 1
3433 1687 2
1687 462 1
462 2236 1
2236 732 1
732 2953 1
2953 340 1
340 2879 1
2879 1875 1
1723 268 1
5350 5639 1
5639 4590 1
4590 3798 1
3798 5043 1
2345 2879 1
2879 565 1
1472 5049 1
5049 2366 1
2366 1 2
1 69 1
1014 310 1
310 2867 4
4528 1514 1
1514 2879 1
5043 1267 1
1267 4439 1
2879 3676 1
3676 3640 1
5350 2641 1
4689 2691 1
2236 875 1
875 1572 1
1572 2344 1
2344 2641 1
2487 5440 2
5440 2879 1
2879 1014 1
4910 1052 1
1052 1014 1
1014 1563 2
1563 5237 2
5237 976 1
976 1683 1
1683 1695 1
1695 373 1
373 1721 1
1721 3227 1
3227 2110 1
2110 2985 1
2985 1892 1
5358 5778 1
5778 2499 1
2499 1679 1
1679 5350 1
268 939 1
1235 4942 2
271 1610 1
1610 5785 1
5785 2919 1
2919 3363 1
3363 990 2
2482 1177 1
1177 4791 1
4791 1572 1
585 2649 1
2487 4767 1
4767 1161 1
2972 2814 1
2302 102 1
102 4490 1
4490 2110 1
2110 4599 1
5666 1045 1
1045 2158 1
2158 5610 1
5610 5554 1
5554 3080 1
3080 2487 1
2487 2183 1
2183 1093 1
5785 61 1
61 5224 1
5224 2657 2
3138 1119 2
1119 2966 1
2966 1230 1
937 1048 1
5224 5666 1
4911 979 1
979 5778 1
2292 2578 1
2578 2831 1
2831 5785 1
268 3921 1
3921 3363 1
5668 4244 1
4244 2691 1
2691 360 9
360 4745 1
4745 5666 1
1254 1235 1
4184 3570 1
4184 5774 1
2487 115 1
115 3699 1
5666 2995 1
2995 2487 1
2487 3139 1
3139 2302 1
1 5087 6
5087 360 1
360 423 1
423 5785 1
1096 404 1
404 2302 1
5118 1230 1
5785 611 1
611 5133 1
4771 1621 1
1621 1812 1
1812 1161 1
1161 1584 1
5169 864 1
5785 4522 1
4522 4439 1
4439 4974 1
4974 40 1
40 585 1
585 5114 1
5114 268 2
268 1052 2
1052 4907 1
4907 580 1
580 937 1
937 5258 1
299 280 2
280 1547 1
1547 271 1
1254 1 1
271 148 1
148 1290 1
5774 5569 2
5569 3570 1
2868 2513 1
2513 75 1
75 2302 1
516 2487 1
2487 2399 1
2399 2027 1
5785 3267 1
3267 1230 1
5043 2399 1
2399 5279 1
5279 2213 1
2213 280 2
280 282 1
282 75 1
2513 1532 1
1532 5258 1
5258 875 1
875 5508 1
5508 1572 1
1290 2704 1
2704 5593 1
5593 635 1
2269 478 1
478 1687 1
4535 5512 1
5512 790 1
5043 268 7
5564 2236 1
4753 268 1
268 5659 2
5659 2657 1
2867 3880 1
1093 1653 1
1653 4515 1
4515 423 1
423 1 1
1052 1572 1
1572 2000 1
2000 1687 1
2091 2289 1
2289 584 1
455 5258 1
580 2486 2
2486 4952 1
4952 1695 1
2867 4176 2
4176 268 3
268 2835 1
2835 5785 1
5785 1720 2
1720 5438 1
5438 1572 2
3122 268 1
268 149 1
149 1290 1
1290 2109 1
2109 465 1
465 1687 1
2867 853 1
853 2236 1
2236 3853 1
3853 1687 1
1695 5015 1
5015 268 1
268 1664 1
1664 1290 1
2236 2778 1
2778 1572 1
2867 2962 2
2962 271 2
2867 73 1
73 3534 1
4856 4710 1
4731 3685 1
1687 2213 1
271 1548 1
1548 1572 1
1572 2511 2
2511 3999 1
3999 2867 2
2867 4237 1
4237 5049 1
2737 4439 1
4439 1260 1
4535 4943 1
4943 2037 1
2037 1014 1
5049 2489 1
2489 1572 1
5774 5018 1
5018 937 1
937 4699 1
4699 896 1
896 1572 1
3880 3593 1
271 6 1
6 5785 1
5666 3570 2
3570 2513 1
5263 2302 1
516 5018 1
5018 5349 1
5349 3827 1
3827 3302 1
3302 5630 1
5630 533 1
533 888 1
888 5269 1
5269 1572 1
622 1252 7
2269 4366 1
4366 2391 1
2391 1014 1
1014 5049 2
5049 5316 1
5316 5785 1
2736 4515 1
4515 4362 1
4362 589 1
589 4439 2
1572 355 2
355 3313 1
3313 559 1
559 1712 1
2737 5785 2
3844 271 2
1662 5785 1
1177 5087 1
5570 268 1
268 4633 1
2176 4725 1
3310 926 1
2018 1 1
3697 3310 1
3310 4482 1
4482 1541 1
1541 1097 1
1097 1235 1
1235 1598 1
1598 5785 1
1406 650 1
4439 2349 1
2349 2020 1
2020 1322 1
1322 4439 1
4439 5508 1
5508 2375 1
5258 5592 1
5592 1937 1
1937 2632 1
1193 5173 1
5173 622 2
622 694 2
694 340 1
340 622 1
622 5625 2
2302 4169 3
4169 271 1
3519 271 1
484 4692 1
4692 5751 1
1572 1283 1
1283 1284 1
1284 1572 1
1161 2431 1
2431 2765 1
2765 1832 1
1832 1755 1
1755 3120 1
3120 914 1
914 5785 1
5785 2455 1
2455 5173 1
694 1572 1
1572 3360 1
3360 1572 1
1230 304 1
5440 5712 1
5712 2032 1
2032 1692 1
1692 235 1
235 5791 1
5791 5085 1
5085 4439 1
5169 4490 1
1572 1525 1
5237 5509 1
5509 4546 1
4546 5508 1
5508 268 1
268 3724 2
2302 5239 1
5239 1161 2
1161 5509 1
5509 1892 1
1892 2908 1
2908 2615 1
2615 194 1
194 963 1
963 4885 1
4885 1892 1
1892 483 1
483 994 1
994 1531 1
1531 1041 1
1041 5555 1
5555 1811 1
1811 5748 1
5748 268 1
268 2861 2
2861 729 1
729 1302 1
1302 2985 1
2985 1100 1
1100 1038 1
1038 2318 1
2318 359 1
359 271 1
1974 3462 1
3462 1892 1
1892 2476 2
2476 1860 1
1860 1290 1
1290 1859 1
1859 5191 1
5191 233 1
233 1041 1
1 2597 1
2597 294 1
294 2985 1
5778 1235 1
2814 3008 1
3008 1489 1
1489 957 1
957 5558 1
5558 3673 1
3673 554 1
554 1572 1
622 487 1
487 233 1
233 4942 1
4942 3008 1
3008 5785 1
1406 1893 1
1893 1041 1
1041 277 1
277 2290 1
2290 487 1
487 1974 1
1974 308 1
308 1041 1
1041 472 1
1572 1805 1
1805 1 1
1 2562 1
2562 3365 1
3365 1151 1
1151 2302 1
4453 4781 1
4781 571 1
571 4737 1
4737 268 1
268 2597 1
2597 271 1
271 4252 1
4252 5303 1
5303 963 2
4833 271 1
2814 5303 1
963 949 1
949 4203 1
4203 990 1
990 2987 1
2987 2985 1
2985 4535 1
4535 5085 1
5085 943 1
943 2562 1
2562 1970 1
1970 4709 1
4709 1572 1
1572 1942 1
1942 1290 1
1290 1303 1
1303 1572 1
1572 4441 1
4441 1 1
1 1235 1
1235 942 1
942 3807 1
2730 503 1
503 963 1
963 1254 1
1254 5562 1
5562 2951 1
2951 1 1
1 1489 6
1489 3210 1
5635 1302 1
1302 1572 2
2409 4121 1
1974 5785 1
268 5344 2
5344 2302 1
2302 3517 1
3517 1687 1
1687 1974 1
1974 1695 1
304 2814 1
2814 4737 2
4737 2481 1
2481 2302 1
5785 2002 1
2002 1290 1
2868 1161 1
1161 5635 1
2597 4549 1
2861 2269 1
268 4162 1
4162 4737 1
4737 1695 2
1695 2983 1
2983 4851 1
4851 1827 1
1827 622 1
622 3094 1
3094 2002 1
2002 1572 1
1572 751 1
751 2302 1
622 1984 1
1984 4439 1
360 5303 1
1572 1852 1
1852 1302 1
1302 1602 1
1602 233 1
233 2482 1
2482 4439 1
4439 1989 2
1989 3750 1
3750 1235 1
1235 4737 1
4737 5785 2
5785 2584 1
2584 4942 1
4942 3637 1
3637 1572 1
2251 826 1
826 2302 1
360 5778 8
5778 4914 1
4914 1696 1
1696 2515 1
2515 637 1
637 1584 1
1584 1974 1
1974 1572 2
1572 497 1
497 2481 1
2481 5311 1
5311 4737 1
4737 4515 1
4515 343 1
343 930 1
635 379 1
379 5106 1
5106 5783 1
5783 554 1
554 5237 2
5237 554 2
5237 1922 1
1922 2868 1
1572 5310 1
5310 5114 1
2814 5114 2
5114 1161 1
1161 4515 1
4515 2927 1
2927 4737 1
4737 5468 1
5468 1572 1
1572 3377 1
3377 5538 1
5538 5259 1
5259 5635 1
2197 2879 2
2879 4731 1
4731 480 1
480 5087 1
5087 5350 2
5350 2138 1
2138 5538 1
5538 1572 2
1572 1332 1
1332 4439 1
5785 1163 1
1163 304 1
304 4332 1
4332 955 1
1572 1584 4
1100 675 1
675 102 1
102 1263 1
1263 4439 1
4515 4348 1
4348 1892 1
1892 5043 2
1252 4125 1
4125 1290 1
2868 3281 2
3281 1695 1
2879 5693 1
5693 4386 1
4386 2037 1
2868 5731 1
5731 5382 1
5382 2868 1
2868 360 2
360 4596 1
4596 2985 1
4181 1572 1
1572 5337 1
5337 1572 1
5350 1598 1
1598 1921 1
5785 2376 1
2376 5237 2
1532 5237 2
1849 5774 4
5778 2993 1
2993 5258 1
5785 714 1
714 2578 1
2578 5785 1
979 2868 1
2868 5008 4
2773 1572 2
5043 3872 1
3872 1687 1
1687 4515 1
4515 910 1
910 5666 1
1352 3697 1
4411 1915 1
1915 3455 1
3455 2879 2
1572 5220 1
5220 1 1
1 4658 1
4658 4181 1
4181 2487 1
3234 1738 1
1738 1584 1
1584 2868 1
2868 813 2
813 1093 1
1235 2896 1
2896 5588 1
5588 1572 2
1572 2724 2
2724 5785 1
4758 2586 1
2586 2302 1
4515 2136 1
2136 1695 1
4174 2236 1
2236 1119 1
1119 2111 1
2111 2871 1
2871 1695 1
5785 4177 2
4177 5237 1
885 1361 1
1361 5237 1
4515 2773 3
2773 4348 1
4348 5774 1
282 965 1
965 214 1
214 5169 1
5169 4097 1
1572 3470 1
3470 4439 2
4439 2645 1
2645 2868 1
2868 1687 2
1687 4346 1
4346 655 1
655 1602 1
1602 2868 2
2657 4346 1
4346 4710 1
4710 1661 1
1661 1481 1
1481 3144 1
4398 2028 1
2028 4633 1
4633 948 1
2867 3443 1
3443 5620 1
5620 5237 1
340 3120 1
3120 3994 1
3994 5785 1
5666 1328 1
1328 2302 1
3699 4751 1
4751 5030 1
5030 2657 1
833 2587 1
2587 5785 1
3120 843 1
843 2868 1
2868 404 1
1290 4411 2
4411 3332 1
3332 1687 1
1687 1100 4
1 4348 1
4348 75 1
75 1290 1
5053 2868 1
2868 3633 1
3633 5785 1
2302 4783 2
4783 4968 1
4968 1 1
4453 4551 1
4551 4092 1
4092 5785 1
2302 4604 1
4604 5229 1
5229 2868 2
2868 4731 1
4731 2481 1
2481 3455 1
3455 2236 1
4411 292 1
2375 3992 1
3992 2376 1
2376 5785 1
2269 2302 1
5237 300 1
300 2324 1
2324 1 1
4009 1092 1
1092 987 1
1572 835 1
835 2657 1
5237 1439 1
1439 5350 1
2289 1251 4
1251 5237 1
2487 4681 1
4681 2069 1
2069 2027 1
2027 5666 1
3162 930 1
930 2115 1
2115 3162 1
3162 3528 1
3528 1252 1
1252 2236 1
2236 2192 2
2192 2487 1
2362 5785 2
5785 2115 1
2115 2362 1
4077 5257 1
5257 4446 33
4446 5043 1
1252 4686 1
2302 3641 2
3641 528 1
528 5785 1
5211 2994 1
2994 5043 1
1561 3029 1
3029 2829 1
2829 3162 1
3699 4077 1
4077 2994 1
2994 2302 1
2302 3173 1
3173 3162 1
3162 2067 1
2067 5602 1
5602 177 1
2189 1952 1
1952 3672 1
3672 2691 1
2691 2608 2
2608 5132 1
5132 2513 1
2513 5274 1
5274 2683 1
1235 4648 2
177 2269 1
259 2853 1
2853 3302 1
3302 554 1
554 949 1
949 835 2
835 5169 1
2355 5066 1
1209 480 1
480 1584 1
1584 2660 1
2925 3138 1
3138 4910 1
4910 3162 1
4686 5114 1
4458 2814 1
2814 3167 1
3167 268 1
268 4276 1
4276 1572 1
1572 588 2
588 5388 1
5388 1692 1
1692 5388 1
5388 2691 1
2691 2564 6
2564 1625 1
1625 4480 1
4480 5066 1
1209 271 1
271 58 1
58 4405 1
4405 2985 1
2985 5625 1
1561 930 2
5785 4751 1
4751 5824 1
5824 3919 1
3919 2867 1
976 5388 1
5388 2985 3
2985 2830 1
2830 5258 1
4529 777 1
777 1572 1
268 3068 1
3068 2867 1
2661 2657 1
3570 4024 1
4024 1451 1
1451 1927 1
1927 1572 2
5388 360 1
360 4592 1
4592 271 1
271 5619 1
5619 5584 1
5584 2488 1
2488 833 1
833 4956 1
4956 2302 1
268 4710 2
4710 40 1
1209 1221 1
1221 3063 1
864 1290 1
2454 580 2
5053 1572 1
2197 1096 1
1096 479 1
479 2487 1
2487 3343 1
3343 2027 1
1119 4910 1
4910 5625 1
2814 2608 1
5132 3162 1
3162 3955 1
3955 5785 1
1119 2657 1
1695 268 2
3120 1249 2
1249 5785 2
5785 3896 1
3896 271 1
2018 3011 1
1474 4967 1
4967 5769 1
5769 5785 1
2409 5032 1
5032 1 1
5169 5529 1
1209 3120 2
488 1 1
936 5774 1
5173 5785 2
2269 4599 1
4599 3310 1
3310 340 1
340 4439 1
4439 5610 1
5610 5666 1
1 786 2
786 1252 5
1252 5066 1
5066 44 1
44 2487 1
2487 3639 1
3639 2027 1
2027 1290 1
2236 5355 1
5355 271 1
116 5257 1
5257 5785 1
2867 5564 1
5564 1445 1
1445 1572 1
1119 4528 1
4528 1555 2
1555 3310 2
3310 1892 3
2364 5118 1
5118 5237 2
5237 3880 2
3880 1290 1
4453 1685 1
1685 5785 1
5785 4897 1
4897 3120 1
3120 2555 1
2555 5785 1
4535 3818 1
3818 1572 1
1572 1217 1
1217 3582 1
4633 2992 1
2992 4348 1
4348 271 1
1572 709 1
709 5258 1
2879 1950 2
4745 5049 1
5049 2657 1
2657 2691 2
1177 2556 1
268 2209 1
2209 5505 1
5505 2487 1
3234 188 1
188 2868 1
2868 4398 2
4398 4171 1
1695 367 1
367 2158 1
2158 304 1
304 2868 3
2868 599 1
599 5666 1
5666 5821 1
5821 5774 1
5043 1301 1
1301 5666 1
1313 937 1
937 4324 1
4324 5237 1
5237 2691 1
2236 4572 1
2486 2683 1
2683 2114 1
2114 4317 1
4317 3413 1
3413 2691 1
360 1695 1
2879 1080 1
1080 5666 1
979 5666 2
5666 3624 1
3624 5237 1
5237 3197 2
3197 5785 2
4317 622 1
622 1045 1
1045 3641 1
4668 2487 4
1313 2649 1
2649 2985 1
528 5258 1
5785 740 2
740 5561 1
5561 3683 1
3683 554 1
5043 3594 1
3594 5229 1
2487 649 1
649 1695 1
1695 4423 3
4423 696 1
472 121 1
121 3024 1
3024 4398 1
4398 5043 1
5785 2286 1
2286 2419 1
2419 4515 1
4515 2233 1
2233 1254 1
1254 2364 1
1713 1681 2
1681 4439 1
4439 5114 1
5569 5350 2
5350 3027 1
3027 4398 1
1572 3975 2
3975 3153 1
3153 2503 1
2503 126 1
126 4668 1
4668 3807 1
5630 4138 1
271 2900 1
2900 3274 1
3274 2868 1
4411 5125 1
5125 1290 1
1290 1924 1
1924 1572 5
3992 1582 1
1582 2326 1
2326 5066 1
841 2637 1
2637 5668 1
2487 661 2
661 5132 1
5132 4535 1
4535 5785 1
5785 5025 1
2879 5747 1
5747 4348 1
4348 2632 1
5133 2487 1
5114 3593 1
3593 635 1
635 5785 3
1464 1225 1
1225 1206 1
1206 1572 2
5132 1251 1
1808 919 1
903 1808 1
1843 502 1
502 4901 1
4901 5785 1
585 742 1
742 5668 1
2867 2204 1
2204 5505 1
5505 2437 1
2867 2683 1
5666 3871 2
3871 2613 1
2613 2278 1
2278 876 1
876 177 3
2236 5666 1
1252 2269 2
2879 5237 1
5237 3779 1
3779 5785 1
5785 5049 5
5049 528 1
528 3138 1
3138 1892 1
2269 5237 2
5237 2994 1
2994 5785 4
5757 2484 1
2484 4453 1
4453 2691 2
2564 116 1
116 117 1
117 2869 1
2869 5785 1
5043 3536 1
3536 5097 1
5097 271 1
271 1069 1
1069 786 1
635 2315 1
2315 4243 1
4243 1630 1
1630 268 1
2269 930 2
937 5774 1
5774 3806 1
3806 5666 1
833 4446 1
4446 5774 2
5774 4751 5
4751 2505 2
2505 5043 1
1252 5118 1
5118 2189 1
5666 4599 2
4599 4573 1
4573 310 1
268 3871 2
3871 1563 1
2867 3991 1
3991 2867 1
40 4910 1
4910 2487 1
2487 4514 1
4514 5785 1
5043 5096 1
5096 841 2
1177 1643 1
1643 5785 1
4016 5774 1
1561 2314 1
2314 5348 1
5348 4446 1
4446 5348 1
5348 5785 1
5785 2484 1
2484 1177 1
3162 5669 1
5669 4686 1
4686 40 1
40 4546 1
4546 387 1
387 2302 1
1119 1695 1
1695 235 5
235 1954 1
1954 1251 1
1572 5229 2
5229 4270 1
4270 5169 1
5169 5011 1
5011 1892 1
2868 4899 1
4899 3375 1
3375 2868 1
2868 1271 1
1271 2327 1
2327 5008 1
5727 1572 1
4567 1843 1
1843 1 1
1808 2278 1
2278 2868 1
2868 2702 1
2702 2868 1
2868 4942 1
4942 4596 1
4596 4708 1
4708 1572 2
1572 1908 1
1908 1695 2
1695 1457 1
1457 1 1
5785 487 1
487 2607 1
2607 1695 1
1695 2714 1
2714 472 1
472 4134 1
4134 4439 1
4439 3336 1
3336 5482 1
5482 1572 1
1572 5538 1
271 3683 1
3683 5774 1
5774 1950 1
1950 2289 1
2289 177 1
177 3639 1
3639 4873 1
1572 485 1
485 2302 1
5237 1176 1
1176 2896 1
2896 5540 1
5540 5785 1
1252 3029 1
2269 1561 2
1561 2487 2
1625 2691 1
2564 2632 1
2109 3587 1
3587 1950 1
5774 2375 1
4771 2236 1
1156 5785 2
235 903 1
903 3959 1
3959 5169 1
4771 2657 2
5442 3192 1
3192 1205 1
1205 4901 1
4901 5008 1
2482 3455 1
2879 3455 1
3455 76 1
1848 1 1
1 1260 2
1260 2867 1
4181 4118 1
4118 503 1
503 2289 1
5173 1632 1
1632 4708 1
4708 3276 1
1572 5173 1
5173 1398 1
1398 735 1
735 2302 1
5785 3682 1
3682 528 1
528 5114 1
5114 2985 2
2985 2814 2
2985 1161 1
3968 5257 1
5257 3525 10
3968 4584 1
4584 1572 3
3968 2166 1
2166 1572 1
3968 2222 1
2222 1161 2
1695 2632 3
2632 194 1
2879 4181 1
4181 2868 1
268 2653 1
2653 271 1
5358 2375 1
2375 1950 1
5049 1052 1
1052 5610 1
5610 2879 1
5785 2929 1
2929 528 1
5785 5798 1
5798 937 1
937 1300 1
1300 2996 1
2996 2879 1
1 2328 1
2328 5785 1
5785 2879 6
2879 4933 2
4933 2691 1
2236 4557 1
4557 5043 1
268 4557 1
4557 4771 1
4771 5666 1
5666 5536 2
5536 259 2
5722 4553 1
4553 271 1
4009 5722 1
5722 835 1
835 3697 1
2879 4316 1
2236 4146 1
4146 2691 1
2691 2067 1
2067 5206 1
5206 1572 1
1572 4024 1
4024 594 1
594 5774 1
5774 5183 1
5183 1 1
1 2879 3
2879 4710 1
2487 4061 1
4061 2632 1
1252 5673 1
4535 1695 1
4423 271 1
3120 3964 1
3964 3137 1
3137 355 1
355 661 1
661 4535 1
4535 1290 1
1290 5133 3
4771 5785 1
4758 502 1
4515 4391 1
4391 1695 1
304 1045 1
2236 5482 1
5482 1106 1
1106 4510 1
4510 3954 1
3954 3162 1
3162 5118 1
5118 5132 1
3879 2292 1
841 1 1
1 304 1
304 5169 3
5169 2454 1
2454 5169 1
5169 3871 1
3871 4439 1
5774 3162 1
3162 502 1
5032 1572 2
5442 2867 1
1555 2358 1
4535 4515 1
1628 5118 1
4051 2985 1
740 2302 1
2302 2046 3
2046 4543 1
4543 3683 1
3683 2608 1
1096 4686 1
5778 1096 1
1096 3560 1
3560 271 1
4911 5785 1
1096 3658 1
3658 2867 1
2867 2322 1
2322 1572 1
1572 3804 1
3804 2691 1
360 4686 1
4633 3062 1
3062 1290 2
2236 373 1
373 1 2
2487 4051 3
4051 4901 1
4901 5569 1
5785 2590 1
2590 3987 1
3987 3310 1
3310 5785 1
5785 3315 1
3315 2867 1
1572 3606 1
3606 948 1
5785 2076 1
2076 5043 1
1132 194 1
194 5337 1
5337 4453 1
4453 3758 1
3758 1572 1
5169 1602 1
1602 5785 1
2487 1687 3
5666 1233 1
1233 3310 1
3310 1246 1
1246 2375 1
2867 4759 1
5785 5343 1
5343 5049 1
5075 271 1
864 2657 2
2302 3544 1
3544 5785 1
5785 3343 1
3343 1161 1
1161 5075 1
5075 1572 2
2868 5287 2
5287 5133 1
5133 2236 1
2192 1121 1
1121 5133 1
5785 2968 1
2968 2076 1
2076 948 1
2867 3618 1
3618 4439 1
1572 1921 1
1921 4926 1
4926 2867 1
2867 5045 1
5045 2969 1
2969 2657 1
5287 5785 2
5785 4291 1
4291 4398 1
1572 1404 2
1404 2985 1
2985 5327 1
5327 5785 1
2269 3667 1
3667 360 1
5043 5237 2
5237 1563 2
1563 4758 1
4758 1572 1
5274 5118 1
5118 1572 1
1177 5774 1
2879 5757 1
5757 5025 1
5025 5668 1
5015 5785 1
979 2985 1
4181 2657 1
2867 585 1
585 5570 1
5570 5358 2
5358 2691 1
2691 3885 1
3885 310 1
310 2886 1
5040 1718 1
1718 271 3
2867 439 1
2704 5335 1
5335 2867 1
2867 2095 1
2095 3640 1
3640 1 1
1 3480 3
3480 2992 1
2992 2867 1
4941 5668 1
268 5440 1
5440 2867 1
2867 1977 1
1977 4316 1
271 1712 4
1712 1499 1
1499 3534 2
5785 2476 1
4069 3867 1
3867 1713 1
1681 2867 1
2867 3606 1
3606 2597 1
2302 4245 1
4245 3310 1
1674 1892 1
1892 2691 1
2691 4181 1
4181 4795 1
5666 2364 1
2364 4887 1
4887 1572 3
1572 4887 1
4887 3120 1
3120 5563 1
5563 554 1
1096 3676 2
3676 404 1
2236 5631 1
5631 271 2
5066 222 1
222 1695 1
235 5774 1
5774 5066 2
5066 4746 1
4746 1572 1
3444 5224 1
2487 4629 1
4629 5668 1
2487 3871 2
3871 4277 2
4277 580 2
580 5635 1
3550 3640 1
3640 5066 1
5066 3869 1
3869 1572 2
5791 5237 1
1561 1 1
1 5666 4
268 943 1
943 5287 1
5287 622 1
5774 1066 1
1066 5566 1
5566 5815 1
5815 5229 1
5229 3899 1
3899 1235 1
2814 2753 1
2753 2691 1
1892 1931 1
1931 5785 1
1561 5258 1
5066 4386 2
4386 2476 1
2476 2513 1
259 1254 2
1254 2935 1
2935 1014 7
1014 4910 2
280 5237 1
310 1561 2
1561 2867 2
2867 1698 1
1698 2888 1
2888 1014 1
1532 2867 1
4731 1357 1
1357 5785 1
5237 1175 1
1175 5832 1
5832 1177 1
5785 1491 1
1491 2637 1
2637 3474 1
3474 983 2
983 2683 1
1236 5043 1
310 1572 1
5785 2527 1
2527 1572 1
1572 2637 1
2637 5625 1
2590 2867 3
2867 2935 1
2935 5237 1
5132 948 1
948 4668 1
4668 5666 1
5169 813 1
2867 1339 1
1339 5237 1
5237 664 1
5237 2935 2
268 3131 1
3131 5173 1
5785 736 1
736 271 1
4458 5482 1
5482 5785 1
333 4515 1
4515 5482 1
5482 1045 1
5169 5774 2
268 2497 1
2497 2657 1
2657 3877 1
3877 5169 1
4771 5410 1
268 2804 1
2804 5774 1
5774 1695 1
1695 5169 2
4771 5026 1
5026 3742 1
3742 4381 1
4381 1572 1
1572 532 1
532 2513 1
2513 2487 2
5237 5756 1
833 4751 1
4751 4570 1
4570 790 1
790 2683 1
5564 5756 1
5756 5237 1
5237 1621 1
2608 2657 2
2657 3565 1
1808 1372 1
1372 2691 1
2564 4360 1
4360 5258 1
4386 5114 1
2632 5237 3
5237 2632 2
2632 5785 1
2564 937 1
4689 3617 1
3617 5049 1
2289 3212 1
3212 5631 1
2236 5075 1
1572 4269 1
4269 1849 1
1252 1313 1
1096 1233 1
1233 5110 1
5110 932 1
932 2487 1
1572 3871 1
3871 2302 1
2302 3550 1
3550 4277 1
4656 4910 1
5510 4942 1
955 2608 1
5774 5324 1
5324 2882 1
2882 259 1
259 2269 3
2269 3428 1
4910 1802 1
1802 4863 1
4863 2302 1
3372 5087 1
1290 4924 1
4924 1098 1
1098 2487 2
3005 1 1
1 268 1
5569 2868 1
2868 3999 1
3999 1290 1
1290 4162 1
4162 3652 1
3652 310 1
310 937 1
2487 603 1
603 2608 1
5774 3612 1
3612 1572 1
1572 3566 1
3566 5785 2
5785 688 1
688 1584 1
1584 5075 1
5075 2867 1
580 1769 1
1769 841 1
841 1052 1
1193 268 1
5778 5510 1
5510 5635 1
3550 3437 1
3437 5169 1
2657 1235 2
4327 4162 1
2181 5255 1
5255 4446 1
4446 1319 1
1319 2867 1
4515 2844 1
1385 1954 1
1954 3871 1
3871 1950 1
5774 2269 3
268 1954 1
1954 4758 1
4758 2540 1
2540 1018 1
1018 2868 1
4515 1005 1
1005 1687 1
1687 2028 1
2028 1572 1
4599 2868 2
5668 2868 1
2868 3904 1
3904 1235 1
1235 5059 1
5059 4997 1
4997 622 1
622 229 2
955 5683 1
5683 5627 1
5627 5589 1
5589 4747 1
4747 1572 1
2879 1642 1
1642 194 1
5630 1287 1
1287 2036 1
2036 5169 1
5169 1235 3
5132 3433 1
1 222 1
222 2867 1
4600 5350 1
5350 2745 1
2745 2289 1
4932 5258 1
1695 4893 1
4893 50 1
50 1 1
1 5169 4
5078 272 1
272 739 1
739 559 1
559 5173 1
5173 1722 1
1722 3250 1
3250 2867 1
268 2811 1
2811 3120 1
3120 5524 1
5524 1 1
1 3937 1
3937 2226 1
2226 2763 1
2763 3863 1
3863 2867 1
2867 466 1
466 4688 1
4688 3120 1
3120 524 1
524 2867 1
2867 2575 1
2575 272 1
272 1572 1
1572 854 1
854 3407 1
1687 5510 1
5510 4735 1
5737 5043 1
235 2868 1
2868 4679 1
4679 1947 1
1947 1714 1
1714 1873 1
1873 271 1
2476 4350 1
4350 43 1
43 1572 1
2144 4022 1
4022 5785 1
5785 1625 2
1625 5649 1
5649 833 1
4439 2212 1
2212 32 1
32 2642 1
2642 2608 1
2608 2192 1
2192 2236 1
2236 1687 1
4764 5785 1
2487 2867 1
2867 1594 1
1594 3133 1
3133 5509 1
5509 2642 1
2642 271 1
3080 2657 1
2649 502 1
5032 502 1
502 1594 1
1594 5350 1
2269 1071 1
1071 5087 1
5087 930 1
2867 5343 1
5343 1 1
5237 1372 1
2289 5026 1
5026 2236 1
2236 3640 1
2699 1397 1
1397 2075 1
2075 1572 1
1572 2989 1
2989 5237 1
5237 1687 1
1687 2642 1
2642 2302 1
2302 5509 2
5509 2691 1
3466 4535 1
5043 1500 1
1500 635 1
635 5666 3
1563 1041 1
5785 5191 1
2193 2649 1
2649 930 2
930 2657 2
2487 1118 1
1118 5668 1
5043 5361 1
5361 554 1
554 5563 1
268 878 1
878 2608 1
5781 5043 1
3674 502 1
502 1252 1
1252 3449 1
3449 4069 1
4069 5073 1
5073 4448 1
4448 5774 1
2487 1132 1
1132 2640 1
2640 5547 1
5547 2393 1
2393 2814 1
2814 5337 1
5337 5237 1
1096 2972 1
2972 310 1
310 5229 1
5229 2487 3
2487 173 1
173 5191 1
2193 3310 1
3310 4153 1
4153 1119 1
1119 1808 1
5666 1954 2
1954 3436 1
3436 5785 1
5350 4300 1
4300 3661 1
3661 2043 1
2043 3837 1
3837 4655 1
4655 622 2
3629 502 1
502 1572 1
1695 1100 1
1235 2550 1
580 1259 1
1259 2375 1
2375 312 1
312 1572 1
1572 1620 1
1620 3315 1
3315 502 1
1843 2867 1
2867 2771 1
2771 5666 1
3871 1584 1
1584 794 1
794 5745 1
5745 2786 1
2786 5666 1
5666 1525 1
1525 2867 1
2867 421 1
421 5147 1
5147 1290 1
1290 2699 1
2867 76 1
5394 188 1
2691 793 1
793 2691 1
2691 5055 1
5055 1280 1
1280 2691 1
4535 4453 1
4515 3442 1
3442 1572 1
3137 622 1
5774 5565 1
5565 5785 1
5785 3968 1
3968 4536 1
4536 1695 1
5785 645 1
2236 66 1
66 2487 1
3582 304 1
304 4886 1
4886 4213 1
4213 2867 1
589 5662 1
5662 5257 1
4446 271 1
4458 920 1
920 1489 1
1489 272 1
272 3018 1
3018 2302 1
2302 4849 1
4849 4968 1
4968 1695 1
235 2649 1
2487 4024 1
4024 1572 1
4007 4212 1
4212 943 1
1695 5345 3
5345 589 1
589 5257 1
4446 747 1
747 949 1
4184 4515 1
4515 4398 1
4398 4412 1
4412 1572 1
1572 2311 1
2311 2302 1
2302 5133 2
5133 40 1
5237 127 1
127 998 1
998 5762 1
5762 1 1
2867 3944 1
3944 1235 1
1235 2710 1
2710 2190 1
2190 880 2
880 5785 1
5785 1618 1
1618 5237 1
5237 1618 1
1618 2683 1
635 4599 4
4599 2302 3
5774 4439 1
5337 5785 1
259 404 1
404 4547 1
4547 3146 1
3146 1695 1
5237 2949 1
2949 5785 1
5785 3728 2
3728 5666 1
1177 3828 1
5169 2501 1
2501 2996 1
1177 5284 1
5284 635 2
1625 1185 1
1185 5400 1
5400 5785 1
5774 635 3
268 3964 2
3964 2683 1
5087 3402 1
3402 5237 1
5237 3543 1
3543 2112 1
2112 2868 1
5008 3146 1
3146 4515 1
1572 5312 1
5312 2311 1
2311 3138 1
3138 5133 1
5133 4439 2
1712 4911 1
4911 5237 1
5237 3428 1
5785 3964 1
3964 5785 1
1561 3760 1
3760 2657 1
4599 1950 1
1950 2269 2
4599 4202 1
4202 1231 1
1231 1235 1
1235 3398 1
3398 1179 1
1179 5049 1
1252 4992 1
4992 1695 1
5237 930 2
622 4599 1
4599 5774 3
2269 695 1
695 2868 1
813 2178 1
2178 1650 1
1650 3144 1
3144 4985 1
4985 4579 1
4579 1692 1
1692 2896 1
2896 885 1
2867 758 1
758 813 1
813 5350 1
5350 4751 1
4751 3115 1
3115 844 1
844 2868 1
2868 1922 1
1922 1950 1
5049 622 2
4547 2358 1
1628 1621 1
1621 5785 1
4774 5169 1
5169 589 3
2176 4439 1
4439 3120 2
3120 4626 1
4626 406 1
1572 5687 1
5687 2027 3
2027 2487 4
2487 3276 2
3276 3992 1
3120 1244 1
5774 3777 1
3777 310 1
310 622 1
622 2879 2
2879 4363 1
622 948 1
4657 3623 1
3623 3729 1
3729 2868 1
2868 2985 1
2985 360 2
360 4564 2
4564 5774 1
3964 1572 1
268 4177 1
4177 2657 1
3120 4280 1
4280 2190 1
880 5666 1
5666 4528 1
2704 635 1
5774 194 2
2487 3346 2
3346 5344 1
1177 845 1
845 5666 1
3346 3753 1
3753 2641 1
2641 4202 1
4202 5132 3
5132 1230 1
3606 2691 1
5774 5668 1
5237 4069 1
4069 2683 1
2683 4689 3
2027 3398 1
3398 1000 1
1000 930 1
930 1230 1
5237 4015 1
4015 2137 1
2137 315 1
315 1572 1
5118 2632 1
5237 3398 1
3398 2487 2
2487 1078 1
1078 259 1
5169 3487 1
3487 841 3
3992 1695 1
259 3968 1
4535 5329 1
5329 112 1
112 5329 1
5329 4077 1
271 5123 1
5123 404 1
404 5666 1
5785 5065 1
5065 2814 1
1 675 1
675 4751 1
4751 1161 1
1161 5169 1
5169 2922 1
2922 3652 1
360 1572 1
1572 2744 2
4873 2683 1
5237 5169 1
5169 4202 1
5666 5257 2
4446 4291 1
4291 4515 1
1572 4180 1
4180 591 1
591 4584 1
4584 4771 1
4771 876 1
2236 4585 1
4585 2868 1
2868 227 1
227 1687 1
1687 2565 1
2565 5237 1
5237 3305 1
3305 2683 1
2683 2232 1
2232 2027 1
2027 5043 1
5043 2261 1
2261 4515 1
4910 5255 1
5255 4439 1
4439 5778 3
4668 2868 3
2868 4900 1
2867 2725 1
2725 1572 1
1572 3728 1
3728 2657 1
2867 2868 1
2868 3078 1
3078 3858 1
3858 2608 1
2608 3807 1
3807 3606 1
2868 1915 1
1915 2724 1
2724 2867 1
2867 3873 1
3873 5588 2
5588 1489 1
1489 3197 2
3197 2867 1
2867 2278 1
2278 1808 1
1808 1052 1
5625 5444 1
5444 2868 1
4599 556 1
556 2579 1
2579 1712 1
1712 2289 1
1251 2814 1
2814 5133 1
5133 930 1
1572 4573 1
4573 3525 1
3525 3264 1
3264 5132 1
5133 1712 1
1252 2737 1
5237 3127 1
3127 1532 1
1532 930 1
930 976 1
976 4360 1
4360 622 1
580 1582 1
1582 5258 1
2289 5132 2
5133 2657 1
5043 4069 1
4069 5043 1
5043 3931 1
3931 5666 1
5666 5350 1
5350 271 2
4458 3641 1
3641 2197 2
2197 2868 1
5785 3066 2
3066 1 1
5133 3867 1
3867 5453 1
5453 635 1
635 5034 1
5034 4277 1
4277 2867 1
3871 1 1
1 5635 1
1100 5683 1
5683 2487 1
3121 5564 1
5564 3905 1
3905 1041 2
1041 998 1
998 2112 1
2112 1532 1
1532 1849 1
1849 2608 1
2608 2176 1
2176 4584 1
4584 5237 1
1235 4656 1
4656 666 1
666 1290 1
1290 5482 1
5482 271 1
1278 4515 2
4515 5785 2
5049 4919 1
4919 491 1
491 2657 1
4177 1572 1
1572 5015 2
5015 409 1
409 635 1
635 2692 2
2692 5702 1
5702 5258 1
5785 930 1
930 268 1
268 1579 1
1579 3877 1
3877 5785 1
4758 3129 1
3129 1808 1
3728 2700 1
2700 2289 1
2302 484 1
484 271 1
3026 773 1
773 2151 1
2151 1100 1
1572 1974 1
1974 2302 1
4927 268 1
268 4933 1
4933 5828 1
5828 3137 1
3137 2400 1
2400 5666 1
5666 5535 1
5535 259 1
4554 5049 1
5049 4553 1
4553 1572 1
622 4483 1
4483 870 1
870 1209 1
1209 4546 20
4546 4107 1
4107 4439 1
4439 5672 1
5672 2241 1
2241 2657 1
2236 2897 1
2897 5666 1
5666 1978 1
1978 4087 1
4087 3480 1
2867 1144 1
1144 2241 1
2241 1045 1
1848 268 1
268 2415 1
2415 622 1
268 870 1
870 1572 1
1572 5664 1
5664 441 1
441 3640 1
2699 3639 1
3639 4213 1
4213 76 1
580 3170 1
3170 2657 1
2691 63 2
2513 2643 1
2487 2720 1
2720 2632 1
2632 1220 2
1220 4668 2
4668 1 1
4453 2289 1
2289 208 1
208 2484 1
2484 5668 1
3594 5169 1
5785 4521 1
4521 2985 1
2985 2612 2
2612 2972 1
2972 2353 2
2353 5668 1
5668 5562 1
5562 3353 1
3353 1156 1
1156 4439 1
4439 1156 1
1156 5555 1
5555 2289 1
2289 1521 1
1521 5666 3
5666 3120 1
3120 5449 1
5449 4439 1
4439 1119 4
5666 1054 1
1054 2006 1
2006 3324 1
3324 1572 1
1572 3453 1
3453 2289 1
2289 2985 1
2985 1193 1
1193 4858 1
4858 2676 1
2676 3066 1
3066 2289 1
4453 1252 2
1252 983 1
2289 5570 1
5358 1156 1
1156 2985 1
2985 1156 1
1156 2691 2
3885 2691 1
5269 2691 1
2691 1014 1
2486 3277 3
3277 2938 1
2938 2867 1
2867 1892 1
5569 1695 1
4628 3844 1
1662 1048 1
1045 2486 2
3664 2289 1
2289 5432 2
2868 4439 2
4439 2661 2
2482 4317 2
4317 1156 1
3885 3194 1
3194 4363 1
4363 2691 1
360 2289 4
2289 3874 1
3874 5169 1
5169 3992 1
3992 3646 1
790 1712 1
5237 1179 1
5785 4418 2
4418 4515 1
786 2476 1
2476 1014 1
1014 2621 1
2621 2683 1
2683 1849 2
1849 2867 1
5169 5539 2
5539 1892 1
1892 4926 1
4926 2957 1
2957 487 1
487 1302 1
1302 310 1
310 5774 4
5774 5824 2
5824 4202 1
2487 3919 1
3919 5666 1
2486 2699 1
2699 1714 1
1714 2513 1
2513 2604 1
2604 5224 1
5224 1978 1
1978 5666 1
5237 1075 1
1075 5118 1
5118 2649 1
194 1695 1
5774 1978 2
1978 1041 1
1041 4737 2
1177 460 1
460 2657 1
4911 5803 1
5803 5666 1
2487 1039 1
1039 4737 1
4737 3731 1
3731 1 1
1 3699 2
2302 5059 1
5059 2010 1
2010 1235 1
1235 1968 1
1968 26 2
26 1 1
1 4737 1
4737 310 1
310 26 1
26 2487 2
2487 1231 1
1231 5666 1
983 5237 1
5237 4751 1
4751 3760 1
3760 5053 1
268 1968 1
26 1695 1
983 261 1
261 1635 1
1635 5666 1
5666 5625 6
5625 4710 1
4710 1572 1
409 4758 1
4758 1695 1
1695 1932 1
1932 5484 1
5484 5142 1
5142 1306 1
1306 1430 1
1430 1290 1
4535 955 1
3904 1796 2
1796 1209 1
1209 1718 1
2289 757 1
757 1602 1
1602 4927 2
4927 1849 1
268 1796 1
1796 2985 2
5539 5824 1
5824 790 1
790 26 1
26 1085 1
1085 5666 1
5539 5625 1
1796 5666 1
5625 5779 1
5779 2487 1
268 5668 1
5668 2302 2
2106 5509 1
5509 786 1
786 5625 1
1052 5666 1
2487 1415 1
1415 472 1
472 268 1
268 962 1
962 3288 1
3288 1563 1
1563 3287 1
3287 2814 1
1572 1624 1
1624 1014 1
5087 3662 1
3662 3867 1
3867 3277 2
3277 151 1
151 1892 1
259 2935 1
3122 5045 1
5045 3867 1
3867 5669 3
5669 1572 1
4365 5621 1
5621 3277 1
3277 5563 1
5563 2683 1
1290 1566 1
1566 841 1
5258 5774 2
5774 2110 1
1230 41 3
41 5785 2
1625 5049 1
259 2868 6
2868 2632 1
2487 4044 1
4044 2632 1
2632 3138 1
3138 806 1
806 5108 1
5108 2632 1
2176 1739 1
1739 3162 1
3162 2632 1
937 3138 1
3138 1793 1
1793 271 1
5604 1621 1
1621 523 1
523 2302 1
2302 5669 1
5669 5049 2
1252 3120 1
3120 273 1
273 5785 1
5785 3911 1
3911 2697 1
2697 3277 1
3277 1454 1
1454 1561 2
268 4926 1
4439 3277 1
3277 5133 2
5133 883 1
883 5169 1
5169 2562 2
3356 930 1
930 2994 1
2683 833 1
833 271 1
983 3807 1
3807 1849 1
1849 4656 1
4656 5262 1
5262 1014 1
1014 2027 1
259 3662 1
3662 2364 1
2364 3292 1
3292 4528 1
4528 2052 1
3186 1252 3
1252 5252 1
5252 2676 1
259 5370 1
5370 1796 1
1796 5258 1
5258 4901 1
4901 651 1
651 259 1
1014 5430 1
5430 2302 1
2302 2052 3
2289 259 4
259 3598 1
3598 2677 1
2677 259 1
259 3306 1
3306 1 2
987 4639 1
4639 1695 1
2879 4277 1
4277 2683 1
5666 837 1
837 2236 1
3277 838 1
838 2867 1
2867 836 1
836 2562 1
2562 3811 1
3811 5136 1
5136 5344 1
3120 2867 1
2867 4079 1
4079 5258 1
2608 2632 2
2632 1741 1
1741 5502 1
5502 790 1
790 3277 1
3277 5066 1
5066 5043 1
1252 2006 1
2006 1663 1
1663 1695 1
1695 702 1
702 4894 1
4894 472 1
472 1621 1
1621 4599 1
4599 19 1
19 1712 1
1252 1638 1
1638 271 1
2608 2345 1
2345 3867 1
5669 1161 1
2253 310 1
5350 1454 1
3277 3980 1
3980 1 1
2867 2836 1
2836 5393 1
5393 1640 1
1640 1572 1
1572 2900 1
2900 1572 1
976 5785 1
2867 3277 1
3277 271 1
1003 4184 1
4184 1640 1
1640 2236 1
2236 3310 1
3310 3277 1
5133 2938 1
2938 1014 3
268 4799 1
4799 4439 1
193 2899 1
2899 1572 1
1572 5212 1
5212 1041 1
2289 2657 2
1848 3640 1
3640 619 1
619 2947 1
2947 2289 1
675 259 1
259 5659 1
5659 1584 1
5673 259 1
4535 800 1
800 2657 1
5169 2197 1
5785 510 1
510 1161 1
1161 2292 1
1177 5831 1
5831 4771 1
4771 3284 1
3284 5257 1
1572 5257 2
4446 1281 1
1281 584 1
584 271 1
271 3736 1
3736 4557 1
4557 1625 1
1625 3813 1
3813 3664 1
3664 5553 1
5733 5393 1
5393 1572 2
1572 145 1
145 4361 1
4361 2935 1
2935 2513 3
2513 3828 1
208 2646 1
2646 3690 1
3690 4515 1
4515 1052 1
1052 1628 1
1628 1695 1
2487 5228 1
5228 1713 1
1713 786 1
2867 855 1
855 1695 1
5049 4085 1
4085 3642 1
3642 1572 1
1572 1095 1
1095 2366 1
5785 2347 1
2347 5778 1
5778 2366 1
2366 5785 1
5512 1808 1
5132 600 1
5785 5081 1
5081 271 1
1572 4564 1
4564 2484 1
2484 5492 1
5492 142 1
142 5774 1
4077 3473 1
3473 5785 1
1695 1676 1
1676 2867 1
2867 1156 1
1156 4656 1
4656 259 2
259 2968 1
2968 2867 1
2867 5299 1
5299 5666 1
1096 5774 1
2482 268 1
4599 1572 2
949 4668 1
4668 1695 1
5350 1387 1
1387 5785 1
5785 4398 1
4398 4411 1
1572 496 1
496 2621 1
979 1849 1
1849 2657 1
2657 4202 1
4439 4453 1
4453 2481 1
2481 5666 1
3570 2935 1
1572 2627 1
2627 2691 1
194 5126 1
5126 194 1
2487 4155 1
4155 495 1
495 2867 1
2886 259 1
259 2632 1
2487 3332 1
3332 5344 1
5666 1509 1
1509 2590 1
4528 271 2
1100 3666 1
3666 622 1
622 4922 1
4922 1572 1
1572 2801 1
2801 3710 1
3710 2289 1
3027 2844 1
2844 5668 1
2951 2556 1
2027 1705 1
1705 4879 1
1406 907 1
907 3310 1
1892 3120 1
3120 5333 1
5333 1572 1
1572 2575 1
2575 264 1
264 4879 1
463 3127 1
1543 2289 1
1687 5539 3
5539 5668 3
622 3791 1
3791 5133 1
5133 2462 1
2462 1014 1
1014 339 1
339 4737 1
4737 2487 1
2487 2002 1
2002 2879 1
5350 2289 1
1561 2289 2
2950 5539 1
5539 4439 1
2302 4538 1
4538 1406 1
1406 5656 1
5656 2991 1
2991 1892 1
268 1295 1
1295 1128 1
1128 5426 1
5426 5826 1
5826 2068 1
2068 1014 1
1014 687 1
1584 2991 1
2991 1572 1
2867 4513 1
4513 2683 1
5066 439 1
439 1572 2
4077 1695 1
1695 951 1
951 952 1
952 2608 1
2344 2289 1
2289 3867 1
5049 1602 1
1602 5666 1
5666 4926 2
4926 259 2
259 4968 1
4968 2060 1
2060 271 1
4683 933 1
933 701 1
701 756 1
1584 5684 2
5684 1695 1
5785 5765 1
5765 4528 1
4528 1808 1
5785 1434 1
1434 5774 1
1235 1955 1
1955 2632 1
2632 1582 1
1582 4759 1
4759 2874 1
2874 1231 1
1231 271 1
5671 5041 1
5041 1572 2
1572 4671 1
4671 2657 1
5785 5282 1
2289 3803 1
3803 1235 1
1235 2558 1
2558 3885 1
983 930 1
2289 5164 1
5164 2151 1
2151 5539 1
5539 1572 1
1572 1302 1
1302 2476 1
2476 1235 1
1235 5671 2
4377 994 1
994 3936 1
3936 329 1
329 1695 1
1695 4458 1
4458 5539 1
5539 5132 1
2597 5350 1
5350 955 1
955 3936 1
3936 268 1
268 1430 3
1430 434 1
434 1412 1
1412 5169 1
2364 5229 1
1252 1255 1
1255 5719 1
5719 1892 1
1572 4801 1
4801 4621 1
4621 4439 1
4439 955 1
2289 502 3
502 5224 4
5224 1365 1
1365 4502 1
5666 1545 1
1545 3511 1
1343 619 1
619 4417 1
4417 1459 1
1459 2065 1
2065 1781 1
1781 271 1
5303 4942 1
4942 1644 1
1644 3303 1
3303 4463 1
4463 5778 1
2487 4794 1
4794 4439 1
4439 5539 1
5539 2289 1
675 4731 1
4731 2385 1
2385 4621 1
4621 1572 1
1572 1412 1
1412 1692 1
1692 4751 1
4751 5591 1
5591 5169 1
551 3812 1
3812 5087 1
4528 2289 1
2867 678 1
678 3080 1
3080 1 1
1 1041 4
2289 3576 3
3576 2487 2
2159 2520 1
2520 3500 1
3500 2302 1
1104 5785 2
1687 1350 1
1350 955 1
1430 5132 1
5132 1819 1
1819 4356 1
4356 2657 1
5774 3482 1
3482 5169 1
5169 2526 1
2526 4392 1
4392 2867 1
5570 3885 1
3885 2867 1
2867 2453 1
2453 5668 1
1843 2922 1
3310 907 9
907 2657 2
2487 5052 1
5052 2006 1
2006 268 2
268 3844 1
3844 5774 1
1662 5191 1
5191 4184 5
4184 5169 1
5169 380 1
380 289 1
3310 5719 1
5719 2657 1
2487 1048 1
1048 1572 1
1045 3531 2
3531 4807 1
4807 463 1
463 2375 1
2375 271 1
271 5652 1
5652 4184 1
2867 4744 1
4588 2757 1
2757 5719 1
5719 1572 1
2814 2185 1
2185 268 1
268 2317 2
2317 1572 1
4710 3138 1
3138 5785 1
5785 3085 1
3085 3312 1
3312 1695 1
1695 800 1
800 5785 1
3826 3062 1
3310 2022 1
2022 1687 1
955 310 1
2487 800 1
800 930 1
1254 2879 1
5344 4663 2
4663 2886 1
2886 1498 1
1498 2302 1
987 5687 1
5687 4490 1
4490 2289 2
268 3138 2
3138 963 1
983 3062 1
5668 3515 1
3515 4737 1
1572 3416 1
3416 4439 1
4439 2513 1
1892 2672 2
2672 3273 2
3273 1014 1
1014 1230 2
1230 5114 1
1014 2513 1
2513 1718 1
580 2852 1
2852 4515 1
4515 1327 1
1327 1572 3
1 2513 2
1014 2369 1
2369 271 1
271 5603 1
5603 5617 1
5617 5543 1
5543 2297 1
2297 1572 2
1161 4727 1
4727 271 1
580 3904 1
5539 5258 1
268 4078 1
4078 1936 1
1936 2037 1
2037 2867 2
2867 1965 1
1965 512 1
512 3193 1
3193 268 1
268 2226 1
2226 2015 1
2015 1041 2
833 5668 1
5668 3048 1
3048 311 1
311 1572 1
1572 1551 1
1551 1190 2
933 3497 1
3497 2641 1
1235 833 1
2867 311 1
311 2487 1
2487 1127 1
1127 2867 1
5043 5418 1
5418 1572 1
2487 2287 1
2287 5043 1
5043 3310 1
1695 5087 2
2867 4692 1
4692 4235 1
4235 844 1
844 5751 1
5751 2867 1
2867 3825 1
3825 775 1
775 5043 1
5350 1572 1
5666 3794 1
3794 2867 1
5043 5290 1
5290 4315 1
4315 5666 1
983 5169 1
5169 2407 1
2407 2867 1
2867 1041 2
1041 1950 1
1978 4737 1
4737 1869 1
1869 5666 1
2027 5383 1
5383 2144 1
2144 4296 1
4296 3310 1
3310 2037 2
2037 2513 1
2513 5043 1
5043 2177 1
2177 3666 1
3666 703 1
703 1602 1
1602 5233 1
5233 2867 1
930 875 1
875 5563 1
5563 1041 1
4737 930 1
1235 1041 1
1041 1032 1
1032 4737 1
5125 5133 1
5133 1695 1
5237 502 1
5224 4885 1
4885 98 1
98 987 1
987 310 1
2487 630 2
630 271 1
3277 1 1
5087 5258 1
5350 1161 2
1161 3277 1
3277 1572 2
2289 3639 1
1290 2513 3
2513 4121 1
268 4656 1
4656 1290 1
2879 1808 1
5224 5053 1
4751 5083 1
5083 5043 1
2269 4321 1
4321 2657 1
5440 844 2
1014 40 1
790 177 1
2190 1950 1
409 2621 1
5774 2212 2
2212 5169 5
5169 2247 1
2247 2212 1
5169 2683 3
1572 1561 4
1561 554 1
554 5087 3
5087 2289 4
1572 664 1
664 4535 1
4535 5666 1
4911 5087 1
5087 979 1
4942 1618 1
1618 4439 1
4439 3026 2
3026 4398 2
2513 543 1
543 4439 1
4439 1617 1
1617 1695 1
5237 1556 1
1556 5778 1
5778 875 1
875 2939 1
4439 5084 1
5084 2289 1
2269 5350 2
5350 5824 1
5824 4233 1
4233 3782 1
3782 5169 1
5169 2702 2
2702 1687 2
1687 2513 5
4439 3817 1
3817 5330 1
5330 4873 1
1950 5049 1
930 554 1
554 5778 1
5778 63 1
2513 3029 1
404 5774 1
5774 4901 1
4901 3029 1
3029 4587 1
4587 404 1
404 4202 1
4202 4587 1
4587 825 1
825 4202 1
4202 5778 1
5778 2513 3
2487 2358 1
2358 635 1
635 5132 2
1628 2822 1
2822 5774 1
5774 2093 1
2093 1950 1
1950 2358 1
2358 2289 1
2289 1808 1
1572 4751 1
4751 4856 1
4856 5169 1
5169 2747 1
4872 4691 1
5237 5668 1
5668 1952 1
1952 1532 1
1532 833 1
4691 5087 1
5087 5169 2
1892 4942 1
4942 4758 1
4758 4713 1
4713 1572 1
1572 4333 1
4333 1572 1
1572 4570 1
4570 1572 1
1572 4961 1
4961 4873 1
5237 4901 1
271 5384 1
5384 2027 1
5666 2513 2
2513 2362 1
2362 2289 1
2289 40 1
622 4035 1
4035 1528 1
1528 5031 1
5031 1130 1
1130 2879 1
5785 4132 1
4132 40 1
40 2247 1
2247 875 1
875 2487 1
833 3449 1
3449 2691 1
2212 4546 1
4546 1 2
2867 1307 1
1307 2867 1
2487 5006 2
5006 2632 1
2632 1190 1
1190 2632 1
2632 311 1
311 1695 1
5006 1808 1
1808 2879 1
584 2287 1
2287 554 1
554 268 2
2197 5043 2
5043 3329 1
3329 259 1
5169 5443 1
2289 2643 1
2487 4316 1
4316 1572 1
1572 948 2
2867 1235 4
1235 298 1
298 1003 1
5594 5668 1
2867 1961 1
4535 1235 1
1235 2015 1
1041 512 1
512 228 1
228 4960 1
4960 386 1
386 2302 1
2867 3829 1
3829 5569 1
1695 1209 2
4546 4300 1
4300 4439 1
5774 2248 1
2248 5785 1
3331 268 1
2867 2176 1
2487 4076 1
4076 2489 1
2489 4737 1
4737 1892 1
1892 5259 1
2985 4515 1
4515 875 1
875 1 1
3480 2513 1
2513 675 1
675 1290 1
1290 955 1
955 5668 1
5668 4321 1
4321 2257 1
2257 1572 1
5262 2487 1
2868 5169 1
5169 5442 1
5442 5714 1
2487 3364 1
3364 406 1
1808 2677 1
2677 5440 1
5440 5666 3
5666 1857 1
1857 1572 1
1572 4637 1
4637 5114 1
5114 1561 1
1014 5442 1
1235 3452 1
3452 2289 1
2289 4411 1
4411 3807 1
5630 2847 1
2847 2513 1
2513 479 1
2289 2704 1
2704 2513 1
2513 3879 1
3879 4731 1
4731 5032 1
5032 1230 1
5774 3453 1
3453 2867 1
4181 4759 1
5774 3699 1
5666 311 1
311 2287 1
2287 2867 1
2867 584 1
584 568 1
568 1572 1
1572 4655 2
4655 5630 1
5630 194 1
194 5625 1
5625 5078 1
5078 1041 1
2867 87 1
87 2867 1
1327 2961 1
2961 3737 1
3737 1235 1
1235 5591 1
2018 1057 1
1057 1708 1
1708 2932 1
2932 2133 1
2133 5668 1
2487 4171 2
4171 568 1
568 5522 1
5522 268 1
259 4663 1
4663 1408 1
1408 2289 1
2289 2464 1
2464 831 1
831 1892 2
1892 4492 1
4492 271 1
5084 1445 1
1445 2879 1
271 5176 1
1572 3921 1
3921 3013 1
3013 1695 1
1695 1126 1
1126 2523 1
2523 844 1
844 5169 1
5169 622 2
1582 5043 1
5043 811 1
811 2201 1
2201 930 1
930 2553 1
2553 3867 1
3867 4671 1
4671 3277 1
3277 1230 1
1230 622 1
268 2682 1
2682 5043 1
5043 4077 1
4926 1572 1
1572 983 3
983 1487 1
1487 554 1
554 2416 1
2416 2608 1
2608 937 1
937 4947 1
4947 1892 1
1892 2232 3
259 3386 1
3386 1621 1
1621 5460 1
5460 1 1
310 4946 1
4946 2574 1
2574 313 1
313 937 1
937 4737 1
4737 2608 1
2608 1892 1
1892 2685 1
259 3067 1
3067 2683 1
2683 4375 1
4375 2649 1
2649 1 1
5120 2867 1
2867 3887 1
3887 5596 1
5596 1687 1
1687 1924 2
1924 5596 1
5596 5131 1
5131 271 1
2236 2106 1
2106 3144 1
3144 4926 1
4926 3916 2
3916 1924 1
1014 4513 1
4513 1712 1
1252 1532 1
1532 1655 1
1655 1 1
1 1209 1
4546 360 1
360 333 1
333 1059 1
1059 1796 1
1796 1179 1
1179 2513 1
2487 3929 1
3929 1290 2
4453 1014 1
936 687 1
687 259 1
259 1584 1
5774 2991 1
2991 2657 1
4439 5596 1
5596 2302 1
2867 939 1
939 2487 1
2487 5361 3
5361 5049 1
5049 824 1
824 3534 1
3534 790 1
416 3953 1
3953 4453 1
4453 668 1
668 5212 1
5212 1572 1
1572 2947 1
2947 1949 1
1949 2289 1
2685 2364 1
2364 5669 1
5669 1584 1
1584 5666 2
4528 3259 2
3259 1041 1
2289 3259 1
3259 1695 1
1695 1041 1
5666 4202 1
4202 2289 1
1096 3058 1
3058 2664 1
2664 5258 1
5258 1924 1
1924 1014 2
5668 4735 1
4735 5596 2
5596 4453 1
3916 2664 2
2664 1924 6
1572 5596 1
5596 4833 1
4833 4453 1
4535 40 1
40 1695 3
5774 2302 1
5237 3723 1
3723 790 1
5237 2679 1
2679 4458 1
4458 4079 1
4079 4347 1
4347 4887 1
4887 2621 1
2487 5660 1
5660 1800 1
1800 2487 1
1625 3587 1
3587 2632 1
2691 4192 1
4192 2632 1
2691 4252 1
4252 800 1
800 4689 1
2027 983 4
983 5668 4
5668 1380 1
1380 2937 1
2937 5049 1
5049 2536 1
2536 4887 1
4887 414 1
2691 55 1
55 5221 1
5221 2632 1
2691 1691 1
1691 2632 1
2691 105 1
105 5623 1
5623 1621 1
1621 796 1
796 554 1
5774 800 1
800 2879 1
1695 3676 2
3676 2879 1
259 4293 2
4293 2339 1
2339 2664 1
1924 3990 1
3990 3828 1
622 2906 1
2906 5668 1
2879 4169 2
4169 2487 3
2972 1489 1
1489 4731 1
4731 4670 1
4670 259 1
5668 4458 1
4458 2921 1
2921 5243 1
5243 2487 1
2269 2649 1
1489 2677 1
2677 4926 1
5132 5125 1
5125 2664 1
2664 2868 1
259 5410 1
5410 5596 1
5596 4477 1
4477 1572 1
1572 2938 1
2938 885 1
885 1 1
1 5053 1
5053 2649 1
2961 1695 1
5132 3890 1
3890 1687 1
2844 352 1
352 2022 5
2022 4879 1
4879 3310 7
2868 2657 2
3641 4120 1
4120 4672 1
4672 4535 2
2661 3699 1
5666 352 2
2022 584 1
584 2302 1
2302 972 1
972 5530 1
5530 1880 1
1880 5630 1
5630 2868 1
2868 4656 1
4656 268 1
5229 5237 1
5237 1251 1
1251 339 1
339 279 1
279 1892 1
1892 4445 1
4445 5237 1
2302 1855 1
1855 1572 1
1695 364 1
364 2288 1
2288 271 1
271 4384 1
4384 1993 1
1993 2312 1
2312 1621 1
1621 1955 1
1955 5053 1
5053 3880 1
3880 554 1
5774 322 1
322 1695 1
1695 1244 1
1244 5666 2
5666 487 1
487 2486 1
2486 5539 1
5539 2608 1
2608 4373 1
4373 2657 1
1230 2677 1
2677 5258 1
635 2836 1
2836 4513 1
4513 580 1
2289 678 2
678 2867 1
2289 2687 3
2687 4374 1
4374 5805 1
5805 2289 1
1177 746 1
746 1014 1
1014 4729 1
4729 1614 1
1614 5539 1
5539 2657 1
2487 4688 1
4688 2867 1
268 3361 1
3361 271 1
4515 1174 1
1174 1572 1
1572 1313 2
4490 2867 1
2867 391 1
391 3487 1
841 2922 1
2922 391 1
391 1572 2
4599 2608 1
2608 5043 1
837 3057 1
3057 2661 1
2661 1014 1
1014 876 1
2236 2683 1
4683 4751 1
4751 2043 1
2043 2683 1
5666 4178 1
4178 5237 1
268 3057 1
3057 2867 1
2661 2683 1
554 5049 1
5049 3898 1
3898 268 1
268 2558 1
2558 1230 1
1230 2639 1
2639 2681 1
2681 5313 1
5313 2936 1
2936 3287 1
3287 5114 1
5114 800 1
800 3057 1
3057 4535 1
4411 1621 1
1621 2661 1
2661 268 2
2608 1904 1
1904 2573 1
2573 3831 1
1687 5778 4
5778 930 1
930 1687 1
1235 1014 1
1014 5228 1
5228 2109 1
2109 1572 1
1509 3589 1
3589 3956 1
3956 1892 1
1892 3586 1
3586 2289 1
5043 3677 1
3677 310 1
271 1211 1
1211 5006 1
5006 5049 1
5049 2231 1
2231 2289 1
1572 3016 1
2922 5247 1
5247 391 1
5666 2572 1
2572 2894 1
2894 1132 1
2867 352 1
2022 1 3
1 4528 1
4528 2868 1
2868 2269 2
2269 619 1
4348 2289 1
2289 404 4
404 2486 1
2486 4086 2
4086 4257 2
4257 2879 1
1 3640 1
3640 3053 1
3053 2879 1
271 1432 1
1432 3262 1
3262 5043 1
5043 3737 1
584 980 1
980 2657 1
5169 4773 1
4773 5785 1
5785 1229 1
1229 1561 1
5237 188 1
188 1572 1
1014 2022 1
2022 2867 1
2868 979 3
979 2608 1
2608 2868 1
2868 2867 6
2867 2687 2
2687 790 1
5237 4330 1
3582 5625 1
5625 2687 1
2687 2027 1
2867 1621 2
1096 1625 1
1625 352 1
2022 5043 2
5043 622 1
979 2657 4
4911 4439 1
979 2867 3
4874 2868 2
4515 3664 1
3664 3760 1
3760 790 1
5237 2641 1
979 2649 2
2649 3310 1
3310 3629 1
3629 4439 1
4439 4718 1
4718 1572 1
1695 3674 1
3674 1161 1
2487 547 1
547 2022 1
2868 2972 1
3664 1695 2
1695 5379 1
5379 4202 1
4202 5258 1
268 5379 1
5379 1849 1
3428 2691 2
2683 5568 1
5568 5796 1
5796 5344 1
5344 5043 1
5043 2574 1
2574 2022 1
2022 948 1
948 2868 1
5569 1685 1
1685 4092 1
4092 3756 2
3756 177 1
4821 2657 1
5132 1561 1
1561 2814 1
2814 1230 2
2289 4257 1
4257 2486 1
4086 5114 2
5114 5257 1
4446 4302 1
4302 4439 1
2289 2454 1
2454 351 1
351 2219 1
2219 2487 1
2487 3850 1
3850 4911 1
4911 1 1
554 2487 1
5237 5118 1
5118 1431 1
1431 930 1
1572 3731 1
3731 2289 2
4528 2022 2
2022 1584 3
1584 529 1
529 2924 1
2924 2868 1
259 4809 1
4809 5049 1
1252 4678 1
4678 1695 1
1572 5218 1
5218 1572 1
2487 2685 2
259 4344 1
4344 4086 1
4086 1572 3
5778 2022 2
2022 2289 1
2289 5045 1
5045 2269 1
259 1432 1
1432 271 4
271 3262 5
3262 1 2
5666 1758 1
1758 1014 1
2487 1560 1
1560 271 1
5778 983 1
983 2867 2
4174 268 1
268 2027 1
2027 2022 1
1584 2924 1
2924 1621 1
1621 1584 1
1584 4086 1
4086 389 1
389 790 1
4720 2683 1
5668 3287 1
3287 4877 1
4877 3310 3
3310 2077 1
2077 2022 1
2022 5564 1
5564 5169 1
5169 979 1
4735 4086 1
4086 1892 1
1892 5003 2
5003 271 1
271 963 1
963 2302 1
2302 351 3
351 2683 1
5118 1505 1
1572 4804 2
4804 1514 1
1514 1 1
1489 5668 1
5668 1014 2
2269 359 1
359 2302 1
4515 1042 1
1042 2683 1
2487 1183 1
1183 5169 1
5169 310 3
310 1014 2
5389 3264 1
3264 2683 1
1252 1230 1
1230 3264 1
3264 2487 1
5389 5114 1
5114 4993 1
4993 1613 1
1613 4235 1
4235 1555 1
1555 1 1
2867 4796 1
4796 3242 1
3242 1584 1
1584 2864 2
2864 2056 4
2056 1621 1
1621 4907 1
4907 785 1
785 2657 1
2487 4079 1
4079 2027 1
2027 268 2
2867 948 1
948 924 1
924 3242 1
3242 2683 1
5668 927 1
927 62 1
62 503 1
503 1380 1
1380 824 1
824 5237 1
5237 841 1
841 1380 1
1380 979 1
979 4535 2
4535 3242 1
3242 584 1
584 1584 1
1584 1708 1
1708 4907 1
4907 1459 1
1459 1256 1
1256 1892 1
2879 3594 1
3594 3363 1
4411 1 2
2879 2685 1
2685 2223 1
2223 580 1
580 2520 1
2520 937 1
937 2177 1
2177 3699 1
2879 2509 1
2509 194 1
194 5171 1
5171 1695 1
1695 2691 1
2691 4918 1
4918 1 2
1 5641 1
5641 1584 1
2879 979 1
979 2879 2
2879 2221 1
2221 979 1
2879 1584 1
1584 4367 1
4367 4204 1
4204 4658 1
4658 2657 1
5774 3433 1
3433 194 1
194 1041 1
1041 1263 1
1263 2454 1
2454 800 1
800 3264 1
3264 1927 1
1927 5774 1
2269 4528 2
2867 3576 3
3576 3366 1
3366 2691 1
4535 306 1
306 2867 1
2269 2399 1
2399 418 1
418 2302 1
2302 2864 1
2864 5059 5
5059 1572 2
1572 646 4
646 5059 1
5059 271 1
271 2854 1
2854 1255 1
1255 2124 1
2124 5043 1
3674 5258 1
2608 2864 1
5059 2867 2
2867 2672 2
2672 3264 1
3264 271 2
271 818 1
818 5617 1
5617 5774 1
5774 2649 3
2487 1563 2
2867 1135 1
1135 5059 1
5059 2657 1
1252 4253 1
4253 5666 2
5053 2479 1
2479 5774 2
4751 90 1
90 790 1
790 2044 1
2867 2399 1
2399 1572 1
646 1584 1
1584 4924 1
4924 4683 1
4683 4202 1
2814 2232 1
2232 4253 1
5666 1380 1
1380 3264 1
3264 2657 1
2657 1514 1
1514 1252 2
1252 3622 1
3622 5059 1
5059 876 1
876 1045 2
5237 824 1
824 310 1
310 5059 1
5059 2487 1
2487 3901 1
3901 1380 1
1380 930 1
5569 1235 1
5671 496 1
496 2657 1
2657 4096 1
4096 4376 1
4376 4770 1
4770 1687 1
2289 3313 1
1100 3969 1
3969 2194 1
2194 351 1
5003 103 1
103 5785 1
5008 4086 1
1572 4402 1
4402 1572 1
2184 1892 1
1892 5223 1
5223 1252 1
1252 2364 1
5785 2362 2
2362 5774 1
5774 404 1
404 376 1
376 2657 1
1563 4080 1
4080 5291 1
5291 5087 1
1096 4171 1
4171 1041 1
1041 3287 2
3287 1 1
1 3287 1
3287 216 1
216 622 1
2879 3592 1
2879 2643 2
2487 2949 1
2949 2981 1
2981 1572 1
1572 3287 1
3287 2487 1
2487 5017 1
5017 5774 1
5774 896 1
896 3699 1
2879 1909 1
1909 1041 1
1041 4515 1
4515 2938 1
2938 5774 1
2289 5210 1
5210 1041 1
3287 2289 1
2289 1625 2
1625 3760 2
3760 1909 1
1909 622 2
3576 5668 2
5668 2935 2
2935 2867 1
1584 5244 1
5244 1230 1
2487 1041 3
1041 5360 1
5360 5114 1
259 769 1
769 1572 1
1572 5018 1
5018 259 1
259 4077 1
4077 533 2
533 5049 1
2867 4365 1
4365 216 1
216 3536 1
3536 622 1
2289 2364 1
2364 2574 1
2574 1041 1
2289 5785 2
3120 2428 1
2428 1572 1
3760 5785 2
2487 1402 1
1402 547 1
547 2657 1
2657 1706 1
1706 1252 1
5327 1808 1
1808 5169 1
2482 4956 1
4956 210 1
210 1290 1
5785 5370 1
5370 26 1
26 5258 1
4574 2867 1
2867 3798 1
4535 2867 1
2867 1476 2
1290 26 1
26 988 1
988 3699 1
3699 2240 1
2240 5666 1
533 1 1
3760 216 1
216 5132 1
976 2685 1
2685 2414 1
2414 5785 1
5785 4900 1
4900 5261 1
5261 2867 1
5666 26 1
26 5785 1
5785 976 2
976 268 1
268 2687 1
2687 5043 1
5024 4439 1
5337 2609 1
2609 2889 1
2889 3119 1
3119 2487 1
3582 4249 1
4249 310 1
310 1041 1
1041 2938 2
1014 26 1
2687 2487 1
2687 554 1
271 5149 1
5149 1572 1
983 1849 1
1849 1230 1
259 2416 1
2416 3576 1
3576 4874 1
271 26 1
26 2662 1
2662 1041 1
5668 5274 1
5274 5243 1
5243 1695 1
5053 1525 1
1525 4558 1
4558 5666 1
2027 5118 1
5118 1161 1
268 2523 1
5049 2735 1
2735 1572 1
1572 3235 2
3235 3582 1
2232 1572 1
5666 2556 2
2556 2302 1
5477 1695 1
5350 833 1
833 2289 1
268 1078 1
1078 3480 1
3480 622 1
622 5361 1
5361 2302 1
1572 963 1
963 2917 1
2917 1489 1
1489 5169 1
5169 4913 2
4913 2184 1
4439 831 1
831 271 1
271 4463 2
4463 271 1
2302 5616 2
5616 1808 1
2867 338 1
2302 1153 1
1153 3318 1
3318 2683 1
622 2379 1
2379 4599 1
1235 2687 1
2687 1636 1
1636 2657 1
5774 2615 1
2615 1135 1
1135 1712 1
1712 1637 1
1637 5785 1
1695 1712 1
1712 1 1
1 5630 1
5237 4911 1
4911 1857 1
1857 2344 1
2344 2487 1
2487 4411 1
4411 930 1
310 5053 1
5053 1231 1
1231 4910 1
4910 3539 1
3539 1781 1
1781 1572 5
1235 1161 2
1161 3782 1
3782 1892 1
2232 4137 1
5785 3652 1
3652 5043 1
5043 914 1
914 5666 1
2487 1436 1
1436 790 1
790 5514 1
5514 2883 1
2883 488 1
488 2027 1
2027 5668 1
5668 5360 2
5360 1625 1
1625 3828 1
3828 4535 1
4535 1781 1
1572 2065 1
2065 4769 1
4769 790 1
790 3310 1
3310 4753 1
4753 5666 1
2608 3257 1
3257 1741 1
1741 1538 1
1538 4718 1
4718 5118 2
5118 851 1
851 4079 1
4079 4121 1
4121 3005 1
1796 5564 1
1230 2065 1
2065 1572 2
1572 1781 1
1781 2289 1
2687 5666 1
2289 2686 1
2686 5785 1
2867 2422 1
2422 2454 1
2454 2980 1
2980 1753 1
2662 5666 1
4528 3383 2
3383 930 1
930 5169 1
4758 5384 1
5384 1290 1
1290 4266 1
4266 1508 1
1508 622 2
4174 1508 1
1508 1621 1
5043 2685 1
3756 271 1
360 1800 1
3953 5660 1
5660 618 1
618 5421 1
5421 3398 1
3398 4887 1
1406 4458 1
4458 2109 1
2109 4887 1
4887 2825 1
2825 4458 1
4458 5213 2
5213 3820 1
3820 851 1
851 3965 1
3965 268 1
259 1230 1
457 1543 1
1572 3245 1
3245 1892 1
2289 2345 2
2345 4433 1
4433 268 1
259 5070 1
5070 4602 1
4602 1635 1
1635 5360 1
5360 3243 1
3243 2662 2
2662 979 1
4535 3383 1
3383 271 1
271 1728 1
1728 1849 1
1849 5049 1
5049 4169 1
4169 5251 1
5251 2520 1
2520 2177 1
2177 404 1
404 1041 1
1041 3898 3
3898 5360 1
5360 1380 1
1380 271 1
271 60 2
60 1412 2
1412 1034 1
1034 5258 1
5258 2122 1
2122 768 1
768 2867 1
2867 4431 2
4431 3480 1
2487 4065 1
4065 4535 1
4535 756 1
756 1572 1
5263 1 1
5237 3512 1
3512 4625 1
4625 580 1
4431 2487 1
268 2177 1
2177 3545 1
3545 5193 1
5193 4554 7
4554 835 7
3127 786 1
271 1785 3
1785 554 1
980 930 1
1785 5774 1
2245 2632 1
2632 4439 2
4439 1950 1
268 1555 1
1555 271 1
1785 2657 1
2657 5325 1
5325 5237 1
5625 790 1
584 5366 1
5366 2985 1
2985 5007 1
5007 528 1
1572 1642 1
1642 2569 1
2569 3414 1
3414 2683 1
1177 4751 1
4751 622 2
4174 1955 1
1955 675 1
675 1014 1
1014 2044 1
2867 675 1
2657 2345 1
2345 1252 1
1252 3910 1
271 465 1
465 5666 1
2269 4535 3
4535 1857 1
1857 756 1
756 271 1
835 930 1
2487 4015 1
4015 1235 1
1235 4933 1
4933 5774 1
5287 1849 1
2487 5193 1
835 2289 1
268 4433 1
4433 4625 1
4625 1252 1
580 409 1
2269 5087 1
5087 978 1
978 3310 1
3756 3699 1
2487 4540 1
4540 1209 1
4546 2269 1
3549 5280 1
5280 2691 1
2691 2039 1
2039 1014 1
1572 2542 1
2542 1808 1
2867 3061 1
3061 3828 1
5049 5185 1
5185 2753 1
2753 5785 1
5785 5017 1
5017 4458 1
4458 156 1
156 717 1
717 5810 1
5810 1695 1
4628 1572 1
2289 2868 1
2868 1857 1
1857 5193 1
835 5118 1
5118 3828 1
1252 2899 1
2899 2289 1
404 1572 1
5263 455 1
455 1692 1
1692 5043 1
2530 554 1
5785 3583 1
3583 5822 1
5822 413 1
413 2487 1
4926 5785 1
885 3944 1
3944 5666 1
2289 1857 1
1857 2868 1
2868 5591 2
5591 4924 1
4924 4167 1
4167 835 1
835 1 1
3480 3479 1
3652 2487 1
5318 2027 1
786 4913 1
4913 949 1
949 2662 1
2662 404 1
404 5344 1
5344 5194 1
5194 5144 1
5144 3576 1
5668 4528 1
2867 3259 1
3259 5145 1
5145 5785 1
4184 3781 1
3781 268 1
268 4092 1
3756 1230 1
3259 1892 1
1892 275 1
275 1290 1
1290 1974 1
1974 2657 1
2867 3652 1
5049 5166 1
5166 5666 1
4051 3110 1
3110 4007 1
4007 2616 1
2616 2891 1
2891 2641 1
2487 754 1
754 3380 1
3380 1572 1
2691 2662 1
2662 2487 1
1313 5132 1
5191 5747 1
5747 2487 1
1313 1695 1
1572 2829 1
2829 622 1
622 3062 1
3062 4278 1
4278 4835 1
588 622 1
1100 3496 1
3496 819 1
4788 2289 1
907 746 1
746 2974 1
2974 1584 1
1584 4463 2
4463 3105 1
3105 831 1
1892 1096 1
268 2289 2
2289 4491 1
4491 1572 1
4169 3807 1
2289 5276 1
5276 360 1
360 5542 1
5542 4439 1
1119 1892 1
1892 359 1
359 1687 1
1014 5169 1
5169 3512 1
5666 3383 1
3383 4656 1
4656 2411 1
2411 1687 1
2867 1924 1
1924 151 1
151 2813 1
2813 1892 1
1892 4827 1
4827 1045 1
4453 1543 1
1543 1203 1
1203 2643 1
2643 1572 1
1406 4433 1
4433 2289 1
2289 4433 1
4433 1806 1
1806 2486 1
2486 1975 1
2662 5449 1
4737 2465 1
2465 4535 1
4535 2234 1
2234 2302 1
360 3144 1
3144 1 1
1 1687 2
1687 3547 2
3547 1217 1
1217 268 1
268 1407 1
1407 5666 1
2289 4171 1
4171 2683 1
2683 5146 1
5146 5809 1
5809 1572 1
1290 5193 1
835 1892 1
1892 3513 1
3513 3310 1
5442 5774 1
5774 717 1
717 2358 1
5785 5118 2
5118 1634 1
1634 1230 1
3576 5193 1
2487 2994 1
2994 820 1
820 391 1
3235 1806 1
1806 5785 1
2867 4246 1
4246 271 1
2197 1572 3
3699 2962 1
3497 795 1
795 2890 1
2890 4169 1
2302 1984 1
1984 554 1
554 1230 1
268 2454 1
2454 5360 1
5360 1572 1
268 2224 1
2224 835 1
835 5140 1
5140 271 1
5244 2289 1
259 1221 1
1221 4433 1
4433 3310 1
3310 2597 1
5043 259 1
259 4101 1
4101 2534 1
2534 2520 1
1572 2177 1
2177 1572 1
1572 505 1
505 5258 1
259 1582 1
3756 2657 1
2269 2183 1
2183 2289 1
1096 5164 1
580 1230 1
2289 1326 1
1326 5043 1
1252 4063 1
4063 949 1
5610 5114 1
3880 3640 1
5169 3013 1
3013 949 1
2520 5668 1
5668 2486 1
2486 505 1
505 2302 1
4411 1368 1
1368 1572 1
1625 489 1
489 4007 1
4007 4169 1
4169 5666 1
979 5169 1
5169 5114 1
4599 3120 1
4077 3535 1
3535 5774 1
5774 84 1
84 2589 1
2589 2551 1
2551 2657 1
2608 642 1
642 2289 1
2867 3384 1
3384 1572 1
4628 1 1
3699 4911 1
4171 1781 1
580 5666 1
5774 2662 1
2662 209 1
209 5169 1
5169 2376 1
5237 2826 1
2826 5785 1
4439 1690 1
987 4897 1
4897 156 1
156 1572 1
1572 156 1
156 2044 1
259 5592 1
5592 4515 1
4515 1137 1
1137 1 1
1 2680 1
2680 5774 1
1621 84 1
84 5785 1
3120 2107 1
2107 2691 1
5774 1305 1
1305 1230 1
2687 2513 1
2513 26 1
1621 1801 1
1801 1572 1
5774 2571 1
2571 1625 1
1625 1781 1
1781 5785 1
2868 216 1
216 271 2
983 1 1
5666 3428 1
5066 5 1
5 5785 1
5785 2402 1
2402 3448 1
3448 2877 1
2877 2289 1
271 945 1
945 4683 1
4683 5043 1
3674 5114 1
2289 2911 1
2911 2550 1
2550 2753 1
2753 2657 1
2657 3753 1
3753 2961 1
2961 584 1
584 3753 1
3753 1 1
1 2588 1
2588 1572 1
1950 3582 1
5049 3753 1
3753 2487 1
1096 3467 1
3467 4535 1
4535 2587 1
2587 5237 1
2269 1857 1
1857 2065 1
2065 1 1
3699 3366 1
5785 2662 2
2662 3828 1
3828 2564 1
2867 2662 1
2662 5785 1
2867 3366 2
4515 2657 1
2867 2610 1
2610 3097 1
3097 2867 1
2662 790 1
5512 5785 2
4911 3536 1
3536 628 1
628 271 1
983 3697 1
304 4793 1
4793 3313 1
271 4462 1
4462 1572 1
1584 909 1
909 4252 1
4252 4672 1
4672 2926 1
2926 746 1
746 1781 1
3904 2867 1
404 2868 1
4668 310 1
310 554 1
554 1712 1
1712 5675 1
5675 584 1
584 1290 1
1290 3909 1
3909 5785 1
5045 404 1
404 2065 1
3911 1166 1
1166 4171 1
4171 5132 1
5132 1839 1
1839 918 1
918 2023 1
2023 5635 1
268 3235 1
3235 1494 1
1494 1052 1
1052 3531 1
3531 4169 1
4169 268 1
268 4528 2
4528 2486 1
2486 2662 1
2662 1067 1
1067 5785 1
5785 377 2
377 271 1
1843 2657 3
2657 2022 1
2022 1177 1
5169 1582 1
2836 3652 1
3652 271 2
2844 1 1
2867 69 1
69 1744 1
1744 3310 1
2657 4439 3
4439 4308 1
4308 4411 1
2487 958 1
958 5287 1
2867 3252 1
3252 3992 1
3992 2683 1
2269 5666 1
5785 3655 1
3655 790 1
790 930 1
2922 83 1
83 5790 1
5790 1643 1
1643 4970 1
4970 1572 1
1572 522 1
522 5666 1
5774 907 1
907 2867 1
2867 4879 2
463 502 1
502 3310 1
3310 4970 2
4970 271 1
833 360 2
360 368 1
368 2632 1
268 2575 1
2575 2274 1
2274 2302 1
4913 2864 1
2056 1572 8
1572 2147 2
2147 3417 2
3417 1584 1
1584 1892 2
5569 4528 1
1014 3242 1
3242 1931 1
5169 5722 1
5722 4452 2
1252 3062 2
3062 223 1
223 503 1
5539 2513 1
1572 547 1
547 5334 2
5334 4682 2
4682 4913 1
4913 5191 1
5191 2864 2
5059 5169 1
5774 2526 1
2526 2657 1
2867 496 1
496 5666 1
268 643 1
643 5059 1
5059 2879 1
5287 5043 1
271 250 1
250 3363 1
3363 2844 1
2844 2289 1
2879 3395 1
3395 1572 1
1572 478 1
478 2879 1
1041 940 1
940 5420 1
5420 5087 1
2345 3429 1
3429 2881 1
2881 1132 1
1132 1014 1
622 5778 2
5778 373 3
373 5635 1
5635 3383 2
3383 1808 1
268 884 1
884 5785 1
5132 388 1
259 4599 3
4599 5669 1
5669 3828 1
2867 3975 1
3975 3543 1
3543 1621 1
1621 5671 1
4377 5785 1
5785 5562 1
5562 2487 1
2487 4253 1
4253 1489 1
1489 1521 1
3867 5191 1
5191 4861 1
4861 1643 1
1643 4847 1
4847 4439 1
1695 4277 1
4277 360 1
1096 2770 1
2770 1014 1
373 3640 1
3640 1003 1
368 1505 1
4535 4502 1
4502 2289 1
907 3407 1
2844 1014 1
1014 5824 1
5824 4693 1
4693 268 2
2867 5578 1
5578 2289 1
2289 228 1
228 4502 1
4502 271 2
4200 2289 1
2482 355 1
355 4171 1
4171 1572 2
5610 4439 1
3531 983 1
983 268 2
2289 3976 1
1843 2440 1
2440 2302 1
3511 4502 1
4502 1365 1
1365 2868 1
2969 3195 1
3195 5578 1
5578 1014 1
1014 1489 2
1489 2974 1
2974 2482 1
2482 2867 2
2867 232 1
232 876 1
2736 5287 1
2289 1712 1
1712 5132 1
5132 1997 1
1997 1628 1
2632 2362 1
2362 1572 1
1572 4561 1
4561 2236 1
2236 1572 1
1572 4466 1
4466 5237 1
5237 441 1
441 1572 1
1572 845 1
845 1572 1
1572 2222 1
4069 4547 1
580 4223 1
4223 1713 1
1713 1636 1
1636 1892 1
4293 2867 1
2867 5596 1
1572 4633 2
5361 3080 2
3080 5169 1
2770 5666 1
5774 2505 4
2505 5666 1
1252 4795 1
4795 2867 1
3277 3830 1
3830 5666 1
3186 2573 1
2573 3277 1
3277 5778 1
5778 2232 1
2232 1606 1
1606 1572 1
5668 523 1
523 1014 1
116 5344 1
268 2935 1
2935 271 1
4911 1014 1
5774 4759 1
4759 2289 1
2482 188 1
188 627 1
627 2691 1
2691 4910 1
4910 580 1
4317 1695 1
4546 1508 1
1508 1221 1
1221 1687 1
5169 543 1
543 5087 1
3197 373 1
373 5257 1
5257 1572 5
1572 1209 6
1209 4453 1
4453 5237 1
2879 3904 1
3904 5237 1
4528 5169 1
4458 91 1
91 1584 1
3609 3867 1
3867 2657 1
2746 2640 1
2640 465 1
465 1572 2
1572 4205 1
4205 4515 1
4515 3277 1
3277 2867 1
2867 4316 1
2022 1432 2
3262 3137 1
3137 3922 1
3922 5635 1
5635 2513 1
3273 4439 1
1252 1235 1
1235 1821 1
1821 1938 1
1938 373 1
1 2154 1
2154 2836 1
2836 271 2
1752 1209 2
1096 3662 1
3662 746 1
746 2879 1
2879 2550 1
2550 1252 1
1252 373 1
373 268 1
1687 3200 1
3200 5257 2
5257 2657 1
1096 1572 1
406 3364 1
3364 5666 1
2867 1409 1
1409 622 1
373 5169 1
5169 2772 1
2772 2867 1
2867 1093 1
1093 1041 1
1041 1712 1
1712 5420 1
5420 4679 1
4679 1690 1
1690 373 1
359 1042 1
1042 2302 1
4515 4402 1
4402 4746 1
4746 1927 1
1927 69 1
1014 2639 1
2269 3589 1
3589 1041 1
271 4365 1
4365 2375 1
2375 5666 1
5666 340 1
340 2867 1
2867 4663 1
4663 824 1
824 5668 1
5774 3667 1
3667 1 1
2289 2276 1
2276 1572 1
622 4760 1
4760 1572 1
2704 1664 1
1664 271 1
271 5174 2
5174 622 1
2867 3882 1
3882 1014 1
1014 3780 1
3780 2289 1
2289 5207 1
5207 4439 1
4439 5035 1
2289 3984 1
3984 3120 1
3120 355 1
355 580 1
580 1489 1
1489 2745 1
2745 704 1
704 5635 1
5635 4065 1
4065 5810 1
5810 1572 2
1572 3922 1
3922 1687 2
2657 177 1
177 271 1
1712 1238 1
1238 406 1
406 1235 1
5043 3610 1
3610 5169 1
271 3032 1
3032 4297 1
4297 1190 1
1190 2867 1
2867 2475 1
2475 5666 1
5666 5563 1
186 1640 1
1640 1291 1
1291 2867 1
1625 2985 1
2985 4377 1
4377 5666 1
2867 885 1
259 4006 1
4006 2868 1
2486 1278 1
5350 3785 1
3785 4348 1
4348 2486 1
2486 2935 1
1014 2314 1
2314 502 1
502 259 1
271 439 1
937 2938 1
2938 5043 1
5043 2232 1
259 1140 1
1140 1045 1
1045 819 1
819 4908 1
4908 1014 1
5118 2399 1
2867 3885 1
3885 5666 1
5666 1132 1
1132 259 1
259 4648 1
1572 1982 1
1982 360 1
360 5487 1
5487 271 1
5774 5676 1
5676 3372 1
3372 2302 1
2289 4293 1
4293 3417 1
3417 2302 1
2302 2154 1
2154 1968 1
1968 1892 1
1892 5169 2
3537 1687 1
1752 455 1
4439 2864 1
2056 3697 1
2513 271 2
1808 4453 1
4453 2513 1
2672 1014 1
1014 3273 1
3273 2990 1
2990 1515 1
1515 5169 1
5169 264 1
264 295 1
295 1968 1
1968 3417 1
3417 271 1
271 5543 2
5543 3784 1
3784 1041 1
2513 5668 1
3652 5630 1
5630 5774 2
5774 1854 1
1854 556 1
556 268 1
268 3691 1
3691 2505 1
2505 2908 1
2908 1014 1
2487 4672 1
622 1570 1
1570 1808 1
1808 849 1
849 271 1
271 1968 1
1968 2149 2
2149 2657 1
2657 4528 1
1570 3594 1
3594 1729 1
1729 1892 1
5043 5613 1
5613 2837 1
2837 271 1
5543 5078 1
2159 3640 1
5350 2649 1
4398 3807 1
3807 2487 1
2487 4095 1
4095 418 1
418 271 1
2176 271 1
271 1851 1
1851 1014 1
1014 304 2
304 1614 1
1614 1924 2
1924 722 1
722 949 1
949 4737 1
4737 1290 1
2879 1235 1
1161 3480 1
2487 2308 1
2308 5747 1
5747 4162 1
4162 2487 1
268 489 2
489 1206 1
2487 3891 1
3891 678 1
678 5810 1
5810 4453 1
5043 1670 1
1670 5666 1
5666 229 1
3511 2150 1
2150 4737 1
4737 1882 1
1882 271 1
271 4984 1
4984 1572 1
622 3347 1
3347 1190 1
1190 1551 1
1190 5169 1
5169 5008 1
5008 1968 1
1968 1279 1
1279 2297 1
2297 1584 1
1584 1020 1
1020 5617 1
5617 4291 1
4291 2445 1
2445 955 1
646 1968 1
1968 4737 1
131 229 1
229 1290 1
2910 271 1
271 1844 1
1844 5350 1
2632 5133 1
5133 2867 1
4629 338 1
338 2745 2
2745 1430 1
1430 1849 1
1849 955 1
955 1584 1
4463 5785 1
268 5265 1
5265 2289 1
2513 5479 1
5479 1290 3
2879 1998 1
1998 2867 1
2867 4322 1
4322 5666 1
2922 3556 1
3556 2621 1
2621 1045 1
3609 1190 1
1190 2487 2
2964 2867 1
3497 4453 1
4453 3578 1
3578 3952 1
2375 204 1
204 2794 1
2794 271 1
4941 3992 1
3992 2212 1
2212 4584 3
4584 554 1
554 635 1
635 2922 1
2922 4599 1
4599 4453 1
4453 1179 1
1179 2657 1
2657 4453 1
4453 554 1
554 5132 1
5666 5388 2
5388 5785 2
2176 409 1
409 5591 1
5591 2187 1
2187 4737 1
4737 1621 1
1621 5694 1
5694 5344 1
1561 2107 1
2107 5169 1
937 5673 1
2879 4600 1
4600 5635 1
5635 2867 1
4411 5726 1
5726 2691 1
5774 5344 2
4663 5571 1
5571 259 2
259 4184 1
2879 5008 2
5008 1 1
3697 2879 1
259 2962 1
3497 554 1
554 5666 6
3867 4457 1
4457 5138 1
5138 3699 1
3699 5792 1
5792 5032 1
2699 5666 1
2879 2315 2
2315 843 1
843 4525 1
4525 5237 1
2879 1382 1
1382 3262 3
3262 1572 2
5287 2879 1
2315 5307 1
5307 876 1
876 2212 1
4584 1695 2
4528 1382 1
3262 1808 1
5389 2867 1
2867 979 2
2657 937 2
407 2867 1
2641 2683 1
5564 414 1
4453 3880 1
3880 2867 1
1052 1687 1
2289 3481 1
2289 2513 1
2657 1561 2
1561 5237 1
2632 409 1
409 2632 1
2632 1409 1
1409 2632 1
937 1254 1
1254 1409 1
1409 5666 2
3262 1630 1
1630 622 1
2414 1190 1
1190 2754 1
2754 5237 1
5237 5008 1
5008 1572 1
1572 3447 1
3447 5666 1
5666 1052 2
1052 5462 1
5462 1235 1
1235 5785 1
5237 4754 1
4754 2487 1
2487 1334 1
1334 1687 1
2867 2699 1
2699 1572 1
2487 3947 2
3947 1687 1
1687 3262 2
3262 930 1
930 4821 1
4821 5785 1
635 667 1
667 2212 1
4584 4453 2
2487 3948 1
3948 1687 1
3262 937 1
937 1290 1
1290 2187 1
2187 1098 1
1098 1684 1
1684 4439 1
4439 3262 1
3262 983 1
983 5451 1
5451 2985 1
2985 1014 1
271 5685 1
5685 1892 1
1892 1406 1
1406 1235 1
1235 4277 1
4277 1572 1
786 4478 1
4478 268 1
268 4252 1
4252 5542 1
5542 4910 1
4910 4460 1
4460 5219 1
5219 4189 1
4189 253 1
253 2510 1
2510 1975 1
1975 5463 1
5463 1572 1
3398 3782 1
3782 3627 1
3627 5053 1
2289 3101 1
3101 4011 1
4011 4910 1
4910 2864 1
2864 5039 1
5039 1203 1
1203 1892 1
1695 5389 1
5389 1493 1
1493 1041 1
5668 1659 1
1659 271 1
2564 3177 1
3177 3697 1
3697 1309 1
271 3359 10
3359 2404 1
2404 5038 1
5038 2282 1
3639 1328 1
1328 3310 1
1119 1687 1
2440 949 1
949 1459 1
1459 785 1
785 1892 2
5169 2269 1
2269 3859 1
3859 5360 1
5360 1041 1
5668 2399 1
2399 2302 1
4918 5082 2
5082 4515 1
4515 2225 1
2225 1679 1
1679 2814 1
2289 3537 3
1752 3200 1
4446 1 1
1161 1397 1
1397 1290 1
1290 2014 1
2014 1208 1
1208 5737 1
5737 2289 1
2289 4691 2
4691 2985 1
2985 4348 1
4348 5666 1
5666 3151 1
2115 2320 1
2320 4539 1
4539 63 1
2513 3480 1
2289 2829 1
2829 5257 1
4446 1687 1
1327 5169 1
5169 5398 1
5398 3537 1
1209 2864 1
2056 2375 1
2375 502 1
502 5257 3
4446 360 1
360 1908 1
1908 2985 1
2985 1246 1
1246 1572 1
2511 1217 1
1217 1129 1
1129 2985 1
2612 2241 1
2241 2868 1
4411 4232 1
4232 1894 1
1894 1 1
1161 4972 1
4972 3310 1
841 169 1
169 4586 1
4586 4348 1
4348 1385 1
1385 360 1
5785 3190 1
3190 1646 1
1646 313 1
313 2484 1
2484 4439 1
4439 5634 1
5634 1572 1
1045 3359 1
3359 1572 2
2269 2639 1
2639 2364 1
2364 5066 1
5066 626 1
626 4402 1
4402 1041 1
4751 2585 1
2585 2985 1
5785 5410 1
5410 4564 1
5043 4840 1
4840 1205 1
1205 5666 1
5785 1373 1
1373 5070 1
5070 1969 1
1969 5543 1
5666 3537 1
4398 722 1
722 3828 1
1572 3211 1
3211 5635 1
5635 4927 1
4927 2302 1
2302 4094 1
4941 3593 1
813 2814 1
1584 4345 1
4345 2607 1
2607 4632 1
4632 1695 1
1695 5633 1
5633 1572 1
4438 3224 1
3224 3396 1
4957 2597 1
2197 622 2
271 509 1
509 2657 1
5444 1209 1
4546 4599 1
983 5323 1
5323 5785 1
3031 3565 1
5666 2343 1
2343 5659 1
5659 1808 1
1808 4735 1
4735 917 1
917 3699 1
5666 1235 3
259 310 1
310 5258 1
2608 1161 1
1161 1931 1
5066 1962 1
1962 3149 1
3149 5785 1
4453 1235 1
1235 633 1
633 409 1
409 2868 1
2868 432 1
432 3138 1
3138 351 1
351 1 3
1 4539 1
4539 2608 1
2608 1695 1
1695 3251 1
3251 5087 1
3880 5066 1
5066 4402 1
4402 4698 1
4698 2302 1
2302 5517 1
5517 3480 1
5785 4744 1
4744 1572 1
1572 5021 1
5021 2660 1
2660 5774 1
268 5190 2
5190 4804 1
4804 1290 1
1290 5778 1
835 4077 1
2487 2331 1
2331 2302 1
5237 5399 1
5399 5666 1
5066 4804 1
4804 4048 1
4048 2487 1
3582 3609 1
3609 259 1
259 5344 1
835 2562 1
2562 3929 1
1290 4515 1
4515 103 1
103 930 1
930 4446 2
5344 2487 2
1532 428 1
428 3640 1
5785 4730 1
4730 4402 1
4402 5785 1
4439 5076 1
1235 2632 1
2632 4184 2
4184 1695 3
5785 3564 1
3564 2487 1
5096 2868 1
2868 194 1
194 1470 1
1470 5237 1
2868 3690 1
3690 1230 1
489 1687 1
5013 5774 1
2505 2657 1
5132 4402 1
4402 4051 1
4051 2657 1
1235 1572 1
1572 2056 2
2056 2525 1
2525 268 1
268 1003 1
1003 1 2
5087 973 1
973 1230 1
937 3792 1
3792 5666 1
5666 5077 1
5077 4765 1
4765 4403 1
4403 1572 1
1572 4155 1
4155 5774 1
2487 4184 1
4184 981 1
981 2487 1
2867 455 1
2868 3990 1
3990 1572 1
2056 194 1
194 2649 1
4051 4446 1
4446 1849 1
1849 4051 1
4051 5722 1
5774 5669 1
5669 930 1
930 1563 1
1563 2657 1
2657 4499 1
4499 2269 1
2269 5024 1
5024 1943 1
1943 5785 1
5785 5329 1
5329 1695 1
2879 1045 1
3609 360 1
1100 2487 1
2487 4765 1
4765 310 1
310 5237 1
5237 4546 1
4546 1045 1
2487 3460 1
3460 1493 1
1493 2879 1
2879 2668 1
2668 1692 1
1692 1230 1
2879 3636 1
3636 5258 1
841 5237 1
5118 2879 1
1406 2657 1
1572 1943 1
1943 2487 1
2269 4765 1
4765 2056 1
2056 5774 1
5824 930 1
4446 5237 2
3760 4539 2
1252 1493 2
1493 622 3
622 2668 1
2668 1572 1
3120 4899 1
4899 1514 1
1252 5043 1
5043 5164 1
5164 5237 1
5774 3033 1
3033 1045 1
1045 236 1
236 835 1
835 304 1
304 5760 1
5760 3310 1
841 4348 1
5169 4439 3
1920 745 1
745 4411 1
4411 1584 1
1584 4467 1
4467 271 1
5778 2197 1
2197 3750 1
3750 2515 1
2515 1892 1
1892 4870 1
4870 1101 1
1101 4169 1
1572 1087 1
1087 2209 1
2209 5258 1
2289 4086 1
4086 4051 2
4051 4086 1
4051 876 1
876 3561 3
3561 4539 1
622 1203 1
1203 3760 1
1252 833 1
833 1209 1
4546 4439 1
4776 406 1
406 2253 1
2253 5237 1
5237 4178 2
1177 2027 1
5666 1943 3
1943 5462 1
5462 4086 1
4086 1955 1
1955 1252 2
1252 968 1
968 4086 1
4086 2028 1
2028 2691 1
876 2028 1
2028 5774 1
1561 633 1
633 1235 1
1235 432 1
5087 4050 1
4050 3992 1
3992 4677 1
4677 2683 1
2683 335 1
335 4497 1
4497 2485 1
2485 4439 1
3609 1695 1
1281 3138 1
3138 4490 1
2487 4685 1
4685 4402 1
4402 4086 1
4086 2056 2
1572 5722 1
5722 4499 1
580 582 1
582 271 1
1843 2106 1
2106 1257 1
1257 971 1
971 1572 1
1572 1922 1
1922 1695 1
4992 5258 1
2289 4051 1
4051 2147 1
3417 3479 1
3479 517 1
517 5688 1
5688 5237 1
5237 5766 1
5766 1621 1
1621 5257 1
5257 1082 1
1045 2544 1
2544 2868 1
2868 62 1
62 3310 1
3310 1843 1
1843 5709 1
5709 5666 1
2632 3592 2
1572 2546 1
2546 257 1
257 622 1
622 3928 1
3928 1695 1
1695 1668 1
1668 2295 1
2295 1 1
5785 671 1
671 5132 1
5668 4633 1
4633 5378 1
5378 1602 1
4927 304 1
304 1209 1
4546 2011 1
2011 271 2
1752 1572 2
4439 2497 1
2497 5331 1
5331 824 1
824 2195 1
2195 745 1
745 2056 1
2056 4885 1
4885 2544 1
2544 5257 1
4446 2966 1
2966 4439 1
580 5569 1
259 3127 1
3127 3310 1
2165 271 1
271 1583 1
1583 5785 1
1572 1557 1
1557 5257 1
5257 4447 1
4447 1624 1
1624 5785 1
1177 5237 1
5237 995 1
995 622 1
580 271 1
1752 2056 1
1260 5066 1
5066 4142 1
4142 5571 1
5571 2067 1
2067 2985 1
2985 1125 2
1125 4599 1
4599 1252 1
2302 2191 1
2191 1695 1
2868 3593 1
3593 1687 1
1687 5237 2
1161 373 2
373 2836 1
2836 5258 1
5237 3653 1
3653 3449 1
3449 3760 1
3760 2487 1
1561 4450 1
4450 2872 1
2872 1230 1
1561 5785 3
5785 3864 1
3864 4059 1
4059 1687 1
1687 4657 1
545 1572 1
995 133 1
133 5118 1
5785 340 1
1572 4995 2
4995 2056 1
2056 2626 1
2626 271 1
1752 457 1
457 133 1
133 5785 1
3479 4547 2
4547 1572 1
3652 1230 1
1230 133 1
133 2010 1
2010 5053 1
1327 5114 1
1563 3076 1
3076 5237 1
177 4439 1
5066 189 1
189 4969 1
4969 3080 1
3080 622 1
4547 4544 1
4544 2197 1
630 4277 1
5444 4691 1
4691 635 1
635 4754 1
4754 635 1
635 3310 1
3310 1049 1
1049 2487 1
5132 4111 1
4111 5774 1
5774 1230 1
41 2868 1
5132 3744 1
3744 920 1
920 1572 1
259 3589 1
3589 2868 1
1572 3647 1
3647 2487 1
5785 2301 1
2301 1045 1
5169 4590 1
4590 268 1
2236 1253 1
1253 5378 1
5378 4926 1
4926 2868 1
5132 1555 1
1555 3366 1
3366 1695 1
4657 1843 1
1843 271 1
580 1209 1
1209 4730 1
4730 4515 1
4515 5737 1
5737 4439 2
4439 4918 1
304 1602 1
2868 2014 1
2014 698 1
698 785 1
785 2867 1
2867 2529 1
2529 3395 1
3395 2867 1
2867 3537 1
833 675 1
1584 1843 2
1843 5169 1
5169 2305 1
2305 360 1
5778 5011 1
5011 2608 1
2608 5563 1
5563 2289 1
268 3238 1
3238 4439 1
2879 372 1
372 2568 1
2568 5625 1
554 4439 1
4439 2056 3
2056 2867 1
2867 2835 1
2835 2289 1
193 5438 1
1572 1494 1
1494 2289 1
2289 1493 2
622 1944 2
1944 2668 2
2668 3562 1
3562 2867 1
2867 307 1
307 4598 1
4598 2223 1
2223 1252 1
3359 5635 1
5610 4169 1
4169 1204 1
1204 268 1
5043 1493 1
1493 5666 1
3828 360 1
360 2879 2
2879 4898 1
4898 2487 1
259 3085 1
3085 4039 1
4039 304 1
304 2289 2
2289 5440 2
5440 5695 1
5695 3310 1
4970 2186 1
2186 1360 1
1360 2486 1
2486 4502 1
4875 502 1
502 1209 1
4546 995 1
995 271 1
4411 4502 1
1161 3142 1
3142 406 1
406 5258 1
268 1358 1
1358 4811 1
4811 3119 1
3119 2292 1
2867 175 1
175 177 1
177 306 1
306 786 1
786 2144 1
2144 2482 1
2867 2759 1
2759 622 1
2668 3135 1
3135 1690 1
1690 3144 1
3144 3480 1
2487 2730 1
2730 622 1
622 3697 1
3697 2969 1
2969 1695 1
1254 5671 1
5671 3920 1
3920 4735 1
4439 4502 1
4502 2323 1
2323 1572 1
2144 3326 1
3326 675 1
1584 3359 1
3359 833 1
833 3968 1
4535 2639 1
2269 3920 1
3920 1808 1
4528 554 1
2868 1084 1
1084 5666 1
1943 2236 1
2236 5229 1
5630 930 1
3570 5043 1
5043 196 1
196 2867 1
2867 3597 1
3597 2316 1
2316 1572 2
2289 5111 1
5111 1290 1
2879 4650 1
4650 268 1
268 4901 1
4901 5087 1
271 1497 2
1497 3029 1
3029 2289 1
2289 1135 1
1135 2056 1
2056 2868 1
268 2574 1
2574 2657 1
5169 1271 1
1271 3867 1
3277 2289 1
271 4931 1
4931 1572 1
2482 345 1
345 487 1
487 1865 1
1865 4439 2
2056 3480 1
2487 502 2
4446 5118 1
5169 746 1
746 1584 2
1584 1865 1
1865 2056 1
2056 271 1
4976 2814 1
2482 5017 1
5017 5257 1
4446 4599 1
2867 1 2
310 2056 1
2056 585 1
585 5132 1
5132 973 2
973 4969 1
4969 518 1
518 2302 1
2867 5103 1
5103 5563 1
5563 5774 1
2879 5017 2
5017 1572 2
5785 5257 1
5257 5132 1
5666 949 1
4184 3236 1
3236 1572 1
1572 2639 1
4818 194 1
194 973 1
973 4439 1
406 2562 1
2562 1668 1
1668 1572 1
1572 2611 1
2611 2868 1
2868 3407 1
5017 2056 1
3753 360 1
360 5132 1
973 930 1
2176 4035 1
4035 5666 1
2027 4818 1
4818 1235 1
5785 2049 2
2049 3388 1
3388 4976 1
4976 2056 1
1572 3236 1
3236 2879 1
2879 2868 2
2868 543 1
543 2922 1
2922 1003 1
1003 2608 1
2608 5229 1
5229 1711 1
1711 1824 1
1824 2868 1
4439 1125 1
1125 1572 1
1572 2612 1
2612 930 1
930 786 2
1252 1003 1
1003 2192 1
2192 5253 1
5253 1695 1
1695 1180 1
1180 4202 1
407 1695 1
5017 2657 1
2657 5284 1
635 5257 1
5257 271 1
2922 4913 1
4913 2056 1
1572 2836 1
2836 973 1
973 1695 1
3807 5229 1
2868 5043 1
5043 378 1
378 5666 1
622 5076 1
5076 2868 1
2868 1155 1
2985 828 1
828 2657 1
4007 5017 2
1572 3237 1
3237 1572 1
4184 5258 1
2868 757 1
757 973 1
973 1 1
1 5191 1
4184 3310 1
1003 2868 1
2868 4758 1
4758 268 1
268 4471 1
4471 4439 1
5123 1572 1
826 1695 1
4992 304 1
5008 1865 1
2056 5708 1
5303 3828 1
5774 3309 1
3309 1897 1
1897 5043 1
5169 3191 1
3191 5191 1
484 1572 1
1385 2302 1
2289 517 1
517 3080 1
3080 1190 1
1190 5668 1
5668 282 1
282 2487 1
5114 360 1
360 5734 1
4439 635 1
635 4763 1
4763 5049 1
2737 5258 1
2922 2836 1
2836 2056 1
1572 785 1
1892 1014 1
1014 3549 3
3549 1235 1
1235 1045 1
1045 2699 1
1067 4515 1
4515 5757 1
5757 5043 1
5344 2641 1
2641 4625 1
259 5257 1
5257 2632 1
2632 5017 1
5017 2868 2
5283 4625 1
2868 2056 1
2056 973 1
973 1621 1
1621 1003 1
1003 1808 1
2868 4818 1
4818 973 1
973 2868 1
268 1692 1
1692 1003 1
1808 1004 1
1004 1572 1
2868 5571 1
5571 5191 1
987 4007 1
5017 5114 1
5114 2302 1
2302 5652 1
5652 2868 1
259 841 1
841 4728 1
4728 5169 1
259 2407 1
2407 2868 1
2868 2691 1
2691 2056 1
2056 2677 1
2677 2289 1
2289 3331 1
3331 4086 1
4086 2745 1
2745 2302 1
1161 5370 1
5370 1584 1
1584 5254 1
5254 5732 1
5732 2597 1
987 5049 1
2289 5114 1
5114 5407 1
5407 4086 1
5114 1789 1
1789 2868 1
2868 2745 1
2745 5043 1
1572 4086 2
4086 5020 1
5020 3690 1
3690 2375 1
2375 5449 1
5449 5017 1
2868 2766 1
2487 3235 1
3235 3983 1
3983 2879 1
5114 2269 1
2269 5388 1
1125 1 1
1 5390 1
5390 1602 1
1602 5049 1
5049 1169 1
1169 2868 1
1254 5049 1
2737 4049 1
4049 4804 1
4804 4086 1
1572 4499 2
4499 5376 1
5376 151 1
151 5077 1
5077 1943 1
1943 1572 1
1572 2496 1
2496 5020 1
5020 983 1
4439 3417 1
3417 3640 1
5049 1761 1
1761 1737 1
1737 271 1
472 4453 1
4535 1494 1
1494 5344 1
5344 4439 1
4439 1559 1
1559 1382 1
3262 2289 1
3880 1535 1
1535 3610 1
3610 622 1
2574 3912 1
3912 2289 1
2289 3943 2
3943 271 1
5053 4845 1
4845 2867 1
1572 4845 1
4845 3120 1
5319 2657 1
2657 1041 1
1572 3737 1
3737 5191 1
5191 5039 1
5039 2282 1
2282 3828 1
2289 2706 1
2706 4535 1
622 3144 1
1572 1198 1
1198 5687 1
2487 669 1
669 2289 1
2289 813 1
813 2289 1
2289 810 1
810 2737 1
2737 5569 1
2302 3262 1
3262 2739 1
2739 1867 1
1867 1 1
2487 5313 1
5313 2375 1
4365 3807 1
3807 2404 1
2404 3262 1
3262 2022 1
5344 3697 1
3697 1432 1
1432 2867 1
404 4086 1
2868 303 1
303 2302 1
2223 1968 1
1968 1572 2
1572 4854 1
4854 5049 1
5049 2022 1
2022 5666 1
2868 2232 1
268 3331 1
3331 2487 1
5132 5625 1
937 262 1
262 2289 1
2289 4528 1
406 235 1
235 5419 1
5419 1979 1
1979 2868 1
5591 973 1
973 2177 1
2177 2657 1
2289 3604 1
3604 453 1
453 2868 1
1572 1002 1
1002 5615 1
5615 2487 1
5224 4924 1
4924 3262 1
3262 2232 1
259 2404 1
2404 2868 2
2289 3052 1
3052 4625 1
2289 5182 1
5182 1 1
1 2965 2
2965 228 1
228 635 1
340 1177 1
2289 1659 1
1659 3262 1
3262 271 1
2486 2864 1
2864 4011 1
4011 771 1
771 2654 1
2654 2487 1
260 2289 1
1406 5258 2
5258 1209 2
4546 2302 1
2302 5634 1
5634 4885 1
4885 4106 1
4106 4417 1
4417 1892 1
1892 5053 1
268 4476 1
4476 1255 1
1255 5039 1
5039 4439 1
4439 994 1
994 4421 1
4421 5039 1
5039 5774 1
5774 1209 1
3120 1122 1
1122 5043 1
2867 235 1
235 259 1
268 3843 1
1584 21 1
21 455 1
4439 420 1
420 1323 1
1323 2302 1
2814 1423 1
1423 3162 1
3162 1684 1
1684 3951 1
3951 4439 1
4535 5039 1
5039 2289 1
2018 3186 1
3186 3262 1
3262 2487 2
2487 5314 1
5314 2657 1
2289 3254 1
3254 1045 1
3480 2375 1
2375 3262 1
5318 2302 1
2302 4648 1
4648 3807 1
2289 2386 1
2386 4623 1
4623 5101 1
5101 1572 2
2868 351 1
351 3661 1
3661 2302 1
2302 858 1
858 5306 1
5306 1489 1
1489 4487 1
4487 3891 1
3891 5101 1
1572 3327 1
3327 360 1
360 3537 1
3537 1235 1
1235 870 1
5306 4880 1
4880 4162 1
4162 2197 1
2197 3262 1
3262 268 1
885 930 1
1235 1712 1
1712 3262 1
3262 5563 1
5563 3322 1
3322 2487 1
2487 4695 1
4695 5049 1
5049 5078 1
2487 3461 1
3461 5169 1
5024 1968 1
1968 5049 1
5049 3262 1
3262 4453 1
4453 4528 1
2487 1409 2
1409 1695 1
1044 2205 1
2205 1014 1
1014 5191 1
5059 1489 1
1489 3262 1
1 5350 1
3640 360 1
5774 690 1
690 5224 1
5224 2867 1
2867 1978 1
1978 1014 1
3549 622 1
5132 2972 1
2353 4672 1
4672 3262 1
3262 746 1
746 351 1
351 1572 1
4515 2134 1
2134 5287 1
5287 5059 1
2879 5671 1
5671 2479 1
2479 1572 1
646 2868 1
2844 5169 1
1014 3031 1
3031 4868 1
4515 1346 1
1346 1572 1
1067 4695 1
4695 3242 1
3242 2836 1
2836 5644 1
5644 5213 1
5213 5747 1
5747 930 1
3259 2487 1
2487 2006 1
268 4796 1
4796 2657 1
5213 983 1
268 2479 1
2479 2349 1
2349 2302 4
5082 5169 1
5169 2822 1
2822 1572 1
4691 2649 1
5569 5211 1
5211 2027 1
2027 2006 1
2006 2027 1
2027 1 1
1 2349 1
2349 1096 1
268 4689 1
5360 5361 1
5361 1584 2
1584 5082 1
5082 2487 1
2962 2349 1
4918 455 1
4515 799 1
799 2873 1
2873 5237 1
5237 1041 2
3898 2009 1
2009 1010 1
1010 891 1
891 404 1
404 1013 1
1013 1028 1
1028 1621 1
1621 4901 1
4901 2669 1
2669 1230 1
1230 5774 1
5774 937 1
937 3120 1
5211 1572 1
1572 5471 1
5471 790 1
790 2886 1
2886 622 1
1252 1096 1
268 1663 2
1663 1587 1
1587 5774 1
5774 2639 1
2639 2505 1
2505 1014 1
1014 2590 1
2590 1096 1
1096 2962 1
2962 4515 1
4515 2349 1
2349 3507 1
3507 2289 1
1014 3082 1
3082 3242 1
3242 2302 1
2302 1782 1
1782 1584 1
1584 1968 1
2149 5785 1
2864 2057 1
2057 3911 1
1290 4823 1
4823 2349 1
2349 1892 1
2217 1096 1
268 3253 1
3253 1572 1
1572 5198 1
5198 588 1
588 2867 1
2879 4824 1
4824 5591 1
5591 4051 1
4051 1435 1
1435 2302 1
2302 246 1
246 1572 1
1572 4107 1
4107 2289 1
1532 5140 2
5140 3288 1
3288 4564 1
4564 1532 1
1532 447 1
447 4515 1
4515 1238 1
1238 5005 1
5005 2607 1
2607 3287 1
3287 2962 1
2962 4384 1
4384 1572 2
1572 1156 1
1156 1532 1
1532 1673 1
1673 4564 1
4564 1678 1
1678 5384 1
5384 1572 1
1572 1607 1
1193 5444 1
5444 2313 1
2313 3640 1
3640 5192 1
5192 1379 2
1379 1532 1
1532 3349 1
3349 125 1
125 360 1
360 3491 1
3491 157 1
157 5682 1
5682 3640 1
3640 5248 1
5248 5192 1
1379 844 1
844 5133 1
5133 1155 1
1155 3828 1
3828 5665 1
5665 5778 1
5778 2349 1
2349 5043 1
5043 2867 2
268 4337 1
4337 622 1
622 2349 1
2349 2867 1
268 2087 1
2087 2632 1
5569 4325 1
4325 1572 1
3699 4365 1
4365 5668 1
1014 2399 1
2399 622 1
622 1014 1
4911 5284 1
5284 2867 1
3576 3310 1
2165 835 1
835 5668 1
5668 2479 1
5774 4822 1
4822 1687 1
2814 238 1
238 2657 1
268 2623 1
2623 5785 1
5774 2399 1
2399 1 1
5237 3640 1
3640 4453 1
4453 2693 1
2693 240 1
240 2867 1
5465 1014 1
259 4865 1
4865 1695 1
3609 5258 1
2289 994 1
994 4918 1
4751 2487 3
1117 1532 1
1532 1096 1
268 1728 1
1728 2454 1
2454 5070 1
5070 1728 1
1728 1695 1
1412 1563 1
1563 2345 1
2345 3428 1
2867 4223 1
4223 69 1
4758 3229 1
3229 310 1
5785 5388 1
1532 1 1
5442 4528 1
1572 3531 1
3531 5778 1
5778 4172 1
4172 2867 1
2562 5443 1
2867 3566 1
3566 1406 1
5666 5736 1
5736 3242 1
3242 3373 1
3373 5258 1
2289 3120 1
3120 2144 1
2144 1235 1
2236 505 1
505 1235 1
5442 1368 1
1368 2985 1
2985 3809 1
3809 4169 1
1 5229 1
5229 2922 1
2922 5778 1
5778 1766 1
1766 4169 1
4169 5169 1
2289 4656 1
259 4528 2
4528 5785 2
1406 487 1
487 2158 1
2158 275 1
275 3813 1
3813 4910 1
4910 1288 1
1288 5043 1
2687 2349 1
2302 1728 3
1572 2571 1
2571 3098 1
3098 3242 1
3259 2289 1
3943 5169 1
5169 1288 1
1288 5032 1
2737 1452 1
1452 5274 1
1522 5774 1
268 319 1
319 2292 1
2292 2657 1
1572 1728 1
1728 268 1
268 2559 1
2559 580 1
580 170 1
170 1687 1
3547 1808 1
2158 1815 1
1815 2289 1
2289 4524 1
4524 1288 1
1288 4439 1
2657 1764 1
1764 2867 1
489 1690 1
2867 4475 1
4475 2302 1
2302 4941 1
2289 4369 1
4369 4218 1
4218 4535 1
2661 2289 2
2289 641 1
4588 2487 1
5442 1086 1
1086 2867 1
3531 1119 1
1119 409 1
76 1014 1
2487 2731 1
2731 2289 1
2289 3463 1
3463 2867 1
1014 3916 1
1924 4735 1
5596 2701 1
2701 2868 1
2868 5191 1
4184 503 1
503 5726 1
5200 687 1
3383 355 1
355 3485 1
3485 5258 1
1014 1288 1
1288 1572 4
5132 1840 1
1840 2691 1
2691 2302 1
268 2130 1
2130 5572 1
5572 717 1
717 2289 1
2289 5810 1
1066 5730 1
5730 2657 1
1252 2526 1
5668 4091 1
4091 271 1
2868 1288 1
1288 2657 1
404 1781 1
5453 1695 1
1695 2556 2
5563 5169 1
5169 2390 1
2390 238 1
238 785 1
785 1489 1
3197 785 1
785 1014 1
1572 316 1
316 2867 2
1252 3911 1
4169 1014 1
1014 2482 1
2482 663 1
663 238 1
238 3828 1
3828 3572 1
3572 785 1
1968 1256 1
1256 1403 1
1403 2867 1
2867 2250 1
2250 1892 1
2289 746 1
1584 5542 1
5542 5169 1
5169 316 1
2867 4171 1
4171 3480 1
3480 5258 1
2487 4522 1
4522 360 1
360 4499 1
4499 1489 1
1489 4874 1
4874 1728 1
1728 3363 1
3363 5245 1
5245 1572 1
4453 2025 1
5778 5245 1
5245 2520 1
2520 5635 1
5635 5191 1
5191 622 1
622 3879 1
271 3530 3
3530 3629 1
3629 4401 1
4401 268 1
268 3639 1
3639 1432 1
271 3177 1
3177 1572 1
1690 4184 1
5132 2677 1
2677 1943 1
1943 5375 1
5375 1014 1
1014 1290 1
1290 2661 1
268 4628 1
4628 3552 1
3552 4483 1
4483 5641 1
5641 1572 1
1572 5669 1
5669 1613 1
1613 2302 1
4515 4804 1
4804 3242 1
3242 268 1
5350 885 1
885 2349 1
2349 4439 1
4439 798 1
798 2479 1
2479 2302 1
2302 1288 1
1288 2664 1
1924 3409 1
3409 1 1
1 2906 1
2906 5024 1
5024 2289 1
2289 3640 2
3640 5666 1
5666 2486 1
1258 5043 1
5043 383 1
383 5666 1
5388 2650 1
2650 2657 1
1096 3877 1
3877 1572 1
5785 4759 2
5666 186 1
186 2620 1
2620 2282 1
2282 271 1
360 4515 1
2487 1216 1
1216 1684 1
1684 622 1
1663 2289 1
2289 3628 1
3628 1608 1
1608 271 1
271 2955 3
2955 69 1
1014 1643 1
1643 853 1
853 4515 1
4515 4169 2
4169 1209 1
4546 4184 1
949 5350 1
5350 3264 1
2925 2691 1
2993 1849 1
1849 2640 1
2640 2487 1
3549 5118 1
2482 3352 1
3352 2691 1
5666 4656 1
4656 4131 1
4131 271 1
271 770 1
770 4559 1
4559 1572 1
1572 2660 1
2925 1808 1
2867 5416 1
5416 2691 1
2691 4559 1
4559 2260 1
2260 4028 1
4028 5258 1
3310 1818 1
1818 5824 1
5824 268 1
5666 580 1
580 194 1
194 2556 1
2556 5096 2
5096 1572 1
5169 4759 1
5132 833 1
360 2970 1
2970 1290 1
1290 23 1
23 3267 4
3267 5774 1
5049 23 1
23 3266 1
3266 2894 1
2894 3788 1
3788 1842 1
1842 5242 1
5242 1412 1
1412 5666 1
1488 5671 1
2552 5774 1
980 4252 1
4252 4861 1
4861 2657 1
2657 584 1
1952 1096 1
1096 5742 1
5742 487 1
487 1412 1
1412 1572 2
1572 1110 1
1110 2691 1
360 1842 1
1842 202 1
202 1808 1
1808 2096 1
2096 4740 1
4740 75 1
75 1584 1
1584 5241 1
5241 2691 1
5774 1105 1
1105 4677 1
4677 5774 1
5774 5045 1
5045 5563 1
5563 4861 1
2269 547 1
547 2692 1
2692 1041 1
2938 1252 1
1252 5360 1
5360 980 1
980 5043 1
5043 2136 1
2136 5360 1
5360 2163 1
2163 4439 1
2879 3281 1
2961 457 1
457 2867 1
5244 1 1
2867 5259 1
5259 5043 1
5453 2657 1
2657 3646 1
3646 5169 1
1252 93 1
93 1687 1
2289 3805 1
3805 1950 1
2632 268 1
268 310 1
2879 983 1
983 2305 1
1290 3287 1
3287 930 1
335 2657 1
5778 5625 1
5625 2556 1
2556 3538 1
3538 5237 1
2289 3552 1
3552 3530 1
3530 4511 1
4511 979 1
5569 1 1
1409 937 1
2487 1070 1
1070 2632 1
5630 1230 1
2487 3804 2
3804 2938 1
1014 4024 1
4024 76 1
619 3885 1
3885 2006 1
2006 1572 1
2486 4898 1
4898 1572 1
1572 5209 1
5209 1563 1
1563 2487 1
268 1625 2
1625 2640 3
2640 4718 2
4077 3027 1
955 2867 1
2867 1731 1
1731 1572 1
1572 3856 1
3856 675 1
675 3085 1
3085 1572 1
1572 3250 1
3250 259 1
2487 4037 1
4037 1849 1
1849 3567 1
3567 5774 1
5563 930 1
930 3686 1
3686 2867 1
2867 3811 1
3811 5567 1
5567 5785 1
5785 4857 1
4857 5237 1
5237 2475 1
2475 5334 1
5334 5043 1
4439 4677 1
4677 1613 1
1613 5237 1
1096 2677 1
2677 3976 1
1572 4913 1
4913 3281 1
3281 5169 1
5169 1287 1
1287 2515 1
2515 2657 1
310 5478 1
5478 1252 1
1252 3396 1
4957 784 1
784 5258 1
2868 2315 1
2315 1572 1
1572 1159 1
1159 2608 1
2608 1561 1
5237 2886 1
2886 3576 1
3576 360 1
360 2044 1
2044 2302 1
2302 5651 1
5610 5668 1
5668 4728 1
4728 23 1
3267 1572 2
4995 2867 1
3363 631 1
955 5564 1
5785 4728 1
4728 2657 1
2657 2621 1
2236 4746 4
4746 3281 1
3281 5118 1
5237 5350 2
2302 4677 1
4677 2487 1
2027 790 1
790 3753 1
268 409 1
4174 654 1
654 5785 1
5043 1621 1
1621 1630 1
1630 5774 1
4751 1687 1
1687 983 1
983 2487 2
3042 790 1
790 4751 1
3042 2289 1
1096 5132 1
5132 1305 1
1305 2691 1
5668 1663 1
1663 1051 1
1051 4515 1
4515 1091 2
1091 5287 1
2289 1950 1
1950 1621 1
2608 4751 1
4174 2621 1
2621 5258 1
2640 2258 1
2258 2683 1
5785 4677 1
4677 1 1
1252 2136 1
2136 268 1
404 3281 1
3281 5258 1
5258 5257 2
1563 2972 1
271 5684 3
5684 1808 1
5785 5263 1
2487 2348 1
2348 5785 1
5785 2304 1
2304 4782 1
4782 3281 1
3537 5688 1
5688 2302 1
2302 1924 2
1924 2886 1
268 1611 1
1611 2136 1
2136 1 1
1014 2343 1
3281 5257 2
4446 1572 3
2289 5341 1
5341 455 1
455 5169 1
5169 2399 1
2399 23 1
3267 1 1
5785 3222 1
3222 4657 1
4657 2677 1
2677 271 2
271 3281 1
3281 2515 1
2515 3422 1
3422 3267 1
3267 3363 1
3363 955 1
955 554 1
2399 271 2
271 3267 1
3267 2973 1
2973 66 1
66 4629 1
4629 2336 1
2336 268 1
268 2450 2
2450 2543 1
2543 1156 2
4657 2676 1
2289 2370 1
2370 2302 1
2302 810 1
810 631 1
955 246 1
246 2302 1
5169 2423 1
2423 1927 1
1927 5637 1
5637 1572 1
1572 3208 1
3208 1886 1
1886 1 1
2302 955 1
955 5693 1
5693 5552 2
5552 3895 1
3895 1612 1
1612 897 1
897 876 1
1100 3225 1
3225 2879 1
2879 1692 1
5666 1100 1
1100 3530 1
3530 1190 1
1572 3845 1
3845 1892 1
3234 4938 1
4938 1813 1
1813 1525 1
1525 3276 1
3276 5546 1
5546 955 1
955 5257 1
5257 591 1
591 3316 1
3316 2985 1
2985 1667 1
1667 2578 1
2578 1041 1
1041 2868 1
4599 4668 1
4668 1621 1
1621 3407 1
1687 2547 1
2547 1252 1
4458 2487 1
5442 2868 1
2868 3007 1
3007 2985 1
2814 1667 1
1667 1695 1
2868 1251 1
1251 5350 1
1161 2868 1
2961 2814 1
2955 208 1
208 2676 1
2676 5169 1
551 5666 1
622 3031 2
3031 5318 1
5318 1 1
2867 1083 1
1083 5169 1
980 3310 1
3756 5088 1
5088 2884 1
2884 3641 1
3641 12 1
12 2486 1
2486 1150 1
1150 2289 1
2289 2399 1
2399 625 1
625 3267 1
3267 2657 2
2657 208 1
5318 271 1
2676 3368 1
3368 2867 1
1695 4691 1
2692 955 1
955 268 2
268 3114 1
3114 2513 1
2961 1093 1
1093 271 1
1497 2867 1
907 2951 1
2951 1572 1
1572 409 2
2513 5441 1
5441 5258 1
5258 5693 1
5552 1493 1
1493 2867 1
2867 3267 1
3267 1290 1
5727 554 1
5774 3267 3
3267 2487 1
661 5785 1
5785 282 1
282 1156 1
1156 2814 1
2814 3095 1
3095 5696 1
4439 1633 1
1633 5095 3
5095 2388 1
2388 5778 1
5778 2677 1
2677 2935 1
2935 282 1
282 63 1
5592 2879 1
2879 3868 1
3868 583 1
583 5346 1
5346 5668 1
5668 635 2
635 2420 1
2420 1572 1
1572 1476 1
1476 635 1
2487 757 1
757 1584 1
1100 5668 1
2182 2879 1
2879 978 1
978 5785 1
5785 3901 1
3901 1687 1
5778 5696 1
5696 2657 1
2657 4753 1
4753 2236 1
3467 5785 1
5785 4752 1
4752 5774 1
5774 3474 1
983 76 1
3804 2236 1
2236 1651 1
1651 1253 1
1253 2962 1
2962 5086 1
5086 4195 1
4195 1278 1
2744 2302 1
4147 1675 1
1675 554 1
554 3731 1
3731 5785 2
635 3024 1
3024 2879 1
2879 1337 1
1337 2879 1
2879 3879 1
5032 4439 1
4538 4941 1
1572 3399 1
3399 1796 1
1796 3054 1
3054 955 1
2513 5785 1
3186 2899 1
2899 1096 1
1096 1496 1
1496 271 1
271 4376 1
4376 2657 1
2657 457 1
268 168 1
168 1695 1
1695 2784 1
2784 271 1
580 635 1
635 2269 1
2269 3385 1
3385 1430 1
1430 955 2
1230 3453 1
3453 5274 1
5274 2879 1
360 1230 1
5569 3689 1
3689 2617 1
2617 979 1
622 5173 1
2487 5181 1
5181 2333 1
2333 2814 1
2814 4768 1
4768 5666 1
5785 1663 1
1663 4515 1
1091 5785 1
5785 565 1
565 5336 1
5336 2543 1
5687 268 2
1313 5416 1
5416 5666 1
2486 983 1
2289 585 1
1311 3374 1
3374 622 1
622 4887 1
4887 1687 1
65 2289 1
268 4879 1
2687 268 1
2052 1621 1
4377 3666 1
3666 2289 1
2289 4739 1
4739 990 1
990 1128 1
1128 4915 1
4915 1572 1
2737 4796 1
4796 3813 1
3813 3297 1
3297 2867 1
5043 1905 1
1905 1572 1
1572 4109 1
4109 1695 1
1695 3809 1
3809 2486 1
1252 2449 1
2449 1913 1
1913 5666 1
2269 3567 1
3567 665 1
665 5746 1
5746 2867 1
4942 5087 1
256 2302 1
2302 5806 1
5806 1572 1
3530 88 1
88 2961 1
2961 1235 1
1235 1074 1
1074 2302 1
3297 1816 1
1816 4144 1
4144 1572 1
404 4539 1
4539 1208 1
1208 2052 1
2052 1892 2
1892 584 1
584 2476 1
2476 2302 1
107 5257 1
5257 948 1
948 2289 2
4535 1327 1
1572 1074 1
1074 4515 1
4169 2289 1
2289 3765 1
3765 3984 1
3984 580 1
580 1290 1
1290 4425 1
2051 338 1
338 3469 1
3469 369 1
369 1104 1
1104 2289 1
2289 1477 1
1477 360 1
5049 3224 1
3224 5666 1
3565 4535 1
5346 4547 1
1252 3640 1
5352 2289 1
2289 3053 1
3053 4835 1
4668 2691 1
2691 3956 1
3956 5183 1
5183 2657 2
2289 4267 1
4267 3031 1
1561 1712 1
1712 4377 1
4377 66 1
66 3886 1
3886 2487 1
2487 1082 1
2486 1843 2
2608 3310 1
1119 2289 1
3359 1290 1
1290 5023 1
5023 3912 1
3912 1572 1
1572 2307 1
2307 2879 1
4933 5666 1
259 300 1
300 2302 1
5591 2520 1
2520 3062 1
3062 4523 1
4523 2657 1
271 3531 1
3531 953 1
953 2289 1
2661 5169 1
5169 2368 1
2368 2302 1
4535 3281 1
1572 1505 2
4535 3985 1
3985 2289 1
463 304 1
5169 601 1
2691 2125 1
2125 404 1
404 5237 1
5237 2126 1
2126 2867 1
554 2125 1
2125 5785 1
1313 1 1
5785 310 1
310 3068 1
3068 195 1
195 1968 1
2302 2105 1
2105 2032 1
2032 1096 1
3359 2657 1
2649 2731 1
2731 1572 1
76 2125 1
2125 4365 1
4365 5785 1
2487 2729 1
2729 496 1
496 2889 1
2889 4547 1
4547 4879 1
1572 404 1
404 2125 1
2125 1489 1
1489 5237 1
5237 4879 1
907 5785 1
1252 3479 1
4547 1687 1
1687 1014 2
1014 2304 1
2867 3281 1
3281 4782 1
4782 1572 1
622 3862 1
3862 1 1
5132 5440 1
5237 1582 1
5785 1297 1
1297 270 1
270 5785 1
5785 4879 1
3359 2364 1
2364 2125 1
2125 2302 2
1252 2176 1
2962 3711 1
3711 4515 1
4515 4499 1
1572 1901 1
1901 3479 1
3479 2316 1
2316 1695 1
304 2302 1
4453 348 1
348 4970 1
4970 3482 1
3482 5257 1
4446 4439 3
4439 4501 1
4501 271 1
4411 5785 1
2487 1093 1
1093 1177 1
1177 4995 1
4995 2125 1
271 5703 1
5703 1572 2
1572 2474 1
2474 2868 1
2046 5569 1
5569 4028 1
2194 2657 1
2657 5257 2
5257 4547 1
1572 2968 1
2968 5237 1
3359 931 1
931 5666 1
5237 5053 1
2649 1695 1
5043 2649 1
5237 381 1
381 271 1
841 3479 1
3479 2677 1
3359 1808 1
1808 1937 1
4835 2487 1
1561 5257 1
5257 2487 2
4702 2996 1
389 5169 1
5169 4547 1
4547 833 1
5237 979 1
979 271 1
3359 2649 1
2649 5257 1
4446 4751 1
4751 2649 1
2649 3330 1
3330 5785 2
833 1676 1
3066 1695 1
979 2775 1
2775 2657 1
1100 4026 1
4026 5049 1
5049 4951 1
4951 373 1
373 5666 1
4911 3042 1
3042 3405 1
3405 1687 1
1687 619 1
619 78 1
78 3747 1
3747 2868 1
4599 4364 1
4364 5151 1
5151 4969 1
4969 4547 1
4547 271 1
1392 1572 1
4702 757 1
757 3085 1
3085 3480 1
3879 5785 1
5237 1487 1
1487 5671 1
5671 2521 1
2521 1572 1
5569 4641 1
4641 2985 1
268 4858 1
4858 5785 1
5785 2560 1
2560 622 1
622 4264 1
4264 1572 1
4531 5237 1
2868 5125 1
5125 5785 1
5785 559 1
559 5785 1
5785 3127 1
271 3967 1
3967 1843 1
1843 876 1
876 4625 1
4625 1532 1
1532 268 1
268 2424 1
2424 1572 1
622 525 1
525 4439 1
2661 1045 1
1045 841 1
5687 1184 1
1184 2487 1
4911 1572 1
5785 5110 1
5110 2919 1
4968 5229 1
268 5510 1
5510 4439 3
2855 2814 1
2814 4586 1
4586 1161 1
4942 1572 1
622 4212 1
4212 564 1
564 2657 1
3120 609 1
609 1572 1
1572 205 1
205 406 1
406 5572 1
5572 4900 1
2487 676 1
676 4515 1
4515 5183 1
3031 5774 1
5774 1406 1
1406 1222 1
1222 2879 1
2879 3216 1
3216 2176 1
2176 3741 1
3741 1501 1
1501 1572 1
1572 2833 1
2833 503 1
503 1572 1
2657 5703 1
5703 4515 1
4515 4439 1
2487 4730 1
4730 40 1
5668 5257 1
4446 4633 1
4633 3879 1
5032 705 1
705 5785 1
1572 3065 1
3065 5785 1
4599 5169 2
3593 570 1
570 1572 1
5350 2345 1
2345 2962 1
2962 622 1
622 823 1
823 1572 1
4633 75 1
2487 1479 1
1479 360 1
5778 525 1
525 48 1
48 5785 1
4586 1695 1
2302 5306 1
5306 2375 1
2375 3879 1
3879 5257 1
2481 5049 1
5049 2048 1
2048 1116 1
1116 5666 1
4758 4334 1
4334 1572 1
5350 2994 1
2994 2632 1
580 2868 1
2868 4323 1
4323 5785 1
5625 2484 1
2484 511 1
511 1572 1
1572 4757 1
4757 1695 1
3676 4547 1
4547 2027 1
2027 2395 1
2302 4192 1
4192 5043 1
5350 954 1
954 5610 1
5610 1621 1
1621 1252 2
3402 2704 1
2704 4582 1
4582 1 1
1 5257 4
5257 622 1
622 3931 1
3931 1572 1
1572 3931 1
3931 1687 1
4439 1116 1
1116 5785 1
1155 622 1
1572 194 1
194 4077 1
4077 5569 1
5569 3980 1
3980 4612 2
4612 1543 2
1543 271 1
1843 1252 1
1252 4897 1
622 1248 1
1248 1572 1
1572 1248 1
1248 2125 1
2125 2481 1
2481 5063 1
5063 3363 1
2236 5703 1
1572 3692 1
3692 5785 1
1290 5726 1
5482 1808 1
1954 3780 1
3780 4547 1
5684 1572 3
1505 360 1
4192 5785 1
5785 3743 1
3743 4439 1
4955 1 1
5257 1406 1
2046 2127 1
2127 1123 1
1123 1892 1
1892 2144 1
2144 3972 1
3972 463 1
2037 1385 1
1385 3316 1
3316 1695 1
1695 3542 1
3542 876 1
876 2189 1
4439 4348 1
4348 5258 1
2867 2315 1
2315 4247 1
4247 2233 1
2233 1572 1
1572 2233 1
2233 2867 1
5087 4066 1
4066 1584 1
841 622 1
5785 4801 2
4801 4439 2
5785 5737 1
4439 2125 2
2125 1 1
5257 2481 1
2481 5785 1
5785 3873 1
4439 4658 2
4658 271 1
271 844 2
844 3858 1
3858 40 1
5785 3228 1
3228 4648 1
5666 2649 1
4686 310 1
1561 3879 1
3879 67 1
67 535 1
535 1572 1
5237 3349 1
3349 3310 1
3310 5585 1
1572 4017 1
4017 2315 1
2315 2233 1
2233 5066 1
5066 5049 1
1252 1695 1
5169 1277 1
1277 1892 1
1892 5105 1
5105 5258 1
3310 2046 1
2046 2414 1
2414 5237 1
4547 5785 1
4599 1514 1
5237 2011 1
3359 2632 1
4668 259 1
4599 2683 1
5087 2123 1
2123 4633 1
4633 271 1
3664 1572 1
4702 607 1
607 1045 1
1045 1329 1
1329 987 1
2487 1476 1
1476 2868 1
2868 3345 1
3345 5774 1
5774 3881 1
3881 951 1
951 271 1
2317 271 2
271 1162 1
1162 4877 1
907 1572 1
4588 3573 1
1687 5684 1
5684 2985 1
509 5785 1
1217 2269 2
2269 833 1
833 2436 1
2436 5785 1
5785 2770 3
2770 5169 1
5096 2632 1
2632 2197 1
2197 5666 1
2165 4162 1
4162 525 1
525 5625 1
5625 885 1
885 1222 1
1222 2928 1
2928 5684 1
5684 2622 1
2622 2877 1
2877 259 1
1561 2232 1
2879 4743 1
4743 5625 1
5625 956 1
956 3402 1
2562 4847 1
4847 4846 1
4846 5785 1
2867 786 1
1014 487 1
487 5237 1
5237 3220 1
3220 5111 1
5111 5361 1
5361 1572 1
1572 3366 1
3366 4582 1
4582 271 1
2289 5439 1
5751 3834 1
3834 5695 2
5695 2879 1
5350 486 1
4439 1412 1
1572 1954 1
1954 833 1
833 554 1
554 409 1
833 2027 1
1235 4278 1
4278 955 1
955 1430 1
1430 2657 1
2649 4142 1
4142 962 1
962 1584 1
1584 635 2
635 502 1
502 469 1
469 1572 1
1251 2879 1
2965 4920 1
4920 1532 1
3828 2879 1
2879 3835 1
3835 948 1
2289 4582 1
4582 2487 1
5442 2289 1
2289 2910 1
2910 1695 1
1695 5510 1
5510 268 2
5684 2657 1
1406 2289 1
2289 4039 1
4039 5635 1
5635 2486 1
2486 1988 1
1988 1014 1
1014 3697 1
1572 593 1
2289 5169 1
5169 5043 2
5043 1096 1
3756 3127 1
4463 2289 1
4691 622 1
171 3834 1
5695 5169 1
5169 5569 1
5569 5635 1
5635 5761 1
5761 955 1
955 5287 1
5287 5669 1
5669 2657 1
2657 1290 1
1290 5084 1
5084 5774 1
2505 268 1
2867 316 1
316 2289 1
3480 5695 1
5695 5314 1
5314 3941 1
3941 1205 1
1251 304 2
2867 5125 1
5125 559 1
1252 3629 1
3629 5110 1
1572 129 1
129 2289 1
1584 955 1
1572 3385 1
1687 1302 1
1302 5635 1
4549 1014 1
5350 3310 1
4941 1302 1
1302 1 1
5169 1687 1
2606 1513 1
1513 5744 1
5744 1290 1
1290 5002 1
5002 271 1
271 218 1
218 1302 1
1572 3336 1
3336 2302 1
2564 1808 1
4588 4343 1
4343 1302 1
1302 1495 1
844 1950 1
5053 4926 1
4926 1621 1
1621 2289 1
268 4958 1
4958 2289 1
2289 1849 1
2996 1572 1
1190 1290 1
2289 4219 1
4219 1920 1
1920 5156 1
5156 776 1
776 1 1
1 4135 1
4135 3271 1
3271 5043 1
1572 4509 1
4509 2337 1
2337 2486 1
2486 841 1
841 2879 1
2879 1922 1
1922 554 1
2879 554 1
2879 75 1
4354 4876 1
4876 4737 1
4737 2302 1
2302 2140 1
2140 1697 1
1697 622 1
622 3945 1
3945 1 1
1489 360 1
5778 48 1
48 4439 1
4737 4343 1
4343 559 1
559 1687 1
4354 4439 1
4439 807 1
807 1572 1
5751 2289 1
2289 1252 2
4693 2289 1
76 4460 1
4138 3310 1
5204 1687 1
2158 1290 1
1290 1892 3
1892 2483 1
2483 2018 1
2018 5229 1
5229 2289 1
4875 4737 1
4737 2325 1
2325 2289 1
3395 268 1
3186 2197 1
2197 2506 1
2506 1989 1
1989 2657 1
2657 5287 1
5774 4515 1
4515 2879 1
2879 1999 1
1999 3470 1
2289 3334 1
3334 5538 1
229 943 1
943 4439 1
1572 417 1
417 593 1
1290 5315 1
5315 5128 1
5128 2289 1
1252 2018 1
2018 3922 1
1687 4094 1
4941 4354 1
268 3890 1
3890 2052 1
2052 1209 1
4546 3988 1
3988 589 1
4900 4019 1
4019 1695 1
2232 2106 1
2106 5751 1
5751 3598 1
3598 1045 1
1045 4567 1
1 3085 1
3085 5043 1
1252 129 1
129 2409 1
2977 786 1
786 271 1
271 1732 1
1732 268 1
4009 360 1
1045 2289 1
2289 2591 1
2591 1111 1
1111 5114 1
5114 1920 1
1920 5625 1
5625 5114 1
5114 1989 1
4737 1 1
1635 5114 1
1161 455 1
455 1489 1
1489 1920 1
1920 4897 1
622 4647 1
4647 1572 1
1572 4647 1
4647 3480 1
3480 4751 1
2487 1404 1
1404 271 1
271 4082 1
4082 1 1
580 3306 1
3306 930 1
930 3306 1
939 5118 1
5169 2744 1
2744 5161 1
5161 1687 1
4668 1014 1
5237 5087 2
5087 4513 1
4418 2321 1
2321 1014 1
4658 833 1
833 1695 1
1695 622 2
622 3812 1
3812 5318 1
5318 1712 1
1712 3813 2
3813 3277 1
3031 1356 1
1356 2212 1
622 2289 1
1572 1067 1
1067 1695 1
5132 2232 1
3138 2486 1
2486 2176 1
2657 5015 1
5015 360 1
5169 3699 1
2867 1441 1
1441 4135 1
4135 2454 1
2454 4135 1
4135 271 3
2661 1808 1
2289 5358 1
5358 5774 2
5774 361 1
361 2486 1
2486 4028 1
4028 5169 1
1252 92 1
92 5094 1
5094 2599 1
1584 4275 1
4275 2035 1
2035 1927 1
2867 5673 1
5673 4957 1
4957 190 1
190 2289 1
4535 4804 1
4804 5668 1
5668 3193 1
3193 2867 1
2867 4275 2
4275 2657 2
2867 3084 1
3084 5785 1
833 948 1
5785 5219 1
5219 5785 1
5774 4993 1
4528 1 1
1 635 1
635 894 1
894 559 1
559 1 1
1 2246 1
2246 2289 1
2027 5117 1
5087 4345 1
4345 1290 1
983 4633 1
4633 2151 1
5078 2289 1
1014 4755 1
4755 5666 1
5133 833 1
2487 4921 1
4921 5785 1
2867 554 1
1177 1019 1
1019 2514 1
2514 259 1
259 2212 2
2212 5133 1
5133 3880 1
3880 4829 1
4829 1014 1
3549 259 1
259 4135 1
2661 4202 1
4202 4599 1
5774 4144 1
4144 2640 1
2640 1089 1
1089 2487 1
4633 4728 1
75 2608 1
2608 2212 1
5169 2641 1
1014 5045 2
5045 1561 1
3080 3507 1
3507 1532 1
1089 5668 1
5668 2950 1
2950 4275 2
4275 5571 1
259 3880 1
3880 1041 2
5774 4014 1
4014 4803 1
4803 835 1
835 1193 1
1193 5258 1
5659 4564 1
4564 1566 1
1566 1695 1
1695 4351 1
4351 5258 1
1950 2232 1
2232 610 1
610 5572 1
5572 4724 1
4724 2867 1
268 5693 1
5693 1695 1
1695 4444 1
4444 5785 1
5666 1624 1
1624 5043 1
1572 1849 1
1849 565 1
565 268 1
2879 4760 1
4760 2289 1
2289 2766 1
2766 5169 1
5169 2486 1
2486 4362 1
4362 1233 1
1233 1290 1
1290 1089 2
1089 2867 2
2867 4860 1
4860 1922 1
1922 937 1
937 3604 1
3604 268 1
268 4453 1
4453 687 1
2867 5287 1
2289 4926 1
5350 4574 1
5668 3062 1
5344 635 1
635 5043 2
5043 1504 1
1504 1695 1
1695 2984 1
2984 5114 1
2165 5785 1
5237 2770 1
2770 790 1
3676 1808 1
5258 1089 1
1089 1695 1
5132 502 1
502 1687 1
955 1290 1
4535 5008 1
5008 2867 1
1290 861 1
2867 3815 1
3815 813 1
813 3697 2
2867 1799 1
1799 5666 1
268 2564 2
2564 1695 1
1695 2228 1
2228 3537 1
4411 1896 1
1896 4439 1
4439 1565 1
359 2867 1
1045 2052 2
2052 2849 1
2849 4147 1
4147 5053 1
5053 3633 1
3633 2867 1
271 2053 1
2053 4439 1
4439 1330 1
1330 814 1
814 3843 1
3843 2867 2
2867 5032 1
5032 2657 1
2657 3444 1
3444 2487 1
2487 4121 1
4121 1 1
1 1981 1
1981 622 1
580 438 1
438 1572 1
1572 437 1
437 2151 1
2151 2978 1
2978 5668 1
5668 4471 1
4471 2867 1
1119 2776 1
2776 1235 1
1235 2867 1
2867 1752 1
1230 2365 1
2365 2152 1
2152 1621 1
1621 1746 1
1746 3046 1
3046 5668 1
4528 1708 1
1708 1555 1
3640 5358 1
5358 259 1
259 3297 1
3297 3697 1
622 3005 1
2867 1808 1
5237 3843 1
2867 2745 1
2867 1104 1
1104 2985 1
2985 5344 1
584 5043 1
2704 1663 1
5174 1014 1
5569 3480 1
3480 1089 1
1089 268 1
3297 4875 1
4875 271 2
5785 3092 1
1687 867 1
867 786 1
786 1281 1
1281 1089 1
1089 1687 1
5785 2744 1
2744 268 1
268 4650 1
4650 2758 1
2758 1052 1
1052 4906 1
4906 2487 1
2487 4312 1
4312 937 1
937 2302 2
4439 214 1
214 3111 1
3111 2302 1
2302 1657 1
1657 2977 1
1572 1096 1
268 2972 1
2972 2674 1
2674 2302 1
3297 340 1
340 214 1
214 3930 1
3930 5669 1
5669 2521 1
2521 5043 1
2867 5009 1
1290 2010 1
2010 487 1
487 1463 1
1892 4453 1
4453 736 1
736 1572 1
3593 2867 1
5043 1053 1
1053 5785 1
5785 1214 1
1214 4439 1
5785 2950 1
4275 214 1
214 2289 1
5570 4539 1
1252 338 1
338 1104 1
1104 1950 1
1950 282 1
282 4383 1
4383 2867 1
2867 5508 1
5508 5666 1
5509 5043 1
5043 3345 1
3345 1235 2
1695 4686 1
4686 735 1
735 4788 1
4788 2867 1
2867 3930 1
3930 5049 1
5049 4410 1
1572 736 1
736 4951 1
4951 4789 1
4789 2867 1
2867 5078 1
2159 2867 1
2867 1365 1
5522 404 1
4439 1636 1
1636 1572 1
2879 2409 1
2052 5286 1
5286 2868 1
2867 2522 1
2522 3487 1
2052 2269 1
268 837 1
2814 2657 1
2657 2639 1
1041 962 1
962 2487 1
116 5031 1
5031 2994 1
1572 627 1
627 1223 1
2052 1950 1
5785 4584 1
4584 5785 2
1572 4409 1
4409 5785 1
5785 2 1
2 2867 1
4911 2661 1
2052 3487 1
3487 2868 1
3477 1161 1
622 2836 1
2836 2904 1
2904 2302 1
2302 5596 1
5596 5118 1
2867 4574 1
2052 2814 1
2814 1 1
5785 316 1
316 1685 1
1685 107 1
107 1621 1
5563 75 1
1687 4384 1
1572 4795 1
4795 2691 1
2691 4686 1
4759 2657 1
2657 2770 1
2770 2867 1
1695 2364 1
3062 304 1
5785 3613 1
3613 2814 1
2814 2292 1
2292 1 1
1230 4275 1
4275 2449 1
2449 4571 1
4571 5666 1
4547 2556 1
2556 4007 1
4007 2486 1
4147 1 1
3310 3881 1
3881 1089 1
1089 2345 1
268 4014 1
4014 987 1
987 5196 1
5196 1251 1
1251 5774 1
2505 3699 1
5666 1089 1
1089 4196 1
4196 360 1
5778 1679 3
1679 271 1
2608 875 1
875 1089 1
1089 5344 1
1532 1045 1
1045 282 1
282 481 1
481 1572 1
635 4656 1
4656 1233 1
1233 2922 1
268 4797 1
4797 937 1
5774 3306 1
1 2264 1
2264 3453 1
3453 635 1
635 1621 1
2608 2289 1
2289 635 2
635 4005 1
4005 4933 1
4933 580 1
580 4625 1
4625 2685 1
1041 5133 1
5133 1 2
1489 492 1
492 3727 1
3727 2289 1
635 3066 1
3066 5785 1
5785 1409 1
5666 5428 1
5428 5133 1
5133 3639 1
271 4029 1
4029 1572 1
1572 853 1
853 5774 1
5774 3910 1
3910 5049 1
5049 4362 1
4362 5785 1
1971 5668 1
5668 4810 1
4810 1808 1
4074 4780 1
4780 268 1
1100 1089 1
1089 5358 1
5358 338 1
338 2027 1
5053 2994 1
268 2677 1
2677 3049 1
3049 1687 1
1687 192 2
192 1572 1
2487 480 1
480 2683 1
2683 1177 1
1177 4535 1
3301 1252 1
1252 5169 2
4138 75 1
622 2066 1
2066 1687 1
1687 4359 1
4359 2657 1
3325 1290 1
5303 1695 1
1695 5300 1
5300 841 1
841 1846 1
1846 4121 1
271 1273 1
1273 4710 1
4710 1209 1
1 5143 1
5143 2876 1
2876 1252 1
635 4048 1
4048 622 1
580 79 1
79 5785 1
5785 2635 1
2487 4048 1
4048 3760 1
3760 2635 1
2635 2289 1
5132 4439 1
4439 4584 1
4584 827 1
1290 75 1
2657 1955 1
75 5255 1
5255 4956 1
4956 116 1
116 2691 1
2691 635 1
635 2868 2
2868 4751 1
4751 2627 1
2627 116 1
116 2994 1
4686 1572 1
2289 1272 1
1572 1536 2
1536 3313 1
3313 268 1
4737 2657 1
3697 3690 1
3690 2879 1
2879 4653 1
1572 4472 1
4472 4439 1
1119 304 1
229 5224 1
5224 4552 1
3598 3306 1
943 4732 1
4732 375 1
559 2657 1
2440 1607 1
1607 4790 1
4790 2289 1
2289 3854 1
4453 5377 1
5377 4835 1
554 360 1
360 5610 1
1695 4074 1
4074 4584 1
4584 3062 1
2302 3735 5
3735 2487 2
5440 2027 1
1712 2659 1
2659 1 1
5785 554 2
5087 5569 1
5569 75 1
864 4223 1
4223 5620 1
3443 1 1
3697 259 1
259 3062 1
1104 554 1
554 2289 1
3639 4439 1
4439 1209 1
1209 4545 1
4545 2302 1
3735 1290 1
1290 4584 1
4584 1949 1
1949 1209 1
1209 3549 1
3549 5053 1
5053 3267 1
2657 4584 1
4584 5043 1
268 5133 1
5133 1849 1
1849 2302 1
2836 4014 1
4014 5591 1
5610 1209 2
1209 4365 1
5666 1251 1
1251 194 1
4718 4584 1
4453 3031 1
2269 1048 1
1048 1104 1
1104 2487 1
4051 1 1
5569 2972 1
2972 5804 1
5804 3402 1
3402 4584 1
4584 2867 2
3466 5774 1
2640 4719 1
4719 2885 1
2885 4847 1
4847 1104 1
1104 5668 1
5443 5257 1
4446 1808 1
3922 5257 1
5257 5043 1
5043 2736 1
2736 5666 1
5666 5687 1
3276 2868 1
2724 1572 1
1572 5588 1
5588 1999 1
1999 3314 1
3314 1572 1
5774 3858 1
3858 4142 1
4142 5132 1
5132 5169 1
5169 3304 1
3304 338 1
338 1572 3
2867 450 1
450 1100 1
268 3530 2
3530 5510 1
2879 1260 1
1892 2972 1
2972 2700 1
2700 5049 1
5049 5752 1
5752 2879 1
2879 189 1
189 4703 1
4703 385 1
385 5785 1
5785 3070 1
3070 2487 1
4690 4515 1
4515 4746 1
4746 844 1
2955 2814 1
1584 1263 1
1263 2487 1
2487 5395 1
5395 2632 1
2302 4549 1
4549 5774 1
268 2548 1
2548 2275 1
2275 5574 1
5574 2683 1
2683 4573 1
4573 5507 1
5507 2893 1
2893 2950 1
2950 5684 1
5666 75 1
2513 4077 1
4077 4992 1
4992 2487 1
2027 4573 1
4573 944 1
944 5785 1
4746 4668 2
4668 4992 1
4992 930 1
930 4348 1
5169 3589 1
3589 404 1
404 2416 1
2416 1288 1
1288 4911 1
4911 2027 1
2027 5625 1
4515 5384 1
5384 663 1
663 5049 1
5049 823 1
823 2302 1
1728 1532 1
1532 4190 1
4190 4564 1
4564 1621 1
1621 1532 1
5140 5360 1
5360 5193 1
2683 4121 1
4121 4992 1
4992 5785 1
5118 5774 1
833 5087 1
5087 5774 1
1848 2236 1
1278 5774 1
5774 3347 1
3347 1 1
1 2022 2
1584 5219 1
5219 407 1
1514 259 1
3576 2683 1
833 4573 3
4573 35 1
35 1572 1
5191 2197 1
2197 2487 2
4028 1695 2
2868 5774 1
2269 3424 1
3424 5774 1
833 3652 1
3449 1572 1
2687 1 1
1 2868 2
4573 5575 1
5575 2868 1
2868 2608 3
2608 635 1
5666 2770 1
2770 1712 1
2737 3593 1
5224 1288 1
1950 4528 1
3383 1950 1
1950 2236 1
4668 215 1
215 3183 1
3183 2236 1
4746 3197 1
5785 3449 2
3449 4820 1
4820 5774 1
4458 5785 1
4573 986 1
986 2683 1
1572 2197 1
4599 1712 1
1712 2118 1
2118 5785 1
5785 1224 1
1224 3240 1
3240 5032 1
5032 1288 1
76 3668 2
3668 3572 2
3572 2609 1
2609 5835 1
5835 2487 1
268 5229 1
268 3572 1
3572 1572 2
1572 3572 1
3572 193 1
193 5785 1
885 841 1
841 4515 1
4515 3005 1
3005 3363 1
3363 1377 1
1377 1230 1
1230 5229 1
4171 5625 2
5625 954 1
954 930 1
930 5591 1
5591 1207 1
1207 1572 1
5774 2985 1
5785 1320 1
1320 5785 1
259 1366 1
1366 3360 1
3360 1690 1
1690 2513 1
1 1047 1
1047 259 1
259 2985 1
1950 5229 1
5229 3566 1
3566 5344 1
259 1047 1
1047 5344 1
635 1177 1
1177 1207 1
1207 1 1
3512 5229 1
5229 4171 1
5625 4803 1
4803 635 1
5132 2743 1
2743 465 1
4169 2302 1
5778 3259 1
3259 1584 1
1584 3243 1
2662 1891 1
1891 268 1
268 3409 1
3409 2664 1
1924 2302 1
4783 5688 1
5688 2683 1
554 930 3
4277 1235 1
1235 635 1
635 833 1
833 215 1
215 772 1
772 5663 1
404 930 1
930 5229 2
5229 335 1
335 2476 1
2476 5591 1
5591 5696 2
5696 2513 1
1892 2624 1
2624 987 1
1572 2676 3
2676 4171 1
4171 5668 1
5668 4695 1
4695 622 1
5774 3652 1
5778 4804 1
4804 4573 1
4573 5505 1
5505 310 1
310 360 1
360 2868 1
2868 1660 1
1660 1702 1
1702 5041 1
5041 1923 1
1923 1555 1
1555 949 1
949 1098 1
2487 3445 1
3445 259 1
5785 1952 1
1952 2770 1
2770 2879 1
2879 1562 1
1562 1 1
5344 3304 1
3304 5778 1
5778 1892 1
1892 2399 1
2399 3621 1
3621 259 1
259 3621 1
3621 3507 1
3507 5591 1
5696 833 1
833 635 4
635 215 1
215 2121 1
2121 1235 1
259 1244 1
1281 4439 1
2289 3641 1
3641 2520 1
2520 635 1
635 259 1
259 3652 1
980 271 1
1100 2512 1
2512 1909 1
1572 310 1
310 1695 1
1695 4654 1
5318 2643 1
2643 3478 1
3478 310 1
310 4086 1
4086 1584 1
2022 4913 1
4913 4439 1
4439 351 1
351 3195 1
2236 2670 1
2670 1 1
1 2282 1
2282 1 1
1 2056 2
2056 1 1
1 4499 1
4499 3417 1
3417 4910 1
4910 4622 1
1235 5239 1
373 1892 1
2487 3920 1
3920 930 1
2660 4595 1
4595 3281 2
5785 4546 1
4546 2236 1
2236 2110 2
2110 5169 1
1572 4584 3
4584 584 1
2450 1572 1
2649 2641 1
2269 3027 1
3027 1572 1
3234 2289 1
2289 1182 1
1182 1572 1
4439 1631 1
1631 5095 1
5095 2879 1
2879 5435 1
5435 2985 1
2289 1614 1
1614 2670 1
2670 1505 1
4535 2513 1
827 5720 1
5720 5625 1
1572 950 1
950 2814 1
4737 4453 1
4528 1654 1
1654 1572 1
1572 5041 1
976 1177 1
1190 635 1
635 2486 1
2486 4737 1
4737 1561 1
5563 2879 1
2879 2608 1
2632 5258 1
2302 4653 2
2879 2395 1
2395 5666 1
5774 2770 1
3449 1950 1
930 271 1
5774 2598 1
2598 4751 1
2505 3589 1
3589 876 1
3561 1697 1
1697 1101 1
1101 529 1
529 1 1
1 177 1
4821 930 1
259 208 1
208 1281 1
1100 208 1
208 259 1
259 833 1
635 4573 1
4573 4368 1
4368 930 1
4955 2632 1
2632 5553 1
5553 2632 1
2632 4942 1
4942 3257 1
3257 4835 1
2632 2010 1
2010 360 1
360 208 1
208 930 1
2879 4863 1
4863 268 1
2236 5780 1
5780 930 1
4599 2269 1
4535 3798 2
3798 271 1
268 5183 1
5183 5778 1
2676 579 1
579 5785 1
5096 4329 1
4329 208 1
1052 5668 1
2487 2482 1
2482 1909 1
1909 4348 1
4348 987 1
987 5774 1
2269 3482 1
3482 824 1
824 2657 1
2657 5118 1
5118 2677 1
2677 5785 1
1177 5053 1
5053 2317 1
271 941 1
941 5252 1
5252 1843 1
1843 4835 1
4835 2236 1
2236 2502 1
2502 2110 1
1532 5067 1
5067 1572 1
304 2879 1
1045 2879 1
2879 1048 1
1048 5785 1
4911 5043 1
5043 4956 1
4956 5666 1
377 2316 1
1572 1430 1
1430 2879 1
2302 1796 1
1796 3760 1
1690 2302 1
2236 2176 1
2176 4528 1
4528 259 1
4458 1808 1
1808 2420 1
2420 5114 1
5114 5630 1
5630 943 1
943 5078 1
5078 3302 1
3302 5096 1
622 1692 1
1692 4957 1
4957 1155 1
1155 4439 1
3428 5118 1
5118 5666 1
5169 1843 1
1572 1843 1
1843 268 1
1430 1572 2
1572 1951 1
1951 2969 1
2969 2302 1
5049 2528 1
2528 386 1
386 1697 1
1697 5569 1
5569 5671 1
5671 4793 1
4793 5785 1
4911 4956 1
4956 1572 1
5785 5016 1
5016 5563 1
5563 3479 1
3479 3995 1
3995 1572 1
1572 4793 1
4793 5562 1
5562 3731 1
1843 2599 1
5666 955 1
5553 375 1
559 3868 1
3868 5630 1
5630 2770 1
2770 2486 1
2486 3079 1
3079 1584 1
1584 1430 1
1430 1843 1
1843 939 1
208 1508 1
3101 1572 1
5118 2483 1
2483 259 1
259 2454 1
2454 1116 1
1116 1808 1
1808 1687 1
5625 4256 1
4256 5785 1
4316 5102 2
5102 1695 1
1695 5751 1
1572 735 1
735 4200 1
2657 955 1
955 2836 1
2836 1430 1
1092 1825 1
1825 4365 1
4365 4879 1
907 1695 1
1695 4877 1
4877 2289 1
2289 4535 1
4535 3116 1
3116 1572 1
3699 3494 1
3494 194 1
194 5774 1
5774 2641 1
1 943 1
4316 5114 1
4546 2868 1
2868 2007 1
2007 3458 1
3458 5785 1
5666 885 1
885 4076 1
4076 3700 1
3700 5666 1
622 2110 1
2110 5344 1
5344 5049 1
5049 5702 2
5702 1572 1
1572 4031 1
4031 2868 1
2868 147 1
147 177 1
622 5043 1
5043 1854 1
1854 937 1
937 3428 1
3428 208 1
208 1230 1
268 1630 1
1630 2868 1
2868 3728 2
3728 5785 1
1572 1357 1
1357 304 1
2868 589 1
589 1695 1
5345 5135 1
5135 2870 1
2870 4584 1
4584 2302 1
963 5350 1
5350 2676 1
2676 4629 1
4629 1 1
1 4584 2
4584 2608 1
2608 876 1
876 5666 2
2879 4686 1
5569 547 1
4682 5668 1
5668 5341 1
5341 1572 1
2364 930 1
2487 5231 1
5231 268 1
5237 2972 1
2972 1534 1
1534 2868 1
2868 4363 1
4363 1572 1
3290 4731 1
4731 5381 1
5381 271 1
271 3665 1
3665 1572 1
1687 5352 2
5352 1209 1
1209 3479 1
2867 3101 1
3101 1687 1
5352 2867 1
4546 3062 1
3476 2848 1
1209 338 1
2745 2597 1
2597 4563 1
4563 1572 1
1572 2602 1
2602 2302 1
4653 4584 1
2269 2395 1
2395 2657 1
4446 4911 1
4911 3120 1
3120 116 1
116 5572 1
5572 1209 1
1209 2868 1
2868 5427 1
5427 5666 1
5666 2608 1
2608 3956 1
3956 5184 1
5184 5666 1
5666 2110 1
2110 584 1
584 5046 1
5046 1572 1
2868 5262 1
5262 271 1
1808 1326 1
1326 4584 1
4584 338 1
338 1272 1
2507 506 1
506 2868 1
2868 3880 1
3880 2302 1
5774 5444 1
585 2868 1
2867 3378 1
3378 1572 1
268 5234 1
5234 2801 1
2801 5668 1
2867 2101 1
2101 268 1
2364 1100 1
1100 1808 1
3479 4835 1
4835 2868 1
2868 5791 1
5791 1687 1
1843 4899 1
4899 5785 1
5785 5373 1
5373 1572 1
5043 1049 1
1049 1687 1
1695 4384 1
4384 2136 1
2136 5043 1
2269 4710 1
2868 1052 1
1052 1933 1
1933 813 1
2868 3921 1
1572 1094 1
1094 833 1
5169 1712 1
3813 2110 1
2110 4584 1
580 622 1
622 204 1
204 4872 1
4872 2487 1
5473 2027 1
4686 2027 1
2027 4439 1
5666 2521 1
2521 2487 1
2487 1298 1
1298 2027 1
268 2010 1
2010 787 1
787 192 1
192 1 2
2608 487 1
487 2867 1
2867 5466 1
5466 3828 1
2868 3276 2
1572 5659 1
5659 4658 1
4658 5110 1
5110 5105 1
2868 5759 1
5759 5785 1
5785 5264 1
5264 2868 1
2868 5666 2
5666 4584 2
4584 1272 1
5666 1326 1
2868 1240 1
1240 2236 1
4411 5588 1
5588 5785 1
4069 3345 1
4184 5778 1
5778 4665 1
4665 5465 1
5465 2879 1
2868 3907 1
3907 1808 1
2868 5483 1
5483 5114 1
5114 3652 1
3652 5785 1
813 5043 1
5043 3932 1
3932 2657 1
580 5043 1
5043 1934 1
1934 1572 1
2254 271 1
844 3992 1
3992 5169 1
5785 2964 1
2964 955 1
1572 2844 1
2844 2537 1
2537 2657 1
5361 3310 1
3310 3753 1
979 5774 1
5774 4178 1
4178 5785 1
5785 4668 1
2868 1428 1
1428 5785 1
3310 2269 1
2269 5361 1
5361 1 1
5078 5785 2
2269 5441 1
5441 951 1
951 5785 1
5785 4877 1
907 175 1
175 503 1
1695 1052 1
1052 2804 1
2804 5257 1
4446 4586 1
5258 2844 2
1572 813 2
813 2868 1
2868 5452 1
5452 3138 1
1119 268 1
3530 4658 1
4658 2985 1
259 4176 1
2868 3570 1
5785 3494 1
3494 5132 1
4528 2649 1
2649 5049 1
5049 5666 1
2868 1132 1
1132 2803 1
2803 1808 1
4074 5190 1
4184 2302 1
4310 2868 1
1235 4586 1
2844 4499 1
4499 1073 1
1073 2868 1
2868 4910 1
4910 4542 1
4542 841 1
841 4618 1
4618 2302 1
4927 2868 1
2868 1474 1
1474 3195 1
3195 1327 1
1327 1209 1
4546 2922 1
2922 5553 1
2922 95 1
95 2289 1
622 4586 2
4586 2251 1
2251 5409 1
5409 1894 1
1894 1687 1
3947 5350 1
936 4087 1
1209 622 1
4586 5296 1
5296 271 1
4515 2292 1
2292 40 1
930 3005 1
3005 5785 1
5237 3267 1
3267 304 1
304 4873 1
4873 4901 1
4901 1712 1
1712 3267 2
3267 930 1
930 5114 1
5114 1892 1
5785 633 1
633 3431 1
3431 2302 1
3735 5237 1
933 5785 1
2640 3267 1
3267 1563 1
5785 1313 1
2564 2867 1
2482 5705 1
5705 271 1
360 1752 1
1752 3697 1
3697 5361 1
5361 1957 1
1957 1572 1
2197 338 1
338 4439 1
4439 3267 1
3267 40 1
40 2985 1
2985 4572 1
4572 1584 1
1584 3248 1
3248 3828 1
2182 259 1
5785 3995 1
3995 2657 1
2657 4955 1
4955 5043 1
5043 3107 1
3107 2236 1
2236 5661 1
5661 5666 1
2269 961 1
961 4439 1
2176 2822 1
2822 2487 1
5442 5257 1
5257 4292 1
4292 3267 1
3267 1695 1
1695 716 1
716 2867 1
1584 4411 1
229 1584 1
1843 5286 1
5286 5671 1
2844 5229 1
2629 5349 1
5349 5133 1
4771 2604 1
2604 2302 1
2302 2671 1
2671 1290 1
2879 1582 1
1582 4902 1
4902 1014 1
271 4595 1
3281 4439 1
4439 4517 1
4517 2302 1
4848 4411 1
1290 2644 1
2644 5128 1
5128 2424 1
2424 3186 1
5008 3267 1
228 3363 1
3363 1721 1
1721 2141 1
2141 5257 1
5257 1252 1
1252 4446 1
4439 3282 1
3282 1572 1
1920 1778 1
1778 1687 1
5169 40 1
40 2867 1
5388 5169 1
5169 3325 1
5671 2596 1
2596 2867 1
271 219 4
219 5257 1
5257 597 1
597 4411 1
4411 544 1
544 2867 1
2867 1272 2
1272 1235 1
177 2867 1
1272 2868 1
3728 5133 1
1572 3520 1
3520 271 1
1100 3862 1
3862 2867 1
2867 3664 1
3664 2868 1
2868 3003 1
3003 3881 1
3881 2413 1
1572 2380 1
2380 2513 1
622 1101 1
1101 4989 1
4989 1572 1
1572 62 1
62 1695 1
1695 5308 1
5308 5785 1
3479 1290 1
1290 5128 1
5128 3652 1
268 979 1
1014 1089 1
1089 1572 2
4546 1582 1
2879 5510 1
3120 491 1
491 2879 1
2879 5181 1
5181 5687 1
2487 4700 1
4700 1014 1
5774 4656 1
4656 4528 1
3898 2513 1
259 3453 1
3453 5263 1
5263 1572 1
1572 5078 1
186 2867 1
2867 1471 2
1471 2366 1
2366 5666 1
271 5104 1
5104 949 1
949 3179 1
3179 4020 1
4020 271 1
1100 5049 1
5049 122 1
122 594 1
594 5666 1
4557 2476 1
3670 4955 1
4955 1161 1
1161 3075 1
3075 5774 1
979 833 1
833 2513 1
2513 5683 1
5683 1572 1
1230 443 1
443 2767 1
2767 2867 2
1476 1437 1
2867 193 1
193 988 1
988 5774 1
5774 2562 1
2562 3109 1
3109 2879 1
2879 4151 1
4151 193 1
5615 5043 1
5043 261 1
261 5666 1
4439 2504 1
2504 5532 1
5532 1572 1
1572 4215 1
4215 521 1
521 2159 1
2159 360 1
360 1254 1
1254 216 1
216 2302 1
4535 2995 1
2995 1290 1
1290 3643 1
3643 2657 1
1014 5078 1
3497 2814 1
2814 948 1
948 5226 1
5226 2867 1
3310 1501 1
1501 1161 1
1161 5125 1
271 183 1
183 5687 1
2487 1690 1
1690 4900 1
4900 2835 1
2835 2867 1
3398 2088 1
2088 1014 1
1014 1252 1
1252 3218 1
3218 622 1
622 92 1
92 937 1
2487 3483 1
3483 406 1
2879 3685 1
3809 5684 1
5684 2343 1
2343 2867 1
2867 4907 1
4907 3281 1
3281 3904 1
3904 5596 1
5596 1381 1
1381 2867 1
3854 2657 1
1687 2664 1
1924 1 1
1687 187 1
187 285 1
285 271 1
271 3511 1
3511 4518 1
4518 2867 1
2661 2879 1
2879 3865 1
3865 5666 1
4586 5132 1
5132 2302 1
2302 5543 2
1572 472 2
472 3480 2
5791 2867 1
2867 443 2
443 1621 2
1621 3480 1
2487 3999 2
3999 4439 1
4439 38 2
38 5810 1
5810 2486 1
2486 1483 1
1483 1572 1
5666 2677 1
2677 5684 1
5684 268 1
268 1748 1
1748 949 1
4439 4410 1
4410 1 1
194 243 1
243 4940 1
4940 955 1
955 5685 1
5685 4300 1
4300 5049 1
2737 2879 1
2879 2482 1
2482 3693 1
3693 2337 1
2337 1014 1
5229 5791 1
5791 1089 1
1089 874 1
874 2878 1
2878 268 1
268 4998 1
4998 1687 1
2487 1185 1
2487 1551 1
3879 1687 1
192 2110 1
2110 5114 1
5114 5262 1
3572 2487 1
2269 696 1
696 4135 1
4135 455 1
2269 3034 1
3034 5668 1
5668 3463 1
3463 1812 1
1812 5043 1
2867 4897 1
622 3302 1
3302 1572 1
1572 3302 1
3302 2867 1
219 937 1
937 4911 1
1922 2302 1
4702 979 1
979 1555 1
1555 2152 1
2152 2302 1
3398 389 1
389 5785 1
271 3093 1
3093 2482 1
906 1525 1
1525 2302 1
304 1695 1
1695 1614 1
1614 1543 1
1543 712 1
712 5778 1
3780 5785 1
5785 4515 1
4515 5438 1
5438 271 1
580 2903 1
2903 2867 1
2867 3812 1
3812 3566 1
3699 2487 1
2487 4366 1
4366 5361 1
1584 206 1
206 5668 1
2487 5263 1
5263 2599 1
5785 1251 1
1251 2236 1
2236 3175 1
3175 3880 1
3880 670 1
670 1572 1
2676 1045 1
4453 2460 1
2460 5477 1
5477 5043 1
2814 2052 1
172 2194 1
2194 5668 1
2868 2843 1
2843 1572 1
554 875 2
875 833 2
635 2641 1
5049 339 1
339 1572 1
3774 2513 1
5564 5479 1
1290 192 1
5078 1406 1
1406 2867 1
2867 4892 1
4892 2302 1
2302 1754 1
1754 4515 1
4515 4511 1
1692 5049 1
5049 5472 1
5472 4189 1
4189 340 1
340 3641 1
3641 580 1
3120 2223 1
2223 4171 1
5785 3554 1
3554 5774 1
2513 1290 1
2867 336 1
336 1572 1
1572 3772 1
3772 5785 1
2574 1572 1
1572 192 1
192 268 1
5564 5053 1
5053 937 1
937 2269 1
5630 1100 1
1100 3699 1
3297 5110 1
4856 2657 1
5673 3823 1
3823 1100 1
1100 1251 1
1251 3175 1
3175 1572 1
1572 5230 1
5230 1290 1
268 2996 1
2996 1687 1
2289 3080 1
3080 645 1
645 1687 1
5013 2302 1
2302 1462 1
1462 4056 1
2194 5808 1
1572 962 1
962 5625 1
5625 4586 1
2564 3021 1
3021 2302 1
2236 1564 1
1564 271 1
580 2513 1
2513 4833 1
4833 2302 1
2302 1903 1
1903 3297 1
1 2110 1
2110 268 1
271 1314 1
1314 2879 1
5008 2513 1
1572 4518 1
4518 3807 1
5442 3027 1
1572 2910 1
2910 2110 1
2289 3217 1
3217 2302 1
5110 129 1
129 3092 1
3092 2513 1
2564 622 1
4423 2867 1
1052 2513 1
2513 875 1
875 3330 1
5774 5262 1
5262 930 1
3120 3719 1
3719 1090 1
1090 1954 1
1954 4315 1
4315 1089 2
1089 1290 1
149 1572 1
1892 2835 1
2835 5049 1
5049 5438 1
5438 1014 1
1014 4018 1
4018 560 1
560 2302 1
360 3938 1
3938 622 1
622 4723 1
4723 1572 1
1572 1218 1
1218 1521 1
1471 2333 1
3699 1652 1
1652 4365 1
2487 3957 1
3957 2867 1
194 2640 1
2640 2594 1
2594 1 1
5785 4179 1
4179 1572 1
1235 186 1
186 3699 1
5043 335 1
335 3117 1
3117 5774 1
3589 2867 1
2867 1566 1
1566 4564 1
4564 2657 1
2657 4826 1
4826 5510 1
5510 5132 1
1572 2807 1
2807 5785 1
2879 4735 1
2867 2823 1
2823 2043 1
2043 5596 1
2867 2297 1
1572 2783 1
2783 457 1
457 4999 1
4999 5543 1
4439 472 1
472 1 1
5169 3428 1
3428 937 1
937 2691 1
4365 3480 1
3480 2632 1
2487 459 2
459 2657 1
1252 5334 1
4683 3197 1
3197 5102 1
5102 4446 2
4446 4315 1
1089 1 1
1 3186 1
4683 3786 1
3786 5118 1
1808 4046 1
4046 251 1
251 2337 1
2337 2236 1
2236 841 1
268 1808 1
2770 5102 1
5102 3731 1
5785 5461 1
5461 5666 1
4584 4276 1
4276 580 1
580 1041 1
1041 4245 1
4245 5258 1
268 1134 1
1134 5257 1
2487 3088 1
2985 3664 1
3664 5133 1
2985 1209 1
4546 5785 1
2049 5293 1
5293 2302 1
5169 5563 1
5257 3479 1
3479 3011 1
3011 2562 1
2562 5785 1
5785 4036 1
1843 192 1
192 271 1
1572 4824 1
4824 455 1
1720 1679 1
1679 3310 1
3310 3337 1
3337 2867 1
2867 4833 1
4833 2202 1
2202 4788 1
4788 2037 1
268 164 1
164 5049 1
5049 1908 1
5114 5477 1
5477 1808 1
2867 3904 1
3904 5785 1
3921 5258 1
5258 3664 1
3664 1081 1
1081 2867 1
2867 3977 1
3977 2657 1
5635 5651 1
1695 3845 1
3845 502 1
4446 5785 3
1404 2868 1
2868 1775 1
1775 5785 1
2487 5754 1
5754 1572 1
844 1892 1
1892 1217 1
1217 2232 1
268 4318 1
4318 2481 1
2481 4317 1
5169 851 1
5563 5666 1
2487 4833 1
4833 5043 1
5043 4856 1
1231 2340 1
2867 4074 1
4074 271 1
3530 4768 1
4768 2289 1
5825 905 1
905 844 1
844 4873 1
4873 2799 1
2799 5666 1
5785 1100 1
1252 3297 1
622 153 2
153 2487 1
2487 119 1
119 5785 1
1 1022 1
1022 2867 1
2269 3866 1
3866 2236 1
2236 844 1
844 181 1
181 362 1
362 710 1
710 2657 1
355 2744 1
5785 3812 1
3812 553 1
553 5237 1
5350 4316 1
268 5120 1
5120 2994 1
2994 930 1
5229 458 2
458 4453 1
4453 5257 2
5049 4316 1
4316 4584 1
4584 930 1
930 2691 1
5169 2192 1
2192 5257 2
5257 1695 1
2289 4695 1
4695 360 1
1679 1712 1
1712 1679 1
1679 2683 1
5169 2935 2
2513 876 1
3561 2513 1
2513 2940 1
2940 2691 1
2867 5126 1
5126 177 1
2110 2922 1
219 2691 1
2608 5257 1
1177 268 1
219 5785 1
3031 3582 1
2289 1356 1
1356 5774 1
5774 4527 1
4527 4528 1
4528 2246 1
2246 5774 1
5774 1690 1
1690 1096 1
1096 3876 1
3876 5229 1
2867 2941 1
2941 4515 1
4515 1856 1
1856 1572 1
3479 5257 1
5257 2867 2
2487 3187 1
3187 5132 1
5132 2868 1
813 4289 1
4289 622 1
622 5730 1
1572 5730 1
5730 5785 1
459 5785 1
5666 66 1
66 3789 1
3789 2556 1
2556 1572 1
1572 3785 1
3785 622 1
622 4746 1
4746 5104 1
5104 930 1
930 2192 1
5257 5774 1
268 4170 1
4170 2302 1
3153 5137 1
5137 1572 1
2676 5610 1
5610 1290 1
1290 5610 1
5610 622 1
635 4856 1
4856 4833 1
5666 5067 1
5067 1 1
3880 532 1
1572 3417 1
3417 1572 1
4804 1572 1
1572 2864 1
2147 4622 1
1572 1288 1
1572 2282 1
3398 5237 1
2269 1712 1
1712 5774 1
5774 5209 1
5209 268 1
3259 2349 1
1235 2159 1
2159 2269 1
3798 1695 1
268 1639 1
1639 3697 1
3697 3639 1
3639 23 1
3267 1489 1
1489 4370 1
4370 897 1
897 1572 1
1572 4613 1
4613 1 1
1 5810 1
5810 1892 1
678 1 1
3262 2337 1
2337 1892 1
5043 2223 1
2223 5210 1
5210 1 1
2056 1892 1
1493 271 1
1752 5066 1
5066 3200 1
3200 177 1
2189 554 1
268 4611 1
4611 1808 1
5237 1348 1
1348 5133 1
841 5687 1
622 983 1
2487 1665 1
1665 3699 1
5625 3922 1
3922 3480 1
1572 5231 1
5231 2289 1
3880 2023 1
2023 1 1
1 5625 1
5625 4737 1
827 3310 1
4653 4958 1
4958 554 1
554 1808 2
3549 4135 1
2289 5625 1
5625 4062 1
4062 559 1
559 4737 1
4737 3351 1
1970 3480 1
2487 1492 1
1492 2879 1
2879 5695 1
5695 1489 1
1489 1048 1
4453 4796 1
4796 4138 1
4138 562 1
562 455 1
4439 4513 1
4513 1014 1
1014 1706 1
1706 1121 1
1121 5253 1
5253 2530 1
2530 271 1
3398 5043 1
5043 5774 2
635 2106 1
2106 2512 1
2512 3867 1
3867 360 1
1679 1892 1
2289 5687 1
2487 4489 1
4489 1572 1
1572 2420 1
2420 1045 1
1045 4700 1
4700 1695 1
5570 4547 1
2692 4098 1
4098 1 1
1 5830 1
5830 368 1
368 1290 1
1290 369 1
369 2683 1
2683 3402 1
3402 3304 1
3304 5132 1
5132 672 1
672 5785 1
5785 657 1
657 1584 1
635 110 1
110 1892 1
1892 3086 1
3086 282 1
282 841 1
5344 5309 1
5309 5785 1
635 2491 1
2491 4439 1
4439 2785 1
2785 3482 1
3482 5043 1
622 635 1
635 40 1
40 177 2
2236 5257 1
3525 5257 2
3525 4453 1
3525 4942 1
4942 5258 1
955 5049 1
5049 2000 1
2000 1572 1
1572 4596 1
4596 1695 1
1695 20 1
20 2814 1
2814 4120 1
4120 5257 1
4446 3336 1
3336 5258 1
2481 2868 2
2868 1195 1
1195 271 1
2773 2868 1
1572 2985 1
4181 4758 1
4758 3690 1
3690 841 1
983 3905 1
5785 4611 1
4611 2735 1
2735 1296 1
3363 1924 1
1206 1808 1
1252 5257 1
3525 4439 1
5209 2936 1
2936 2985 1
2985 2773 1
2773 4515 1
4572 4911 1
4911 271 1
5417 4710 1
5133 3327 1
3327 4515 1
4515 3125 1
3125 5785 1
259 3980 1
1543 5237 1
3760 5169 1
5169 2481 1
5666 2999 1
2999 841 1
4458 2302 1
2176 177 1
2236 3992 1
3992 1243 1
1243 5151 1
5151 5257 1
5257 4449 1
4449 2110 1
2110 5043 1
5043 3215 1
3215 310 1
2487 5169 1
5169 1 1
4584 1 1
5169 554 1
340 5569 1
4599 786 1
786 790 1
5512 2621 1
5169 4336 1
4336 5049 1
5702 1695 1
1695 2236 1
2236 5169 1
2487 5358 1
259 4649 1
4649 685 1
685 1614 1
1924 790 1
5785 687 1
687 2657 1
2657 876 1
5673 5258 1
4446 268 1
5049 4333 1
4333 2528 1
2528 406 1
406 1712 1
2487 3953 1
3953 409 1
409 4202 1
5132 5258 1
4546 1808 1
1808 5257 3
4316 2486 1
2486 1679 1
1679 2867 1
2867 5553 1
5553 4667 1
4667 4159 1
4159 2487 1
271 4814 2
4814 2652 1
2652 1421 1
1421 5257 1
3525 4316 2
2236 1679 1
1679 1572 1
5049 1 1
3122 1096 1
268 3877 1
3877 271 1
268 1499 1
3534 1808 1
5785 610 1
610 877 1
877 5505 1
5505 1572 1
1572 3910 1
1695 4599 1
5229 2206 1
2206 5505 1
5505 1406 1
1406 3449 1
3449 4007 1
4007 5785 1
2362 5257 1
5778 5350 1
5350 3851 1
3851 1572 1
4446 3910 1
1290 5134 1
5134 5836 1
5836 2487 1
2487 495 1
495 3699 1
2487 2476 1
2476 1161 1
1161 4887 1
5169 2649 1
4092 5774 1
5774 2417 1
2417 2867 1
2736 5778 1
5778 4683 1
1584 5778 1
5778 5042 1
5042 4528 1
4528 5589 1
5589 3885 1
3885 5043 1
675 2867 1
4453 2358 1
4535 4584 1
983 5376 1
5376 1695 1
2556 5563 1
5563 5564 1
5564 1922 1
1922 5257 1
4446 2438 1
2438 282 1
282 4030 1
4030 2657 1
2657 1442 1
1442 2236 1
4668 1230 1
5132 5287 1
5287 1235 1
5571 4184 1
4184 5666 1
635 474 1
474 4439 1
1712 2516 1
2516 5169 1
5327 1572 1
1572 5383 1
5383 2186 1
2186 4469 1
4469 4439 1
5778 2112 1
2112 1235 1
4872 4439 1
1712 1849 1
1849 4439 1
4439 63 1
2513 5169 1
5169 5185 1
5185 3652 1
4599 2027 1
153 4202 1
2487 75 1
75 2892 1
2892 5257 1
4446 63 1
2513 2608 1
2608 1167 1
1167 2867 1
5008 2302 1
3297 1381 1
1381 2922 1
271 5596 1
4586 5087 1
5087 1290 1
1290 1412 1
1412 2302 1
2487 2767 1
38 5169 1
5345 813 1
2867 4118 1
4118 2666 1
2666 4226 1
4226 2289 1
622 1670 1
1670 1695 1
2487 2483 1
2483 871 1
871 2657 1
458 5256 1
3525 40 1
2236 543 1
543 2868 1
2868 5358 1
5666 4360 1
4360 1582 1
1582 2691 1
2691 1017 1
1017 310 1
2487 64 1
64 4316 1
5666 2206 1
280 4630 1
4630 4627 1
4627 2487 1
2962 1318 1
1318 1014 1
2737 4911 1
4513 5170 1
5170 5785 1
2736 1 1
1572 856 1
856 5666 1
4814 268 1
937 4688 1
4688 4396 1
4396 5256 1
4316 1695 1
268 3613 1
3613 3549 1
3549 3267 1
3267 2985 1
2985 5257 1
4446 2691 1
2691 154 1
154 3842 1
3842 5133 1
4584 2657 1
2867 3064 1
3064 1687 1
5350 3952 1
5049 4800 1
4800 2556 1
2556 3064 1
3064 2814 1
3549 2993 1
949 3267 1
3267 271 1
4872 2769 1
2769 2462 1
2462 4584 1
1572 4366 1
4366 4453 1
4453 4138 1
5049 941 1
941 4147 1
4147 5237 1
5785 3264 2
3264 949 1
3548 2632 1
2632 4964 1
4964 5257 1
3525 901 1
901 2744 1
2683 5169 1
2683 5670 1
5670 2867 1
4439 2550 1
2550 4224 1
4224 40 1
1695 4547 1
4547 933 1
5032 3267 1
3267 79 1
79 1712 1
3267 554 1
554 5169 1
4458 3267 1
3267 3402 1
271 5631 1
5631 5785 1
1695 3549 1
3549 2879 1
3735 5043 1
5199 2879 1
2879 937 1
2487 4292 1
4292 5785 1
5785 4328 1
2879 4758 1
1687 4843 1
4843 1 1
1 5547 1
5547 2289 1
2269 2341 1
2341 2223 1
2223 2683 1
5344 1230 1
2487 1471 1
1471 268 1
268 705 1
705 5114 1
1950 5119 1
5119 5257 1
5257 3526 1
3526 5785 1
1572 3805 1
3805 635 1
635 2691 1
2236 3869 2
3267 2608 1
3267 3549 1
3549 633 1
633 2886 1
2886 5258 1
5258 2161 1
2161 5257 1
5337 259 1
4439 3270 1
3270 995 1
995 1995 1
1995 5666 1
5666 3267 1
3267 5258 1
2608 930 1
930 470 1
470 3428 1
3428 2608 1
2608 790 1
790 5515 1
5515 5344 1
5563 995 1
995 5798 1
5798 1290 1
1290 1570 1
1570 1536 1
1536 268 1
1014 2560 1
2560 2935 1
2935 1 1
4446 5257 1
4546 5440 1
5440 1695 1
2867 5431 1
5431 3566 1
3566 1089 1
1695 3771 1
3771 5479 1
5133 2879 1
2879 2982 1
2982 2867 1
2867 465 1
1572 1996 1
1996 4547 1
1252 948 1
2867 2660 1
3281 2377 1
2377 2470 1
2470 2935 1
2935 2985 1
2985 619 1
619 4169 1
5015 1014 1
1014 1692 1
1692 2487 1
5118 2643 1
2643 2302 1
2867 290 1
290 271 1
1843 5133 1
5344 5229 1
5229 3639 1
3639 5258 1
2289 4213 1
4213 930 1
930 4859 1
4859 4703 1
4703 930 1
930 354 1
354 1014 1
5043 149 1
149 5043 1
5043 5201 1
5201 360 1
665 1572 1
1572 4260 1
4260 5591 1
5591 1399 1
1399 4668 1
4668 2867 1
2867 4962 1
4962 583 1
583 3277 1
3277 3779 1
3779 2289 1
5095 1427 1
1427 2927 1
2927 1572 1
4138 2520 1
2520 2302 1
949 271 1
271 3885 1
3885 5785 1
5774 4547 1
1252 66 1
66 268 1
268 1961 1
1961 2927 1
2927 1 1
5785 2414 1
2414 259 1
259 1251 1
1251 988 1
988 2236 1
2236 3152 1
3152 340 1
5350 2879 1
2879 3549 1
3549 2985 1
2985 4988 1
622 4053 1
4053 2608 1
2608 2867 1
2487 4526 1
4526 5785 1
5785 5148 1
5148 3014 1
3014 937 1
3484 1687 1
813 3310 1
2165 1045 1
3869 304 1
304 1014 1
1014 5161 1
5161 3992 1
3992 2641 1
338 790 1
790 3731 1
3731 5051 1
5051 5785 1
335 790 1
5043 3934 1
2770 3565 1
3565 5169 1
5169 1102 1
1102 1892 1
1892 3306 1
4354 2194 1
1892 2010 1
2010 2037 1
2037 463 1
463 2301 1
2301 5785 1
5785 3891 1
3891 2867 1
2867 5118 1
5118 5668 1
268 5066 1
3014 5169 1
5169 3737 1
4758 2912 1
2912 2672 1
2672 4515 1
4515 4135 1
4135 2302 1
2302 5595 1
5595 271 1
406 5610 1
1572 124 1
124 3649 1
3649 1892 1
1892 5610 1
4176 1230 1
5666 4824 1
4824 1800 1
1800 5049 1
5049 5645 1
5645 5209 1
5209 5785 1
2487 405 1
405 2632 1
1290 1712 1
1712 1803 1
1803 5563 1
5563 1728 1
1728 4186 1
4186 1153 1
1153 1835 1
1835 2657 1
2487 4825 1
4825 2657 1
1177 310 1
3880 3447 1
3447 2814 1
2814 5332 1
5332 2302 1
5095 5257 1
4446 5569 1
5785 5458 1
5458 1572 1
5600 1 1
665 1561 1
1561 5630 1
5774 3174 1
