722 390 1
390 5395 1
5395 4537 1
4537 1831 1
1831 5522 1
5522 5895 2
5895 5490 8
5490 1 1
1 1399 10
1399 2863 7
2863 5395 8
5395 2863 1
2863 87 6
87 722 1
722 5218 2
5218 3932 1
3932 5103 1
5103 3267 54
3267 6640 14
6640 1326 1
1326 1810 4
1810 4533 1
4533 6627 1
6627 5117 4
5117 5895 1
5895 4537 1
4537 2187 1
2187 2754 2
2754 6417 1
6417 2077 1
2077 317 1
317 6628 23
6628 2077 1
2077 4955 1
4955 1961 1
1961 2616 15
2616 5103 27
5103 5895 7
5895 2802 1
2802 1140 2
1140 5594 1
5594 317 4
317 3678 9
3678 4803 1
4803 1810 4
1810 5202 2
5202 216 1
216 5735 1
5735 6001 10
6001 458 1
458 6024 2
6024 2616 41
2616 6628 3
6628 1140 10
1140 1810 15
1810 4006 4
4006 3267 4
3267 317 19
317 68 3
68 2629 1
2629 4694 1
4694 1079 1
1079 2616 1
2616 1389 2
1389 3732 1
3732 3207 2
3207 1260 4
1260 6640 4
6640 4283 1
4283 1083 1
1083 2863 15
2863 1796 60
1796 6503 61
6503 1130 17
1130 6456 1
6456 5103 7
5103 5805 8
5805 2282 2
2282 1140 2
1140 348 1
348 1338 3
1338 458 1
458 6640 5
6640 1952 5
1952 5208 11
5208 509 2
509 5780 1
5780 1810 1
1810 6386 8
6386 5201 3
5201 1822 6
1822 6640 1
6640 2263 1
2263 6637 1
6637 1961 1
1961 3266 8
3266 956 4
956 3031 4
3031 6627 25
6627 6640 34
6640 5476 7
5476 2863 23
2863 3732 10
3732 493 6
493 3525 1
3525 6011 3
6011 1459 1
1459 5103 2
5103 6287 1
6287 1202 1
1202 416 4
416 317 2
317 3207 24
3207 1810 3
1810 5923 27
5923 1426 29
1426 2044 1
2044 1952 1
1952 5923 14
1426 348 1
348 6124 1
6124 12 1
12 1810 1
1810 5650 1
5650 1440 1
1440 6640 2
6640 2863 146
2863 791 2
791 6628 1
6628 1455 1
1455 1810 8
1810 5136 1
5136 3300 1
3300 2792 1
2792 317 2
317 2394 3
2394 503 1
503 317 2
317 244 3
244 1862 1
1862 5131 1
5131 1810 1
1810 1559 1
1559 2629 1
2629 5181 6
5181 317 1
317 5185 31
5185 6114 1
6114 3031 2
3031 5923 12
5923 5490 16
5490 4893 1
4893 6640 1
6640 1810 82
1810 1747 3
1747 6503 7
6503 3265 95
3265 5323 5
5323 5202 1
5202 48 1
48 4803 1
1810 4466 1
4466 6640 5
6640 317 27
5185 6535 2
6535 1399 1
1399 6640 21
6640 388 6
388 317 8
317 1265 16
1265 348 3
348 1810 3
1810 312 26
312 1459 1
1459 1961 1
1961 4448 1
4448 6456 1
6456 6640 3
388 348 1
348 4081 1
4081 4358 1
4358 2556 2
2556 534 2
534 2697 1
2697 6640 4
6640 90 1
90 1479 1
1479 3171 1
3171 640 1
640 3023 1
3023 3085 1
3085 3266 1
3266 2863 21
2863 6386 23
6386 5283 9
5283 3300 1
3300 2629 5
2629 6640 29
6640 3035 1
3035 3710 2
3710 317 1
317 2187 7
2187 6640 13
6640 5799 26
5799 5858 1
5858 1810 1
1810 2929 1
2929 4780 1
4780 317 1
317 6627 38
6627 3710 1
3710 2930 1
2930 1 1
1 2553 1
2553 5893 1
5893 4196 1
4196 1810 2
1810 4196 2
4196 3300 1
3300 708 2
708 3941 1
3941 4165 1
4165 2085 1
2085 348 1
348 1757 1
1757 317 1
317 2114 1
2114 708 1
708 1258 1
1258 312 54
312 5106 2
5106 1469 1
1469 5662 4
5662 3031 1
3031 1810 5
1810 5879 13
5879 2863 1
2863 5411 14
5411 1308 1
1308 1202 2
1202 1385 1
1385 2679 1
2679 312 6
312 1404 4
1404 1425 1
1425 3942 3
3942 348 1
348 2863 2
2863 4544 1
4544 6450 1
6450 2669 1
2669 211 1
211 6627 1
6627 3266 8
3266 3023 3
3023 5300 1
5300 3031 1
3031 6386 1
5283 4537 1
4537 1385 1
1385 6389 1
6389 2133 3
2133 6640 6
2863 5367 1
5367 5875 1
5875 3053 1
3053 6503 1
6503 1956 6
1956 2286 1
2286 312 1
312 4398 2
4398 3403 1
3403 5747 1
5747 3403 1
3403 1423 1
1423 3403 1
3403 3173 1
3173 3403 1
3403 5875 1
5875 2342 1
2342 1134 5
1134 6024 2
6024 6640 79
244 708 1
708 5413 1
5413 317 1
3207 2282 2
2282 977 1
977 494 1
494 4138 1
4138 6128 6
6128 348 1
348 255 1
255 2078 1
2078 1810 2
1810 4463 1
4463 6306 1
6306 6640 1
6640 4537 3
4537 2555 1
2555 1810 1
1810 5886 1
5886 6509 1
6509 5805 2
5805 4537 1
4537 5964 1
5964 6121 1
6121 6640 7
6640 4196 1
4196 6505 1
6505 6226 1
6226 6627 1
6627 1134 10
1134 5893 1
5893 4795 1
4795 1983 1
1983 3266 1
3266 4567 1
4567 6503 1
6503 3266 33
3266 2555 1
2555 1082 1
1082 4031 1
4031 5879 1
5879 6640 10
6640 3650 1
3650 1343 1
1343 3065 11
3065 2937 8
2937 1976 2
1976 6640 5
6640 1134 1
1134 1202 3
1202 1968 1
1968 3960 1
3960 1735 1
1735 6640 1
6640 3976 1
3976 1810 2
1810 6640 71
6640 4092 5
4092 6024 2
6024 348 3
348 3925 1
3925 3266 1
2863 3926 4
3926 6627 1
6627 956 2
956 1352 1
1352 4387 1
4387 1810 1
1810 5997 11
5997 1258 10
1258 3497 1
3497 3370 1
3370 3266 3
3266 2653 1
2653 306 1
306 1426 1
1426 2629 3
2629 5160 14
5160 5805 1
5805 5688 2
5688 6456 1
6456 4971 1
4971 3065 2
3065 423 1
423 317 5
2187 5034 1
5034 3023 5
3023 2863 68
2863 5429 2
5429 6388 1
6388 304 5
304 348 1
348 6363 1
6363 3065 1
3065 2555 1
2555 2187 1
2187 3266 3
2863 5043 1
5043 1810 1
1810 3018 6
3018 2863 44
2863 3057 1
3057 2844 1
2844 1352 1
1352 5875 1
5875 6503 21
6503 1300 1
1300 6456 1
6456 6114 1
6114 5118 1
5118 359 1
359 3064 1
3064 5789 1
5789 6627 1
6627 2869 1
2869 3023 1
3023 317 1
6627 651 10
651 1952 1
1952 3266 7
3266 5893 2
5893 6503 6
6503 4411 4
4411 3792 1
3792 3266 1
3266 5248 1
5248 2533 1
2533 328 26
328 5933 1
5933 5639 1
5639 1117 1
1117 317 1
317 3529 1
3529 1810 1
1810 5641 35
5641 1274 1
1274 6640 1
6640 1017 1
1017 6417 1
6417 6438 2
6438 3266 1
3266 2613 1
2613 6640 1
6640 5185 2
5185 284 1
284 1810 1
6640 6523 11
6523 2863 19
2863 3238 1
3238 3370 1
3370 2836 2
2836 1083 1
1083 348 1
348 5253 1
5253 1810 1
1810 4092 3
4092 1096 1
1096 6640 10
6640 3613 1
3613 3031 1
3031 3370 2
3370 6627 4
6640 312 63
312 2863 24
2863 2428 1
2428 6640 2
6640 2851 6
2851 5408 1
5408 5344 1
5344 1810 1
1810 1496 1
1496 2629 1
2629 5716 3
5716 2533 1
328 5641 1
5641 4405 1
4405 1952 1
1952 6640 16
2863 228 2
228 3036 1
3036 908 1
908 2863 1
2863 5342 1
5342 5799 1
5799 908 1
908 5263 1
5263 4714 1
4714 908 1
908 6503 1
6503 6627 64
6627 5997 7
5997 5799 6
5799 866 1
866 908 1
908 2085 1
2085 1426 2
1426 5997 16
5997 2841 1
2841 2720 1
2720 6384 1
6384 2443 1
2443 4201 1
4201 3266 3
3266 5641 2
5641 956 4
956 4537 1
4537 3584 1
3584 2257 1
2257 4138 1
4138 5410 1
5410 4077 1
4077 2997 1
2997 6456 1
6456 1 3
1 6640 44
6640 5283 20
5283 6503 53
6503 1810 17
6640 6387 8
6387 304 3
304 5989 1
5989 1426 2
1426 3266 6
3266 5693 1
5693 4867 1
4867 3031 1
3031 6640 54
2863 1343 11
1343 3023 1
3023 3724 1
3724 6640 2
6640 5893 12
5893 6387 1
6387 5327 2
5327 6138 1
6138 3370 1
3266 2258 1
2258 2257 1
2257 6076 2
6076 2361 1
2361 304 9
304 1090 1
1090 3031 4
3031 3266 8
3266 4585 1
4585 577 1
577 6503 1
6503 1258 6
312 6640 12
6640 3525 14
3525 5300 1
5300 2438 1
2438 1399 1
1399 2591 1
2591 956 4
956 5805 3
5805 423 2
423 6503 2
3266 3006 2
3006 1469 20
1469 6503 17
6503 2629 13
5160 2863 1
2863 5283 9
5283 304 3
304 3023 1
3023 3850 3
3850 1810 2
1810 6503 33
3266 5624 2
5624 1459 1
1459 5799 1
5799 6505 1
6505 4077 1
4077 4714 1
4714 317 6
317 4895 2
4895 317 1
317 6409 1
6409 2864 2
2864 3031 1
6640 525 5
525 2952 1
2952 1459 1
1459 317 10
3207 2501 1
2501 5103 2
5103 3266 5
3266 1810 19
6640 5018 8
5018 4537 1
4537 5208 7
5208 6503 3
6503 2863 32
2863 5661 12
5661 6640 2
6640 5621 2
5621 6384 1
6384 1 1
1 2863 13
2863 5875 9
5875 6640 8
1810 637 4
637 2591 1
2591 3532 1
3532 317 6
4895 3031 1
3031 2133 3
2863 831 2
831 6627 1
6627 674 1
674 4203 1
4203 6503 60
6503 4023 1
4023 3370 1
6627 708 8
708 4783 28
4783 3015 1
3015 5893 1
5893 2694 1
2694 2966 1
2966 1 1
1 2533 1
328 1961 2
1961 2849 1
2849 5799 1
5799 1810 31
1810 3941 9
3941 5950 1
5950 96 1
96 6182 6
6182 4537 1
4537 6409 1
2864 5810 1
5810 956 1
956 5893 3
5893 1810 10
1810 1134 7
6024 4277 1
4277 6503 1
6503 5378 1
5378 3732 2
3732 2867 1
2867 5103 1
5103 46 1
46 1810 1
1810 3671 2
3671 96 1
96 2132 5
2132 5185 2
5185 3667 1
3667 3892 1
3892 1976 1
1976 6114 1
6114 2984 2
2984 2864 1
2864 1455 1
1455 6640 4
6640 5474 1
5474 2863 1
493 3031 1
6640 2133 7
2133 3065 2
3065 6627 33
6627 3006 2
3006 5370 15
5370 1 2
1 5893 6
5893 5593 1
5593 6024 4
6024 2533 1
328 4077 1
4077 2342 1
2342 2629 1
2629 2867 6
2867 2556 1
2556 4533 1
4533 5923 1
5490 3056 1
3056 3381 1
3381 5636 1
5636 2629 1
2629 6627 20
6627 2674 1
2674 3724 1
2133 3525 1
3525 3126 3
3126 2616 1
5895 312 2
312 1798 1
1798 508 1
508 1255 1
1255 1404 4
1404 2533 1
328 1252 1
1252 6640 1
6640 5641 17
5641 3058 1
3058 1810 1
1810 5932 1
5932 4201 1
4201 5487 1
5487 2889 1
2889 1810 17
1810 1079 3
1079 2563 1
2563 1 2
1 4201 21
4201 4137 2
4137 5560 2
5560 6640 2
6640 3848 1
3848 1952 2
5208 2646 1
2646 5103 1
5103 3175 1
3175 5116 1
5116 5169 2
5169 4163 1
4163 3265 1
3265 2629 20
2629 5662 7
5662 5250 1
5250 1952 1
1952 3248 1
3248 1810 1
1810 5624 7
5624 1343 1
3065 6461 1
6461 411 1
411 3031 1
3031 403 1
403 2863 1
2863 1820 2
1820 6640 3
6640 2629 20
2629 6170 2
6170 6640 2
6640 6511 5
6511 5208 12
5208 5805 3
5805 3210 1
3210 6503 1
6503 6640 111
6640 1735 3
1735 6174 1
6174 5152 1
5152 1754 3
1754 3673 1
3673 6549 1
6549 2351 1
2351 1843 1
1843 1277 1
1277 2222 1
2222 5463 2
5463 3284 1
3284 6529 1
6529 2142 1
2142 905 1
905 1412 1
1412 1513 1
1513 5450 1
5450 4302 1
4302 2130 1
2130 5410 1
5410 1810 2
1810 413 1
413 5881 1
5881 2861 1
2861 6640 1
6640 6509 2
6509 1057 1
1057 1 1
2863 4063 12
4063 6503 5
3265 6552 1
6552 1810 1
1810 3732 6
3732 5570 1
5570 6024 1
6640 83 1
83 2608 1
2608 4201 1
4201 1822 1
1822 2333 3
2333 1272 1
1272 5672 1
5672 3960 1
3960 5799 2
5799 5673 1
5673 4378 1
4378 2085 1
2085 3267 10
3267 2863 35
2863 2323 1
2323 317 1
317 2551 3
2551 1810 2
1810 3267 16
3267 6386 4
5283 6509 1
5805 6503 3
6503 6009 1
6009 3267 1
3267 5471 1
5471 1810 1
1810 2863 109
2863 2591 122
2591 1810 3
1810 1258 1
1258 267 1
267 3732 3
3732 3050 6
3050 6024 1
6640 5239 3
5239 1609 1
1609 3370 2
3370 5692 10
5692 1465 1
1465 6640 2
312 5263 3
5263 3207 1
3207 1961 1
1961 2784 1
2784 352 1
352 3427 1
3427 459 1
459 3578 1
3578 1810 2
1810 3987 1
3987 3031 1
3031 2556 2
2556 3717 1
3717 6640 2
6640 5403 1
5403 3265 1
3265 4714 3
4714 3540 1
3540 5169 1
5169 1810 3
2863 6248 12
6248 6640 3
6640 2579 1
2579 928 1
928 1961 2
1961 3265 23
3265 5197 1
5197 6640 1
6640 4341 1
4341 1796 2
6627 3525 11
3525 1352 1
1352 4452 2
4452 2187 1
2187 6088 1
6088 6640 1
6640 6125 1
6125 87 1
87 2515 1
2515 668 1
668 6640 1
2629 3036 10
3036 4201 2
4201 3754 1
3754 5951 1
5951 4795 4
4795 2629 1
2629 2501 13
2501 1956 1
1956 4795 3
4795 2219 1
2219 5208 1
5208 1052 1
1052 1 3
4201 458 3
458 3022 1
3022 3599 1
3599 3266 1
3266 2972 2
2972 564 1
564 3540 1
3540 966 1
966 6505 2
6505 3452 1
3452 3002 1
3002 5266 6
5266 3031 1
3031 708 12
708 1426 2
1426 6640 14
2591 6250 3
6250 1325 1
1325 409 2
409 5834 3
5834 6640 1
6640 4485 3
4485 2629 4
2629 2226 3
2226 1810 6
1810 856 3
856 5967 1
5967 317 1
1265 708 2
708 5558 5
5558 1810 2
1810 2553 1
2553 312 15
312 3976 1
3976 2863 1
2863 246 7
246 6375 1
6375 6640 1
6640 5263 5
5263 1810 4
1810 2268 2
2268 4604 1
4604 2545 1
2545 651 2
651 341 1
341 4145 4
4145 220 1
220 6438 2
6438 293 1
293 4542 1
4542 1102 1
1102 1810 1
5641 1404 2
1404 5869 1
5869 6460 1
6460 4332 1
4332 352 1
352 317 5
317 5105 3
5105 6404 1
6404 415 1
415 1961 1
1961 279 12
279 2256 2
2256 2148 1
2148 5810 1
5810 516 1
516 6640 1
6640 2817 2
2817 6295 3
6295 516 1
516 4832 1
4832 2627 1
2627 5 1
5 618 1
618 317 4
317 6460 17
6460 1134 10
1134 2627 1
2627 3381 1
3381 6640 12
6640 1961 8
1961 2553 12
2553 5869 2
5869 4214 1
4214 5168 2
5168 1810 7
1810 782 1
782 6470 1
6470 3236 3
3236 2629 2
2629 2250 3
2250 5127 1
5127 1 1
4201 5600 2
5600 515 5
515 3732 21
3732 5663 1
5663 1810 1
5641 4336 1
4336 2475 1
2475 1145 3
1145 5799 2
5799 1961 59
1961 1796 3
6640 3821 1
3821 5923 1
5490 2616 1
2616 2212 1
2212 2629 1
2629 6435 7
6435 3732 1
3732 5963 3
5963 317 2
5105 2474 1
2474 1145 1
1145 2718 1
2718 6505 1
6505 2863 12
2863 1536 2
1536 966 1
966 1469 1
1469 415 1
415 3031 1
3031 4692 1
4692 2523 2
2523 2281 1
2281 1104 1
1104 6640 4
6640 5103 20
5103 1046 2
1046 5584 1
5584 3065 2
3065 1978 1
1978 2154 1
2154 2616 1
2616 4471 1
4471 1952 2
1952 1774 2
1774 1810 5
1810 4510 2
4510 2889 1
2889 1173 5
1173 4456 1
4456 2533 1
328 5263 1
5263 2629 8
2629 4109 1
4109 2280 1
2280 2616 1
2616 3432 1
3432 2591 1
2591 3265 2
3265 464 3
464 4203 1
6503 3922 1
3922 984 1
984 3189 1
3189 3265 1
3265 3848 2
3848 865 1
865 6566 2
6566 4492 1
4492 3207 1
3207 2527 4
2527 1810 1
1810 5593 6
5593 2254 2
2254 5810 5
5810 3300 1
3300 4492 1
4492 5492 1
5492 2629 2
6435 5103 1
5103 2245 1
2245 1810 1
1810 3353 3
3353 1982 1
1982 2475 2
2475 2616 2
2616 5799 3
5799 6503 36
6503 2616 50
2616 2591 26
2591 304 17
304 5961 1
5961 3265 1
3265 5074 8
5074 2527 1
2527 4692 1
4692 1404 1
1404 1810 5
1810 1404 12
2863 312 67
312 3006 4
3006 1759 4
1759 1 1
1 2616 11
2616 2322 4
2322 5799 2
5799 206 4
206 352 1
352 6024 2
6640 1740 2
1740 3036 1
3036 1 2
5411 4243 1
4243 3266 1
3266 4201 1
4201 1740 2
1740 6295 1
6295 4201 1
4201 5570 1
5570 1982 1
2475 2387 1
2387 3056 1
3056 1959 2
1959 618 1
618 5218 2
5218 4031 1
4031 1399 1
2863 4244 1
4244 1810 1
1810 3506 1
3506 6627 2
6627 2963 2
2963 5879 1
5879 1740 1
1740 2085 1
2085 2930 2
2930 4244 2
4244 635 1
635 6640 1
6640 6441 2
6441 1343 1
2963 2085 1
2085 722 5
722 5607 1
5607 319 1
319 6456 1
6456 1871 1
1871 2629 5
2629 4235 1
4235 1871 1
1871 3381 1
3381 6228 1
6228 3207 1
3207 5370 11
5370 5879 1
5879 2085 6
4244 6024 1
6024 722 7
722 2851 2
2851 6481 1
6481 708 1
708 5834 1
5834 5875 1
5875 5810 1
5810 5875 1
5875 1762 2
1762 317 4
317 5123 5
5123 4863 1
4863 2501 2
2501 2720 1
2720 1173 1
1173 3300 3
3300 1522 2
1522 1077 1
1077 2254 7
5810 2388 1
2388 2556 1
2556 928 1
928 1399 1
2863 5397 6
5397 6528 1
6528 6533 1
6533 3031 2
3031 1173 13
1173 2863 24
2863 5799 12
5799 939 4
939 1173 2
1173 1796 5
1130 1173 2
1173 5250 1
5250 1762 1
1762 1810 5
312 1425 3
1425 1810 1
1810 3265 38
3265 4355 2
4355 5250 1
5250 2629 4
2629 1774 14
1774 2475 1
2475 5895 1
5895 1810 2
6640 4487 1
4487 5570 1
5570 1952 2
1952 1145 3
1145 1810 12
1810 865 1
865 3036 1
3036 5799 2
6503 3207 4
3207 3265 4
3265 3036 3
3036 4253 1
4253 2030 3
2030 2556 1
2556 5844 1
5844 2556 1
2556 2604 1
2604 2852 1
2852 5444 1
5444 5563 1
5563 6024 1
1740 3045 1
3045 1810 2
1810 6481 1
6481 5799 1
6503 5360 1
5360 849 1
849 6024 1
2629 928 7
928 3031 1
2863 6550 1
6550 4201 1
1740 522 1
522 3045 1
3045 4201 2
4201 3801 2
3801 3045 3
3045 2863 2
4063 1961 1
1961 6640 30
6640 2591 24
2591 859 1
859 6627 1
6627 5799 5
5799 4604 4
4604 4774 1
4774 6561 1
6561 2527 1
2527 3539 1
3539 708 1
708 3267 8
3267 1959 1
1959 1195 1
1195 6460 1
6460 657 1
657 6640 1
6640 2827 1
2827 6126 1
6126 3209 2
3209 4863 1
2501 903 17
903 6024 1
6640 6481 1
6481 1894 1
1894 6640 1
6640 5654 1
5654 1807 1
1807 1810 2
1810 5018 7
5018 5681 1
5681 1202 1
1202 2132 5
2132 1952 1
1952 5765 4
5765 1982 1
1982 5879 1
2085 6640 27
2591 6126 3
6126 236 2
236 5853 1
5853 6640 1
6640 6243 6
6243 1043 1
1043 6395 2
6395 1690 1
1690 1173 1
1173 2616 4
2616 312 28
312 5556 3
5556 1810 2
1810 317 33
317 5923 31
1426 2527 7
2527 2556 1
2556 6482 1
6482 4604 1
4604 5923 1
5923 5871 1
5871 5179 1
5179 1810 1
1810 2616 31
2616 4084 4
4084 2629 1
2629 6486 6
6486 1090 1
1090 3454 1
3454 6533 1
6533 2629 1
2629 1159 4
1159 5923 1
5923 6551 1
6551 6640 5
6640 6503 11
6503 6385 4
6385 304 3
304 4388 3
4388 1173 1
1173 4662 1
4662 5799 2
5799 1197 1
1197 5412 1
5412 1952 1
1145 3031 1
2863 5478 5
5478 4203 1
6503 1173 13
1173 4658 2
4658 3847 1
3847 6595 1
6595 1810 6
5879 6134 1
6134 6503 1
6640 2984 4
2984 1265 1
1265 5923 3
5923 682 1
682 6503 2
6503 6024 20
6024 3265 42
3265 2995 1
2995 5168 1
6503 2905 2
2905 304 1
304 4839 1
4839 3035 1
3035 5169 1
5169 2629 1
2629 2280 4
2280 6640 1
2863 5482 2
5482 1810 1
1810 2629 16
6627 4203 3
1173 2591 4
2591 4658 1
4658 3031 1
5923 2819 1
2819 2629 1
2629 5185 10
5185 2616 1
2616 4612 1
4612 2629 1
2280 458 1
458 6417 1
6417 5951 5
5951 5168 1
317 6204 1
6204 1469 1
1469 3267 24
3267 5923 1
5923 4006 2
4006 2629 2
5662 4774 1
4774 6421 5
6421 6640 1
6640 4662 3
4662 6177 1
6177 3370 2
5692 3031 2
5923 2963 1
2963 6387 1
6387 5778 1
5778 5103 3
5103 1173 13
1173 1984 1
1984 6593 2
6593 1810 3
6640 4424 6
4424 1425 2
1425 3265 1
3265 1227 1
1227 1255 1
1255 1 2
1 2237 1
2237 6640 2
6640 708 18
708 312 16
312 4089 1
4089 5870 1
5870 1810 4
1810 105 1
105 2720 1
2720 5923 3
5923 388 1
388 2616 3
2616 308 1
308 4137 1
4137 351 2
351 1482 2
1482 1810 1
1810 455 2
455 2629 3
2629 840 2
840 4397 1
4397 3922 1
3922 1265 1
5923 4952 1
4952 6503 7
3265 5448 1
5448 5103 4
1173 6584 1
6584 1810 5
1810 3759 1
3759 3266 1
3266 2629 6
2629 5754 2
5754 1810 1
6503 4358 1
4358 6627 20
6627 2889 4
2889 6547 1
6547 6525 1
6525 3031 1
3031 4585 1
4585 6396 1
6396 635 1
635 1173 1
1173 956 3
956 6503 37
6503 279 2
279 360 2
360 3237 1
3237 3265 1
3265 1810 54
1810 2659 1
2659 2629 2
2629 3265 20
3265 5514 1
5514 1810 1
1810 1392 1
1392 2629 3
2629 2937 12
2937 3732 1
3732 409 11
409 6592 1
6592 1 1
4201 272 1
272 3300 1
3300 3801 2
3801 1145 2
317 1788 1
1788 5923 2
5923 6503 21
6627 1873 2
1873 3267 1
3267 4580 1
4580 2669 1
2669 3267 6
3267 708 13
708 6628 4
6628 6593 2
6593 3759 1
3759 3265 1
3265 6584 1
6584 2629 1
5754 3031 1
3031 2085 5
2085 1173 6
1173 4954 1
4954 5185 1
5185 1941 1
1941 317 1
317 1327 3
1327 4795 1
4795 5875 5
5875 3227 1
3227 6503 8
6503 360 2
360 1392 1
2937 6126 1
6126 1202 1
1202 3035 1
3035 3307 6
3307 1810 1
1810 4358 14
4358 1956 4
1956 3035 1
3035 4951 1
4951 3265 2
3265 1392 1
1392 708 1
708 1090 7
1090 1810 8
1810 1090 4
1090 5799 1
6503 317 13
317 2132 5
2132 3265 2
3265 6057 1
6057 279 2
360 538 1
538 3265 1
3265 3732 5
409 5160 2
5160 1810 7
1810 3490 2
3490 409 1
409 3265 4
3265 5570 1
5570 317 2
317 2227 1
2227 1810 1
1810 5615 2
5615 574 1
574 1173 1
1173 5693 1
5693 978 1
978 5185 1
5185 1789 1
1789 5103 2
5103 3002 1
5266 1810 2
1810 5187 1
5187 5420 1
5420 2629 13
2629 1327 21
1327 2889 1
2889 6505 3
6505 4143 2
4143 1941 1
1941 1173 1
1173 2889 4
2889 4521 1
4521 1469 1
1469 2972 2
2972 2522 3
2522 3265 2
3265 5202 3
5202 5123 1
5123 6050 1
6050 2889 1
2889 317 3
317 409 18
409 3240 1
3240 1810 1
1810 6520 1
6520 2889 1
2889 5420 1
2629 3583 1
3583 4842 1
4842 5061 4
5061 1961 1
1961 2629 4
2629 1188 1
1188 3732 1
3732 416 2
416 5458 1
5458 6024 1
6024 2281 1
2281 3523 1
3523 2889 1
2889 574 1
574 3522 1
3522 408 1
408 135 1
135 3065 1
3065 360 1
360 1810 1
1810 6532 1
6532 3031 1
3031 1961 6
1961 5893 17
5893 2255 1
2255 2855 1
2855 6603 1
6603 5185 1
5185 204 1
204 1789 1
5103 6532 1
6532 511 1
511 1173 1
1173 1810 19
1810 956 14
956 3056 2
3056 6503 14
6503 722 10
722 1796 3
1796 4537 1
4537 3002 1
1810 3489 1
3489 4953 1
4953 2629 1
2629 1538 2
1538 3705 1
3705 1173 2
1173 3046 1
3046 6024 1
6024 5208 16
5208 2629 10
2629 6566 7
6566 4767 1
4767 2577 1
2577 3347 1
3347 5895 1
1810 6057 1
6057 6503 8
6627 567 1
567 5809 1
5809 1093 1
1093 3265 1
3265 317 37
317 5074 10
5074 5117 1
5117 6500 1
6500 1079 1
1079 1173 1
1173 6628 1
6628 2576 1
2576 6500 1
6500 279 1
279 304 4
304 5283 1
5283 3265 27
3265 6503 20
317 3266 16
3266 1577 1
1577 6515 1
6515 5266 1
5266 2576 1
2576 279 1
304 2591 5
2591 784 1
784 3370 1
3370 409 4
409 226 2
226 1810 2
1810 767 2
767 360 1
360 5661 1
5661 5893 4
5893 4597 1
4597 4358 1
6627 3207 2
3207 567 1
567 5368 1
5368 3031 2
3031 1976 2
1976 1173 2
1173 3016 4
3016 2863 30
2863 956 21
956 708 1
708 2889 4
2889 5135 1
5135 1810 1
1810 3395 1
3395 1173 1
1173 708 7
708 6503 13
6503 1874 2
1874 5893 1
5893 304 3
304 4150 1
4150 2629 11
2629 2577 1
2577 3031 1
3031 3018 8
5411 1952 1
3266 4437 1
4437 359 1
359 3266 1
3266 3746 1
3746 317 1
5074 6024 7
6024 5117 3
5117 1371 1
1371 1173 1
1173 2922 1
2922 312 1
312 1810 9
1810 4779 1
4779 1628 1
1628 1202 1
1202 5923 23
5923 3265 6
3265 6448 1
6448 6503 1
6503 461 1
461 6500 1
6500 1810 1
1810 538 1
538 6024 1
2629 5570 8
5570 3859 1
3859 1952 11
1952 2197 1
2197 4397 1
4397 2616 1
5895 441 1
441 515 1
515 516 1
516 4965 1
4965 2858 1
2858 992 1
992 5893 2
5893 317 2
317 5951 5
5951 1871 5
1871 6489 5
6489 3236 1
3236 2497 1
2497 3190 3
3190 2644 1
2644 317 1
5923 1265 2
1265 312 5
312 233 2
233 2669 1
2669 2616 3
2616 6514 1
6514 5152 1
1754 1 1
1 516 2
516 312 2
312 6574 1
6574 5869 1
5869 5005 2
5005 3239 1
3239 2522 1
2522 317 6
317 6572 1
6572 2616 1
2616 5600 3
5600 5103 3
5103 4397 1
4397 1810 1
1810 3511 3
3511 4533 1
4533 1179 1
1179 897 2
897 130 1
130 5038 1
5038 1810 1
1404 1116 1
1116 2438 1
2438 2187 1
2187 5595 1
5595 2629 2
2629 3050 3
3050 317 3
317 5639 2
5639 4738 1
4738 2097 1
2097 2616 1
2616 3390 1
3390 6453 1
6453 6652 1
6652 1810 4
1810 4083 11
4083 515 5
3732 5005 19
5005 2616 1
2616 4638 4
4638 1097 1
1097 5103 1
5103 4000 3
4000 2522 1
2522 1810 1
1810 4503 1
4503 1952 5
1952 236 2
236 6289 1
6289 5919 1
5919 6024 1
6024 2243 1
2243 132 1
132 5810 1
5810 2616 2
2616 827 3
827 1487 1
1487 317 3
317 1073 3
1073 2277 1
2277 5923 1
5923 1692 1
1692 2616 1
2616 409 2
409 3957 1
3957 6503 2
2616 1202 2
1202 1033 1
1033 312 3
312 6394 1
6394 5798 1
5798 1 1
4201 3943 1
3943 2616 4
2616 2294 1
2294 317 1
317 5117 8
5117 1073 1
1073 1674 2
1674 2616 1
2616 1556 3
1556 5168 4
1810 4084 2
4084 5989 1
5989 2629 2
6486 5799 1
5799 4641 1
4641 2616 1
2616 3239 1
3239 1106 1
1106 6657 1
6657 3732 1
3732 5859 1
5859 2156 1
2156 1810 2
1810 352 13
352 2156 1
2156 4296 1
4296 317 3
3678 5923 1
5923 3538 1
3538 4545 1
4545 625 1
625 1810 4
1810 3063 2
3063 3801 2
3801 1985 1
1985 5649 1
5649 903 1
903 3018 1
304 1613 1
1613 4994 1
4994 2616 1
4084 1469 1
3267 1810 20
1810 2720 15
2720 3532 1
317 1996 1
1996 6380 1
6380 5782 1
5782 5103 1
5103 1587 1
1587 5649 1
5649 1762 1
1762 2616 3
2616 5533 2
5533 4805 1
4805 6535 4
6535 5283 1
5283 5923 5
5923 1810 6
1810 2697 3
2697 3266 1
3266 6535 1
6535 5895 1
5490 705 1
705 1430 1
1430 317 1
3266 699 1
699 1258 1
1258 4597 1
4597 4509 1
4509 1810 1
1810 3865 3
3865 5185 1
5185 1879 5
1879 2229 1
2229 2133 1
2133 708 1
708 5478 3
5478 1810 4
5923 794 1
794 1822 1
1822 2022 5
2022 291 1
291 2629 1
2629 2187 8
2187 312 7
312 2754 5
2754 5370 1
5370 5694 1
5694 4509 1
4509 4697 1
4697 3267 1
3267 674 1
674 1956 1
1956 2437 1
2437 2075 1
2075 6503 2
3265 312 53
312 389 1
389 5185 1
5185 4805 1
6535 1810 2
1810 3801 3
3801 5692 1
5692 5410 1
5410 3018 1
2863 3424 1
3424 3266 2
3266 5798 2
5798 1399 1
1399 1426 5
1426 2255 1
2255 2745 1
2745 3207 1
3207 1822 27
1822 4803 3
4803 1984 1
1984 3083 1
3083 6535 1
6535 1258 2
1258 3455 1
3455 3086 1
3086 1810 1
5923 2254 5
2254 797 1
797 1461 1
1461 312 1
312 6040 1
6040 2863 1
2863 1258 8
1258 3006 1
3006 5560 1
5560 3006 1
3006 1401 1
1401 3942 1
3942 2863 9
2863 6044 2
6044 3325 1
3325 1 1
1 508 1
508 5103 14
1810 409 11
3265 5231 1
5231 1810 3
2863 822 1
822 2629 1
2629 1052 8
1052 6043 1
6043 2225 1
2225 2218 2
2218 2225 1
2218 6627 1
6627 1788 1
1788 2858 1
2858 6535 1
6535 3018 1
3018 1822 4
1822 4168 1
4168 2863 1
5411 6217 1
6217 6628 1
6628 1788 2
1788 1880 1
1880 3265 1
312 5729 1
5729 1399 1
1426 1810 2
1810 6627 10
6627 3265 22
3265 2863 60
2863 3130 1
3130 3265 1
3265 5881 8
5881 1258 2
312 6044 2
6044 1399 1
1399 2255 2
2255 1822 2
1822 6300 1
6300 6535 2
6535 3424 1
5798 3265 2
3265 3479 1
3479 966 2
966 3265 1
3265 5834 2
5834 5254 1
5254 1810 1
1810 4289 1
4289 4949 1
4949 3732 1
3732 413 1
413 1 1
1 1879 1
1879 3265 1
312 872 1
872 1822 1
1822 5572 2
5572 2225 1
2225 6477 1
6477 1810 1
1810 4299 1
4299 1473 1
1473 2643 1
2643 2616 1
2616 708 17
708 4486 1
4486 317 5
317 611 3
611 3370 2
3370 6628 4
6628 2076 1
2076 1810 1
5593 5895 1
5895 2991 1
2991 3265 2
3265 5117 11
5117 758 1
758 1822 1
1822 5185 4
5185 966 1
966 5805 1
5805 2204 1
2204 2076 1
2076 3265 1
3265 5283 11
6503 2093 1
2093 3265 1
3265 758 1
758 5117 1
5117 3349 1
3349 1426 1
1426 874 1
874 1822 1
1822 5639 1
5639 2077 2
2077 3065 1
3065 3686 2
3686 1810 1
1810 4803 2
1956 4125 1
4125 6535 1
6535 3168 1
3168 1079 1
1079 5805 1
5805 2076 1
2076 2130 1
2130 4423 1
4423 317 23
317 966 21
966 6503 6
304 6037 1
6037 409 1
409 5231 3
1810 6024 5
6024 5923 2
5923 1822 1
4803 2254 1
2254 1852 1
1852 5185 2
6535 5923 1
5923 2707 2
2707 6503 2
3525 6384 4
6384 2618 2
2618 3031 1
3031 130 1
130 5037 6
5037 5283 2
5283 1 2
1 1961 11
1961 1426 17
1426 4175 1
4175 5103 1
5103 907 2
907 6328 16
6328 6024 1
3265 2984 4
2984 5043 1
5043 2254 1
2254 1426 11
1426 2616 15
2616 1258 17
1258 6037 2
6037 4812 1
4812 6024 2
2984 3409 1
3409 548 1
548 5923 1
5490 1402 1
1402 1401 1
1401 1077 1
1077 1961 5
3265 2707 4
2707 4332 1
4332 3265 2
3265 4763 3
4763 325 1
325 5993 1
5993 317 1
317 2097 1
2097 5103 1
5103 5177 2
5177 1 1
1 5844 9
5844 618 1
618 6126 1
6126 961 1
961 3265 3
3265 3018 3
2863 461 12
461 4803 1
4803 5641 1
5641 5475 3
5475 1810 1
1810 6126 3
6126 5018 1
5018 772 1
772 6640 1
6640 1822 6
5572 5799 1
1961 956 3
956 3267 1
3267 6024 2
6024 1956 4
1956 6300 1
312 1977 1
1977 5044 1
5044 2187 1
2187 2553 3
2553 6044 1
6044 317 4
317 5386 6
5386 2680 2
2680 1810 1
1810 4271 2
4271 4466 1
312 304 26
304 2979 1
2979 3732 1
3732 3446 1
3446 1952 2
1952 1327 2
1327 6640 2
6640 1011 5
1011 312 7
312 1645 1
1645 1961 2
1961 352 9
352 6640 11
6640 4423 15
966 5767 1
5767 2618 1
2618 6640 2
6640 682 2
682 3065 2
3065 2533 2
328 618 1
618 2254 1
2254 3267 3
3267 2591 4
2591 6044 1
5386 1399 5
6640 4555 1
4555 2618 1
2618 6628 1
6628 409 1
409 4064 2
4064 3432 1
3432 5283 1
5283 4803 1
4803 3266 1
3266 3897 1
3897 386 1
386 907 2
907 2553 1
2553 4466 1
4466 317 2
317 6535 1
6535 5879 1
5879 1956 1
1956 1822 3
1822 2616 8
2616 2719 1
2719 5208 1
5208 285 1
285 3548 1
3548 6505 1
6505 762 1
762 2003 1
2003 2229 1
2229 1810 1
3865 2229 1
2229 5185 1
1879 3801 1
3801 4509 1
4509 6640 1
6640 5881 16
5881 4163 1
4163 5185 1
5185 1788 1
1788 2629 2
2629 290 2
290 317 1
6460 1426 2
1426 5459 2
5459 312 1
312 1577 1
1577 4779 1
4779 4803 1
4803 5593 1
5593 130 1
5037 4802 1
4802 1014 1
1014 6039 1
6039 3381 1
3381 5923 2
6503 1426 38
1258 1013 1
1013 1265 1
1265 6503 3
6503 2342 4
2342 1871 1
1871 5328 1
5328 6066 1
6066 1871 1
1871 442 1
442 5997 1
5997 990 2
990 671 1
671 5923 1
5923 585 1
585 5328 1
5328 6627 1
6627 6121 3
6121 312 3
312 4664 2
4664 2196 1
2196 2616 1
2616 525 1
525 2863 6
2863 583 1
583 2616 1
2616 4803 1
4803 6627 2
6627 977 1
977 319 1
319 2616 1
2616 2673 1
2673 2448 1
2448 870 1
870 2629 2
2629 234 2
234 1156 1
1156 2747 1
2747 2629 2
2629 4256 1
4256 2020 1
2020 3116 1
3116 6037 1
6037 6456 2
6456 3371 1
3371 6444 1
6444 1140 1
1810 657 4
657 3060 1
3060 409 1
409 6037 1
6037 4885 1
4885 6627 2
6627 6384 3
6384 409 4
409 4276 5
4276 6640 3
6640 6497 4
6497 6503 1
6503 306 1
306 1880 1
1880 3031 1
3031 3163 1
3163 4803 1
4803 1258 1
6037 640 1
640 2923 1
2923 2553 1
2553 1705 1
1705 317 1
3678 1810 5
1810 1150 2
1150 5810 1
5810 1202 3
1202 777 4
777 1202 1
777 1 2
1 6503 14
6627 1469 3
1469 6593 2
6593 5805 1
5805 777 1
777 2863 1
1796 2863 3
1796 3031 7
3031 5799 7
5799 6121 2
6121 1497 1
1497 6024 1
6024 4803 2
4803 3065 1
6497 317 1
409 2077 2
2077 1810 6
1810 5117 8
5117 5208 10
5208 2616 2
1258 4175 1
4175 3939 1
3939 3732 1
3732 1961 1
312 1130 5
1130 2918 1
2918 6503 1
6503 708 17
4783 2616 1
1258 956 1
956 1426 1
1426 722 2
722 6503 7
6503 5799 3
5799 2752 1
2752 317 1
317 2077 2
2077 3732 1
3732 4180 1
4180 5117 1
5117 1961 1
2616 1226 1
1226 2858 1
2858 3716 3
3716 1202 3
777 1399 1
1399 2616 14
2616 2863 34
1469 777 1
777 5805 1
5805 6121 1
6121 5997 3
5997 5201 5
5201 2520 1
2520 5923 1
5923 4262 1
4262 2554 1
2554 1810 1
1810 3158 1
3158 2616 2
6628 6479 1
6479 6640 1
5117 2863 10
1796 5283 2
5923 3732 1
3732 4047 1
4047 1150 1
1150 6456 1
6456 1202 1
777 6627 1
6627 1798 6
1798 1202 1
1202 5117 8
5117 5410 2
5410 3525 1
3525 2591 1
2591 312 34
312 1961 4
1961 6627 16
5997 4902 1
4902 2863 1
2863 1236 2
1236 386 1
386 2616 1
312 1150 3
1150 2858 2
1202 5410 5
5410 3031 1
3031 3892 2
3892 2342 1
2342 5997 7
5997 5316 1
5316 6024 3
312 547 2
547 5103 2
5103 6627 9
6627 2783 1
2783 5997 1
5997 3267 4
3267 2159 1
2159 1810 1
1810 3938 1
3938 1 1
1 3267 3
3267 5893 6
1810 1343 15
1343 1961 1
1961 304 20
304 6118 1
6118 1976 1
1976 938 1
938 5997 1
5997 956 5
956 130 1
130 1961 1
1961 3267 21
2591 6118 1
6118 2085 1
2085 1952 1
1952 3267 6
3267 312 16
312 4500 1
4500 5682 1
5682 2187 1
2187 4504 1
4504 2419 1
2419 1822 1
1822 3267 15
3267 4358 1
4358 3591 6
3591 4097 1
4097 1952 1
1952 86 1
86 5682 1
5682 6627 1
6627 5881 2
5881 2875 1
2875 6503 1
6503 6384 2
6384 5679 1
5679 6417 1
6417 3050 5
3050 2629 1
2629 6444 1
6444 1810 1
2863 5560 5
5560 3506 1
3506 4662 1
4662 2863 4
2863 458 3
458 1336 1
1336 1810 1
2863 6145 1
6145 3267 1
3267 5606 1
5606 977 1
977 2432 1
2432 6365 1
6365 3490 1
3490 6503 3
6627 2984 4
2984 317 3
317 2078 1
2078 618 1
618 3506 1
3506 6640 1
6640 5591 1
5591 5997 1
5997 130 1
5037 6386 1
6386 5997 2
5997 708 7
708 1130 1
1130 3732 1
3732 4278 6
4278 1871 1
1871 2984 7
2984 6640 10
6640 1343 28
1343 5544 1
5544 2077 1
2077 1796 1
1796 6384 1
6384 5997 1
5997 1961 5
708 1132 1
1132 2863 1
2863 6024 2
6024 5997 20
5997 2342 3
2342 3267 5
3267 6307 1
6307 3056 1
3056 6121 1
6121 1833 1
1833 3909 1
3909 2616 1
312 1128 1
1128 3732 2
4278 1810 3
1810 5893 6
5893 3732 2
4278 2616 1
5117 777 1
777 2291 1
2291 6640 3
4783 6640 1
6640 664 4
664 5283 1
6627 939 2
939 3166 1
3166 1 1
1 1440 2
1440 2616 1
2616 5881 3
5881 312 3
312 6037 1
6037 130 1
5037 6640 1
6640 304 13
304 2629 6
2629 5826 5
5826 2501 3
2501 6121 1
6121 6384 6
6384 2573 2
2573 6460 1
6460 956 2
5805 442 2
442 6037 1
6037 1440 1
1440 317 2
2077 6627 1
6627 1404 8
1404 3016 6
2863 305 6
305 5997 1
1258 3378 1
3378 3267 1
1810 3138 2
3138 5103 4
3267 1961 7
2553 362 1
362 6470 1
6470 2972 5
2972 651 1
651 3267 1
3267 507 1
507 317 1
317 5997 2
5997 1810 11
2863 1734 3
1734 6296 1
6296 1822 2
1822 3678 1
3678 3056 1
3056 1399 1
1399 5799 2
5799 6640 19
6640 5480 3
5480 5893 1
5893 6640 4
6640 246 2
246 6503 6
6503 5323 6
5323 409 1
409 2858 4
2858 3678 2
3678 312 1
312 1221 3
1221 2631 1
2631 1440 1
1440 1810 2
1810 3716 1
3716 1425 1
1425 777 1
1 4803 1
1810 2501 2
2501 2863 2
2863 3356 6
3356 640 2
640 1130 1
1130 1961 5
1961 6386 1
6386 5923 1
5923 6640 7
6640 2573 3
2573 2475 1
2475 5836 18
5836 317 1
317 651 9
651 6628 1
6628 4824 1
4824 2432 1
2432 5899 1
5899 74 1
74 1690 1
1690 1810 1
1810 2085 11
2085 3265 21
3265 4810 1
4810 3265 4
3265 1927 1
1927 1645 1
1645 4093 1
4093 5322 1
5322 1952 1
1952 2440 1
2440 1810 2
6386 312 9
312 236 4
236 4803 1
4803 708 1
708 5641 2
5641 1320 1
1320 3265 1
1810 5416 2
5416 2669 3
3267 5879 3
5879 3265 2
3265 4947 1
4947 1810 1
1810 1589 2
1589 6503 2
6503 5218 3
5218 3941 1
3941 4952 1
4952 708 3
708 5219 1
5219 2858 1
2858 4805 1
6535 6505 1
6505 6249 1
6249 3265 5
3265 5923 2
5923 1096 1
1096 3265 12
3265 4774 1
6421 1810 1
1810 708 36
708 5018 1
5018 4868 1
4868 3732 2
3732 1265 3
1265 1 7
1 2629 7
2629 281 1
281 2897 1
2897 5458 1
5458 5444 1
5444 1810 3
5879 6126 2
6126 3194 1
3194 1810 2
1810 6044 2
6044 6389 1
6389 304 4
304 1116 1
1116 6456 1
6456 130 1
3265 3525 7
3525 5971 3
5971 6110 1
6110 1822 1
1822 1265 8
1265 3732 1
3732 278 1
278 1810 1
3265 1430 2
1430 304 8
304 2851 1
2851 1134 1
1134 317 3
317 599 2
599 3031 1
708 1327 2
1327 2437 1
2437 1589 1
6503 4804 1
4804 317 1
599 1028 1
1028 5879 1
5879 5018 1
5018 5458 1
5458 3300 1
3300 4358 1
3591 6112 3
6112 5386 4
5386 1810 1
1810 2701 3
2701 1139 1
1139 3246 1
3246 1709 1
1709 2616 6
2616 731 1
731 5895 1
5490 48 1
48 6535 1
6535 1 1
1 1179 2
897 3265 1
3265 4051 1
4051 1810 1
1810 4868 1
1265 6640 1
6640 666 1
666 3300 1
2629 2648 1
2648 1810 4
1810 3495 1
3495 6470 1
3236 317 1
317 2556 7
2556 2124 2
2124 1982 1
1982 3605 1
3605 4944 2
4944 2556 1
2556 3035 3
3710 312 1
312 1851 1
1851 930 1
930 1810 2
1810 1570 1
1570 5115 1
5115 1 1
1 5117 10
5117 6640 4
6640 6256 1
6256 1961 2
1961 5450 3
5450 1303 1
1303 1426 1
2629 5359 10
5359 6287 5
6287 3370 1
3370 2533 1
328 1469 1
1469 2556 6
2556 1909 1
1909 3710 1
3710 3031 2
3031 348 1
1338 3266 3
2863 249 1
249 3266 1
3266 2571 1
2571 5769 1
5769 5115 1
5115 1810 2
1810 930 2
930 5103 1
5103 2556 8
2556 3710 1
3710 1810 7
6627 6024 4
6024 3266 18
3266 312 9
312 5805 8
5805 1057 2
1057 2355 1
2355 6503 1
5018 312 1
312 408 1
408 5208 1
5208 6384 2
6384 6388 1
6388 2972 1
2972 1139 3
1139 4201 2
4201 2533 1
328 3923 1
3923 6640 2
5185 2124 4
2124 1810 6
5641 2563 1
2563 1894 1
1894 3023 1
3023 1822 1
1822 6627 3
6627 3732 2
3732 769 1
769 3266 1
956 6640 12
6640 1258 20
1258 2563 1
2563 1956 1
1956 1139 4
1139 1810 9
1810 279 1
304 213 1
213 6243 1
6243 2556 1
2556 2561 1
2561 1810 2
1810 1096 4
708 3065 2
3065 6460 7
6460 6640 7
4092 3031 1
6627 2863 42
6640 4543 3
4543 2563 1
2563 1810 1
1426 769 1
769 4795 1
4795 6640 11
6640 2707 6
2707 6117 1
6117 6024 1
6024 2187 7
2187 2863 6
312 2252 1
2252 6121 1
6640 2563 1
2563 3065 1
3065 2252 1
2252 5951 1
6489 4795 1
4795 2563 1
1 2252 1
2252 708 1
708 2863 3
312 5879 2
4092 2533 1
328 4048 1
4048 1469 1
1469 6640 11
6640 3031 15
3266 4867 1
4867 1810 1
6640 1346 2
1346 1469 1
2863 3158 1
3158 1 1
6640 3014 4
3014 2863 15
2591 1229 2
1229 6640 1
6640 6138 1
6138 317 2
317 2333 30
2333 1810 12
1810 1255 7
1255 4857 1
4857 3065 1
6640 956 15
956 5208 1
5208 1399 3
1399 705 1
705 2591 2
2591 4020 4
4020 5875 1
5875 3065 2
6460 3265 3
3265 2563 1
2563 5875 1
5875 4240 1
4240 1426 5
1426 5528 1
5528 482 1
482 2863 1
2591 590 1
590 5185 1
5185 6049 1
6049 2187 1
2187 3265 11
3265 4192 1
4192 2629 1
2629 5174 1
5174 4240 1
4240 348 1
2863 4019 4
4019 5185 1
5185 5242 1
5242 5790 1
5790 2187 1
2187 6024 1
3266 6149 1
6149 4240 1
4240 5933 1
5933 2533 1
328 2863 1
2863 4200 1
4200 2984 1
2984 956 3
6640 5207 1
5207 645 1
645 1810 1
1810 3154 4
3154 348 1
348 6503 1
6503 2561 1
2561 3020 1
3020 1134 1
1134 3031 4
3031 5636 1
5636 2849 1
2849 5886 1
5886 6503 1
6503 2563 1
2563 2679 1
2679 5893 1
5893 3065 7
3065 1356 1
1356 176 1
176 6627 1
6627 4069 1
4069 6640 1
1810 3266 7
3266 4275 1
4275 6640 1
312 6384 8
6384 1810 4
1810 6483 1
6483 4046 1
4046 1327 1
1327 3732 1
3732 2488 2
2488 5266 1
5266 1343 1
1343 2863 3
2863 3065 2
3065 5208 5
5208 1 5
3065 1327 1
1327 1798 1
1798 6640 3
1258 1343 2
328 6640 3
6640 3300 3
3300 3941 1
3941 317 10
5641 1343 3
1343 3031 4
3031 3300 2
3300 3006 1
3006 1202 2
1202 6503 4
1236 870 1
870 6503 1
6503 3370 2
409 6627 5
6627 745 1
745 4019 1
4019 1327 1
1327 1 3
1 1976 2
1976 1426 8
1426 312 3
312 745 1
745 6640 1
6640 3006 11
3006 2436 4
2436 5799 1
1343 2669 1
2669 5805 1
423 1885 1
1885 348 1
348 4463 1
4463 4954 1
4954 6640 3
6640 3065 7
3065 1213 1
1213 1810 2
1810 2518 1
2518 213 1
213 1810 2
1810 5822 1
5822 6385 1
6385 956 1
6640 1083 10
1083 5400 1
5400 5864 1
5864 3031 1
3031 4201 7
4201 4521 1
4521 2533 1
328 1810 1
956 3065 8
3065 1782 1
1782 213 1
6640 409 6
409 2855 1
2855 5948 1
5948 1258 1
312 1401 1
1401 1097 1
1097 213 1
213 1343 1
1343 6640 12
1810 90 3
90 2437 3
2437 977 1
977 6384 4
6384 1459 1
5103 213 2
213 348 2
348 4203 1
6503 213 1
213 2533 2
328 2675 1
2675 6640 1
6640 705 2
705 3546 1
3546 1255 1
1255 1343 1
6627 1810 21
2720 5018 1
5018 4115 1
4115 5208 1
5208 213 1
348 1399 1
1399 5893 3
5893 3265 3
3265 1734 2
1734 3133 1
3133 517 2
517 2629 2
2629 5805 6
5805 1410 1
1410 2872 1
2872 1961 1
6640 2556 2
2556 3409 20
3409 6126 1
6126 6417 1
6417 961 3
961 2863 3
2863 3946 2
3946 317 1
317 2858 15
2858 2501 2
2501 6503 1
3525 4789 1
4789 5799 1
1961 6024 8
312 3015 5
3015 1429 1
1429 465 1
465 5103 1
3267 3163 2
3163 2085 2
312 5947 1
5947 3265 1
3265 2116 1
2116 6640 2
6640 1399 4
6640 4076 1
4076 3265 2
928 1810 5
6640 4522 3
4522 4718 1
4718 3370 1
3370 3265 9
2333 3212 1
3212 6640 1
6503 2894 1
2894 3370 3
3370 989 2
989 317 2
317 5005 7
5005 2802 1
2802 5834 1
5834 2556 1
3409 3732 1
3732 2198 14
2198 2488 14
2488 1343 1
1343 6503 41
6503 6628 10
6628 6284 1
6284 312 1
312 2556 6
3409 4203 1
5805 1426 10
1426 5060 1
5060 3202 1
3202 317 1
317 5805 25
1426 2394 1
2394 1810 3
1810 5103 21
1426 1195 1
1195 562 1
562 3031 1
3031 2355 1
2355 6135 1
6135 312 1
312 2930 3
2930 3525 1
3525 6121 3
6121 1255 1
1255 5834 1
5834 4583 1
4583 317 1
317 526 21
526 4233 1
4233 3265 1
2629 132 37
132 5005 6
5005 3031 3
664 2863 4
312 5577 4
5577 6640 2
6640 3432 3
3432 1796 4
6503 2602 1
2602 3703 1
3703 2863 1
2863 2629 7
5570 1 1
1 3025 1
3025 4271 1
4271 6640 4
6640 1229 1
1229 6503 5
6627 312 63
312 5476 2
2863 2556 4
3409 1810 10
1810 1425 4
1425 317 1
317 4171 2
4171 5943 1
5943 6503 2
5323 3265 2
3265 3300 4
3300 904 1
904 4272 1
4272 6505 1
6505 2613 1
2613 1810 2
1810 174 1
174 6640 1
6640 6417 3
6417 2502 1
2502 2616 1
2616 1816 1
1816 317 4
317 4803 1
4803 3031 2
4201 6640 13
6640 769 3
769 1822 7
1822 6535 1
1810 1327 9
1327 5881 1
5881 6535 1
6535 3227 1
3227 3724 1
3724 3006 1
3006 3207 10
3207 6456 8
6456 3266 1
2863 3194 1
3194 3018 1
6044 1 1
5893 1130 1
1130 708 2
708 1197 2
1197 1815 1
1815 2616 1
2616 723 1
723 1822 1
1810 2747 1
2629 3790 1
3790 5177 1
5177 1871 2
2629 1440 1
1440 3384 1
3384 3173 1
3173 2629 1
2629 5094 1
5094 317 1
317 5833 2
5833 3031 1
2863 1013 1
1013 3018 1
2863 255 2
255 317 1
317 3714 2
3714 1810 1
2863 3383 1
3383 317 1
3678 5009 1
5009 1810 1
1810 2028 1
2028 2845 1
2845 317 2
5833 5923 1
5490 2702 1
2702 16 1
16 1810 1
1810 5364 1
5364 1801 1
1801 4138 1
4138 5805 1
5805 3811 2
3811 2616 1
5103 6595 1
1810 890 2
890 533 1
533 317 2
5185 3678 1
1810 6348 1
6348 5316 1
5316 2616 2
2616 4228 1
4228 1318 1
1318 5316 1
5316 6044 1
6044 6456 1
6456 1810 15
1810 5316 1
5316 822 1
822 2218 1
2218 2629 1
1052 3031 1
3031 2435 3
2435 708 2
708 6627 31
6627 2616 8
2616 2682 2
2682 317 1
3207 4342 3
4342 1139 2
1139 5923 2
5923 4137 1
4137 3207 2
3207 2437 2
2437 5103 1
5103 1556 3
1556 2407 1
2407 5103 1
5103 984 1
984 6313 1
6313 1961 1
3265 818 1
818 4539 1
4539 3732 1
409 6162 2
6162 989 1
989 6503 1
312 5383 3
5383 5260 1
5260 1197 1
1197 5139 1
5139 6535 1
6535 2085 1
2085 2616 19
708 5458 2
5458 3265 1
3265 5519 4
5519 2616 1
2616 279 1
279 6135 1
6135 6470 1
6470 5185 1
5185 6589 1
6589 6503 1
6503 2676 1
2676 6417 1
6417 2013 1
2013 1908 1
1908 2265 1
2265 1810 1
1810 215 1
215 35 1
35 5103 1
5103 1106 1
1106 5377 1
5377 6563 1
6563 381 1
381 1810 3
5103 225 1
225 6460 1
6460 5999 1
5999 878 1
878 2605 1
2605 6503 1
312 1469 1
1469 1451 1
1451 3265 1
1796 708 2
708 2668 1
2668 16 1
16 4930 1
4930 2289 1
2289 1469 1
1469 2858 2
3678 1 1
1 5799 2
6024 3267 17
3267 2432 1
2432 5682 1
5682 5536 1
5536 409 2
409 1822 2
1822 6490 1
6490 5497 1
5497 5875 1
5875 2616 3
1258 6261 1
6261 1678 1
1678 3593 1
3593 6456 1
1810 4228 1
4228 16 1
16 5923 1
5923 4427 1
4427 2616 3
312 2665 2
2665 2835 1
2835 5104 1
5104 1810 2
1810 1677 1
1677 5073 1
5073 2858 1
2858 5104 1
1810 5073 3
5073 317 1
317 5759 4
5759 4325 1
4325 1822 2
1822 5208 2
5208 5893 1
5893 1195 1
1195 6608 1
6608 1077 1
1077 3550 1
3550 3370 1
3370 2506 1
2506 1810 1
1810 5926 1
5926 3267 2
2863 5926 1
4783 3019 1
3019 2863 1
2863 963 9
963 6640 2
2133 2863 3
2863 384 5
384 6505 1
6505 2616 4
2591 5103 1
5103 3850 1
3850 3311 1
3311 2749 1
2749 2629 6
2629 2013 1
2013 1907 1
1907 1810 1
1810 35 2
35 3031 2
3525 6387 2
6387 4150 1
4150 3540 1
3540 381 1
1810 5377 2
5377 4271 1
4271 317 1
317 5724 1
5724 317 1
317 2701 1
2701 6438 1
6438 6640 1
4423 2629 1
2501 1810 13
1810 1684 1
1684 5103 1
5103 409 13
409 5797 1
5797 317 1
317 1678 2
1678 3732 1
3732 5260 1
5260 5895 1
5895 2616 1
2616 833 2
833 1822 3
1810 273 7
273 515 1
3732 5307 1
5307 6377 1
6377 3031 1
3031 3015 1
3015 1907 1
1907 35 1
35 381 1
5377 5810 1
5810 2863 4
2863 3227 10
3227 6627 2
6627 4662 6
4662 4930 1
4930 3682 1
3682 2629 1
2629 5934 4
5934 600 1
600 6579 3
6579 1077 2
1077 1810 36
1810 5875 6
5875 5123 1
5123 2541 1
2541 2064 1
2064 2616 1
2616 2749 2
2629 4999 1
4999 1810 4
1810 4866 1
4866 3267 1
3267 3031 7
3031 1727 1
1727 5893 1
5893 3558 2
3558 3688 1
3688 1077 1
1077 1097 1
1097 1871 5
1871 5951 5
5951 296 1
296 1077 1
1077 130 1
5037 458 1
458 317 3
3714 5639 1
5639 3094 1
3094 2260 1
2260 1 1
1179 896 2
896 2562 1
2562 3031 1
3031 618 8
618 4272 1
4272 6305 1
6305 1810 1
1810 2849 2
2849 1335 1
1335 2616 1
2616 1803 1
1803 2616 1
2616 272 3
272 1217 1
1217 1810 2
1810 4736 5
4736 95 4
95 16 1
16 6640 1
2863 464 20
464 1810 5
1810 5283 38
5283 3065 3
6627 5923 2
5923 1077 3
1077 5810 1
5810 312 6
312 6417 2
6417 1051 1
1051 16 1
16 3381 1
3381 3265 3
3265 1 7
1 5801 6
5801 312 1
312 35 1
35 5377 1
5377 1810 4
708 4696 1
4696 3031 1
3031 3506 2
3506 1426 4
2616 3023 9
464 5593 1
5593 6640 8
6640 3265 26
3265 3381 5
3381 6503 8
6503 1399 20
1399 304 38
304 6640 21
312 5799 14
939 1810 2
1810 4697 3
4697 304 1
304 2077 1
2077 2187 2
2187 2703 1
2703 1275 1
1275 5875 1
6640 1796 26
1796 304 1
304 4240 1
4240 1810 1
2863 5591 5
5591 304 1
304 3732 4
3732 3265 4
3265 5370 7
5370 317 2
409 485 1
485 2103 1
2103 5810 1
312 5540 1
5540 5497 1
5497 5377 1
1810 6417 4
6417 2282 1
2282 5493 1
5493 3031 1
3031 6024 5
2616 1401 1
1401 2552 1
2552 642 1
642 566 1
566 2187 1
2187 2699 1
2699 2616 1
6627 4295 1
4295 317 1
317 6303 1
6303 600 1
6579 3056 1
3056 6385 7
6385 5283 5
5283 6640 27
5799 3941 2
3941 4678 1
4678 6628 2
6628 6437 1
6437 3031 1
5490 2697 1
6640 939 2
939 3369 1
3369 5805 1
5805 566 1
566 5283 1
3265 765 1
765 5208 1
2629 4052 2
4052 6415 1
6415 553 1
553 1355 1
1355 1810 3
3267 2515 1
2515 4870 1
4870 5997 1
5997 2629 9
2629 2274 1
2274 359 1
359 3267 3
3267 5060 1
5060 5103 3
5103 1145 2
1810 5892 2
5892 5103 2
5103 6426 2
6426 82 2
82 3056 1
3056 5283 1
5799 2616 4
2616 3060 6
3060 765 1
765 1213 1
1213 1355 1
1355 2187 1
2187 304 2
304 2616 8
2616 4046 1
4046 5880 1
5880 2616 1
2616 6121 4
6121 5588 1
5588 5103 4
5103 1327 5
1327 1077 1
1961 5997 22
3267 765 1
765 2863 1
1796 1961 9
3163 767 1
767 1961 1
1961 3525 1
3525 4662 4
4662 2679 1
2679 4191 1
4191 5639 2
5639 1445 5
1445 2300 2
2300 1871 2
1871 1431 1
1431 2118 2
2118 1810 1
5879 4272 1
4272 1355 1
1355 5103 1
5103 1040 2
1040 1810 3
1810 2564 2
2564 1810 2
1810 5201 14
5201 708 3
6503 3267 40
3267 4427 1
4427 3267 1
3267 3023 7
5661 820 1
820 1822 2
1822 1774 1
1774 6415 1
6415 1145 1
1145 5103 2
5103 2154 1
2154 1810 1
1810 3419 1
3419 4080 1
4080 2858 1
2858 600 1
1426 3267 5
312 4428 1
4428 4885 1
4885 5923 1
2254 4191 2
4191 2300 2
1871 2118 1
2118 3265 1
3265 3267 6
3267 1258 4
1258 317 1
409 3763 1
3763 1399 1
1399 3265 12
3265 2772 1
2772 4427 1
4427 847 1
847 1114 1
1114 1822 1
1822 16 1
16 317 1
317 5525 2
5525 2522 2
2522 1194 1
1194 1810 3
1810 2759 2
2759 3265 1
3265 494 1
494 423 1
423 1871 1
1871 1327 1
1327 1318 1
1318 1 1
4201 4377 1
4377 3265 2
317 1436 1
1436 1315 1
1315 2059 1
2059 1876 1
1876 1871 1
1871 1404 2
1404 6503 5
3265 5810 4
5810 448 1
448 708 1
312 1916 2
1916 317 1
2527 1871 2
1871 1399 1
1734 3628 1
3628 6628 1
6628 1114 1
1114 317 1
1327 2501 1
2501 1114 1
1114 5799 1
312 803 1
803 3732 1
5160 6505 1
6505 312 4
312 657 1
657 1952 1
1952 5826 3
5826 6240 1
6240 3031 1
3031 3593 1
3593 6640 1
6640 4240 1
3267 5805 7
5805 224 1
224 6503 1
2863 3347 5
3347 1114 1
1114 1197 1
1197 5208 3
509 5923 3
5923 6505 12
6505 3395 1
3395 3267 1
3267 1327 1
2629 3267 6
3267 2501 1
2863 5641 18
5641 304 5
304 5383 1
5383 2629 1
2629 4183 2
4183 6024 1
6024 705 1
705 2254 2
2254 5893 1
5893 449 1
449 4191 1
5639 2300 1
2300 1961 1
5997 5686 1
5686 4971 1
4971 907 1
6328 1399 2
1399 5997 10
5997 1355 1
1355 5997 1
5997 3168 1
3168 5383 1
5383 705 1
2300 5826 1
5826 1429 1
1429 2863 1
5591 1077 1
1077 359 8
359 1355 1
1355 1764 1
1764 1161 1
1161 876 1
876 5103 1
82 4741 1
4741 4091 2
4091 304 1
304 2255 2
2255 2679 1
2679 6640 6
6640 2121 1
2121 6121 1
6121 713 1
713 4795 1
4795 3265 6
3265 6640 15
2863 3923 1
3923 304 1
304 1339 1
1339 3065 1
3065 5997 1
956 2863 4
5661 907 1
6328 3023 1
3023 5997 1
5997 2863 48
4063 4738 1
4738 966 1
966 6417 1
5951 1139 5
1139 6640 7
2720 5019 1
5019 4091 1
4091 6640 2
6640 1302 1
1302 5639 1
2300 1810 1
1810 1431 1
2118 3941 1
1810 5847 1
5847 3267 1
3267 5810 4
6503 684 1
684 1961 1
1961 1882 1
1882 5799 1
6387 1874 1
1874 1114 1
1114 3031 1
312 2770 3
2770 3015 1
3015 1355 1
1355 2863 1
2863 6642 3
6642 5879 1
6640 4069 10
4069 6503 12
6627 442 1
442 3035 1
3035 759 1
759 5895 1
5895 4741 1
4741 5208 1
5208 384 1
384 317 1
317 5377 1
939 6640 1
6503 1120 1
1120 2863 1
2863 3526 3
3526 4232 1
4232 2629 10
2629 5377 1
1810 381 1
381 5799 1
4604 5951 2
6489 2502 1
2502 2824 1
2824 1777 1
1777 6640 1
6640 4443 2
4443 6372 1
6372 317 6
317 6579 8
6579 2841 2
2841 6497 2
6497 3732 1
3732 5303 1
5303 1810 2
1810 3690 3
3690 867 1
867 5791 1
5791 6180 1
6180 1202 1
1202 6564 1
6564 5954 1
5954 4774 5
4774 1090 1
1090 6640 5
2863 3941 4
3941 1810 6
304 1810 8
1810 5659 1
5659 961 1
961 6307 1
6307 5875 1
5875 3023 1
3023 236 2
236 2863 13
304 867 1
867 6024 1
2984 3015 3
3015 5582 1
5582 1952 1
1952 2454 1
2454 5563 1
5563 6640 3
6640 2938 1
2938 6579 1
6579 3031 1
2435 4386 1
4386 2085 1
6640 6121 5
6121 3525 5
3525 2681 1
2681 6302 1
6302 6640 1
6640 6296 1
6296 2258 1
2258 2629 1
2629 6417 3
6417 1139 12
1810 5378 1
3732 6162 2
6162 1 1
1 436 1
436 2187 1
2187 2629 1
1327 1139 9
1139 1530 1
1530 6640 1
6640 6304 1
6304 3314 1
3314 1810 1
1810 644 1
644 6640 1
1810 6460 1
6460 1254 1
1254 6640 1
6640 6372 1
6579 5836 1
5836 2428 1
312 5928 2
5928 5799 6
5799 1426 10
6640 4058 1
4058 4385 1
4385 1952 1
1952 4122 1
4122 317 1
6126 2863 13
2863 2844 2
2844 3267 1
5805 2976 1
2976 5893 1
5893 1455 2
1455 317 2
317 6489 2
6489 5649 1
5649 1810 2
1810 5552 1
5552 317 1
317 4166 10
4166 708 1
708 1404 9
1404 3525 1
3525 2863 1
2863 3053 1
3053 6640 1
6640 1202 5
5923 4099 13
4099 3942 5
2863 2824 2
2824 5713 1
5713 6640 1
6640 3732 11
3050 6027 1
6027 317 2
1810 3432 1
3432 853 1
853 5810 1
5810 2629 4
2629 5150 1
5150 537 2
537 2556 1
2556 5639 5
5639 1810 2
1810 5183 1
5183 1455 1
6640 2414 2
2414 977 1
977 236 2
236 6460 4
6460 3035 1
3035 3031 1
1810 3035 2
3035 312 1
312 1197 5
1197 6640 13
2863 3724 4
3724 348 1
348 956 1
6640 2470 1
2470 3031 1
3031 386 1
386 1820 1
1820 625 1
3266 6126 4
2863 4522 1
4522 2206 1
2206 1469 1
6640 3212 1
3212 6288 3
6288 6640 3
6640 3293 1
3293 1469 1
1469 1509 1
1509 5504 1
5504 1810 1
312 3595 1
3595 1469 1
1469 2315 1
2315 3717 1
3717 6609 1
6609 4974 1
4974 5505 2
5505 6505 1
6505 3389 1
3389 2982 1
2982 2187 1
2187 4464 1
4464 6456 1
6456 4974 1
5505 3031 1
3031 2533 1
328 2641 1
2641 2629 5
6640 4701 2
4701 5074 2
5074 908 1
908 1501 1
1501 3266 1
3266 5997 3
5997 657 2
657 1130 2
1130 938 1
938 348 1
348 1620 1
1620 1469 2
6640 1213 2
1213 5368 1
2591 3389 1
3389 87 1
87 4271 1
6640 691 2
691 1848 1
1848 5662 3
5662 3525 1
3525 1057 2
1057 1810 1
1810 769 6
1265 4330 1
4330 976 1
976 6640 1
6640 3117 2
3117 5105 1
5105 1810 2
1810 3623 1
3623 6470 1
6470 840 1
840 1316 1
1316 1840 1
1840 3051 1
3051 797 1
797 5150 1
5150 5437 1
5437 1810 2
2937 6662 2
6662 3460 1
3460 6527 1
6527 5355 1
5355 3267 2
3267 368 1
368 4714 1
4714 1822 1
1822 1991 1
1991 1820 1
1820 555 1
555 409 1
409 5107 1
5107 1840 1
1840 1810 1
1810 4632 1
4632 317 1
5105 6627 1
6640 5693 3
5693 6104 1
6104 2254 1
2254 4055 1
4055 5909 1
5909 1762 1
1762 6640 2
5641 4494 1
4494 1952 1
1952 5355 1
5355 5563 1
2863 2707 10
2707 317 2
317 3267 3
3023 3341 1
3341 3031 1
4201 1952 1
1952 370 1
370 2556 1
2556 6123 1
6123 6640 3
6640 6061 13
6061 3003 2
3003 1790 1
1790 2629 1
2629 4768 1
4768 2315 1
2315 5355 1
5355 312 1
312 3461 1
3461 2218 1
2218 5201 1
1822 5891 2
5891 902 1
902 6505 1
6505 3394 2
3394 3002 1
5266 6640 2
6640 668 5
668 1961 2
1961 6122 2
6122 1810 1
95 5103 4
5103 976 1
976 3732 1
3732 651 6
651 6640 6
5103 6123 2
6123 3184 1
3184 2695 1
2695 3031 1
464 1961 8
1961 2564 1
2564 504 1
504 6640 1
1952 5735 4
5735 2187 2
2187 693 1
693 6640 1
6640 5805 6
5805 5370 4
5370 6503 2
6503 5997 41
5799 1658 1
1658 2439 1
2439 5997 1
5997 4423 2
4423 1469 1
1469 4694 1
4694 2984 1
2984 3381 3
6640 4812 1
4812 6640 2
6640 2679 5
2679 6507 1
6507 4020 1
4020 1077 1
1077 1469 1
1469 6417 1
6417 3982 1
3982 720 1
720 418 1
418 312 2
312 5613 1
5613 236 1
236 4015 1
4015 1260 1
1260 6415 1
6415 5535 1
5535 1197 1
1197 5997 5
5997 2439 1
2439 3031 2
6640 6384 6
6384 4449 1
4449 6628 1
6628 4694 1
4694 1952 1
5826 2004 2
2004 1 1
1 5875 16
5875 5997 3
3267 5323 1
5323 1942 1
1942 3065 1
3065 2984 4
2984 4566 1
4566 6640 6
6386 3267 1
3267 255 1
255 3006 2
3006 4694 1
4694 3006 1
3006 6561 1
6561 5999 6
5999 2556 1
2556 2004 2
2004 3347 1
3347 3267 2
5208 5785 1
5785 6640 2
6640 6386 26
6386 722 2
722 708 8
708 3399 1
3399 708 2
708 3265 1
3265 441 2
441 2629 20
5103 6106 3
6106 1810 1
1810 1959 1
1959 3023 1
4063 4201 1
4201 5593 2
5593 6503 2
1798 2439 1
2439 2863 1
5591 6024 1
6640 3023 13
3023 5785 1
5785 3023 1
3023 3031 2
3031 458 1
458 6186 1
6186 458 1
458 3267 6
3267 5208 4
5208 2439 1
2439 6640 1
4063 5997 1
5997 6503 9
6503 5103 26
5103 5997 14
5997 458 5
5208 1810 10
5591 6640 2
3006 3065 8
6460 6505 1
6505 6640 9
2863 4424 5
4424 647 1
647 3265 1
3265 3892 4
3892 5103 2
5103 2527 6
2527 4201 2
4201 5283 1
5283 5 1
5 1959 1
1959 6640 3
4069 5997 1
5997 6386 7
6386 6265 1
6265 6640 1
5185 4283 5
4283 1469 1
1469 1140 2
1140 4577 1
4577 1 1
2863 3804 1
3804 2863 1
5799 2342 3
2342 96 1
96 1087 1
1087 3156 1
3156 3265 1
3265 2754 4
2754 1097 1
1097 5705 2
5705 2629 1
2629 2072 1
2072 290 3
290 3661 1
3661 3267 1
5283 5392 1
5392 6627 1
6627 2858 3
2858 1233 1
1233 5810 1
5810 2754 1
2754 6503 1
6640 6024 3
5997 2266 1
2266 5826 1
5826 4283 1
4283 618 2
618 5997 7
5997 1260 1
1260 3056 1
3056 3869 1
3869 6640 1
6640 3865 1
3865 1810 1
1810 6031 4
6031 6024 1
6024 1173 9
2889 2533 2
328 312 1
312 565 1
565 6540 5
6540 379 1
379 5103 2
5103 2261 2
2261 279 1
304 2707 1
2707 3267 3
317 6488 2
6488 1434 1
1434 307 1
307 3065 1
3065 4052 1
4052 6627 2
6627 6540 2
6540 1173 1
2591 4321 1
4321 280 1
280 5799 1
1961 317 10
6540 1459 1
1459 658 1
658 1355 1
1355 618 1
618 6640 7
6640 3941 19
3941 418 1
418 1952 2
1952 1173 1
6503 2556 5
3409 388 1
317 989 33
989 5799 1
6640 464 16
464 2629 1
2629 5437 1
5437 3265 2
3265 5355 1
5355 1810 3
304 1796 4
6503 4377 1
3265 5786 2
5786 1810 4
1255 2342 2
2342 3265 7
3265 6024 6
2616 3356 4
3356 1173 1
1173 458 4
458 5185 3
5185 565 1
6540 4265 1
4265 6509 1
6509 2669 1
3267 3847 1
3847 3265 2
1810 272 7
272 2629 1
1774 6540 1
6540 6201 1
6201 4714 1
4714 1810 2
1810 3413 1
3413 5893 1
5893 2629 2
2629 3207 12
3207 398 1
398 1173 1
1173 270 1
270 3265 1
3265 1404 1
1404 2972 2
2972 4795 5
4795 3031 2
5923 3541 1
3541 4089 1
4089 5879 1
5879 1173 3
1173 5641 5
5641 2629 3
2629 2105 8
2105 4413 1
4413 6295 1
6295 1952 3
1952 6541 1
6541 1810 1
5641 5392 1
5392 3031 1
3031 1355 1
1355 3023 1
6386 956 2
956 1173 7
1173 5283 15
956 96 3
96 1140 1
1140 6640 4
6640 4307 1
4307 3265 1
3265 5639 4
5639 6315 1
6315 2576 1
2576 2629 1
2187 704 1
704 5301 1
5301 5241 1
5241 4650 1
4650 2473 1
2473 2576 1
2576 312 1
312 1202 3
5923 1943 1
1943 6503 1
3266 708 6
4783 3018 1
2863 4466 1
4466 304 2
304 1469 5
1469 2820 1
2820 3065 1
3065 2556 8
2556 1260 1
6640 4885 2
4885 6185 1
6185 4203 1
6503 1197 2
1197 565 1
6540 5467 1
5467 1301 2
1301 312 2
1810 5299 1
5299 2576 1
2576 1173 1
458 2576 2
2576 4066 1
4066 3266 1
3266 4191 1
4191 4440 1
4440 1807 1
2720 3080 1
3080 5799 1
5799 6261 1
6261 6505 1
6505 565 1
6540 2863 1
2863 1613 13
1613 6503 16
3266 6315 1
6315 1810 1
1810 1203 1
1203 4358 1
6627 6503 9
3265 458 4
458 5782 1
5782 2027 1
2027 620 1
620 5989 1
5989 2576 1
2576 1810 2
1810 3347 10
3347 3266 3
3266 5810 3
3050 1 3
6287 2473 1
2473 2863 1
2863 469 2
469 312 2
6503 1083 4
1083 6456 1
6456 2863 2
1613 3101 1
3101 2863 1
2863 5893 4
5893 565 1
6540 1976 1
1346 6503 3
6503 1491 3
1491 4537 3
4537 2027 1
2027 359 1
359 6640 5
5881 1796 1
1796 6627 4
6627 5609 1
5609 1173 1
1173 4006 1
4006 2576 1
2576 3801 1
3801 6540 1
6540 1810 1
1810 3300 8
3300 5641 4
5641 4493 5
4493 5844 1
5844 654 1
654 317 2
317 4122 7
4122 5283 2
3265 6540 1
6540 5283 1
5283 5844 1
5844 409 3
4276 324 1
324 3381 1
1810 6540 1
6540 5641 1
1173 1 7
1 1173 11
1173 6640 8
5283 3267 2
6640 5359 2
5359 5826 1
5826 5639 1
5639 3409 1
3409 1404 2
1404 5117 1
3265 6386 8
6386 1130 1
1130 5875 1
5875 3265 7
6386 6138 1
6138 5875 1
5875 6386 1
6386 3356 1
3356 3031 1
3031 5997 4
5997 312 14
5577 907 1
907 4312 1
4312 5626 1
5626 1130 1
1130 6503 6
6386 555 1
555 3265 2
3265 2338 1
2338 1097 1
1097 25 1
25 3207 1
3207 127 2
127 1327 1
1327 6531 2
6531 127 1
127 5820 1
5820 3265 1
3265 638 1
638 6531 1
6531 502 1
502 90 1
90 1173 15
2591 5283 4
5283 2254 2
2254 3645 1
3645 6531 1
6531 1871 1
1871 127 1
127 317 1
317 280 1
280 5997 1
5997 3219 1
3219 6384 1
6384 3031 4
3031 312 2
1810 3724 1
3724 5893 1
5893 6384 1
6384 236 1
236 5563 1
5563 4423 1
4423 226 1
1810 2982 1
2982 3031 1
4201 1767 1
1767 1810 1
1810 5765 2
5765 3239 1
3239 5997 1
312 1097 3
1097 1121 1
1121 3207 1
3207 124 1
124 1327 1
6531 3207 1
3207 215 1
215 1327 1
1327 90 1
90 5997 1
5997 1438 1
1438 5563 1
5563 2629 1
2629 90 1
90 4201 1
4201 2629 5
2629 215 1
215 5997 1
1258 3896 1
3896 1952 7
1952 526 1
526 3031 4
3031 526 1
526 1197 1
2863 5694 1
5694 4203 1
2629 5036 2
5036 2754 2
2754 312 2
312 3759 2
3759 2085 1
6640 418 1
418 5923 2
1426 1139 5
1139 554 1
554 5103 1
5168 317 2
2124 6640 2
6061 2556 2
3409 6640 2
6640 657 5
657 246 1
246 3265 1
6121 3265 2
6640 232 1
232 2116 1
2116 3031 1
3031 5993 6
5993 6640 6
6640 5218 10
5218 1426 31
1426 4069 1
6503 246 1
246 6640 2
6640 3000 1
3000 5563 1
5563 640 1
640 6024 1
1083 1355 3
1355 1727 2
1727 3031 1
6640 3172 1
3172 5208 1
1810 5405 1
5405 849 1
849 625 2
625 3409 1
3409 2556 3
2556 312 3
312 961 3
961 4775 1
4775 3031 1
3031 3265 24
3265 1959 4
1959 6126 1
6126 5626 1
5626 3265 1
3265 1195 2
1195 5602 1
5602 1680 1
1680 562 1
562 3541 1
3541 3265 2
2629 2355 1
2355 5799 2
6503 928 1
928 3265 6
3265 5152 1
5152 5301 1
5301 3267 1
1961 5301 1
5301 1073 1
1674 1810 1
3265 2355 2
2355 312 3
312 1083 5
2863 196 1
196 1 1
1 1973 1
1973 2493 1
2493 1773 1
1773 6410 1
6410 1083 1
1083 5420 2
5420 5693 1
5693 5928 1
5928 5086 1
5086 276 1
276 509 1
509 2183 1
2183 2629 1
2937 490 1
490 1965 1
1965 2394 1
2394 4285 1
4285 3036 1
3036 3265 3
3265 1604 1
1604 2629 1
2629 2315 3
2315 2105 1
2105 1 1
1 1822 1
1822 6575 1
6575 3425 1
3425 5125 1
5125 5919 1
5919 1097 1
1097 3548 1
3548 2629 1
2629 3977 13
3977 325 2
325 3265 1
5639 1857 1
1857 6584 1
6584 5103 1
5103 4589 1
4589 396 1
396 6640 1
2573 1810 4
1810 4501 3
4501 5420 3
5881 2863 7
2863 5597 2
5597 5103 2
5103 6640 22
6640 928 2
928 3950 1
3950 2629 1
5716 2720 1
2720 6640 7
6640 4163 3
4163 5168 2
5168 2629 2
5662 1810 6
1810 1613 5
6503 3236 1
3236 312 2
312 3422 1
3422 1798 1
1798 5626 1
5626 503 1
503 6470 1
3236 3732 1
3732 2648 1
2648 3409 1
3409 1255 1
1404 518 1
518 3183 1
3183 6640 1
409 5678 4
5678 1810 9
352 1522 1
1522 6500 1
6500 458 7
458 1976 1
1976 6612 1
6612 5283 1
5283 3909 2
3909 5997 1
1426 6627 7
6627 572 1
572 5208 1
5208 1343 1
5997 319 1
319 4721 1
4721 6389 1
1810 5799 20
5799 3380 1
3380 6640 6
6640 5997 21
5997 6024 4
6640 5420 4
5420 3045 1
3045 3605 1
3605 3409 1
3409 2863 2
2863 1537 1
1537 5997 1
5997 1959 2
1959 6248 1
6248 2632 1
2632 5208 1
5208 966 2
966 705 1
705 1353 2
1353 3972 1
3972 6640 5
312 317 41
989 3788 1
3788 6640 3
6640 727 2
727 1822 1
1822 5997 2
5997 5826 1
5826 5566 1
5566 6640 1
6640 5397 7
5397 5997 2
5997 6307 1
6307 317 1
6497 1810 2
3690 2869 1
2869 1343 1
6503 5641 2
5641 6181 1
6181 3409 1
3409 57 2
57 5997 8
5997 1998 1
1998 6640 1
5997 3943 2
3943 1810 1
1810 2254 4
2254 5997 5
5997 3926 1
3926 6372 1
6579 2254 1
2254 348 1
348 3266 1
3266 367 2
367 348 1
348 1 1
1 2254 3
2254 3926 1
3926 348 1
348 5465 1
5465 5103 1
5103 5185 5
5185 3045 1
3045 5989 1
5989 903 2
903 3266 1
5591 3018 1
3018 6385 1
6385 6640 2
6640 3266 6
3266 3943 2
3943 1 1
1 5997 12
5997 2888 1
2888 5218 1
1426 1491 2
1491 5185 1
5185 6579 1
6579 5397 1
5397 6640 5
409 3943 1
3943 6503 2
6503 1798 4
1798 2630 1
2630 705 1
1353 966 1
966 2556 1
2556 5780 1
5780 4091 1
4091 5893 2
5893 3045 1
3045 3943 1
3943 317 1
6579 5826 1
5826 2460 1
2460 1202 1
5410 2863 1
2863 6175 9
6175 3006 1
3006 6497 1
6497 3006 2
3006 3690 1
3690 1810 2
1810 5826 3
5826 3409 7
6175 1810 2
3018 317 2
2858 5036 1
5036 2863 1
352 6642 1
6642 6626 1
6626 1998 1
1998 1810 1
1810 572 1
572 3065 1
5208 6500 1
6500 1796 2
6503 3031 1
2863 4192 2
4192 5397 1
5397 3943 1
3943 1961 1
5997 6175 1
6175 6497 1
6497 6640 1
6640 458 16
458 2077 2
5641 6497 2
6497 4537 1
4537 909 1
909 331 1
331 1810 1
1810 4537 7
4537 552 1
552 5103 1
2527 3265 7
3265 5392 1
5392 6640 1
6640 4201 2
4201 820 1
820 2078 1
2078 6544 1
6544 3266 2
3266 317 15
317 6078 8
6078 1810 4
1810 1507 1
1507 464 1
464 5997 2
5997 5202 1
5202 1810 1
637 1018 1
1018 3031 1
3031 3788 1
727 5566 1
5566 1822 1
1822 5826 2
5826 966 2
966 6640 2
4192 6627 1
6627 5397 2
5641 6598 1
6598 1810 1
1810 1399 16
1399 3940 2
3940 5997 1
5997 317 9
6579 6496 1
6496 5875 1
5875 5799 1
5799 3419 1
3419 6503 1
6503 1422 1
1422 5641 1
5641 3265 1
3265 5760 1
5760 5103 1
5103 5662 1
5662 2432 1
2432 5273 1
5273 2025 1
2025 1859 1
1859 2437 1
2437 3574 1
3574 1097 1
1097 2163 1
2163 1810 1
5593 6627 2
6503 5805 5
5805 6627 2
6640 4020 4
4020 317 2
317 2667 1
2667 1469 2
1469 5875 7
6385 1796 3
1796 6228 1
6228 3265 1
3265 4870 1
4870 3266 1
317 2072 1
2072 1810 1
1810 1669 1
1669 3788 1
3788 3370 1
3370 6640 14
6640 6507 1
6507 6495 1
6495 4020 1
4020 6640 1
6640 2738 1
2738 2025 1
2025 6024 1
5570 3265 2
3265 5444 2
5444 6232 1
6232 2629 5
5641 6509 1
6509 593 1
593 4537 1
5208 4201 2
4201 3300 7
1522 1044 1
1044 461 1
461 2342 3
2342 2085 1
2085 6507 1
6507 3850 1
3850 5283 1
3909 1976 1
1976 6334 1
6334 2226 1
2226 4672 1
4672 2084 1
2084 2629 1
3977 1 1
1 5042 1
5042 3409 2
3409 5560 1
5560 317 1
317 6360 1
6360 508 1
1871 903 1
903 4424 1
4424 1810 1
6627 2703 5
2703 5780 1
5780 3854 1
3854 971 1
971 6135 1
6135 5997 1
5997 903 1
903 4896 2
4896 1778 2
1778 956 1
1810 1140 2
1140 1498 1
1498 4276 1
4276 6627 2
6627 647 1
647 1810 1
1810 236 5
236 3023 1
3023 4143 1
4143 971 1
971 5997 1
2863 480 1
480 6640 1
5997 3409 1
3409 1871 1
6640 6126 18
6126 1097 1
1097 1139 5
1139 317 5
317 991 1
991 704 1
704 5893 1
1810 4824 1
4824 6503 2
6503 3065 3
3065 5826 1
2004 4203 1
4203 6640 1
1810 4423 5
4423 1952 5
1952 5997 4
5997 1508 1
1508 1426 4
1426 1299 1
1299 6640 1
6640 6628 9
1140 5397 1
5397 3267 1
6640 3061 3
3061 2984 2
2984 6024 4
6640 3015 3
3015 1140 1
1140 647 1
647 5826 1
5826 1140 1
1140 6024 4
6024 5735 5
5735 1810 1
1258 1299 1
1299 3267 1
3061 956 1
956 5997 1
5997 2984 4
6640 1140 1
1140 5593 1
5593 5117 1
5117 6024 1
5735 3265 2
3265 5997 6
5997 5875 1
5875 1426 11
1426 5283 2
5283 2291 1
2291 5593 1
5593 6121 1
6640 1692 2
1692 3265 2
3265 4916 1
4916 5316 1
317 2022 17
2022 3802 1
3802 5786 1
5786 6024 1
5893 3207 9
1260 1810 11
3061 6505 1
6505 3712 1
3712 6640 1
5997 3061 1
3061 1079 1
1079 3265 2
5786 1077 1
1077 5327 1
5327 3265 1
2576 4440 1
4440 3266 1
3266 6505 2
6505 6116 1
6116 2863 1
2863 6315 3
6315 2342 3
2342 3266 3
6503 3941 1
989 2266 2
2266 5208 4
5208 529 1
529 6417 1
1139 6024 4
3006 2007 3
2007 317 1
317 5061 5
5061 1 2
1 2475 3
5836 3370 1
3265 4843 1
4843 1961 1
1961 3370 3
3370 483 1
483 244 1
244 1709 1
1709 3265 11
3265 782 3
782 1822 2
1822 3248 1
3248 2629 1
2250 3031 1
3031 388 1
388 1810 2
1810 5444 3
5444 4674 1
4674 966 1
966 317 3
317 3248 1
3248 4609 1
4609 6640 2
3300 1469 1
2556 5566 1
5566 1810 1
1810 1469 8
312 6181 1
6181 3265 1
1810 4201 4
3300 2085 1
3265 6126 9
6126 5476 6
5476 6138 1
6138 3944 1
3944 317 1
317 3236 11
3236 1810 5
1810 2763 1
2763 6503 1
6503 757 1
757 6640 1
3940 317 1
6579 2629 1
1139 5467 1
5467 4763 2
4763 3265 3
3265 3941 6
3941 1952 11
6001 1810 5
1810 1037 2
1037 3265 1
1399 5923 3
5923 2863 10
2863 3399 4
3399 3265 5
3265 1140 4
1140 1415 1
1415 2629 4
317 5726 5
5726 3031 2
3031 5735 1
1810 348 2
348 5117 1
5117 3805 1
3805 317 2
5726 4676 1
4676 3065 1
3065 5923 17
458 3370 1
3370 3409 3
2701 2088 1
2088 1822 2
3267 2556 2
2556 3277 2
3277 1197 1
6640 6627 13
304 5123 1
5123 6384 4
3031 2629 10
2629 87 2
87 6024 2
312 2701 2
2701 3035 1
3035 5735 2
1796 2556 2
2556 5626 3
5626 1810 2
5018 6503 9
6503 2979 1
2979 4878 1
4878 5231 1
1810 3443 1
3443 4999 1
4999 6024 2
6024 3409 1
3409 5805 1
5805 3127 14
3127 5735 1
348 1258 1
312 6627 5
1134 3347 1
3347 2863 1
2863 1206 2
1206 3015 1
3015 5883 1
5883 6627 1
6627 5893 3
5893 3835 1
3835 2449 1
2449 317 1
317 3189 1
3189 1810 3
1810 5626 1
5626 2556 5
2556 3246 1
3246 691 1
691 2629 2
2629 1362 2
1362 3265 1
3265 1038 2
1038 6503 1
6503 1583 1
1583 6640 1
5410 1399 1
2863 1096 3
6640 3736 5
3736 1952 6
1810 458 3
3265 5951 1
5951 1260 2
1260 1822 2
1822 2556 3
2004 4020 1
4020 6628 1
1140 3409 1
3409 2756 1
2756 2851 1
2851 302 1
302 1810 2
1810 5296 1
5296 3942 1
3942 3265 5
2863 1639 3
1639 2629 1
2629 2897 2
2897 317 1
317 2278 2
2278 3031 1
1197 3265 6
2863 3035 1
3035 1810 1
1810 3021 1
3021 2863 4
2863 6152 1
6152 3265 1
3265 956 16
3265 708 11
4783 4741 1
4741 1130 1
1130 5103 3
6503 6386 5
6386 500 1
500 2669 2
2669 5042 1
5042 5780 1
5780 6024 1
2863 3449 2
3449 1810 1
3265 3943 6
3943 6627 1
6627 5185 1
5185 6602 1
6602 1531 1
1531 3265 1
3265 5805 3
5805 5984 2
5984 6503 2
3265 409 8
409 1455 6
1455 312 2
312 4045 2
4045 3266 1
3266 3732 2
3732 1935 1
1935 5613 1
5613 3409 1
3409 769 1
769 3300 1
5181 3035 1
5735 5018 1
5018 1920 1
1920 3265 1
458 3265 2
3265 1952 8
5208 317 12
1265 1096 1
3265 2216 1
2216 6495 1
6495 3710 1
3710 509 1
509 3265 1
3265 5067 1
5067 3347 1
3347 3265 2
5208 1510 1
1510 3076 1
3076 1810 1
1810 6129 1
6129 3207 1
5370 699 1
699 5103 1
3409 317 5
317 5859 1
5859 1328 1
1328 4138 1
6128 3265 1
3265 1522 1
1522 5103 1
3267 3065 4
3065 213 2
213 3065 1
3065 5694 1
5694 5726 1
5726 3065 1
3065 3150 1
3150 5946 1
5946 5799 1
6503 5626 2
2556 1083 1
1083 4990 1
4990 1810 1
5103 5360 3
5360 5489 1
5489 6503 2
1455 4594 1
4594 1347 1
1347 3031 1
3031 5844 9
5844 3265 4
3265 4423 4
317 5208 7
5208 6386 1
6386 2851 1
2851 3035 3
3035 1455 3
5202 5805 2
5805 6456 1
6456 1469 1
1469 2187 1
2187 6126 2
6126 3016 2
3016 3018 1
4424 2206 1
2206 1399 1
5893 1003 1
1003 5735 1
3265 4050 3
4050 1810 1
2863 3491 1
3491 3265 1
3265 5103 7
5103 4337 1
4337 5735 1
5735 3381 1
6503 1011 2
1011 3265 1
3265 273 4
273 2629 6
6566 1469 1
1469 5805 3
5370 1810 7
1810 1083 13
1083 4657 1
4657 3370 1
3370 3997 1
3997 6510 1
6510 3265 2
3265 5748 1
5748 5881 1
5881 4657 1
4657 3409 1
3409 6057 1
6503 409 2
1455 3265 2
4063 1810 2
1197 3780 1
3780 6456 1
6456 1290 1
1290 409 1
409 5549 1
5549 203 1
203 5735 1
5735 632 1
632 5103 1
3267 5478 1
3300 3267 3
3267 3066 3
3066 1645 1
1645 2085 1
2085 4423 4
4423 651 1
651 1947 1
1947 5560 3
5560 2556 2
2556 1921 1
1921 3409 1
3409 3848 1
3848 5103 1
5103 2501 10
2501 4686 1
4686 5074 3
5074 1810 23
5283 441 3
2629 6628 27
6628 5074 3
5074 2320 1
2320 1810 1
1810 1171 1
1171 458 1
458 1810 1
1810 3911 1
3911 6628 1
5074 1404 1
1404 2893 1
2893 6628 1
5074 312 4
312 5074 1
5074 5328 1
5328 3031 1
5844 6627 2
6627 5074 1
5074 6456 2
6456 2851 3
1810 2075 2
2075 722 1
6640 5322 1
5322 6174 1
6174 6460 1
6460 388 1
388 2629 7
2629 4334 4
4334 4748 1
4748 4045 1
4045 6628 1
6628 5370 9
5370 2863 5
2863 1491 12
1491 5923 1
2254 4597 1
4597 3267 1
3267 5844 2
6627 6483 1
6483 5074 1
5074 458 1
458 3266 2
246 3911 1
3911 3266 1
3266 5735 1
5735 1436 1
1436 3265 2
708 4999 1
4999 3732 1
3732 3527 2
3527 3917 1
3917 5074 2
5074 5626 2
5626 1 1
1 1436 1
1436 5735 1
5735 1083 1
1083 4236 1
4236 3266 2
3266 1709 1
3265 3865 1
3865 1975 1
1975 5914 1
5914 3079 1
3079 4163 1
4163 3801 1
3801 3267 2
3267 5951 2
5951 2218 1
2218 5735 1
5735 1613 1
6627 5123 3
6384 1139 1
317 3265 11
3265 1455 1
1810 1709 3
1709 409 1
5231 5103 1
5103 5956 1
5956 3378 1
3378 2556 1
317 6384 1
6384 2124 1
2124 4310 1
4310 1197 2
1197 5123 1
5123 4260 1
4260 1007 1
1007 3051 1
3051 5626 1
5626 352 1
352 1735 1
1735 801 1
801 1810 1
2085 708 8
708 1690 1
1690 3265 2
1822 3236 3
2250 2245 1
2245 5600 1
5600 3732 8
3732 1431 1
1431 5663 1
5663 2629 1
1774 4612 1
4612 317 2
989 1810 9
1810 3105 1
3105 5185 1
5185 3035 1
3035 5788 1
5788 2629 1
234 299 1
299 529 4
529 576 1
576 5805 1
3127 3265 1
3265 388 5
388 4199 1
4199 317 1
5185 6018 1
6018 952 1
952 1810 1
1810 4127 1
4127 3470 1
3470 5810 1
5810 5185 1
5185 1922 1
1922 3801 1
3801 6287 1
6287 3265 1
6386 732 1
732 1822 9
1822 2124 4
2124 4334 1
4334 4749 1
4749 3031 1
3031 2863 22
2863 1151 1
1151 5828 1
5828 2629 1
3036 6201 1
6201 5103 2
5103 2250 2
2250 1810 1
1810 5373 1
5373 5208 5
317 1097 4
1097 2501 1
2501 5074 1
5074 3265 3
2863 317 13
317 5266 4
5266 1110 1
1110 5103 2
1810 6438 2
6438 1097 5
1097 4614 1
4614 317 4
317 5437 1
3265 2802 1
2802 4016 1
4016 5151 1
5151 317 1
317 231 1
231 1810 1
1810 2972 1
2972 2897 1
2897 6640 1
2591 6511 1
5208 5577 1
5577 5735 1
5735 312 1
312 3193 1
3193 1810 1
1810 5318 1
5318 3265 1
3409 2591 2
312 6096 1
6096 304 2
304 1920 1
1920 4358 1
4358 4052 2
4052 2505 1
2505 5072 1
5072 845 1
845 1810 3
6503 1327 1
1327 5609 3
5609 3265 2
1796 6640 8
1343 3265 2
312 4283 3
4283 3942 1
3942 708 3
708 1820 5
1820 6385 2
6385 1961 1
1961 3732 3
3732 2449 2
2449 3031 1
618 3409 1
3409 3300 1
3300 312 5
312 810 1
810 2629 2
5181 1810 1
1810 2851 13
2851 3300 3
3300 108 1
108 3265 1
5735 5808 1
5808 1810 1
1037 1415 1
5726 1399 1
1399 5735 1
5735 2863 1
1810 1126 6
1126 3805 1
5726 1037 1
1037 5801 1
5801 6640 2
6640 1469 17
6640 4585 3
4585 6372 1
6579 4795 1
4795 1097 3
1097 3265 1
3265 6294 1
6294 3940 1
3940 6640 1
1810 5269 1
5269 3419 1
3419 3031 1
3031 1202 3
1202 234 1
234 6443 3
6443 6640 1
6640 6090 3
6090 6160 2
6160 3370 1
3265 4332 1
4332 6579 1
6579 6640 1
2863 1300 1
1300 3341 1
3341 4792 1
4792 3031 2
5844 3469 2
3469 6640 1
6640 5989 1
5989 5103 1
5103 6114 6
6114 2629 1
2629 1780 1
1780 3409 1
3409 5728 1
5728 6010 1
6010 2851 1
2851 3409 1
3409 1848 1
1848 1140 1
1140 6016 1
6016 3525 1
3525 1255 2
1255 1810 1
1810 3080 5
3080 1725 1
1725 1202 1
1202 138 1
138 6640 1
6640 1426 5
1426 3942 1
3942 255 1
255 3732 1
3732 1097 1
1097 3732 1
3732 5951 1
1260 6024 1
5735 6505 1
6505 3428 1
3428 3370 1
3370 3500 1
3500 4187 1
4187 1961 1
5893 1952 1
1952 3409 1
5074 4075 1
4075 1140 1
1140 3265 2
3265 2753 1
2753 303 1
303 2629 1
2629 6162 4
6162 1810 1
1810 5218 5
1426 4075 1
4075 317 2
2278 640 1
640 5805 1
5805 1455 3
312 3265 11
3732 5239 1
5239 3265 1
3265 3023 3
3023 1327 1
1327 2863 3
2863 1430 6
1430 4170 1
4170 5378 1
5378 555 1
555 1265 3
348 5626 1
2556 2720 1
2720 739 1
739 3266 1
3266 1822 3
1822 5852 1
5852 3266 1
6126 2972 1
4795 4314 1
4314 3265 1
2720 5283 1
6503 3923 1
3923 5208 1
4052 5528 1
5528 3031 1
6627 3021 2
2863 4050 6
4050 3409 1
3409 4945 1
4945 1810 1
3943 2254 2
2254 1874 1
1874 500 1
2669 907 1
6328 317 1
4342 405 1
405 1139 1
1139 3265 3
3265 3885 1
3885 6640 1
6640 5266 1
5266 4188 1
4188 1952 1
1952 5005 9
5005 1810 12
1810 6229 1
6229 317 2
317 6652 8
6652 827 1
827 5103 2
132 1872 2
1872 3265 1
3265 4377 1
4377 6640 1
5639 257 1
257 6352 1
6352 317 1
317 6442 3
6442 2333 3
2333 2187 1
2187 4168 1
4168 6456 1
6456 312 1
312 2879 1
2879 2707 1
2707 6640 2
5411 3499 1
3499 3370 1
3265 3679 1
3679 2629 1
2629 6533 1
6533 3065 1
3065 3733 1
3733 3000 1
3000 312 2
1343 2616 3
3356 1459 1
6628 5639 5
5639 2308 2
2308 4528 1
4528 3409 1
3409 2629 1
3050 1643 1
1643 1104 1
1104 1 4
1 2074 1
2074 4717 1
4717 5208 1
5208 3801 3
3801 966 1
966 6024 2
6024 3583 1
3583 312 1
312 5635 1
5635 5073 1
5073 2187 1
3265 2644 3
2644 904 1
904 6149 1
6149 2616 1
2616 3519 1
3519 2364 1
2364 5085 4
5085 1810 3
1810 2160 1
2160 2858 1
2858 1217 2
1217 3732 1
651 5626 1
5626 1643 1
1643 6640 2
317 6352 5
6352 3469 1
3469 3207 1
3207 2629 1
2629 4503 1
4503 1810 2
1810 4622 1
4622 5810 1
5810 5085 1
1810 1193 1
1193 3540 1
3540 529 1
529 1709 1
3265 533 1
533 1269 2
1269 2753 1
2753 1810 1
1810 2116 1
6640 348 2
348 4551 1
4551 2257 1
2257 5594 1
5594 6640 2
6640 5626 1
1810 4137 5
6456 3318 1
3318 6640 1
3031 3409 1
3409 4524 1
4524 317 1
3265 1822 7
1822 5073 1
5073 1810 6
1810 1692 3
3265 6031 2
6031 640 1
640 6640 6
6640 5323 4
5323 4386 2
4386 1952 1
1952 5805 1
1083 4026 1
4026 3266 1
5893 3500 1
3500 3550 1
3550 708 1
1404 312 2
493 6640 2
312 1762 9
1762 5799 1
5799 4382 1
4382 325 1
325 6417 1
1139 2629 1
5934 3975 1
3975 5968 1
5968 1077 1
1077 2364 1
5085 2863 1
1796 3006 1
3006 2077 1
2077 3006 1
3006 6302 1
6302 5799 1
4604 1097 2
5951 2502 3
2502 3710 1
3710 2556 1
2556 3134 1
3134 317 1
317 1060 1
1060 2394 1
2394 5844 1
5844 6640 16
1083 4322 1
4322 5208 6
5208 2863 7
2591 1961 1
6640 6127 1
6127 6024 1
348 903 1
903 3060 1
3060 312 5
312 2620 1
2620 1401 1
1401 5103 1
5103 5817 1
5817 4529 1
4529 2373 1
2373 1810 1
1810 689 2
689 317 1
317 3291 1
3291 6438 1
6438 419 1
419 539 1
539 5103 4
5103 2077 1
1404 835 1
835 584 1
584 1810 1
1810 251 1
251 5639 1
5639 2533 6
6640 5844 3
5844 5476 1
2863 6387 5
6387 533 1
6628 5840 1
5840 1447 1
1447 6024 1
348 6640 2
1083 4887 1
4887 5070 1
5070 4203 1
3266 6627 1
6627 5853 1
5853 2863 1
2591 3031 2
5844 2616 9
5626 5070 1
5070 428 1
428 317 1
317 3152 2
3152 6640 1
3432 1460 1
1460 317 1
2333 3031 3
3031 5626 1
2556 5641 2
5641 6121 2
3525 6441 1
6441 4361 1
4361 1952 1
1952 3550 1
3550 6640 1
4662 728 1
728 1822 3
1822 5266 3
409 312 3
317 5276 1
5276 1810 1
5615 1810 1
708 6442 1
6442 1810 1
1810 6442 1
6442 3409 1
3409 6296 1
1265 1810 11
1810 1643 1
6640 3207 6
3207 4795 4
3265 1083 2
1083 4632 1
4632 2629 1
2629 5951 5
312 5345 1
5345 1810 1
1810 5693 2
5693 6640 2
1343 1083 1
1083 6503 2
3265 6282 3
6282 1810 2
312 6174 1
6174 427 1
427 6640 1
6640 4123 2
4123 5708 1
5708 5316 1
5316 4795 3
6126 4118 1
4118 95 1
95 3031 2
3031 2770 2
2770 3236 1
5805 2432 2
2432 6503 1
6503 6470 1
6470 3267 1
2591 4615 1
4615 1810 1
1810 5450 2
5450 3377 1
3377 5965 1
5965 312 1
312 5367 5
5367 6133 1
6133 1 1
1 1104 1
1104 5201 1
5891 1337 1
1337 258 1
258 6296 1
6296 5626 1
5626 3016 1
2863 3348 2
3348 6640 1
3006 3037 2
3037 3006 2
3006 6449 1
6449 3366 1
3366 5316 1
4795 317 8
3265 3485 1
3485 6640 1
6640 116 1
116 3148 1
3148 6352 1
6352 5156 1
5156 1273 1
1273 3031 1
6628 4795 13
6078 3801 1
3801 5117 1
5117 2250 1
2250 5639 1
5639 1671 1
1671 3684 2
3684 6640 1
3126 308 1
308 2737 1
2737 3266 1
3266 5115 1
1810 4467 10
4467 1469 12
1469 1134 4
1134 4475 1
4475 2197 1
2197 5639 1
5639 2396 1
2396 4086 1
4086 4363 1
4363 317 1
6078 6024 1
6024 5662 1
5662 6640 1
5641 799 1
799 6443 1
6443 64 1
64 6505 1
6505 783 1
783 6470 1
6470 4580 1
4580 5805 1
3127 3377 1
3377 6628 1
6628 312 5
312 3525 23
3525 5973 1
5973 4779 1
4779 4253 1
4253 3801 1
3801 5123 2
5123 2132 2
2132 6640 2
6243 845 1
845 3409 1
2333 6640 2
6640 308 5
308 3851 1
3851 3281 1
3281 3296 1
3296 4086 1
4086 2629 1
4334 2501 3
1810 5594 5
5594 3684 1
3684 1386 1
1386 6248 2
6640 4377 1
4377 708 1
708 317 8
4122 1961 1
1961 335 1
335 317 1
6352 2556 1
3409 3265 1
317 1355 2
1355 1798 1
1798 3023 1
2863 3699 2
3699 1810 1
1810 4952 7
6503 312 13
1820 6569 1
6569 7 1
7 5283 2
6503 96 1
96 5513 1
5513 3265 1
3265 6010 1
6010 768 1
768 1399 1
5893 2701 1
2701 4797 1
4797 1134 1
3031 1952 7
1952 5485 5
5485 3270 1
3270 3300 1
3300 3434 1
3434 185 1
185 4600 1
4600 5735 1
6001 1077 1
1077 1404 8
1404 6456 1
6456 228 1
228 6503 2
6503 1708 2
1708 3035 1
3035 5728 1
5728 1134 1
1134 5103 8
5103 6418 1
6418 3449 1
3449 6640 1
6640 3370 3
2701 348 1
348 3278 1
3278 1810 1
6503 1134 4
1134 6627 3
409 391 1
391 312 1
312 768 1
768 6627 1
6627 1829 2
1829 2965 1
2965 4104 1
4104 6640 1
1952 348 1
6386 533 1
533 4203 1
3266 3300 2
312 1278 1
1278 6640 1
6640 4448 1
4448 3710 1
1810 6384 4
6384 2442 1
2442 1 1
1 5626 2
2556 2851 2
2851 249 1
249 1810 1
1810 4609 2
4609 708 1
708 2629 2
5160 4741 1
4741 5893 2
5893 5746 1
5746 348 1
348 1899 1
1899 2438 1
2438 956 1
956 3265 11
1796 5805 1
5805 2499 1
2499 317 1
2333 6503 1
3265 2591 8
2591 1899 1
1899 3942 1
2863 1847 1
1847 1810 2
1810 664 2
2707 2629 1
3207 2466 3
2466 6024 1
1727 3370 1
708 2665 1
2665 1810 1
2591 95 2
95 2085 1
2085 1734 1
1734 5626 1
5626 4137 1
4137 6640 2
1952 6652 2
6652 1469 1
1469 4554 1
4554 2187 1
3265 4376 1
4376 1822 1
1822 989 3
989 5810 3
312 2511 1
2511 5103 15
5103 2604 3
2604 2272 1
2272 5174 1
5174 3521 1
3521 4458 2
4458 3197 1
3197 299 1
529 5639 1
2077 1097 1
1097 885 1
885 1810 1
1810 2274 1
2274 399 1
399 6640 2
6640 3628 2
3628 1053 1
1053 2629 1
132 4201 1
4201 4485 1
4485 317 1
6652 6505 1
6505 5246 1
5246 3073 1
3073 5185 1
5185 4003 1
4003 6640 3
5018 6031 1
6031 317 5
2333 1727 1
1727 5103 8
5103 5208 23
5208 5073 2
1810 3558 2
3558 6117 1
6117 1139 1
6386 5338 1
5338 1 1
1 3732 3
3050 4541 1
4541 1090 1
1090 4634 1
4634 6640 1
312 1215 1
1215 3518 1
3518 1810 1
1810 5087 1
5087 2368 1
2368 5799 1
6640 1487 3
1487 1085 1
1085 3486 2
3486 6505 1
6505 3006 1
3006 3409 1
3409 3006 1
3006 348 1
348 3016 1
2591 6640 4
6640 3511 1
3511 6640 1
5018 317 1
6628 1426 3
1426 3050 2
3050 1248 1
1248 2556 1
2556 4779 1
4779 1810 4
1810 95 2
95 1961 1
5893 2556 2
5626 2756 2
2756 4763 3
4763 6640 1
5799 6072 1
6072 317 1
2556 3705 3
3705 6503 1
1491 708 2
708 3252 2
3252 1810 1
1810 3531 1
3531 5893 1
5893 4358 1
4358 3251 1
3251 2556 1
3409 5591 1
5591 1690 1
1690 6640 1
6640 1871 3
1871 6282 1
6282 6640 1
3628 708 2
708 423 1
6352 2085 1
2085 6126 1
6126 4253 2
4253 5476 3
5476 5648 1
5648 3942 1
3942 6640 4
6640 1009 2
1009 6128 1
6128 5626 2
5626 708 2
708 4431 1
4431 1952 3
1952 299 3
299 1810 2
1810 5323 8
5323 5476 1
5476 2756 1
2756 317 1
989 3265 3
5881 4762 1
4762 1810 1
1083 4614 1
4614 6417 1
317 1997 1
1997 621 1
621 6384 1
6384 312 4
312 409 6
409 317 7
317 1061 1
1061 1810 1
930 3163 1
2085 6024 2
6126 1301 1
312 1602 1
1602 1469 1
1469 889 1
889 3265 1
3265 2855 1
2855 248 1
248 2858 1
2858 4280 1
4280 2629 1
4795 5881 1
2863 3118 1
3118 96 2
96 251 1
251 1810 2
2703 4280 2
4280 6500 1
6500 304 2
304 3265 17
3265 3744 1
3744 1047 1
1047 2472 1
2472 2863 1
5661 6384 1
6384 1584 1
1584 2085 1
6024 5635 2
5635 6456 1
6456 2553 1
2553 3449 1
3449 5780 1
5780 1387 1
1387 5780 1
5780 2187 1
3265 603 1
603 2863 1
2863 1408 3
1408 3006 1
3006 5969 1
5969 3006 1
3006 1483 1
1483 3006 1
3006 1846 1
1846 2085 1
2085 5780 1
5780 2720 1
2720 317 2
317 5535 3
5535 3465 1
3465 1469 1
1469 6627 13
1810 6507 1
6507 5201 1
5201 1197 3
1197 90 2
90 5627 1
5627 5879 1
5879 3267 5
3267 6642 1
6642 5103 1
5185 1584 1
1584 1810 1
6386 3449 2
3449 3265 1
4280 1077 1
1077 6627 8
1404 2863 25
2863 708 7
708 1085 1
1085 2984 1
2984 6642 1
6642 1404 1
1404 3035 2
3035 1584 1
1584 4046 1
4046 2592 1
2592 5735 1
5735 5819 1
5819 3410 1
3410 3370 1
2556 1140 1
1140 2556 1
2556 5461 4
5461 1140 2
1140 1970 1
1970 1584 1
1584 2187 1
2187 3496 1
3496 1140 1
1140 3370 1
3370 90 1
90 6456 1
6456 1693 1
1693 3265 2
3265 1459 6
5639 1367 1
1367 6372 1
2394 1961 1
1961 5177 1
5177 1976 1
1976 1126 1
1126 2597 1
2597 4280 1
4280 6024 1
2187 722 2
722 1083 1
1083 5185 1
4283 1206 1
1206 2863 1
304 5103 4
5103 4792 5
4792 708 1
6627 272 1
272 1810 1
1810 6138 2
6138 1822 2
1822 6628 5
6628 4611 5
4611 5685 1
5685 6640 1
5283 6627 3
6627 4714 1
4714 5735 1
6001 317 1
317 2355 6
2355 1810 5
5397 1810 3
3525 4786 3
4786 6628 2
6628 6640 2
5103 370 2
370 6114 2
6114 6138 1
6138 3486 1
3486 1810 4
1810 2710 1
2710 6640 1
6640 213 1
213 1399 1
1399 3300 2
3300 2086 1
2086 388 1
388 5171 1
5171 213 1
213 6503 2
441 956 1
956 2629 3
2629 2556 5
2556 6584 1
6584 1399 1
1399 574 1
574 2553 1
2553 2697 1
2697 6584 1
6584 5805 1
5805 1334 2
1334 6024 1
2187 3457 1
3457 1201 1
1201 1810 3
1810 3356 4
3356 3207 3
3207 3986 1
3986 1 1
1 4280 1
4280 1286 1
1286 6505 1
6505 317 1
5805 6584 1
6584 6372 1
6372 1016 1
1016 6628 1
6628 191 1
191 5685 1
5685 2187 1
2187 2591 2
304 5641 1
5641 3207 1
1822 215 1
215 6456 4
6456 317 7
409 989 7
989 1399 1
304 6175 1
6175 1206 1
1206 5185 1
618 5799 8
5799 4280 1
4280 5556 1
5556 213 1
213 3370 1
3265 1255 1
1255 956 1
1426 5903 1
5903 1810 1
3801 2132 2
2132 554 1
554 317 11
5805 9 2
9 6503 2
6503 6543 1
6543 425 1
425 1810 2
1810 625 3
625 3732 1
3732 6352 1
6352 5584 1
3065 2432 1
2432 244 1
244 5103 2
5103 5507 1
5507 5175 1
5175 6201 1
6201 1810 1
1810 6309 1
6309 5208 1
5208 3036 5
3036 1810 7
1810 1961 14
1426 3265 9
3265 5070 1
5070 1399 1
304 722 9
722 5397 2
409 2529 1
2529 1810 1
1810 4280 1
4280 1810 1
1810 244 1
244 409 1
409 1303 1
1303 3208 1
3208 6483 1
6483 5370 4
5370 6640 5
6640 3016 9
5395 1083 1
1083 3370 2
3265 3850 1
3850 5068 1
5068 5563 1
5563 3265 1
3265 5286 3
5286 2629 2
3207 3036 2
1327 1810 3
317 164 1
164 6349 1
6349 2315 1
2315 3036 1
3036 3732 1
3732 486 1
486 244 1
5103 5175 1
5175 2863 1
2863 5517 1
5517 5923 1
3265 5919 1
5919 2787 1
2787 3548 1
3548 3370 1
3370 4870 1
4870 5125 1
5125 672 1
672 1469 7
6627 4832 1
4832 5805 2
5805 5694 2
5694 5102 2
5102 6503 1
1083 562 1
562 691 1
2629 966 4
966 1709 1
1810 2033 1
2033 3732 2
3732 3977 4
3977 1810 2
1810 550 1
550 3370 1
3370 230 2
230 1864 1
1864 656 1
656 4610 1
4610 4138 1
5626 3300 2
5641 4431 1
299 5103 2
5103 529 2
529 1810 1
3154 6503 6
6503 5810 12
5810 3356 1
3356 1404 1
1404 5034 1
5034 2629 1
2629 1097 9
1097 798 1
798 1810 1
1810 3207 3
127 999 1
999 4139 1
4139 816 1
816 6640 1
2863 4069 2
4069 1258 1
312 1976 1
1976 3007 3
3007 6599 1
6599 5799 1
956 6627 3
3265 5290 1
5290 1807 1
1807 6470 1
6470 6440 1
6440 6640 1
3265 5467 2
5467 2756 1
2756 5879 1
6640 5642 2
5642 6024 1
3265 2074 1
2074 1871 1
1871 1248 1
1248 799 1
799 64 1
64 317 1
317 5649 2
5649 2720 1
2720 5626 2
5626 1126 1
1126 5144 1
5144 2629 1
5185 2099 1
2099 3031 1
3031 5211 1
5211 6640 2
2863 363 4
363 3265 3
2863 1690 1
1690 3732 1
3732 3162 2
3162 2495 1
2495 5514 1
5514 1 1
1 145 1
145 592 1
592 5103 1
5103 223 1
223 5673 1
5673 3515 1
3515 1810 1
1810 574 3
574 2863 2
2591 2707 6
2707 5208 2
5208 2501 1
2501 6640 7
1426 352 1
352 4257 1
4257 5694 1
5694 6253 1
6253 928 1
928 2556 2
2556 5363 1
5363 5117 1
1810 4332 2
4332 6460 8
6640 5517 3
5517 6503 5
6640 1130 2
1130 6640 3
6640 1690 1
1690 2216 1
2216 5514 1
5514 1255 1
2342 6640 9
6640 4659 1
4659 6640 1
3031 352 7
352 6125 1
6125 2222 1
2222 1692 1
1692 6640 3
6640 4658 6
4658 1810 2
1810 668 2
668 2629 7
3036 3409 1
2556 5679 1
5679 4161 1
4161 6352 1
6352 3331 1
3331 2237 1
2237 115 1
115 928 1
1810 1415 1
2629 1968 1
1968 1786 1
1786 5875 3
3265 2224 1
2224 6503 2
6503 1786 1
1786 3990 1
3990 6024 1
3732 3036 1
3036 5875 1
5875 3882 1
3882 2629 2
2501 6057 1
3207 1786 2
1786 6155 2
6155 3265 2
3265 3031 4
3031 5316 2
5316 6640 1
3006 5420 1
5420 6640 2
464 3006 1
1786 1 3
1 3265 7
3265 2475 1
5836 83 1
83 2237 1
2237 3732 1
3732 2308 1
2308 1810 1
1810 3302 1
3302 5448 1
5448 5322 1
5322 5103 1
6628 1786 1
1786 3266 1
3266 2273 1
2273 6640 1
317 6566 1
6566 3016 1
3016 317 4
317 1455 12
1455 2863 6
464 6640 2
6640 1404 22
1404 5805 2
5805 115 1
115 1186 1
1186 928 1
928 2720 2
2720 3265 9
3265 6256 1
6256 6201 1
6201 2629 3
1810 4614 1
4614 2923 1
2923 651 4
651 2863 3
2863 6546 3
6546 4201 1
4201 352 5
352 5641 2
5641 309 1
309 2033 1
3977 2364 1
2364 5074 1
5074 6509 1
6509 317 2
317 537 1
537 708 1
708 1533 1
1533 708 1
708 3292 1
3292 6503 1
6503 4076 1
2629 1288 5
1288 2921 1
2921 2224 1
2224 4358 1
6503 6532 1
6532 6386 1
6386 3265 3
3265 1551 1
1551 4201 1
3300 6250 1
6250 5893 1
5893 5870 1
5870 5673 1
5673 1810 1
2720 5476 1
5476 1622 1
1622 317 1
2333 4830 1
4830 2222 1
5463 1810 1
1810 5398 2
5398 550 1
550 559 1
559 6640 1
5641 1465 1
1465 1 1
1 3409 1
3409 4585 1
4585 2571 1
2571 2322 1
2322 2629 16
3977 352 1
352 3265 2
3265 4476 1
4476 2660 1
2660 966 2
966 2629 2
2629 221 1
221 1810 1
4493 5910 1
5910 5103 1
5103 5692 5
5692 6552 1
6552 3265 1
3265 5397 2
5397 1820 1
1820 2494 1
2494 5910 1
5910 3267 1
6386 6640 4
6640 6192 1
6192 6640 1
3941 2984 1
2984 618 2
618 3267 2
3267 3347 1
3347 6640 11
317 3959 9
3959 2863 2
2863 5958 3
5958 6640 2
6640 5074 6
5074 4701 1
4701 3225 1
3225 1976 1
1976 6379 1
6379 4701 1
4701 3347 1
6640 2983 1
2983 317 1
3959 3265 2
3265 3989 1
3989 2629 1
6486 4652 1
4652 1810 1
1810 6186 1
6186 2494 1
2494 2863 1
5958 3265 1
3265 4201 2
352 308 1
308 1597 1
1597 317 1
5185 5635 1
5635 3205 1
3205 1810 3
1810 1476 1
1476 3801 1
3801 5662 1
5662 708 1
708 6073 1
6073 2494 1
2494 4201 1
5641 1044 2
1044 3704 2
3704 5799 1
5397 3265 2
3265 5089 1
5089 5301 1
5301 3205 1
3205 6470 1
6470 2527 5
3265 5141 2
5141 5103 3
5208 3205 2
3205 668 1
3036 1187 1
1187 3185 1
3185 2237 1
2237 1613 1
1613 6640 7
273 1952 11
6640 6470 1
6470 409 1
409 6352 2
6352 3265 1
6640 24 1
24 5410 1
5410 6503 1
6640 3940 2
3940 1810 4
6044 6505 1
2863 5201 9
5201 3265 3
3023 1352 5
1352 6640 1
6640 6186 1
6186 3265 1
3265 4268 1
4268 6640 1
3265 5780 1
5780 907 1
907 3031 3
3265 5893 4
5893 5178 1
5178 6391 1
6391 5097 1
5097 1810 1
5624 6640 1
6640 5760 2
5760 3207 1
6640 2242 1
2242 3753 1
3753 1430 1
1430 4654 1
4654 6024 1
3265 3801 4
3801 5074 8
5074 3031 3
3265 6248 3
6248 5760 1
5760 6640 9
1469 591 1
591 2270 1
2270 6640 2
6126 1343 2
6640 3779 2
3779 3031 1
352 5103 1
5103 310 3
310 2564 3
2564 832 1
832 1822 1
1822 2270 1
2270 1810 1
6031 1952 2
5765 3265 1
5323 6256 1
6256 3370 1
6628 1186 1
1186 3518 1
3518 1469 1
1810 5250 1
5250 5570 1
1952 1104 5
1104 5283 1
6386 3207 1
2527 3406 1
3406 1810 3
1709 6126 1
6126 6640 1
6640 6044 1
6044 3037 1
3037 3265 1
3265 3836 1
3836 3801 1
3801 5208 2
5208 618 2
6640 2936 1
2936 4155 1
4155 5458 1
5458 5103 1
5103 5267 1
5267 5879 1
5879 3943 1
2254 1822 3
2616 5268 1
5268 3265 1
5323 1690 1
1690 6470 1
2972 2527 6
2527 6640 8
458 5639 3
5639 5716 1
5716 5871 1
5871 3853 1
3853 3265 1
1952 5649 3
1810 5448 2
5448 490 1
490 2629 6
2629 902 2
902 5073 1
5073 3333 1
3333 518 1
518 1677 1
1677 2342 1
2342 3270 1
3270 6640 1
6640 4006 5
4006 5073 1
5073 2629 1
2629 244 1
244 1340 1
1340 317 1
317 5678 11
5678 3409 1
3409 5117 1
5117 5595 1
5595 1469 3
1469 244 1
244 1810 1
5692 1425 1
1425 2085 2
3265 4264 1
4264 3065 1
3065 1961 3
1961 5897 1
5897 1810 1
1810 2470 1
2470 6016 1
6016 651 1
651 6503 1
5997 689 1
689 6640 2
6640 3424 3
3424 928 2
928 3181 1
3181 555 1
555 3023 1
5624 682 1
682 721 1
721 1258 1
6640 2217 1
2217 1690 1
1690 312 1
312 6126 17
5476 5164 1
5164 3409 1
3409 5679 1
5679 2684 1
2684 5103 1
5103 5237 1
5237 1853 1
1853 2355 1
956 1739 1
1739 5997 4
458 5073 3
5073 6640 3
2863 4045 5
4045 721 1
721 1810 1
1810 3381 2
3381 2256 1
2256 2381 1
2381 317 1
317 1104 3
1 3506 2
3506 5997 3
2863 4810 4
4810 6640 6
4543 1077 1
1077 2863 5
2591 1214 1
1214 3056 1
3056 2291 3
2291 689 1
689 3000 1
3000 325 1
325 3824 1
3824 4150 1
4150 2735 1
2735 2342 1
2342 5085 1
5085 2616 1
2616 1952 3
1952 1509 2
1509 6640 4
5218 4423 2
4423 3265 1
3265 3424 1
3424 1104 1
1104 1810 6
5005 312 5
312 4001 1
4001 3732 1
3732 526 2
526 3728 1
3728 258 2
258 1810 2
1810 4849 2
4849 1334 1
1334 651 1
651 4845 2
4845 312 1
6640 5123 1
5123 746 1
746 2085 1
6640 1459 3
989 3732 1
5005 1885 1
1885 2980 1
2980 234 1
234 5644 1
5644 1145 2
1145 1885 1
1885 3732 1
3732 4774 3
4774 1871 1
1871 6561 1
6561 258 1
258 5189 2
5189 508 2
508 6640 2
6640 3346 2
3346 5893 3
5893 780 1
780 3267 1
1810 4573 1
4573 317 1
317 1324 1
1324 5303 1
2629 2336 1
2336 6627 1
6627 1079 1
1079 6640 2
6384 78 1
78 6640 1
3941 3732 3
3732 132 1
132 3207 1
3207 928 1
928 2634 1
2634 2863 1
2863 3944 6
3944 2342 5
2342 3409 1
3409 1 1
1 1327 7
1327 4146 1
4146 2930 1
2930 2342 5
2342 6460 1
6460 3914 2
3914 2629 1
2629 5005 11
5005 352 1
352 464 1
464 3728 2
3728 2371 1
2371 374 1
374 2371 1
2371 3370 1
3370 1102 1
1102 1202 1
1202 6492 1
6492 6343 1
6343 1194 3
5799 979 1
979 3728 1
3728 5928 1
5928 2312 1
2312 2900 1
2900 1343 2
6640 273 6
273 317 7
526 1961 1
1961 2427 1
2427 317 1
6460 312 2
4083 1952 10
1952 2371 4
2371 640 1
2629 1139 6
1139 2371 1
2371 2255 1
2255 2322 1
2322 1810 2
1810 349 3
349 4149 2
4149 2679 1
6640 4358 1
2556 4365 1
4365 6640 1
5397 6503 2
6503 2372 1
2372 6441 1
6441 4582 1
4582 3850 1
3850 6593 1
6593 3732 1
3732 2629 1
4795 312 2
5799 317 1
317 2371 21
2371 1126 1
1126 3018 1
3227 6640 1
6640 455 1
2629 3266 12
1810 2764 2
2764 1952 1
1952 132 28
132 618 1
618 3126 1
3126 5629 1
5629 6640 1
6640 359 2
359 2321 1
2321 5661 1
5661 3732 1
2488 1260 1
1260 1159 1
1159 3732 1
3732 2085 1
6640 3872 2
3872 1952 4
132 3409 1
966 3035 2
3035 2618 3
2618 1810 1
6640 5594 5
5594 2371 3
2371 317 2
317 2432 3
2432 301 3
301 1667 1
1667 1811 1
1811 3347 1
3347 1953 1
1953 6384 1
6384 6628 1
6628 2371 1
2371 5208 1
5208 3892 1
3892 6640 5
5594 3266 2
3266 6383 2
6383 1810 1
1810 509 1
6505 5302 1
5302 3732 1
3732 2333 1
1810 2380 1
2380 5208 2
3036 6640 1
6640 4083 5
5005 2629 1
5185 6652 1
6652 837 1
837 5208 1
132 1974 1
1974 112 1
112 2499 2
2499 1810 2
1810 827 3
827 5810 1
1202 2308 1
2308 312 1
312 2894 1
2894 5799 1
1956 2527 8
2527 3409 1
2591 1613 2
6640 6096 2
6096 664 1
664 2910 1
2910 5594 1
5594 2556 3
2556 2371 10
2371 3334 1
3334 2237 4
6640 5301 1
5301 412 2
412 1812 1
1812 6061 1
317 2972 2
2972 6533 3
6533 3370 3
3265 6413 1
6413 317 1
317 1985 1
1985 4721 1
4721 1810 2
3732 467 1
467 3023 1
3031 3856 1
3856 2085 1
3265 3859 2
3859 205 1
205 6640 2
6640 5201 7
5201 460 13
460 6503 12
6503 6230 1
6230 1629 1
1629 5185 1
5185 6117 1
6117 3265 1
3265 5641 8
5641 593 1
593 1810 1
1810 249 1
249 1739 1
1739 6640 2
5799 1255 5
1255 4630 1
4630 3031 1
6503 1617 1
1617 3490 1
6503 5144 1
5144 317 1
526 6640 7
3265 5593 3
5593 3506 1
3506 2629 1
6640 2559 1
2559 3710 1
3710 2616 1
2616 5448 3
5103 6117 1
6117 4774 1
4774 5085 1
1810 2530 2
2530 3468 1
3468 1269 4
1269 4138 1
4138 1509 6
1509 2616 3
2616 2340 1
2340 3406 1
3406 5799 1
1961 3066 1
3066 6511 1
6511 4125 1
4125 6253 1
6253 3370 1
3370 2858 5
2858 3049 1
3049 4432 1
4432 3605 1
3605 5836 3
5836 1961 4
1961 1690 1
1690 5626 1
5626 3847 2
3847 966 2
6505 2756 1
2756 526 1
526 1810 10
5283 1399 5
2255 312 1
312 3300 4
3300 6543 1
6543 555 1
555 6352 1
6352 907 1
907 5997 8
5997 5218 5
1426 4810 1
6640 5484 1
5484 5103 1
5103 2888 1
2888 6580 1
6580 5799 1
5799 4810 1
3265 1493 1
1493 5444 1
1810 1690 4
1690 3031 1
5370 2649 1
2649 6640 1
2629 6098 1
6098 2618 1
2618 5844 1
2679 1130 1
1130 6505 1
6505 1823 2
1823 3370 2
3370 4353 1
4353 3239 1
3239 3983 2
3983 2616 1
2616 691 1
691 1810 2
351 5005 1
5005 5863 1
5863 308 1
308 2980 1
2980 2550 1
2550 1145 1
1810 5739 1
5739 2475 1
2475 4700 2
4700 2523 1
2523 2616 5
4638 3721 1
3721 1871 3
1871 6443 1
6443 3265 1
3265 3239 1
3239 1159 4
1159 5189 1
5189 258 1
258 2616 1
2616 668 2
668 317 8
2858 6652 2
1810 4393 1
4393 3721 1
3721 1952 5
132 1709 1
2616 4070 1
4070 705 1
705 1327 3
1327 2629 1
2501 3409 1
3409 3356 1
3356 304 3
132 1810 16
1425 304 1
304 1202 1
416 2930 1
2342 786 1
786 1404 1
1404 6449 1
6449 3031 1
317 3166 1
3166 5626 1
5626 1159 1
1159 258 1
258 312 1
312 5467 3
1301 1197 1
1197 3207 2
3207 798 1
798 4271 1
4271 3265 2
3265 5218 3
1426 5018 1
5018 3468 1
3468 317 8
1810 4577 2
4577 3267 2
3267 3265 5
3265 1639 1
1639 6640 1
6640 5250 3
5250 317 2
6652 4388 1
4388 1952 5
1952 2158 1
2158 3721 1
3721 1810 27
1810 3468 6
3468 312 1
312 3239 3
3239 4000 1
4000 5949 1
5949 6640 1
312 4253 2
4253 6055 1
6055 6503 5
6503 5211 2
5211 3051 2
3051 3265 3
2863 388 9
388 6640 4
6640 3854 2
3854 2935 3
2935 6505 1
6505 1096 1
3265 651 1
651 3509 1
3509 4201 1
4201 856 1
856 5185 1
5185 3684 1
3684 1810 1
1469 4779 7
4779 4902 1
4902 6460 3
6460 5626 1
5626 1304 1
1304 1327 1
1327 132 1
132 6640 5
6126 5766 1
5766 732 1
5185 6125 1
6125 1632 1
1632 1810 1
1404 464 1
464 6092 1
6092 3370 1
6640 6531 1
6531 5927 1
5927 2629 1
5005 3409 1
3409 5103 1
5103 3721 4
3721 6640 5
458 2511 4
2511 2604 1
2604 1810 2
1810 3658 1
3658 3265 1
5185 2371 3
2371 5339 1
5339 317 1
317 300 2
300 4201 1
4201 3628 1
3628 5989 1
1426 2274 1
2274 5174 1
5174 299 1
529 2189 1
2189 5131 1
5131 1727 1
1727 5801 1
5801 708 1
708 3521 1
4458 61 1
61 1810 1
1810 6331 1
6331 2185 1
2185 5639 1
1445 6446 3
6446 2556 1
2556 1671 1
3684 1097 1
1097 3205 1
3205 2190 1
2190 708 1
708 6117 1
6117 1083 1
1083 5573 1
5573 3207 1
5370 3114 1
3114 409 1
6352 1314 1
1314 6640 1
1735 1727 1
1727 1810 2
1810 5907 1
5907 3031 1
3031 317 8
312 5893 4
3207 2322 1
2629 2282 1
2282 1323 1
1323 2629 1
2629 1113 1
1113 1810 3
3732 2923 1
2923 5516 1
5516 255 1
255 6640 1
2930 2720 1
312 1011 6
1011 3657 1
3657 423 1
2371 6640 2
6640 4124 1
4124 6285 1
6285 1774 1
1774 3605 1
3605 2556 1
2556 2294 1
2294 4271 1
4271 2942 1
2942 312 1
312 1612 1
1612 5355 1
1810 6047 1
6047 3281 1
3281 800 1
800 2274 1
2274 64 1
64 6640 1
4163 3359 1
3359 2629 1
1810 3863 1
3863 3265 1
3265 1097 3
1097 1992 1
1992 5799 1
1961 258 1
258 2953 1
2953 4442 1
4442 1952 1
1774 5805 1
3127 2863 1
1796 317 2
1134 2930 1
2930 312 5
312 3023 2
3023 1613 2
1613 1077 2
1426 4423 1
966 5420 1
5420 2863 5
2863 3864 1
3864 2342 1
2342 258 1
258 2629 1
2629 1529 1
1529 2308 1
2308 1288 1
1288 1426 1
1426 1952 2
2371 409 1
409 5575 1
5575 1667 1
1667 5934 1
5934 4203 1
4203 5355 1
5355 2556 1
2556 2863 1
312 469 4
469 6640 3
6640 5679 7
5679 2629 6
1810 518 1
518 5420 1
5420 3732 1
3732 5678 2
5678 708 2
708 187 2
187 3018 1
461 6640 1
3941 2894 1
2894 317 1
2333 6505 1
6505 3886 1
3886 1984 1
1984 4721 1
352 6061 2
6061 1186 1
1186 4110 1
4110 5177 1
5177 574 1
574 308 1
308 1192 1
1192 317 1
2333 2085 1
2085 6027 1
6027 5103 1
5103 6321 1
6321 6640 1
6640 3886 1
3886 3265 1
1810 6192 3
6192 5103 1
458 5907 1
5907 1810 1
5641 725 1
725 1104 1
1104 6352 1
6352 6627 1
5799 5875 1
5875 2316 1
2316 3962 1
3962 5103 1
5103 1104 2
6640 4511 2
4511 4110 1
4110 1952 1
1952 5662 2
5662 4875 1
4875 3265 1
3265 987 1
987 1810 1
4006 3265 4
1774 6505 1
6505 860 1
860 2229 1
2229 3977 1
3977 6024 1
2616 317 11
6352 312 1
2863 2814 1
2814 1 1
1 1776 1
1776 4201 1
5639 2511 2
2511 1221 1
1221 2632 1
2632 3265 1
3265 6014 1
6014 1992 1
1992 3256 1
3256 3265 1
317 2230 1
2230 2399 1
2399 1810 1
1810 3766 1
3766 3732 1
3732 1774 1
1774 1952 1
5005 903 1
903 1810 2
272 317 6
526 2511 1
2511 3347 1
3347 1469 1
1469 5208 10
5208 6574 1
6574 2225 1
2225 5355 1
5355 2187 1
2187 6060 1
6060 304 2
1810 5361 1
5361 6640 1
304 6387 1
6387 6505 3
6505 5923 5
5490 312 1
312 4358 1
3265 5545 2
5545 304 1
3732 6628 4
6628 3765 1
3765 6417 1
6417 6318 1
6318 4951 1
3265 2451 2
2451 2629 2
2629 705 3
705 759 1
759 6640 1
6640 820 1
820 6024 1
5208 5103 1
5103 966 2
966 2070 1
2070 562 1
562 3109 1
3109 5907 1
5907 317 1
317 2229 2
2229 2729 1
2729 2629 1
3265 562 1
562 1810 3
6078 4201 1
458 4110 1
4110 1555 1
1555 3265 1
3265 4898 1
4898 6505 1
2863 2002 1
2002 2229 1
2229 3511 1
3511 6112 1
6112 2499 3
2499 2629 2
272 3265 2
5881 317 1
526 5879 1
966 1404 1
2604 5438 1
5438 3265 2
6352 2629 1
1810 4580 1
4580 317 2
317 2937 4
2937 1368 1
1368 3684 1
3684 5799 1
3006 474 1
474 3409 1
3409 2085 1
2085 5710 1
5710 4024 1
4024 5893 1
5893 2023 1
2023 3037 1
3037 4201 1
6640 4677 1
4677 2511 1
2511 6657 1
6657 1106 1
1106 3732 1
3732 5934 1
5934 1952 1
1952 610 1
610 3370 1
3370 6352 1
6352 1952 1
1952 2885 1
2885 3222 1
3222 1667 1
1667 5964 1
5964 5810 1
5810 1426 1
1426 528 1
528 2550 1
2550 6280 1
6280 317 1
317 1831 1
1831 651 1
651 961 1
961 3732 2
3732 1288 8
1288 1952 1
1952 3222 2
3222 2604 1
2604 2470 1
2470 5781 1
5781 1822 1
1822 4580 1
317 2511 5
2511 1367 1
1367 3348 1
3348 1469 1
5208 127 1
127 5355 1
5355 5993 1
5993 1426 10
6640 272 6
272 1961 1
304 3140 1
3140 2999 1
2999 5639 1
5639 3500 1
3500 3322 1
3322 4201 1
4201 1514 1
1514 6585 1
6585 1367 1
1367 317 2
2511 6505 1
6505 2604 1
2604 236 1
2863 5781 1
5781 1810 1
1810 3442 1
3442 3135 1
3135 317 2
2371 1810 23
1810 2511 2
2511 1810 4
1810 3684 2
3684 2475 1
5836 6126 1
6126 417 1
417 6640 1
6640 3466 1
3466 2935 1
2935 515 1
5005 1709 2
1709 4388 1
4388 2371 3
2371 1952 2
1952 4368 1
4368 1811 1
1811 1593 1
1593 1810 1
5641 1425 3
3942 456 1
456 2502 1
2502 1592 1
1592 5968 5
5968 6640 1
6640 4467 2
4467 5246 1
5246 1343 1
3035 1711 1
1711 4885 1
4885 3409 1
3409 3941 1
3732 5355 3
5355 3347 2
3347 2556 3
5103 1988 1
1988 1810 1
312 1899 3
1899 2556 2
2556 5974 3
5974 317 1
273 3732 1
3347 2511 1
2604 3732 1
3732 2766 2
2766 1952 3
3222 4201 1
2629 5923 5
5923 5678 3
5678 3732 1
2333 317 1
317 3791 2
3791 1469 2
1469 4803 1
4803 6044 1
6044 6640 2
1810 4828 1
4828 708 1
708 1878 3
1878 6503 1
6503 5974 1
5974 2556 2
1899 5893 1
5005 317 5
312 6055 4
6055 5323 1
5323 3409 1
3409 6627 2
6627 2682 2
2682 3265 1
3265 3650 1
3650 1810 1
3065 6640 3
6640 1 10
1 6627 5
1810 2679 3
2591 1459 1
1459 903 1
903 6386 1
6386 1168 1
1168 3362 4
3362 1982 1
1982 963 1
963 1197 4
6640 5810 3
5810 6640 4
6640 1788 1
1788 1956 1
1956 6079 1
6079 3018 1
3018 5989 1
5989 1469 1
2863 4423 4
4423 3732 1
3050 6640 6
2591 3469 1
3469 317 3
1810 1215 1
1215 708 1
6640 3060 3
3060 6225 1
6225 1168 1
3362 312 2
2556 496 1
496 6640 1
4123 6256 1
6256 1810 2
1810 3591 4
3591 1134 3
1134 5018 1
5018 4155 1
4155 5558 1
5558 6640 3
6640 1255 3
1 2085 17
2085 4658 1
4658 2863 1
2863 5606 1
5606 4069 1
4069 903 1
903 6640 8
6640 2845 2
2845 6640 1
6640 4384 1
4384 1810 1
6106 3223 1
3223 555 1
555 4201 1
4201 2435 1
708 682 1
682 4297 1
4297 6640 1
6640 4965 2
4965 530 1
530 927 1
927 2629 1
2629 2545 1
2545 2522 1
2522 625 1
625 2502 1
2502 5162 2
5162 5799 2
5799 6659 3
6659 6503 2
2591 5539 1
5539 708 1
708 258 1
258 2187 1
2187 6474 1
6474 5870 1
5870 5315 2
5315 3732 4
5005 2507 1
2507 2629 1
2629 5659 2
5659 624 1
624 6640 1
5679 2628 1
2628 5872 3
5872 1810 2
6640 1959 16
1959 6503 11
6126 1227 2
1227 3929 1
3929 424 1
424 6463 1
6463 5805 1
5805 3341 1
3341 1978 1
1978 5148 1
5148 2863 1
1961 818 1
818 3031 1
3031 722 3
722 4063 1
6640 1772 2
1772 4217 3
4217 1810 3
1810 5894 2
5894 6386 1
6386 3390 1
3390 2556 1
1810 3728 2
3728 1090 2
1090 1961 1
352 6243 3
6243 1978 1
1978 1759 1
1759 2669 1
2669 526 4
6640 2818 1
2818 1810 1
5323 1229 3
1229 317 3
1134 5875 2
5875 312 4
312 940 1
940 4785 1
4785 1759 1
1759 411 1
411 1107 1
1107 317 1
317 1431 2
1431 6144 1
6144 6627 1
6627 657 2
657 5399 1
5399 317 2
317 5869 3
5869 1810 1
1810 6663 1
6663 3050 1
6640 742 1
742 1848 1
1848 1813 1
1813 412 1
412 1810 1
1810 6030 3
6030 6503 7
6503 3732 2
5005 1126 1
1126 3728 1
3728 6652 2
6652 5316 1
5316 5810 1
312 6456 5
2591 3290 1
3290 3031 1
618 3265 5
3265 3871 1
3871 708 1
708 205 2
205 1810 3
1810 205 3
6640 4821 1
4821 6503 2
2371 2845 1
2845 5893 1
6456 3762 1
3762 6627 1
312 3409 1
3409 6389 1
6389 6640 4
2863 3219 4
3219 317 1
6628 3050 3
3050 6456 1
6456 6628 3
6628 3728 1
3728 3732 6
3732 5863 15
5863 1150 1
1150 205 1
205 1952 3
132 3732 2
3732 5869 1
5869 526 2
1810 4604 2
4604 5799 1
206 3370 2
2591 2180 1
2180 3265 1
3265 406 1
406 1952 1
1952 2556 8
2556 6106 2
6106 6627 1
6627 5928 1
5928 312 1
1083 5947 1
5947 6503 1
6640 6071 2
6071 3732 1
3732 5923 3
5923 1961 12
3265 6218 1
6218 2371 1
2371 5855 1
5855 651 4
651 312 2
2930 317 2
317 5359 4
5359 1426 1
1426 2466 1
2466 6640 1
308 1810 2
1810 3359 2
3359 5315 1
5863 5624 1
5624 1151 2
1151 317 3
317 5843 5
5843 132 3
132 4636 1
4636 3207 1
3207 1871 1
1871 1097 1
1097 2522 3
2522 6640 1
6640 2764 2
2764 2371 1
2371 3732 3
3732 5243 4
5243 5005 10
5005 6640 5
5323 312 2
312 4503 1
4503 5103 1
5103 2187 3
1613 1810 2
1810 3234 1
3234 6640 1
4163 2371 1
2371 2475 1
2475 3728 1
258 2340 1
2340 2629 5
2629 5123 2
5123 1201 2
4083 3732 2
5863 6640 3
6640 2322 2
2268 1810 1
1810 5420 6
5420 317 4
317 2867 2
2867 3008 1
3008 3006 4
3006 3093 1
3093 6640 1
6503 2085 7
2085 2322 1
317 2405 1
2405 3050 1
3050 1810 4
2867 5875 1
5875 3270 1
3270 1959 1
1959 137 1
137 934 1
934 5799 1
5799 6385 5
6385 312 2
312 1 3
1961 1085 1
1085 317 2
5805 3050 3
3050 4861 1
4861 2436 1
2436 1759 1
1759 2629 2
2629 526 9
5397 2424 1
2424 955 1
955 5103 1
5103 4502 1
4502 1810 1
1810 2591 4
2591 4848 3
4848 1083 1
1083 1956 1
1956 4598 1
4598 5370 1
5370 3207 1
3207 956 1
6503 1139 1
1139 5844 1
5844 312 2
312 708 4
708 1195 1
1195 1 1
1 3050 2
3050 2173 1
2173 1327 1
1327 548 1
548 2629 1
6503 5212 1
5212 3050 1
3050 2863 1
2863 1822 1
1822 2172 1
2172 1810 1
708 4241 1
4241 4957 1
4957 1709 1
3265 3774 1
3774 5185 1
5185 816 1
816 5770 1
5770 3265 1
3525 3365 1
3365 1810 1
1327 3300 1
3300 4957 1
4957 4201 1
4201 2256 1
2256 5283 1
6503 6126 3
6126 5951 2
5951 6438 2
6438 6503 1
5323 2851 1
2851 5161 1
5161 1709 1
1709 3300 2
3300 4145 2
4145 5412 1
5412 3031 3
3031 2371 2
2371 2556 3
2556 3728 1
3728 708 2
1090 970 1
970 5641 1
5641 1277 1
1277 3004 1
3004 5799 1
4848 5370 1
5370 5398 1
5398 5893 2
5893 3398 1
3398 1068 1
1068 1077 1
1077 5412 1
3031 5323 3
5323 1714 1
1714 1810 1
3267 4503 1
4503 312 1
6126 1085 4
1085 6640 2
6640 4476 3
4476 1810 3
1810 6061 4
6061 3605 1
3605 5208 3
5208 1168 1
3362 4106 1
4106 1073 2
1073 2333 3
2333 1842 1
1842 3265 1
3265 450 1
450 3605 1
3605 6640 2
6640 6017 1
6017 2450 1
2450 5928 1
5928 1042 1
1042 3566 1
3566 96 1
96 3189 1
3189 3011 1
3011 3668 1
3668 132 1
132 312 2
409 3801 1
3801 526 5
526 3895 1
3895 311 1
311 5863 4
6640 1448 1
1448 3115 1
3115 2617 2
2617 554 1
827 2629 5
132 3133 1
3133 1952 1
1952 1872 2
1872 2371 1
2556 6640 4
6640 337 1
337 317 1
2432 1790 1
1790 6640 1
6640 301 1
301 1590 1
1590 1073 1
1073 2377 2
2377 5799 1
6503 3024 1
3024 4168 1
4168 928 1
928 2863 4
1229 3065 1
3065 4507 1
4507 6652 1
6652 317 2
300 6225 1
6225 6640 1
312 5183 3
5183 666 1
666 2629 3
2629 3586 2
3586 1810 1
5641 5420 3
2629 377 1
377 5005 1
5005 3732 1
3732 2187 3
2187 5870 1
5315 6017 1
6017 258 1
258 341 1
341 4910 1
4910 989 1
5810 1961 1
1961 1761 1
1761 2497 1
3190 618 1
618 4638 1
4638 3197 1
3197 3721 1
3721 5103 1
5103 6333 4
6333 3732 1
5243 6640 1
5420 1961 3
3265 2470 1
2470 4629 1
4629 2523 1
2523 6640 2
1810 5397 3
5397 1961 3
1961 6456 3
6456 5679 1
2629 3721 34
3721 2223 1
2223 2130 1
2130 4283 1
4283 2629 1
2629 241 4
241 3721 1
3721 312 6
312 1085 2
1085 2629 2
2629 5243 9
5005 1 4
6503 956 6
956 317 1
1097 6533 3
2867 3944 1
3944 5245 1
5245 4009 1
4009 4944 1
4944 6640 2
1810 4445 1
4445 3406 1
3406 3605 1
3605 1509 3
1509 5500 1
5500 5679 3
5679 6126 3
6126 841 3
841 2629 1
2867 2085 1
4658 3524 1
3524 312 1
6126 6438 1
6438 594 1
594 1399 1
2863 236 6
236 6640 2
5934 317 1
5843 1145 2
1810 6511 1
5208 6385 1
6385 1810 4
1810 4382 1
4382 1961 1
1961 4721 1
4721 317 1
317 948 1
948 1145 1
1145 4981 1
4981 5799 1
5799 1072 1
1072 6503 1
6503 5499 1
5499 2406 1
2406 1396 1
1396 4540 1
4540 2474 1
2474 412 1
412 2629 1
1774 2629 1
5923 2501 10
2501 2257 1
2257 4628 1
4628 2406 1
2406 5813 1
5813 200 1
200 4770 1
4770 2868 1
2868 414 1
414 1097 1
1097 125 1
125 5263 1
2629 415 1
415 1810 1
1810 1329 1
1329 4146 1
4146 3540 1
3540 6640 1
1810 6111 1
6111 6503 1
6387 689 1
689 1810 1
1810 1484 1
1484 3065 4
3065 1509 1
1083 1591 1
1591 928 2
928 2740 1
2740 1404 1
1404 2935 3
2935 446 1
446 1961 1
6640 4145 2
4145 1978 1
1978 3398 1
3398 3005 1
3005 1759 1
1759 292 1
292 2629 1
4493 1759 1
1759 3775 1
3775 6640 1
3036 3736 2
132 4834 1
4834 2276 1
2276 1810 2
5420 4253 1
4253 4678 1
4678 4502 1
4502 2669 1
526 5658 1
5658 127 1
127 3093 1
3093 4503 1
4503 3999 1
3999 6456 2
6456 5844 2
4069 317 1
1134 289 1
289 1810 1
6640 4848 1
4848 1366 1
1366 3402 1
3402 3370 1
3370 3568 1
3568 241 1
241 3187 1
3187 3267 1
3267 3549 1
3549 1822 2
1822 4752 2
4752 3732 1
526 6505 3
6505 1692 1
1692 679 1
679 2629 1
2629 3756 3
3756 2556 1
5974 6640 1
5693 4568 2
4568 3031 1
5411 1810 1
1343 4820 1
4820 3189 2
3189 1363 1
1363 2591 2
2591 752 2
752 6640 3
5799 5263 2
5263 6640 1
132 4493 1
4493 1952 2
1952 4751 1
4751 845 2
1810 5356 2
5356 1469 4
1469 127 1
127 2073 1
2073 1363 1
1363 5005 1
6627 2501 10
2501 312 6
3525 6574 2
6574 1810 2
6627 5499 1
5499 6287 1
6287 1959 1
1959 3339 1
3339 4342 1
4342 6640 1
5103 2801 1
2801 5263 1
5263 304 3
304 1762 3
1762 708 1
708 651 19
651 3942 2
3942 3267 1
3267 1899 2
2556 261 1
261 3351 2
3351 1399 1
304 5893 3
312 6503 2
6503 3904 1
3904 352 1
2858 989 1
989 1401 1
1401 3166 1
3166 4358 1
4358 3512 1
3512 6284 1
6284 270 1
270 317 2
526 2164 1
2164 6358 1
6358 5103 2
5103 690 1
690 523 1
523 5620 1
5620 5062 1
5062 4203 1
5805 2165 2
2165 2963 1
2963 3353 1
3353 2669 1
2669 2628 1
2628 5834 3
5834 618 1
618 3892 1
6640 785 1
785 5805 1
2165 3265 1
5997 977 1
236 4395 1
4395 6460 1
6460 5826 1
5826 2628 1
5834 1810 4
1126 1386 1
1386 6640 1
6627 3892 1
3892 1961 3
1961 464 1
3728 5805 1
5805 6359 1
6359 6640 1
6640 3898 1
3898 3265 1
1195 4709 1
4709 1810 1
856 187 1
187 1822 1
1822 526 3
526 6627 3
312 3433 2
3433 286 1
286 1976 1
1976 1401 1
1401 215 1
6503 5923 6
5923 1468 1
1468 5245 1
5245 6358 1
6358 3065 1
3065 2187 4
2187 2380 1
2380 1807 1
1807 93 1
93 2679 1
2679 6174 1
6174 6505 1
6505 4020 2
4020 5805 1
5805 6515 1
6515 494 1
494 286 1
286 6640 1
6640 5576 1
5576 5263 1
2629 3589 1
3589 6203 1
6203 1217 1
1469 5622 1
5622 1898 1
1898 2556 1
5974 2591 1
312 1343 1
348 1871 1
1871 3576 1
3576 2563 1
2563 6505 1
6505 6628 3
6628 6358 1
6358 2707 1
6640 618 2
1810 4473 1
4473 1952 3
6640 1592 2
5968 1810 3
1810 4585 5
4585 2634 1
2634 1469 4
1469 3566 1
3566 708 1
708 4364 1
4364 6640 1
6640 4214 2
4214 2556 1
2556 5968 1
5968 2340 1
132 5595 1
1469 1145 1
1810 5301 1
412 2634 1
1469 4601 1
4601 3566 1
3566 3859 1
3859 6126 1
5476 206 2
206 5799 1
6503 3573 1
3573 2591 1
2591 3618 1
3618 1295 1
1295 1810 1
1810 5492 1
132 4253 1
4253 708 4
708 2556 2
2556 1790 1
1790 5458 1
5458 1762 1
1762 2556 1
3409 1959 1
1959 2935 1
2935 5421 1
5421 5735 1
6001 5103 1
5103 1315 1
1315 1179 1
896 5923 1
5490 5103 1
5103 59 1
59 49 1
49 5248 1
5248 1810 3
1810 5639 3
5639 6021 1
6021 3994 1
3994 1810 2
1810 2543 1
2543 1327 1
1327 348 1
1810 2533 2
1613 3267 1
3267 386 2
386 312 1
312 5693 8
5693 6044 1
6044 981 1
981 708 1
708 5886 1
5886 4537 1
4537 6039 1
6039 2005 1
2005 352 1
352 2223 1
2223 5420 1
5420 5844 1
5844 317 3
317 3066 2
3066 1003 1
1003 6024 1
6024 3362 1
3362 5123 1
5123 311 1
5863 3525 1
3525 542 2
542 6503 2
6503 5834 1
5834 4363 1
4363 5786 1
1810 3270 1
3270 1657 1
1657 317 1
317 5964 3
5964 6640 1
6640 2678 6
2678 6503 8
6503 1762 2
2616 3265 4
2707 3031 1
6627 5476 3
2863 2678 1
2678 3267 1
708 5667 2
5667 2629 1
241 1810 2
2863 1370 2
1370 4501 1
4501 6252 1
6252 928 1
928 2629 3
6387 3267 1
3267 1689 1
1689 317 1
5799 5415 1
5415 312 1
312 3267 3
3267 5247 1
5247 2525 1
2525 289 1
289 4570 1
4570 3300 1
3300 4751 1
4795 5799 3
2863 3177 1
3177 3370 1
3370 6093 1
6093 1810 2
1810 6523 4
2863 3329 1
3329 3370 1
3370 1363 2
1363 3207 1
3207 5220 3
5220 6640 4
6126 6174 1
6174 1399 1
304 3267 6
3267 796 1
796 1404 1
1404 4795 13
5875 6121 2
6121 2645 2
2645 2802 1
2802 304 1
304 5974 1
5974 2187 1
2187 1899 1
1899 2435 1
2435 6640 2
1810 4069 2
6503 3356 1
3356 6417 2
6417 1810 3
1810 2882 4
2882 2475 1
5836 3566 1
3566 3941 1
3941 1090 2
5323 5341 1
5341 1822 2
1822 460 2
460 3115 1
2617 3267 1
3267 4604 1
4604 2523 1
2523 3362 3
3362 5103 2
1327 5678 3
2863 3649 6
3649 3549 1
3549 6640 1
6640 3617 1
3617 5881 1
5881 2629 3
1255 2634 1
3267 3811 1
3811 2720 1
2720 3267 2
3267 6256 1
6256 975 1
975 1469 1
2556 2628 1
1810 3753 1
3753 1952 2
1952 989 2
989 5844 1
3267 2653 1
2653 3347 1
3959 6640 1
6640 856 1
856 2556 1
2556 3918 1
3918 1822 1
1822 2371 2
1810 3525 5
3525 6312 2
6312 6262 1
6262 317 1
2333 1822 1
1822 3205 1
3205 6640 2
6640 6261 2
6261 5208 2
5208 3003 1
3003 317 2
317 5036 2
5036 3547 1
3547 6505 1
6505 1746 2
1746 2556 1
2556 1878 1
1878 3370 1
3370 1239 1
1239 4201 1
3940 6611 1
6611 807 1
807 3266 1
3266 3684 1
3684 4817 1
4817 3189 2
1810 5538 1
5538 5208 1
5208 3433 1
3433 6128 1
6128 4201 1
4201 1488 1
1488 5444 1
5444 6117 1
6117 6505 1
6505 2734 1
2734 5085 1
5085 1952 1
1952 6286 1
6286 1509 1
1509 2085 1
2085 5648 4
5648 6640 3
5968 4485 1
4485 1952 1
2556 2181 1
2181 3525 1
3525 1228 7
1228 5208 3
5208 3031 3
6640 3516 1
3516 5920 1
5920 3211 1
3211 6640 1
3941 2629 6
2629 2036 1
2036 560 1
560 2629 1
2629 5152 1
1754 4201 1
4201 5641 2
5641 5770 2
5770 5315 1
5005 258 1
258 4201 1
4201 388 1
317 3547 2
3547 1810 2
1810 2340 4
2340 5560 5
5560 5123 1
6384 5609 2
5609 3370 1
3370 3211 1
3211 5514 1
5514 5799 2
1810 5951 4
5951 3050 3
3050 96 1
96 705 8
705 3626 1
3626 1709 1
1709 6640 7
6640 449 1
449 1933 1
1933 3362 1
3362 359 1
359 3362 1
5799 5283 2
5283 312 1
3265 3999 1
3999 499 1
499 1810 1
6387 1868 1
1868 1956 1
1956 3265 1
3265 6079 1
6079 3031 1
3031 4332 4
4332 409 4
409 6640 2
312 4662 4
4662 6044 1
6044 651 1
2707 2545 1
2545 4342 1
4342 5562 1
5562 1775 1
1775 1 1
5801 2917 1
2917 487 1
487 1810 1
1327 6645 1
6645 2187 1
2187 5103 2
5103 651 2
651 2553 1
312 6217 1
6217 317 1
317 3701 1
3701 6640 1
6640 4541 1
4541 6470 1
6470 6447 1
6447 2333 1
2333 1961 2
1343 2629 1
1327 2132 2
2132 3362 2
3362 6640 6
6640 1727 4
5073 3031 1
3031 1824 1
1824 5696 1
5696 246 1
246 1759 1
1759 845 1
845 752 1
752 5185 1
5185 4507 2
4507 6640 1
2824 2629 1
2629 1227 1
1227 234 1
234 1786 1
1786 1832 1
1832 317 1
317 5934 3
5934 1810 4
1810 6411 1
6411 6640 1
6640 1820 4
1820 708 1
1090 103 1
103 4146 1
4146 3732 1
352 2834 1
2834 2629 4
2629 1365 1
1365 3355 1
3355 2892 1
2892 2184 1
2184 6024 2
6640 1357 1
1357 6138 1
317 4768 2
4768 2900 1
6435 5641 1
5641 3359 1
3359 2212 1
2212 2695 1
2695 3732 1
6640 3350 1
3350 1810 1
1810 4493 1
4493 3031 1
2556 5239 2
5239 175 1
175 5799 1
5799 5269 2
5269 6503 1
2591 5397 1
1820 1090 1
1090 3300 1
3300 3350 1
3350 3370 1
5692 4462 1
4462 3586 1
3586 1469 1
1469 6456 2
1810 2318 1
2318 3370 1
3370 6123 4
6123 4358 1
4358 1759 1
1759 6403 1
6403 3801 1
3801 3036 2
3036 5753 1
5753 388 1
5185 3547 1
3547 317 1
317 1227 1
1227 2596 1
2596 2822 2
2822 1355 2
1355 5457 1
5457 2799 1
2799 708 1
708 5185 4
5185 3918 1
3918 1810 2
1810 5438 2
5438 3267 1
2371 6505 3
2665 2629 1
705 5386 7
5386 6640 2
4214 2184 1
2184 1083 1
1083 4809 1
4809 3590 1
3590 1810 1
1810 503 1
503 2629 2
2629 1145 4
1145 6505 1
6505 518 1
518 3333 1
3333 409 1
409 3249 2
3249 2629 1
1145 4651 1
4651 6640 1
6640 6438 2
5951 3023 1
5397 445 1
445 5999 1
5999 4795 2
4795 3370 1
3370 572 1
572 970 1
970 1810 1
1810 6533 1
2591 1426 1
6640 419 1
419 3346 1
3346 2629 4
1145 6640 2
6640 5360 1
5360 515 1
515 3031 1
3031 1822 1
1822 3360 1
3360 1151 1
2333 518 1
518 1952 1
1952 409 1
409 4493 1
4493 2232 1
2232 6645 1
6645 1810 1
1810 3355 1
3355 6358 1
6358 1401 1
1401 6640 3
312 3000 3
3000 5648 1
1735 1401 1
1401 3605 1
3605 616 1
616 2404 1
2404 6640 1
6640 4545 3
4545 1952 5
1872 5810 1
6640 827 1
1810 5145 1
5145 5208 1
5208 6128 1
6128 5893 1
6386 2340 1
5560 1961 1
6243 5714 1
5714 2149 1
2149 1810 1
1810 6457 1
6457 970 1
970 6640 2
6640 3359 3
3359 1650 1
1650 317 1
317 6447 1
6447 1810 1
5641 2634 2
2634 6470 1
6640 6242 2
6242 6453 2
6453 970 2
970 1399 1
1399 2707 1
2707 6112 2
2499 5875 2
5875 4930 1
4930 1762 1
1762 2398 1
2398 5476 1
5476 1624 1
1624 2863 1
2863 2471 4
2471 6640 1
4083 2629 1
2629 5635 1
5635 2501 1
2501 469 1
1810 3048 1
3048 4424 1
4424 317 1
2371 3031 2
2863 5559 1
5559 2951 1
2951 2618 1
2618 2509 1
2509 446 1
446 1810 1
1399 2629 2
2629 2527 3
6640 1490 1
1490 5514 1
5514 6640 1
6640 2855 2
2855 1959 1
6503 2256 5
2256 5760 1
1469 6568 3
6568 708 1
6627 1855 1
1855 6640 1
5799 1459 1
1459 2930 1
2930 1343 1
2679 3941 1
1810 4883 1
4883 317 1
317 6503 4
6503 304 7
304 5875 5
5875 3006 5
3006 5641 4
5641 2254 1
2254 1459 1
1459 2629 6
2629 3362 6
3362 4138 1
4138 6627 9
5641 2936 1
2936 2428 1
2428 1545 1
1545 5201 1
5201 255 1
255 406 1
406 1810 6
3728 351 1
351 3362 2
3362 3359 1
3359 1151 1
132 2502 1
312 5164 1
5164 1961 1
1961 1139 1
6640 4253 2
4253 1304 1
1304 4681 1
4681 2132 1
3362 3848 1
3848 5150 1
5150 4320 1
4320 414 1
414 1810 1
5641 1983 1
1983 402 1
402 2629 1
2629 1357 2
1357 6640 2
6640 4503 2
132 1727 1
1727 5073 1
3359 3941 1
2333 5810 1
5810 4485 1
3586 6640 1
6640 2634 1
2634 1961 1
1961 4167 1
4167 195 1
195 2502 1
2502 5839 1
5839 526 1
1810 2855 1
2855 195 1
195 2629 1
2629 610 3
610 5245 1
5245 6132 1
6132 4011 1
4011 1676 1
1676 5323 1
5323 6287 1
6287 3618 1
3618 5073 1
5073 1469 1
1469 3717 1
5641 5870 1
5870 4541 1
4541 1952 2
1952 2501 4
464 2184 1
2184 3031 1
2863 3750 2
3750 1810 1
1255 2863 2
2707 2720 1
2720 5301 1
5301 1145 1
1145 199 1
199 3190 1
3190 6640 2
6061 2322 1
1774 2601 1
2601 6640 1
3779 6456 1
409 1494 1
1494 317 1
317 3205 1
1810 2322 1
206 1952 2
1952 2181 1
2181 6503 1
6503 966 1
966 4253 1
2030 3189 1
3189 6640 4
6640 1476 2
1476 317 1
317 2277 1
2277 1810 2
5103 3265 5
3265 928 2
928 2475 1
5836 5621 2
5621 708 6
708 5166 1
5166 352 1
352 2556 1
2556 2914 1
2914 6547 1
6547 1772 1
1810 5141 1
6640 1700 1
1700 3370 1
6123 6024 1
5239 3650 1
3650 175 1
175 6640 1
6640 676 1
676 519 1
519 2254 1
6061 1173 2
1173 5635 1
5635 2889 1
3265 3126 1
3126 1173 1
1173 6225 1
6225 1173 1
1173 671 1
671 6640 1
1952 3265 20
1822 2276 1
2276 1173 2
1173 5103 3
6123 6252 1
6252 2629 1
6640 5372 1
5372 5074 2
5074 5103 1
5103 2574 1
2574 1810 1
1810 6201 3
2105 1522 1
1522 2863 1
2863 5961 5
5961 5635 2
5635 1173 10
5961 1173 2
1173 90 3
90 5639 7
5639 2889 3
2889 3265 2
3265 3016 2
2863 1130 9
1130 1780 1
1780 4378 1
4378 5639 1
5639 1173 20
1173 657 3
657 2414 1
2414 2494 1
2494 1820 1
1820 3300 1
3300 317 1
5005 3426 1
3426 4423 1
4423 2863 1
657 312 4
312 5826 3
5826 1213 1
1213 4533 1
4533 3031 1
5323 6249 1
6640 3158 1
3158 3265 3
2863 6177 2
6177 1810 1
2863 4378 1
4378 6640 1
5799 4786 1
4786 6503 3
6503 3511 1
3511 1173 1
1173 5844 5
236 3210 1
3210 6640 1
6640 228 1
228 1077 1
1077 228 1
228 1 1
3265 5263 3
1810 2571 3
2571 5816 1
5816 2629 1
6640 4566 1
4566 6126 1
5476 4943 1
4943 4099 1
4099 1510 1
1510 4088 1
4088 2184 1
2184 5632 1
5632 1739 1
1739 1173 1
1173 312 16
312 4820 1
4820 2184 1
2184 6503 1
312 327 1
327 1775 1
1775 1810 2
1810 5934 2
5934 57 1
57 6640 2
464 6024 2
5997 1401 2
1401 5073 2
5073 5997 1
5997 2591 8
2591 6507 2
6507 2821 1
2821 6384 2
6384 1775 1
5934 3774 1
3774 6640 2
6640 2991 2
2991 5997 6
5997 1202 1
1202 5217 3
5217 4099 3
4099 5893 1
5893 6627 3
1810 3694 2
3694 91 1
91 3023 1
2707 1327 1
1327 3381 1
3265 1961 7
1961 1081 3
1081 5997 1
5997 1762 3
1762 1173 3
1173 4423 2
5923 3050 2
3050 1961 3
5997 6044 1
6044 1961 1
1961 5799 1
5799 1081 2
1081 1077 1
651 5997 3
5997 3694 1
3694 5893 1
5893 1775 1
1775 1077 1
1077 5893 5
6627 3694 1
3694 90 1
1173 5997 7
312 5269 2
5269 4568 1
4568 91 1
91 1173 1
5844 5777 1
5777 304 2
304 6417 1
6417 2398 1
2398 1173 1
1173 5777 1
304 5844 1
5844 708 3
708 1081 1
1081 2342 1
5103 5923 14
6044 2991 1
2991 6503 1
1401 57 1
57 1077 7
1077 6024 3
5997 359 4
359 1401 1
5073 6627 1
6627 6385 4
6385 5844 2
5844 5997 3
2591 2821 1
6384 1423 1
1423 1 1
1173 3942 2
3942 4817 1
3189 5563 1
5563 2616 2
2616 3468 8
3468 1952 4
1810 3942 2
3942 1172 1
1172 1899 1
1899 2499 1
2499 1197 1
1197 3189 1
6640 4461 2
4461 2604 1
2604 5175 1
5175 2190 1
2190 5131 1
5131 5313 1
5313 1810 1
1810 1445 2
6446 4358 1
4358 460 1
460 5805 1
5805 5058 1
5058 1173 1
1173 4842 1
5061 3265 2
3265 1343 2
6627 1132 2
1132 5103 1
5103 4052 3
4052 3002 1
5266 1709 1
458 6117 1
6117 3941 1
1810 3940 2
3940 1457 1
1457 5509 1
5509 1173 1
1173 807 1
807 3265 1
1810 1554 2
1554 2085 1
2085 1509 1
1509 312 1
1011 2616 3
2616 4563 1
4563 3265 1
4714 5103 2
5103 3189 1
3189 3339 1
3339 1173 1
1173 91 1
91 312 1
5693 969 2
969 2693 1
2693 1307 1
1307 2616 1
2616 6111 1
6111 4844 1
4844 2629 1
1810 1173 21
5283 4143 2
4143 907 2
907 1213 2
1213 2521 1
2521 907 2
907 4143 1
4143 5635 1
1173 2254 1
1426 6044 3
5923 5639 1
2308 1399 1
2863 5997 4
5997 6640 9
6640 3875 1
3875 4952 2
4952 3265 8
3370 2556 1
2556 6170 1
6170 1810 1
1810 2367 1
2367 5117 1
5117 5923 4
5923 5491 1
5491 3265 1
304 6384 2
6384 4406 1
4406 6640 1
3525 4025 1
4025 3265 1
3265 4225 1
4225 1810 1
5185 3527 8
3527 5593 1
5593 3031 2
1976 3127 4
3127 5997 2
5997 4077 2
4077 5786 1
5786 1173 1
1173 1961 7
1961 1810 9
1810 1739 1
1739 3265 2
3265 5426 1
5426 441 1
2863 3381 4
3381 3006 1
5370 6470 1
5283 1173 3
1173 6384 1
6384 4624 1
4624 3506 1
3506 1173 1
1173 6121 2
6121 1796 1
1796 4240 2
4240 5997 4
2863 752 9
752 5635 1
1173 907 2
907 3016 1
752 4550 1
4550 6640 1
2501 1399 1
6640 752 1
752 5997 2
5997 1173 5
5997 384 2
384 5639 1
1173 384 1
384 5997 2
5997 907 5
907 1173 4
1173 6031 2
6031 1173 1
752 90 2
5997 3080 1
3080 907 1
1173 2291 1
6640 3080 4
3080 5997 2
1810 5203 1
5203 5185 2
5185 5370 4
5370 3056 1
3056 4954 1
4954 1077 1
1077 907 1
907 618 1
618 1961 5
312 5639 2
328 6388 1
6388 248 1
248 90 1
1173 6388 1
6388 312 1
3525 5700 1
5700 1952 1
1952 90 1
1173 3031 9
3031 664 7
664 3081 1
3081 3018 1
2863 4573 2
4573 90 2
1173 317 11
317 3035 1
3307 3031 1
352 1952 2
1952 2616 6
2616 5641 4
5641 317 2
317 4139 5
4139 651 4
651 2692 1
2692 5911 1
5911 2889 1
1810 3860 1
3860 136 1
136 5103 1
5103 5639 2
328 5799 1
1173 1083 3
1083 5708 1
5708 1810 1
1810 4795 1
4795 418 1
418 3884 1
3884 6024 1
6024 1104 5
1104 1961 3
1961 2533 1
328 956 1
956 5185 1
5185 5249 1
5249 2535 1
2535 1338 2
1338 6640 1
6386 4573 1
4573 2556 1
2556 2889 1
2889 3031 3
3031 596 1
596 1260 2
1260 5805 1
5805 234 1
234 5744 1
5744 6503 1
1130 2629 1
6627 2535 1
3266 3381 2
3381 3065 1
3065 2863 2
90 5635 4
1173 3265 4
3265 6384 3
6384 2889 2
2889 1 5
1173 1090 1
1810 5392 4
5392 2863 1
3265 3736 1
3736 96 1
96 3182 3
3182 3736 1
3736 1173 1
1173 309 1
309 1952 1
5005 6386 1
6386 458 1
458 6452 1
6452 6652 1
1810 6207 1
6207 2258 1
2258 1090 1
2629 4502 1
4502 3227 1
3227 2545 1
2545 2783 1
2783 5799 1
409 3050 6
3050 1173 1
1173 4424 1
4424 4614 1
5964 1810 2
1810 618 12
317 6561 1
6561 6438 1
6438 6287 2
6287 2545 1
2545 1096 1
1096 1810 1
1810 2601 2
2601 5223 1
5223 2629 1
2629 3566 14
3566 956 1
6503 907 2
907 6044 1
3267 1403 2
1403 4150 1
4150 2501 1
2501 6039 1
6039 1173 1
1173 3525 2
3525 3279 1
3279 6243 1
6243 6628 1
6628 355 1
355 90 1
90 907 2
907 1343 1
5805 312 1
6384 5805 1
5805 2568 1
2568 5805 1
5805 411 1
411 2437 1
2437 90 1
907 90 3
1173 1258 7
312 4614 1
5964 6417 1
4568 3801 1
3801 416 4
416 1173 1
1173 732 2
1822 5964 1
3941 515 1
5005 4201 1
1130 1399 2
1399 1947 1
1947 3677 1
3677 5875 1
5875 3732 1
5355 2707 1
2707 5450 1
5450 1399 1
1399 6149 1
6149 6652 1
6652 5875 2
5875 1229 1
1229 6456 1
6456 6384 1
409 963 1
1197 6628 1
6628 6418 1
6418 3721 1
3721 2187 2
3348 4138 1
4138 5208 1
5208 3015 1
3015 5355 1
5355 3334 1
2237 1173 1
1173 6061 1
6061 2629 1
526 2497 1
3190 6627 1
312 3721 2
3721 1173 8
1173 273 1
526 2910 1
2910 455 1
5570 3050 1
3050 312 1
312 6531 1
6531 1173 1
1173 5881 4
5881 6531 1
6531 1810 2
1810 4203 6
4203 1343 1
1343 4638 1
4638 409 1
3050 2911 1
2911 6389 1
6389 2629 1
312 2545 6
2545 6456 1
6456 2187 6
2187 4358 1
4358 5160 5
5160 6333 3
6333 5416 1
5416 1816 1
1816 1810 1
3671 3031 1
3750 90 1
1173 1386 2
1386 3721 1
3721 4366 1
4366 1952 1
1952 3362 2
3362 1961 1
5678 1173 2
1173 2765 1
2765 2256 1
2256 5103 1
6333 1810 1
3300 273 2
317 6380 2
6380 526 1
526 1255 1
1255 3728 1
3728 1173 1
1173 351 1
3362 1810 4
708 3014 1
6112 2501 1
2501 1197 1
1197 828 1
828 132 1
5367 2243 1
2243 2720 1
3265 6096 4
6096 769 1
769 2629 2
1173 3941 1
2333 2863 1
1430 236 1
236 1874 1
1874 1134 4
3721 2629 4
2187 1401 3
1401 6333 1
6333 317 3
3265 6539 1
6539 312 1
312 5967 1
5967 1810 2
1810 5752 1
5752 5573 1
5573 1810 2
312 1228 1
1228 1810 1
651 6024 3
3006 2626 1
2626 3006 1
3006 6358 1
6358 90 1
312 5338 1
5338 317 2
2333 5997 1
5997 5397 1
1961 3549 1
4752 2133 1
2133 1810 1
1173 1343 4
1343 90 1
90 2432 1
2432 907 1
907 5844 1
5844 3267 2
1899 3265 1
5834 1173 1
1083 3566 1
3566 464 1
464 1848 1
1848 2276 1
2276 317 1
651 2523 2
2616 4616 1
4616 3558 1
3558 4720 1
4720 1810 1
1810 3297 1
3297 2957 1
2957 2629 1
1774 1173 1
6627 4302 1
4302 1239 2
1239 1173 1
1173 574 1
574 1796 1
1796 2545 1
2545 4466 1
4466 3265 3
956 2772 1
2772 6503 1
6503 2930 4
2930 863 1
863 5297 1
5297 4138 1
4138 1571 1
1571 5500 1
5500 5799 1
6627 4464 2
4464 2982 3
2982 3265 1
1399 6174 1
6174 6456 1
6456 6024 4
312 5185 2
5185 6169 1
6169 5875 1
6627 2679 3
2679 3285 1
3285 3265 1
3265 4754 1
4754 1202 1
1202 616 1
616 5500 1
5500 1880 1
1880 3267 3
3267 3650 1
3650 4780 1
4780 1810 2
1810 5881 3
5881 6174 1
6174 4754 1
4754 5801 1
5801 3016 1
2863 1409 1
1409 1346 1
1346 956 2
6628 2863 1
384 4203 1
6441 1874 1
5103 4754 1
4754 1810 1
3006 4795 2
4795 2863 3
2863 6122 1
6122 1 1
6640 5208 1
5208 1346 1
1346 2863 2
2863 5770 1
5770 2543 1
2543 1822 1
6628 4466 1
1810 4902 1
4902 5397 1
5397 3031 1
3031 1085 3
1085 2863 4
708 1 1
1796 4253 1
708 6640 1
6503 5757 1
5757 5893 1
5893 1352 1
4452 1810 1
6640 5593 7
1173 2984 4
2984 2342 3
2342 6384 1
6384 4466 1
4466 4464 1
4464 5765 1
5765 2629 1
3381 6124 1
6124 2434 1
2434 1077 1
2863 3060 4
3060 1952 1
1952 6503 9
5997 1796 5
6503 1952 1
4423 5765 1
5765 359 1
359 5997 1
5997 1426 2
1426 2863 5
5641 3122 1
3122 3370 1
3370 5765 1
5765 5270 1
5270 5765 1
5765 4521 1
4521 3207 1
3207 96 1
705 4466 1
4466 640 1
640 1399 2
1399 6024 2
5997 563 3
563 1052 4
1052 1810 1
1810 5074 4
5074 5875 1
312 215 4
215 6627 1
6384 4417 1
4417 1399 1
5997 90 1
90 1810 4
1810 2983 1
2983 1810 1
1734 236 1
236 1459 1
1459 5875 1
5875 441 1
2629 562 1
5997 3060 1
3060 2935 1
2935 3854 1
3854 1810 1
5765 4423 1
4423 5117 1
5117 5323 1
5323 1 1
1 6024 7
1052 1173 1
1173 1739 1
5997 5591 3
5591 4812 1
4812 5997 11
5997 5117 3
1173 2545 1
2545 562 1
562 2629 1
1052 5799 1
5997 215 1
215 2984 1
2984 3031 2
215 1810 2
3300 5323 1
215 6024 1
1173 6126 2
6126 4795 1
312 6492 1
6492 1260 2
1260 6492 1
1260 3031 2
1173 4735 1
4735 3267 1
317 3123 2
3123 1810 1
1810 4569 1
4569 317 1
317 1976 8
1426 3123 1
3123 1173 1
1173 2266 2
2266 2163 1
2163 907 1
907 1449 1
1449 2163 1
2163 939 1
939 5639 1
1173 1159 1
1159 1260 3
1260 4648 1
4648 2629 1
2629 5639 5
5639 233 1
233 3019 1
3019 2886 1
2886 2163 1
2163 2187 1
2187 6470 1
6470 5951 2
1139 1847 1
5826 1159 1
1260 4632 1
4632 2984 2
2984 2863 10
708 5893 1
5893 1124 2
1124 1173 1
1173 4577 1
4577 6580 1
6580 1810 1
1810 6351 1
6351 1469 1
1469 3207 2
1810 1159 2
1159 6421 10
6421 1798 1
1798 6024 2
5997 3356 1
3356 4774 1
4774 1260 6
6421 6503 1
5997 3300 6
3267 4734 1
4734 317 1
3123 1077 1
1077 5997 1
1796 907 3
907 2889 1
2889 5103 4
5103 1149 1
1149 3036 2
3036 3056 1
3056 618 9
618 6628 3
2889 3337 1
3337 68 1
68 1810 1
1956 2889 1
2889 2187 10
2187 4461 1
4461 3265 2
3265 3207 1
1260 317 8
2132 961 3
961 4020 1
4020 6489 1
6489 708 1
2889 3736 1
1810 4461 3
4461 5185 1
5185 1140 6
1140 3031 4
3031 3023 8
2863 4020 4
4020 3207 1
3207 5893 4
5893 1173 2
1173 4020 2
4020 2545 2
2545 4203 1
1173 3154 1
3154 6402 1
6402 2889 2
2889 6503 1
5117 1497 1
1497 5805 1
1426 68 1
68 6402 1
2889 1927 1
1927 359 1
359 2629 2
1097 68 1
68 1140 1
1140 2863 5
2863 6349 1
6349 304 4
3265 3080 3
3080 1173 1
1173 1469 3
1469 4774 1
1260 1096 1
1096 317 2
961 5954 3
4774 939 1
1173 3399 1
3399 5185 2
5185 4774 1
68 3732 2
3732 1173 1
1173 5018 4
5018 6215 1
6215 317 1
317 1134 4
1134 6628 1
6628 5954 1
1260 2863 2
2863 1240 1
1240 2132 1
961 3207 1
3207 2889 2
2889 3732 3
3732 1879 4
1879 212 1
212 786 1
786 4199 1
4199 3370 1
3370 5185 2
5185 1003 2
1003 1822 1
1822 5005 2
5005 2545 1
2545 258 1
258 6417 1
6417 3721 1
2266 708 1
6627 1145 2
6503 212 1
212 2591 1
4020 1140 2
1140 1469 1
1469 6628 5
6628 3721 4
3721 5954 1
1822 68 1
3732 3245 1
3245 961 1
961 3051 1
3051 3721 1
3721 6628 1
312 6149 1
6149 1 1
1327 6287 5
6287 6401 1
6401 2889 1
2889 5283 2
5283 2616 6
2616 6503 8
6503 68 1
68 2388 1
2388 1810 2
4020 3006 1
3006 1047 2
1047 5799 1
5799 3018 1
2616 1810 32
461 5185 1
1140 1 3
5201 5103 1
5103 1159 1
6421 1173 1
1173 5563 2
5563 1173 2
1173 6386 3
6386 2093 1
2093 2266 1
3031 3051 1
3265 6061 3
6061 5514 1
5514 6503 2
1258 3399 2
3399 3267 3
3267 5639 1
2889 320 1
320 2187 1
939 6503 2
3265 1753 1
1753 321 1
321 3330 1
3330 5799 1
5799 618 1
317 5514 6
5514 312 1
312 5283 2
1140 320 1
320 1810 2
1810 4312 2
4312 3265 1
3265 4932 1
4932 3267 1
312 5767 5
5767 320 1
320 458 1
458 1159 1
6421 3941 1
317 6427 2
6427 1 1
1 5810 3
5810 3576 1
3576 956 1
1399 1079 1
1079 90 1
90 5875 1
5875 1079 1
1079 1004 1
1004 1810 1
6627 536 1
536 5674 1
5674 5875 1
5875 1401 2
1401 317 2
317 1159 5
1159 4795 1
4795 236 2
236 5639 1
5639 320 1
1810 3399 4
3399 6628 1
6628 1159 1
6421 3030 1
3030 4201 1
4201 5250 1
5250 1810 1
1425 6503 2
6503 1822 1
6627 769 2
769 3056 2
3056 1810 4
1426 1822 1
769 1173 2
1173 5034 1
3023 907 1
1173 5799 5
3356 96 1
96 5185 1
5185 1159 2
6421 5997 1
5997 4020 1
4020 5675 1
5675 5283 1
5283 3576 1
3576 5675 1
5675 1173 1
304 4786 1
4786 387 1
387 6388 1
304 5185 1
6421 3056 1
3056 1173 1
87 4795 1
4795 6024 2
1052 708 1
4783 5997 1
312 216 2
216 386 1
386 1173 1
6121 1810 3
1810 5844 7
5844 215 1
215 1173 1
5844 5117 1
5208 1003 1
1003 1399 1
4020 596 1
1260 2187 1
2187 1469 1
6640 1079 1
1079 5875 1
5875 1173 2
1173 3023 2
236 1810 5
2863 2679 5
2679 1735 1
1735 1893 1
1893 1404 1
4795 441 1
3207 2499 1
2499 2187 1
3424 317 4
651 2556 1
2556 4571 1
4571 3732 1
3732 3362 2
3362 2616 2
2616 4736 1
4736 317 5
317 4748 12
4748 1810 2
5323 1242 1
1242 1202 8
1202 6627 3
2501 1762 1
1762 2629 3
5243 3362 1
3362 535 1
535 1227 1
1227 2243 1
2243 6377 1
6377 6343 1
6343 5525 1
5525 843 1
843 433 1
433 2629 1
5971 5799 1
3265 2243 1
2243 3901 1
3901 4106 1
1073 2119 1
2119 2277 1
2277 2629 1
2629 397 2
397 6377 2
6377 2616 1
2616 3424 2
317 5288 1
5288 4342 1
4342 234 1
234 3678 1
3678 317 1
3266 5182 1
5182 2591 1
2591 4034 1
4034 1097 1
5951 2124 1
2591 5679 1
5679 317 3
3266 866 1
866 317 1
409 5060 1
5060 1810 1
5799 5810 1
312 4691 1
4691 1173 1
1258 1762 1
1762 6261 1
5208 2044 1
2044 6389 1
2863 6166 2
6166 2618 1
2618 419 1
419 2012 1
2012 2629 1
5805 843 1
843 3031 1
2616 5594 4
5594 2858 3
2858 2371 6
1810 3628 1
708 2858 6
2858 423 3
423 5786 1
5786 5875 2
5875 317 2
304 2254 4
2254 4411 1
4411 2629 5
1762 373 1
373 5595 1
5595 1810 1
1810 96 9
96 5450 1
5450 2616 1
2707 304 1
304 3018 1
3018 4514 1
4514 1426 2
1426 2809 1
2809 3265 1
3265 4722 1
4722 4302 1
1239 1810 1
1810 2991 1
2991 6640 1
6386 6505 3
6505 708 1
423 4632 1
4632 1946 1
1946 2616 1
2616 388 6
388 2695 1
2695 1810 2
1810 4517 1
4517 2371 1
3732 544 1
544 205 1
1952 2858 8
2858 5288 1
5288 748 1
748 708 1
2858 3918 1
5594 3267 3
3678 2371 1
2371 2616 3
2616 5340 1
5340 317 1
317 112 1
2499 3801 2
3801 1073 1
1073 380 1
380 4201 1
4201 3333 1
3333 6117 1
6117 5448 1
5448 2972 1
2972 5085 1
5085 1488 1
1488 6117 2
6117 5444 1
4467 1009 1
1009 3075 1
3075 509 1
509 2080 1
2080 2616 1
2616 4871 1
4871 2629 2
1774 3205 1
3205 3349 1
3349 423 1
423 2616 1
2616 6192 1
6192 317 1
317 936 1
936 3678 1
3678 5323 1
5323 2867 1
2867 3971 1
3971 5245 1
5245 6014 1
6014 5995 1
5995 1681 1
1681 2564 2
2564 1527 1
1527 1040 2
1040 4722 1
4722 5283 1
5283 4276 1
4276 3850 1
3850 1036 1
1036 6640 1
2863 471 9
471 1239 1
1239 2352 4
2352 5081 2
5081 2867 1
2867 312 1
312 5244 1
5244 1810 1
205 1145 1
1145 1959 2
1959 3257 1
3257 3579 1
3579 4358 1
1956 4117 1
4117 413 1
413 1145 1
1145 4253 1
2030 397 1
397 1774 1
1774 1959 1
6503 619 1
619 3267 1
708 691 1
691 2154 1
2154 336 1
336 2237 1
2237 654 1
654 5000 1
5000 1810 2
1810 2239 1
2239 317 1
317 1980 1
1980 114 1
114 1810 1
1810 650 1
650 5607 1
5607 6627 1
6627 6346 1
6346 1810 1
1810 6000 1
6000 5152 1
5152 3328 1
3328 2564 1
2564 3317 2
3317 2629 2
2629 1090 1
1090 4669 1
4669 409 1
3249 672 1
6627 3300 1
3300 2823 1
2823 934 1
934 3050 1
5398 3178 1
3178 4905 1
4905 1040 2
1040 5928 1
5928 5103 1
5103 1978 1
1978 1195 1
1195 2337 1
2337 5298 1
5298 5103 1
1046 4738 1
4738 244 1
244 1961 1
1961 6385 1
6385 1762 1
6640 4786 3
2616 2802 6
2802 5805 1
5805 4531 1
4531 3607 1
3607 6640 1
1404 5085 1
5085 1077 1
1077 997 1
997 2332 1
2332 5925 1
5925 1399 1
1399 59 9
59 2863 1
2863 5639 2
2863 306 6
306 304 1
304 5997 6
1762 5263 1
5997 5844 2
5844 2559 1
2559 1810 1
1810 6380 1
6380 317 1
2333 4722 1
4722 657 1
657 1796 1
1796 2085 2
2085 312 4
312 1239 1
1239 6126 1
6126 1159 1
1159 1139 1
1139 526 1
526 708 1
708 4369 1
4369 1077 1
1077 4369 1
4369 317 1
2720 5005 1
5005 769 1
1822 132 1
132 317 5
2972 2501 1
2501 3362 1
3362 3532 1
3532 3801 1
526 1139 2
1139 2616 11
2616 4888 1
4888 3732 1
3362 317 1
2333 312 2
312 6515 3
6515 4690 1
4690 1083 1
1083 317 2
317 5875 13
5875 651 7
651 2085 6
2085 5500 1
5500 1446 1
1446 1810 1
1810 3549 1
3549 4637 1
4637 2475 1
1145 2616 1
2616 1885 1
1885 2837 1
2837 2629 1
5805 2450 1
2450 1186 1
1186 487 1
487 3633 1
3633 2475 1
1810 1526 1
1526 2616 1
2616 1288 2
1288 6503 2
312 3768 1
3768 1810 1
1810 726 1
726 1327 1
1327 2766 1
2766 2629 1
705 5639 1
5639 5144 1
5144 3589 1
3589 5263 1
5263 2231 1
2231 121 1
121 1786 1
1786 6473 1
6473 1810 1
1327 1451 1
1451 1810 1
1961 526 1
526 2863 1
2863 5550 1
5550 6126 1
6126 3239 1
3239 5951 1
1139 3267 1
3267 3370 1
3370 968 1
968 5202 1
5805 5084 1
5084 6503 1
3267 2553 2
312 255 1
255 5074 1
5074 2616 1
2616 2734 1
2734 2231 1
2231 1810 1
1810 123 1
123 3732 1
5005 3300 1
3300 3728 1
3728 1145 1
1145 4795 1
4795 2616 2
2616 786 1
786 6443 1
6443 3721 1
3721 5536 1
5536 1822 2
1822 374 1
374 5891 1
5891 1398 1
1398 258 1
258 3721 1
4253 1102 1
1102 6343 1
6343 6572 1
6572 1810 1
1810 3239 1
3239 4769 2
4769 6343 1
1194 3207 1
5370 6627 4
6384 5498 1
5498 3721 1
5594 3265 1
3801 380 1
380 317 1
317 4991 1
4991 6503 1
3265 2616 3
2616 4395 1
4395 1139 1
2616 246 2
246 3946 1
3946 2629 1
1822 3050 1
3050 3605 1
3605 5123 1
5123 4944 1
4944 464 1
464 2616 3
2616 3728 7
3728 1265 1
1265 2820 1
2820 1149 1
1149 1265 1
1265 4885 1
4885 2616 3
2616 5218 1
1426 3872 1
1810 1520 4
1520 317 5
3236 3031 3
1404 5841 1
5841 1810 1
2591 4821 1
4821 4271 1
4271 4388 1
4388 2858 2
1952 3718 1
3718 1265 5
1265 2616 1
2616 5018 7
5018 5851 1
5851 1425 2
1425 4944 1
4944 2085 1
2085 4943 1
4943 2616 1
2616 1520 1
317 2124 14
1810 6060 2
6060 5810 1
5810 2226 1
2226 5662 1
5662 1097 1
1097 5639 2
5639 4589 1
4589 5716 1
5716 1810 1
1810 2545 3
2545 1327 1
1327 4809 1
4809 2629 1
3977 423 1
6078 2322 2
2322 6509 1
6509 4232 1
2629 6457 1
6457 6325 1
6325 3031 1
6546 6618 1
6618 2254 1
5810 2223 1
2223 1173 1
1173 3379 1
3379 2863 3
312 1173 4
5560 3265 2
3265 386 2
386 6174 1
6174 3346 1
3346 1762 3
1762 907 2
907 6640 2
1810 4150 4
4150 3265 1
3265 554 1
1265 2661 1
2661 2669 1
2669 2322 1
2322 6456 2
1810 4566 6
4566 5799 1
1810 1401 2
1401 2628 1
2628 3265 1
3265 4670 1
4670 5570 1
3265 6174 4
6174 6126 1
6126 1081 3
1081 1258 1
312 1139 1
1139 6489 1
6489 2695 1
2695 1820 1
1820 5786 1
5786 907 1
907 5893 2
5893 2863 3
2863 5420 1
3265 5693 9
1343 5420 1
3265 1173 5
1173 4439 1
4439 3265 1
3265 1966 1
1966 2394 1
2394 6389 1
6389 2591 1
2591 6627 6
1130 5799 2
312 3518 1
3518 942 1
942 2629 4
2629 3960 2
3960 3732 1
3977 312 2
312 4809 1
4809 5639 1
5639 1680 2
1680 2024 1
2024 2475 1
2475 3267 2
3267 325 1
325 297 1
297 1862 1
1862 529 1
529 1097 1
1097 6531 2
6531 5740 1
5740 2448 1
2448 5649 1
5649 312 1
312 4924 1
4924 939 1
939 2686 1
2686 1810 2
1810 5027 1
5027 3207 1
312 1606 1
1606 6080 1
6080 5993 1
1426 490 1
490 1060 1
1060 5279 1
5279 1439 1
1439 3710 2
3710 2972 1
2972 6631 1
6631 1439 1
1439 5503 1
5503 6584 1
1810 2091 1
2091 2600 1
2600 3201 1
3201 2629 1
325 4619 1
4619 2600 1
2600 6584 1
6584 5101 1
5101 5103 3
5103 4799 3
4799 5047 1
5047 5993 1
1426 5679 1
5679 6462 1
6462 5103 1
5103 3119 1
3119 3669 1
3669 3732 1
3732 317 1
2937 2863 1
3023 4125 1
4125 3732 1
469 6503 2
6503 1458 1
1458 6627 1
6627 1265 2
1265 3954 1
3954 3265 1
3265 633 1
633 2863 1
6248 1727 1
1727 409 1
409 2616 3
2616 5438 3
5438 423 1
2371 1343 1
651 2616 4
708 4395 1
4395 4201 1
4201 1404 2
1404 1727 1
1727 5639 1
1445 6333 1
6333 2281 1
2281 3037 3
3037 96 1
96 6471 1
6471 5467 1
5467 3032 1
3032 5304 1
5304 3038 1
3038 2972 1
2972 3582 1
3582 5116 1
5116 5168 2
5168 1445 1
1445 3881 1
3881 6331 1
6331 1445 1
6446 5635 1
5635 4870 1
4870 3205 1
3205 2513 1
2513 5103 1
5103 1814 1
1814 285 1
285 3022 1
3022 2781 1
2781 597 1
597 1810 1
1810 3040 1
3040 4201 1
1404 2570 1
2570 2972 1
2972 902 1
902 5891 1
5891 2333 1
2333 5103 1
5103 2216 1
2216 2252 1
2252 5639 1
5639 313 1
313 6580 1
6580 5451 1
5451 3534 1
3534 3828 1
3828 1810 1
3558 5311 1
5311 5103 1
5103 2325 1
2325 3031 1
3031 96 1
96 5011 1
5011 2173 1
2173 5283 2
2616 3147 1
3147 409 1
409 1265 5
1265 3801 1
1404 2707 1
2707 5330 1
5330 5639 1
5639 3119 1
3119 5430 1
5430 1810 1
1810 1149 1
3036 2187 1
2187 3213 1
3213 312 1
5367 1195 1
1195 1197 1
1810 2172 1
2172 1197 1
1197 1173 5
1 713 1
713 3036 1
3036 5316 1
5316 3006 1
3006 1899 1
1899 2616 1
2863 2802 3
2802 6011 1
6011 2668 1
2668 215 1
215 1217 1
1217 2616 1
1269 1399 1
1399 4971 1
4971 5586 1
5586 2616 1
5759 2591 1
312 632 1
632 1228 1
1228 2475 1
5836 5467 1
5467 4943 1
4943 1 1
2616 3442 1
3442 1227 1
1227 1085 1
1085 3370 3
3370 3362 1
1173 6505 3
6505 3265 13
3265 2340 1
2629 1201 5
1201 2371 2
1810 3970 1
3970 3265 1
5639 3205 1
3205 6505 1
2863 6061 6
6061 1810 2
2591 1271 1
1271 6503 1
6503 464 1
464 85 1
85 2889 19
2889 6640 4
6640 6230 1
6230 1026 1
1026 1952 2
2858 3362 2
2863 693 1
693 2616 1
2616 187 2
187 388 1
3678 4138 1
6387 3786 1
3786 3065 1
3065 2858 1
2858 4432 2
4432 1810 4
6640 1497 1
1497 312 1
312 5013 1
5013 3065 2
3065 2494 2
2494 2187 1
2187 2616 5
2802 317 2
317 3718 4
1265 3031 2
6386 681 1
681 3065 1
2982 2956 1
2956 3960 1
3960 956 1
3265 6442 1
6442 267 1
3732 5160 1
1810 6642 1
6642 6456 1
6456 6460 1
6460 3960 1
3960 2530 1
2530 2322 1
2322 317 4
2551 6627 2
6627 4972 1
4972 3944 1
3944 6640 4
6640 4886 1
4886 1810 1
2863 1521 2
1521 236 1
236 3065 1
3065 6043 1
6043 3031 1
3031 5836 3
5836 2863 4
2863 2484 4
2484 2863 1
3649 2380 1
966 2669 1
2669 5836 1
5836 2254 1
2254 6044 2
6044 6627 1
6627 6456 3
1810 1197 5
1197 6503 5
2616 3594 1
3594 708 1
708 5639 1
5639 2394 1
1810 3710 2
3710 2707 1
2707 2616 3
317 4870 1
4870 3827 1
3827 3207 1
3207 5635 1
5635 3553 1
3553 2802 1
2802 1743 1
1743 594 1
594 1260 2
1260 5241 1
5241 1173 1
6503 3553 1
3553 6627 1
6627 390 1
390 312 1
312 2194 1
2194 5799 1
1961 1399 2
304 1458 2
1458 5923 2
1265 1796 1
1796 3065 1
3065 6628 2
1140 5875 1
5875 4885 2
4885 3267 2
3267 304 3
6627 3553 1
3553 4456 1
4456 390 1
390 6043 1
6043 6456 1
6456 3031 3
3300 2863 1
1734 4585 1
4585 4824 1
4824 618 1
618 1173 1
5997 6057 1
2494 1810 1
1810 5958 1
5958 1785 1
1785 6580 5
6580 4464 1
2982 2085 1
4461 2893 1
2893 1785 1
6580 5997 1
5997 2224 2
6627 4461 2
4461 2616 3
2616 236 3
236 2982 1
2982 1810 1
1426 1976 1
2616 2982 2
2982 2616 1
2802 594 1
409 6628 6
6628 6357 1
6357 1430 1
6640 6505 1
6505 5103 1
5103 2616 6
2616 5388 1
5388 1956 1
1139 5805 1
5805 2982 1
2982 1173 2
1173 6627 6
1404 3023 1
2863 1798 4
1798 2521 1
907 6627 2
6627 5034 1
1798 1404 1
1404 4903 1
4903 5416 1
5416 4423 1
4423 87 3
87 682 1
682 1173 1
87 1810 1
637 4423 1
4423 956 1
956 2616 3
2616 3065 1
6627 317 4
317 712 1
712 1 1
1 317 3
317 4771 1
4771 4138 1
4138 3075 5
3075 2616 1
6377 1810 1
1810 3975 1
3975 2858 1
2858 5968 1
5968 352 1
2616 2996 1
2996 5789 1
5789 6640 1
3736 317 3
3678 1469 1
1469 3035 2
3035 1633 1
1633 1810 1
4358 716 1
716 2834 1
2629 1024 1
1024 1786 7
1786 6640 2
6640 5993 5
6044 3266 2
3266 3550 1
3550 1709 1
1709 5154 1
5154 3266 1
3266 1961 4
1961 1449 1
1449 1810 3
4006 317 3
317 3036 2
3036 6024 3
6024 1177 1
1177 4166 1
4166 6640 2
6387 1926 1
1926 3265 1
4149 2669 2
3267 2291 1
2291 4201 1
1343 3920 1
3920 3065 2
3065 1786 1
2085 418 3
418 2616 1
2616 4486 2
1173 4986 1
4986 2629 2
5185 3205 1
3205 3265 1
3265 6122 1
6122 5120 1
5120 6043 1
6043 6640 1
6640 1786 1
1786 1173 1
5103 578 1
578 668 1
668 1810 5
3591 6503 1
2616 6061 5
6061 4358 1
5160 1556 1
5168 312 1
312 1786 1
1786 1011 1
1011 6122 1
6122 1404 1
3266 1 5
1173 5760 1
5760 3500 1
3500 299 1
1810 4159 2
4159 5641 1
5641 6015 1
6015 1822 2
1822 3266 2
3266 529 1
529 1173 1
312 243 1
243 1810 1
1810 1786 1
4768 317 1
409 486 2
486 312 1
312 2133 1
2133 3207 1
3207 6640 2
705 4999 2
4999 1796 1
6503 903 2
903 3347 1
3347 2628 1
2628 1786 1
1786 5989 1
5989 2963 1
2963 4477 1
4477 3266 1
3266 5120 1
5120 1871 1
1871 5119 1
5119 1 1
939 966 1
966 1491 1
4537 6627 2
6627 1173 2
1173 367 2
367 6640 5
6640 3479 1
3479 1786 1
1786 966 1
966 1810 15
272 3266 1
1 2094 1
2094 5103 1
5103 1786 1
1786 5448 1
5448 1810 1
1554 3265 1
3265 2274 1
2274 1785 1
1785 2626 1
2626 6640 2
6640 1916 2
1916 3265 2
3265 4426 2
4426 3265 1
3265 5777 2
5777 1554 1
1554 1786 1
1786 1810 5
4050 5801 1
312 5448 1
5448 1025 1
1025 5103 1
5103 1785 1
1785 6351 1
6351 1810 3
1810 4388 2
4388 3267 1
1952 2057 1
2057 5074 1
5074 5799 1
5881 4046 1
4046 3370 1
3370 6154 1
6154 1709 1
6640 4199 2
4199 732 1
732 570 1
570 1810 2
272 1327 1
1327 1786 1
1786 317 1
317 2276 4
312 1796 4
6640 4526 1
4526 6627 1
6627 2982 1
1173 6015 1
6015 1077 1
1077 6015 1
1822 299 1
299 5928 1
5928 4999 1
4999 1822 1
1822 5047 1
5047 3732 1
651 3265 3
3265 665 1
665 1810 1
1810 4710 1
4710 5103 1
5103 550 1
550 1961 1
1961 140 2
140 2629 1
2085 4521 1
4521 317 2
5208 5875 2
5875 3300 2
3300 4431 1
299 5720 1
5720 3265 1
5693 4942 1
4942 1077 1
409 3036 3
3036 5881 1
5881 2720 1
2720 529 1
529 4596 1
4596 5185 1
5185 1125 1
1125 1810 1
1173 5556 1
5556 3031 1
708 5802 5
5802 6640 1
6640 4317 1
4317 304 1
304 6505 2
6640 6155 2
6155 1786 1
1786 6460 1
6460 2756 1
4763 1961 2
1961 3409 2
3409 6489 1
6489 1139 2
1810 6489 1
6489 3050 1
3050 4614 1
4614 1173 1
4166 1709 1
1709 3298 1
3298 5641 1
5641 4058 1
4058 5550 1
5550 1810 1
3265 691 2
691 1768 1
1768 5103 1
4099 6640 2
6640 1096 2
1096 5208 4
5208 2076 1
2076 3016 1
2863 1308 1
1202 1785 1
1785 6582 1
6582 6121 1
6121 2833 1
2833 6640 1
6640 5692 2
5692 1139 1
1139 4692 1
4692 1469 1
1469 1139 1
1810 5005 1
5005 554 1
554 3135 1
5185 132 1
132 2616 1
5448 6580 1
6580 5103 2
5103 3207 6
3207 2231 1
2231 2848 1
2848 3265 1
2629 236 3
236 5088 1
5088 2252 1
2252 2707 1
1810 1488 1
6117 2629 1
2629 2252 1
2252 4078 1
4078 3197 1
3197 5508 1
5508 5060 1
5103 6456 2
6456 6561 1
6561 6343 1
317 1106 1
1106 6340 1
6340 401 1
401 2133 1
2133 2616 1
2591 856 1
856 2629 2
132 5805 1
5805 1041 1
1041 5799 1
3266 5642 1
5642 304 1
526 618 1
618 2616 6
2616 5263 2
1810 5851 2
3942 3266 1
2863 6171 1
6171 1202 1
5410 317 2
3266 1434 1
1434 2616 1
2802 2472 1
2472 4729 2
4729 1978 1
1978 2236 1
2236 2126 1
2126 1810 1
1810 2550 1
2550 705 1
705 1334 1
1334 2085 1
2616 4877 1
4877 2126 1
2126 5907 1
5907 5875 1
5875 2802 1
2937 2037 1
2037 1173 1
3266 1081 1
1081 4547 1
4547 317 2
317 5085 1
5085 5799 1
1961 6248 1
6248 1706 1
1706 1810 1
1810 4296 1
317 6540 1
6540 6627 1
312 5123 2
5123 234 1
234 5085 1
5085 2187 1
2187 2085 1
2085 2343 1
2343 780 1
780 317 1
317 2536 2
2536 5316 1
5316 304 2
1469 3266 5
3266 1096 1
5810 6628 1
6628 5085 1
5085 4573 1
4573 3732 1
3732 6340 1
6340 2626 1
2626 6024 1
3266 127 1
127 1961 1
1961 5437 1
3525 494 1
494 3339 1
3339 317 1
317 1420 1
1420 460 1
460 2629 1
6287 6640 2
691 317 2
317 3525 1
1057 2822 1
1810 6505 1
6505 2935 1
2935 4819 1
4819 5018 1
5018 3905 1
3905 1469 3
1469 5005 1
4150 6503 3
5810 1132 2
1132 1173 2
1173 3215 1
3215 2556 1
3705 5893 1
5893 4153 1
4153 5576 1
5576 1238 1
1238 5842 1
5842 1 1
1 923 1
923 312 1
312 3361 2
3361 1709 1
2905 312 1
6640 1197 1
1197 6627 7
6627 4745 1
4745 3204 1
3204 1119 1
1119 606 1
606 2707 1
1265 1439 1
1810 6584 1
6584 6640 2
6628 1817 1
1817 5881 1
5881 4064 1
4064 2616 1
2616 6147 1
6147 3207 1
1822 3710 1
3710 6640 1
6640 1702 1
1702 3732 1
3732 2105 1
2105 6591 1
6591 1810 1
1810 2677 1
2677 3710 1
3710 1173 3
1173 1695 1
1695 6640 1
3265 5257 1
5257 2629 1
5570 1810 4
769 3432 1
3432 2629 1
6640 2780 1
2780 5639 1
5639 2008 1
2008 5103 1
5103 3197 1
3197 3121 1
3121 5564 1
5564 1810 1
1810 1514 1
1514 3265 1
3801 3806 1
3806 2355 1
2355 2556 2
2556 1822 1
1822 5805 1
5805 4759 1
4759 6045 1
6045 4253 1
5476 2930 1
312 4821 1
4821 1173 1
1173 6057 2
6503 3018 3
317 2529 6
2529 2863 2
6640 6135 5
6135 1083 1
1083 1810 1
4358 1199 1
1199 5160 1
5160 6417 1
6640 4692 1
4692 317 1
6627 2947 1
2947 1197 1
6640 2790 1
2790 6505 1
6505 4090 1
4090 1952 1
1810 1952 6
1952 416 5
416 6126 1
1227 5446 1
5446 3321 1
3321 5103 2
1173 1613 1
6503 4230 1
4230 6024 1
2863 5805 1
5805 1961 2
6024 1119 1
1119 1077 1
1404 618 1
618 6503 9
2930 3843 1
3843 6631 1
6631 6505 1
6505 1691 1
1691 5074 1
5074 317 3
2022 6591 1
6591 6640 1
6640 4466 1
5370 1952 1
1952 5146 1
5146 1810 1
769 977 1
6384 2085 2
989 2526 1
2526 4503 1
1810 4525 3
4525 1952 8
132 2894 1
3370 5923 1
903 2856 1
2856 3591 1
3591 1265 1
1265 317 2
3207 2308 1
2308 317 1
2187 1081 1
1081 6126 1
6126 3018 2
2863 1459 2
1459 5163 1
5163 3189 1
312 2420 1
2420 6135 1
6135 2254 2
5810 4129 1
4129 6640 1
6640 3831 1
3831 1952 3
1952 3236 4
3236 1440 1
1440 961 1
961 5525 1
5525 5263 1
5263 3605 1
3605 5116 1
1810 880 1
880 6522 1
6522 2355 1
2355 3266 3
6640 2916 1
2916 3524 1
3524 6627 1
312 4409 1
4409 5799 1
6417 2522 1
317 3254 2
3254 2863 1
6628 1440 2
1440 312 3
312 6520 1
6520 1197 1
312 234 2
234 5765 1
5765 6024 1
1355 1728 1
1728 4358 1
4358 2618 1
2618 6503 2
2591 6135 1
6135 1810 1
1810 5760 2
6126 4904 1
4904 317 1
5185 4319 1
4319 2915 1
2915 1426 1
1426 246 1
3000 1810 3
1810 4514 4
4514 1399 1
1399 6628 2
1440 4547 1
989 5893 2
5893 1097 3
1139 5875 2
5875 1810 6
5805 5386 3
5386 3266 1
6126 1796 4
708 3034 1
3034 2432 1
2432 992 1
992 1810 3
2591 1096 1
708 2943 2
2943 5146 1
5146 6640 1
6640 4178 1
4178 317 1
1104 5828 1
5828 5018 1
5018 2863 1
2863 1489 1
1489 6503 1
6640 1119 1
1119 554 1
554 5283 1
5283 1440 1
6640 554 2
554 5250 1
5250 6640 1
5250 3266 1
3266 3180 1
3180 6640 1
966 1202 1
1202 3036 1
3036 2432 1
2432 200 1
200 929 1
929 1810 1
5593 1961 2
5997 1753 4
1753 5126 1
5126 479 1
479 903 1
903 5997 4
5997 1459 2
1459 1762 2
989 2984 2
317 1067 2
1067 317 1
317 5228 2
5228 2522 1
2522 3486 6
3486 6640 2
1139 1820 1
1820 3677 1
3677 1810 1
5844 6124 1
6124 6256 1
1810 4568 1
4568 4885 1
4885 3854 1
3854 6640 2
5997 1096 1
1096 6449 1
6449 3904 3
3904 2984 1
2863 969 1
969 1469 1
1469 1097 3
6640 2723 1
2723 2629 1
3207 6321 1
6321 3490 1
3490 6640 1
1810 1649 1
1649 2556 1
2556 2440 2
2440 2322 1
2322 233 1
233 1140 1
2616 2984 3
2984 1810 3
3941 5283 1
6627 2556 2
2556 1380 5
1380 3 1
3 2607 1
2607 2440 1
2440 5283 1
2629 395 2
395 2132 2
2132 989 3
989 6640 2
3016 1762 1
1762 2863 5
1 722 7
1380 2984 1
1762 409 1
409 1097 1
1097 2897 4
2897 1810 3
1404 3018 2
1796 1202 1
1202 395 1
989 4748 1
4748 2863 1
2863 205 1
205 6384 1
6384 3356 1
3356 6024 3
6640 3048 1
3048 5448 1
5448 6584 3
6584 2984 1
2984 184 1
184 3381 1
5893 2528 1
2528 3406 1
3406 6640 2
246 5842 1
5842 3031 1
3266 5283 2
6503 3006 3
2863 4735 2
4735 6640 1
3207 6503 1
5323 4423 1
4423 3266 1
3266 2599 3
2599 1810 4
1810 4556 1
4556 6640 2
6438 6470 1
6470 4014 1
4014 3265 1
1762 4201 1
5641 4954 3
4954 4537 1
4537 5185 2
5185 2599 1
4537 409 1
409 5185 2
5185 5043 1
5043 3266 1
3266 5519 1
5519 6503 2
6503 4902 3
4902 3267 1
6503 1959 1
1959 3267 1
3267 5201 3
5201 938 2
938 3614 1
3614 5786 1
5786 6384 1
6384 304 5
3267 3346 1
5639 2501 1
2501 3266 1
3266 228 2
228 96 3
6182 5799 1
2851 6126 1
6126 3894 1
3894 6503 1
6503 5881 1
5881 5201 1
938 1567 1
1567 1952 2
317 2674 3
2674 6135 1
6135 1964 1
1964 3034 1
3034 3031 1
618 4167 1
4167 5013 1
5013 3266 1
3266 4198 1
4198 3732 1
3732 389 1
389 5078 1
5078 1810 1
3266 1522 1
1522 3065 2
1810 3065 5
3065 6039 1
6039 6640 1
6640 4312 1
4312 3266 1
228 5316 1
5316 1357 1
1357 6076 1
6076 3266 1
3266 4952 1
4952 3065 3
3065 5895 4
5490 3065 1
2802 6561 1
5999 1260 8
3266 6251 1
6251 3267 1
3267 4296 1
1159 3065 1
1469 5493 1
5493 1810 1
1810 1976 1
1976 5493 2
5493 6640 1
6640 5117 19
5117 1810 5
2720 1242 1
1202 2556 3
2556 6039 1
6039 1077 1
5459 6044 1
6044 907 2
6328 5593 1
5593 6656 1
6656 6627 1
6627 6039 1
6039 956 1
956 1810 2
1067 3031 1
1796 2254 2
2254 6040 1
6040 6627 1
1810 1762 1
1762 2918 1
2918 2543 1
2543 1289 1
1289 304 1
304 1096 2
1096 1716 1
1716 6505 1
6505 6135 1
6044 3856 1
3856 6503 1
5626 6328 3
6328 5117 1
5117 6627 2
6627 5201 6
5201 1077 1
1077 2984 1
2984 312 2
2591 5436 1
5436 4253 1
312 6056 3
6056 317 1
6627 6628 1
6628 3726 1
3726 1810 3
312 205 1
1952 489 1
489 1077 1
1077 4201 1
4201 1852 1
1852 2542 1
2542 1810 1
1810 1648 1
1648 317 1
6627 5136 1
5136 2889 2
1879 1173 1
1961 1173 2
3031 359 3
359 3265 3
6640 524 1
524 5585 1
5585 5517 1
2573 3031 1
1810 5576 2
5576 4585 1
4585 1077 1
1077 6628 1
6628 2889 4
2889 6031 2
5923 5123 1
5123 3050 1
3050 2085 3
2085 6044 1
6328 1469 1
1469 3935 1
3935 3265 1
3080 2667 1
2667 5955 1
5955 1260 2
1260 1469 3
1469 5626 1
6328 5881 1
5881 2701 1
2701 2667 1
2667 1106 1
1106 1260 1
1260 3265 1
3265 359 1
359 5117 1
5117 4423 1
4423 6288 1
6288 4138 1
4138 6039 1
6039 317 1
708 4952 4
4952 4537 1
6627 1 3
4201 1961 1
1961 3006 5
3006 317 6
6460 2863 2
305 1392 1
3566 508 1
409 1899 1
1899 5834 1
5834 6043 1
6043 5780 1
5780 3031 1
3031 672 1
1469 5836 2
5836 5218 1
1426 1945 1
1945 1822 1
418 6350 1
6350 3265 1
3265 6505 4
6505 452 1
452 2629 1
2629 489 1
489 3265 1
3265 6121 3
1810 5355 5
5355 4673 3
4673 1 1
1139 5641 1
5641 1830 1
1830 6503 1
6503 5136 1
4139 4795 4
4795 464 1
464 3265 4
1159 6438 4
6438 416 4
317 3050 1
3050 6039 1
6039 5879 1
5879 3857 1
3857 3577 1
3577 2629 1
2629 2889 2
1139 3300 1
3300 4273 1
4273 317 2
989 5626 1
6328 1810 2
5103 5295 1
5295 5941 1
5941 6024 1
6001 1140 1
1140 2629 3
2629 3935 1
3935 6031 1
6031 2889 1
2889 5735 1
5735 1096 1
1097 1260 4
1426 416 3
416 5626 1
4763 1810 2
1810 303 1
303 3732 1
6162 5103 1
5103 1966 1
1966 1097 1
1097 6537 1
6537 5103 1
3267 1426 2
1810 5341 1
989 5103 4
4099 3265 1
3018 3008 1
3008 2863 5
464 1077 1
1077 3018 1
3018 3732 1
3732 2937 1
2937 1810 1
2863 5344 1
5344 708 1
708 3300 2
3300 4241 1
4241 6056 1
6056 6503 2
5117 6145 1
6145 2438 1
2438 1 1
1 956 1
3065 1980 1
1980 6040 1
6040 5893 1
5893 6505 2
6505 3378 1
3378 928 1
6503 6044 1
6044 5185 1
5185 5780 1
5780 3265 1
3265 4020 1
4020 3265 1
3265 1137 1
1137 96 1
705 6010 1
6010 618 1
618 6121 1
6121 2888 1
2888 5799 1
5799 2888 1
2888 1399 1
1399 4902 1
4902 961 1
2863 6641 2
6641 5786 1
5786 708 1
708 3118 3
3118 359 1
359 6161 1
6161 3015 1
3015 2984 1
4355 1486 1
1486 1137 1
1137 907 1
907 1970 1
1970 2888 1
2888 1798 1
1798 2889 1
2889 3650 1
3650 3856 1
3856 3065 1
708 1077 1
1077 3265 3
5323 3940 1
5879 708 1
708 6136 1
6136 1961 1
1961 4812 2
4812 1469 1
3267 1401 3
1401 3791 1
3791 57 1
5997 939 4
939 1119 2
1119 5955 1
1260 2629 2
3977 2863 2
2863 325 1
325 1085 1
1085 3265 2
6031 2863 1
6627 2543 1
2543 956 2
956 1077 2
6640 5875 2
1426 1343 1
1343 1139 1
1139 1097 1
1097 5923 2
5923 2695 6
2695 6640 1
6640 4825 1
4825 5103 1
5103 1097 1
1097 5633 1
5633 2599 1
1810 1436 3
1436 2187 1
2187 1459 2
1459 2957 1
2957 3267 1
3267 2475 1
4700 4954 1
6503 1168 1
3362 2629 1
5005 2941 1
2941 6503 1
5810 3018 1
1459 1 1
6640 966 1
966 1096 1
1096 2629 1
2629 3481 1
3481 6503 1
1139 464 1
464 5810 2
5810 1366 1
1366 3370 1
3370 2184 1
2184 1810 2
2254 1796 3
1796 2591 1
312 5812 1
5812 1810 1
1810 5338 1
5338 95 1
95 2889 2
4099 640 1
6640 236 3
464 1363 1
312 2889 2
2889 6126 1
6126 6138 1
6138 3495 1
3495 3031 1
664 3018 1
3018 3065 2
5283 3006 2
5018 3854 1
3854 534 1
534 2556 1
2556 2599 2
2599 3265 1
3265 6120 2
6120 2629 1
1139 3732 1
3732 1134 3
3207 4533 1
4533 1810 1
5893 5211 2
5211 388 1
4952 1810 2
6386 3941 2
3941 5211 1
5211 6661 1
6661 5103 1
1810 3165 1
3165 409 1
409 3362 1
5263 5928 1
5928 2629 1
2629 997 1
997 6081 1
6081 1810 1
317 5425 2
5425 2863 1
2556 5074 4
5074 2720 1
458 1814 1
1814 2322 1
2851 345 1
345 317 1
3266 3022 1
3022 3031 1
3031 5074 3
5074 2556 1
2556 5269 1
5269 1325 1
1325 1810 1
2591 4077 1
4077 3022 1
3022 317 3
317 6311 2
6311 1814 1
1814 352 1
352 1440 1
1440 3650 1
3650 4823 1
4823 6640 1
6640 441 2
6061 6503 16
3266 4501 1
1810 6525 1
6525 6166 1
6166 6640 1
6640 3434 1
3434 317 1
5678 1814 1
1814 1810 1
1810 3022 2
3022 1810 2
6503 5693 1
5693 1564 1
1564 3266 1
3266 4951 1
4951 1077 1
1961 312 5
2863 1566 1
1566 5955 1
5955 1261 1
1261 6640 1
6640 6626 1
6626 2282 1
1140 618 1
618 304 1
304 2556 1
2440 1 1
6503 330 2
330 2599 1
2599 5211 1
5211 5453 1
5453 3941 1
2629 3936 2
3936 4885 1
2679 5201 1
5201 5218 1
5218 1871 1
1871 5476 1
1130 3942 1
989 6505 3
6505 4839 1
4839 2371 3
1343 317 1
317 3998 2
3998 3267 1
3267 3468 3
3468 2629 13
3362 2863 3
2863 6384 5
6384 2342 2
1403 1139 1
1139 470 2
470 57 1
939 3031 1
359 1810 4
1810 2889 4
2889 1139 1
470 2984 1
2984 1873 1
1873 3051 1
3051 6112 1
6112 409 1
409 4545 1
4545 317 3
1810 1696 1
1696 2889 1
2889 646 1
646 6024 1
6024 2184 1
2184 2085 1
3265 5576 1
5576 5560 2
5560 1077 1
1077 2133 2
2863 3892 7
3892 1440 1
1440 3300 1
3300 5103 3
5103 2422 2
2422 441 1
5641 2863 1
3732 5208 3
5208 2935 1
2935 3789 4
3789 3266 1
3266 5593 1
5593 3300 1
3300 1961 1
1753 6640 2
6640 1491 4
1491 2429 1
2429 2623 1
2623 479 1
479 6640 1
6640 352 2
352 683 1
683 6503 1
6503 5436 1
5436 6640 3
6640 2697 1
2697 5208 2
5208 5126 1
5126 1871 1
1871 1983 1
1983 1880 1
1880 1810 1
5425 6640 2
5411 3847 1
3847 928 2
928 1952 3
1952 1223 1
1223 2556 1
2556 3503 1
3503 1440 1
1440 2573 1
4585 4501 1
6640 3524 1
3524 3516 1
3516 1967 1
1967 5513 1
5513 2720 1
2720 3266 4
3266 4566 1
4566 1961 2
6627 1360 1
1360 4902 1
4902 5997 1
279 2698 1
2698 5126 1
5126 5467 1
5467 386 2
386 6024 1
6640 1097 1
1097 1879 1
1879 5129 1
5129 479 1
479 5126 1
5126 3591 1
3591 2254 1
2254 1753 1
6640 5126 1
5126 2254 1
2254 2623 1
2623 57 1
57 5799 1
5799 1077 2
1077 3266 1
3266 1689 1
1689 6640 1
6640 2935 1
2935 6250 2
6250 3031 2
664 1430 1
1430 5327 1
5327 6048 1
6048 3486 3
3486 3852 1
3852 3931 1
3931 1 1
1 6375 1
6375 2556 1
2556 3300 2
3300 4467 3
4467 1415 1
2629 3724 1
3724 651 1
651 1810 2
1810 5990 1
5990 3065 1
4902 312 1
6384 3266 1
3266 3907 1
3907 6503 1
317 2308 1
2308 6024 1
3266 2550 1
2550 2246 1
2246 2187 1
2187 1154 1
1154 6376 1
6376 1762 1
1762 3207 2
5370 3300 1
4467 228 1
96 6100 1
6100 5799 1
6640 5477 1
5477 6250 1
6250 1 1
1 2246 3
2246 1126 1
1126 5875 1
1134 838 1
838 2580 1
2580 1822 1
1822 6606 1
6606 6375 1
6375 5283 1
3266 657 1
657 3801 1
5074 6507 1
6507 6014 1
6014 6505 1
6505 270 1
4611 5824 1
5824 1880 1
2863 1079 5
1079 3266 1
3266 3959 1
3959 3266 1
3943 6640 2
6640 2274 1
2274 5173 2
5173 2187 1
3266 868 1
868 270 1
270 1227 1
1227 2366 1
2366 3031 2
1952 2982 3
2982 3732 1
3732 3266 4
3266 5370 1
5370 2676 1
2676 3770 1
3770 5208 2
5208 5074 2
5844 2863 4
2591 270 1
270 640 1
640 3266 1
3266 664 1
664 4096 1
4096 272 1
272 5173 1
5173 317 1
3207 2246 1
2246 4358 1
5386 3031 1
3031 5269 1
5269 4620 1
4620 1810 1
1810 670 1
670 3370 2
230 317 1
5074 5879 1
5879 3266 2
3266 4092 1
4092 6640 2
6640 4096 1
4096 317 1
5359 4795 1
6640 4332 1
409 6387 1
6387 6048 1
3486 1202 2
1202 534 1
534 3266 1
2599 3031 1
2863 3943 1
3943 460 1
460 1 1
1 458 1
458 5173 1
5173 1810 2
5799 6349 1
6349 3591 1
3591 851 1
851 2246 1
2246 6503 1
5923 1396 1
1396 6192 1
6192 3036 1
3036 6375 1
6375 4226 1
4226 2556 1
2556 6093 1
6503 5359 2
5359 2246 1
2246 390 1
390 4939 1
4939 5103 1
5103 1455 1
1455 3266 1
3266 3847 2
3847 5103 1
5103 3977 1
3977 5173 1
4461 2587 1
2587 6553 1
6553 2187 1
312 4050 1
4050 3266 1
3266 4853 1
4853 6640 1
6640 4983 1
4983 5074 2
5074 3266 3
3266 2677 1
2677 2629 1
3267 6553 1
6553 1810 1
4585 5185 2
5185 5059 1
5059 3065 1
3065 2599 1
2599 2863 1
2863 4595 2
4595 2246 1
2246 5283 1
5283 3272 1
3272 353 1
353 5173 1
5173 2629 1
2105 6505 1
6505 1874 1
1874 3265 1
3266 272 1
272 2274 1
5173 6640 2
6640 4714 1
4714 2629 5
2105 2187 1
308 5200 1
5200 6505 1
2863 797 1
797 3266 1
3266 3786 1
3786 1404 1
1404 5103 3
352 3353 2
3353 1810 5
1810 942 1
942 317 2
317 6212 2
6212 2629 2
5283 3448 1
3448 2863 2
2863 643 1
643 3062 1
3062 4420 1
4420 1961 1
1961 5826 1
5826 2820 1
2820 1879 1
1879 6503 1
5799 5805 1
1753 317 1
5117 1134 9
1134 4585 1
4585 3266 1
4006 6640 2
5074 2629 4
2629 3717 1
3717 3056 1
3056 956 1
956 170 1
170 1871 1
1871 5923 2
5923 1871 1
1871 2591 1
2591 212 1
212 6640 1
6640 1722 1
1722 1961 1
1961 2350 1
2350 1810 1
6503 5283 5
5283 2720 1
6640 1642 1
1642 4702 1
4702 2998 1
2998 5416 1
2669 90 2
90 1119 3
1119 1399 1
6640 722 15
722 317 4
317 6008 1
6008 5799 1
3023 5263 1
5263 5576 1
5576 6640 1
5201 5997 1
5997 3023 3
1352 1810 1
2863 1271 1
1271 2629 1
2629 5997 5
5997 5283 10
5893 4276 1
4276 2254 1
5997 5389 2
5389 6640 4
2863 4807 2
4807 1810 1
1404 4050 1
4050 5997 3
1810 2556 4
2599 5881 1
5881 4050 1
5997 1399 1
1399 6386 1
5997 390 4
390 5136 1
5136 3839 1
3839 359 1
359 5799 1
6071 3031 1
87 1191 1
1191 5103 1
5997 386 1
386 1444 1
1444 3138 1
3138 6374 1
6374 1810 2
2863 754 2
754 386 1
386 4954 1
5997 5893 2
5893 312 1
312 6179 1
6179 1810 1
956 4276 2
6640 5319 1
5319 1810 1
6503 3000 1
3000 236 1
236 1816 1
1816 2122 1
2122 1810 1
6384 317 3
409 5489 1
5489 1399 1
1399 3266 2
3266 5203 1
5185 3079 1
3079 1810 1
6640 1709 1
6640 4952 8
6503 2460 2
2460 1810 3
1810 3409 1
2556 6174 1
6174 6503 1
458 1952 2
5208 2556 2
3277 5639 1
5639 6322 3
6322 1459 1
317 5954 1
5954 2522 1
5799 1351 1
1351 3138 1
1810 2581 1
2581 968 1
968 6503 1
5018 95 1
95 606 1
606 3265 1
3265 5985 1
5985 3437 1
3437 6640 1
6640 5723 2
5723 3710 1
3710 3265 1
3265 1315 1
1315 1810 1
4748 1820 1
1 1139 3
1139 4718 1
4718 1810 1
1810 5558 2
5558 6358 1
6358 1810 3
1810 2626 1
458 5103 4
5208 349 1
349 1810 1
3694 6627 1
6627 409 2
409 1288 1
1288 2 1
2 2607 1
2607 2556 1
1380 4885 1
4885 458 1
458 2556 5
2556 5678 1
1810 1746 1
1746 6640 1
3370 5635 1
5635 6322 1
6322 4271 1
4423 5786 2
5786 317 2
317 1001 1
1001 1191 1
1191 1077 1
2863 1001 1
1001 6627 1
6627 5233 1
5233 3697 1
3697 1001 1
1001 1469 1
1469 1159 1
1159 2522 1
3486 336 1
336 3732 5
5005 2254 1
6627 1001 1
1001 1077 1
1077 3207 1
2187 3773 1
3773 6640 1
6640 4903 1
4903 6288 3
6288 317 2
2333 3265 1
5283 2085 2
2085 1242 1
1202 3621 1
3621 3753 1
3753 2768 1
2768 1810 2
1810 6470 6
6470 6438 2
6438 312 2
317 1012 2
1012 386 1
386 3265 1
312 4763 3
3265 4137 1
4137 5997 1
317 3136 1
3136 5678 1
5678 1077 1
1077 1959 1
1959 3265 2
312 3801 1
3801 6368 1
6368 1077 1
1077 5844 2
5844 6121 1
6121 3023 2
2863 3819 3
3819 6640 1
5218 4736 1
1952 6287 1
6287 312 1
1012 5810 1
246 3854 1
3854 2528 2
2528 6640 1
6640 4398 2
4398 5997 1
5997 6449 1
3904 2629 1
1288 3266 1
3266 308 1
308 4398 1
4398 6640 2
6640 1594 1
1594 1 1
5593 5283 1
6640 2439 1
2439 1961 1
1961 3844 1
3844 2322 1
1774 2163 1
2163 1540 1
1540 1871 1
1871 3612 1
3612 5893 1
5893 3381 1
3381 2863 1
2863 1549 1
1549 1540 1
1540 1 1
1 2398 2
2398 3610 1
3610 3036 1
3036 5103 1
2187 5678 1
5678 1145 1
1145 236 1
236 409 5
409 3131 1
3131 2589 1
2589 5103 1
5103 5210 2
5210 1 1
2085 4769 1
4769 2163 1
2163 3575 1
3575 508 1
508 3540 1
3540 3207 1
3207 4397 1
4397 5875 1
5875 5316 1
5316 1822 1
1401 5934 1
5934 3134 1
3134 966 1
3207 5678 3
708 4769 1
4769 6385 1
6640 384 2
317 1144 1
1144 1 1
3300 6640 2
6640 2582 1
2582 4723 1
4723 1 1
1426 1753 1
1753 5997 1
2629 5117 5
1134 1181 2
1181 3696 1
3696 3056 1
6385 4045 1
4045 5185 1
1879 1181 1
1181 1810 3
2863 2702 3
2702 5208 1
5208 15 1
15 1 1
4201 1182 1
1182 2085 1
2085 5997 4
5997 3940 1
3946 1440 1
6627 2790 1
2790 2601 1
2601 1404 1
1404 640 1
640 5997 1
2591 2689 1
2689 1 2
1440 3016 1
3016 1810 2
1810 4045 1
4045 1191 1
1191 2085 1
2085 345 1
345 3022 1
317 1814 2
1814 5875 1
5875 1150 1
1150 1814 1
1814 2217 1
2217 1810 1
3022 4578 1
4578 317 1
6311 1 1
2863 2746 1
2746 5799 1
5799 1130 2
1130 5893 1
5893 2601 1
2601 1810 1
1810 1956 2
1956 2432 1
2432 1119 1
1119 4069 1
4069 2254 1
5997 464 4
5997 5464 1
5464 6311 1
6311 2629 1
2629 3022 1
312 270 1
270 6461 1
6461 317 1
317 2246 1
2246 1871 1
1871 317 2
317 6507 1
6507 1327 2
1327 5875 1
5875 5621 1
5621 2629 1
2629 6434 1
6434 1810 1
5074 3843 1
3843 1961 1
2553 875 1
875 2669 1
2669 3717 1
3717 1077 1
1077 5624 1
5624 4620 1
4620 6343 1
6343 2629 2
2629 6561 1
6561 1871 1
2629 5228 2
5228 1961 1
1961 1119 1
1119 3031 1
3031 3016 1
2863 270 2
270 3370 1
3370 2057 1
2057 1810 1
1810 2378 1
2378 1961 1
1961 2437 1
2437 1810 2
1810 1651 1
1651 1404 1
1404 2085 1
2085 1119 1
1119 2364 1
2364 6507 1
6507 317 2
317 2105 1
2105 5875 1
5875 3267 2
3267 4833 1
4833 3267 1
3267 1 6
2863 5255 1
5255 1961 1
6627 1130 1
1130 5997 1
5997 2085 1
2085 2364 1
2364 5173 1
1426 1229 3
5997 2438 1
2438 2085 2
6386 346 1
346 3022 1
1814 1 1
1 4141 1
4141 5826 1
5826 4177 1
4177 3246 1
3246 6029 1
6029 6640 1
6627 3056 3
3056 5844 6
5844 95 2
95 1952 4
5826 1380 3
1380 5130 1
5130 3696 1
3696 1810 1
5997 4055 3
4055 6530 1
6530 4052 1
4052 5875 1
5875 4137 1
4137 1469 3
1469 2535 1
2535 6634 1
6634 2392 1
2392 5799 1
6640 1753 2
1753 1810 1
6503 2591 2
2591 1151 2
1151 708 1
651 133 1
133 1288 1
1288 1 2
4055 4692 1
4692 1762 1
1762 1404 1
5875 1727 1
5208 6522 1
6522 1810 1
1810 81 1
81 1288 1
1288 1762 1
1762 3525 2
3525 1989 1
1989 1810 1
5997 4123 1
4123 4105 1
4105 5208 1
3036 3942 1
3942 1207 1
1207 1202 7
1202 1001 1
1001 4604 1
4604 132 1
132 3239 1
4769 2507 1
2507 6640 1
6640 3753 2
5923 6151 1
6151 2501 1
903 312 4
312 5594 4
2371 668 1
312 5803 1
5803 4636 1
4636 351 1
351 132 6
132 1202 1
2501 4678 1
4678 2187 1
2187 3732 1
3732 2556 1
2556 4991 1
4991 2322 1
2322 3362 1
6640 3614 1
3614 5005 1
5005 4079 1
4079 6584 1
272 6573 1
6573 312 1
2863 3061 4
3061 352 1
6243 220 1
6438 5641 1
5770 6126 1
3209 4525 1
2863 5855 5
5855 3006 4
3006 2527 8
2527 2629 3
2629 3407 1
3407 6389 1
5693 6256 1
6256 6640 1
2501 2556 1
2556 4334 1
4334 5635 1
5635 167 1
167 1810 1
1810 4817 1
4817 5810 1
5810 236 1
236 2184 1
2184 4201 1
312 5266 1
5266 4083 1
2858 6035 1
6035 2629 1
2629 5288 1
5288 827 1
6640 4053 1
4053 1952 1
1952 3678 1
1810 2707 2
2707 5810 1
5810 1173 1
1173 5558 1
5558 5514 1
5514 4277 1
4277 6640 1
6640 2223 3
2223 3265 2
1173 689 1
689 1469 1
1469 2616 7
2616 3791 1
3791 1173 1
1810 3023 6
2863 5593 2
5693 1927 1
1927 1810 1
1810 5733 1
5733 4467 1
4779 317 2
2466 2616 1
2616 3658 1
3658 708 1
2858 1208 2
1208 2629 2
3721 1654 1
1654 317 1
317 1812 1
1812 2184 1
6024 3678 1
3678 2616 1
2616 4214 1
4214 5218 1
3347 3006 1
3207 1903 1
1903 6640 1
5185 6455 1
6455 3509 1
3509 2935 1
2935 3370 1
3370 132 5
132 6505 3
6505 6030 4
6030 2984 1
2342 1976 2
1976 2371 1
2371 3740 1
3740 3031 1
3031 1399 7
304 3266 5
312 5875 1
5875 4821 1
4821 6507 1
317 5842 7
5842 2863 1
3015 544 4
544 2616 1
2616 3491 1
3491 3721 1
3721 3370 2
1810 5870 4
5870 4083 1
4083 317 4
132 2523 1
2863 4646 3
4646 3006 3
5370 312 2
3239 6438 2
6438 3050 1
2616 2720 1
2720 2526 1
2526 3362 1
3362 3721 1
3721 3812 1
3812 6124 1
6124 2470 1
2470 317 1
304 4272 1
4272 1962 1
1962 2371 1
5018 272 2
272 6628 1
3721 3644 2
3644 317 1
317 6455 1
6455 4388 1
4388 3922 1
3922 1810 2
4159 1026 1
1872 1399 1
5923 6456 4
6456 1126 1
1126 3468 1
3362 5875 1
3267 4332 1
409 2749 1
2556 2184 2
1810 4579 1
4579 5810 1
5810 409 1
3050 3821 1
3821 1173 1
317 705 6
5386 3267 1
2863 3785 1
3785 1469 2
2616 1 4
1399 1083 1
1083 2556 1
2184 2863 1
2863 3102 2
3102 3267 1
3267 5875 2
5875 6627 2
2556 484 2
484 6640 1
6640 1211 1
1211 5624 1
5624 3267 1
3267 2689 2
2689 2085 1
2085 2629 2
610 3944 1
3944 1676 1
1676 2616 2
132 6024 1
6024 1872 1
1872 317 1
301 1810 1
1810 5340 1
5340 2858 1
2858 3721 14
3721 317 5
2377 132 1
132 5103 1
5103 5678 3
5678 2537 1
2537 312 1
312 985 1
985 2629 1
2629 2858 9
2858 1426 1
1426 5678 1
5678 3970 1
3970 1322 1
1322 2333 1
2333 6417 1
2616 5870 1
5870 4614 1
317 6151 1
6151 2499 3
1961 2523 1
5863 5726 1
5726 2371 1
1810 3721 3
1961 240 1
240 5103 1
5103 5863 1
5863 3566 1
3566 2767 1
2767 336 1
4952 1173 3
1173 4537 3
4537 2556 1
2556 721 1
721 229 1
229 5103 1
5923 1440 1
1440 1173 1
3266 1258 2
312 6353 1
6353 160 1
160 1810 1
3266 5117 3
5117 459 1
459 2364 1
2364 2616 1
2616 3370 2
3266 2616 2
2863 6236 1
6236 304 1
304 5799 5
5799 2316 2
2316 1961 1
3370 2601 1
2601 3266 1
304 5263 1
1810 2017 1
2017 3210 1
3210 2184 1
2184 2984 1
2984 5785 5
5785 3266 1
3266 1727 1
1727 304 1
5208 5450 1
5450 3506 1
2863 4153 1
4153 2599 1
2599 458 1
458 5450 1
5450 5593 1
6640 1173 7
6503 3272 1
3272 390 1
390 1096 1
1096 2601 1
2601 6628 1
6628 5472 1
5472 1810 1
312 1617 1
1617 1297 1
1297 5450 1
5450 1810 4
1810 6224 1
6224 1319 1
1319 651 1
651 1880 1
1880 2616 1
2863 5263 1
304 5993 1
5993 3540 1
3540 2477 1
2477 317 1
317 6559 1
6559 2522 1
2522 3370 2
989 2085 1
5648 2616 3
2616 3359 3
3359 850 1
850 966 1
966 1822 1
1822 6447 1
6447 2277 1
1810 3181 1
3181 2237 1
2237 5564 1
5564 5257 1
5257 5103 1
5103 222 1
222 3006 1
3006 1357 5
1357 1173 1
458 2972 1
2972 395 1
395 1295 1
1295 5103 1
1810 4174 1
4174 5349 1
5349 6536 1
6536 6505 1
1746 2616 1
1810 2858 5
1208 3370 1
3370 2955 1
2955 2629 1
5117 3721 1
3721 3801 2
3801 2648 5
2648 3265 1
3265 5201 1
1822 1870 1
1870 2813 1
2813 4253 1
4253 2629 1
2629 6343 1
6343 843 1
843 1810 1
1810 5805 5
3127 2858 1
423 2863 1
2863 1601 1
1601 526 1
526 2085 1
2085 2523 2
2523 4692 1
4692 3566 1
3566 4160 1
4160 6536 1
6536 2616 1
2616 6261 1
6261 1822 1
1822 930 1
930 3003 1
5036 3523 1
3523 2629 1
2187 1810 2
2591 4820 1
3189 2863 1
2616 1613 7
1613 1709 1
2616 1525 1
1525 1404 1
1404 1635 1
1635 406 1
406 2629 1
2629 5386 1
1399 5639 1
5639 5374 1
5374 705 1
705 4795 5
4795 2085 2
2085 341 1
341 3946 1
3946 3566 1
3566 2616 4
2616 1557 1
1557 6333 1
6333 6505 2
6505 3566 1
3566 2863 4
2863 2800 2
2800 2629 6
2629 2616 7
2863 4205 1
4205 2629 1
2629 713 3
713 3050 3
3050 2616 7
3728 6438 2
6438 5228 1
5228 1871 1
1871 594 1
594 515 1
5863 2616 2
2616 2364 1
5085 228 1
228 3703 1
3703 540 1
540 3721 1
3721 6505 1
6505 4866 1
4866 5514 1
5514 4534 1
4534 312 1
312 163 1
163 5315 1
3732 236 1
236 5869 1
5005 5607 1
5607 106 1
106 3050 1
2629 1754 1
1754 1810 2
2616 1083 2
6387 1044 1
1044 956 1
956 5679 1
5679 6516 1
6516 3787 1
3787 1810 1
2863 5389 8
5389 1956 1
1956 416 1
416 6640 2
6640 5762 1
5762 2629 1
132 6438 2
6438 3239 2
1159 1810 1
1810 3469 1
317 1974 1
1974 2432 1
2432 5221 1
5221 903 1
903 3974 1
3974 708 1
1197 2616 6
2616 2943 1
2943 5115 1
5115 2604 1
2604 5789 1
5789 6503 1
6503 4021 1
4021 1885 1
1885 6640 1
6090 4228 1
4228 2269 1
2269 2863 1
6248 5250 1
2629 2796 1
2796 1810 1
6640 6199 2
6199 3266 1
3266 5103 3
3409 305 1
305 956 1
956 1399 1
1399 4323 1
4323 5386 2
5386 6406 1
6406 6433 1
6433 6406 1
6406 1399 1
3061 5997 1
5997 3265 6
3265 4395 1
4395 5826 1
5826 203 1
203 1 1
1 1213 1
1213 1134 1
1134 96 1
96 2667 1
2667 3016 1
640 5626 1
5626 317 2
409 5386 1
5386 3348 1
3348 6433 1
6433 5208 1
1 957 1
957 6627 1
6627 1197 1
1197 2210 1
2210 5371 1
5371 1885 1
1885 2616 1
2616 6037 1
6037 1984 1
1984 1561 1
1561 531 1
531 4721 1
4721 2187 1
2187 3848 1
3848 5367 1
5367 4903 1
4903 1871 3
1871 2373 1
2373 5367 1
5367 3929 1
3929 2173 1
2616 1460 1
1460 4382 1
4382 6385 1
1810 5766 1
5766 2629 1
2629 4773 1
4773 3050 1
2616 4409 1
4409 2523 1
2523 989 1
989 5233 1
5233 2400 1
2400 3848 1
3848 5694 2
5694 294 1
294 5103 1
2564 1239 1
2352 1961 2
1961 1822 3
1822 357 2
357 2616 1
2616 5595 2
5595 3801 2
2648 3347 1
3347 3721 1
2629 569 6
569 560 1
560 4358 1
4358 198 2
198 2564 2
2564 470 1
470 312 1
312 5289 1
5289 132 1
1810 5919 1
5919 1822 1
5005 3366 1
3366 1992 1
1992 6618 1
6618 1174 1
1174 1589 1
1589 6640 3
6640 4151 1
4151 6503 1
6627 5810 1
5810 5805 3
312 3566 1
3566 2187 2
2187 2800 1
2629 5287 1
5287 1810 1
1810 4800 1
4800 2616 1
2616 2980 1
2980 4714 1
5160 2564 2
2564 2616 3
2591 6662 1
6662 4821 1
4821 3265 1
3265 2175 1
2175 6443 1
6443 395 1
395 3552 1
3552 839 1
839 1822 1
4358 3035 1
3035 688 1
688 2564 2
2564 312 1
312 6662 3
6662 470 1
470 1083 1
1083 5716 1
5716 5679 1
5679 540 2
540 233 1
233 2152 1
2152 2114 1
2114 1083 1
1083 490 1
2629 5571 2
5571 5716 2
5716 5639 1
5639 551 1
551 6584 1
6584 6531 1
6531 3050 1
3050 294 1
294 1036 1
1036 1810 1
6627 3210 1
3210 3674 1
3674 5730 1
5730 2629 1
5005 4596 1
4596 2629 1
6640 5270 1
5270 626 2
626 6640 1
6640 5690 1
5690 1735 1
1735 456 1
456 2629 1
3566 1810 8
1173 4525 1
1952 5730 1
5730 4092 1
1173 3006 2
5482 3265 1
1173 1952 1
6503 1947 1
1947 2629 1
2629 4799 8
4799 5730 11
5730 1173 1
2863 2420 1
2420 6503 1
5997 6015 1
6015 5989 1
5989 1173 1
6386 1874 2
5103 3993 2
3993 5103 1
3993 1077 1
1077 6503 8
5810 1130 3
1130 5677 1
5677 3552 1
3552 2991 1
5997 1343 6
1343 2255 1
2255 5641 1
5641 5024 1
5024 5185 2
5185 6580 1
6580 317 1
3050 4788 1
4788 1097 1
5639 1295 1
1295 1011 1
1011 1956 1
2527 4889 1
4889 652 1
652 1173 1
2863 2708 1
2708 3023 1
3023 548 2
548 1810 1
1810 2573 2
2573 1 1
2475 5837 1
5837 4585 1
4585 6640 2
317 2006 1
2006 2042 3
2042 2616 2
6507 1630 1
1630 1152 1
1152 3561 2
3561 1173 1
2616 5810 1
5810 2706 1
2706 5259 1
5259 3732 1
6421 1469 1
6593 4294 1
4294 5259 1
5259 1173 1
1173 2005 1
2005 3566 2
3566 215 1
6456 3267 4
3267 4019 1
4019 3732 1
3732 6562 1
6562 1260 1
317 2502 2
2502 3267 1
2863 4172 1
4172 1469 1
1469 6419 1
6419 4795 1
4795 3267 4
3267 6503 5
493 3941 1
3941 1173 1
1173 1727 1
1727 5169 1
5169 6640 1
4783 2863 7
2863 6250 2
6250 3942 1
2863 3746 1
3746 2629 1
2629 5730 2
5730 5923 1
5490 2863 2
2863 4643 2
4643 304 1
304 5805 2
5805 6112 1
5386 3016 1
3016 3265 3
3265 2697 1
2697 304 1
304 6627 5
6627 914 1
914 4432 1
455 304 1
5730 1083 1
1083 5103 2
5103 3275 1
3275 1197 2
1197 1455 1
1810 6121 2
6121 1961 2
1961 4201 1
4201 6348 1
6348 304 1
3265 5770 1
5770 304 1
304 5208 3
2863 3009 1
3009 6400 1
6400 2117 1
2117 3424 1
3424 3035 1
3035 5160 1
5160 1961 1
6640 1430 3
1430 6505 1
5923 312 10
1173 1404 1
1404 4562 1
4562 5208 1
5208 6509 1
6509 3801 1
2720 5478 1
5478 1613 1
1613 4358 1
1258 4823 1
4823 3196 1
3196 5893 1
5893 2943 1
2943 5370 1
5875 1961 2
5869 2564 1
2564 3300 2
3300 3316 1
3316 4799 1
5730 2616 1
3359 4525 1
4525 1810 3
3721 3552 1
3552 317 1
2501 841 1
841 750 1
750 2669 1
526 2616 3
4084 317 1
5842 3732 1
3732 2716 1
2716 3552 1
3552 1952 1
1952 2006 1
2042 3359 1
3359 3609 1
3609 3036 1
1810 4686 3
4686 625 1
625 5074 1
5074 6505 1
2863 6095 1
6095 3065 1
3065 6507 1
6507 667 1
667 2616 2
2616 1207 2
1202 2426 1
2426 5600 1
5600 317 2
1810 3532 4
3532 3605 1
3605 3423 1
3423 1104 1
1104 2006 1
2042 1961 1
352 3065 2
3065 6123 1
6123 317 1
317 1538 2
1538 2042 1
1613 5160 2
1810 6243 1
6243 5869 1
5869 970 1
970 1173 2
1173 6523 3
2863 6174 3
6174 5103 2
5692 1810 3
1810 6551 4
6640 6187 1
6187 970 2
970 6505 1
6640 5327 2
5327 1820 1
1820 1469 2
6640 3381 3
3381 6385 1
6385 1820 2
1820 1961 1
352 6242 1
6453 3505 1
3505 578 1
578 3347 1
6640 253 1
253 2075 1
752 1327 1
1327 970 1
970 3381 1
3381 1227 1
1227 1044 1
1044 2310 1
2310 1173 1
1173 5849 2
5849 2616 1
2616 1796 2
1796 5826 1
5826 6593 1
6593 5997 1
657 1474 1
1474 4358 1
4358 1135 1
1135 1112 1
1112 1264 1
1264 1810 1
1404 1037 1
1037 752 1
752 2616 2
2616 1399 1
2616 5997 4
2863 6264 1
6264 2629 1
4795 5997 2
2858 5074 2
5074 3838 1
3838 5450 1
5450 1173 1
1173 1945 2
1945 1810 1
1810 390 2
390 6126 1
6126 312 7
312 2629 8
3721 1 3
6640 4798 1
4798 2422 1
2422 5923 1
5490 3006 1
3347 304 2
6627 5800 1
5800 6640 1
6640 5206 1
5206 6640 1
1258 441 1
2629 5875 3
5810 4601 1
4601 6640 1
6640 4084 1
4084 625 1
625 2629 1
6486 317 1
317 6132 1
6132 2156 1
317 2042 3
2042 5810 1
3977 5263 1
5263 5189 1
5189 3732 1
3732 5074 2
1810 3036 3
3036 6456 1
6456 1111 1
1111 1327 1
1327 5679 1
5679 2669 1
3267 3207 1
3207 5103 2
5103 2432 1
2432 6333 1
5074 1327 1
1327 5103 1
5103 3691 1
3691 2187 1
2187 6413 1
6413 4714 1
966 5189 1
5189 1810 2
5218 4504 1
4504 1961 1
1961 165 1
165 5450 1
5450 4298 1
4298 5923 1
5923 2177 1
2177 2629 1
1810 577 1
577 2863 1
6640 170 1
170 4788 1
4788 213 6
213 2629 1
2629 5958 1
5958 2075 1
2075 6640 1
6640 3018 4
5283 317 1
317 3379 2
3379 2629 2
6628 2574 1
2574 6456 1
6333 1781 1
1781 4957 1
4957 2863 1
752 317 1
317 3591 9
3591 4795 4
5283 1938 1
1938 4276 2
4276 2075 1
2075 5997 1
5997 2616 1
2616 1126 3
1126 2863 1
752 1951 1
1951 1961 1
1961 6370 1
6370 1 1
1 359 2
359 1399 1
312 5270 1
5270 3265 1
3265 6145 1
6145 304 1
2616 3066 5
3066 1 1
1 1469 2
6503 4662 1
5799 1765 1
1765 1459 1
1459 5893 1
5893 1469 2
2616 6386 3
6386 4020 1
4020 4457 1
4457 2616 1
2616 3732 2
3732 4283 2
4283 5893 1
6627 1152 1
3561 5997 1
5997 236 2
236 3018 2
312 1037 1
1037 1173 1
5849 3788 1
3788 5696 1
5696 170 1
170 5283 2
5283 6456 1
6333 6503 1
2616 1404 11
3267 539 2
539 1167 1
1167 6640 2
6386 1692 1
1692 6628 1
6628 5450 1
5450 1623 1
1623 2643 1
2643 4812 1
4812 3265 3
3265 6627 8
2863 1688 2
1688 4812 1
2863 1697 1
1697 5928 1
1426 5626 1
5626 899 1
899 3031 1
1430 3265 1
3265 6037 1
6037 1810 1
6640 1401 3
1401 2629 2
5875 5185 1
5185 4526 1
4526 1077 1
1077 192 1
192 5997 1
5997 213 2
213 1469 1
5370 1167 2
1167 3544 2
3544 364 1
364 3267 1
1491 3942 1
3942 1452 1
1452 2322 1
2863 3137 3
3137 517 2
3544 3759 1
3759 6333 1
6333 2629 1
902 1810 3
1810 2068 1
2068 1469 1
5208 170 1
170 3941 1
317 4218 6
4218 4714 1
4714 1952 4
6640 5595 1
5595 6640 1
6640 4159 1
4159 3467 1
3467 317 1
1810 6639 1
6639 317 1
3591 4078 1
4078 2042 1
2042 6505 1
2863 4078 2
4078 3267 1
3267 2629 9
928 6024 1
6024 716 2
716 317 2
2042 2257 1
2257 6640 4
1487 1167 1
1167 3353 1
5283 170 1
170 554 1
554 5786 4
5786 3066 1
3066 2888 2
2888 554 1
554 6640 1
6640 1386 3
6248 666 1
395 2099 1
2099 6640 1
2591 464 2
464 3267 1
3031 6511 2
6511 3267 2
3267 4507 2
4507 3732 1
3732 5270 1
5270 1637 1
1637 529 1
529 6385 1
6385 6503 4
3699 529 1
529 6389 1
1343 3267 2
1613 304 1
304 4203 1
5692 6024 1
1727 1369 2
1369 1077 1
1810 705 5
705 5641 1
304 1465 1
1465 5392 1
5392 5805 1
5805 4824 1
4824 2888 1
2888 4971 1
4971 5870 1
5870 1894 1
1894 1000 1
1000 1810 1
1810 5246 1
5246 170 1
170 6386 1
6386 317 1
5641 6044 1
6044 5850 1
5850 3265 1
1038 752 1
3265 2963 2
2963 752 1
752 1399 1
2616 3472 1
3472 3265 1
1426 6385 1
6385 6627 1
6627 1796 4
1796 1167 1
1167 1961 1
1426 2471 1
2471 4047 1
4047 3265 1
2963 2679 2
2679 4435 1
4435 6640 1
1426 2542 1
2542 5576 1
5576 1613 2
1613 1167 1
1167 6500 1
1426 2000 1
2000 3941 1
1810 4935 1
4935 5103 2
3267 3854 1
2528 170 1
170 1810 2
1810 834 1
834 6640 1
2863 1234 1
1234 4504 1
4504 3265 1
3265 2133 1
2133 6385 1
6385 3031 2
3031 2553 2
2553 6261 1
6261 708 1
708 1134 1
1134 977 1
977 5577 2
5577 96 1
705 5023 1
5023 1739 1
1739 5024 1
5024 2085 1
2085 6627 3
6627 1426 2
1426 5123 6
5123 2553 1
2553 5201 1
5201 1810 6
2863 3808 1
3808 3275 1
3275 4812 1
2863 4283 1
4283 3065 1
3065 2133 1
2133 5893 1
5893 1961 2
5997 6627 8
5201 5392 1
5392 2616 1
2616 3333 2
3333 1404 1
4795 708 1
708 5730 1
5730 6505 2
6505 6503 1
1491 4201 1
4201 3468 1
5594 5810 1
5810 2858 1
1217 1709 1
1709 312 1
312 5576 1
5576 1425 2
1425 2863 1
2863 4604 4
4604 1810 3
1810 1097 5
1097 6438 6
6438 1961 2
1961 6628 1
5639 2393 1
2393 3941 1
1952 1201 3
1399 2858 2
2858 2566 1
2566 6282 1
6282 2254 1
2254 317 2
6627 486 1
486 3265 1
3018 1739 1
5730 3891 1
3891 6640 1
657 4678 1
4678 5923 1
6505 6037 1
6456 2085 1
6627 2553 2
2553 1825 1
1825 6627 1
6627 937 2
937 1810 1
1810 2866 1
2866 1873 1
1873 2866 1
2866 5997 1
5997 4283 1
4283 1 1
1399 3566 1
2863 4204 2
4204 5799 1
5799 5323 1
5323 3056 1
3056 1097 1
6438 2616 3
2591 3854 1
3854 1820 1
1820 3267 1
3468 6640 1
5881 4159 1
4159 732 1
1822 2042 1
2042 3097 1
3097 6380 1
6380 4201 1
4201 1810 1
4084 1952 1
903 2616 4
2616 4525 6
4525 312 1
312 5841 3
5841 1961 1
2551 2863 1
1083 5461 1
5461 5074 1
5074 3605 1
3605 928 2
928 6640 4
1386 5399 2
5399 6551 1
6551 1173 2
1173 509 1
509 3379 1
3379 4145 1
4145 5347 2
5347 5672 1
5672 5327 1
5327 1173 1
2616 2922 2
2922 6370 1
6370 5810 1
5810 6535 1
6535 6040 1
6040 1810 1
4803 5505 1
5505 2616 1
2616 3031 3
3031 3511 1
3511 3267 1
3267 2371 2
1810 3031 1
3031 4735 1
4735 3266 1
5863 5875 1
5875 3207 3
1822 5923 2
5923 2566 2
2566 4424 1
4424 3723 1
3723 1 2
6505 3267 5
708 5960 4
5960 4077 1
4077 317 7
317 6005 8
6005 5327 1
5327 6640 1
6640 3937 1
3937 2371 1
6628 5678 1
5678 3566 1
3566 5997 1
5997 3732 2
3732 1327 2
1327 4201 1
4201 5106 1
5106 5327 1
5327 2629 1
3721 3065 1
3065 1004 1
1004 3721 1
3721 2984 1
2984 3721 2
3721 3456 1
3456 1810 1
6192 1810 1
1810 907 1
907 4632 1
3721 6024 2
1369 3370 2
2863 6201 2
6201 317 3
317 3107 1
3107 3346 1
5730 1077 1
1404 317 3
317 3150 1
3150 4803 1
2863 6599 1
6599 5844 1
5641 2616 1
312 2707 1
2371 1197 1
1197 5117 1
5208 1325 1
5834 2616 1
2616 4541 1
4541 3538 1
3538 3732 1
3732 4285 1
4285 241 1
241 5731 1
5731 1810 3
2616 3944 2
3944 6503 2
6503 4604 1
4604 6417 1
6417 420 1
420 3942 1
3942 2616 5
1202 2161 1
2161 6443 1
6443 3031 1
2371 5016 1
5016 3008 1
1386 1151 1
1151 2629 1
3036 3370 1
5692 5103 1
2863 4420 2
4420 304 1
304 3006 2
2529 6640 1
6640 4188 1
4188 1173 1
1173 625 1
625 6057 1
6057 3265 1
6503 3346 1
5730 5607 1
5607 6628 1
6628 2888 3
2888 2616 1
4783 3779 1
3779 2616 1
4084 1404 1
1404 1090 1
1090 2720 1
2720 2616 2
2616 1304 1
1304 5923 1
5923 6443 1
6443 3552 1
3552 2187 1
6126 1602 1
1602 526 2
3065 4792 1
4792 6640 3
6061 317 2
317 2593 3
2593 6509 1
6509 6531 3
6531 2629 1
312 2371 1
2616 5182 1
5182 444 1
444 3031 2
3031 5894 2
5894 6640 1
6640 1734 1
1734 668 1
1961 540 1
540 6640 1
352 3421 1
3421 1104 1
1104 2042 1
2042 1810 1
1810 4273 1
4273 966 1
966 3207 1
4803 1961 1
1613 6627 2
4662 6517 2
6517 1975 1
1975 3265 1
3265 3753 1
3753 966 2
966 2695 1
6551 6047 1
6047 5997 1
5997 6628 1
4611 6333 1
6333 170 1
170 3265 1
2591 2616 2
2616 752 1
752 2888 2
2888 272 1
2371 1978 1
1978 2511 1
312 1167 1
1167 1709 1
1709 782 1
782 170 1
5881 5600 1
515 3501 1
3501 4702 1
4702 1167 1
1151 1469 3
1469 241 3
241 6640 1
4253 5855 1
5855 5488 1
5488 352 1
352 170 1
5283 3854 1
2935 5997 1
5997 6385 2
6385 3165 1
3165 1998 1
1998 2984 1
2984 1 3
3892 1798 1
6024 2566 1
2566 409 1
3265 1264 1
1264 317 1
2022 5799 1
3941 2695 1
2695 2984 1
3015 4991 1
4991 3348 1
3348 1140 1
1140 1762 1
1762 1820 1
1820 5327 1
5327 1 2
2863 1229 3
1229 3265 1
2616 2629 12
6170 2591 1
4783 1820 1
1820 4803 1
4803 732 1
1810 3736 2
2042 5103 1
2616 273 1
2616 3895 1
3895 1967 1
1967 492 1
492 856 1
856 3037 1
3037 3641 1
3641 1999 1
1999 312 1
312 1134 2
1134 3207 1
5220 1810 1
2616 4083 2
4083 2616 1
5961 411 1
411 2863 1
5370 2616 4
1370 104 1
104 5315 1
5315 2616 1
2616 5607 1
5607 2628 1
5872 351 1
351 4799 1
4799 5731 3
6470 1097 4
1097 2527 2
2527 312 2
1085 5730 1
5730 1945 1
1945 317 2
2593 2616 1
5556 3466 1
3466 2629 3
2629 1106 1
1106 1871 1
1871 5955 1
5955 6657 1
6657 3370 2
3370 5731 1
5731 2616 1
1613 199 1
199 2669 1
526 1761 1
1761 317 1
312 4388 3
2371 6627 1
312 5160 2
6333 4803 1
4803 3524 1
3524 1899 1
1899 1945 1
1945 2371 1
2371 5517 1
3267 3532 1
1426 3505 1
3505 4003 1
4003 1976 1
1976 1009 1
1009 1173 1
1173 5850 1
5850 2616 1
2616 6233 1
6233 2731 1
2731 2629 3
2629 406 4
3721 352 2
5641 1411 1
1411 4803 1
4803 6640 1
6640 3892 4
3892 6503 12
6503 6388 1
6388 3267 1
1810 6040 1
6040 1 1
1 664 2
664 6640 2
317 4283 1
4283 5799 1
5799 1444 1
1444 4936 1
4936 5103 1
3267 1173 1
5893 1500 2
1500 2629 1
132 3190 2
3190 2616 1
2371 1 4
1952 6456 1
6456 758 1
758 1984 1
1984 79 1
79 1810 1
2764 3267 1
3267 1952 1
1952 4799 1
5923 2888 1
2888 2863 2
4204 1961 1
1961 2246 2
2246 4741 1
4741 6121 1
6384 3267 2
3267 5556 1
5556 1822 1
6505 3759 1
3759 1961 1
1961 5358 4
5358 3031 1
3031 4377 1
4377 2858 1
2858 2618 1
2618 317 1
317 1914 1
1914 2616 1
2863 6096 3
6096 294 1
294 5444 1
5444 4811 1
4811 1810 1
1083 5270 1
5270 6460 1
6460 4902 1
4902 1239 1
5081 3008 1
3006 3190 1
3190 708 1
5558 2616 2
1810 1804 1
1804 5420 2
5420 342 1
342 317 1
2674 2834 1
3721 6470 1
6470 2923 1
651 1239 1
1239 5641 1
5641 5869 1
5869 6389 1
6389 2867 1
2867 708 1
312 3970 1
3970 5995 1
5995 1810 1
1810 1863 1
1863 5152 1
5152 2564 3
2564 352 1
352 4358 1
4358 3207 3
3207 688 1
6061 624 2
624 6509 1
6531 6627 1
3265 2858 3
3721 1961 2
2616 3126 1
3126 2858 1
2858 5639 1
5639 2521 1
2521 1326 1
1326 667 1
1613 2629 1
2629 4283 1
4283 132 1
6386 2963 2
2963 827 1
827 317 1
2371 2629 2
132 6301 1
6301 5951 1
5951 4803 1
4803 5173 1
5173 2322 1
2556 5471 1
5471 3031 1
1961 2371 1
2371 312 2
1221 2668 1
2668 1217 1
1217 2666 1
2666 582 1
582 5143 1
5143 708 1
2282 2629 2
6640 4652 3
4652 1173 1
1173 1403 1
1403 1090 2
3031 6470 2
6438 1556 1
1556 3189 2
3189 6505 1
6505 3732 1
1788 6640 1
2707 3265 3
3265 1709 2
903 468 2
468 5160 1
5160 4364 1
4364 1952 2
6640 1613 10
5160 2629 1
2629 6378 1
6378 6627 1
312 1146 1
1146 6640 1
2764 5185 1
2371 4714 1
1952 133 1
133 3190 1
3190 4300 1
4300 3847 1
3847 406 2
5624 4821 1
312 624 1
624 3227 1
6333 490 1
2629 3610 1
3610 6556 1
6556 3565 1
3565 2034 2
2034 6640 2
6640 1899 1
1899 5676 1
5676 1810 1
2720 2707 1
3265 2217 1
2217 5558 4
5558 2629 1
2629 6577 1
6577 6640 1
6640 2317 2
2317 5885 2
5885 3265 1
3265 2972 3
4795 1810 3
2851 1044 2
3704 3265 1
3265 668 3
5103 1924 1
1924 3223 1
3223 2237 1
2237 3031 1
3031 1613 1
2530 4562 1
4562 3056 1
5805 2863 1
2863 5000 2
5000 2439 1
2439 6503 2
6503 5389 3
6640 702 1
702 956 1
956 3556 1
3556 2440 2
2440 5248 1
2591 4585 2
4585 5089 1
5089 4352 1
4352 2556 1
2556 5013 1
5013 1077 1
5000 1426 1
1426 2439 2
2439 6024 1
1956 1401 1
1401 5185 1
5185 976 2
976 1810 1
5826 390 1
390 2553 1
2553 4050 1
4050 6503 1
5389 5103 4
5103 3409 1
3409 2460 1
1810 5248 2
5248 3267 1
3267 5103 6
3267 1077 1
1077 722 1
722 1763 1
1763 2019 1
2019 6503 1
2342 1077 1
1077 5121 1
5121 3888 1
3888 3265 1
6640 2005 1
2005 5732 1
5732 2459 1
2459 2395 1
2395 6594 1
6594 1810 1
1810 2019 1
2019 708 1
708 508 2
508 6441 1
6441 6640 1
6640 4325 1
5208 1387 1
1387 3573 1
3573 1810 1
1810 1387 1
1387 1053 1
1053 6640 1
5799 215 1
215 1961 1
1961 988 1
988 1810 1
2591 6545 1
6545 1140 1
1140 1961 1
6640 5999 1
4795 956 1
6640 1228 1
1228 2556 1
2556 4003 1
4003 1810 1
6386 304 5
304 4030 1
4030 5103 1
3267 4203 1
6640 4416 1
4416 5893 1
1455 2584 1
2584 1077 1
1077 6640 12
6384 1096 2
1096 3759 1
3759 5208 1
5208 6460 1
6460 5478 1
5478 1459 1
317 1733 1
1733 903 1
903 2863 1
6503 1132 2
1132 2629 1
5160 2984 1
2984 6389 1
6389 3144 1
3144 6640 1
6640 1801 1
1801 956 1
6640 3593 1
3593 3265 2
1130 1810 3
1810 1077 1
3267 3556 1
2533 1066 6
1066 57 1
57 1399 2
722 312 8
5799 1213 2
1213 458 1
458 304 3
304 2371 1
4083 5989 1
5989 2257 1
2257 903 1
903 3267 1
5730 1961 1
2629 323 1
323 5329 1
5329 1077 1
1077 213 1
213 2519 3
2519 1961 1
3267 5989 2
5989 4077 2
4077 3267 1
3732 5185 4
5185 569 1
569 4077 1
4077 5989 3
5989 1404 1
1404 304 9
1343 213 1
213 5997 1
5997 2556 2
2556 1077 1
2863 5205 3
5205 1399 1
1399 3267 5
3267 5218 2
2863 6048 1
6048 3495 1
3495 1077 2
1426 664 1
664 3267 1
3267 4077 2
5989 3525 1
4662 2533 1
1066 312 1
312 5810 2
5810 317 4
317 1007 4
1007 317 2
317 295 2
295 1077 1
1077 5799 3
5799 3266 2
295 1810 1
416 6386 1
6386 4132 1
4132 3207 1
3207 3878 1
3878 1810 1
1810 5810 4
5810 3629 1
3629 57 1
1491 3266 1
3266 1879 1
1879 1810 5
618 508 1
5639 2890 2
2890 3267 1
3267 5223 1
5223 317 3
317 3719 1
3719 1077 1
1077 2629 1
5005 4194 1
4194 406 1
406 3267 1
3267 4059 1
4059 515 1
3732 560 1
560 1495 1
1495 1810 1
1810 2050 1
2050 2629 1
4799 3566 4
3566 3719 1
3719 3941 1
1201 5557 1
5557 5893 2
5893 2533 1
1066 2187 1
2187 6293 1
6293 1469 4
1469 4799 1
5730 1810 2
1810 666 1
2629 3552 1
3552 1 1
1 6470 2
6470 4022 8
4022 4138 1
6627 4590 1
4590 2616 1
2371 5103 2
5103 5094 1
5094 312 1
5805 5838 1
5838 6503 1
1613 4799 1
3566 3942 1
3942 5881 1
2863 2834 1
1810 4885 1
4885 2858 1
2371 3941 1
1201 6389 1
6389 2616 1
708 5557 1
5557 2629 1
5730 3031 1
3031 171 1
171 488 1
488 2863 1
2863 5557 1
5557 3265 1
6282 57 1
57 6627 2
6627 5805 2
5805 976 2
976 5805 1
5805 6384 1
312 2437 1
2437 6384 1
5117 6282 1
6282 6500 1
458 618 1
618 6103 1
6103 4602 1
4602 3056 1
1426 4201 1
4201 6503 1
722 4201 1
4201 1130 1
1130 3056 1
3056 2616 1
2616 2224 1
2224 5563 1
5563 1961 1
1961 5741 2
5741 3031 2
1202 132 2
132 1085 1
1085 1810 2
3018 2616 2
5397 5879 1
5879 3556 1
3556 5283 1
5283 3000 1
3000 2224 1
2224 2770 1
2770 2255 1
1258 3468 2
1810 4652 6
4652 5810 1
5810 4052 1
4052 3056 1
5893 6175 1
6175 3703 1
3703 1810 1
4203 1258 1
312 4091 1
4091 5765 1
5765 2471 1
2471 312 1
3000 6640 2
526 2533 1
1066 2223 1
2223 6640 3
6640 672 2
672 6503 1
2707 4052 1
4052 2629 1
132 5875 1
5875 1258 1
1258 3511 1
3511 3266 1
3266 1380 4
1380 1810 2
1810 4154 1
4154 5103 2
4083 4714 1
5923 1146 1
1146 3031 1
3031 903 3
3006 5721 1
5721 903 1
903 3006 1
3006 4652 2
4652 4052 2
4052 708 1
708 3412 1
3412 1961 1
956 3268 1
3268 5805 1
5805 6125 3
6125 3050 1
3050 2984 1
2984 2439 1
2439 6627 1
304 114 1
114 5718 1
5718 2629 1
2629 3565 1
2034 1399 1
1399 6121 3
6121 5810 1
5810 5997 1
4050 5875 1
5875 3018 1
4050 618 1
4423 57 1
722 1734 1
1734 3905 1
3905 441 1
441 1810 1
2075 6485 1
6485 6640 1
3031 2254 4
6640 1646 1
1646 1469 3
1469 5969 1
5969 5826 1
57 3065 1
2863 144 10
144 2533 1
1066 5283 1
1380 988 2
988 1961 1
1380 5799 1
5799 5392 2
5392 1426 1
2439 464 1
5810 3190 1
3190 6385 1
1820 4714 2
4714 5989 1
5989 1810 3
4423 5593 1
5593 5810 1
317 1954 1
1954 988 1
988 5997 1
5218 3265 1
3943 5893 1
5893 4158 1
4158 1810 1
2863 3350 3
3350 3732 1
1288 3265 1
3265 2679 1
2679 654 1
654 4952 1
4952 5327 1
5327 1077 1
1077 5283 2
6640 1299 1
1299 3265 3
3265 3713 2
3713 317 1
317 6416 1
6416 4741 1
4741 3265 3
144 1810 1
1810 3056 2
3056 4548 1
4548 99 1
99 95 1
95 6503 1
6503 1401 3
1401 2590 1
2590 1 1
5218 312 1
312 3501 1
3501 6640 1
6503 3468 1
3468 3732 2
3732 6139 1
6139 2766 1
1952 3190 1
3190 3031 1
5323 3753 1
3753 4612 1
4612 3359 1
3359 2695 1
2695 1952 1
2556 5594 1
5594 6652 1
6652 5200 1
5200 3265 1
5103 2477 2
2477 5871 1
5871 4083 1
4083 351 1
4510 2475 1
2475 1324 1
1324 68 1
68 3426 1
3426 2591 1
464 3905 1
3905 2342 1
2342 5923 1
6456 5553 1
5553 3778 1
3778 6640 1
5208 4203 1
6503 1343 2
2863 2543 1
2543 5641 1
5799 5624 1
5624 3065 1
3065 5554 1
5554 4805 1
6535 6640 1
304 4952 1
6627 348 1
3266 2644 1
2644 4226 1
4226 304 1
2556 372 1
372 3446 1
1952 2592 2
2592 6102 1
6102 4283 1
4283 1976 1
1976 6299 1
6299 4462 1
4462 708 1
708 1213 1
1213 1357 2
1357 317 1
317 2592 1
2592 3031 5
618 2034 1
2034 5962 1
5962 317 1
4748 6640 1
5881 732 1
2556 6035 1
6035 1810 1
2501 1125 1
1125 5795 1
5795 1810 3
1810 2595 1
2595 450 1
450 5607 1
5607 560 1
560 3100 1
3100 4799 1
4799 2153 1
2153 390 1
390 5730 1
5730 6126 1
1221 1602 1
526 5799 1
1961 3270 2
3270 308 1
308 3294 1
3294 317 1
526 3356 1
3356 317 5
317 1449 5
1449 2629 1
6628 3100 1
3100 2863 1
544 6627 1
6662 6640 1
3872 205 2
205 5870 1
5870 3234 1
3234 5923 1
2566 3031 1
3031 3379 2
312 1077 3
6640 3339 1
3339 1810 1
1408 3065 2
6627 3859 1
3859 2629 1
2629 409 11
409 3558 1
3558 1810 2
1810 2034 1
3359 3466 1
1810 3847 4
406 5641 1
2634 6640 1
1961 3567 1
3567 5445 1
5445 555 2
555 4799 1
5731 3513 1
3513 261 1
3351 2533 1
1066 317 1
317 6275 1
6275 90 1
90 2359 1
2359 2413 1
2413 3713 1
3713 1380 1
988 3031 1
3031 3524 1
3524 495 1
495 3567 1
3567 3023 1
2707 1 1
1 4799 1
5730 1037 1
1037 1956 1
2527 3297 1
3297 2629 4
1201 6063 1
6063 1469 2
5208 708 4
3252 2034 1
2034 4271 1
4271 4343 1
4343 3936 1
3936 1810 1
1810 2765 2
2765 1952 6
132 1 3
6640 2731 1
1810 308 2
308 4083 1
5863 5693 1
5693 1254 1
1254 3944 1
6640 651 2
6061 3190 1
3190 1173 1
2085 2720 1
2720 6061 1
6061 6640 4
6640 4258 1
4258 6503 1
6640 3405 1
3405 3370 1
2522 2720 1
2720 2085 2
6640 187 1
187 1207 1
1202 1173 1
1173 2629 4
610 6126 1
6126 1628 1
1628 1676 1
1952 3207 5
3207 2432 2
2432 3363 2
3363 5594 1
3721 4205 1
4205 1727 1
3566 6652 1
6652 6159 1
6159 3801 1
1690 1961 1
1961 2628 1
2628 4658 1
4658 2616 1
5641 4798 1
4798 1217 1
1217 1727 1
1727 2616 1
2616 6024 3
4803 5103 1
1810 2802 2
2802 100 1
100 4342 1
4342 423 2
423 5125 1
5125 3205 1
3205 3710 1
3710 2053 1
2053 2077 1
2077 3823 1
3823 5965 1
5965 1810 1
5951 6665 1
6665 5259 1
5259 5805 1
5805 4342 1
423 1810 2
5805 2108 2
2108 6024 1
312 3339 1
3339 6384 1
312 5259 1
5259 894 1
894 1871 1
1871 1961 1
5810 2703 1
2703 409 1
409 1139 3
1810 1364 1
1364 6640 1
6640 4249 1
4249 2077 1
2077 3207 1
2616 4556 1
4556 651 1
651 4293 1
4293 6640 1
4952 5801 1
5801 1173 1
1173 6503 5
2629 2034 1
2034 618 1
5799 1890 1
1890 4432 1
4432 5283 1
3065 1976 2
1976 4432 1
4432 236 1
236 5397 1
5397 2863 1
6503 5784 1
5784 3267 1
3267 3732 5
3732 987 1
987 6503 1
3265 6523 1
5692 2085 1
2085 2863 2
2707 3721 2
708 4632 3
4632 1871 1
1871 3265 2
3265 4204 1
4204 508 1
5103 3100 1
3100 5731 1
5731 1871 1
1871 312 1
5556 4351 1
4351 1269 1
1269 1810 2
1426 4577 1
4577 6503 1
6384 5410 1
5759 3265 1
4283 3265 1
3265 4253 2
4253 657 2
4283 6102 1
6102 5431 1
5431 6024 1
6024 6627 1
2889 312 5
312 966 1
966 2475 2
5836 6640 1
6640 4697 1
4697 674 1
674 1173 1
1173 1822 3
1822 3207 2
3207 2077 3
2077 903 1
903 2545 1
2545 957 1
957 4537 1
4537 2168 1
2168 915 1
915 1019 1
1019 1810 1
5923 3850 8
3850 1794 1
1794 2355 1
2355 3065 1
3267 5057 1
5057 3200 1
3200 1810 1
3267 376 1
376 1326 1
1326 378 1
378 5165 1
5165 5280 1
5280 1 2
2863 4662 1
4662 1016 1
1016 1871 1
1871 2538 1
2538 3370 1
3370 6106 2
6106 6024 1
6523 928 1
2863 782 1
782 2629 1
2629 2363 2
2363 6627 1
5693 1565 1
1565 3265 1
3267 5799 4
5799 2545 1
2545 1173 1
3016 3023 1
3850 2863 1
5395 1173 2
1796 5893 2
5893 4537 1
4537 3207 1
3207 2168 1
2168 5114 1
5114 1077 1
1404 4537 1
4537 2029 1
2029 2168 1
2168 5316 1
5316 1426 2
1426 4019 1
4019 2168 1
2168 1414 1
1414 5316 1
5316 1414 1
1414 4019 1
4019 3774 1
6640 1077 3
1077 5999 1
2502 1871 1
1871 236 1
236 5316 1
5316 6386 1
6386 359 1
3267 654 2
654 4456 1
4456 621 1
621 6385 1
6385 1 3
3267 1130 4
1130 907 1
907 6503 2
1130 1077 1
1077 3023 4
3023 2168 1
2168 3023 1
1173 3267 1
5893 5263 2
5263 3056 1
5997 4885 1
4885 1173 1
1173 2644 2
2644 3267 1
5263 4812 1
4812 5389 1
5389 552 1
552 3056 1
3056 5879 1
1258 691 1
2629 552 1
552 1 1
5875 708 2
651 5378 1
5378 1822 1
1822 6078 1
6078 317 1
6078 1871 1
1871 325 1
325 3732 1
3732 1185 1
1185 5997 1
5397 2616 1
4493 6627 1
312 6595 1
6595 3568 1
3568 2106 1
2106 1978 1
1978 3566 1
3566 2482 1
2482 1810 1
1810 1945 1
1945 1469 1
1469 3769 1
3769 5005 1
5005 3347 1
3347 3922 1
3922 5208 2
5208 4009 1
4009 1363 1
1363 2616 2
2501 1077 1
1077 4585 1
3267 2682 1
2682 5799 1
5263 5875 1
3267 1885 1
1885 4427 1
4427 3479 1
3479 3558 1
3558 965 1
965 4201 1
4537 6338 1
6338 2168 1
2168 2423 2
2423 6558 2
6558 2187 1
2187 1961 3
6497 5117 1
5117 6337 1
6337 3479 1
4537 3265 1
3265 2432 2
2432 5780 1
5780 1310 1
1310 2187 1
2187 1258 4
304 5881 1
5881 5641 1
5641 2168 1
2168 3031 1
3031 6337 1
6337 272 1
6005 903 1
903 3265 7
1810 6174 4
6174 3732 1
2488 5799 1
5799 4954 1
4954 90 1
90 2439 3
3892 1173 1
1173 2543 1
3265 5476 5
6174 1 2
1 6031 1
317 20 2
20 6627 1
6627 2366 1
3031 907 2
2439 312 1
312 6511 2
5208 5476 1
5476 3210 1
3210 359 1
359 6024 2
2984 2168 1
2168 3265 1
2863 5103 1
5103 2254 5
2254 312 3
312 527 1
527 2127 1
2127 1077 1
1077 2168 1
2168 1762 1
1762 3265 4
2707 6627 1
6627 4276 2
4276 1762 1
3265 3000 1
3000 1130 3
1130 90 1
2439 6460 1
1762 1459 1
1459 1077 1
1796 1886 1
1886 1822 1
3267 4175 1
4175 2629 1
2629 5381 1
5381 317 1
317 3993 1
3993 1 1
1327 1079 1
1079 6228 2
6228 6338 1
6338 6647 1
6647 1961 1
1961 907 1
907 4812 3
4812 6337 1
6337 956 1
2863 4057 1
4057 2863 1
2984 1173 2
5997 2930 1
2930 4069 1
4069 3679 1
3679 3207 1
5370 2085 1
3267 956 3
956 57 1
213 2556 5
2556 3506 2
6627 907 2
907 2863 3
1077 618 2
618 3854 1
3854 1173 1
6640 874 1
874 317 1
2077 1961 1
1399 1952 1
5997 2255 1
2255 3859 1
3859 1810 2
5283 3551 1
3551 6503 1
6503 5201 3
5201 1173 1
1173 1077 2
1077 4662 1
4662 2744 1
2744 3265 1
3265 6566 1
6566 618 1
618 1810 6
708 6505 1
5641 5070 1
5070 939 1
939 1077 1
2863 251 1
251 6627 1
4662 1798 1
1798 956 1
956 722 1
722 4224 1
4224 5799 1
5799 1739 3
1739 1426 6
4662 4239 1
4239 1077 1
5893 4224 1
4224 6627 1
937 1173 1
1810 5394 2
5394 6627 1
6386 6627 1
6627 2806 1
2806 5893 1
5893 2553 1
2553 956 1
956 5392 1
5392 1173 1
1173 2192 1
2192 956 1
956 4057 1
4057 2984 1
2984 2133 1
2133 3031 2
3031 1 1
1 2163 1
2163 2984 1
3031 956 1
956 2192 1
2192 3965 1
3965 1871 1
1871 2163 1
2163 3966 1
3966 2984 1
2863 6107 3
6107 6503 2
1956 1451 1
1451 956 2
5185 6647 1
6647 2133 1
3031 3854 2
3854 5997 1
6503 1451 1
956 1880 3
1880 6460 2
6460 2616 3
2616 1739 1
5591 5805 1
5805 938 2
938 907 1
907 5799 1
5799 4240 3
1426 6337 1
6337 2863 1
2616 4812 2
4812 2193 1
2193 907 1
907 2984 1
2984 1798 1
1798 2192 1
2192 2863 1
2863 1952 3
956 4239 2
4239 4812 1
4812 2163 1
2163 1871 1
1871 2192 1
2192 6456 1
6456 2984 1
2984 2163 1
2163 4662 1
4662 2163 1
2163 6385 1
6385 5799 3
3266 3000 1
956 3966 1
3966 1871 1
1871 4239 1
4239 1 1
1 6337 1
6337 6456 1
6456 1404 1
4239 1430 1
907 4585 1
4585 317 1
5805 1355 2
1355 4824 1
4824 6640 1
2591 5580 1
5580 5103 1
5103 2889 3
2889 4633 1
4633 1134 1
1134 6640 5
272 2616 1
2616 4973 1
4973 317 1
5359 5951 1
3050 1207 1
1202 1960 2
1960 317 1
2132 1872 1
1872 903 1
903 5005 1
5005 3174 1
3174 505 1
505 317 1
2536 6627 1
6627 5459 1
5459 956 3
312 6418 1
6418 2858 1
2858 4745 1
4745 5810 1
6386 4577 2
4577 2858 1
3644 2629 1
3732 3174 2
3174 4545 1
317 568 2
568 6592 2
6592 903 1
903 708 2
2889 5183 1
5183 1810 2
3127 312 1
312 513 1
513 705 1
705 3275 2
3275 3031 2
3050 3848 1
3848 5805 1
5805 5991 1
5991 6503 2
2616 4465 2
4465 312 2
1899 2501 1
903 304 5
304 4525 1
4525 5799 1
1961 1403 1
1090 2863 1
544 6640 1
6652 625 1
625 339 1
339 1952 1
4388 3721 3
3721 3732 2
3732 2237 1
2237 3023 1
469 2232 1
2232 2568 1
2568 1148 1
1148 6640 1
6640 2640 1
2640 399 1
399 2629 2
2982 132 1
3525 2243 1
2243 1 1
1 5863 2
5863 311 1
311 1810 1
2466 3721 1
3721 3895 1
3895 1810 1
6192 515 1
515 508 1
5103 820 1
820 1147 1
1147 1810 1
1810 654 1
654 1945 1
317 5991 5
5991 6024 1
6640 4190 1
4190 317 1
317 928 7
2591 1109 1
1109 3006 1
3006 5074 1
5074 3006 1
3006 3036 1
3036 2863 1
2591 4597 2
4597 3006 4
3207 1759 1
1759 6640 2
6640 4632 3
4632 3779 1
3779 1810 1
1810 3016 1
3016 236 4
1173 3531 1
3531 6640 1
6652 5761 1
5761 1469 1
1469 406 2
406 1491 1
1491 6503 1
3267 4388 1
4388 1709 1
1709 5641 1
5641 3392 2
3392 3267 1
5799 1325 1
1325 6503 1
2591 4941 1
4941 399 1
399 5449 1
5449 5103 1
2477 6640 1
6640 4736 2
4736 350 1
350 1469 1
1469 3721 1
3721 1151 1
1151 3732 1
2488 544 1
544 333 1
333 132 1
2863 4194 5
4194 2766 1
2766 3031 1
6640 3532 3
3532 5607 1
5607 5805 1
5805 1073 1
1073 5991 1
4424 3728 1
3728 2838 1
2838 2863 1
1796 2257 1
6640 2980 1
2980 1026 1
1026 2863 1
5661 1343 1
5991 2316 1
2316 2800 1
2629 2480 2
2480 6384 1
6384 4312 1
4312 5208 1
5208 5863 1
5863 3031 1
3031 5263 1
5263 5372 1
5805 2527 2
2527 2085 3
2085 409 1
409 5756 1
5756 5698 1
5698 625 1
625 3525 1
6011 6640 1
2223 1810 1
4493 905 1
905 341 1
5347 3416 1
3416 6640 1
6640 609 1
609 1355 1
1355 2765 1
2765 2629 1
2629 1759 1
6640 3728 3
3728 317 2
317 5467 1
5467 1326 1
1326 2766 1
2766 977 1
977 4285 1
4285 4201 1
4145 2222 3
2222 5353 1
5353 1810 1
1810 977 1
977 1090 1
1090 3524 1
3524 6640 1
6640 5855 1
651 2629 3
6627 269 1
269 1822 1
1822 5678 1
5678 317 1
5678 1 2
1 3721 1
3721 3445 1
3445 708 1
6628 1346 1
1346 1173 1
1173 1229 1
1229 174 1
174 317 2
317 1445 1
1445 5313 1
5313 3031 1
3031 3262 1
3262 2863 1
1229 5799 1
4585 210 1
210 1810 1
2556 1866 1
1866 6243 1
6243 2222 1
2222 3031 1
3031 6126 2
6126 3922 1
5799 6593 2
6593 1871 1
1871 708 1
6640 51 1
51 5103 1
5103 2045 1
2045 1327 1
1327 1871 1
1871 6652 1
6652 2556 1
2556 393 1
393 2629 1
4063 6640 1
272 406 1
406 3300 1
2222 1810 2
3300 3922 1
3922 6640 1
6126 5103 1
5678 1759 1
1759 5875 1
5875 4364 1
4364 5875 1
5875 6092 1
6092 3031 1
3031 4170 1
4170 2486 1
2486 2501 1
708 3417 1
3417 1810 1
2720 2222 1
2222 3300 1
5641 5398 1
5398 624 1
624 1810 1
6503 2371 1
3300 4279 1
4279 3728 1
3728 515 2
5863 708 1
304 6385 2
6385 1399 3
1796 2645 1
2645 6503 1
6627 2224 1
2224 1173 1
2863 2255 1
2255 1327 2
1327 317 2
5991 708 1
708 1760 1
1760 5799 1
5799 5795 2
1810 5686 1
5686 1810 1
1810 970 2
970 4864 1
4864 2879 1
2879 50 1
50 4586 1
4586 3031 1
6640 2800 1
2629 3439 1
3439 2629 1
1961 4421 1
4421 5423 1
5423 5026 1
5026 317 1
5991 5639 1
5639 5644 1
5103 3188 1
3188 5739 1
5739 4201 1
6640 3895 1
3895 5863 1
5863 1810 2
1810 3373 1
3373 317 1
5678 2629 1
2629 1051 1
1051 5739 1
5739 6470 1
6470 2187 1
5103 5102 1
5102 1810 1
1810 275 1
275 2981 1
2981 2390 1
2390 6640 1
5263 2863 1
6546 1810 1
5397 5893 1
5893 168 1
168 2556 1
5239 2863 1
5411 1083 1
1083 1370 1
1370 5392 1
5392 312 1
236 3000 1
312 525 1
2863 2480 1
2480 1961 1
1343 6627 3
312 3362 1
6640 4077 1
4077 2629 1
3265 5678 1
1810 3362 2
3362 3762 1
3762 312 1
236 5301 1
5301 5991 1
5991 6640 1
5802 4847 1
4847 3528 1
3528 840 1
840 1145 1
2591 3728 2
3728 1404 1
1404 6417 1
6417 6444 1
6444 2523 1
1796 4424 1
4424 2342 1
1404 6061 1
6061 2086 1
2086 1173 1
5263 5870 1
5870 2817 1
6295 3031 1
708 2770 1
2770 311 1
6199 708 1
5863 5103 1
5103 5324 1
5324 6489 1
6489 1871 1
1871 4774 1
4774 2522 1
317 6438 1
6438 3031 1
2863 6512 1
6512 2629 1
526 722 1
722 2322 1
2322 5208 2
5208 5576 1
5576 1810 3
2523 722 1
722 308 1
308 4621 1
4621 1145 1
1145 1871 1
1871 1977 1
1977 4308 1
4308 722 1
722 1810 6
966 2863 3
4423 6503 1
722 5117 3
5799 308 1
308 3728 1
3728 722 1
722 3892 2
5799 2615 1
2615 2254 1
2254 2863 2
384 1961 1
1961 5921 1
5921 1810 1
1810 6011 1
6011 3728 1
5991 317 1
3050 3207 1
3207 5923 1
5923 4741 1
4091 1810 1
6030 5117 1
5117 4604 1
4604 2591 1
312 4022 1
4022 6640 2
6640 5444 2
5444 5641 1
5641 2224 1
2224 3978 1
3978 6503 5
6503 3362 1
3362 2720 1
2720 2144 1
2144 1810 1
1126 6243 1
6243 3416 1
3416 5893 1
5893 3525 1
3525 5347 1
5347 1277 1
1277 1843 1
1843 6640 1
6503 4077 1
317 6417 1
6417 5252 1
5252 2432 1
3363 5347 1
5347 3528 1
3528 2187 1
664 1885 1
1885 4847 1
4847 1 1
1 1885 1
1885 3023 1
1810 1231 1
1231 3065 1
3065 3267 3
4507 2361 1
2361 3732 1
3732 1759 1
1759 526 1
526 3264 1
3264 4368 1
4368 2277 1
2277 6640 1
6640 4170 1
4170 4522 1
4522 3487 1
3487 406 1
406 3370 1
2629 1977 1
1977 3363 1
3363 2720 1
3300 732 1
732 317 1
317 3423 2
3423 5005 1
3031 970 1
970 6126 1
6126 3006 1
3006 3426 1
3426 2863 1
6503 3721 2
3721 4800 1
4800 1810 1
1173 3779 1
3779 6640 2
5799 1854 1
1854 1810 1
5799 6256 2
6256 6503 2
6503 2340 1
2371 1591 1
5283 5208 1
5208 312 1
312 5560 2
5560 5459 1
6387 3031 2
3031 6253 1
6253 255 1
255 5185 2
5185 1810 2
6640 2910 1
2910 1690 1
1690 1258 1
6640 6385 2
6385 446 1
446 4203 1
6640 3531 1
3531 3370 1
3370 5991 1
5991 6126 1
1810 1754 1
1754 6659 1
6659 5281 1
5281 2629 1
2867 1 1
3732 6574 1
6574 5577 1
5577 5005 1
5005 5563 1
464 317 2
5514 3031 1
3031 4167 1
4167 1952 1
388 5488 1
5488 1127 1
1127 1810 1
6640 654 1
654 6627 2
6627 3616 1
3616 6126 1
6126 2897 1
2897 5923 1
2695 5005 1
312 2946 1
2946 6574 1
6574 3732 1
3732 3066 2
3066 132 3
132 4981 1
4981 234 1
234 5639 1
5639 1145 1
1959 5574 1
5574 5649 1
5649 4358 1
4358 5347 1
5347 2496 1
2496 1754 1
1754 352 1
624 6017 1
6017 4772 1
4772 2629 1
526 2767 1
2767 1952 1
1810 464 3
464 6503 9
3558 258 1
508 5444 1
5444 464 1
464 6509 1
6531 1385 1
1385 5989 1
5989 3300 1
3300 3023 1
3023 1709 1
3300 6531 1
6531 4772 3
4772 1810 1
4795 3229 1
3229 1126 1
1126 3721 1
1173 5263 2
3721 3296 2
3296 966 3
2475 2105 1
2105 1810 3
1810 2217 3
5558 3207 1
5074 5158 1
5158 2669 1
2669 406 1
406 1327 1
1327 406 1
406 312 1
312 4799 1
4799 1810 2
409 3721 1
312 1703 1
1703 2350 1
2350 5373 1
5373 5739 1
5739 1810 2
1810 1061 1
1061 2629 1
5826 1264 1
1264 469 1
469 5881 1
5881 1303 1
1303 6384 1
6384 5984 1
5984 3892 1
6640 4525 1
4525 4986 1
5123 3045 1
3045 6024 1
1044 1771 1
1771 1810 1
1810 4215 1
4215 2784 1
2784 1533 1
1533 3265 1
3265 6618 1
6618 1173 1
1959 1690 1
1690 3506 1
4810 6627 1
5997 1449 2
1449 2863 1
2863 6282 3
6282 3300 1
2863 385 1
385 1173 1
2591 4423 3
5208 3370 2
3370 4792 11
4792 90 1
5514 2342 1
2342 6627 7
464 1096 1
1096 1173 1
1173 6383 1
6383 441 1
1449 5997 1
1213 5639 2
5639 389 1
389 907 3
907 1077 1
5997 5639 2
5639 1347 1
1347 5997 1
5997 6349 1
6349 2360 1
2360 5620 2
5620 2254 1
2254 5639 1
1173 2360 1
5620 5639 1
2863 1202 3
1202 5620 1
5620 5799 1
990 5805 1
442 1976 2
1976 442 1
442 1961 1
5997 1404 4
1404 5591 1
5591 1173 1
1077 4812 1
6640 2259 1
2259 6119 1
6119 5905 1
5905 3300 1
3300 388 1
388 1 1
651 2322 1
2322 1762 1
5558 1961 2
1961 6043 2
6043 907 1
6328 5420 1
5420 1173 1
1173 4714 1
928 5420 1
928 5639 1
1173 4812 1
2863 6119 2
6119 1077 1
1173 6500 1
6500 5997 1
458 6119 1
6119 2257 1
2591 6119 1
6119 5639 1
1173 5476 3
5476 966 1
966 4194 1
4194 1762 1
1762 6509 1
6509 2863 3
2863 6494 2
6494 1173 1
1871 2863 3
2863 1173 2
1173 1871 1
2984 6386 1
304 1173 2
1796 1871 1
1871 5639 1
5476 5103 1
5103 6170 3
6170 5492 2
5492 4885 1
4885 5997 1
1426 6662 1
6662 1961 2
1961 5875 1
5639 161 1
161 1347 1
1347 1173 1
1173 3056 1
3056 5799 2
5799 5844 2
5844 3381 1
6640 907 1
6119 317 1
6652 3513 1
3513 2501 1
3721 903 2
903 2085 1
2085 1810 2
2863 4389 1
4389 3721 1
5863 2863 1
2863 5438 1
3265 515 1
3356 3922 3
3922 317 2
2371 5607 1
5607 5991 1
5991 1976 1
1976 5991 1
5991 1077 1
1077 5607 1
5607 1073 1
1073 127 1
127 3049 1
3049 5991 1
5991 1810 1
1810 4812 4
4812 1173 2
2863 1753 1
1753 2863 1
2863 2224 2
2224 1810 4
907 5881 1
2224 1202 1
3066 2863 1
2863 1710 1
1710 5607 1
5607 3363 1
3363 90 1
1796 903 2
4812 3721 1
3721 2863 3
2863 2797 1
2797 708 1
6628 3363 1
3363 1810 1
1057 5283 1
5283 907 1
4812 6627 2
6627 6509 1
6509 2598 1
2598 1197 1
464 3015 1
3015 5991 1
5991 3006 1
3006 3363 1
3363 3006 1
3006 3275 1
3275 3023 1
3023 5034 1
5034 2863 2
464 409 2
6640 4651 2
4651 1762 2
1810 228 1
228 5103 1
1404 2527 1
2527 1159 1
1159 2695 1
2695 4201 1
4201 5997 2
5997 1543 1
1543 1810 1
5881 2756 1
2756 2133 1
2133 5997 2
2591 1798 1
1798 4662 1
4662 5997 1
5514 464 2
464 6627 1
312 907 1
907 6500 1
458 2930 1
1159 2527 1
2527 6061 1
6061 5805 1
5805 236 2
236 5514 1
5514 2984 1
2984 6627 8
384 6222 1
6222 966 1
966 3031 1
664 5997 1
6627 5443 1
5443 5799 1
1961 3023 2
3023 6627 1
312 3031 3
3031 4283 1
4283 1426 1
1426 907 1
6627 464 1
464 5461 2
5461 928 3
1961 2862 1
2862 2863 1
708 2342 3
2342 4783 2
4783 6503 2
1959 4795 1
464 6389 1
6389 4651 1
1762 6417 1
3050 2527 1
2527 4774 2
4774 1173 1
1173 2573 1
3065 6463 2
6463 1343 1
1343 1709 1
3265 598 1
598 3056 1
3056 1798 1
1798 5826 1
5826 4276 3
4276 1173 1
464 907 1
6125 5805 1
5805 1189 1
1189 5514 1
5514 5997 1
1810 4322 1
2591 3016 1
3016 1404 3
305 6505 1
6505 4138 2
4138 5514 1
5514 1173 1
1173 6511 2
5805 4799 1
4799 3056 1
6503 1405 3
1405 6627 1
2863 6102 1
6102 1885 1
1885 464 1
464 5805 2
5805 5514 1
6503 4201 1
4201 6547 1
6547 2863 1
3031 5826 1
5826 5514 2
5514 1959 1
1959 1126 1
1126 3525 1
3525 5688 1
5688 4950 1
4950 6640 1
4954 5462 1
5462 6628 1
1810 4276 1
4276 5283 3
5283 5269 1
5269 4518 1
4518 5185 1
5185 4432 2
4432 1709 1
3265 4467 3
4467 1940 1
1940 6628 1
6628 5514 1
5514 2187 1
2187 4137 1
4137 2616 1
5370 5188 1
5188 1961 1
1961 1791 1
1791 2858 1
2858 2989 1
2989 4097 1
4097 4388 1
132 3721 1
3721 3224 1
3224 956 1
2256 1430 1
1430 2616 1
2616 1208 1
1208 3031 1
3031 4423 1
4423 642 1
642 311 1
1810 4851 1
4851 2616 1
2616 2222 1
2222 2187 1
2187 3381 1
3381 4301 1
4301 5734 1
5734 1399 2
2616 4279 1
4279 2863 1
2863 1939 1
1939 3267 1
3267 4461 2
2982 509 1
509 1208 1
2867 5641 1
5641 4671 1
4671 1761 1
1761 708 1
3525 6385 1
6385 1173 1
5997 3432 1
3432 1939 1
1939 5826 1
5514 5283 1
5283 6655 1
6655 1 1
1798 1810 2
6640 6140 1
6140 2629 4
2629 2350 1
2350 3099 1
3099 5739 1
1810 2126 1
2126 1061 1
1061 3969 1
3969 3721 1
3721 4358 1
5160 1754 1
1754 708 1
6662 469 1
469 1173 1
1173 441 1
2629 2609 2
2609 4201 1
2609 2863 1
2863 4597 2
5370 5514 1
5799 2217 1
2217 1684 1
1684 3265 1
312 5971 1
5971 3752 1
3752 317 1
317 1127 1
1127 2085 1
1426 2720 1
3265 5517 1
5517 708 1
708 5875 1
5875 1255 1
1255 4501 1
4501 96 1
96 6167 1
6167 4253 1
4253 1056 1
1056 4150 1
5283 5997 5
5591 6503 1
1798 1173 1
2085 5639 1
1173 1856 1
1856 3370 1
3370 6014 1
6014 4779 1
5997 6174 1
6174 3265 4
3265 3516 1
3516 3503 1
3503 1810 1
5103 981 1
981 1690 1
6061 907 1
907 6417 1
2882 997 1
997 5360 2
5360 4198 1
4198 6024 2
1822 928 2
6386 6414 1
6414 5826 1
5826 3036 1
5799 1173 1
5767 1810 5
1810 4786 1
4786 1 1
304 2808 1
2808 2669 1
1173 3217 1
3217 3265 1
3265 3102 1
3102 2609 1
2609 6628 1
6628 1810 2
1810 3224 1
3224 5923 1
5923 1061 1
1061 2186 1
2186 6456 1
6456 4788 1
4788 6599 1
6599 1011 1
1011 1638 1
1638 5185 1
5185 1326 2
1326 6505 1
6505 5893 1
5893 3345 1
3345 3267 1
1810 6195 1
6195 2470 1
2470 3848 1
3848 3265 1
1810 4082 1
4082 3801 1
2648 2863 1
2863 4359 1
4359 236 1
236 3006 1
5370 3031 2
312 1227 2
1227 6640 3
5923 5722 1
5722 6503 1
5117 1011 1
312 6414 1
6414 3265 1
3265 6531 1
6531 3036 1
3036 5893 1
304 1244 1
1244 3265 1
3265 2556 2
2556 4908 1
4908 1810 1
5370 3135 2
3135 6487 1
6487 6438 3
6438 4604 1
4604 4332 1
1692 5208 1
5208 3941 1
4652 4707 1
4707 6024 1
6024 2889 3
3941 1834 1
1834 1810 1
2863 3927 1
3927 5208 1
5208 1816 1
1816 5103 2
5805 939 1
939 6599 1
6599 1077 1
1810 6628 2
6628 3016 1
3926 304 1
3266 5799 3
5269 3084 1
3084 3265 1
2616 5558 1
6043 1 1
1 5103 2
5103 2825 1
2825 3050 2
3050 3468 1
3468 1090 2
1090 5358 1
5358 3922 1
3922 5693 1
5693 1195 1
1195 3721 1
3721 5799 2
1255 4637 1
4637 2523 1
2616 5928 1
5928 3794 1
3794 4695 1
4695 2629 1
2937 312 3
312 4774 1
4774 6536 1
6536 2629 1
2629 3066 2
3066 2132 1
3265 5679 1
5679 840 1
840 6556 1
6556 5103 1
5103 6330 1
6330 1 1
1 4161 1
4161 3721 1
3721 4755 1
4755 236 1
236 411 1
411 2184 1
2184 555 1
555 2187 1
2187 4930 1
4930 5890 1
5890 6456 2
3267 2268 1
2268 6087 1
6087 484 1
484 1816 1
317 2024 1
2024 3732 1
3732 2858 1
2858 4991 1
4991 5810 1
6456 5954 1
5954 1077 1
1077 5661 1
5661 312 1
312 2162 1
2162 2629 1
5805 3721 1
312 6460 1
6460 978 1
978 2858 1
2858 2432 1
2432 3721 2
317 5604 2
5604 5103 2
5103 5836 3
5836 369 1
369 1959 1
1959 531 1
531 209 1
209 719 1
719 317 1
317 6351 1
6351 2583 1
2583 1786 1
1786 5805 1
3127 2616 2
2616 1280 1
1280 1202 1
1202 1850 1
1850 5005 2
5005 2867 1
2867 3300 1
3300 1506 1
1506 5995 1
5995 312 1
312 2883 1
2883 1361 1
1361 5005 1
1810 1073 1
1073 840 1
840 2333 1
2333 5679 1
5679 6531 1
6531 5649 1
5649 3732 1
132 989 1
989 1960 1
1960 312 1
312 206 1
206 3031 1
2616 6135 1
6135 1960 1
1960 2085 1
2085 3859 1
2591 4595 1
4595 3265 1
3265 5799 13
3265 5536 1
1822 1375 1
1375 1268 1
1268 1810 1
312 3316 1
3316 5875 1
2616 2316 2
2316 4561 1
4561 3265 1
312 5018 1
6640 3905 2
3905 2629 2
132 1961 1
5893 3944 1
3944 3190 2
3190 1810 3
5283 3591 1
3591 697 1
697 6503 1
3409 3728 1
3728 5103 1
5103 5877 1
5877 3922 1
1796 2500 1
2500 4137 1
5593 1085 1
1085 2342 1
2342 1202 1
1960 1173 1
1173 2707 1
2707 2556 1
2556 2618 2
2618 4294 1
4294 2616 1
2616 1592 1
1425 2616 2
2863 3346 5
3346 1130 1
1961 1804 1
5420 625 1
625 2863 1
2342 992 1
992 1173 2
2644 3265 1
3265 6135 1
6135 5799 1
1426 2575 1
2575 5641 1
5641 5183 1
5183 6456 4
3265 4595 1
4595 1960 2
1960 3265 1
3265 3356 3
317 5685 1
5685 4782 1
4782 1810 1
5879 4706 1
4706 5181 1
5181 1956 1
3265 669 1
669 618 1
3265 943 1
943 3031 1
6627 3229 1
3229 2343 1
2343 210 1
210 3190 1
3190 2343 1
2343 5167 1
5167 1173 1
1173 451 1
451 5106 1
5106 2629 1
5851 4585 1
4585 675 1
675 317 2
317 1086 1
1086 91 1
91 409 1
409 1325 2
1325 1961 1
317 2353 2
2353 4358 1
3207 2618 1
6503 5181 1
5181 5799 2
5799 205 1
205 3265 1
3265 228 1
6182 3265 1
3265 4954 1
4954 6503 2
6503 1961 2
5893 3532 1
3532 2629 2
5181 3265 4
5641 4780 2
4780 1961 1
1961 556 1
556 1810 1
312 2147 1
2147 1140 2
1140 6505 5
6505 779 2
779 5185 1
5185 1436 2
1436 4456 1
4456 3207 1
3207 6322 2
6322 5993 1
1426 3732 1
3732 5530 1
5530 5103 1
5103 2533 1
328 1709 1
1709 3267 3
3066 5641 1
5641 2147 1
779 4999 1
4999 1 1
3267 6374 1
6374 2863 1
5478 2629 1
6627 3267 3
3267 3832 1
3832 2088 1
2088 2254 1
3267 6149 1
6149 6640 1
317 708 4
708 928 2
2342 903 3
903 3190 1
1810 6509 1
6509 2750 1
2750 5208 1
3045 618 1
618 3944 2
1173 2223 1
2223 5556 1
5556 907 1
907 5556 1
5556 5453 1
5453 5327 1
5327 6627 1
6627 386 2
386 2521 1
2521 5639 1
5639 1960 2
1960 2721 1
2721 1173 1
1796 1173 2
6511 6627 1
6627 1258 1
312 2010 1
2010 1213 1
1960 6384 1
6384 6640 6
6640 4902 3
4902 5774 1
5774 317 1
2371 1173 1
4150 2591 1
312 5997 3
5997 3535 1
3535 1613 1
668 3390 1
3390 2371 1
2371 4871 1
2629 5293 2
5293 5185 1
5185 5639 2
5639 1994 1
1994 6505 1
6640 6112 1
6112 312 1
5263 1096 1
6640 406 1
1810 1552 1
1552 3370 1
4792 4566 1
672 5639 1
6386 3671 1
3671 3370 1
4792 3265 2
409 4952 1
6503 1469 6
2679 180 1
180 907 1
6328 1173 1
2863 5202 3
5202 304 1
304 5183 1
6456 96 1
96 4052 1
4052 907 1
1213 389 2
4045 6627 1
6627 1202 1
2132 1139 1
1139 5185 2
5185 907 1
6328 6384 1
6384 1326 3
1326 90 1
5635 6531 1
6531 2889 1
2889 907 1
907 1387 2
1387 1326 1
1326 5635 1
1173 6394 1
6394 5997 1
5997 1004 2
1004 389 1
389 1213 1
1213 907 1
1387 127 1
127 1171 1
1171 2187 1
3102 90 1
1173 1213 1
6640 3492 1
3492 3370 1
3370 3721 2
132 942 1
942 3728 1
6652 1 1
6652 1097 1
1097 6456 3
2105 5073 1
5073 3267 1
3267 3353 1
3353 6640 1
5881 3207 1
3267 5593 1
5805 3100 1
3100 3721 3
3721 3381 1
5997 3495 1
1077 1401 1
3721 1404 1
1404 2601 1
2601 5893 1
3207 4765 1
4765 2889 1
6031 5211 1
5211 1952 1
5997 6456 3
6456 127 1
127 1871 1
1871 6531 1
6531 6640 1
1759 5370 1
1820 6024 3
5103 6647 1
6647 127 1
127 2720 1
2720 744 1
744 6640 1
6640 2291 1
2291 2616 1
2616 5117 1
5117 4150 1
4150 57 1
57 3909 1
3909 3381 1
5810 2556 1
2556 3556 1
3556 2591 1
312 722 5
722 4152 1
4152 6640 1
4511 3721 1
132 3556 1
3556 2863 1
2863 5476 2
5476 1766 1
1766 1810 2
1810 2440 2
2440 5881 1
5881 1810 1
1810 31 1
31 6042 1
6042 2439 2
2439 2616 1
2922 1 1
1 640 2
640 6399 1
6399 1258 1
1258 4046 1
4046 1326 1
1326 3469 1
3469 625 1
625 1448 1
1448 2616 1
2616 3905 1
1469 5997 5
3267 459 1
459 1469 4
406 6640 1
5881 4138 1
4138 1116 1
1116 454 1
454 6640 1
1961 3126 1
3126 3556 1
3556 708 1
708 2254 1
2254 6640 8
4652 2616 3
2616 4050 2
4050 6027 1
6027 3370 2
3370 2616 3
3207 2863 3
5266 3887 1
3887 3721 1
132 1976 1
1976 3837 1
3837 6102 1
6102 1083 1
1083 1 1
1 5283 1
5283 2439 1
1426 5103 1
5103 5826 2
3409 6503 1
6503 1077 1
3023 6024 1
3265 1077 1
1077 5459 1
956 4742 1
4742 4253 1
4253 3023 1
3023 3267 2
3267 352 2
3353 2616 2
6126 2894 1
3721 2437 1
2437 5997 1
5997 2310 2
2310 5283 1
5283 3207 2
3409 956 1
956 5327 1
5875 6405 1
6405 312 2
6640 3226 1
3226 4276 1
5283 5893 1
5893 722 2
722 2863 11
270 2616 1
2616 4788 1
213 6024 1
3265 57 3
57 1796 1
722 3872 1
6640 3608 2
3608 722 1
722 1999 1
1999 1810 1
1810 722 8
4424 3871 1
3871 206 1
1952 3721 6
3721 2695 1
2695 1026 1
1026 2695 1
2695 1589 1
1589 3207 1
3267 308 1
308 3753 1
3753 2695 1
2695 6042 1
2439 1090 1
1090 3370 3
6024 5826 3
3409 2644 1
2644 3344 1
3344 1810 1
6627 3432 2
1796 5997 1
312 5606 2
5606 3226 1
3226 2616 2
3265 3344 1
3344 1 1
5997 6354 1
6354 5993 1
5993 1810 2
1810 3807 1
3807 6456 1
6456 3275 1
3275 57 1
57 1563 1
1563 1810 1
1810 6370 2
6370 4566 1
4902 6640 2
956 6456 1
6456 4276 1
4276 1810 1
708 5218 1
1426 6027 1
2616 91 1
91 2616 1
2616 3525 3
3525 1411 2
1411 5997 1
5997 3031 1
3031 464 1
464 2342 6
2342 2616 3
2616 2952 1
2952 1664 1
1664 3344 1
3344 6640 1
5997 2840 2
2840 1961 1
1961 2679 1
2679 4175 1
4175 1762 1
2863 4499 1
4499 3023 1
3023 6384 3
6384 2863 5
1206 5893 1
5893 3770 1
1 3728 1
3728 5576 1
5576 515 1
515 1404 1
1404 6438 1
1097 3942 1
6061 989 1
989 2629 3
2315 132 2
132 6627 1
6126 4138 1
4138 5499 1
5499 1731 1
1731 1810 1
312 4652 1
4052 5283 1
6503 5826 1
5826 5042 1
5042 2322 1
2353 1077 1
312 1346 1
1346 1810 1
2863 4567 1
4567 317 1
1134 1762 1
1762 1426 1
1426 903 1
468 3190 1
3190 5997 1
5997 4499 1
4499 2863 1
5661 2863 1
2707 3015 2
3015 4052 1
4662 2334 1
2334 1113 1
1113 5283 1
5283 5826 2
3409 386 1
386 3525 2
3525 90 1
3525 6405 1
6405 3056 1
618 5420 1
6628 1295 1
1295 6640 1
6640 2065 1
2065 1098 1
1098 1260 3
1260 1801 2
1801 5997 1
2085 1295 1
1295 4638 1
4638 2523 3
2523 5997 1
1411 3348 1
3348 5997 1
5805 87 1
87 92 1
92 1077 1
1077 5103 2
5103 3344 1
3344 6599 1
6599 3724 1
3724 3854 1
3854 3564 1
3564 2223 1
2223 1327 1
1327 6456 2
6456 618 1
618 1404 4
1404 1098 1
1260 3370 1
3267 5881 3
2629 1295 1
1295 4706 1
4706 2439 1
2439 4175 1
4175 5799 1
5283 3564 1
3564 1810 1
312 6385 4
6385 386 1
386 2439 1
2439 4706 1
4706 1399 1
1399 693 1
693 85 1
2889 4092 1
4092 4052 1
4052 1849 1
1849 3267 1
3267 1469 2
6627 4020 1
2545 1140 1
1140 180 1
180 722 1
722 5785 1
5785 180 1
180 3964 2
3964 1399 1
1399 6061 1
6061 85 1
2889 4164 1
4164 1535 1
1535 3267 2
3267 6120 1
6120 1 4
317 6536 8
6536 2863 1
6640 3149 1
3149 708 1
708 6078 1
6078 3031 1
3265 3008 1
3227 1173 1
1173 1762 2
907 6120 1
6120 2863 1
956 5799 1
5799 1044 1
1044 3265 1
5263 317 6
526 3801 1
3801 2161 1
2161 406 1
3265 3045 1
3045 741 1
741 2787 1
2787 6640 1
3267 5355 1
4673 3265 1
3265 503 1
4566 1173 2
708 5397 1
5397 907 1
1173 4711 1
4711 317 1
6505 3728 2
3728 1952 2
132 1399 1
304 5923 2
6456 3900 1
3900 1952 1
1810 388 2
388 304 1
304 3300 1
3300 4138 1
4138 3267 2
3267 3508 1
3508 57 1
57 907 2
907 1961 1
5997 2366 1
2366 2689 1
2689 3267 1
3267 6627 3
6384 6593 1
6593 1976 1
1173 464 1
464 1469 1
1469 409 3
5185 1455 1
1455 57 1
57 1004 1
1004 907 1
3300 5556 1
5556 5635 1
1173 6385 1
6385 4063 1
90 2889 4
3016 6627 1
1491 2616 1
2616 1522 1
3065 1140 1
1140 3732 1
3732 1098 1
2629 252 1
252 6627 1
312 2905 2
2905 1173 1
2616 5844 1
5844 2591 2
2591 1403 2
1403 2257 1
6076 2629 1
3566 3732 1
3174 1810 1
5802 6024 1
1404 3356 2
3356 6443 1
6443 1140 1
1140 5103 1
2591 2851 1
6592 3732 1
3265 2542 1
2542 2629 1
3721 2616 1
2616 3346 2
3346 3728 1
1097 2863 2
3265 6387 3
6628 1097 4
6438 5327 1
5327 4604 1
4604 2629 1
2629 4944 3
4944 2616 2
1173 3339 1
3339 1485 1
1485 5624 1
5624 5340 1
5340 3721 1
3370 4168 1
4168 457 1
457 409 1
3265 1628 1
1628 6142 1
6142 423 1
423 6505 1
1011 1952 2
5923 2527 2
2085 3060 1
312 3954 1
3954 3721 1
3721 3239 1
416 2616 3
2616 1500 1
1500 2720 1
2720 3190 1
3190 989 1
989 2322 1
6505 2649 1
2649 5589 1
5589 5323 1
5323 6640 1
6061 6456 1
6456 1573 1
1573 5252 1
5252 5103 1
5103 6652 1
6652 6627 1
6627 1960 1
1960 5593 1
6640 3871 1
3871 1952 1
3265 1960 1
1960 618 1
1404 1346 1
1346 1976 1
6627 989 3
989 2107 1
2107 6386 1
6386 1796 2
1796 5799 1
5799 5718 1
5718 5117 1
1810 5591 2
5591 1 1
1404 6388 1
6388 3207 1
312 4727 1
4727 6024 2
6640 5085 1
5085 5826 1
5826 1348 1
1348 579 1
579 5799 2
3943 5805 1
5805 1960 1
1960 6503 1
6503 364 1
364 2863 1
1491 6640 1
6640 3468 5
3468 3135 1
3135 1952 1
5693 3193 1
3193 6640 1
6640 6273 1
6273 3265 2
5359 989 1
989 312 2
312 390 1
390 1960 1
1960 3605 1
4638 1404 1
1404 2523 1
2523 3207 1
3207 992 1
992 6640 2
6386 3300 1
3300 5588 1
5588 3031 1
5661 5799 1
1961 2237 1
2237 6627 1
6627 992 1
992 312 1
312 976 1
976 1 1
1 555 1
555 1960 1
1960 2501 1
2501 3013 1
3013 3300 1
3300 5594 1
5641 3856 1
3856 6509 1
6509 2924 2
2924 1173 1
5881 1173 1
651 5991 1
5991 2616 1
2523 1960 1
1960 2863 1
312 3065 1
956 907 1
363 90 1
657 1343 1
6503 1785 1
6580 1404 1
1404 1096 1
5208 1796 1
1796 1430 1
464 6628 1
4611 1785 1
1785 6581 2
6581 1173 1
2863 5826 1
5826 484 1
484 907 1
2591 1796 2
1796 1976 3
1976 2982 1
2982 4464 1
4464 1785 1
6580 2085 1
2085 2824 1
2824 1139 1
2616 6662 1
6662 6061 1
6503 5166 1
5166 526 1
526 3174 1
3174 5864 1
5864 351 1
5005 1790 1
1790 1059 1
1059 526 1
526 2536 1
2536 708 1
4632 2616 1
2616 4595 1
1960 3065 1
3065 534 1
534 2695 1
2695 2629 1
3721 4678 1
4678 5863 1
5863 3000 1
3346 1899 1
1899 5554 1
5554 317 1
5386 5218 1
5218 2616 1
3346 1327 1
1327 1961 1
1961 2340 1
5560 1810 2
1810 1240 1
1240 3050 1
3050 6417 1
2616 4659 1
4659 317 1
2276 1 1
418 3859 1
3721 5875 2
5875 2858 1
2858 4139 1
4139 2674 1
2674 2858 1
2371 2863 1
3227 3266 1
3266 6192 1
6192 3456 1
3456 5270 1
5270 5863 1
2616 1255 2
1255 5679 1
5679 2863 1
956 3006 5
6627 3035 1
3035 2982 1
2982 5881 1
5881 1616 1
1616 1785 1
6581 1077 1
312 956 1
956 2715 1
2715 1404 1
1404 994 1
994 87 1
87 2629 1
2629 5208 1
6384 6121 1
312 3963 1
3963 1810 1
2573 2616 1
5475 6503 1
2616 1130 2
6503 189 1
189 409 1
409 5576 1
5576 3728 1
3728 2629 1
3721 515 1
5005 1202 1
3942 904 1
904 2863 1
2863 4839 1
2371 2085 2
2616 217 1
217 4736 1
4748 2629 1
3721 3031 3
2616 3006 2
3006 5624 4
5624 2616 1
2616 3008 1
2863 4323 1
5386 4839 1
2371 3163 1
3163 696 1
696 3732 1
3732 4748 1
4748 2545 1
2545 3721 1
903 5103 1
6114 4577 1
4577 2360 1
2360 2371 1
2863 1218 1
1218 1 1
3050 5621 1
708 5839 1
5839 1810 1
1810 2594 1
2594 2930 1
312 1084 1
1084 4848 1
4848 5185 1
5185 5074 2
5208 3605 1
3605 3045 1
5893 132 1
6126 3928 1
3928 2237 1
2237 2628 1
352 341 1
4145 4758 1
4758 3566 2
1556 6333 3
1613 6595 1
6595 2106 1
2106 1810 1
1810 4758 1
3566 5398 1
5398 708 1
205 3031 1
3031 5123 1
5123 3566 1
6061 5893 1
5893 5879 2
6533 1810 1
6627 1820 1
2616 234 2
234 3566 1
2863 5186 1
5186 1885 1
1885 2784 1
2784 6505 1
6505 3943 4
3943 5185 2
5185 6172 1
6172 4604 1
4604 629 1
629 2523 1
2523 3721 1
1536 3265 1
3265 1885 1
1885 1426 1
1426 5799 1
1810 5610 1
5610 2106 1
2106 2274 1
2274 3721 1
1871 5373 1
5373 406 1
406 1 1
1 5077 1
5077 844 1
844 966 1
1810 6391 2
6391 1343 1
3265 5468 2
5468 6102 1
6102 3365 1
3365 4177 1
4177 2616 1
6503 5844 5
5844 5881 1
5881 5077 1
5077 6386 1
6386 3943 1
5185 1906 1
1906 1810 1
312 6518 1
6518 4232 1
2629 6531 1
6531 5995 1
5995 6194 1
6194 5167 1
5167 2670 1
2670 4714 1
1810 3762 1
3762 3525 1
3525 5918 1
5918 1810 1
2616 6248 1
6248 3287 2
3287 2669 1
2616 1681 1
1681 6575 1
6575 4917 1
4917 5906 1
5906 3676 1
3676 5369 1
5369 3186 1
3186 3574 1
3574 1011 1
2616 3782 1
3782 4145 1
2222 4610 1
4610 1560 1
1560 1758 1
1758 1173 1
1173 5144 1
5144 3732 1
5678 3721 1
1426 2514 1
2514 1718 1
1718 1810 2
1810 1737 1
1737 258 1
258 2858 1
2858 4799 1
3566 3721 1
6640 3063 1
3063 5624 1
5624 1961 1
2553 3009 1
3009 3297 1
1201 6505 1
2863 2509 3
2509 6596 1
6596 2679 1
6640 2106 1
2106 3566 2
3566 6640 1
6166 544 1
544 4077 1
317 2385 1
2385 6627 1
6627 2106 1
2106 2527 1
657 2591 1
2591 3346 1
3346 3801 2
6640 4547 1
4547 1213 1
1213 4014 1
4014 2527 1
2527 1709 1
1709 795 1
795 2629 2
3756 1880 1
1880 1542 1
1542 304 1
304 3498 1
3498 1810 1
1810 810 1
810 1822 1
1822 3041 1
3041 1810 1
1810 6295 1
6295 526 1
6640 3334 1
2237 3566 1
4673 317 1
2593 3050 1
3050 5398 1
5893 940 1
940 6595 1
6595 2464 1
2464 1077 1
1077 561 1
561 435 1
435 5005 1
5005 4885 1
4885 3566 1
3566 5218 1
1426 4735 1
4735 317 4
317 6371 1
6371 2464 1
2464 6503 1
3265 1469 5
1202 1410 1
1410 2432 1
3721 2770 1
2770 6640 2
6640 1157 1
1157 4795 1
4795 1753 1
1753 1173 2
1173 3018 2
2863 3417 1
3417 2254 1
6503 5202 1
5202 5103 1
5103 91 1
91 6640 1
6640 6293 2
1469 1985 1
1985 1295 1
1295 3728 1
3728 2523 1
1810 3406 1
3406 2528 1
2528 836 1
836 317 1
1426 651 5
903 1173 2
469 2591 1
5881 4083 1
132 5863 1
5863 3445 1
3445 6640 1
317 2315 1
2315 5678 1
6640 3400 1
3400 5863 1
5863 2678 1
1173 4176 3
4176 5928 1
1426 4138 3
4138 2923 2
2923 6234 1
6234 6640 1
6640 2720 2
2720 187 1
187 732 1
732 2629 3
132 5500 1
841 2085 1
4658 2629 2
6287 2527 1
2527 1097 2
1097 4604 1
4604 3942 1
1810 682 1
682 4432 1
4432 4139 1
4139 3050 1
1810 3334 1
2237 2678 1
2678 6061 1
6061 389 1
389 5343 1
5343 2355 1
2355 5635 1
3031 3026 1
3026 2863 4
2863 6547 1
6547 317 2
317 840 1
840 5934 1
5934 6640 1
2223 3207 1
3207 1097 1
1097 4795 7
312 5870 2
5870 4089 1
4089 6640 1
5103 5969 1
5969 3848 1
3848 2629 1
5103 3503 1
3503 317 1
317 1357 2
1357 3941 1
3941 351 1
132 515 1
5863 1804 1
1804 836 1
836 2863 1
903 5974 1
2556 90 6
969 1434 1
1434 2556 1
5641 6028 1
6028 2762 1
2762 3065 1
5208 968 1
968 5884 1
5884 6640 1
6640 523 1
523 5685 1
5685 1952 1
1952 2795 1
2795 2501 1
2501 3031 2
2591 3347 2
3347 1173 2
2863 4883 1
4883 3065 2
3065 3265 1
3265 5734 1
5734 1255 1
1255 6640 1
6640 267 1
267 2863 1
2844 3006 1
2436 5355 1
5355 2629 1
236 4669 2
4669 3605 1
4965 2333 1
2333 5134 1
5134 3207 1
3207 2197 1
2197 4714 1
5005 1399 1
6640 1242 2
2501 3892 1
3892 6649 1
6649 2863 1
2707 1173 1
1173 5875 1
5875 1798 1
1798 1785 1
6580 1224 1
1224 5185 1
5185 1134 1
1134 1871 1
6282 1871 1
132 4077 1
6456 4466 1
1822 4774 1
4774 95 1
1810 4126 1
4126 3801 1
3801 1619 1
1619 317 1
5805 2596 1
2822 1820 1
1090 1952 1
1952 2333 1
2333 132 1
2501 340 1
340 317 2
5005 6132 1
6132 2069 1
2069 5799 1
6503 2553 6
5606 3233 1
3233 928 1
928 236 1
4669 530 1
530 3756 1
3756 6640 1
6640 3353 1
352 6503 1
464 2863 3
1 6443 1
6443 2858 1
3721 5635 1
5635 2521 1
2521 3721 2
1083 234 1
6443 5103 1
5103 6536 1
6536 2647 2
2647 4885 1
4885 1227 1
1227 4210 1
4210 3031 1
5802 6297 1
6297 5993 1
312 3370 3
6640 6201 2
6486 1282 1
1282 1202 1
1202 3721 3
3732 1952 1
2556 2198 1
2198 1866 1
1866 6640 2
2863 5387 1
5387 733 1
733 2629 1
1 11 1
11 4388 1
1145 1999 1
1999 6640 2
3359 3831 1
1952 2648 1
317 6606 1
6606 5810 1
317 6017 1
6017 6078 1
2322 1978 1
1978 6456 1
6456 3265 3
3265 1741 1
1741 1862 1
1862 2394 1
2394 3944 1
3944 6531 1
6531 2271 1
2271 966 1
4045 1083 1
6503 5993 3
5993 312 2
312 5103 5
1959 1044 1
1044 670 1
4792 1 1
4201 1645 1
1961 4999 2
4999 2085 2
5875 6061 2
6503 2322 1
317 3161 6
3161 1173 1
1810 2355 1
2556 2558 1
2558 3370 1
2858 5414 1
5414 5360 1
5360 2085 1
3066 6250 1
6250 6640 2
4537 708 1
5185 5692 1
4537 3503 1
3503 3172 1
3172 6640 1
3527 4952 1
4952 6640 1
5805 1941 2
1941 5997 1
907 4792 1
4792 2556 1
2556 1455 1
1455 2085 1
2085 5694 1
5694 3566 1
3566 2800 1
2616 1173 1
1173 3892 1
6503 5123 1
6384 273 1
526 1173 1
1255 3346 1
526 4201 2
4201 795 1
795 3031 1
3031 6243 1
6243 1046 1
1046 3566 1
3300 3297 1
1201 6627 1
6627 5556 1
5556 90 1
1173 4902 1
6460 3728 1
132 1173 3
5018 3937 1
3937 2858 1
2858 2521 1
1173 795 1
795 317 1
5875 1085 1
1085 624 1
624 6061 1
6061 3265 3
3265 3197 1
3197 6518 1
6518 1 1
1 5257 1
5257 2432 1
2432 6531 2
4772 1173 1
1173 4083 2
1952 2432 3
4772 1343 1
6627 3721 2
1126 6627 1
5103 2858 2
2858 6536 1
2647 1173 1
1173 5218 1
1426 503 1
6536 4812 1
1753 5593 1
1822 409 2
409 5266 2
5266 2224 1
2224 5997 1
5997 5103 4
5103 132 2
5397 1173 1
5367 1085 1
907 4083 1
5863 2728 1
2728 1810 1
1173 4473 1
132 2728 1
2728 6505 1
6505 3511 1
3511 5997 1
5997 1139 1
1139 5799 2
1810 5389 2
5389 1077 1
5389 2616 1
5960 508 1
508 1173 1
1173 3721 1
1173 4398 1
6640 374 1
374 1509 1
1509 2187 1
6640 3399 1
3399 1258 1
1258 6485 1
6485 1709 1
2616 4467 5
1469 4247 1
4247 2858 1
2187 6173 1
6173 1313 1
1313 343 1
343 3031 1
664 312 1
312 4396 1
4396 1197 1
416 708 1
317 1923 1
1923 1810 1
2591 388 1
388 1952 4
2858 4334 1
4334 3127 1
3127 1455 1
1455 4358 1
4358 2825 1
2616 3501 1
3501 3370 1
1810 732 1
5005 4734 1
4734 3721 1
569 5863 1
5863 1592 1
1810 5599 1
5599 3036 2
3036 317 2
2616 228 1
228 3065 3
3065 705 1
705 707 2
707 650 1
650 5005 1
2858 3999 1
3999 4933 1
4933 341 1
341 3004 1
3004 468 1
468 132 1
1810 3363 1
3363 1885 1
1885 2481 1
2481 3190 1
3190 317 2
317 460 3
460 1902 1
1902 317 1
3236 257 2
257 1827 2
1827 1885 1
1885 5805 1
1426 1902 1
1902 5153 1
5153 2629 1
6627 3190 1
3190 2629 1
2629 72 1
72 1810 1
1810 1272 1
1272 1759 1
1759 3667 1
3667 1871 1
1871 5334 1
5334 4534 1
4534 1459 1
3721 2322 1
1810 2416 2
2416 2867 1
2867 6269 1
6269 1754 1
1754 6441 1
6441 2616 1
2616 4971 1
5923 5201 1
5201 2342 1
3267 2045 1
2045 1871 1
1871 5799 1
5799 6641 1
6641 5117 1
5208 1173 1
5201 3031 4
3267 5117 5
5117 6641 1
6641 5316 1
304 651 1
651 4208 1
4208 6505 1
6505 2675 2
2675 5805 1
2108 1754 1
1754 1173 1
1173 4316 1
4316 1404 1
312 2758 1
2758 2404 1
2404 5103 1
2863 5580 1
5580 5799 1
1961 5117 1
5117 464 4
464 1976 1
1976 2450 1
2450 6650 1
6650 2065 1
2065 4664 1
4664 2427 1
2427 5103 1
5103 3341 1
3341 6114 1
6114 2616 1
2616 2634 1
1469 3541 1
3541 1754 1
1173 6271 1
6271 6503 3
6627 4685 1
4685 1754 1
1754 733 1
733 570 1
570 1822 2
1822 948 1
948 4138 1
4138 4018 1
4018 133 1
133 1458 1
1458 6126 1
6126 708 1
6438 2629 2
1097 2629 2
5951 132 1
132 5621 1
5621 5476 1
5476 6531 1
6531 3006 1
3207 3190 1
1827 6628 1
6628 3190 1
3190 5383 1
5383 2616 1
2616 6439 1
6439 3591 1
3591 3190 1
3190 1524 1
1524 4138 1
4138 3049 1
3049 3642 1
3642 6141 1
6141 2616 1
6503 6287 1
6287 206 1
206 5879 1
5879 2616 2
2616 3513 1
3513 5208 1
5208 6151 1
2629 1979 1
1979 3363 1
3363 903 1
1810 6153 1
6153 2629 1
1139 3212 1
6288 2629 1
458 6455 1
6455 1810 1
1810 3636 2
3636 2629 3
132 3483 1
3483 2629 1
5659 6657 1
3362 4525 1
301 6640 1
6386 2638 1
2638 2935 1
2935 6645 1
6645 3031 1
352 2871 1
2871 3370 1
3370 4029 1
4029 3732 1
2187 4687 1
4687 1952 1
5005 5963 1
5963 1197 1
1197 5328 1
5328 6640 1
6061 1097 1
1097 95 1
95 6456 1
6640 1927 1
1927 1343 2
3267 946 1
946 2963 1
2963 1469 1
1871 1469 2
1469 1173 2
6386 3753 1
3753 3031 1
3031 3267 3
206 1810 1
5641 6186 1
6186 6640 1
6640 5556 1
5556 3267 1
3267 1455 1
1455 956 1
1352 3031 1
3031 5201 3
3267 4354 1
4354 6456 1
5103 5450 2
5450 4358 1
4358 6628 2
5370 3267 1
3267 6126 3
6126 6386 1
6386 668 1
2556 6455 1
6455 3788 1
3788 1589 1
6640 3942 2
3942 1404 1
2863 5399 1
5399 3006 1
3006 5450 1
5450 3006 1
3006 2396 1
2396 5908 1
5908 722 1
722 6248 1
6248 1404 3
1404 4604 1
4604 2972 1
6533 2277 1
2277 515 1
5863 1709 1
1709 554 1
1810 334 1
334 3859 1
6627 722 3
722 5137 1
5137 5450 1
5450 5103 1
5103 5355 1
3267 4144 1
4144 6640 1
308 2765 1
3721 2527 1
2527 6470 1
6470 4774 1
4774 341 1
4145 2296 1
2296 5450 1
1810 6595 2
6595 2425 1
2425 970 1
970 3762 1
3762 6456 1
6456 3353 1
3353 317 3
317 4368 1
4368 2276 1
1255 5810 1
5810 6542 1
6542 1 1
2616 5836 1
5836 651 6
651 6248 1
6248 732 2
5005 2296 1
2296 1810 2
970 4167 1
4167 1713 1
1713 2616 1
2616 5576 1
5576 1237 1
1237 1202 2
1810 5595 3
1139 3207 1
1822 2914 1
2914 312 2
961 5229 1
5229 1871 1
1871 1083 2
1083 236 1
236 6627 1
312 2409 1
2409 5626 1
5626 5103 2
5103 1195 1
1195 5215 1
5215 239 2
239 2629 1
312 4575 1
4575 551 1
551 4274 1
4274 6584 1
6584 1060 1
1060 6554 1
6554 5063 1
5063 4588 1
4588 5274 1
5274 6591 1
6591 1656 1
1656 317 1
317 5125 1
5125 1810 4
1810 879 1
879 3890 1
3890 389 1
389 3207 1
3207 3890 1
3890 6470 1
6470 5074 1
312 3618 1
3618 5639 1
5639 5274 1
5274 1994 1
1994 5103 1
5103 2472 1
4729 1327 1
1327 2914 1
5954 1810 1
1810 3202 1
3202 2935 1
2935 6384 1
6384 6024 1
6024 3066 1
3066 312 1
234 172 1
172 2631 2
2631 6462 1
6462 4138 1
2616 4825 1
4825 4528 1
4528 3227 1
6503 3066 1
3066 2914 1
2914 1083 1
1796 1326 1
1326 1976 1
317 87 1
87 5593 1
5593 2409 3
2409 1327 1
1327 2568 2
2568 6640 1
6640 4573 1
4573 1762 1
3207 5435 1
5435 1197 1
1197 6198 1
6198 483 1
483 1992 2
1992 2629 1
2629 1807 1
1807 3270 1
3270 1126 1
1126 6197 1
6197 483 1
1992 3031 1
3031 1631 1
1631 1810 1
1810 1809 1
1809 6621 1
6621 2629 1
87 6640 1
6640 3356 2
989 1139 2
1139 1254 1
1254 6460 1
6460 5358 2
5358 1810 2
5894 5458 1
5458 317 1
317 1288 3
1288 1961 2
1961 693 1
693 5997 1
5997 95 1
3036 5997 1
5997 3791 1
3791 1810 2
4652 6640 1
6640 4050 5
4050 6640 3
6640 3380 2
3380 6503 4
5881 3791 1
95 508 1
508 618 1
409 1941 1
1941 1 2
5389 464 1
956 1762 1
1762 4640 1
4640 4678 1
4678 4761 1
4761 5103 1
5103 2897 1
2897 1134 1
1134 1820 4
1820 3432 1
3432 6640 2
6640 5202 1
5202 661 1
661 2412 1
2412 1440 1
312 6124 3
6124 6640 2
6640 183 1
183 6503 1
6640 3374 1
3374 3267 1
3267 2599 1
2599 3370 1
3370 4761 1
4761 6640 1
6640 1659 1
1659 3370 1
3370 4774 1
4774 1202 1
1202 6561 1
6561 1260 1
317 416 1
416 3732 1
3732 1159 1
6421 5103 3
6456 4999 1
2889 142 1
142 3031 1
352 720 1
720 4858 1
4858 5384 1
5384 6503 1
5117 1401 1
1401 299 1
529 1952 1
1952 2187 6
4443 4431 1
4431 4903 1
6288 5211 1
6640 4810 3
4810 3207 1
6503 2601 1
2601 4199 1
4199 5195 1
5195 1849 1
1849 6640 1
5450 4201 1
4201 788 1
788 1381 2
1381 734 1
734 317 1
317 3664 1
3664 1810 5
1810 4607 1
4607 317 1
317 6626 1
6626 460 1
460 396 1
396 2629 3
2629 6556 2
6556 6640 1
5893 4022 1
4022 651 1
5641 1240 1
1240 1509 1
1509 6024 1
1810 34 1
34 4632 1
4632 5632 1
5632 5283 1
5283 2541 2
2541 1 1
1 1343 1
5533 6384 1
6384 3558 1
3558 6503 1
6627 5283 4
2863 4701 1
4701 5997 1
5997 5459 1
5459 6460 1
6460 1628 3
1628 6640 1
3732 4276 2
4276 956 1
956 2637 1
2637 5429 1
5429 2093 1
2093 317 1
317 2469 1
2469 2591 1
1810 13 1
13 3339 1
3339 5937 1
5937 4358 1
4358 5386 1
5386 3945 1
3945 6332 1
6332 1885 1
1885 1079 1
6228 3585 1
3585 1810 1
1810 912 1
912 6497 1
6497 2326 1
2326 3207 1
6640 2451 1
2629 708 10
708 5074 1
5074 1130 1
6503 4424 1
4424 2361 1
304 4779 1
4779 312 3
2863 6014 1
6014 1 1
5997 6460 1
1628 236 1
4522 312 1
312 1249 1
1249 6640 2
6640 2339 1
2339 3370 1
3370 4896 1
4896 3559 1
3559 3370 1
226 1 1
5801 6175 1
6175 4321 1
4321 5734 1
1399 2845 1
2845 2254 1
2254 3801 1
6024 2254 2
2591 708 1
708 735 1
735 3065 1
3065 3252 1
3252 3031 1
3031 924 1
924 2556 1
2556 5568 1
5568 6627 1
6627 4640 1
4640 2629 1
2629 6495 1
6495 537 1
537 6640 1
3433 5193 1
5193 5103 1
2527 1196 1
1196 2572 1
2572 1709 1
1709 2541 1
2541 4566 1
4566 5103 1
5103 934 1
934 443 1
443 6068 1
6068 6503 1
5997 3515 1
3515 5593 1
2409 6640 1
6640 6011 1
6011 6503 1
1258 408 2
408 5805 1
1810 6193 1
6193 1202 1
1202 5805 4
5805 3150 1
3150 1810 1
4467 6278 1
6278 928 1
928 1978 1
1978 5978 1
5978 6460 1
6460 5997 1
2863 4282 1
4282 2858 1
2858 3151 1
3151 1810 1
1810 5236 1
5236 5593 1
2409 1077 1
1077 3270 1
3270 632 1
632 6385 1
6385 1197 1
1688 3031 1
6640 1226 1
1226 1202 2
5805 3542 1
3542 2085 1
5679 5799 1
5799 841 1
841 6640 2
2863 481 2
481 722 1
722 3006 1
6460 1171 1
1171 2984 1
481 3006 1
3207 317 3
486 4741 1
4741 6380 1
6380 5160 2
5160 2016 1
2016 6640 1
6640 4741 1
4741 5734 1
5734 4354 1
4354 6640 1
6640 4089 1
4089 2357 1
2357 6640 1
409 1326 1
1326 214 1
214 4245 1
4245 6640 1
1796 904 1
904 2708 1
2708 1197 1
6640 2551 1
3449 317 1
6640 2340 2
2340 317 3
6628 2551 1
708 1491 1
1491 1810 1
90 4799 2
4799 5239 3
5239 6250 1
6250 2653 1
2653 956 1
3265 4585 2
4585 861 1
861 5208 1
5208 5980 1
5980 928 1
928 6500 1
6500 3744 2
3744 5826 1
5826 90 1
5239 6503 2
3267 3047 1
3047 3605 1
3605 2616 2
2616 2619 1
2619 5993 1
5993 4528 1
4528 4566 1
4566 2409 1
2409 722 1
722 1762 3
1762 5034 1
2863 4358 1
4358 6460 1
2863 3071 1
3071 722 1
722 6050 1
6050 1171 1
1171 6640 2
5208 1226 1
5117 486 1
486 6503 1
6503 6201 3
6201 5799 1
5799 3012 1
3012 3732 1
3732 5587 1
5587 6640 1
1258 5681 1
5681 6640 1
2863 5056 1
5056 3426 1
3426 6201 1
5103 6503 2
6201 57 1
57 722 2
722 359 3
359 2863 4
2863 3752 2
3752 6640 1
6640 5160 1
5160 3016 1
384 3347 1
722 6627 5
4783 5798 1
5798 2556 1
2556 5046 1
5046 5798 1
5798 5826 2
5826 5046 2
5046 5997 1
6503 1171 1
1171 5912 1
5912 5283 1
2541 6640 1
722 3425 1
3425 6640 1
6511 6503 1
2591 722 3
722 1220 1
1220 6640 1
3732 5046 1
5046 915 1
915 1173 1
1173 854 1
854 928 1
928 3370 2
3370 1866 3
5881 3031 2
3031 2409 1
2409 5576 1
1613 442 1
1976 6503 1
6503 228 1
228 4738 1
4738 2984 1
6627 1938 1
4276 2556 1
2556 4286 1
4286 5638 1
5638 5780 1
5780 915 2
915 5511 3
5511 95 1
95 317 4
20 317 1
2132 4703 1
4703 5664 1
5664 6505 1
6505 3903 1
3903 5150 1
537 5181 1
3265 1438 1
1438 1762 1
6174 3347 1
3347 5780 1
5780 317 1
651 6174 1
6174 317 3
317 26 1
26 5461 1
5461 3409 1
1810 713 1
713 5780 1
915 1503 1
1503 5868 1
5868 1810 1
1810 4035 1
4035 1 1
1 2820 1
2820 1585 1
1585 2803 1
2803 3356 1
3356 2919 1
2919 1810 1
6640 4202 1
4202 2964 1
2964 915 1
915 3732 3
3732 4715 1
4715 2347 1
2347 6640 1
4283 2820 1
2820 915 1
5511 6640 1
6640 3030 1
3030 1837 1
1837 2362 1
2362 2556 1
2556 840 1
840 4003 2
4003 973 1
973 6456 1
6456 4335 1
4335 6380 1
5160 5103 1
5103 1934 1
1934 1357 1
1357 6196 1
6196 1202 1
1202 3150 1
3150 1968 1
1968 268 1
268 2629 1
2629 1980 1
1980 3721 1
3525 1408 1
1408 3265 1
5881 2616 1
2616 5624 1
5624 3265 2
3265 6461 1
6461 6277 2
6277 3031 1
6627 147 1
147 6503 1
3265 117 1
117 3031 1
3031 6503 4
2616 4419 1
4419 3265 1
3265 915 2
915 6627 2
2432 2667 1
1469 708 2
708 5680 1
5680 2616 1
2616 3381 1
6114 4358 1
4358 1796 1
1796 3265 3
5893 4741 1
2616 1961 2
3265 3158 2
1258 4254 1
4254 2063 1
2063 956 1
956 5103 4
3138 1952 5
2863 1880 1
1880 1961 1
1961 5103 2
5103 5370 2
5370 330 3
330 2520 3
2520 1871 1
1871 330 2
330 5165 2
5165 1871 1
330 5280 2
5280 1810 1
1258 4490 1
4490 3265 2
574 312 1
312 6024 6
4183 3056 1
2616 6627 2
312 2987 1
2987 1810 1
2616 5478 2
5478 317 1
651 3075 1
3075 1173 1
1173 4490 1
2520 1430 1
1430 2342 1
6627 1871 2
1810 466 1
466 915 1
3525 3053 1
3053 1716 1
1716 5639 1
5639 5621 1
708 2596 1
2596 1810 1
956 4253 1
4253 3006 1
5370 1959 1
1959 6627 3
6627 375 1
375 915 1
915 3265 3
3526 3053 1
3053 3762 1
3762 3265 1
3265 6509 2
6509 3074 1
3074 4138 1
3075 3265 2
3265 2851 3
2851 5799 1
5392 5510 1
5510 6640 2
5997 5693 1
5693 1411 1
1411 3031 1
5997 3207 3
3207 5337 1
5337 5805 1
976 317 1
1357 2991 1
2991 2984 1
3207 2358 1
2358 2909 1
2909 3127 1
3127 840 1
4003 6068 1
6068 2984 1
3207 1401 1
1401 5798 1
5798 1810 1
1810 5630 1
5630 996 1
996 3704 1
3704 4172 1
4172 6503 1
5283 5510 1
5510 2591 1
6640 1220 1
1220 5997 1
5997 4585 1
4585 5626 1
5626 1044 1
1044 702 1
702 4007 1
4007 2629 1
2629 1990 1
1990 976 1
976 915 1
915 5760 1
5760 4358 1
5370 5074 1
5626 5269 1
5269 4213 1
4213 3266 1
1810 4359 3
4359 1219 1
1219 6640 1
6640 5798 1
5046 956 1
956 5510 1
6640 5780 1
5780 2168 2
2168 1173 2
6640 854 1
854 1404 1
1404 4753 1
4753 928 1
1866 2254 1
2254 3648 1
3648 915 1
915 1077 1
1077 2556 1
2556 1326 1
1326 6627 1
4276 5997 2
464 3605 2
317 2820 3
2820 2527 2
2527 2983 1
2983 2423 1
2423 5226 1
5226 5780 1
5780 2423 1
6558 1810 1
1810 2444 1
2444 33 1
33 5997 1
317 5826 4
5826 961 2
961 3056 1
3056 2984 2
2984 5322 1
5322 5997 1
5997 2021 1
2021 370 1
370 5997 1
3732 2436 2
2436 2488 2
2488 6563 1
6563 1871 1
1871 5230 1
5230 961 1
961 976 1
976 5534 1
5534 6640 1
6640 5510 1
5510 976 1
976 1483 1
1483 4333 1
4333 6036 1
6036 5213 1
5213 2556 1
2556 239 1
239 3370 1
3370 981 1
981 3129 1
3129 6024 1
6628 2408 1
2408 1077 1
1077 1171 1
1171 722 2
722 464 3
1810 3029 1
3029 5689 1
5689 1838 1
1838 4335 1
4335 5684 1
5684 3031 1
3031 1585 1
1585 2168 1
2168 6336 1
6336 3265 1
5641 5799 1
5799 5000 1
1810 6038 1
6038 6503 1
3265 1408 1
1408 1810 1
2616 978 1
978 6503 1
312 2475 1
2616 2851 2
2851 6077 1
6077 3265 2
5266 1961 1
1810 915 22
915 3031 4
3381 2616 1
6627 2360 2
2360 6503 1
6503 5893 4
5893 5410 1
5410 2591 1
2591 6249 1
3265 6389 1
2133 1455 1
1455 3944 1
3944 304 1
3265 2936 1
2936 5351 1
5351 1399 1
304 6456 1
6456 3138 1
1961 3849 1
3849 3265 1
3265 840 1
840 5124 1
5124 5310 1
5310 304 1
304 2105 1
2105 956 1
3267 2702 1
2702 304 1
3265 4358 2
6627 330 2
330 378 10
378 4490 1
4490 304 1
2863 5106 2
5106 304 1
304 317 7
3265 4507 1
4507 3942 1
3926 2616 1
5641 2702 1
2702 3265 3
3265 378 1
378 706 1
706 6077 1
5106 1202 1
2863 4876 1
4876 708 1
5693 3053 1
3053 1810 1
1355 3031 1
3031 915 3
915 1959 1
6627 4424 1
4424 2863 2
493 1810 2
3356 3525 3
3525 2899 1
2899 5805 2
5805 4003 2
4003 1134 1
1134 640 1
640 2168 1
2168 3138 1
3267 1330 1
1330 1810 1
6503 4286 1
4286 915 1
915 1810 8
1327 915 1
5511 4024 1
4024 657 1
657 177 1
177 3265 1
3265 3409 1
657 695 1
695 6384 1
6384 4536 1
4536 317 1
317 1114 2
1114 915 1
915 4585 1
4585 1354 1
1354 5879 1
5879 2168 2
2168 5283 3
2616 390 1
390 4424 1
4424 1255 1
1255 4547 1
4547 2629 1
6627 4611 1
4611 3721 1
3721 5510 1
5510 1952 1
5263 5103 2
5103 2688 1
2688 5045 1
5045 5893 1
5893 5920 1
5920 1326 1
1326 2629 3
2629 1326 4
1326 2664 1
2664 359 1
484 6503 1
5997 5040 1
5040 915 1
915 1 2
6640 2168 4
2168 5799 3
1426 5993 3
5993 1354 1
1354 2679 1
2679 657 1
657 4450 1
4450 1952 1
1952 3142 1
3142 6627 1
2556 4278 1
1399 5246 1
5246 441 1
441 5875 1
1762 1460 1
1460 5476 1
5476 2905 1
2905 1401 1
1401 3699 1
3699 338 1
338 1810 1
1130 4143 1
4143 915 1
915 1096 2
312 1326 2
1326 915 1
915 4686 1
4686 3265 5
1173 3370 1
3370 1357 3
1357 3126 1
3126 3267 1
3267 4454 1
4454 640 1
2863 2168 1
2168 1810 23
2863 915 1
1 4662 1
4662 1410 1
1410 3103 1
3103 1810 1
1810 2592 1
2863 3805 2
3805 1810 2
1810 460 2
460 1810 2
3347 6628 1
6628 2618 1
2618 4537 1
5208 3732 2
2488 2863 1
312 5616 1
5616 1810 1
1810 2966 1
2966 1399 1
3267 6387 1
2616 376 1
376 3267 1
3267 2168 2
915 4741 1
4741 3267 4
3267 2361 1
317 5231 2
5231 312 1
312 2529 1
2529 1173 1
5661 3160 1
3160 6627 1
2858 3035 1
3035 1790 1
1790 1572 1
1572 2616 1
2616 579 1
579 1810 2
1810 2963 2
2963 6386 2
4240 1956 1
2616 4717 1
4717 2858 1
2276 509 1
6640 5545 1
5545 3267 1
1941 2556 1
2556 5039 1
5039 2851 1
2851 6640 1
317 6592 1
6592 2537 1
2537 903 1
1810 5040 1
5040 3031 1
3031 409 2
2858 5231 1
5231 790 1
790 1900 1
1900 2556 1
1810 252 1
252 10 1
10 3556 1
3556 5018 1
272 5923 1
5923 2197 1
2197 1810 1
1810 3643 1
3643 1952 1
1952 1380 3
1380 130 1
130 6024 1
1401 2432 1
2432 3706 1
3706 2629 1
317 1098 2
1098 6489 1
6489 2522 1
3370 3307 1
3307 3556 1
3556 312 2
312 90 2
2545 1253 1
1253 2085 1
708 4577 2
4577 1810 4
1810 1646 2
1646 1253 1
1253 6024 1
3356 2232 1
2232 6559 1
6559 1260 1
2858 2889 1
312 2434 1
2434 6505 1
6505 4591 1
4591 2629 1
3566 5999 1
5999 6490 1
6490 392 1
392 3031 1
317 4001 1
4001 3556 1
3556 4181 1
4181 786 1
786 3100 1
5018 1403 1
1403 2629 2
317 3307 4
3307 6068 1
6068 5765 1
5765 2858 1
2858 312 1
312 2968 1
2968 4795 1
4795 3051 1
3051 2629 1
3721 2730 1
2730 3566 1
708 4075 1
3801 2106 1
3566 1173 1
6640 795 1
3756 526 1
3031 3556 1
4763 1 1
1 252 1
252 312 1
5893 6489 1
6489 961 1
961 1810 4
1810 3066 3
3066 3356 1
3356 2629 2
1139 2972 1
4201 6024 1
2545 6365 1
6365 1952 1
3721 708 2
708 3871 1
3871 6456 1
3449 6024 1
6627 85 2
2889 4271 1
4271 2616 1
2863 3703 1
3703 1139 1
1139 3051 1
3051 1426 1
2616 3348 1
3348 317 1
3959 3854 1
6640 4406 2
4406 5609 1
5609 5283 1
5283 915 4
915 6505 1
6505 2553 1
312 3728 1
3728 1810 4
1810 1139 4
2680 6640 1
6640 3073 1
3073 6627 1
1134 1810 5
2707 1977 1
1977 869 2
869 5893 1
2863 5211 2
5211 2133 1
2133 3728 1
3728 1682 1
1682 2523 1
2523 5923 1
5923 992 2
992 3274 1
3274 2616 1
2616 3908 1
3908 3723 1
3723 4424 2
4424 1952 1
416 3787 1
3787 5641 1
5641 6369 1
6369 5369 1
5369 1952 1
1952 1239 1
1239 2629 1
2867 1681 1
1681 1673 1
1673 2350 1
2350 2629 1
1145 1744 1
1744 466 1
466 1010 1
1010 294 1
294 2168 1
915 3468 2
3468 3801 1
2648 4150 1
4150 1970 1
1970 2858 1
2858 4166 2
4166 2556 1
312 2631 1
2631 5502 2
5502 6384 1
6384 1177 1
1177 2631 1
2631 2431 1
2431 3478 1
3478 317 1
317 3478 1
3478 4076 1
4076 2545 1
2545 2115 1
2115 2187 1
2187 232 1
232 6407 1
6407 5834 1
4358 2436 1
2436 1108 1
1108 6597 1
6597 1961 1
1961 5752 1
5752 2351 1
2351 3506 1
3506 5560 1
5560 2133 1
2133 4675 1
4675 915 1
915 5018 1
6503 458 2
2556 4166 1
4166 3031 3
3031 2168 8
2168 6628 1
6628 608 1
608 6640 1
6640 3978 4
3978 304 1
304 6503 2
2168 2863 11
2863 3849 1
3849 5560 1
5560 2629 5
2629 4166 4
4166 2631 1
2631 3478 1
3478 330 1
2520 2591 1
3266 1197 1
5563 1927 1
5218 2475 1
3267 687 1
687 5616 1
5616 3031 1
2858 4792 2
4792 915 1
915 3381 2
3381 5799 1
5799 2556 1
2556 6099 1
6099 5681 1
5681 409 1
1455 2982 1
2982 5375 1
5375 2556 1
2556 2087 1
2087 980 1
980 1355 1
1355 6640 1
6640 6264 1
6264 6640 1
6640 3763 2
3763 5803 1
5803 2556 1
2556 5734 1
5734 6640 1
6640 3210 1
3210 2629 2
5160 6503 1
1405 312 1
312 5681 2
5681 1810 1
1810 5853 1
5853 1961 1
5893 5648 1
4083 1090 1
1090 2168 1
2168 4652 1
2863 1557 1
1557 3189 1
3189 3942 1
2863 2526 2
2526 992 1
992 2322 1
2629 4748 4
4748 5323 1
5323 2616 4
6061 6417 1
6417 382 1
382 3189 1
3189 6627 1
312 992 1
992 2616 3
187 4591 1
4591 2523 1
2523 1810 1
5893 3509 1
3509 2629 1
5951 6487 2
6487 2522 2
2522 1556 1
1556 2858 1
2858 5261 1
5261 6333 1
6333 6438 1
1159 2852 1
2852 2032 1
2032 3992 1
3992 1239 1
1239 3848 1
3848 413 1
413 1527 1
1040 1681 1
2564 2168 1
2168 4427 1
1173 5679 1
2629 329 3
329 3942 1
3942 3787 1
3787 2863 1
2863 4708 1
4708 1 1
5117 508 1
5103 915 6
915 1600 1
1600 317 1
6536 1810 6
1810 4930 1
4930 5810 1
3050 2556 1
2556 329 1
329 4586 1
4586 1202 1
1202 4018 2
4018 3031 1
304 1083 1
1083 6024 1
312 4166 1
2863 2340 1
2340 304 1
304 5560 1
5560 5805 1
5805 1036 1
1036 5001 1
5001 6090 1
6090 464 1
464 618 1
618 312 3
312 1036 1
1036 1961 1
1961 5693 1
5693 5000 1
5000 413 1
413 1956 1
2527 686 1
686 6658 1
6658 2564 1
2629 3995 1
3995 2237 1
2237 3587 1
3587 560 1
560 5005 1
3362 6442 1
6442 5251 1
5251 1239 1
1239 5928 1
5928 1363 1
1363 3258 1
3258 3267 1
1810 2241 1
2241 317 1
317 492 1
492 1145 1
1810 2669 1
2669 409 1
6627 5694 1
5694 4905 1
1040 5940 1
5940 4830 1
4830 2669 1
2669 966 3
966 4906 1
4906 1810 1
1810 1621 1
1621 1810 1
3300 2856 1
2856 5923 1
1426 1941 1
1941 3300 1
3300 5152 1
3300 1023 1
1023 1040 1
5799 96 1
2132 1885 1
1885 560 1
560 6523 1
2863 5427 1
5427 6640 1
3721 1894 1
1894 6627 1
2863 4727 1
4727 4203 1
5679 2656 1
2656 2720 1
2720 294 1
294 6279 1
6279 1810 1
3591 2406 1
2406 6286 1
6286 1676 2
1676 6640 1
4810 1173 1
1173 731 1
731 6151 1
2499 2616 1
132 4138 1
1509 2168 2
2168 856 1
856 5639 1
1680 2111 1
2111 2024 1
2024 1810 1
5641 1816 1
6421 3569 1
3569 2085 1
2682 915 1
915 1656 1
1656 5074 1
5185 6462 3
6462 794 1
794 3495 2
3495 2550 1
2550 3675 1
3675 55 1
55 1810 1
1044 6497 1
6497 1792 1
1792 1249 1
1249 44 1
44 1136 1
1136 1822 1
1822 3562 1
3562 4697 1
4697 2326 1
2326 3732 1
3732 6339 1
6339 317 1
5805 5875 1
5875 1265 1
317 5806 1
5806 1139 1
1139 718 1
718 169 1
169 1894 1
1894 1159 1
5103 1430 1
1430 3809 1
3809 5185 1
5185 6472 1
6472 1932 1
1932 6421 1
5103 3666 1
3666 4358 1
6627 915 3
915 1747 2
1747 6628 1
6628 1249 2
6497 1327 1
1327 54 2
54 660 1
660 5936 2
5936 898 1
898 2541 3
2541 1915 1
1915 5935 1
5935 6548 1
6548 2629 1
2629 1333 1
1333 2384 1
2384 5830 1
5830 2629 2
54 3265 1
3265 6326 1
6326 3300 1
3801 1327 1
1327 1879 1
3080 1404 1
1404 225 1
225 6103 1
6103 423 1
423 1961 2
1961 2772 1
2772 2844 1
2844 526 1
1810 1802 1
1802 5071 1
5071 5103 1
4052 567 1
567 1428 1
1428 4878 1
4878 567 1
567 6436 1
6436 1810 1
3850 3031 1
664 236 1
2414 1816 1
317 5830 1
5830 598 1
598 3265 5
3265 4138 2
2923 2572 1
2572 848 1
848 2342 1
2342 722 3
722 2086 1
2086 2629 1
2629 5831 1
5831 3841 1
3841 330 1
378 2984 1
3381 2168 1
2168 3065 1
3065 317 1
5386 722 1
722 1258 3
1258 6627 1
2553 5327 1
5327 5283 1
915 317 3
3591 1426 4
1426 992 1
2616 3353 3
2616 2707 2
2707 1599 1
1599 1810 1
1810 4891 1
4891 220 1
220 2629 2
2629 6588 1
6588 1822 1
1822 5028 3
5028 6576 1
6576 1871 1
1871 5764 1
5764 2629 2
2629 65 3
65 1822 2
1822 5054 3
5054 1810 4
1810 1183 4
1183 6503 1
722 2629 5
708 5480 2
5480 5103 2
6114 2361 1
6627 1096 1
1096 78 1
78 5510 1
5510 5893 1
6640 2434 2
2434 5429 1
5429 317 2
317 5831 1
5831 1134 1
2434 464 1
464 4324 1
4324 6640 2
1404 4999 1
2085 2556 1
2556 3557 1
3557 4391 1
4391 13 1
13 1952 1
1114 1961 1
1961 1343 1
1343 2591 2
2591 5997 3
2840 6640 1
3525 2316 1
2316 3432 1
4786 4091 1
4091 6507 1
6507 3032 1
3032 2851 1
2851 5218 1
1426 915 1
915 3875 1
3265 2254 4
312 5054 1
1183 1709 1
1709 3158 1
3158 6503 4
5117 657 1
657 1816 1
1816 5054 1
5054 1 2
1 2168 8
2168 2591 1
2591 5778 1
5778 1183 1
1183 3031 1
3031 548 1
548 2168 1
2168 1399 1
1399 1183 1
1183 312 1
312 2568 1
2568 1121 1
1121 5875 1
2556 2408 1
2408 1810 1
1810 5215 1
239 312 1
312 2935 2
2935 5634 1
5634 1197 1
1197 3266 1
144 1197 1
1197 1763 1
1763 2994 1
2994 1810 1
5799 5492 1
5492 4514 1
4514 5997 1
312 1816 1
317 1439 1
1439 2183 1
2183 1 1
6627 3197 1
3197 4859 1
4859 1183 1
1183 5263 1
65 1810 1
2416 2629 1
2629 2404 1
2404 3605 1
1961 1947 1
3266 2009 1
2009 1810 1
1810 3049 1
3049 6464 1
6464 5103 1
5103 5098 2
5098 618 1
618 1762 1
1762 6024 1
6640 2183 1
2183 1197 1
1197 409 1
409 5052 1
5052 915 1
915 856 1
856 1822 1
1822 6462 1
6462 1965 1
1965 1195 1
1195 2104 1
2104 3206 1
3206 2714 1
2714 2629 2
2629 2026 1
2026 1810 1
6627 5608 1
5608 2307 1
2307 1197 1
1197 5028 1
5028 1810 1
1197 1327 2
1327 4404 1
4404 1709 1
1709 3495 1
3495 1426 1
1426 1302 1
1302 127 1
127 1195 1
1195 63 2
63 1810 1
1810 6465 1
6465 5103 1
5098 1197 1
1197 1183 1
1183 2168 1
2168 312 5
1228 4201 1
4201 915 1
915 458 1
4697 3066 1
3066 5052 1
5052 5799 1
5805 1418 1
1418 3370 1
3370 1828 1
1828 6510 1
5286 4710 1
4710 1130 1
1130 6103 1
6103 1031 1
1031 6505 1
1961 1816 1
1816 4056 1
4056 4201 1
4201 3265 3
3265 3399 1
3399 2077 1
2077 2168 1
2168 6505 3
5923 867 1
867 5052 1
5052 2705 1
2705 2522 1
5951 317 1
317 1850 1
5005 6061 1
6061 2616 3
2616 2868 1
2868 992 2
992 4138 1
3075 915 1
915 3154 1
3265 4406 1
4406 1976 1
3127 2553 1
2553 4585 1
4585 3702 1
3702 1810 1
1139 96 2
1173 1197 2
915 3060 1
3060 3905 1
3905 317 1
5923 989 1
708 6261 2
6261 2168 1
2168 5881 2
5881 3912 1
3912 3468 1
6505 4150 4
4150 2930 1
2342 5810 2
5810 6460 1
3914 6024 1
2616 769 3
769 409 1
409 2189 1
2189 1810 1
1173 4153 1
4153 6640 1
6640 1403 1
1403 5103 1
3267 508 2
508 2629 1
2629 2371 1
6505 1636 1
1636 2189 1
2189 2085 1
2616 699 1
699 317 1
1959 790 1
790 3008 1
1357 5369 1
5369 317 3
317 600 1
600 1139 1
1139 1397 1
1397 2616 1
2616 4893 1
4893 2629 1
3207 1113 1
1113 1973 1
1973 233 1
233 1027 1
1027 2629 1
2629 5500 1
5500 2889 1
2187 5283 1
708 1810 4
1810 2432 1
2432 3468 1
2629 2539 4
2539 4601 1
4601 317 1
2333 1469 1
3486 2168 1
2168 3875 1
3875 4961 1
4961 903 1
903 6627 1
5018 3941 2
3941 5989 2
5989 317 2
2674 1742 1
1742 5810 1
5810 1140 2
5881 458 1
5208 915 1
915 5283 3
304 3511 1
3511 5867 1
5867 5323 1
2802 6503 1
6503 1899 1
1899 2432 1
2432 5867 1
5867 4038 1
4038 2647 1
2647 2669 1
2669 5671 1
5671 2453 1
2453 5670 1
5670 1810 1
1810 2637 1
2637 708 1
708 6138 3
6138 2629 3
2539 3031 1
3031 1104 3
1104 3346 1
3346 3423 1
3423 915 1
915 5448 2
5448 3680 1
3680 1810 1
4779 2616 1
5103 2168 3
2168 3468 1
2539 317 1
317 4022 1
4022 2616 2
2616 1242 2
1202 2501 1
2501 3097 1
3097 4201 1
4201 1139 1
1139 312 4
5693 1421 1
1421 1762 1
1762 5458 1
5458 3239 1
3239 5999 1
5999 6456 1
6456 3451 1
3451 2629 1
2629 1098 1
1098 2522 1
3254 409 1
409 2333 1
312 1528 2
1528 6341 1
6341 1810 1
1810 4940 1
4940 2398 1
2398 2187 1
1401 1822 1
1822 2111 1
2111 3438 1
3438 6351 1
6351 3370 1
3370 2611 1
2611 317 1
317 2923 1
2923 2501 1
312 6261 1
6261 2648 1
2648 2249 1
2249 412 1
412 317 1
2187 4574 1
4574 2346 1
2346 4716 1
4716 1051 1
1051 37 1
37 2568 1
2568 2430 1
2430 1810 1
3850 2298 2
2298 3801 1
3801 5805 1
1426 2648 1
2648 5893 1
5893 4666 1
4666 2783 1
2783 5453 1
5453 5392 1
5392 4640 1
4640 4639 1
4639 4038 1
4038 2629 2
840 3841 1
3841 2629 1
3207 2132 1
2132 3547 1
3547 1440 1
317 234 3
234 2008 1
2008 1810 1
3710 1822 1
1822 1050 1
1050 1266 1
1266 5873 1
5873 225 1
225 2568 1
2568 317 1
317 5279 1
5279 3710 3
3710 235 1
235 2568 1
2568 4130 1
4130 312 1
4662 242 1
242 1 1
1 4997 1
4997 83 1
83 317 1
3207 5065 2
5065 3801 1
3801 3591 1
3591 2648 1
2648 4639 1
4639 6497 1
6497 4719 1
4719 4697 1
4697 1097 1
5705 1810 1
708 5455 1
5455 2855 1
2855 3671 1
3671 5455 1
5455 605 1
605 708 1
708 236 2
236 1952 1
1952 2132 1
2132 921 1
921 2923 1
2923 4467 1
4467 1512 1
1512 1327 1
1327 771 1
771 1961 1
140 1709 1
1709 4639 1
4639 5641 1
956 4640 1
4640 1810 1
6628 4779 4
4779 663 1
663 2504 1
2504 3732 1
3732 2038 1
2038 740 1
740 625 1
625 5834 1
4171 1108 1
1108 1810 1
1810 776 1
776 5370 1
708 987 2
987 3732 2
3265 3843 1
3843 841 1
841 2669 1
966 3423 1
3423 166 1
166 1810 1
1810 4212 1
4212 3266 1
3266 3302 1
3302 6627 1
6627 2472 1
2472 1787 1
1787 317 1
317 4740 1
4740 441 1
312 1449 1
1449 317 1
1355 4586 1
4586 4640 1
4640 4358 1
4358 2880 1
2880 5102 1
5102 409 1
409 2563 1
2563 3451 1
3451 5103 1
5103 2222 1
1810 578 1
578 5857 1
5857 6456 1
6456 1952 1
1952 5294 1
5294 3951 1
3951 1810 2
1810 5360 2
5360 1015 2
1015 5864 1
5864 6024 1
3732 6604 1
6604 5458 1
5458 708 2
508 2043 1
2043 3300 1
5641 3671 1
3671 1810 1
1810 5090 1
5090 2923 1
2923 4486 1
5805 4794 1
4794 6503 1
5641 3541 1
3541 2629 1
1810 2177 1
2177 1961 1
5741 352 1
464 2556 1
2556 2168 1
5881 4541 1
1952 2038 1
2038 1810 1
1810 698 1
698 317 1
317 4824 1
4824 5103 1
5103 4639 1
4639 4139 1
4139 6264 1
6264 3265 1
3265 5185 1
5185 2501 1
1810 2168 6
2168 3179 1
3179 970 1
970 3969 1
3969 409 1
409 900 1
900 2855 1
2855 4954 1
317 4587 4
4587 5954 2
5954 961 1
312 3686 1
3686 2629 3
2629 1884 3
1884 3231 4
3231 3031 1
3031 407 1
407 3480 1
3480 3265 1
4138 1443 1
1443 220 1
220 5269 1
5269 4107 1
4107 1810 1
3265 3468 2
3468 5786 1
5786 6505 1
6505 2638 1
2638 3035 1
3035 3520 1
3520 3213 1
3213 179 1
179 213 1
213 4704 1
4704 3051 1
3265 3194 1
3265 827 1
5103 3566 4
3566 2629 1
132 2863 1
2863 1874 10
1874 6421 1
6421 317 1
2022 5844 1
2591 5389 3
5389 5799 1
5202 1327 1
3265 1937 1
1937 5767 1
1810 2975 1
2975 2629 3
3265 5844 4
5844 5799 1
5799 90 1
90 3265 1
3265 4545 1
4545 3300 1
3231 1810 1
1810 4128 1
4128 3355 1
3355 1139 2
5185 3540 1
3540 5875 1
5875 6505 2
6505 3137 1
3137 3686 1
4748 1209 1
1209 6627 1
3265 2428 1
2428 6096 1
6096 6460 1
6460 1327 1
1327 4203 1
3265 1788 2
1788 5103 1
409 3686 1
3231 6389 1
6389 2545 1
2545 4208 1
4208 651 1
651 6505 1
6505 1207 1
1207 5989 1
5989 96 1
96 1047 1
1047 1140 1
4783 3265 2
6096 5201 1
5201 3686 1
3686 6483 1
6483 2635 1
2635 6456 1
2863 180 1
180 6640 1
6640 1762 1
1762 2984 3
2984 2556 2
2556 1686 1
1686 6627 1
1134 1213 1
1213 6456 2
6456 2629 5
2629 3952 1
3952 2539 1
2539 1938 1
1938 252 1
252 1810 2
1810 186 1
186 6458 1
6458 1810 1
5923 1290 1
1290 4639 1
4639 389 1
389 1326 1
1326 705 1
705 3686 1
3686 4358 1
4358 4139 1
4139 5370 3
5370 2168 1
2168 6095 1
6095 317 1
317 5360 1
5360 1810 1
409 2783 1
2783 1469 1
352 2256 1
2256 671 1
671 5139 1
5139 317 1
3265 4023 1
4023 5103 1
5103 3985 1
3985 5391 1
5391 3771 1
3771 5103 1
3300 6453 1
970 2223 1
2223 4741 1
5117 3117 1
3117 5103 1
5103 6584 1
6584 708 1
5478 5103 3
1810 4639 1
4639 5881 1
5881 2168 1
2168 1150 1
1150 6584 1
6584 317 2
317 4686 1
5074 5641 3
5641 3145 1
3145 4508 1
4508 4043 1
4043 861 1
861 928 1
928 193 1
193 1810 1
1810 614 1
614 5890 1
5890 5668 1
5668 2518 1
2518 1952 1
1952 1090 1
1090 3686 1
3686 2923 1
2923 4652 1
4652 3265 2
3356 1762 2
2897 1956 1
1956 5770 1
5770 1469 1
1469 6485 1
6485 4532 1
4532 3265 1
5185 1265 1
2168 3381 1
5211 4139 1
4139 1139 1
1139 2539 1
2539 4271 1
3265 236 5
236 1762 1
1762 3000 1
4514 3265 1
3265 5569 1
5569 388 1
317 1884 1
3231 1078 1
1078 5327 1
5327 4467 1
1134 3139 1
3139 3686 1
3686 2085 1
2168 5539 1
5539 5456 1
5456 1140 1
1140 3227 2
3265 5457 1
5457 595 1
595 5228 1
5228 1260 1
1810 5229 1
5229 4774 1
6421 2232 1
2232 5923 10
3265 5642 1
5642 299 1
529 2187 1
2187 1613 1
1613 3801 1
3801 5832 1
5832 2085 1
2616 533 1
533 2333 1
2333 1269 1
1269 3265 1
3265 4420 1
4420 6503 3
5123 4372 1
4372 1139 1
1139 1469 1
3265 2534 1
2534 1164 1
1164 4640 1
4640 3065 2
3065 6648 1
6648 5881 1
5881 4464 1
4464 1312 1
1312 3031 1
1085 3267 1
3267 1202 1
1202 4640 1
3686 2224 1
2224 3265 1
5103 5412 5
5412 6384 1
6384 3686 1
3686 3023 1
2863 4406 2
4406 1399 1
1399 1734 1
1734 1742 1
1742 1140 1
2539 3972 1
3972 2168 1
388 915 1
915 572 1
572 6503 1
3527 5201 1
5201 746 1
746 1134 1
1810 1666 1
1666 4304 1
4304 1961 1
312 6347 1
6347 5185 1
5185 1661 1
1661 3031 1
4423 2168 1
3065 5185 3
5185 3811 2
3811 915 1
915 4513 1
4513 317 1
317 5867 2
5867 3265 1
3265 2752 1
2752 1097 1
1097 2432 1
2432 3155 2
3155 3065 2
3065 52 1
52 1197 1
1197 1097 1
1097 6322 2
6322 1810 4
1810 4020 1
4020 1469 1
6627 6489 1
6489 1260 2
1260 1709 1
3265 2638 2
2638 3155 1
3155 317 1
317 1841 1
1841 885 1
885 2629 1
3031 6505 1
1140 625 1
625 6265 1
6265 1469 1
1469 6489 1
1260 6419 1
6419 6628 1
6628 885 1
885 312 1
317 961 2
961 3868 1
3868 6386 1
312 6205 1
6205 1323 1
1323 1810 2
1810 2402 1
2402 3031 1
3265 2266 2
2266 5894 1
5894 1810 1
1810 1323 1
1810 3191 1
3191 3173 1
3173 1810 1
5844 4203 1
4203 4061 1
4061 3867 1
3867 3707 1
3707 6503 1
3265 3061 2
3061 2733 1
2733 1140 1
1140 2232 2
2638 1404 1
1404 3207 7
3207 5547 1
5547 3267 1
5117 2432 1
2432 5656 1
5656 5951 1
5951 2908 1
2908 1810 1
1810 2476 1
2476 5657 1
5657 3801 1
3801 2696 1
2696 4799 1
5239 5656 1
5656 6627 1
3265 3347 6
3347 1197 1
1197 2751 1
2751 317 1
317 885 2
885 2863 1
458 1469 1
6627 3015 1
3015 974 1
974 5805 1
3127 317 1
3152 3265 1
3265 825 1
825 1124 1
1124 5103 1
4000 1260 1
1260 4644 1
4644 6417 1
1139 3829 1
3829 3265 1
3155 2752 1
2752 3267 1
3267 1095 1
1095 5799 1
3270 4309 1
4309 5459 1
5459 1197 1
312 1860 1
1860 85 1
5103 6131 1
6131 2629 1
2629 3550 1
3550 3618 1
3618 6470 1
6470 3717 1
3717 3801 1
3801 2025 1
2025 3870 1
3870 1260 1
1260 2667 1
2667 1 1
312 4033 1
4033 5930 1
5930 3282 1
3282 4466 1
4466 1173 1
1810 957 1
957 6503 1
3265 95 1
5103 3706 1
3706 5234 1
5234 317 1
2522 1469 1
3307 1404 1
317 4704 3
4704 1777 1
1777 390 1
390 2629 1
2629 5209 3
5209 1810 1
2254 3265 3
3265 3940 1
1810 4377 1
4377 2695 1
2695 312 1
312 4041 1
4041 2667 1
2667 6205 1
6205 4744 1
4744 1846 1
1846 3447 1
3447 5283 1
915 2616 2
2591 148 1
148 3728 1
1139 1961 2
1500 2088 1
2088 5218 1
1426 5190 1
5190 1173 1
1173 3732 2
3036 4004 1
4004 3265 1
1810 6140 1
2629 3155 1
3155 5282 1
5282 6503 1
2616 3940 1
3940 85 1
1810 363 2
5844 1952 1
3265 4334 1
4334 495 1
495 3031 1
2616 90 1
3566 5875 1
5875 458 1
317 1253 1
1253 6628 1
6024 2858 1
2858 1326 1
1326 317 3
317 5772 1
5772 281 1
281 2667 1
2667 6385 1
304 509 1
509 399 1
399 2736 1
2736 2629 1
2629 1173 2
1173 6423 1
6423 1810 4
1810 2788 1
2788 3031 1
2863 881 1
881 304 1
2858 4951 1
4951 3065 1
3065 89 1
89 1432 1
1432 5367 1
5367 1289 1
1289 399 1
399 977 1
977 1163 1
1163 2616 1
708 615 1
615 915 1
915 1976 1
1976 2846 2
2846 1810 1
1810 6181 1
6181 6456 1
96 6365 3
6365 317 1
5018 6207 1
6207 1961 1
2553 1090 1
1090 6505 1
6505 1826 1
1826 5923 1
5923 5295 1
5295 2187 1
312 765 1
765 3425 1
3425 4581 1
4581 915 1
5867 1202 1
1202 1159 1
5263 4510 1
4510 1961 1
1961 2622 1
2622 1810 1
5411 850 1
850 3045 1
3801 3968 1
3968 3050 1
3359 4653 1
4653 2523 1
2523 992 1
1810 1556 1
6333 5893 1
2085 991 1
991 1081 1
1081 4632 1
4632 1822 1
460 2085 2
2085 317 2
6489 6438 1
6287 1173 1
1173 3923 1
329 3265 2
3265 5870 1
5870 5593 1
1343 907 2
907 2545 1
2545 2616 1
1404 693 1
693 2168 1
2168 2629 2
2858 4748 1
4748 2984 1
1343 3381 1
6640 3056 1
1810 5348 1
5348 213 3
213 2616 2
1097 1518 1
1518 1227 1
1227 2860 1
2860 359 1
359 4763 1
1961 5647 1
5647 1077 1
915 2863 4
6384 6288 1
6288 1173 1
1173 4652 1
4652 2168 1
2168 3786 1
3786 4224 1
4224 6505 1
4143 1961 1
6627 1760 1
1760 3031 1
1081 3954 1
3954 6336 1
6336 1810 1
1810 5669 1
5669 791 1
791 6014 1
6014 5680 1
5680 6503 1
6503 5476 1
5476 1491 1
1491 5042 1
5042 6647 1
6647 5500 1
5500 1081 1
1081 456 1
456 2168 1
915 804 1
804 2720 1
2720 1822 1
1822 6536 4
6536 5045 1
5045 6024 1
312 2056 1
2056 3031 1
3031 4138 3
4138 5923 4
3267 778 1
778 1469 1
241 3267 1
3267 4468 1
4468 4138 1
2168 6232 1
2629 2197 3
2197 3721 2
5448 5125 1
1810 1702 1
1702 6591 1
6591 5599 1
526 1592 1
1592 5967 1
2851 6306 1
6306 2705 1
2705 5052 1
5052 1183 1
1183 2085 1
3265 1301 1
1301 6385 1
6385 857 1
857 5052 1
5052 3267 1
3267 5641 1
5641 6219 1
6219 5103 1
915 508 1
508 915 1
915 1693 1
3732 5712 1
5712 4795 1
4795 451 1
451 1810 2
1810 4430 1
4430 5074 1
5074 1952 2
1952 5239 1
5239 2720 1
3265 1747 1
1820 2629 2
2629 2290 2
2290 5893 1
5893 2168 1
1258 3303 1
3303 1961 1
1822 244 1
244 5054 1
1 4598 1
4598 5900 1
5900 2907 1
2907 5352 1
5352 5055 1
5055 359 1
359 1183 1
1183 4344 1
4344 6638 1
6638 2908 1
2908 1121 1
1121 4253 1
4253 4999 1
4999 2863 1
2591 5000 1
5000 1961 1
1961 3323 1
3323 1709 1
3267 856 1
856 3558 1
3558 1195 1
1195 2508 1
2508 5201 1
5201 915 1
915 1822 1
1822 1337 1
1337 274 1
274 1810 1
5641 4325 1
4325 220 1
2629 2508 1
2508 1822 1
5028 4528 1
4528 915 1
915 1859 1
1859 5117 1
5117 5028 1
5028 2415 1
2415 312 1
312 5420 3
3267 6323 1
6323 1810 1
1810 3882 1
352 2168 1
2168 4135 1
4135 1810 1
6201 1469 1
241 5879 1
3267 5018 1
5018 3406 1
5641 228 1
228 2475 1
2475 5208 3
5208 3065 1
3065 4863 1
4863 4432 1
4432 3615 1
3615 3267 1
3267 4902 2
4902 2629 1
6628 5005 1
5005 606 1
606 3591 1
6112 5385 2
5385 915 1
915 3459 1
3459 2972 1
2972 54 1
54 317 1
5359 1469 1
5836 1139 1
3721 5679 1
5679 1363 1
1363 2170 1
2170 6417 1
1139 1871 1
1871 6323 1
6323 1871 1
1871 5010 1
5010 1961 1
1961 815 1
815 915 1
915 5764 1
5764 1822 1
1183 3212 1
6288 6061 1
2616 2432 1
2432 3729 1
3729 991 1
991 317 1
317 6574 1
6574 5012 1
5012 1850 1
1850 2616 1
4525 2629 1
2522 875 2
875 4358 1
4358 622 1
622 3207 1
3207 5082 1
5082 3230 1
3230 6017 1
6017 2052 1
2052 3128 1
3128 1961 1
304 5992 1
5992 2616 1
708 2232 1
2232 1173 1
1173 5223 1
317 992 1
992 3783 1
3783 2930 1
2342 6261 1
6261 5810 1
5810 5561 1
5561 2616 1
2616 4077 1
4077 3525 1
3525 6097 1
6097 317 1
317 6430 1
6430 1010 1
1010 236 1
236 4324 1
4324 1810 2
1810 3250 1
3250 1458 1
1458 5775 1
5775 6126 1
6126 3451 1
3451 317 1
317 1283 1
1283 6342 1
6342 1810 3
1810 265 2
265 6430 1
6430 317 1
416 6119 1
6119 1090 1
2616 4326 1
4326 3433 1
3433 5386 1
5386 6261 1
6261 5561 1
5561 915 1
5448 62 1
62 1810 1
2616 4137 7
4137 3732 1
3732 989 3
989 4913 1
4913 54 1
54 618 1
312 2752 2
2752 2629 1
3267 549 1
549 6548 1
6548 6103 1
6103 1805 2
1805 5893 1
4795 659 1
659 5936 1
5936 1374 2
1374 898 2
2541 1822 1
1822 2384 2
2384 1333 2
1333 5830 2
5830 1810 1
1810 6617 2
6617 2048 2
2048 5638 2
5638 1822 2
1822 2167 1
2167 5830 1
5830 906 1
906 6025 1
6025 4730 1
4730 3681 1
3681 317 1
317 2383 1
2383 1 1
5801 2150 1
2150 2314 1
2314 5830 1
2629 2135 1
2135 312 1
312 1874 1
1874 6485 1
6485 4322 1
4322 3605 1
3605 4252 1
4252 4724 3
4724 153 1
153 5764 1
1183 5054 1
5054 2538 1
2538 898 2
898 1183 1
1183 2538 1
2538 2048 2
2048 4358 1
4358 6299 1
6299 409 1
409 5975 1
5975 3035 1
3035 2183 1
2183 3035 1
3035 1129 1
1129 5801 1
5801 4212 1
4212 2958 1
2958 2319 1
2319 2229 1
2229 5764 1
5764 220 1
220 1822 1
5028 2538 1
898 5029 1
5029 2538 1
2048 1 1
5801 3732 1
3732 3343 1
3343 1429 1
1429 4724 1
4724 312 2
312 4697 1
4697 153 1
153 2578 1
2578 891 1
891 1792 1
1792 2049 1
2049 1916 1
1916 3267 1
3267 416 1
416 3880 1
3880 317 1
317 3562 1
3562 5893 1
4795 3732 1
3732 4526 1
4526 5614 1
5614 23 1
23 317 1
317 1383 1
1383 718 1
718 3707 1
3707 6421 1
6421 4999 1
1810 5379 1
5379 3708 1
3708 6421 1
6421 2714 1
2714 54 1
54 2616 1
4467 267 1
989 708 1
708 2287 1
2287 4038 1
3207 6162 1
6162 3605 1
3605 3236 1
3236 2287 1
2287 312 1
312 4686 1
4686 3571 1
3571 2648 1
1952 5663 1
5663 3818 1
3818 6628 1
6628 2648 1
2648 4410 1
4410 4389 1
4389 2398 1
2398 2629 2
5005 4238 1
4238 3801 1
3801 1265 1
6126 2815 1
2815 3842 1
3842 6503 1
6628 2308 1
2308 1956 1
2527 2591 2
2591 3141 1
3141 317 1
526 6456 1
6456 1822 1
6126 732 1
732 3801 1
3801 1097 1
1097 2308 1
2308 3842 1
3842 132 1
132 3366 1
3366 6078 1
6078 2652 1
2652 2669 1
2669 5005 1
5005 5810 1
5810 1404 1
1404 1459 1
1459 6456 1
3525 3274 1
3274 4203 1
6503 1885 1
1885 4238 1
4238 3067 1
3067 5606 1
5606 2629 1
2629 3197 1
3197 4669 1
4669 6063 1
2863 3207 2
3207 1 3
1 2972 1
2972 1265 1
1265 3850 1
3850 989 1
989 419 1
419 1258 1
1258 4766 1
4766 2695 1
2695 5799 1
1961 5005 1
5005 2993 1
2993 932 1
932 1810 1
1810 4855 1
4855 3267 1
3267 6460 1
6460 205 1
205 651 1
651 3896 1
1952 3983 2
3983 5836 1
5836 236 2
236 5320 1
5320 2629 1
6162 5832 1
5832 1810 1
1810 2145 1
2145 1810 2
1810 1390 1
1390 4369 1
4369 708 1
708 3035 1
3035 6342 1
265 5231 1
5231 4130 1
4130 4381 1
4381 5103 1
5208 3075 1
3075 1810 1
1810 5993 6
1426 317 1
317 5832 1
5832 1595 1
1595 651 1
651 1202 2
416 3346 1
3346 1404 2
1404 2545 1
2545 6640 1
1952 6430 1
6430 1810 1
1810 267 1
267 6024 1
6024 1538 1
1538 2197 1
2197 3547 1
3547 3942 1
2863 6138 5
6138 5676 1
5676 5879 1
5879 4475 1
4475 3570 1
3570 6640 1
6640 162 1
162 3063 1
3063 523 1
523 6430 1
6430 312 1
312 374 1
374 5805 1
5805 6516 1
6516 1805 1
1805 6640 1
461 2601 1
2601 317 1
3207 3010 1
3010 129 1
129 1810 1
317 6345 1
6345 96 1
96 5125 1
1810 5699 1
5699 5286 1
2629 2145 3
2145 1 1
1 5101 1
2145 5814 1
5814 2201 1
2201 317 1
317 5050 1
5050 2171 1
2171 6632 1
6632 1810 1
1810 2176 1
2176 3368 1
3368 264 1
264 1810 1
1810 1801 1
1801 2629 1
2629 2516 1
2516 1260 1
1260 6627 1
312 6103 1
1805 4201 1
409 5285 1
5285 1091 1
1091 1810 1
2601 689 1
689 2629 1
2629 5214 3
5214 2203 1
2203 1810 1
1810 1020 1
1020 4907 1
4907 2601 1
2601 1959 1
1959 5805 2
5805 5640 1
5640 5704 1
5704 1 1
6024 1096 1
1096 5050 1
5050 2330 1
2330 6632 1
6632 4813 1
4813 555 1
555 94 1
94 1810 1
1810 1130 2
1130 3267 1
3267 4232 1
2629 4342 1
4342 1803 1
1803 4724 1
4724 6361 1
6361 317 2
317 2293 4
2293 2224 2
1810 141 1
141 4201 1
3300 4272 1
4272 4863 1
4863 1003 1
1003 1810 2
5641 3945 1
3945 6103 1
6103 6332 1
6332 1 1
1 2071 1
2071 317 1
651 753 1
753 5805 1
5805 6188 1
6188 6593 1
5805 1472 1
1472 423 1
708 3948 1
3948 5103 2
5412 352 1
352 1978 1
1978 4763 1
4763 5641 1
5641 4541 1
4541 2629 2
2629 39 2
39 6430 1
6430 6348 1
6348 6503 1
5881 6175 1
6175 1392 1
1392 396 1
396 2863 1
3724 705 1
1327 361 1
361 6073 1
6073 3265 1
3265 6101 1
6101 3031 1
5392 3018 1
6386 4324 1
4324 4885 1
4885 3353 1
3353 4724 1
4724 5416 1
2669 4763 1
4763 2923 1
2923 1083 1
1083 271 1
271 515 1
515 2629 1
39 1810 1
6386 739 1
739 3265 1
3265 570 1
570 3031 1
3031 6374 1
6374 6430 2
6430 3352 1
3352 3267 1
1810 4597 4
4597 2213 1
2213 5013 1
5013 903 1
903 817 1
817 6054 1
6054 6503 1
708 2553 1
2553 6156 1
6156 5576 1
6628 1003 2
1003 3650 1
3650 5070 1
5070 5875 1
312 3926 1
3926 4608 1
4608 396 1
2629 2397 1
2397 4763 1
4763 3987 1
3987 2629 1
2629 2398 2
2398 3031 1
5894 3265 1
3265 6232 2
6232 1961 1
1961 2398 1
2398 5641 1
1362 1810 1
1079 393 1
393 5286 1
5286 1810 1
1810 3826 1
3826 5185 1
5185 5216 1
5216 5799 1
1083 1111 1
1111 4491 1
4491 3764 1
3764 6024 2
2629 6130 1
6130 2863 1
2591 6100 2
6100 3266 1
1 4763 1
4763 6298 1
6298 1469 1
1469 1030 1
1030 1810 1
1956 4712 1
4712 3036 1
3265 453 1
453 2629 1
2629 537 2
537 1806 1
1806 668 1
668 5103 4
2501 2224 1
2224 6391 1
6391 1202 1
1202 5360 1
5360 2720 1
2720 2975 1
708 6234 1
6234 4491 1
4491 2398 1
2398 821 1
821 1810 1
1810 4053 2
4053 3732 1
3732 39 1
39 4763 1
4763 2322 1
5214 1810 1
1810 5170 1
5170 4074 1
4074 5875 1
3207 5875 2
5875 1327 2
1327 3036 1
3036 1202 2
5117 1774 2
1774 1 2
1 1806 1
1806 4044 1
4044 5103 1
1202 5412 1
5412 359 1
359 6628 1
6628 2983 1
2983 1956 1
2591 4800 1
4800 618 1
6232 317 1
317 5214 1
5214 1961 1
1404 4261 1
4261 6293 1
1469 6130 1
6130 6470 1
6126 5679 1
5679 4714 1
5214 823 1
823 6130 1
6130 1810 1
1810 5333 1
5333 5074 1
2398 4585 1
4585 5286 1
5286 317 1
409 3288 1
3288 352 1
5641 308 1
308 5140 1
5140 5103 1
5208 3710 1
3710 5788 1
5788 1456 1
1456 5799 1
1810 2481 1
2481 3605 1
928 2591 1
2591 5208 3
5208 4322 5
4322 3265 1
5208 5227 1
5227 5788 1
5788 1810 1
352 3605 1
2616 3532 2
3532 2204 1
2204 2793 1
2793 2691 1
2691 3265 1
3265 2366 1
2366 5679 1
2398 5928 1
5928 1810 1
1810 2463 1
2463 2669 1
966 6367 1
6367 4201 1
4201 5532 1
5532 5103 1
5103 2398 1
409 6371 1
6371 4912 1
4912 1810 1
1810 4474 1
4474 6031 1
5185 6046 1
6046 409 1
409 4724 2
4724 174 1
2293 1810 2
1810 5000 1
5000 3370 1
1866 1810 1
1810 611 1
611 5893 1
5893 6374 1
6430 1229 1
5799 2366 2
2366 3241 1
3241 5325 1
5325 2899 1
2899 5045 1
5045 3227 1
3265 5461 6
5461 2691 1
2691 4406 1
4406 5805 1
5805 2365 1
2365 6593 1
6593 1 1
1 6374 1
1796 3023 2
3023 6640 4
5693 6109 1
6109 6135 1
6135 6503 3
5799 6097 1
6097 2689 1
2689 3031 2
3031 3006 3
1469 1976 6
1976 1140 1
5478 304 1
304 312 1
2501 6374 1
6374 6640 1
1959 6384 1
6384 6627 1
6627 6430 1
6430 2863 1
306 2629 1
5160 6640 2
2488 312 2
5693 1228 1
1228 317 1
416 5537 1
5537 1810 1
2858 4324 1
4324 3031 1
2616 5458 2
5458 2863 1
2863 225 1
225 1102 1
1102 1806 1
1806 5799 1
2616 1386 1
1386 6096 1
6096 3970 1
3970 4988 1
4988 1806 1
1806 5693 1
5693 6391 1
6391 317 1
651 4324 1
915 312 2
6124 3087 1
3087 708 1
3267 6138 1
6138 2863 1
2863 1238 2
1238 2132 1
2132 1469 1
1469 1901 1
1901 3207 1
3207 2439 1
2439 2187 1
2187 1690 1
1690 915 1
915 6271 1
6628 43 1
43 3261 1
3261 3023 1
317 6548 1
6548 6503 1
3267 3060 2
3060 6507 1
6507 1050 1
1050 3013 1
3013 4266 1
4266 2122 1
2122 1871 1
1083 6507 1
6507 3724 1
3724 5844 1
3267 4064 1
4064 4359 1
4359 3265 1
6287 458 1
458 234 1
234 2350 1
2350 3169 1
3169 290 1
290 2738 1
2738 6531 1
6531 2205 1
2205 54 1
54 1810 1
1810 4914 1
4914 3267 1
2629 54 1
54 312 1
2754 5359 1
5359 317 1
317 1598 3
1598 993 1
993 1341 1
1341 5893 1
5893 5951 2
5951 416 2
416 660 1
2541 1810 1
2384 1810 1
1327 1384 1
1384 5830 1
5830 1916 1
1916 4212 1
4212 5935 2
5935 2167 1
2167 1987 3
1987 1871 1
1871 6408 1
6408 6517 1
6517 1469 1
1469 716 1
716 6421 1
6421 516 1
516 54 1
54 4139 1
4139 5706 1
5706 312 1
2754 5123 1
5123 2240 1
2240 282 1
282 1440 1
1810 4999 3
4999 716 1
716 1652 1
1652 1399 1
6121 6627 1
2863 1607 1
1607 3267 1
2858 62 1
62 1798 1
6640 3723 1
3723 1796 1
1796 42 1
42 1747 1
1747 915 1
915 409 1
409 5359 1
5359 1139 4
1139 2168 2
915 4644 1
4644 2669 1
2669 6263 1
6263 5764 1
5764 1626 1
1626 6255 1
6255 5100 1
5100 5168 1
5168 6024 3
6024 4897 1
4897 418 1
418 1598 1
1598 308 1
308 2760 1
2760 1806 1
1806 2085 1
708 2501 3
312 1629 2
1629 915 2
915 3347 1
3347 5185 2
5185 4162 1
4162 6024 1
716 769 1
769 3605 1
3605 1626 1
1626 1810 1
4597 2868 1
2868 5013 1
5013 317 1
2187 4987 1
4987 6628 1
6628 5935 1
5935 956 1
1822 5123 1
5123 4212 1
5935 1976 1
1976 5893 2
5893 5757 1
5757 2629 2
3941 2980 1
2980 2870 1
2870 4537 1
4537 6617 1
6617 2049 1
2049 5638 1
5638 1917 1
1917 317 1
3266 924 1
924 5052 1
5052 2720 1
2085 3152 1
3152 3218 1
3218 1304 1
1304 840 1
840 5651 1
5651 915 1
915 3847 1
3847 1626 1
1626 317 1
1426 5220 1
5220 2629 1
2629 5764 4
5764 833 1
833 2168 1
6486 5476 1
5476 972 1
972 5893 1
5893 4852 1
4852 2235 1
2235 1810 1
1810 4009 1
4009 409 1
409 6410 1
6410 3327 1
3327 1961 1
1961 4793 1
4793 409 1
4724 6177 1
6177 5103 1
5412 1810 1
2085 2168 3
2168 2776 1
2776 1810 1
1810 2726 1
2726 1202 1
1202 6256 1
6256 6209 1
6209 1469 1
1469 2262 1
2262 708 1
5641 6361 1
2224 6596 1
6596 3942 1
3942 2168 1
3944 3300 1
3300 1810 1
2863 4580 1
4580 5875 1
5123 1810 1
4201 1258 1
312 4580 1
4580 1810 1
317 5949 2
5949 4795 2
5799 2224 1
767 3265 1
3265 1806 1
1806 110 1
110 4712 1
4712 1810 1
1810 2221 1
2221 5635 1
5635 1346 1
1346 2591 1
2591 1126 1
1126 4956 1
4956 1083 1
1083 2628 1
2628 4138 1
915 3296 1
3296 1626 1
1626 3956 1
3956 1810 1
6503 5935 1
5935 6628 1
312 1918 1
1918 409 1
409 5893 1
4795 673 1
673 5923 1
6503 45 2
45 4390 1
4390 317 1
317 2384 1
5830 903 1
2501 6126 1
6126 4937 1
4937 1666 1
1666 5993 1
5993 3265 2
3265 3956 1
3956 1404 1
4359 1399 1
2616 6096 2
6096 3943 1
3943 4252 1
4724 1472 1
1472 1810 1
1810 4222 1
4222 1805 1
1805 2616 1
2616 3138 1
2858 4131 1
4131 5103 1
5103 662 1
662 4676 1
4676 4741 1
3267 4153 1
4153 5185 1
1810 1790 1
1790 5881 1
5881 4150 1
4150 2858 1
2858 5935 1
5935 970 1
970 1098 1
1098 1589 1
1589 1961 1
1961 6126 1
6126 2140 1
2140 6627 1
708 915 1
3381 1077 2
1077 708 2
708 5879 1
5879 3848 1
5694 6595 1
6595 708 1
708 5103 3
5103 251 1
1810 2222 1
2222 273 1
5764 3101 1
3101 1844 1
1844 2224 1
2224 317 1
317 5890 1
5890 3031 1
3031 3207 1
3207 840 1
840 2204 1
2204 1810 1
1810 470 1
470 2601 1
2601 668 1
5293 1810 1
1810 2223 2
2223 6250 1
6250 3207 1
5370 1003 1
1003 708 1
708 3353 1
1810 1623 1
1623 2616 1
2616 2689 1
2689 4585 1
4585 2568 1
2568 6456 3
3525 951 1
951 2689 1
3031 2616 11
6386 5641 1
5641 4148 1
4148 409 1
989 1202 1
2132 2858 1
2858 1139 1
1139 2863 2
2863 4276 7
4276 2342 7
2342 4271 1
4271 769 1
769 3486 1
3486 5576 1
5641 4987 1
4987 4324 1
4324 6505 1
6505 409 1
312 3217 2
3217 3208 1
3208 5879 1
2591 4149 1
2863 188 1
188 4276 1
4276 5735 1
5735 4283 1
4283 1589 1
1589 5890 2
5890 3432 1
3432 1946 1
1946 3006 1
3207 250 1
250 5370 1
5370 4868 1
4868 5871 1
5871 3732 1
1265 4987 1
4987 5935 1
5935 1810 1
1810 5473 1
5473 409 1
409 3941 1
3941 4150 3
4150 3266 1
1139 5893 1
312 4824 1
3065 6515 1
6515 5935 1
5935 418 1
418 409 1
409 5830 1
5830 3300 1
312 172 1
2631 1810 1
1810 4724 1
4724 5444 1
5444 312 2
3217 2616 1
915 388 1
1810 6385 2
6385 4219 1
4219 3239 1
3239 4018 3
4018 2168 1
915 4427 1
1173 3466 1
132 2522 1
2522 2629 2
1097 3009 1
3009 989 1
2629 5949 1
5949 416 2
416 5830 1
5830 312 1
3300 3634 1
3634 3031 1
312 3035 1
3035 2355 1
2355 4724 1
312 5923 2
1426 6503 2
2629 3591 2
3591 1097 1
1097 4324 1
540 915 1
6024 409 2
409 717 1
717 1806 1
1806 3493 1
3493 2022 1
2022 1810 3
3732 1783 1
1783 1944 1
1944 3370 1
3370 3267 5
6640 1579 1
1579 6503 1
3267 2022 1
2022 312 1
312 3448 1
2863 1355 2
1355 1 1
1 5322 1
5322 5994 1
5994 6650 1
6650 949 1
949 2011 1
2011 1810 1
2298 1810 1
4848 1637 1
1637 1311 1
1311 2192 1
2192 1 1
6640 175 1
175 3065 2
3065 1576 3
1576 6503 2
6503 2554 1
2554 5875 1
5875 6628 1
6628 2192 1
2192 312 1
312 5034 1
5034 4775 1
4775 6489 1
6489 317 1
1598 5679 1
5679 5805 1
5805 3388 1
3388 1637 1
1637 6503 1
2863 1542 1
1542 2085 1
1096 1981 1
1981 3810 1
3810 3801 1
5074 2566 1
2566 6487 1
6487 1260 1
4092 3207 1
3207 2528 1
2528 4172 1
4172 6024 1
6024 718 1
718 1104 3
5117 3941 2
3941 2237 1
2237 2629 1
5764 6640 1
5893 2616 4
2616 1685 1
1685 1469 1
1469 6078 2
5842 3265 1
3265 6551 2
6640 870 1
870 4199 1
4199 1 1
1961 732 1
1822 5890 2
5890 95 1
409 1355 1
1355 1952 1
6640 4144 1
4144 2616 1
2616 4362 1
4362 2629 2
3721 3214 1
3214 1810 1
1810 5924 1
5924 1426 2
1426 4083 1
5005 3018 1
3006 5368 2
5368 6640 2
3065 90 1
90 2168 1
2168 1971 1
1971 3265 1
5844 4838 1
4838 5103 1
5103 4724 1
4724 1 1
3265 352 1
352 781 1
781 1822 2
6536 1077 1
1077 404 1
404 5591 1
5591 3056 1
3056 915 1
915 4954 1
4954 708 2
2342 6385 1
6385 3118 1
3118 3229 1
3229 3265 1
5893 3466 1
3466 2522 1
1159 3370 1
3370 992 1
992 5019 1
5019 2616 1
1810 5223 1
5223 6129 1
6129 2168 1
915 3948 1
5412 681 1
681 1961 1
3267 3217 1
3217 4724 1
4724 4737 1
4737 1346 1
956 915 1
915 6640 3
3267 4624 1
4624 2629 1
3591 4324 1
4324 1197 1
1197 5923 5
6505 1810 2
1810 3349 1
3349 4078 1
4078 317 1
317 2369 1
2369 6640 1
3267 1793 1
1793 4399 1
4399 1952 1
1952 5949 2
416 6505 1
6505 3738 1
3738 2616 1
2616 1469 1
1097 4331 1
4331 1077 1
3300 3065 1
3065 3045 1
3045 3356 1
3356 6640 2
6640 1289 1
1289 1096 2
1096 304 2
4150 1953 1
1953 2047 1
2047 6024 1
5844 5045 1
5045 317 1
6628 5951 3
416 2592 1
2592 2858 1
2858 5457 1
5457 6490 1
6490 6562 1
6562 4774 1
2282 2479 1
2479 5456 1
5456 508 1
508 5323 1
5323 3066 1
3066 6159 1
6159 1810 1
1810 1736 1
1736 5997 1
6107 907 1
6503 2168 2
2168 4175 1
4175 1961 1
1961 1463 1
1463 5593 1
6640 3021 1
3021 708 1
3006 2168 1
2168 5875 1
5875 1463 1
1463 2992 1
2992 5799 1
5799 4276 1
956 618 2
618 2772 2
2772 911 1
911 617 1
617 1956 1
3265 255 1
255 5208 1
5208 3035 2
3035 1436 1
1436 1 1
1 2839 1
2839 3477 1
3477 3266 1
3266 966 3
1810 6388 1
304 266 1
266 3760 1
3760 4377 1
4377 1952 1
6640 2928 1
2928 901 1
901 3265 1
3265 4380 1
4380 3479 1
3479 3266 2
966 5066 2
5066 4377 1
4377 6324 1
6324 5048 1
5048 4380 1
4380 2629 1
6287 3479 1
5066 5997 1
1796 2168 1
6640 3267 11
3267 3432 1
1796 6628 1
5639 4603 1
4603 1404 1
1404 6384 4
6384 1327 1
5875 618 1
2772 5923 1
1426 911 1
911 4947 1
4947 1469 1
1469 6509 1
6509 2629 1
2629 5042 1
1810 4427 1
4427 6283 1
6283 3265 1
244 484 1
484 5369 1
5369 2192 1
2192 6483 1
6483 2168 1
2168 574 1
306 1399 1
5997 1561 1
1561 1810 1
1140 96 1
96 4496 1
4496 312 1
2168 4429 1
4429 3267 1
3267 1399 1
5997 1646 1
1646 3265 3
3265 625 1
625 1469 1
4779 1077 2
5641 4392 1
4392 1469 1
3265 3082 1
3082 5997 1
5993 5061 1
3265 3420 1
3420 2361 1
2361 1709 1
1709 6505 2
6505 824 1
824 1871 1
1871 5496 1
5496 1810 1
1810 3757 1
3757 6640 1
2863 6628 2
6628 2168 1
2168 1 2
1327 2616 1
1404 982 1
982 4424 1
4424 304 2
304 1327 1
1327 1404 1
1404 5270 1
5270 2689 1
2689 304 1
6503 2858 3
2858 2168 1
2168 2960 1
2960 6644 1
6644 4203 1
5805 2168 1
306 6640 1
3724 1327 1
1327 2168 2
2168 657 1
657 3356 1
3356 2168 1
6627 2942 4
2942 5771 1
5771 3031 1
3031 2991 1
2991 907 1
907 3370 1
3370 1956 1
1956 2168 1
1426 2980 1
2980 529 1
529 1961 1
2858 1077 1
1077 1173 1
1173 5947 1
5947 2168 1
306 4248 1
4248 1941 1
1941 6061 1
6061 3031 1
915 1961 1
279 236 1
236 4232 1
2629 6456 1
6456 3908 1
3908 640 1
640 1085 1
2863 657 1
657 2085 1
5476 1961 1
1961 2168 2
2168 3056 2
3056 317 1
5386 1173 1
1874 5103 1
3267 3015 2
3015 1134 1
1134 1961 1
304 6024 2
3031 6121 2
6121 5844 1
5844 3023 1
3819 4795 1
3267 5263 2
5263 6024 3
6566 6389 1
2133 312 1
304 4535 1
4535 5476 1
2168 2679 1
2679 2342 1
2342 312 2
312 3160 1
3160 1173 1
4662 5122 1
5122 359 1
359 2820 1
2820 2168 1
2168 3026 1
2863 3431 1
3431 3370 1
5560 1173 1
6640 2085 1
4423 2556 1
2556 3527 1
3527 5641 1
3265 1096 2
6640 4155 1
4155 1202 1
1202 6287 2
6287 2085 1
4658 1173 1
5263 1056 1
1056 4062 1
4062 966 1
708 451 1
1810 3515 1
3515 6640 1
3265 1055 1
1055 3732 1
1436 1810 1
1521 5103 1
5799 2683 1
2683 3436 1
3436 1822 1
6640 6034 1
6034 6503 1
3265 2414 2
2414 5185 1
5185 5231 1
5231 2863 1
2863 2432 2
2432 6460 1
6460 126 1
126 6456 1
3265 6441 1
6441 3704 1
3704 1810 2
1810 5922 1
5922 3732 1
6640 5560 1
5560 4394 1
4394 5301 1
5301 5360 1
5360 2521 1
2521 90 1
90 2344 1
2344 90 1
90 1180 1
1180 3016 1
3016 6640 3
461 722 1
722 236 1
236 3016 2
3016 1213 1
1213 6384 1
1139 1952 1
312 3732 3
3732 992 1
2432 3364 1
3364 4106 1
4106 1811 1
1811 2629 1
5117 5243 1
5005 2168 1
915 5641 1
5475 3065 1
1961 6384 1
6384 3125 1
3125 3066 1
3066 992 1
1173 3134 1
3134 1952 8
1952 915 4
915 5103 2
5103 4676 1
4676 5322 1
5322 388 1
3265 6124 1
6124 6011 1
6011 2322 1
2322 6417 1
1139 5189 2
5189 399 1
399 2616 1
3265 5191 1
5191 5799 1
2254 3007 3
3007 6061 1
3265 4466 1
1469 85 1
2889 915 1
915 5478 1
5478 6503 2
6627 1865 1
1865 2604 1
2604 1197 1
3080 3892 1
304 6261 1
6261 3265 1
3265 6112 1
6112 6102 1
6102 2846 1
2846 966 2
966 312 2
312 6628 2
6628 915 1
5323 2749 1
2629 200 1
200 2618 4
2618 3265 2
3265 2791 1
2791 1173 1
317 2183 2
2183 2168 2
2168 2348 1
2348 1195 1
63 1822 1
1822 2468 1
2468 5278 1
5278 127 1
127 3563 1
3563 1822 1
1822 2134 1
2134 562 1
1426 239 1
239 2355 1
2355 6566 1
6566 1810 4
5074 1173 1
3265 774 1
774 1032 1
1032 2205 1
2205 317 1
317 2492 1
2492 6410 1
6410 1810 1
5641 4232 1
2629 6284 1
6284 4547 1
4547 3801 1
1139 1159 1
1159 6125 1
6125 460 1
460 2820 1
2820 4727 1
5117 716 1
6536 915 1
915 4363 1
4363 1317 1
1317 5103 1
5805 2686 1
2686 233 1
233 35 1
35 317 1
317 5577 1
5577 5535 1
5535 2863 1
2863 3276 1
3276 1173 1
1173 409 1
6627 3356 1
1228 3265 1
5467 3336 1
3336 1343 1
5799 977 1
6384 6460 1
6460 2322 1
2322 1822 1
1822 1139 1
317 1139 3
1956 6587 1
6587 1325 1
1325 3370 1
5692 915 1
915 5473 1
5473 3265 1
3265 6262 1
6262 632 1
632 2131 1
2131 1 1
2254 448 1
448 3265 1
3265 4209 1
4209 3265 1
3265 2905 1
2905 5201 1
5201 1399 2
1399 5103 1
5103 460 1
460 5741 1
5741 833 1
1810 5099 1
5099 2972 1
4795 3924 1
3924 2984 1
2984 5513 2
5513 6503 2
6503 2421 1
2421 4796 1
4796 1810 1
3959 2858 1
2858 4603 1
4603 1430 1
304 1404 2
4795 4735 1
1134 5185 1
5185 2167 1
1987 6121 2
3525 4371 1
4371 3270 1
3270 312 3
1077 246 1
246 1961 2
304 2863 8
2863 3110 1
3110 3267 1
3267 3101 1
3101 1255 1
1255 3267 1
2863 4521 4
4521 3006 1
3006 1952 1
1952 1976 1
1976 5483 1
5483 2720 1
2720 915 3
1747 6505 1
3347 6438 1
1097 317 1
3265 2678 3
2678 4406 1
4406 6507 3
6507 1890 1
1890 1 1
2168 5019 1
5019 4132 1
4132 5529 1
5529 5221 1
5221 96 1
705 3705 1
3705 2678 1
6503 1004 1
1004 213 3
213 1 1
6640 1344 1
1344 3265 1
236 3979 1
3979 2629 1
2629 6500 1
6500 2764 1
2764 3265 1
4748 1936 1
1936 317 1
989 903 2
4795 3350 1
3350 2616 1
708 2266 1
3732 3558 1
3558 1634 1
1634 3710 1
3710 2168 1
2168 4460 1
4460 1810 1
1810 367 2
5881 3204 1
3204 4447 1
4447 2183 1
409 6531 1
1810 4402 1
4402 3265 1
3525 319 3
319 1810 1
1810 980 2
980 460 1
460 6640 1
1343 6505 2
6505 3710 1
3710 2591 1
2591 5799 2
5799 1852 1
1852 6456 1
6456 4332 1
3265 5402 1
5402 2629 1
2629 3858 1
3858 5635 1
5635 268 1
268 1 1
5844 942 1
3265 5440 1
5440 5185 1
5185 127 1
127 6584 1
6584 4911 1
4911 1810 1
1810 4534 1
4534 6166 1
6166 5543 1
5543 4358 1
319 194 1
194 1810 1
1810 190 2
190 3313 1
3313 2553 1
312 3892 2
2858 4288 1
4288 3042 1
3042 2187 1
2187 5894 2
5894 3954 1
3954 2081 1
2081 1173 1
1173 873 1
873 2371 1
4398 406 1
406 317 1
5951 2522 4
875 992 2
992 5679 1
5679 236 1
236 3566 1
2187 1054 1
1054 5810 1
5810 6126 2
6126 225 1
225 1097 1
6438 4462 1
4462 317 1
317 517 2
517 2556 1
2556 2794 1
2794 2168 1
2168 6384 1
409 5201 1
6640 1385 2
1385 1822 1
1822 5235 2
5235 6429 1
6429 1871 1
1871 574 2
574 1972 1
1972 236 1
236 989 1
989 4281 1
4281 1952 2
1952 3566 2
3566 908 1
908 2629 1
2937 2616 2
1810 4411 3
4411 317 1
2863 1692 3
1692 3774 1
3774 5208 1
5208 6627 1
6627 4426 1
4426 6640 1
4786 312 1
312 5468 1
5468 3850 1
3850 4571 1
4571 2616 1
2616 3872 2
317 4017 1
4017 875 1
992 1 1
4201 2765 1
2765 351 1
132 5323 1
1613 2568 1
2568 1143 1
1143 3560 1
3560 5117 1
5117 2704 1
2704 4663 1
4663 460 1
460 3265 1
1810 3709 1
3709 861 1
861 5103 1
5103 2355 1
2355 3088 1
3088 5707 1
5707 4185 1
4185 3787 1
3787 312 1
312 1421 1
1421 1 1
1 540 1
540 3265 2
3265 2322 3
2322 1097 1
1097 1291 1
1291 2511 1
2511 1150 1
1150 1952 1
132 4931 1
4931 2168 1
2168 6640 3
3763 2257 1
2257 213 1
213 2980 1
2980 3134 1
3134 3265 2
1952 6637 1
6637 2629 1
3566 1820 3
1820 317 1
3307 5106 1
5106 1952 1
2616 5106 1
5106 4172 1
4172 5893 1
5893 618 2
618 2556 2
2556 5379 2
5379 4050 1
4050 722 1
722 3658 1
3658 330 1
330 2511 1
2511 8 1
8 6640 1
1810 4050 2
4050 1003 1
1003 6640 1
4426 1810 1
2616 714 2
714 3468 1
1090 3560 1
3560 312 1
3525 183 1
183 2616 1
2316 2342 1
2342 5820 1
5820 5805 1
5805 6012 1
6012 317 1
5805 1419 1
1419 3265 1
6024 2168 3
2168 2257 1
2257 3265 3
3265 1403 2
1403 1810 2
2168 3158 1
6503 4503 1
1952 6628 3
6628 992 1
5211 6288 2
6288 1 1
3469 1469 1
1007 1952 1
6322 317 1
3591 2527 1
2527 1961 2
722 6061 2
6061 3134 1
3265 3560 1
3560 6640 1
3892 6627 1
6627 2538 2
2538 475 2
475 1411 1
1411 3265 1
3265 3055 1
3055 4157 1
4157 5786 2
5786 524 2
524 1 1
4201 1343 1
1343 2984 1
312 6505 2
6505 6627 1
2863 3905 1
3905 304 2
2371 336 1
5863 722 1
2863 2538 1
475 2984 1
2556 1879 1
1879 208 1
208 15 1
15 208 1
208 5193 1
5193 208 1
208 5335 1
5335 5382 1
5382 17 1
17 5836 1
2484 6640 1
3525 5486 1
5486 6503 1
6503 2538 1
2538 474 1
474 3286 1
3286 5786 1
317 3340 1
3340 1399 1
3265 1848 1
1848 6627 1
6627 6507 1
6507 5855 1
5855 3031 1
3031 2678 1
2678 6627 1
5389 2984 1
2984 2804 1
2804 3265 1
2863 2359 1
2359 3270 1
3270 317 1
5386 3265 2
3265 4456 1
4456 1 1
1 618 1
618 5893 1
5893 252 1
252 5185 1
5185 3695 1
3695 3265 1
2863 1694 1
1694 317 1
1449 6627 1
386 1289 1
304 3961 1
3961 6505 1
6505 3761 1
3761 3605 1
3605 5410 1
5410 5103 1
5103 252 3
252 3265 2
956 4139 1
4139 5951 1
5951 2897 1
2897 359 1
359 4964 1
4964 3267 1
3267 1404 6
1404 2437 1
4099 2863 2
2863 462 1
462 1 1
1 5185 1
5185 2541 2
2541 252 2
252 478 2
478 3265 1
3265 941 1
941 3265 1
5844 961 1
4774 3265 1
5476 3016 1
461 5893 1
5893 1181 1
1810 3695 1
3695 1459 1
2858 2197 2
2197 1181 1
1181 312 1
312 1437 1
1437 3031 1
3265 3066 1
3066 6174 1
4704 961 2
961 5844 1
5844 3356 1
1449 5893 1
5893 1111 1
1111 895 1
895 1810 4
1810 478 3
478 1810 2
5485 3006 1
3006 5923 1
5923 3006 2
3006 1327 1
2863 4157 1
524 4812 1
4812 3267 1
2863 4328 2
4328 3065 1
3065 1077 2
1404 2502 1
2502 1097 1
2695 1961 1
5893 3695 1
3695 1480 1
1480 3265 1
3265 90 2
90 5117 1
5117 4257 1
4257 6503 1
5205 464 1
6126 4123 1
4123 5639 1
5639 1 1
1 1315 1
1315 3961 1
3961 1181 1
1181 1404 1
1404 5367 1
5367 2565 1
2565 6505 1
6505 527 1
527 5103 1
3267 2127 1
2127 2232 1
2232 2623 1
2623 1170 4
1170 5091 1
5091 1810 1
618 4138 1
1961 1181 1
3265 1436 2
1436 6174 1
3525 5922 1
5922 3525 1
3525 2465 1
2465 3265 1
5693 6387 1
6387 464 1
464 895 1
895 1077 1
478 5801 1
5801 464 1
312 1822 2
2863 2414 3
2414 3690 1
3690 1499 1
1499 4203 1
4203 3265 2
3347 5893 1
5893 3693 1
3693 317 4
2754 903 1
903 5594 2
5594 1140 6
1430 4836 1
4836 3349 1
3349 5535 1
5535 6505 1
6505 1315 1
1315 1181 1
1181 5881 1
5881 4020 1
4020 1831 1
1831 6443 1
6443 5799 1
3267 3409 1
3409 3267 1
3347 3014 1
2591 1692 1
1692 2538 1
2538 476 2
476 2754 1
2754 2820 1
2820 1499 1
1499 1961 1
1961 722 3
722 1343 3
1343 542 1
542 6505 1
6505 895 1
895 5476 1
2863 4411 2
4411 903 1
1459 3065 1
3065 1459 1
1459 3265 1
3265 1085 1
317 29 9
29 317 1
317 6565 1
6565 3265 1
5810 5193 1
5193 1762 1
306 542 1
542 6024 1
2984 651 1
651 1 1
5875 2591 1
1810 3693 2
3693 2863 2
2863 1242 1
1202 3265 1
3265 91 1
91 1961 1
1961 1056 1
1056 6503 2
4424 3761 1
3761 5103 1
252 5799 1
5799 722 2
722 1403 1
1403 317 2
3307 1077 1
1077 3031 3
3031 3495 1
3495 6640 1
2629 3572 1
3572 5730 1
5730 317 1
317 5022 1
5022 903 1
903 4593 1
4593 2556 1
1380 1090 1
1090 4748 1
4748 3031 4
3031 1258 1
312 4534 3
4534 3265 2
5468 1961 1
2629 330 1
330 2501 1
2501 5799 1
722 956 5
6503 2624 2
2624 5638 1
5638 1 1
1976 961 1
961 1327 1
1327 1097 1
1097 2624 1
2624 1123 1
1123 5750 1
5750 4769 1
4769 1 1
1 1165 1
1165 1386 1
1386 6492 1
6492 6627 1
5923 6024 2
2187 1749 1
1749 1063 1
1063 90 1
1119 1971 1
1971 3267 1
3267 3210 1
2629 127 2
127 5160 2
5160 3065 1
312 977 2
977 3724 2
3724 3031 1
5635 3695 1
3695 312 2
2545 4299 1
4299 1326 1
1326 2187 2
1096 5277 1
5277 317 1
317 3083 1
3083 618 1
618 954 1
954 70 1
70 4639 1
4639 1184 1
1184 2389 1
2389 883 2
883 130 1
130 5008 2
5008 1810 1
1810 2 1
2 6601 3
6601 7 1
7 2313 2
2313 122 4
122 1810 2
1810 1249 2
1249 5031 5
5031 1 1
1 5993 4
5993 1404 4
1404 3267 1
3267 1436 2
1436 348 1
348 76 2
76 1077 1
1077 2434 2
2434 2342 2
5810 5103 1
409 3267 1
3267 3695 1
312 5190 1
5190 2547 1
2547 1328 1
1328 1810 1
2545 3690 1
3690 3065 1
3267 5185 1
5185 252 2
252 3576 1
3576 5799 1
2085 5923 3
5923 4411 2
4411 3265 2
1796 1952 1
1952 2254 1
2254 3134 1
3134 5626 1
708 5591 1
5591 1810 1
5591 3942 1
3942 4663 1
4663 3560 2
3560 2863 1
2863 787 1
787 3265 1
409 3845 1
3845 1 1
5626 5591 1
5591 3065 1
3065 409 10
409 6503 2
5893 2591 1
2591 2030 1
2030 2538 1
476 6460 1
1628 3695 1
3695 2096 1
2096 1134 1
1181 3265 1
312 5670 1
5670 1 1
2254 5805 3
5805 895 1
895 3576 1
3576 1961 2
2616 6126 2
1796 1810 1
5799 1084 2
1084 1810 1
1084 2720 1
5593 1 1
1 1739 1
1739 722 1
722 4055 1
4055 1947 1
1947 5805 1
5805 1086 1
1086 1202 1
1202 3566 1
3566 1 1
1 4203 6
6628 3308 1
3308 3566 1
3566 1822 2
1822 3525 1
3525 234 1
234 1810 1
1810 542 1
5269 2668 1
2668 3265 1
2863 4503 1
132 3566 1
1822 6429 3
6429 4503 1
4503 304 1
304 1 3
1 6628 1
6628 1822 1
5235 1 1
6503 3695 1
3695 475 2
475 312 1
1822 1558 1
1558 3065 1
312 1265 3
312 1774 1
956 1083 1
3370 5951 1
5951 1202 1
1202 6489 1
6489 5999 2
5999 2733 1
2733 2004 1
2004 5594 1
5594 905 1
905 317 2
6174 720 1
720 3051 1
3051 1798 1
1798 4235 1
4235 1508 1
1508 1077 1
1077 390 1
390 3239 1
3983 708 1
3525 1056 1
1056 3031 1
1426 1130 2
1130 4903 1
1871 3929 2
3929 708 1
708 2616 1
5923 5160 4
5160 4203 1
4203 2616 2
3065 5410 1
1952 4139 1
4139 6438 1
6438 1077 1
1077 1003 1
1003 6627 1
6627 923 1
923 2556 1
2556 2441 1
2441 657 1
657 5875 1
5123 956 1
956 2085 1
3566 6126 1
312 2668 1
2668 1810 1
5323 3468 1
2616 1762 3
2863 3353 1
3353 3732 1
3732 4425 1
4425 2168 1
312 4591 1
4591 1404 1
1404 2522 1
2522 336 1
5005 1952 2
3207 3525 1
3525 4739 1
4739 2501 1
132 5844 1
5844 3905 1
3905 5327 1
5327 3135 1
3135 4427 1
4427 6640 2
2168 4376 1
4376 5786 1
5786 915 1
1810 1727 1
1727 3035 1
3035 6462 1
6462 1399 1
1326 132 1
132 5362 1
5362 2515 1
2515 5989 1
1810 1299 2
3265 4460 1
4460 1961 1
2553 6571 1
6571 6640 1
6640 1231 1
1231 6503 1
3265 1707 1
1707 3031 1
388 5103 1
2371 3267 1
3267 6232 1
2629 258 2
2168 4952 1
6503 735 1
735 6024 1
6024 3560 1
3560 5016 1
5016 3023 1
4643 1822 1
1822 4951 1
4951 4358 1
3265 5624 3
5624 956 1
956 1961 2
1961 2820 2
2820 28 2
28 1258 1
1258 4420 1
3265 870 1
870 6627 1
6627 1227 1
1227 6385 1
5997 2828 1
2828 5923 1
6505 1861 2
1861 941 1
941 6096 1
6096 5997 1
5997 5588 1
5103 6628 10
6628 5052 1
5052 5593 1
5593 3265 7
6024 915 1
915 1404 1
304 1197 1
6627 3730 1
3730 1134 1
6640 5669 2
5669 4795 1
4795 1816 1
1816 941 1
941 2629 1
5764 1469 1
2616 4604 1
1097 2868 1
2868 3567 1
3567 1810 1
2720 3944 1
3944 236 1
236 3232 1
3232 2616 1
2616 3805 1
3805 3265 2
1788 1810 1
312 4137 2
4137 6652 1
6652 2629 1
241 3566 1
1820 1822 1
6429 2085 1
2085 2005 1
2005 6135 1
2616 4591 1
4591 2863 1
236 6491 1
6491 2522 1
317 6660 1
6660 249 1
249 4609 1
4609 2616 1
1810 5016 2
5016 1747 1
132 3265 1
2863 826 1
826 3031 1
5577 1810 1
5855 319 1
319 460 1
460 5283 1
1399 1171 1
1171 1874 1
1874 544 1
544 1646 1
1646 3732 1
3732 1260 1
1469 2522 1
2522 5103 1
5836 6505 1
3267 1299 1
1299 2629 2
1810 3566 1
312 6049 1
6049 2863 1
6627 1748 1
1748 5606 1
5606 5433 1
5433 2005 1
2005 1810 1
3265 2519 1
2519 1613 1
708 2133 1
2133 6261 1
6261 1961 1
1961 2930 4
2930 6384 4
2616 1237 1
1202 992 1
2616 1299 1
2629 6652 1
6652 1952 2
6248 2616 1
827 1961 1
1961 5890 1
1098 2849 1
2849 5103 1
2422 4822 1
4822 2616 1
2168 3134 1
3134 5103 2
5103 579 3
579 2863 1
2591 2342 3
2342 2254 1
1822 1762 1
1762 2845 2
2845 6140 1
6140 903 1
903 1459 1
1459 2538 1
2538 3695 1
475 708 1
708 2546 1
2546 3603 1
3603 1961 1
304 956 2
618 464 3
956 2342 3
1709 3207 1
3267 3525 1
3525 4984 1
4984 970 1
970 5283 1
3525 3673 1
3673 5785 1
5785 3031 1
2591 5893 3
5893 6140 1
6140 722 1
722 2501 1
1459 1202 1
1202 721 1
721 416 1
416 2863 1
6248 3265 1
3265 744 1
744 6628 1
5370 1961 3
1961 5639 1
5639 3726 3
3726 5605 1
5605 2051 1
2051 1952 4
5641 4617 1
4617 997 1
5360 3065 1
213 2858 1
2858 90 2
90 252 4
252 6174 1
6174 2863 1
2863 5737 1
5737 2616 1
312 5172 1
5172 5103 2
6627 1444 1
1444 3065 1
1976 995 1
995 6301 1
6301 1709 1
1709 708 2
1404 702 1
702 3265 1
3265 3078 1
3078 1952 1
5641 1130 2
1130 3265 4
5074 1965 1
1965 155 1
155 1788 1
5923 823 1
823 5185 1
6462 1810 2
5881 1044 1
1044 4874 1
4874 5971 1
5971 312 2
312 5208 2
4322 225 1
225 6043 1
6043 981 1
981 6456 1
6456 1976 1
1976 1959 1
1959 6628 1
6628 3066 1
3066 2592 2
2592 708 1
708 4508 2
4508 3253 1
3253 3267 1
5123 5548 1
5548 816 1
816 5624 1
5624 6277 1
6277 2254 1
2254 5820 1
5820 317 1
317 976 1
976 3267 2
3267 6462 1
6462 1202 1
5117 2044 1
2044 2254 1
2254 3818 1
3818 3267 1
3267 3801 3
5074 2085 1
3801 953 1
953 981 1
981 2863 1
5535 312 1
312 4585 1
4585 4748 1
4748 2168 1
2168 4959 1
4959 3065 1
3065 4139 1
4139 2527 3
2527 252 1
4849 1788 1
1788 3606 1
3606 6627 1
915 3066 2
2888 1959 1
1959 6124 2
6124 3674 1
3674 1810 1
3649 6370 1
6370 2863 1
1961 355 1
355 3065 1
3065 4373 1
4373 252 1
252 3096 1
3096 409 1
5678 322 1
322 2783 1
2783 1810 2
1810 704 2
704 5398 1
5398 3056 1
4411 1077 2
1077 4411 1
1077 2085 1
2616 3859 1
1952 1265 3
1265 409 1
6162 312 1
312 1653 1
1653 2783 1
5951 1121 2
1121 5679 1
5679 6024 1
1104 2624 1
2624 312 1
312 5092 1
5092 3031 1
3031 4357 1
4357 2355 1
1810 928 3
928 3266 1
1810 5281 1
5281 3370 2
4792 6503 1
6503 2720 1
3266 5172 1
5103 1380 3
1380 2168 2
2168 693 1
693 1121 1
1121 5103 2
5103 4938 1
4938 3161 1
3161 1810 6
3267 4714 1
4714 3764 1
3265 3540 1
3540 6566 1
6566 4253 1
708 3732 2
2488 708 1
708 1440 2
1440 3704 1
3704 3370 3
3370 6176 1
6176 1709 1
3267 554 2
2124 2910 1
2910 1197 1
2168 3889 1
3889 916 1
916 6627 1
3432 464 1
464 3113 1
3113 1810 1
1810 4412 1
4412 3207 1
3207 5074 3
1952 928 2
928 3267 1
3066 5870 1
1810 178 1
178 2765 1
1952 1033 4
1033 708 1
708 4254 1
4254 4968 1
4968 1079 1
1079 3267 1
3267 1288 1
1288 955 1
955 1810 1
6595 6184 1
6184 1810 1
5678 4145 1
4145 5986 1
5986 708 1
708 2601 1
2601 5448 1
317 2824 1
2824 5914 1
5914 5872 1
5872 2553 1
312 5397 2
1961 2611 1
2611 4616 1
4616 1 1
1 3726 1
3726 3859 1
1033 4340 1
4340 2105 1
1810 441 1
5799 1669 1
1669 6503 1
5397 317 1
3307 4201 1
4201 3267 2
3267 273 1
273 1326 1
5799 4668 1
4668 317 1
4587 5951 1
6489 2527 1
2527 3065 1
3065 5316 1
5316 5360 1
5360 3267 1
3267 4618 1
4618 3016 1
461 6505 1
6505 2601 1
2601 5799 1
5799 3704 1
1810 3892 3
3892 708 1
708 4140 1
4140 3267 1
3267 4451 1
4451 2545 1
2545 4618 1
4618 312 1
312 526 1
4201 3066 1
3066 3296 1
2629 2251 2
2251 1033 3
1033 1810 6
1810 3799 1
3799 317 1
5869 2561 1
2561 6627 1
6627 4596 1
4596 5270 1
626 2629 1
409 708 1
708 3297 1
2105 1119 1
1119 2863 1
6627 3628 1
3628 1810 1
3527 1603 1
1603 995 1
995 5360 1
5360 1956 1
1822 4508 1
4508 1440 1
1440 3896 1
3267 6414 1
6414 3267 1
317 2363 2
2363 2065 1
2065 5074 1
1952 2867 1
2867 5870 1
5870 6552 1
6552 2561 1
2561 2475 1
5836 5360 1
5360 6024 1
1810 5864 1
5864 1810 1
3266 702 1
702 3499 1
3499 6264 1
6264 2501 1
2501 1327 1
1455 5185 3
5185 6640 3
471 3023 1
3023 4680 1
4680 3031 1
618 2168 1
2168 3848 1
3848 849 1
849 2972 1
2972 625 1
5201 2669 1
2669 5208 1
5208 2920 1
2920 6234 1
6234 6505 1
2863 3704 3
3704 5283 1
5283 4297 1
4297 4252 1
4724 5013 1
5923 1976 2
1976 6013 1
6013 1929 1
1929 4137 1
4137 3267 1
3267 213 1
213 2863 1
1096 3267 1
3267 1694 1
1694 252 1
252 317 1
1449 4138 1
5799 5569 1
5569 1952 1
1810 4591 1
4591 5367 1
5367 6489 1
5999 2522 2
2522 3031 1
6627 976 1
976 5432 1
5432 5836 1
5836 5549 1
5549 2187 1
464 5103 1
5678 409 1
409 4508 1
4508 1810 1
6628 5192 1
5192 5360 1
5360 3265 1
3265 180 1
180 409 1
409 3370 1
3370 5208 2
1810 3370 4
3370 1879 1
1879 5185 1
252 6389 1
6389 5370 1
831 5370 1
5370 6380 1
6380 1810 1
1810 151 1
151 1810 1
5799 1090 1
1090 317 1
1426 5036 1
5036 3056 1
1469 3726 1
3726 2720 1
5799 1513 1
1513 6503 1
6640 859 1
859 6628 1
6628 2122 1
2122 1386 1
1386 3265 1
6248 4597 1
4597 4139 1
1961 708 3
708 3895 1
3895 2561 1
1810 1640 1
1640 1332 1
1332 6382 1
6382 2603 1
2603 6515 1
6515 423 1
3266 1128 1
1128 2629 1
6640 1930 1
1930 5805 1
5805 6114 1
6114 1976 1
1976 305 1
305 1931 1
1931 2085 1
6160 1822 2
1822 6427 1
6427 1810 2
3525 6249 1
6249 1 1
2168 3154 2
3713 312 1
3525 4787 1
4787 1810 3
1810 183 1
183 1399 1
1399 205 1
205 1326 2
1326 3356 1
3267 4219 1
4219 4054 1
4054 6247 1
6247 1077 1
3265 1399 1
304 2858 2
252 2187 1
2187 5844 2
5844 2322 1
2322 102 1
102 2591 1
3265 304 1
304 2697 1
2697 2545 1
2545 2521 1
2521 3265 1
3265 1879 1
1879 3065 1
2187 5799 4
5799 6441 2
6441 681 1
681 317 1
5185 3693 1
3693 1879 1
1879 6628 1
6628 5193 1
5193 954 2
954 1373 1
1373 2389 1
883 2538 1
2538 130 1
5008 2 1
6601 2313 1
5031 1810 3
3267 5748 1
5748 1 1
5801 348 1
348 73 1
73 1249 1
1810 5193 1
954 3227 1
3227 903 1
903 5875 1
5875 2629 1
1326 2132 1
989 3207 1
3207 5592 1
5592 233 1
233 2629 1
5160 1 1
1327 6273 1
3265 7 1
7 122 1
122 6120 1
6120 317 1
317 2401 1
2401 3732 1
3031 3349 1
3349 3227 1
3227 2732 1
2732 3267 1
3267 3896 1
1952 2168 4
2168 1424 1
1424 3265 1
1810 180 1
180 3265 1
3267 5801 1
5801 3917 1
5893 4534 1
3265 6166 1
6166 2629 1
2629 6503 6
5624 3381 1
3381 4849 1
4849 1442 1
1442 3031 1
651 960 1
960 959 1
959 1961 1
1961 2540 1
2540 1 1
2168 708 1
708 956 3
6182 6294 1
6294 4815 1
4815 4537 1
4537 1956 1
1956 5450 1
5450 317 1
989 681 1
681 4849 1
4849 2479 1
2479 2187 1
2187 2087 1
2087 5389 1
5389 317 1
5231 1181 1
1181 1871 1
1871 3695 1
3695 4358 1
3265 4360 1
4360 6503 2
5519 317 1
317 3693 1
3693 3265 1
3265 3961 1
3961 252 3
252 2311 1
2311 157 1
157 359 1
359 708 2
6627 735 1
735 3265 1
3265 3370 2
3370 939 1
939 4663 1
3560 1810 1
1491 2475 1
5836 2624 1
2624 4461 1
4461 3693 1
3693 3347 1
2168 4699 2
4699 3265 1
3265 674 1
674 5103 1
5360 2629 2
928 3732 1
6628 3693 1
3693 1265 1
5951 5999 1
1801 4309 1
4309 1121 1
1121 1 1
1 3349 3
3349 1140 1
1810 2096 1
2096 1504 1
1504 2187 1
317 3999 4
3999 6371 1
6371 5103 1
1327 5702 1
5702 1810 1
1810 1774 1
1774 5660 1
5660 317 1
5228 5999 1
1260 1258 1
312 3617 1
3617 1952 1
1952 252 1
252 895 1
1810 477 1
477 4358 1
312 6140 1
6140 2501 1
5594 6561 1
1260 516 1
516 317 1
317 3793 10
3793 3066 1
2592 831 1
831 1429 2
1429 5218 1
1426 3468 2
3468 1469 3
1140 6651 1
6651 1197 1
6505 458 1
1810 4033 2
4033 317 1
317 225 1
225 112 1
112 2501 1
2501 2616 1
5600 5989 1
5989 6640 1
1820 624 1
624 5103 1
5103 5168 6
5168 3267 1
3267 1639 1
1639 1469 3
5208 1104 4
1810 5697 1
5697 273 1
5594 1801 1
1801 409 1
409 2511 1
2511 3267 1
3267 852 1
852 2629 1
3977 2418 1
2418 312 1
6628 2282 1
2282 6466 1
6466 1 1
2168 928 1
928 5799 1
1810 4827 1
4827 3265 1
3265 6362 1
6362 915 1
3732 3717 1
3717 5420 1
5420 618 1
618 2629 2
4795 4375 1
4375 2616 1
2616 5765 1
5765 2254 1
2254 304 5
6627 3219 1
3219 3267 1
3267 3656 1
3656 2576 1
2576 2475 1
2475 3548 1
3548 1430 1
1430 6030 1
6030 2863 3
1810 6466 1
6466 5103 1
5103 1756 1
1756 2036 1
2036 3732 3
3977 1077 2
1077 469 1
469 2616 1
312 1611 1
1611 252 1
252 215 1
215 3960 1
3960 1613 1
1613 2168 1
2168 618 2
1798 6208 1
6208 2629 1
2629 213 1
213 1327 1
1327 6115 1
6115 304 1
304 6628 1
6628 1051 1
1051 1801 1
1801 3031 1
3267 1734 1
1734 3653 1
3653 3265 1
2863 1306 1
1306 6490 1
6490 4769 2
4769 1260 2
1260 2168 1
2168 5236 1
5236 1589 2
1589 6500 1
1810 2257 1
2591 1162 1
1162 6490 1
1260 3267 1
654 3662 1
3662 317 1
3793 3031 1
3031 1140 1
2802 6614 1
6614 3023 1
548 915 2
915 3961 1
3961 312 1
233 6456 1
2591 3143 1
3143 1077 1
6627 359 2
359 1197 2
2863 318 1
318 6384 1
312 6210 1
6210 3065 1
6385 2863 2
1762 1258 1
1258 1959 1
6124 6483 1
6483 1810 1
190 2616 1
1258 709 1
709 6628 1
6628 2511 2
2511 2646 1
2646 1810 3
317 4507 1
4507 409 1
409 5539 1
5539 1140 1
1140 3960 1
3960 5283 1
5810 6561 1
5999 1810 1
312 410 1
410 2965 1
2965 1399 1
1399 317 1
317 1140 1
3227 2904 1
2904 4172 1
4172 6640 2
966 200 1
2618 671 1
671 915 1
915 4085 1
4085 2901 2
2901 5744 2
5744 1822 1
1822 2858 1
2858 5461 1
2851 792 1
792 6466 1
6466 6024 1
5208 1822 2
2022 6627 2
6627 200 1
2618 3380 1
3380 2168 2
2168 6103 1
6103 80 1
80 6024 1
5997 2521 1
2521 915 1
5881 1302 1
1302 1822 2
2022 6466 1
6466 1810 1
5641 5305 1
5305 3267 1
317 3404 1
3404 2284 1
2284 3267 1
3267 4424 2
4424 787 1
787 708 1
6505 4085 1
5744 3855 1
3855 671 1
671 917 1
917 1404 1
3207 200 1
2618 458 1
5103 1140 9
1140 3442 1
3442 3265 1
3265 2646 1
2646 3653 1
3653 1140 1
1140 4358 1
4358 5171 1
5171 1810 1
3399 1140 1
1140 1119 1
1119 915 1
915 5997 1
5997 910 1
910 1096 1
1096 5997 1
5997 3112 1
3112 1976 1
966 1077 3
6627 5641 1
5641 6388 1
6388 5317 1
5317 5512 1
5512 6503 1
1126 252 1
252 3961 2
3961 2616 1
4137 2646 1
2646 708 1
5458 555 1
555 5662 1
5662 2168 1
2168 2851 1
2851 5770 2
5770 1140 1
1810 4963 1
4963 3267 1
3267 2204 1
2204 2285 1
2285 2284 1
2284 317 1
317 1956 1
1956 3732 1
3732 5955 1
5955 6466 1
6466 708 1
4508 5356 1
4779 1407 1
1407 1810 1
1810 200 1
200 457 1
457 1709 1
1709 1140 1
1140 5444 2
312 852 1
852 317 1
2511 2168 1
2168 3597 1
3597 1369 2
1369 6627 1
6627 1799 1
1799 6503 1
5444 4401 1
4401 1952 2
1952 5013 1
5013 1326 1
1326 2556 3
2851 3265 3
90 3961 1
252 4176 1
4176 371 2
371 5103 2
6628 6635 1
6635 3672 1
3672 3265 1
3265 4176 1
6628 88 1
88 3171 1
3171 2187 2
2414 1810 2
1810 2327 2
2327 6628 1
6628 2236 1
2236 5277 1
5277 1810 1
1810 2984 1
1404 236 2
236 3347 1
304 1399 1
246 6627 1
6627 3084 1
3084 6640 1
478 1871 1
1871 722 2
6627 5512 1
5512 6640 1
2488 3021 1
3021 1976 1
1976 304 2
312 252 1
252 1399 1
2863 6071 1
6071 3265 1
3265 1429 2
1429 1976 1
312 1380 1
1380 1399 1
304 5478 2
5478 3194 1
3194 6628 1
6628 2233 1
2233 3171 1
5799 2907 1
2907 2414 1
2414 1077 2
1077 3194 1
3194 956 1
6640 2798 1
2798 6640 1
1796 478 1
478 6640 1
3265 6385 2
5218 5593 1
3265 3754 1
3754 1952 3
3265 1965 1
1965 1788 1
1788 915 1
915 5436 1
5436 154 1
154 2629 1
3265 5420 1
5420 812 1
812 928 3
928 1 2
1 1709 10
1709 5369 1
5369 4069 1
4069 3265 1
3265 2618 1
2618 5524 1
5524 5103 1
3265 3111 1
3111 2621 1
2621 3370 1
4792 3056 1
3056 2863 1
722 5283 6
5283 3734 1
3734 2168 1
618 2624 1
2624 5750 1
5750 1166 1
1166 458 1
458 708 1
6627 1094 1
1094 3961 1
3961 3265 1
2322 5810 3
5810 102 1
102 5974 1
5974 3031 1
3031 1357 1
1357 3265 1
6628 2527 7
2527 2345 1
2345 2624 1
2624 273 1
6566 5750 1
5750 1810 4
1810 1752 2
1752 2051 1
915 5805 1
5805 3161 1
3161 5360 1
5360 4237 1
4237 6640 1
471 1956 1
1956 5624 1
5624 4545 1
2592 1810 1
928 708 1
708 1424 1
1424 3267 1
3267 5074 1
5074 4394 1
4394 1976 1
1976 190 2
190 4177 1
4177 1976 1
190 1357 1
1357 5444 1
5444 6211 1
6211 3065 2
3065 3960 1
3960 1976 1
1976 3265 2
6515 6456 1
6456 708 2
5799 6065 1
6065 6503 1
1613 1961 1
1961 6470 1
6470 5890 1
5890 4682 1
4682 1978 1
1978 2601 1
2601 3197 1
3197 5060 1
5103 2240 1
2240 6459 1
6459 2863 1
5370 3265 3
3265 3353 4
6078 1 1
2168 5836 1
651 4585 1
4585 618 1
618 722 2
2845 312 1
312 4390 1
4390 5211 1
5211 4203 1
722 205 1
1326 3961 1
3961 3031 1
3031 1508 1
1508 317 1
1139 4234 1
4234 3304 1
3304 6640 1
2678 708 1
708 4255 1
4255 3266 1
3266 5185 1
4507 4203 1
409 2414 1
1810 6051 1
6051 1810 1
3265 4235 1
4235 1258 1
312 4726 1
4726 3304 1
3304 1810 1
2132 6643 1
6643 6202 1
6202 5185 1
5185 2209 1
2209 1810 1
2545 4795 1
4795 533 1
533 1952 1
1952 5370 1
5370 3304 1
3304 2720 1
2863 859 1
859 1810 1
1810 3516 1
3516 2072 1
290 2754 1
2754 2863 1
2863 3304 1
3304 1 1
1 3797 1
3797 5639 1
5639 3323 1
3323 3265 1
3265 5372 1
5372 291 2
291 1810 3
1810 937 1
937 2621 1
2621 3595 1
3595 3266 1
3266 2168 1
2168 6470 1
6470 966 1
966 409 1
409 5679 1
5679 2168 1
4699 5594 1
5283 90 1
90 478 1
478 6388 1
6388 3265 1
1810 3087 1
3087 4481 1
4481 3031 1
3031 5239 1
5239 6024 1
3265 1802 1
1802 3265 1
3265 831 1
1429 464 1
409 722 2
2629 3304 1
3304 3031 1
2770 3265 2
3265 1484 1
359 722 1
6640 4327 1
4327 3265 1
1429 6640 1
956 3304 1
3304 2863 1
2863 4203 1
6627 1401 1
1401 3164 1
3164 816 1
816 3164 1
3164 6627 1
6627 3797 1
3797 1 1
6503 3304 2
3304 389 1
389 317 1
29 6126 1
6126 769 1
1822 3090 1
3090 3797 1
3797 5844 1
5844 6024 1
2616 957 1
957 3304 1
3304 4203 1
6503 3270 2
3270 5928 1
5928 814 1
814 2618 1
2618 5370 1
6627 5536 1
1822 1029 1
1029 6503 1
1798 3423 1
3423 2786 1
2786 1810 1
1810 1382 1
1382 918 1
918 3969 1
3969 1774 1
1774 5799 1
5799 312 4
312 3796 1
3796 5357 1
5357 722 1
3304 4726 1
4726 4235 1
4235 2657 1
2657 6627 1
6456 5971 1
4322 6456 1
5103 234 4
234 6459 1
6459 5799 1
1810 4989 1
4989 3265 1
2355 6627 1
409 4104 1
4104 6503 1
5103 722 5
722 1249 1
1249 5593 1
3265 2256 1
2256 2 1
6601 5283 1
3265 4143 1
4143 5031 1
5031 4812 1
5395 6503 1
5389 359 1
359 6627 4
6627 895 1
895 475 2
475 2168 1
2168 4534 1
4534 6168 1
6168 1810 4
4686 5185 1
5185 2302 2
2302 5283 1
5283 5799 1
5799 6627 3
6627 648 1
648 1810 1
252 6640 1
5074 2223 1
2223 1249 1
1249 6627 1
6627 864 1
864 956 1
1961 28 1
28 722 1
722 225 1
225 1410 2
1410 3817 1
3817 6640 1
5395 722 1
722 252 1
252 3695 2
3695 476 4
476 722 1
722 3726 1
1810 3103 3
3103 618 2
722 2254 2
2254 213 1
213 1961 1
708 3635 1
3635 273 1
1952 1249 2
1249 5624 1
3265 6249 1
6249 1810 1
1810 6029 1
6029 6503 1
3265 3535 1
3535 6503 1
6503 895 1
895 1301 1
1301 1244 1
1244 6503 3
3265 1126 3
1126 895 1
895 1961 1
3265 1796 2
1796 1879 1
1879 409 1
409 1083 1
1083 5450 1
5450 4652 1
4652 2935 1
2935 4268 1
4268 254 1
254 6510 1
6510 895 1
2863 3326 1
3326 2908 1
2908 6510 1
6510 5277 1
5277 3031 1
3031 654 1
654 312 1
3265 561 1
561 1810 1
1810 6032 1
6032 409 1
1399 6456 1
6456 749 1
749 5208 2
5208 1469 2
1469 28 1
28 1 1
1874 3006 3
2436 4067 2
4067 3065 1
3065 27 2
27 5013 1
5013 5875 1
5875 6456 1
6628 2311 1
2311 1810 1
3103 90 1
90 1121 2
1121 3764 1
3764 2629 1
6566 6024 1
1810 996 1
996 5090 1
5090 352 1
352 1249 1
1249 3138 1
1326 330 1
330 3409 1
722 1326 1
317 2040 1
2040 1326 1
1326 1938 1
1938 1326 1
2187 6386 1
722 1745 1
1745 1810 1
1810 3389 1
3389 3370 1
3370 722 1
708 983 1
983 1810 1
1810 2877 1
2877 6640 1
722 5473 1
5473 743 1
743 570 1
570 6627 1
6627 2592 1
2592 5103 1
3265 1819 1
1819 1022 1
1022 6432 1
6432 6627 1
6627 3726 1
3726 5117 1
5117 3011 1
3011 4881 1
4881 4423 1
5786 5103 1
5103 1633 1
1633 1879 1
1810 6314 1
6314 3851 1
3851 905 1
905 5387 1
5387 1 1
722 4462 1
4462 3267 1
1469 1243 1
1243 1810 1
1130 330 1
330 1326 2
1326 3267 1
5117 4046 1
4046 3267 1
3267 3104 2
3104 722 1
722 2624 1
2624 475 1
475 5997 1
1753 1326 1
1810 1326 3
1326 139 1
139 3926 1
3926 5997 1
5997 4153 1
4153 743 1
743 6627 1
6627 2888 1
2888 570 1
570 6640 1
4652 5997 4
5201 6627 2
1426 5480 1
5480 317 1
6627 2624 1
2624 979 1
979 809 1
809 1961 1
2527 3805 1
3805 2168 1
2168 2511 1
5103 1801 2
1801 1810 1
4566 618 1
618 2511 1
1140 458 1
458 6628 2
6628 6561 1
4033 3267 1
2858 1879 1
1879 903 1
5997 2707 1
2707 225 1
225 6112 1
6112 4925 1
4925 2616 1
2679 3266 1
3266 3112 1
3112 2168 1
2168 5103 2
1 5750 1
1752 5103 1
1327 708 1
708 1729 1
1729 317 1
1810 1699 1
1699 3036 1
3036 3848 1
3848 6417 1
6417 294 1
294 1 1
2168 2475 1
5836 979 1
979 3847 1
966 5442 1
5442 6166 1
6166 6385 1
6385 1426 1
1426 4623 1
4623 1249 1
1249 1399 1
6640 6190 1
6190 5074 1
5323 2810 1
2810 1139 1
1139 2085 1
722 996 1
996 4909 1
4909 317 1
317 330 2
330 4177 1
4177 1810 1
3207 607 1
607 3065 1
2937 722 1
722 5202 1
5202 1351 2
1351 2291 1
2291 1249 1
1249 2807 1
2807 4566 1
4566 2168 1
2168 2085 1
2616 5202 1
1351 2616 1
1469 722 1
708 4989 1
4989 2844 1
2844 6628 1
6628 6599 1
6599 410 1
410 3365 1
3365 1961 1
5893 708 1
6138 2168 1
2168 5593 1
5593 2624 1
2624 1875 1
1875 2342 1
2342 6024 3
3267 5183 1
5183 2124 1
2124 3266 1
3266 3380 1
1401 3207 1
3207 1197 1
1197 1007 1
1007 2187 1
2591 606 1
606 1380 1
1380 478 1
478 1 1
1 1380 1
1380 895 6
895 3266 1
3266 4307 1
4307 5185 1
2124 5117 1
5117 1426 3
1426 6262 1
6262 6024 1
6024 5248 1
5248 2232 1
5923 2629 1
2629 6468 4
6468 2708 1
2708 4039 1
4039 1810 1
1197 2297 1
2297 6627 1
6640 2624 1
2624 3760 2
3760 2616 1
2616 2646 1
2646 3943 1
3943 3378 1
3378 2616 1
2616 2124 1
2124 312 1
4664 3031 1
3031 3525 1
6312 1822 1
5185 5551 1
5551 3266 1
3266 6386 1
6386 5218 1
1426 6047 1
6047 708 2
5185 3710 1
1810 423 1
423 246 1
2863 4037 1
4037 1380 1
895 3031 1
3265 3380 1
5661 3065 1
6627 144 1
144 3710 1
3710 490 1
2629 5649 5
5649 1553 1
1553 2104 1
2104 4002 1
4002 317 1
3207 6078 2
6078 5679 2
5679 2095 1
2095 6462 1
6462 317 3
317 1326 2
1326 6344 1
6344 5103 1
5103 922 1
922 2232 1
5923 1762 1
1762 312 1
312 2550 1
2550 2478 1
2478 422 1
422 2187 1
2187 1121 1
1121 2414 1
2414 3163 1
3163 6150 1
6150 5185 1
2124 418 1
312 6260 1
6260 6128 1
6128 1952 1
2187 4390 1
4390 312 1
2545 1007 1
1007 6640 1
5679 1469 2
1469 5716 2
5716 2168 1
915 4490 1
4490 3267 1
1 409 3
409 3349 1
3349 1007 1
1007 5383 1
5383 2889 1
2889 2624 1
2624 5263 1
2132 5662 1
5662 5101 1
5103 5750 1
651 58 1
58 57 1
57 1976 6
1976 2989 1
2989 287 1
287 57 1
1976 5300 1
5300 326 1
326 57 1
57 1961 2
1961 3723 1
3723 1554 1
1554 2267 1
2267 5799 1
5799 359 1
359 3163 1
3163 956 1
956 2771 1
2771 2629 1
2629 2128 1
2128 1 1
1 1007 1
1007 4068 1
4068 6206 1
6206 708 1
234 34 1
34 2863 1
3649 4394 1
4394 57 1
1976 6515 2
6515 287 1
287 1 1
1 903 3
903 722 1
722 1302 1
1302 6628 1
6628 4342 1
4342 3683 1
3683 4138 1
6128 6640 1
5103 1750 1
1750 3468 1
2280 1810 1
1810 3980 1
3980 3355 1
3355 3356 1
2851 3074 1
3074 1961 1
4050 90 1
1121 2863 1
3941 2342 1
2342 1952 1
1249 1810 2
3265 654 1
654 4537 1
4537 2592 1
2592 2984 1
963 3265 1
915 3943 1
6640 903 2
1778 5283 1
5283 3732 1
3732 5219 1
5219 2624 1
2624 2984 2
963 3732 1
3266 2355 1
2355 3267 1
3267 4869 1
4869 5404 1
5404 317 1
3267 6031 2
6031 508 1
1140 4042 1
4042 1961 1
1961 1753 1
1753 2984 1
2984 1401 1
1401 5893 1
3207 6384 1
5609 6627 1
6627 6149 1
6149 1140 2
2366 6505 1
6505 2888 1
2888 1083 1
2591 1647 1
1647 6640 1
6640 6149 4
1810 1654 1
1654 3267 2
3486 5875 1
5875 2754 1
2754 2623 1
1170 2257 1
3266 2004 1
2004 3031 1
1258 5642 1
5642 1140 1
1140 542 1
542 5322 1
5322 1249 1
1249 5030 1
5030 5893 1
5893 1959 1
5805 5577 1
5577 1 1
1134 3265 2
3265 390 1
390 1707 1
1707 2898 1
2898 1810 1
2527 2553 1
2553 3219 1
3219 6503 2
3267 6160 1
6160 6640 1
3936 2647 1
2647 312 1
5841 3031 1
2707 2124 1
2124 915 1
2851 317 1
3266 6542 1
6542 5074 1
6503 1386 1
1386 2342 1
2342 2168 1
2168 1219 1
1219 2129 1
2129 1140 1
2232 5185 1
5185 5461 2
5461 3666 2
3666 6640 1
2124 3031 1
4218 3023 1
3023 2930 1
312 4958 1
4958 1 1
1 5168 2
5168 1556 1
1556 5693 1
5693 352 1
6243 6533 3
6533 6640 2
6386 5595 1
3801 2226 6
2226 3031 1
3031 3732 1
1288 1738 1
1738 1469 1
1469 5923 1
5923 1627 1
1627 2186 1
2186 312 1
312 1590 1
1590 6631 1
6631 2624 1
2624 6639 1
6639 3801 1
3801 3266 2
5595 2475 1
2475 6631 1
6631 3023 1
3023 2905 1
2905 2592 1
2592 554 1
554 1810 2
1810 1639 4
1104 4332 1
409 915 1
915 1520 1
1520 3801 2
2226 3723 1
6640 3227 1
3227 5810 1
5810 3056 1
956 4136 1
4136 2169 1
2169 236 1
236 4446 1
4446 312 1
312 516 1
516 1810 1
1810 3284 1
3284 3960 1
3960 6460 1
6460 3346 1
1079 3765 1
3765 1952 1
1952 3652 1
3652 5826 1
4276 3031 2
3031 6628 2
1249 2863 3
2863 870 4
870 6024 2
1822 966 2
966 1401 1
1401 2342 1
5997 1977 1
1977 3705 2
3705 2556 1
2618 618 1
618 1976 1
1976 5322 1
5322 915 1
915 4047 1
4047 2616 1
3060 6048 1
1202 5951 1
6438 1810 3
1810 1486 1
1486 5103 1
2616 1216 4
1216 2616 2
2591 632 1
632 6115 1
6115 6628 1
1140 5836 1
5836 225 3
225 6503 2
2316 2616 1
2616 1303 1
1303 6503 1
2863 4577 2
4577 3349 1
3349 2805 1
2805 2085 1
708 5799 2
5799 6111 1
6111 6258 1
6258 6138 1
6138 1810 2
3347 1878 1
1878 2629 1
2629 594 1
594 2629 1
2629 1124 1
1124 5999 1
5999 915 1
915 5836 1
2484 2809 1
2809 1227 1
1227 5103 1
1801 2930 1
2930 1426 1
5805 1407 1
1407 1077 1
1077 2720 1
2720 6627 1
6627 2866 1
2866 3194 1
3194 90 1
1119 1202 1
1202 3022 2
3022 442 1
442 671 1
671 2168 1
2168 2616 1
3267 2232 1
2232 6628 1
1140 3023 1
2863 3443 2
3443 4173 1
4173 5893 1
5893 3973 1
3973 1961 1
5893 3110 1
3110 6503 1
6503 1878 1
1878 2863 1
312 2859 1
2859 5460 1
5460 1 1
2863 1608 3
1608 3110 1
3110 4138 1
2616 3486 1
3486 6118 1
6118 4576 1
4576 312 2
312 5768 2
5768 2895 2
2895 1810 2
1810 1878 1
1878 532 1
532 1952 2
1952 1585 1
1585 495 1
495 5805 1
3127 1122 1
1122 4020 1
4020 2695 1
2695 6628 1
6628 1265 1
3265 1197 3
1197 3267 3
3267 632 2
632 1301 1
1301 3267 1
3267 2568 1
2568 6622 1
6622 1810 1
1810 5743 1
5743 5117 1
5117 1660 1
1660 5185 1
5185 6358 1
6358 3267 1
3267 5476 4
5476 312 1
2905 5316 1
5316 6456 1
5160 2187 1
2187 977 1
3724 6460 1
6460 3267 1
1255 6032 1
6032 3265 1
6503 915 1
915 2851 1
3265 6264 1
6264 6389 1
6389 1613 1
3267 5466 1
5466 237 1
237 938 1
938 3346 1
2679 1489 1
1489 3065 1
6627 22 1
22 1249 1
1249 1077 1
1077 6500 1
6500 5103 2
5103 1249 2
1249 3380 1
2168 4812 1
4812 708 1
708 1763 1
1763 1346 1
2858 5678 1
5678 5799 1
1404 3060 1
3060 3267 1
6386 6126 2
6126 5600 1
515 2085 1
2085 915 1
915 1613 1
1959 2616 2
2616 3723 2
3723 4480 1
4480 1140 1
6295 4240 1
4240 5593 1
5593 2168 1
2168 464 1
2342 2624 1
2624 2677 1
2677 5844 1
5844 5939 1
5939 1400 1
1400 3266 1
3266 4931 1
4931 6505 1
6505 6047 1
708 3266 1
3266 4334 1
4334 3710 1
3710 654 1
6627 5981 1
5981 2991 1
6503 2889 5
2187 6627 1
312 4115 1
4115 2707 1
2707 1140 1
5208 2566 1
2566 1426 1
5997 915 1
5283 2168 2
3732 5826 1
5826 5103 1
3265 5745 1
5745 5074 1
5074 3801 1
3801 1627 1
1627 317 1
6640 1325 1
1325 6640 1
6640 4413 1
4413 1952 1
5649 1704 1
1704 1369 2
1369 1810 2
1343 1 2
3424 3056 1
3056 6085 1
6085 1426 1
6628 2592 4
2591 6506 2
6506 5517 1
5517 2168 1
2168 6126 1
6126 856 1
856 2511 1
1810 1701 1
1701 3265 1
3265 5301 1
5301 4645 1
4645 317 1
317 5503 1
5503 2458 1
2458 3801 1
3801 3663 1
3663 1762 1
1762 3978 1
3978 3267 1
3267 1140 1
1140 312 3
3999 111 1
111 5799 1
1961 6389 1
6389 3663 1
3663 2889 1
2889 432 1
432 1389 1
1389 2458 1
2458 3265 1
3265 3602 1
3602 5893 1
3732 234 1
234 4287 1
4287 2863 1
6248 3267 1
3267 5492 2
5492 5103 1
5103 2337 4
2337 1961 1
1961 2511 1
6126 6024 1
5074 6640 2
308 429 1
429 1952 1
6468 1810 3
1810 3972 2
3972 5594 1
5594 6024 1
5208 6640 3
6387 731 1
731 2501 1
2501 389 1
389 1 2
5875 1399 1
2858 3726 2
3726 6350 1
6350 1140 1
3267 3596 1
3596 409 1
5879 2556 1
2556 1134 1
1134 4632 1
4632 6640 1
5185 2226 2
2226 2863 1
2863 4835 1
4835 3031 1
2591 6246 1
6246 3370 1
3370 146 1
146 6503 1
2863 1226 1
1226 1134 1
2132 352 1
6533 2168 1
915 668 1
5103 2226 1
1810 4449 2
4449 6295 2
1952 6606 3
6606 1104 1
1104 358 1
358 2629 1
2629 2337 1
2337 6640 3
6640 1425 2
1425 5295 1
5295 3031 1
6640 763 1
763 6505 1
6505 654 1
654 6250 1
6250 317 1
6435 5600 1
2337 5436 1
6640 3859 1
3267 1104 1
1104 6396 1
6396 3008 1
1759 1520 1
317 5666 2
5666 6640 1
6503 6456 2
2187 2845 1
2845 4358 1
4358 1033 1
1033 1690 1
1690 1104 1
1104 317 1
317 1599 2
1599 903 1
903 5679 2
5679 5834 1
5834 312 1
312 3424 2
3066 2124 1
2124 984 1
984 3732 1
3732 5168 1
5168 6640 3
6640 4604 2
4604 1404 1
1404 1088 1
1088 6640 1
312 769 1
769 317 1
317 5232 1
5232 3031 1
1104 3227 2
3227 1639 2
1639 317 1
308 388 1
1599 4559 1
4559 3185 1
3185 1387 1
1387 2501 1
2591 5594 1
312 1033 1
1033 2251 2
2935 5200 1
5200 5799 1
312 464 3
464 2355 1
2355 3960 1
3960 6640 1
6640 701 1
701 2511 1
1140 1982 1
1982 3801 1
3801 5372 1
5372 2724 1
2724 5074 1
5074 3370 1
3370 4436 1
4436 1952 1
6640 447 1
447 1709 1
1709 273 1
273 570 2
1469 1104 3
1104 554 1
554 2624 1
2624 5308 1
5308 966 1
966 3266 1
3266 3859 1
1810 1645 1
1645 6640 1
5327 6158 1
6158 1404 1
4795 6030 1
464 5677 1
5677 1033 1
1033 2217 1
6640 5871 1
5871 4545 1
4166 4840 1
4840 5836 1
5836 6503 2
1134 4892 1
4892 5799 1
5799 937 1
937 1 1
1 6664 2
6664 3807 1
3807 5208 1
5805 3197 1
3197 5023 1
5023 3509 1
3509 2522 1
2522 5659 1
5659 1871 1
1871 1106 1
1106 6640 1
6640 2754 4
2754 304 1
304 2624 1
2624 3065 1
409 5879 1
5879 773 1
773 304 1
304 1033 1
304 1140 1
1140 3135 1
3135 1 1
5389 6503 2
6503 4297 1
4297 5836 1
1961 1502 1
1502 1033 1
2251 4475 1
4475 1810 1
5444 4077 1
4077 1952 1
1952 6627 1
6627 1463 1
1463 3065 1
6386 5600 1
515 5760 1
5760 2511 1
5444 532 1
532 5786 2
5786 3031 1
6640 2995 1
2995 5406 1
5406 3065 1
2984 3006 7
1139 6288 2
6640 5492 1
5492 515 3
515 1598 1
1598 312 1
312 1639 3
1639 1810 2
708 2018 1
2018 6126 1
6126 4868 1
4868 540 1
540 3960 1
3960 2232 1
2232 5231 1
5231 348 1
76 1810 1
2858 66 1
66 3018 1
3732 3267 2
3267 2355 1
2355 6640 1
6386 6135 1
6135 2863 1
5389 2342 3
1976 2966 1
2966 3031 1
2863 6135 2
6135 1952 1
3983 4423 1
4423 6374 1
6374 4234 1
4234 314 1
314 5103 1
5185 6456 1
3267 4163 1
4163 1033 1
1033 2629 2
1097 5716 1
5716 4161 1
4161 2124 1
2124 1 3
3349 5716 1
5716 4962 1
4962 5100 1
5100 317 1
1598 317 1
5666 1810 1
317 3610 1
3610 4424 1
4424 4415 1
4415 5716 1
5716 6024 1
6024 5528 1
5528 6640 2
6503 2251 1
317 4334 1
4334 4003 1
4003 3031 2
5411 3859 1
3266 2237 1
2237 312 1
2851 5453 1
5453 2783 1
2783 2858 1
2858 1377 1
1377 1810 1
1121 5223 1
5223 6024 1
6024 1839 1
1839 1033 1
1033 6470 1
4022 2124 1
2124 2760 1
2760 2783 1
2783 708 1
1810 5912 1
5912 5893 1
5893 3713 1
3713 1810 1
1810 1380 3
1380 3732 1
651 3846 1
3846 3709 1
3709 1952 1
5870 702 1
702 1197 1
1197 5386 1
5386 458 1
458 2774 1
2774 6329 1
6329 1227 1
1227 4799 1
1011 3207 1
3207 1440 1
1440 5222 1
5222 1810 1
1810 1562 1
1562 2629 1
708 1640 1
1640 6382 1
6382 1709 1
1709 3576 1
3576 954 1
954 5912 1
5912 849 1
2851 956 2
956 3555 1
3555 5013 1
5013 352 1
352 1822 1
1822 3793 2
3793 4832 1
5694 2296 1
2296 1976 1
1959 317 1
2863 5396 5
5396 2309 1
2309 409 1
409 3207 2
3207 5450 2
5450 1 1
1 1959 1
6503 6417 1
6417 5643 2
5643 2296 1
2296 4627 1
4627 1810 1
1810 149 1
149 3576 1
3576 1258 1
312 1623 1
1623 708 1
708 5422 1
5422 1810 1
1130 352 1
352 1256 1
1256 2850 1
2850 4234 1
4234 4695 1
4695 5201 1
5201 1788 1
1788 5074 1
5074 3576 1
144 6640 2
708 6156 1
6156 3265 1
3265 769 2
1 2296 1
2296 2475 1
708 1043 1
1043 3505 1
3505 352 1
352 2616 1
2616 6243 2
6243 5694 1
5694 6093 1
6093 5450 1
5450 1586 1
1586 5185 1
5185 2139 1
2139 1359 1
1359 2296 1
2296 4138 1
4138 6503 2
6503 2810 1
2810 1034 1
1034 5872 1
5872 3576 1
3576 5444 1
5444 2591 1
5185 5013 1
5013 5103 1
3353 5601 1
5601 2972 1
2527 3795 1
3795 388 1
388 4545 1
4545 5871 1
5871 351 1
351 5649 1
5649 1202 2
1202 3576 1
3576 1810 1
1810 5519 3
5519 6398 1
6398 6586 1
6586 4528 1
4528 865 1
6566 5201 1
5201 5074 1
5074 588 1
588 555 1
555 5061 1
5061 1003 1
1003 3266 1
3266 3940 1
3940 2246 1
2246 6627 1
1829 1299 1
1299 409 1
409 6114 1
6114 2672 1
2672 5370 1
3525 2208 1
2208 3031 1
3031 6281 1
6281 5345 1
5345 1952 1
1426 2168 1
2863 6272 1
6272 1810 1
4359 3370 1
5208 2282 1
2282 442 1
442 2720 1
2720 708 2
312 2140 1
2140 1035 1
1035 3859 1
1033 5103 1
5103 3393 1
3393 317 1
317 4185 2
4185 1810 1
6640 2354 1
2354 5641 1
5641 1469 1
3267 5356 1
5356 3031 1
3265 2251 1
2251 2863 1
2863 3847 1
3847 5893 1
5893 5200 1
5200 3266 1
1810 3722 1
3722 4379 1
4379 3031 1
5444 458 1
458 146 1
146 5810 1
5810 2342 1
2342 3356 1
3356 1140 1
1 352 2
352 3267 1
3267 2255 1
2255 4228 1
4228 1810 1
3690 5844 1
5844 2623 1
1170 2879 1
2879 1399 1
2754 3266 2
3266 773 1
773 1033 1
6503 5879 1
1404 5641 1
5641 4354 1
4354 1810 1
1810 3908 1
3908 6223 1
6223 2258 1
2258 2984 1
2984 3964 1
3964 180 1
180 4233 1
4233 1810 1
5870 532 1
532 1269 1
1269 6640 3
6640 5356 1
409 2355 1
2355 3031 1
2591 4069 2
4069 2355 1
279 5577 1
5577 418 1
2168 5201 1
5201 409 1
409 473 1
473 4528 1
4528 312 1
312 2944 1
2944 5103 1
409 2411 1
2411 1810 1
1810 5836 1
5836 4469 1
4469 1404 1
1404 234 1
234 2417 1
2417 3265 1
3265 3160 1
3160 6503 1
6503 3167 1
3167 4422 1
4422 3265 1
29 1810 2
3265 1258 5
1258 4206 1
4206 5103 1
5103 1134 1
1134 3732 1
3732 2805 1
2805 1810 1
1810 5327 1
5327 3468 2
1269 4358 1
3265 814 1
814 5485 2
5485 6503 1
2591 1254 1
1254 3356 1
3356 5103 1
5805 2521 1
2521 6456 2
6456 2521 1
3527 814 1
5485 3732 1
3732 3765 1
3765 3265 1
3265 3508 1
3508 2168 1
2168 956 1
458 1121 1
3525 4064 2
4064 3732 1
2488 5277 1
5277 312 1
6385 4505 1
4505 317 1
317 5042 2
5042 5231 1
5231 1 1
1 939 1
1119 5799 1
5799 6628 1
6628 3126 1
3126 6503 2
1083 3920 1
3267 5917 1
5917 1380 1
1380 1961 2
2553 5322 2
5322 708 1
1810 6120 2
6120 92 1
92 312 1
5799 4787 1
1810 5767 2
5767 6024 1
5239 2687 1
2687 942 1
942 1961 1
3104 1810 1
1810 3091 1
3091 3031 1
2591 1197 1
1134 2168 1
2471 3006 2
2527 2701 1
2701 1952 1
1952 4576 1
4576 5103 1
5103 52 3
52 1810 3
1810 1113 2
1810 1265 1
1878 3031 1
1202 52 1
52 705 1
4423 1810 4
1810 2266 1
2266 6503 1
6503 449 1
449 3732 1
3732 568 1
568 6419 1
6419 6126 1
6126 2629 4
1139 4138 1
4138 4235 1
4235 4792 1
4792 1121 1
1121 2935 1
2935 3263 1
3263 317 1
317 3983 1
3983 4370 1
4370 4781 1
4781 1810 1
2168 4577 1
5951 2889 1
2889 1469 1
1469 6384 1
6384 6419 1
6419 5103 1
5103 6238 1
6238 6205 1
6205 317 1
317 5985 1
5985 5613 1
5613 6640 1
1810 1121 1
1121 1810 1
2889 6174 1
6174 3370 2
3370 5920 1
5920 5239 1
5239 4880 1
4880 925 1
925 2629 1
304 752 1
2888 2963 1
2963 1399 1
6503 4576 1
4576 6628 1
6470 2896 1
2896 2889 1
2889 532 2
1952 5185 4
5185 4334 1
4334 6375 1
6375 6628 1
6628 4576 1
4576 2675 1
2675 2545 1
2545 6595 1
6595 317 3
1083 2972 1
2972 3770 1
3770 3103 1
3103 3031 1
2168 4585 1
4585 3310 1
3310 1961 1
305 2975 1
2629 6059 1
6059 915 1
915 2187 1
2187 6511 1
5208 3525 2
3525 2929 1
2929 2629 1
2701 52 1
52 4903 1
6288 2168 1
915 4486 1
4486 1952 1
1810 4810 1
3267 6327 1
6327 6640 1
1134 5949 1
5949 1139 1
2124 5593 1
312 330 1
378 6640 2
657 2702 1
5799 2085 1
312 3018 1
3018 4168 1
4168 1 1
1 720 1
720 1871 1
1871 6628 1
6628 3051 1
3051 2984 1
2984 330 3
378 5420 1
5420 956 1
956 409 2
4276 2863 1
2863 2310 1
2310 5844 1
5844 6483 1
956 5758 1
5758 4276 1
4276 317 1
330 2124 2
1083 206 1
206 2863 1
2863 3896 1
3896 5103 1
4099 1961 1
1961 2624 1
3760 722 1
722 5989 1
5989 6505 1
3943 722 1
722 3266 3
5997 6505 2
6505 5989 1
5989 717 2
717 2255 1
1327 5593 1
5593 915 1
915 2984 1
5165 2863 1
2863 4479 2
4479 3892 1
3892 6383 1
6383 57 1
2863 4795 1
4795 1961 6
1961 5989 1
717 2889 1
2889 2085 2
2085 1873 1
1873 4139 1
1139 4235 1
4235 6288 1
6640 3929 1
3929 691 1
691 4203 1
6503 4659 1
4659 5598 1
5598 5103 1
3267 870 2
870 1822 3
1822 330 2
2124 1090 1
1090 4585 1
4585 1961 1
5208 368 1
368 6503 1
6503 1090 1
1090 3023 1
1130 3341 1
3341 6640 1
1613 5893 1
3267 6296 1
6296 2629 1
6435 390 1
390 1343 1
5208 3267 2
6386 6041 1
6041 2124 1
2124 330 1
378 3031 1
3031 6061 1
722 1404 1
1404 4246 1
4246 4158 1
4158 6138 1
6138 3273 1
3273 722 1
722 4810 1
4810 6500 1
304 3744 1
3744 6628 1
6628 2887 1
2887 2168 1
2168 3267 1
3267 4978 1
4978 5420 1
5420 1326 1
1326 4259 1
4259 1724 1
1724 2720 1
915 4873 1
4873 6398 1
6398 6390 1
6390 6102 1
6102 4293 1
4293 2889 1
2889 5778 1
5778 5185 1
5185 5052 2
5052 1961 2
3267 6175 1
6175 4512 1
4512 6503 2
5103 5485 1
5485 3348 1
3348 6628 1
6628 2197 1
2197 6640 1
5923 6034 1
6034 1077 1
708 3349 1
3349 3752 1
3752 3267 1
3267 4741 1
4741 5844 1
5844 6271 1
2889 3724 1
3724 13 1
13 1077 1
5805 13 1
13 2553 1
2553 304 2
304 2694 1
2694 5535 1
5535 1810 1
6640 5830 1
5830 6640 1
304 2963 1
2963 458 1
317 13 1
13 1 1
1 2619 2
2619 1346 1
1346 3105 1
3105 3267 1
2629 1978 1
1978 3776 1
3776 365 1
365 2253 1
2253 903 1
903 6628 1
6628 365 1
365 5844 1
5844 1961 1
1961 903 1
903 4885 1
4885 317 1
68 3056 1
3056 1404 1
4632 5348 1
213 6640 1
6640 2974 1
2974 970 1
970 5593 1
5593 4812 1
722 6507 1
6507 4632 1
4632 2168 1
2168 5003 1
5003 6640 1
6640 3120 1
3120 6627 1
2863 2030 2
2030 1810 1
5420 5997 1
6640 1150 1
1150 6647 1
6647 1469 2
1469 1807 2
1807 1 2
1426 3591 1
3591 6405 1
312 915 1
915 5444 1
5444 4989 1
4989 618 1
5799 4576 1
4576 5327 1
5327 5142 1
5142 1077 1
1077 2436 1
2436 78 1
78 6515 1
6515 53 1
53 3000 1
3000 5283 1
2168 3198 1
3198 6640 1
5201 1961 1
2553 6384 1
6384 1399 2
6627 4319 1
4319 2616 1
4020 78 1
78 5875 1
5993 486 1
486 5669 1
5669 1426 1
1426 5316 1
5316 1810 1
5997 3028 1
3028 2863 2
236 2984 1
2984 1399 1
5997 4144 1
4144 2556 1
2556 5472 2
5472 5875 1
5875 2889 1
2889 3356 1
2616 6118 2
6118 304 2
5208 4355 1
4355 2168 1
2168 3300 1
3300 548 1
548 3265 2
6509 1 1
4201 2641 1
1430 2629 1
2629 2125 1
2125 5523 1
5523 5185 1
5185 947 1
947 1739 1
3265 5879 2
5879 5218 1
2889 870 1
1822 3265 4
3265 1955 1
1955 705 1
705 1346 1
1346 4069 1
4069 304 1
5993 1134 1
1134 3001 1
3001 2720 1
5641 5069 1
5069 5208 1
5923 1139 1
5799 4903 1
4903 3265 1
3265 5358 1
5358 5576 1
5560 3016 1
6126 5805 1
938 2863 1
5201 1044 1
1044 5070 1
5070 3267 1
515 2475 1
5836 4423 1
4423 4099 1
4099 689 1
6640 5600 2
2337 1810 3
1810 4692 1
2523 2124 1
2124 1121 1
1121 6061 1
6061 2623 1
1170 2187 1
2187 5263 1
5263 540 1
540 5185 1
1810 6143 1
6143 423 1
423 4401 1
1952 3508 1
3508 317 1
29 5103 1
5103 3710 1
3710 2629 1
2105 3266 1
3266 5263 4
5263 1591 1
1591 2355 1
2355 5074 1
1810 3704 5
3704 6640 2
5641 3266 1
3266 6124 1
6124 1411 1
1411 6640 1
554 1952 1
5593 2533 1
2533 2624 8
2624 3506 1
3506 722 1
722 5799 2
5799 1057 1
1057 6503 1
3266 3704 1
3704 3065 1
3065 2889 1
2889 5799 2
3267 4576 1
4576 3473 1
3473 3266 1
708 6114 1
6114 4745 1
4745 317 1
29 3266 1
5767 1796 1
6503 2461 1
2461 312 1
312 4851 1
4851 5103 1
5185 4999 2
4999 5693 1
5693 3892 1
3892 5825 1
5825 3266 1
3266 3267 1
3267 3016 1
2863 6062 2
6062 2984 1
2984 3267 1
3267 6062 1
6062 2223 1
2897 1961 2
1762 6627 1
6640 1281 1
1281 1830 1
1830 3065 1
3065 2991 1
2991 6627 2
6627 542 1
542 2991 1
2991 3266 1
3266 3072 1
3072 2556 1
2556 6566 1
6566 5074 1
5074 4652 1
4652 3774 2
3774 1404 1
6126 5367 1
5367 2545 1
2545 5138 1
5138 1810 1
1810 3227 1
3227 4472 1
4472 1952 1
5649 6640 2
4652 1096 1
651 3892 1
3892 1 2
1 3266 4
317 3218 1
3218 409 1
409 437 1
437 3031 1
2484 5767 1
1810 6249 1
6249 1961 1
2187 755 1
755 233 1
233 1807 1
1807 6640 1
6640 2475 1
5836 1734 1
1734 4952 1
4952 3266 2
3266 409 2
6640 5617 1
5617 2629 1
2629 2024 1
2024 708 1
312 1983 1
1983 2863 1
5208 1961 2
1556 5967 1
5967 2187 1
2187 367 1
367 5250 1
2629 4112 1
4112 244 1
244 6640 1
2851 2533 1
722 1790 1
1790 1469 1
1469 989 1
722 2591 4
2591 4553 1
4553 1139 1
1139 5957 3
5957 1077 1
6024 2538 2
2538 2391 4
2391 1739 1
6627 5591 1
5591 708 1
4783 1739 1
1739 3031 1
5283 1976 1
3127 6640 3
2863 3928 1
3928 1097 1
2897 2889 1
5786 3905 1
3905 722 1
722 1952 1
1952 2391 1
2391 1810 1
3356 5810 1
5810 5951 1
5951 6489 1
5957 1139 1
1139 598 1
598 3266 5
3266 1077 1
1077 6388 1
6388 6417 1
961 1399 1
1399 6627 1
2942 3056 1
1810 3060 3
3060 330 1
330 5370 1
5370 3266 5
3266 6168 1
1810 3967 1
3967 1 1
4585 1399 1
1399 722 9
722 3023 1
1874 4678 2
4678 6627 1
6640 3926 1
3926 5208 2
5208 1639 1
1639 1104 4
1104 1639 2
5893 4652 1
4652 722 3
1258 722 1
5283 409 1
4276 2533 1
2624 4399 1
4399 834 1
834 2967 1
2967 1941 1
1941 3031 1
2942 3023 1
3819 1380 1
1380 330 1
330 5476 1
2863 1380 2
1380 722 2
6627 3505 1
3505 2592 1
2592 1831 1
1831 1463 1
1463 3056 1
618 5123 1
5123 6125 1
6125 722 1
722 6126 1
1796 5844 1
312 2428 1
2428 4952 1
4952 4068 1
4068 6503 1
5693 4104 1
4104 409 1
409 5836 1
3266 4424 1
4424 6243 1
6243 3370 1
3137 2629 1
3266 517 1
517 1810 3
4604 3276 1
3276 2501 1
2501 2036 1
3732 2717 1
2717 3720 1
3720 1 1
3266 928 3
928 4826 1
4826 3370 1
3370 947 2
947 708 1
236 1716 1
1716 6121 3
5208 569 1
569 1810 1
3266 4005 1
4005 708 2
708 2855 1
2855 5103 1
5923 2575 1
2575 1961 1
2616 1727 1
1727 939 1
939 3560 1
3560 3469 1
3469 2629 1
1810 1202 1
2085 3266 2
3266 273 1
273 2168 1
2168 2859 1
2859 1810 1
5923 4236 1
3266 4795 1
4795 6560 1
6560 5879 1
3266 668 3
317 947 1
947 2355 1
3266 1668 1
1668 1961 1
1961 1732 1
1732 5506 1
5506 1810 1
3266 671 1
671 5639 1
5639 2888 1
2888 3941 1
3941 5327 1
5327 2930 1
2930 5855 2
2527 3006 1
3006 5220 1
6640 4427 1
4427 788 1
788 3267 2
3267 1381 2
1381 1810 1
5005 2133 1
2133 3267 1
6627 1687 1
1687 1810 1
722 5201 1
6627 3031 3
2935 722 1
1952 2538 2
2391 57 1
5266 312 2
312 5204 1
5204 3031 1
312 5393 1
5393 5997 1
409 5997 1
2863 5238 4
5238 2863 1
2342 1810 1
3266 4006 1
2629 5074 6
5074 5185 1
5185 77 1
77 2521 1
2521 5083 1
5083 6640 1
6640 5823 1
5823 3370 1
3370 611 2
611 1810 1
6640 5238 1
5238 2629 2
3266 5844 1
5844 4585 1
4585 5283 1
5283 3266 2
3266 2127 1
2127 6628 1
6628 6125 1
6125 2592 1
3031 558 1
558 6640 1
1258 1404 1
1404 2923 2
651 4746 1
4746 5103 1
3267 4526 1
4526 6640 1
722 6384 1
722 3847 1
3847 5218 1
5218 5943 1
5943 1810 1
5074 4284 1
4284 6640 1
2133 820 1
3267 2302 1
2302 3031 1
3031 1401 1
1401 1404 2
3207 2355 1
2355 722 2
722 2916 1
2916 3270 1
3270 4077 1
234 87 1
87 1 3
2616 2942 1
2942 3265 1
3265 5556 1
1258 1202 1
1202 4099 1
4099 1202 1
1202 651 2
651 3843 1
3843 6595 1
4423 2618 1
2618 3318 1
3318 5208 1
1822 5074 2
5074 6628 1
6628 67 1
67 3267 1
3267 1679 1
1679 317 2
6005 1 3
5117 5327 1
5327 6118 1
6118 3031 1
1961 5607 1
5607 120 1
120 6640 1
2591 3468 1
312 3434 1
3434 3367 1
3367 5185 1
5185 3705 2
3705 1202 1
416 2533 1
2624 6640 1
5218 3158 1
3060 4318 1
4318 1810 1
4424 3346 2
3346 5799 1
1255 6024 1
2391 1085 1
1459 2863 1
236 6438 1
6438 1391 1
1391 618 1
618 6627 6
6385 3905 1
3905 5989 2
5989 5218 1
5218 3346 1
3346 5810 3
5810 5576 1
5576 1202 1
1202 1124 1
1124 1871 1
1871 4000 1
4000 1158 1
1158 1 1
1709 533 1
1269 5810 1
5810 2591 1
6503 682 1
6463 3525 1
319 1399 1
1762 1202 1
1202 3209 2
3209 6438 1
6438 4163 1
2629 3236 1
1425 6640 1
3209 1399 1
388 2863 2
6640 1798 2
1798 1085 1
317 111 1
111 722 1
722 5879 1
5879 3847 1
3847 5943 2
5943 4952 1
4952 2254 1
2254 5358 1
5358 708 1
6503 6135 1
6135 3370 1
3370 6420 1
6420 1810 2
1810 1206 1
1206 5923 2
2592 1679 1
6005 6385 1
1426 5389 2
6248 5595 1
5595 1 1
1 312 3
312 5760 1
5760 508 1
3267 722 2
722 3154 1
3154 3065 1
409 5389 1
5389 1810 2
1810 2678 2
2678 4164 1
4164 747 1
747 6640 1
3065 312 1
6627 6055 1
6055 3267 1
2863 4147 2
4147 5961 1
5961 3006 1
3207 564 1
564 2629 1
966 1399 1
6640 6031 1
6031 5875 1
5875 5117 1
312 1244 1
722 3031 2
5117 1244 1
1244 6640 1
5893 3957 1
3267 2592 1
6627 2434 1
2434 1327 1
1327 2591 1
2591 1244 1
1244 6627 1
3267 5370 2
5370 2133 1
2133 4403 1
4403 236 1
236 6419 1
6419 6640 1
722 4050 1
4050 3267 1
3267 3511 1
3511 1096 1
6640 2015 1
2015 1810 1
1810 290 1
290 3056 1
618 2167 1
2167 6517 2
6517 1987 1
1987 317 1
317 263 1
263 5594 1
5594 6628 1
6628 2072 1
290 1810 2
1810 3909 1
3909 2863 1
4194 2085 1
2085 5726 1
5726 4055 1
4055 5146 1
5146 3444 1
3444 6628 1
6628 4356 1
4356 4741 1
5893 4137 1
4137 317 3
317 262 1
262 1810 1
45 2187 1
2187 1816 1
1816 2167 1
6517 41 1
41 1810 1
1810 5942 1
5942 5171 1
5171 722 1
6503 2843 1
2843 409 1
989 2533 1
2533 2623 9
2623 3056 1
5844 1959 1
1959 708 1
6261 57 1
1077 2533 2
2623 2828 1
2828 52 1
52 2863 1
2863 5944 1
5944 4741 1
4741 1820 1
1820 5185 1
5185 6480 1
6480 3973 1
3973 2863 1
2863 3168 1
3168 3708 1
3708 1140 1
1140 5218 1
5218 3267 1
3267 1874 1
1874 4283 4
4283 3708 1
3708 5751 1
5751 5601 1
5601 1 1
1 2858 1
3726 2863 1
2863 6120 1
6120 3972 1
3972 2863 6
4020 409 1
409 1140 1
312 41 1
41 4576 1
312 5771 1
5771 2895 1
2895 5928 1
1426 1961 1
1810 4576 1
4576 2889 1
2187 5323 1
5323 388 1
388 5786 1
5786 6385 1
5283 2623 1
2623 6640 2
5893 5492 1
515 3921 1
3921 1 1
1709 1385 1
1385 1952 1
2391 2984 1
2984 2533 1
2624 6627 1
963 6627 1
6627 2879 3
2879 722 1
1258 1403 2
1403 1202 1
1202 1509 2
1509 4322 1
5208 722 1
722 695 1
695 330 1
330 1380 4
1380 3267 1
3267 3912 1
3912 5103 1
722 3930 1
3930 2851 1
2851 6414 1
6414 722 1
722 1 2
722 2355 1
2355 1961 2
1961 3423 1
3423 2077 1
6662 2553 1
2553 4699 1
4699 330 1
330 2618 1
2618 1227 1
1227 4788 1
213 1227 1
1385 5218 1
5218 1 1
1 5248 1
5248 2591 1
2591 1762 1
1762 3356 1
3356 1077 1
1077 3267 2
1258 3356 3
3356 4741 1
2935 4192 1
4192 359 1
359 2592 1
2592 2591 1
6506 1647 1
1647 1399 1
708 4869 1
4869 6120 1
1258 5211 1
5211 3006 1
3006 5103 6
2254 696 1
696 3006 1
5103 330 2
330 1379 2
1379 3006 1
5103 5248 1
5248 3006 1
6456 4203 1
3007 5593 1
5593 3065 1
3065 1767 1
1767 330 1
1379 330 2
330 2355 1
722 752 1
752 3905 1
3905 5103 2
2624 1 1
6121 3065 1
409 4229 1
4229 5283 1
5283 2533 3
2533 5750 1
5750 6505 1
6505 3266 2
3266 3608 1
3608 1379 2
330 3955 1
3955 1810 2
5519 3267 2
722 6120 1
6120 1952 1
5185 3878 1
3878 2629 1
2629 2972 1
2972 6438 1
4411 5211 1
5211 418 2
418 1871 1
1871 1508 1
1508 4221 1
4221 2533 1
2623 5003 1
5003 1613 1
3905 2650 1
2650 1790 1
1790 5997 1
5283 3031 2
6640 4182 1
4182 3955 1
3955 6627 1
6627 5824 1
5824 180 1
3964 3006 1
6385 1798 1
1798 96 1
96 3955 1
3955 3031 1
903 2511 1
1140 1952 1
5485 3265 1
3265 3346 1
3346 6024 1
3267 57 1
312 939 2
6503 3399 1
3267 6628 1
2511 3535 1
3535 2533 1
2623 6024 1
2984 903 1
903 1426 8
5117 304 1
304 1430 2
1430 6627 1
1796 5875 1
1401 1796 1
2863 6055 1
6055 6640 1
6149 3265 1
6024 6628 1
2888 6505 1
6505 3399 1
3265 722 1
3031 3942 1
6640 5515 1
5515 2257 1
3265 5594 2
6523 312 1
2863 2725 1
2725 6640 1
1810 5745 5
5745 3265 3
3591 2501 1
2501 3944 1
6640 112 1
112 3031 1
3031 3758 1
3758 2556 1
2556 6483 1
1343 5893 1
3065 722 1
1 2501 1
2501 3227 1
3227 2997 1
2997 2257 1
2257 1426 3
5594 3926 1
3926 6640 2
5844 722 1
956 2533 1
722 2754 1
2754 2629 1
2629 291 2
291 1 1
1288 4697 1
4697 6385 1
6385 722 1
2133 3021 1
5238 618 1
2754 6640 1
4006 2511 1
1140 317 3
317 1033 4
1033 2511 1
2511 6126 1
5810 2085 1
722 554 1
554 3051 1
3051 1810 3
1104 2533 1
2533 1170 1
1170 1810 1
3525 722 1
722 1411 1
1411 928 1
2556 2760 1
2760 5360 1
5360 4358 1
4358 607 1
607 1961 1
3266 5679 1
5679 3207 1
3207 540 1
540 1033 1
3704 317 1
2085 6628 1
6628 6532 2
6532 3933 1
3933 3266 1
1810 3089 1
3089 1202 1
3022 2085 1
3266 3805 1
3805 5372 1
291 6640 1
928 498 1
498 3370 1
3370 5360 1
5360 3266 1
3266 2217 3
2217 3911 1
3911 6640 1
5283 4706 1
4706 6640 1
708 5928 2
5283 1810 2
6062 6640 1
5997 3016 2
1491 5103 1
3266 6138 2
6138 390 1
390 3266 1
3266 4604 1
4604 6531 1
6531 6371 3
6371 5799 1
1961 3018 1
3266 3954 1
3954 1265 1
1265 2085 1
6640 693 1
693 5750 1
1810 1751 1
1751 6640 1
1961 6316 2
6316 5923 2
5923 330 1
330 1790 1
1790 2187 2
1459 3732 1
5678 5005 1
722 1392 1
1392 317 2
1007 6024 1
2616 2545 1
2545 5810 1
5810 1790 1
1790 1 1
1 5123 1
5123 1569 1
1569 1326 1
1326 4613 1
4613 618 1
618 1873 1
1873 1 1
6640 6524 1
6524 2863 1
1491 2533 1
2623 4652 1
722 3608 2
3608 6503 1
3266 2948 1
2948 6120 1
6120 5989 1
5989 6024 1
3267 2256 1
2256 1480 1
1480 2254 1
1491 3031 1
3031 1959 2
6627 4788 1
213 956 1
956 2991 1
2991 893 1
893 1077 1
1077 1952 1
5485 893 1
893 1004 1
1004 4040 2
4040 1 1
1 1404 3
1404 2629 2
2629 4704 1
4704 2897 1
2897 3266 1
5467 1766 1
1766 2991 1
2991 5799 1
5799 3723 1
3723 1399 1
59 312 1
5893 3723 1
5875 5476 1
5476 3274 1
3274 4704 1
4704 3050 2
3050 708 1
708 246 1
2863 1241 1
1241 1202 1
6287 2254 1
2591 3892 2
3892 6460 1
3266 233 1
233 6640 1
3219 6627 1
6627 579 1
1810 277 1
277 6024 1
3266 6024 4
3266 5176 2
5176 6630 1
6630 5997 1
939 4812 2
4812 6177 1
3370 5176 1
5176 1404 1
304 5316 1
5316 6076 1
6076 6640 1
722 1011 1
1011 3561 1
3561 1150 2
1150 6503 2
6503 5176 1
5176 5123 1
5123 5409 1
5409 226 1
226 1952 1
1426 6628 1
6628 5176 2
5176 5476 1
5476 3343 1
3343 5036 2
5036 1961 1
1961 5283 1
2623 3343 1
5036 1077 1
1077 3370 1
5176 4601 1
4601 1810 1
1327 226 2
226 1327 1
226 1976 1
1976 2178 1
2178 2100 1
2100 5045 1
5045 6445 1
6445 1433 1
1433 601 1
601 2554 2
2554 1077 1
2342 1404 1
1404 1976 1
1976 226 1
226 306 1
306 1810 1
1426 708 2
2703 5176 2
5176 5799 1
2623 3031 1
3031 5283 2
5283 2629 5
2629 2520 4
2520 3506 1
5176 4203 1
1401 5176 1
5176 2856 1
2856 708 1
708 226 1
226 3031 1
5993 5428 1
5428 6456 1
6456 6146 1
6146 5208 2
5208 3548 2
3548 1 2
1709 4466 1
4466 6646 1
6646 5144 1
5144 5103 1
2250 5373 1
5208 6566 1
6566 4735 1
4735 5208 1
5208 4732 1
4732 317 3
2363 5591 1
5591 3506 1
3506 6628 1
6628 6456 3
6456 6174 1
6174 1810 2
618 5805 2
5805 3358 1
3358 3381 1
3381 3490 1
3265 6146 1
3548 3056 1
3056 903 1
5993 1770 1
1770 5428 2
5428 4189 1
4189 2591 1
6627 1665 1
1665 226 1
226 1404 1
304 3031 1
6627 6124 1
6124 598 1
598 1752 1
1752 6640 1
1258 5218 1
1426 3941 1
1810 2133 1
2133 3380 1
6640 95 1
95 1426 1
1401 1355 1
708 3006 1
2527 2863 3
2471 2133 1
2133 330 1
1380 5453 1
5453 317 1
29 5799 1
5799 3031 1
3468 3207 1
722 3905 1
304 672 1
3267 6470 1
6470 2502 1
2502 722 1
722 6386 1
6386 4746 1
4746 508 1
508 1798 1
1798 3267 1
1425 4341 1
4341 330 1
895 1356 1
1356 2355 1
2355 5641 1
5641 2342 2
2342 3576 1
3576 3104 1
3104 2005 1
3566 5103 1
5103 5882 1
5882 6418 1
6418 6505 1
6505 2533 2
2624 4735 1
4735 2629 1
3566 2991 1
2991 722 1
722 1286 1
1286 6503 1
312 5024 1
5024 1767 1
1767 1327 1
1327 3573 1
3573 722 1
722 3432 1
6011 3347 1
2556 6427 1
2556 6426 1
6426 1134 1
2502 6505 1
6030 1664 1
1664 3266 1
5176 1871 1
6627 1380 1
895 312 1
2863 990 1
990 3909 1
3909 442 1
442 1762 1
1762 5898 2
5898 5951 1
2502 5893 1
5893 1197 2
2863 1664 1
1664 2342 1
2342 2623 1
2623 5176 1
5176 5879 1
5879 1961 1
5799 404 1
404 4553 1
4553 6627 1
651 317 1
29 1 2
5283 2342 1
722 2129 1
2129 1822 2
1326 5997 1
390 939 1
939 2556 1
2556 2521 4
2521 2991 1
1426 704 1
704 4807 1
4807 2591 1
1810 4285 1
4285 4741 1
4741 312 1
312 3749 1
3749 317 1
1959 2679 1
2679 4328 1
4328 1380 1
895 6503 1
6503 2623 1
2623 2939 1
2939 6120 1
6120 6505 1
144 1077 1
2624 4652 1
1379 478 1
1810 895 1
895 3955 1
1810 4237 1
4237 1810 2
3266 3905 2
2629 2172 1
2172 651 2
651 2650 1
2650 2538 1
2538 1961 1
5923 215 1
215 1790 1
5799 6051 1
6051 330 1
1380 3695 2
3695 5997 1
390 956 1
3065 6624 1
6624 1077 1
1077 5467 1
386 4550 1
4550 6628 1
6628 6316 1
6316 2187 1
2187 2930 1
2930 1651 1
1651 3056 1
618 3266 2
5283 722 2
3905 1952 1
1952 6623 1
6623 4652 1
3265 4411 1
2629 52 1
52 6505 1
6505 1265 1
1265 1303 1
1303 3265 1
2863 2129 1
2129 1327 1
1327 3266 1
3266 1343 1
6503 1380 2
3695 6627 1
304 3525 1
3525 4534 2
4534 1709 1
1709 1399 1
3525 6254 1
6254 3266 1
3266 4411 1
4411 1404 1
1404 5211 1
418 1 1
1 2984 2
2984 1508 1
1508 4786 1
4786 4221 1
4221 1119 1
1119 3736 1
1380 3608 1
3608 3955 1
3955 4237 1
1810 4114 1
4114 5248 1
5248 3942 1
6385 1121 1
1121 1343 1
312 2573 1
2573 4203 1
6386 1403 2
915 4535 1
4535 6505 1
2623 6363 1
6363 3732 1
1134 52 1
312 1090 2
3370 1249 1
5031 6640 1
5208 2366 1
2366 6640 1
6261 6627 1
1134 5117 1
304 4406 2
4406 3023 1
6384 2168 1
1139 6261 1
6261 52 1
4577 708 1
1878 3961 1
3961 476 1
476 3267 1
3023 225 1
225 2863 1
3346 1961 1
1961 95 1
5103 825 1
825 1140 1
6640 5269 1
5269 3273 1
3273 6503 1
3050 3031 1
3031 5389 1
5389 3003 1
3003 5805 1
6503 4967 1
4967 708 1
3267 3705 1
3705 2085 1
708 6126 1
312 4577 3
1810 3346 3
5893 4577 1
4577 5224 1
5224 2501 1
2501 2629 1
2629 2062 3
2062 2629 1
6162 352 1
352 4145 1
4145 6595 1
5678 4502 1
4502 1952 1
2187 5893 1
6503 4525 1
4525 3566 1
3566 3748 1
3748 5890 1
5890 2783 2
2783 5890 1
5890 986 1
986 618 1
1404 2803 1
2803 3695 1
476 5147 1
5147 726 1
726 2419 1
2419 5607 1
5607 5890 1
5890 1820 1
1820 1111 1
1111 1171 1
1171 3525 1
3525 4448 1
4448 460 1
460 3207 1
3207 5638 1
5638 1327 1
2568 6024 1
6024 2541 1
2541 4285 1
4285 5074 1
2629 3601 1
3601 5890 1
5890 2224 1
6391 1 1
5420 1810 1
6503 2743 1
2743 5844 1
1202 6599 1
6599 6640 1
2556 3726 1
3726 3219 1
3267 6388 1
6388 3739 1
3739 3031 2
3031 3028 1
305 915 1
915 1064 1
1064 1810 1
1810 2586 1
2586 966 1
966 5103 1
5103 5123 1
5123 5767 1
5767 2355 1
2355 1 2
2168 6259 1
6259 2629 1
2629 3033 1
3033 5805 1
5805 5321 1
5321 438 1
438 5928 1
5928 6024 1
3265 5239 3
5239 1480 1
1480 3370 1
3370 6457 1
6457 3837 1
3837 6103 1
6103 312 1
3265 13 1
13 5890 1
5890 4837 1
4837 1810 1
1810 234 1
6443 3266 1
3266 3253 1
3253 2168 1
3266 1469 1
1469 3265 4
3265 3916 1
3916 1171 5
1171 312 1
312 466 1
466 3221 1
3221 3213 1
3213 2935 1
3789 3265 1
1810 1522 1
1522 1810 1
6640 5924 1
5924 1613 1
956 5476 1
28 6640 1
3265 3014 2
3219 5805 1
5805 5787 1
5787 2616 1
2616 1535 1
1535 2982 1
2982 5389 1
1288 252 1
252 5373 1
5074 1 3
4201 2858 1
2858 60 1
60 748 1
748 3051 1
3051 3732 1
3732 3536 1
3536 317 1
1326 989 1
1139 6470 2
1097 2085 1
2085 4021 1
4021 60 1
60 6640 1
6640 1244 1
6640 2820 1
2820 895 1
475 1 1
1 3947 1
3947 2616 1
317 1006 1
1006 1810 1
1425 3031 1
3031 5890 1
5890 5444 1
5444 1523 1
1523 5373 1
5373 5074 1
5074 4194 1
4194 60 1
60 1796 1
1796 2616 4
6593 2573 1
2573 5893 1
5893 2934 1
2934 317 1
5923 6493 1
6493 1249 1
1810 1978 1
1978 612 1
612 1003 1
1003 5103 1
234 2080 1
2080 5111 1
5111 2187 1
5894 4411 1
3566 3265 1
3265 4823 1
4823 5103 2
5103 5031 1
5031 631 1
631 1810 1
3066 3267 1
3267 3784 1
3784 317 1
5678 2168 2
1810 2046 1
2046 966 1
966 612 1
612 3227 1
3227 312 1
312 7 1
122 388 1
388 5218 1
5218 1822 1
1822 2401 1
2401 1404 1
1404 1978 1
1978 840 1
840 2601 1
2601 5103 1
5103 2179 1
2179 2355 1
2355 518 1
518 4493 1
956 5639 1
5639 1171 1
1171 1810 2
4501 4146 1
4146 2629 1
2629 2168 2
2168 4143 1
4143 5283 1
3265 2720 3
2720 3138 1
2168 317 2
1976 1139 1
1139 722 1
722 5786 1
5786 4411 1
4411 2711 1
2711 4235 1
4235 2411 1
2411 3381 1
5923 317 1
1976 651 1
651 1139 1
1139 3801 1
6640 4411 1
3566 5738 1
5738 4223 1
4223 1822 1
6429 3801 1
416 5799 1
5799 1976 1
1426 3127 2
3127 722 1
312 6288 1
6628 1139 1
6024 2617 3
2617 6640 2
5875 6287 2
6287 6024 2
2617 722 1
722 2310 1
2310 2543 1
2543 5236 1
1589 2179 1
2179 6505 1
312 362 1
362 5103 1
5103 4252 1
4252 5625 1
5625 1810 1
1426 5193 1
5193 1976 1
1952 6500 1
6500 5193 1
5193 3731 1
3731 2341 1
2341 1810 1
5810 1459 2
1459 1810 1
928 317 1
5103 5866 1
5866 2110 1
2110 1810 1
1810 1967 1
1967 2438 1
2438 6135 1
6135 304 1
6627 2437 1
2437 1076 1
1076 1399 1
722 3265 1
3943 5593 1
5593 5031 1
5031 3908 1
3908 6389 1
6389 2863 1
2863 5080 1
5080 1077 1
1077 570 1
570 3265 1
3265 5661 1
5661 1810 2
3265 6140 1
6640 5879 2
5879 1249 1
1249 3134 2
1952 5890 1
5890 5528 1
1796 3103 1
3103 2342 1
2342 6628 2
6628 3035 1
3035 2803 1
2803 6503 1
5218 4411 1
4411 3031 1
6503 3591 1
3591 4689 1
4689 1810 1
1810 1463 1
1463 6640 1
6640 5828 1
5828 6055 1
6055 2616 1
1258 1535 1
3267 409 6
409 6505 1
6505 4865 1
4865 5888 1
5888 317 1
1134 5159 1
5159 3267 1
317 205 2
205 5792 1
5792 1810 1
5810 6383 1
6383 1285 1
1285 708 1
708 3522 1
3522 5478 1
1810 1110 2
1110 1952 1
1952 5792 1
5792 1249 1
1249 458 1
1469 5074 7
1150 2217 1
2217 6389 1
6389 1810 1
2863 1049 1
1049 2616 1
708 554 1
234 2124 1
2124 1556 1
1556 2972 1
2972 5168 1
1810 4390 1
4390 520 1
520 4374 1
4374 3558 1
3558 6640 1
3300 1249 1
1249 6140 1
6640 5198 1
5198 6503 1
3267 3103 2
3103 312 1
312 2591 3
2591 6024 1
1401 1083 1
1083 5520 1
5520 2187 1
2187 3267 1
3267 6248 1
6248 6126 1
6126 3608 1
3608 1140 1
1140 3695 1
476 1399 1
6640 3535 1
3535 4733 1
4733 3267 1
4461 6628 1
5074 1202 1
1202 3999 1
3999 877 1
877 1134 1
2858 1463 1
1463 3246 1
3246 506 1
506 3031 1
5993 2863 4
2863 4195 1
4195 3265 1
3265 3673 2
3673 3949 1
3949 966 4
5283 1171 1
4792 3399 1
3399 304 1
722 1140 1
6505 3026 1
2509 3999 1
3999 4890 1
4890 6627 1
6627 1057 1
1057 1134 1
2982 6628 1
1140 225 1
225 2984 1
2591 4137 1
4137 2088 1
2088 3165 1
3165 2858 1
2858 2124 3
2124 903 2
1796 2889 1
1426 6484 1
6484 1961 1
2858 27 1
27 4489 1
4489 1 1
4203 5594 1
5208 1265 1
1265 5040 1
5040 2458 1
2458 5770 1
5770 6627 1
2501 632 1
632 2690 1
2690 3031 2
3031 2889 1
2889 6149 1
6149 2511 1
2511 6640 1
6627 6126 1
6126 5879 1
2085 2889 1
1810 6058 1
6058 2556 1
5379 3888 1
3888 722 1
722 1171 2
1171 2556 1
2556 5370 2
5370 645 1
645 5283 1
5283 1249 1
6503 2543 1
2543 632 1
632 5478 1
5593 464 1
1961 2889 1
2889 2211 1
2211 1140 1
1140 2984 1
2984 3380 2
464 5893 2
6435 1822 1
2124 1003 1
3267 246 1
246 4810 1
722 5881 2
5881 1822 1
1822 29 2
29 5593 1
29 3380 1
708 1689 1
1689 1284 1
1284 4586 1
4586 2168 1
2168 6148 1
6148 441 1
4069 6628 1
6628 438 1
438 1810 1
4954 3065 1
27 989 1
989 6565 1
6565 1810 1
1961 1459 1
1459 5810 1
5810 27 1
27 475 1
475 1249 1
1249 1689 1
1689 1810 1
5283 1227 1
1227 2556 1
2521 5997 1
1961 469 1
469 1404 1
2863 2769 1
2769 317 1
317 2376 1
2376 1810 1
6640 3347 1
3347 317 2
3959 1249 1
3134 5879 1
5879 1952 1
1952 7 2
7 1810 2
5103 5117 3
5117 2849 3
2849 2313 1
122 3031 1
2168 3593 1
5074 1961 2
722 5639 1
5639 1326 1
3695 3065 1
5669 3690 1
3690 3267 1
3267 3911 1
3911 1326 1
1326 5074 1
5074 7 1
7 2410 1
2410 6168 1
3267 2852 1
2852 4824 1
4824 1 1
4201 7 1
5283 674 1
674 2616 1
5201 722 1
722 5103 2
330 252 3
252 3866 1
3866 3801 1
3801 1250 1
1250 1810 1
6640 4137 1
4137 3265 1
3732 2700 1
2700 5879 1
5879 6061 1
4122 4461 1
4461 290 1
1810 3664 1
3664 2168 1
2168 5250 1
5250 458 1
458 3664 2
3664 5157 1
5157 966 1
966 2636 1
2636 850 1
850 2141 1
2141 6647 1
6647 1810 1
1810 2847 1
2847 1965 2
1965 2014 2
2014 1 2
4201 3608 1
3608 3664 1
3664 915 1
915 5923 1
279 4257 1
4257 5208 2
5476 6385 1
6385 3213 1
3213 458 1
1810 5801 1
5801 6509 1
6509 2754 1
2754 4138 1
6627 7 1
7 3134 1
1952 3033 1
3033 1171 1
5283 4211 1
4211 1810 1
5881 2754 1
2754 5706 1
5706 1810 1
3865 330 1
330 1879 1
4092 3065 2
1426 330 1
252 1171 1
1171 2754 1
2754 3031 1
2591 4864 2
4864 3265 1
3265 4242 1
4242 7 1
7 5201 1
5201 6109 1
6109 2355 1
2355 5686 1
5686 5283 1
3265 1302 2
2022 3582 1
3582 5639 1
5639 3693 3
3693 1810 3
1810 5365 1
5365 4242 1
4242 618 1
618 3693 1
3693 895 1
895 476 1
476 3031 1
5951 4242 1
4242 2863 1
2863 4232 2
2629 4242 1
4242 252 1
3961 2168 1
3066 5325 1
5325 4979 1
4979 5045 1
5045 3267 1
3267 4069 1
6503 7 1
7 3267 1
1 3916 1
1171 5283 1
5283 3926 1
6640 3159 1
3159 5799 1
6640 2969 1
2969 4242 1
4242 5875 1
2556 3693 1
3693 3632 1
3632 252 1
478 5639 1
5639 2754 1
2754 3265 1
2556 6385 1
5283 7 1
7 6024 1
1401 5801 1
5801 1810 1
3693 1469 2
1469 3870 1
3870 478 1
478 476 1
476 4092 1
4092 330 1
252 1279 1
1279 6507 1
6507 6505 1
6505 5366 1
5366 3265 2
6175 3690 3
3690 2315 1
2315 5074 1
5074 548 1
548 3916 1
1171 1 1
1 4285 1
4285 3265 1
5218 2863 1
2863 497 1
497 3031 1
3031 5366 1
5461 1810 2
1810 3631 1
3631 3267 1
722 6030 1
4276 7 1
7 5366 1
5366 1126 1
1126 4242 1
4242 5763 1
5763 5283 1
3265 4341 1
4341 1959 1
2629 5355 2
5355 1936 1
1936 1305 1
1305 3732 1
2488 5875 1
6503 5639 2
3693 3689 1
3689 2863 1
6628 5725 1
5725 1810 1
3265 2588 1
2588 966 1
2591 3752 1
3752 5639 1
5993 2708 1
2708 3265 1
2851 6057 1
6503 252 1
3265 478 2
478 3510 1
3510 6600 1
6600 1810 1
2644 4423 1
966 770 1
770 1984 1
1984 6599 1
6599 2085 1
3265 459 1
1469 3664 1
2168 4467 1
4467 6503 1
6503 2703 1
2703 1521 1
1521 1807 1
1807 4954 1
4954 4863 1
4863 5415 1
5415 30 1
30 4537 1
252 3916 1
1171 4352 1
4352 3265 1
3265 1401 1
1401 1762 1
1762 2255 1
2255 5593 1
2254 4046 1
4046 2065 1
2065 317 2
1033 2556 1
2556 3961 1
252 1401 1
1810 6615 1
6615 5915 1
5915 3380 1
3380 2256 1
2256 1822 1
5890 3265 1
3265 1762 4
1762 2732 1
2732 5879 1
5879 3916 1
1171 3134 1
6640 1976 1
1976 1788 2
1788 2830 1
2830 2629 1
1052 6024 3
6024 3961 1
3961 5890 1
5890 4513 1
4513 1810 1
928 627 1
627 317 1
2355 2168 1
3265 4632 1
4632 3892 1
3265 2935 1
2935 3739 1
1952 6106 1
6106 2556 1
2556 664 1
2863 5199 1
5199 1258 1
1151 1202 1
3942 5890 1
5890 2863 1
2863 2682 1
2682 6628 1
6628 1941 1
1941 3265 1
2678 2707 1
2707 5386 1
5386 6160 1
6160 1961 1
3006 312 1
3265 6168 1
5283 2133 1
1788 312 1
1052 6627 1
312 2432 1
2432 1386 1
1386 1614 1
1614 5272 1
5272 5695 1
5695 3031 1
3266 2553 1
5893 518 1
518 675 1
675 6024 1
6024 3915 1
3915 1171 1
1171 5153 1
5153 928 1
928 1258 1
6503 2349 1
2349 2720 1
2720 3940 1
3940 3265 1
3265 3134 1
1952 5916 1
5916 1810 1
3265 5878 2
5878 1810 1
5593 722 1
5397 1613 1
1613 722 1
722 5805 1
5805 1788 1
6024 3695 1
476 2984 1
1613 1798 1
1798 4585 1
4585 1171 1
722 1613 1
1613 1327 1
1327 1788 1
1788 1 2
1 1873 1
1873 5951 1
5951 2478 1
2478 282 1
282 3539 1
3539 59 1
59 317 1
317 956 1
2754 3267 2
290 464 1
464 722 2
722 6628 1
5951 282 1
282 2984 1
461 3380 1
3380 3066 1
3066 5890 1
5890 1505 1
1505 708 1
3103 317 1
526 3267 1
317 2066 1
2066 3267 1
3267 788 1
1381 3000 1
3000 6424 1
6424 5103 1
3267 3848 1
3848 6125 1
6125 5036 1
5036 3031 1
3031 7 1
7 668 1
1589 1043 1
1043 409 1
409 1171 1
1171 5390 1
5390 1096 1
1096 5283 1
2591 4552 1
4552 2254 1
6456 4283 1
4283 3941 1
2062 1810 3
1810 773 1
773 5834 1
5834 6627 1
6627 4306 1
4306 409 1
4064 6225 1
6225 1589 1
5890 1810 1
1110 317 1
4748 4172 1
4172 458 1
5208 409 1
409 6489 1
6489 2566 1
2566 1077 1
1810 2437 1
2437 5881 1
5881 1150 1
1150 3267 1
3267 2217 1
2217 6505 1
2863 5136 1
5136 1077 1
1077 1150 1
1150 1949 1
1949 5890 1
5890 1399 1
3015 1788 1
1788 5875 1
5875 4935 1
6628 6535 2
6535 1465 1
2527 3031 1
3031 3000 1
1130 2679 1
312 1947 3
1947 409 1
2616 2217 1
2217 6292 1
6292 1469 1
1810 3767 1
3767 2629 1
989 3736 1
3736 1469 1
2616 5993 1
6640 996 1
996 3906 1
3906 3065 1
6503 6237 1
6237 2624 1
2624 1822 1
1265 3266 1
3266 2645 1
2645 700 1
700 304 1
1810 5556 1
5556 304 1
5641 6124 1
6124 5841 1
5841 5123 1
5123 651 1
651 1096 1
1096 6007 1
6007 3031 1
4611 1076 1
1076 1150 1
1150 2556 1
1431 2067 1
2067 1810 1
5799 6567 1
6567 6534 1
6534 6503 1
312 95 1
95 6505 1
6505 4156 1
4156 1469 1
3267 2085 3
1202 2551 1
2551 5890 1
5890 1653 1
1653 5208 1
708 2062 1
2062 2551 1
2551 3253 1
3253 1810 1
1810 2386 2
2386 5284 1
5284 317 1
317 5659 1
5659 4795 1
312 3060 1
3060 3031 2
1229 1727 1
5208 6333 1
6333 4424 1
4424 4137 1
1469 6333 1
205 1265 1
1 5836 1
651 2851 1
2851 4879 1
4879 2551 1
2551 4358 1
2564 2187 1
6659 5152 1
5152 6503 1
708 2355 1
312 470 1
470 5369 1
5369 1139 1
1139 1239 1
357 1810 1
3370 1040 1
1040 3732 1
409 2867 1
2867 1820 1
1820 5715 1
5715 3031 1
6627 3018 1
517 2720 1
2720 1033 1
1033 3424 1
3424 2251 1
2251 3382 1
3382 1810 1
1810 555 1
555 2551 1
2551 2852 1
2852 6125 1
6125 1080 1
1080 1956 1
1956 2324 1
2324 625 1
625 1076 1
1076 6523 1
2863 5373 2
5373 2556 1
5074 4683 1
4683 508 1
3265 1491 1
1491 3065 3
6640 5757 1
5160 6024 1
3265 5565 1
5565 1369 1
3370 2422 1
2422 352 1
352 5153 1
5153 5476 1
5476 127 1
127 2564 1
2527 2256 1
2256 1044 1
1044 2223 1
2223 6500 1
458 359 1
359 2512 1
2512 5103 1
6024 3960 1
3960 5993 1
5993 1076 1
1076 5799 1
5799 4995 1
4995 625 1
625 6503 1
6503 810 1
810 2556 1
4045 3801 1
3036 4053 1
4053 5103 1
5103 2062 1
2972 5220 2
5220 312 1
236 1288 1
1288 2085 2
6640 1204 1
1204 1202 2
1202 989 1
989 5875 1
6162 2984 1
1357 1500 1
1500 1265 1
1265 476 1
476 6640 1
5641 4501 1
4501 675 1
312 3189 1
6126 2855 1
2855 1343 2
2624 1852 1
3236 3266 1
3266 2124 1
2124 4272 1
4272 1556 1
1476 5239 1
5239 3370 1
1810 667 2
667 3236 1
1810 5168 2
1265 3356 1
5842 1204 1
2851 1899 1
1899 928 1
928 2371 1
2564 6061 1
6061 6652 1
6652 2187 1
312 4438 1
4438 2863 1
2863 6423 1
6423 1 2
5893 1999 1
1810 3502 1
3502 6640 1
708 1959 2
6640 946 1
946 1810 1
6640 1207 1
1404 6628 2
6628 1173 1
2183 6284 1
6284 6640 1
5799 1927 1
1927 6061 1
3265 3316 1
3316 5152 1
2564 6503 1
526 3622 1
3622 5103 1
5103 2371 1
1173 5924 1
5924 856 1
856 6640 1
3265 4792 1
3265 4789 1
4789 2863 1
534 3031 1
2616 3401 1
3401 3370 1
2858 2592 1
2592 2616 1
2616 5924 1
5924 3390 1
3390 3721 1
5863 1173 1
1173 2851 1
2851 1009 1
1009 1509 1
1509 1810 3
3066 2616 1
2616 6511 2
5208 2720 1
2720 5467 1
5467 5183 1
5183 6640 1
1083 4710 1
4710 3370 1
4792 352 1
317 6640 2
6640 1609 1
1609 5240 1
5240 677 1
677 526 1
6640 4492 1
4492 1077 1
6627 4780 1
4780 406 1
406 2256 1
2256 1403 1
1403 5786 1
312 2168 1
2863 1669 1
1669 3370 1
3370 1292 1
1292 554 1
554 2629 1
3721 2168 1
2168 3591 1
1134 3883 1
3883 1952 1
1469 589 1
589 5997 1
6386 6160 1
6160 96 1
96 2616 1
2682 5997 1
5997 2858 1
2858 2127 1
2127 1 1
378 1961 1
2553 5476 1
5875 330 1
378 2331 1
2331 6640 1
1426 956 2
956 1871 1
1871 6640 3
708 2061 1
2061 862 1
862 5218 1
5218 330 1
378 708 1
4952 3732 1
3732 4122 2
4122 618 1
1134 6456 1
2187 1150 1
1150 6640 1
3525 1213 1
1213 1952 2
312 5780 1
5780 3207 1
3207 961 1
961 5103 1
6640 2187 1
2187 6174 1
3490 3265 1
5799 1417 1
1417 6640 1
1961 2708 1
2708 1141 1
1141 1077 1
1077 2852 1
2852 5889 1
5889 3265 1
6551 95 1
95 5322 1
5322 1 2
5875 3759 1
3759 6640 2
6031 6503 1
1130 359 1
359 4023 1
4023 6640 1
722 4461 1
4461 3015 1
3015 1 1
6387 6640 1
6126 2984 1
3066 6523 1
3704 1 1
4201 5693 1
5693 3126 2
3126 2085 1
2085 6061 1
722 1453 1
1453 1173 1
1173 3888 1
3888 2556 1
2168 367 1
367 3265 2
3265 2573 1
6386 6283 1
6283 6640 1
6640 915 2
915 3213 1
3213 3352 1
3352 3265 1
3347 2438 1
2438 5639 1
5639 1346 1
5997 2641 1
3265 2168 1
2168 3347 1
3267 2851 1
2851 5070 1
5070 915 1
915 3071 1
3071 2168 1
409 2988 1
2988 1810 1
6135 1822 1
6640 5557 1
5893 185 1
185 5742 1
5742 3848 1
3848 2085 1
2085 2802 1
5875 2863 1
2526 304 1
3267 489 1
489 4201 1
3267 4049 1
4049 1810 2
2720 2168 1
5283 944 1
944 1 1
359 2616 2
2616 1343 3
6503 1140 1
1140 6149 1
6149 2889 2
2889 1343 1
1343 5283 1
5103 6245 1
6245 3732 1
2488 6640 1
5799 1343 3
1343 3453 1
3453 2168 1
2168 2775 1
2775 6640 1
6640 548 2
915 2168 1
2168 3537 1
3537 722 1
6627 2739 1
2739 330 1
378 5799 1
5799 3006 1
3006 2629 3
2629 6508 1
6508 1895 1
1895 6244 1
6244 2168 1
2168 640 1
640 2254 1
2254 722 1
1796 312 1
1404 4585 1
4585 5560 1
5560 5993 1
5993 6121 1
6121 915 1
915 5476 1
5476 685 1
685 1077 1
722 1469 1
1469 1346 1
6640 4462 1
4462 1871 1
2254 5594 1
1033 5971 1
5971 722 1
6627 1399 1
5117 5594 1
5989 2310 1
2310 1589 1
1589 915 1
2629 5626 1
5626 3347 1
6640 255 1
3135 6397 1
6397 2168 1
2168 6385 1
4332 5489 1
5997 5594 2
6505 1486 1
1486 3267 1
3267 4201 1
4201 708 1
2302 4172 1
4172 915 1
384 1399 1
956 3732 1
3732 5471 2
5471 6503 2
5997 4006 1
4006 1140 1
1033 5997 1
5117 1796 2
3726 4735 1
4735 3031 1
3207 5997 1
966 6149 1
6149 6628 1
1810 4480 1
4480 3267 1
3267 1090 1
915 4049 1
4201 3380 1
3380 4521 1
4521 1871 1
4521 6627 1
4783 1227 1
1227 5923 1
3443 1 1
5997 4803 1
4803 2863 1
5893 1343 1
3065 2196 1
2196 3031 1
1810 6149 1
6149 6174 1
6174 6640 2
2501 915 1
915 1399 1
6640 2310 1
2310 2863 1
5641 3475 1
3475 6503 1
5805 2741 1
2741 312 1
5283 2256 1
2256 4328 1
4328 6640 1
2310 5997 1
1426 4420 1
4420 317 1
5875 2168 1
2168 2187 1
2187 915 1
915 708 1
651 1150 2
1150 1469 1
1469 987 1
987 4693 1
4693 1386 1
5399 970 1
970 1227 1
6640 5489 1
5489 6640 1
3126 6243 1
6243 6627 1
6640 3430 1
3430 3370 1
3370 5239 1
5239 4091 1
4091 1404 1
1404 3441 1
3441 4566 1
4566 915 1
915 3471 1
3471 2168 1
5997 6283 1
6283 1961 1
5450 5263 1
6370 5844 1
2863 695 1
695 225 1
1410 3726 1
3726 5997 1
708 6386 1
304 1727 1
1727 1197 1
6664 1225 1
1225 5997 1
3409 5042 1
5042 1810 1
2863 5722 1
5722 312 1
312 5679 1
5679 1810 1
5392 1961 1
1961 3071 1
3071 90 1
2863 1620 1
3267 3006 4
6511 1961 1
1810 5415 1
5415 6503 1
6503 3752 1
3752 409 1
6628 759 1
759 5844 1
6640 4063 3
4063 4240 1
5997 4307 2
4307 4085 2
4085 2995 2
2995 5744 2
5744 2858 1
2858 1140 1
1140 5997 1
6386 1486 1
1486 5208 1
708 1083 1
1083 5875 1
6503 1660 1
1660 6640 1
6640 57 1
5997 1407 1
1407 14 1
14 2168 1
2168 5032 1
5032 4091 1
4091 548 1
548 2984 1
2984 915 1
2863 6640 1
5744 2573 1
2573 2223 1
2223 915 1
915 5844 1
6503 769 1
5826 3838 1
3838 1711 1
1711 2168 1
2168 6048 1
6048 317 1
1810 5417 1
5417 4471 1
5185 298 1
298 915 1
1608 5201 1
5201 5875 1
1426 6460 1
6460 225 1
225 3267 1
3267 4760 1
4760 5836 1
5836 2908 1
2908 5621 1
5621 1326 1
1326 1952 1
1952 1326 1
4022 3267 1
312 5444 1
5444 6384 1
1326 2720 1
3267 1736 1
1736 317 1
3161 1326 1
1326 6024 1
6024 1326 1
1326 5467 1
4763 6030 1
3267 5560 1
4432 1173 1
1173 2972 1
5863 515 1
515 3008 1
3350 3942 1
2863 1487 2
1487 5799 1
5799 1085 1
2629 6633 3
6633 6503 1
6126 5641 1
5641 4076 1
4076 1145 1
1145 3132 1
3132 1908 1
1908 2589 1
2589 2187 1
2187 490 2
490 5369 1
5369 126 1
126 239 1
239 5637 1
5637 1762 1
2616 5444 1
5444 459 1
4779 2592 1
2592 4543 1
4543 5185 1
5185 5765 1
5765 5123 1
5123 4860 1
4860 5581 1
5581 1810 1
1810 2326 1
2326 6497 1
1810 6332 1
6332 3945 1
3945 1810 1
1810 587 1
587 1810 1
1810 2102 1
2102 3031 1
870 3267 1
3267 5693 1
5693 2863 1
363 3267 1
2629 6599 3
6599 4519 1
4519 1810 1
6417 6439 1
6439 5263 1
5263 2596 1
2596 708 1
708 4407 1
4407 1961 1
304 4152 1
4152 5185 1
5185 981 1
981 1173 1
6126 2851 1
2851 5976 1
5976 1961 1
2863 758 2
758 1976 1
1976 6479 1
6479 2720 1
2616 4473 1
1952 2868 1
992 2168 1
3265 3469 1
6505 3334 1
3334 2863 1
3227 2342 1
2342 545 1
545 4163 1
4163 5561 1
5561 1810 1
1952 3075 3
3075 2863 1
388 5875 1
6505 915 1
6640 4486 1
4486 1469 1
3162 4741 1
4741 2322 1
3075 2168 1
1810 4138 3
4138 1254 2
1254 3936 1
3936 2802 1
2802 3265 2
4763 354 1
354 905 1
1538 1996 1
1996 1060 1
1060 1954 1
1954 6024 1
3267 5444 1
5444 1515 1
1515 6125 1
6125 5616 1
5616 1 1
5018 5322 1
5322 6160 1
6160 5103 1
2564 6640 1
3736 515 1
5641 1753 1
2863 3418 1
3418 6640 1
6640 4362 1
1173 5810 1
5103 5495 1
5495 5239 1
5239 6640 1
1288 1810 1
5323 693 1
693 1973 1
1973 2437 1
2437 6640 3
3265 2889 1
2889 3283 1
3283 4358 1
6627 514 1
514 1173 1
1426 464 1
3265 5820 1
5820 570 1
570 5989 2
5989 1952 1
1952 2483 2
2483 5635 1
5635 5110 1
5110 6320 1
6320 3380 1
3380 3265 1
3265 3227 1
6503 1978 1
1978 5626 1
5626 3858 1
3858 2785 1
2785 3940 1
3940 1173 1
1961 1469 1
3265 966 1
312 3080 1
3080 1260 1
4201 6265 1
6265 5185 1
4283 1327 1
1327 1469 1
1469 1260 1
1260 3155 1
3065 2667 1
2667 317 1
317 1260 1
464 4359 1
4359 2438 1
2438 3270 1
2752 571 1
571 1976 1
1976 283 1
283 3265 1
3943 2629 1
5074 379 1
379 282 1
282 5993 1
5517 317 1
1134 390 1
390 317 1
312 3207 1
3265 4577 1
4577 2983 1
2983 1173 1
1173 1568 1
1568 6456 1
1455 1469 1
1469 1964 1
1964 5525 1
5525 3838 1
3838 1260 1
708 1574 1
1574 5239 1
5239 6233 1
6233 175 1
175 1810 1
312 388 1
6505 5283 1
1126 2168 1
2168 409 1
409 2490 1
2490 1976 1
5893 1459 1
1774 3031 1
4050 1173 2
3265 6011 1
6011 5681 1
5681 3065 1
2592 312 1
312 2963 1
2963 2710 1
2710 4903 1
3929 3267 1
2863 1825 1
1825 541 1
541 1810 1
1126 1139 1
6456 4374 1
4374 1822 1
3207 1087 1
1087 989 1
989 4376 1
4376 1829 1
1829 6503 1
5810 5760 1
5760 1968 1
1968 1097 1
1097 2888 1
2888 788 1
1381 3095 1
3095 3664 1
1810 4626 1
4626 3732 1
989 396 1
6556 706 1
706 1845 1
1845 2669 1
708 3282 1
3282 1961 1
1961 4795 6
4795 3896 1
1952 514 1
514 2556 1
2556 842 1
842 3338 1
3338 390 1
390 3267 2
3267 2167 1
4064 5811 1
5811 4724 1
4724 5799 1
5799 3267 2
2679 3267 1
632 1688 1
1688 5805 1
5805 4934 1
4934 1 1
1 90 1
1173 359 1
5201 3267 2
1352 1739 1
1739 3267 1
3267 3800 1
3800 3265 1
1173 2556 1
5639 1213 1
1213 1173 1
1173 1798 1
1798 5997 3
5997 1126 1
1126 3779 1
3779 5997 1
5997 4577 1
4577 5369 1
5369 1985 1
1985 423 1
423 2437 1
2437 3370 1
3370 2187 1
6135 6628 1
6628 2876 1
2876 1941 1
1941 312 1
1404 5679 2
312 4831 1
4831 6640 1
2591 6547 1
317 1858 1
1858 6201 1
6201 6640 1
6640 3801 1
2851 1343 1
1343 1810 1
664 3023 1
4406 2232 1
1945 1 1
5160 3207 1
2437 5283 1
6503 1202 1
1202 2483 2
2483 6438 1
6438 6373 1
6373 6640 1
273 5989 1
5989 5436 1
1820 3732 1
3732 1073 1
2333 1 1
4201 3732 1
3732 5149 1
5149 1773 1
1773 1259 1
1259 1404 1
1404 1842 1
1842 6640 1
1613 738 1
738 2335 1
2335 1504 1
1504 5103 1
5103 6320 1
6320 2720 1
6024 6418 1
6418 2237 1
2237 3006 1
1357 5928 1
5928 708 1
708 790 1
790 390 1
390 708 1
708 6456 1
2629 4779 3
317 3986 1
3986 6574 1
6574 1113 1
1113 312 1
312 3255 2
3255 840 1
840 1482 1
1482 5607 1
5607 1113 1
1113 5679 1
5679 257 1
257 1265 1
1265 3524 1
3524 5810 1
1459 6374 1
6374 3370 1
3370 1265 1
1265 1195 1
1195 2648 1
2648 408 1
408 2629 1
2280 1469 1
1469 2280 1
2280 18 1
18 1469 1
1469 19 1
19 6352 1
6352 1197 1
1197 2889 1
1 2935 2
2935 4073 1
4073 4290 1
4290 618 1
708 540 1
540 4290 1
4290 6640 1
1613 2188 1
2188 1197 1
1197 2054 1
2054 129 1
129 540 1
540 2280 1
2280 5293 1
5293 357 1
357 1197 1
1197 526 1
1810 2082 1
2082 1 1
2935 1090 2
1090 5450 1
5450 1321 1
1321 2629 1
5117 5501 1
5501 640 1
640 5450 1
5450 312 2
312 2972 1
2972 317 1
317 4863 1
4863 6078 1
5558 317 1
6078 1113 1
1113 1097 1
1097 4816 1
4816 1145 1
1145 2935 1
1090 2276 1
2276 5419 1
5419 1810 1
1810 2244 1
2244 3732 1
5678 1482 1
1482 5105 1
1810 38 1
38 1058 1
1058 1 1
1 1090 1
1090 6366 1
6366 3706 1
3706 1469 1
1469 3706 1
3706 2333 1
3117 2237 1
2237 1430 1
1430 6383 1
6383 3334 1
3334 1 1
1709 2765 1
2765 4714 1
317 2280 1
2280 2863 1
5201 2972 1
6533 1961 1
1961 6243 1
6243 1065 1
1065 4713 1
4713 1810 1
1810 5606 1
5606 1734 1
1734 6174 1
6174 4047 1
4047 6627 1
5123 1416 1
1416 6200 1
6200 1759 1
2629 3984 1
3984 1952 1
1952 2279 1
2279 352 1
352 3207 1
5450 2849 1
2849 2309 1
2309 2629 1
3266 1327 1
1327 6470 1
3255 6417 1
5643 5450 1
5450 3267 2
3267 3504 1
3504 2309 1
2309 1810 1
1810 864 1
864 2629 1
708 2290 1
2290 3451 1
3451 5135 1
5135 3035 1
3035 6640 1
4885 5799 1
1810 1700 1
1700 6640 1
6640 5661 1
5661 4161 1
4161 1810 1
2571 942 1
409 5643 1
5643 1963 1
1963 2890 1
2890 724 2
724 1822 1
1822 2280 1
2280 5103 1
5103 5291 1
5291 1077 1
722 431 1
431 5865 1
5865 6636 1
6636 618 1
5997 618 1
2224 3266 1
4467 6086 1
6086 5291 1
5291 5875 1
1327 5450 1
5450 3820 1
3820 6351 1
6351 6027 1
6027 6470 1
2527 3267 1
3267 533 1
533 5844 1
5844 6126 2
6126 2463 1
2463 6351 1
1810 1516 1
1516 5103 1
6640 1328 1
1328 1469 1
1469 5639 1
724 6531 1
6531 1119 1
1119 1810 1
6531 2439 1
2439 317 1
5065 3267 1
3267 1151 1
1469 6631 1
6631 2460 1
1810 245 1
245 741 1
741 1848 2
1848 3266 2
1961 1925 1
1925 4720 1
4720 352 1
352 4920 1
4920 1104 1
1810 1822 2
1265 724 1
724 127 1
127 1440 1
1440 1 1
3266 126 1
126 4997 1
4997 2187 1
1426 4718 1
4718 1469 1
3266 6631 1
6631 1961 1
3267 6531 1
6531 5155 1
5155 2355 1
3266 6575 1
6575 4926 1
4926 3266 1
409 5281 1
4792 1810 1
6126 1842 1
1842 2223 1
6640 2721 1
2721 5997 2
1762 5997 1
6627 2133 1
2133 6627 4
1343 3266 1
3266 5760 4
5799 4412 1
4412 1952 1
1952 1052 2
1052 6503 1
2863 1541 1
1541 4201 1
5641 2217 1
2217 3917 1
3917 1810 1
1810 5982 1
5982 3267 1
3267 5360 1
5360 4792 1
4792 2863 1
3649 2002 1
2002 6024 1
928 1255 1
1404 3266 1
3266 6414 2
6414 1810 1
1810 3111 1
3111 6640 2
5997 5476 2
5185 2460 1
2460 1961 1
4783 2556 1
2556 1288 1
1288 2439 1
2439 956 1
956 3266 2
3266 1004 1
1004 1961 1
6640 4787 3
4787 5997 1
1011 1551 1
1551 5997 1
5185 3161 2
3161 4999 1
4999 6627 1
330 1115 1
1115 252 1
252 5923 1
5923 4686 1
1810 3930 1
3930 5103 2
3267 3134 1
3134 3266 2
3266 1952 2
1952 4997 1
4997 741 1
3266 3710 3
3031 4997 1
4997 5420 1
5420 1913 1
1913 1701 1
1701 3548 1
3548 317 1
5061 2344 1
2344 5327 1
5327 1096 1
3265 3904 1
3904 6449 1
6449 5997 1
390 3525 1
3525 4568 1
4568 6640 1
6503 1510 1
1510 2629 1
4203 5467 1
5467 5784 1
5784 3031 1
956 2961 1
2961 6640 1
3525 969 1
969 3266 1
3266 458 2
5074 3760 1
3760 1952 1
1 4999 1
4999 95 2
95 1469 1
5810 3266 1
3266 4126 1
4126 6640 1
2629 5503 1
5503 5716 1
5716 1 2
5117 5222 1
5222 4678 1
4678 6640 1
2629 5292 1
5292 458 1
5641 339 1
339 6640 1
2720 4566 1
6640 942 1
2591 2658 1
2658 1 1
1 6121 7
1081 6640 1
6627 6387 1
5997 1649 1
1649 6121 1
6121 1097 1
2616 3821 1
3821 5997 1
2342 6503 2
3566 1077 1
1077 5727 1
5727 3566 1
3566 3996 1
3996 1426 1
1426 2556 1
2521 2863 1
2702 6640 3
6640 5727 1
5727 2702 1
4662 6023 1
6023 5112 41
5112 5799 1
3566 903 1
3265 5250 1
2480 2629 1
6628 579 2
579 6640 2
5971 3380 1
3380 5799 1
1796 3426 1
3426 3219 1
3219 3566 1
4203 4662 1
4662 5283 1
2858 3566 1
3566 2388 1
2388 2188 1
2188 213 1
213 2518 1
2518 2255 1
2255 4173 1
4173 3065 1
2984 4742 1
4742 6044 1
6044 5893 1
5893 2889 1
2889 1973 1
1973 3056 1
3056 6627 1
5875 1886 1
1886 4795 1
1810 6456 1
6456 6037 1
6037 618 1
618 1097 1
1097 961 2
961 5923 1
2695 5826 1
1380 5110 15
5110 533 1
533 1822 1
1822 3035 1
3307 2629 1
5639 3566 1
3566 2299 1
2299 5074 1
5810 5881 1
5881 6509 1
6509 2388 1
1810 1897 1
1897 3207 1
667 3265 1
1959 6174 1
312 69 1
69 1077 1
6640 5467 1
5467 6662 1
6662 4478 1
4478 3265 1
1126 6174 1
3370 3220 1
3220 6024 1
5202 892 1
892 1810 1
3265 21 1
21 3031 1
4050 4599 1
4599 1662 1
1662 2229 1
2229 3265 1
5693 4134 1
4134 1810 1
6174 409 1
409 5274 1
5274 1961 1
1961 5275 1
5275 956 1
5693 312 1
5420 57 1
1380 1389 1
1389 1392 1
989 1469 1
5218 5810 1
5810 1810 1
2527 1258 1
1258 532 1
532 2863 1
2863 3772 1
3772 2342 1
1288 5639 1
5639 6456 1
3207 2984 1
5893 3566 1
3566 4525 1
4525 6640 1
3525 1422 2
1422 6640 2
6640 4445 1
4445 317 1
2333 3406 1
1690 5714 1
5714 6620 1
6620 6640 1
4810 1810 1
6640 2765 1
2765 5786 1
5786 1 1
1 2591 2
5923 6342 1
1380 3525 1
542 1 1
1081 6627 1
5928 6640 1
3031 390 1
390 5103 1
5103 6438 2
6438 1 2
1426 5826 1
5826 60 1
60 2863 1
2863 4137 2
4137 2342 1
2342 1469 1
3267 2254 2
5997 3399 1
2629 6393 1
6393 3018 1
3018 5799 1
2556 6131 1
6131 317 1
144 6023 1
6023 6640 3
6385 1654 1
1654 1810 1
5201 2629 2
1288 3440 1
3440 3732 1
5879 5997 4
5997 4424 3
4424 5117 1
5117 3468 1
5621 2929 1
2929 6640 1
5208 4349 1
4349 1810 1
3381 2881 1
2881 6640 1
5327 3378 1
3378 4999 1
4999 317 1
1810 813 1
813 6024 1
5805 3031 1
3031 3065 1
1343 2930 1
312 2535 1
2535 6319 4
6319 2863 1
3649 5950 1
5950 1961 1
1961 2483 1
2483 352 1
352 3266 2
3266 680 1
680 6503 1
5799 1481 1
1481 6503 1
1491 1083 1
1083 4961 1
4961 5997 1
5997 3065 1
2556 5248 1
5248 3065 1
5231 3056 1
3056 2439 1
2439 4954 1
4954 3875 1
3875 3065 1
409 1961 2
3267 3913 1
3913 6503 1
6503 366 1
366 3608 1
3608 6640 2
6640 4954 1
708 1202 1
1202 4139 1
1491 3023 1
3023 3370 1
579 6024 1
6640 849 2
849 6380 1
6380 4185 2
4185 618 1
5799 4078 1
4078 6640 1
6640 2612 1
2612 2777 1
2777 5185 1
5185 2554 1
2554 1430 1
1430 4406 1
4406 6388 1
6388 1984 1
1984 6069 1
6069 6640 1
6126 3424 1
3424 312 1
312 5061 1
5061 352 1
352 6375 1
6375 5760 1
6640 5885 1
5885 1469 1
1469 2226 1
1810 4702 1
4702 1820 1
1820 2660 1
1077 3011 1
3011 618 1
461 5263 1
5263 5418 1
5418 1810 1
2863 839 1
839 6640 1
6640 5778 2
3267 6593 2
6593 4999 1
4999 3006 1
5895 2863 1
5875 4077 1
4077 722 1
722 6640 3
1678 1396 1
1396 1370 1
1370 1810 1
2085 1062 1
1062 1040 1
1040 317 1
2124 554 1
554 5626 1
5626 2535 1
6319 5799 1
1810 2730 1
2730 2629 1
3265 3056 2
4411 2984 1
3380 2599 1
2599 1002 1
1002 2556 1
2556 6503 1
1426 2591 2
3267 6170 1
6170 2863 2
2863 4449 2
4449 5283 1
5283 5626 1
5626 6640 1
6599 2855 1
2855 3065 1
2937 144 1
144 1589 1
1589 3266 2
5799 4005 1
4005 5856 1
5856 317 1
317 1230 1
1230 903 1
722 2645 1
2645 4854 1
4854 317 1
4748 6503 1
956 5112 1
5112 6627 1
6627 5467 2
5467 2879 1
2879 3892 1
5283 5249 2
5249 359 1
312 4411 2
4411 1798 1
3265 4564 1
4564 3265 1
57 5639 1
5639 2863 1
2863 5184 1
5184 6640 1
5799 5855 1
5855 966 1
4595 6627 1
1796 2644 1
2644 6124 1
6124 5112 1
5112 6124 1
3566 5389 1
5389 87 2
87 57 1
57 5110 1
5110 440 1
440 570 1
2256 1820 1
1820 3265 1
5993 4892 1
4892 5923 1
5923 5764 1
5764 2187 1
3266 5623 1
5623 3814 1
3814 3266 1
3266 1448 1
1448 2661 1
2661 5760 1
6568 1810 1
5243 2124 1
2599 3078 1
3078 5679 1
5679 6166 1
6166 317 1
409 5061 1
6640 540 1
540 3266 1
3266 2983 1
2983 1410 1
1410 1961 1
1961 4731 1
4731 3098 1
3098 526 1
526 3370 1
4185 5626 1
5626 812 1
928 6627 1
6627 2254 1
2254 2616 1
2616 213 1
213 4137 1
4137 1 1
1343 5593 1
5593 3266 2
3266 6355 1
6355 3426 1
3426 6640 1
4067 2254 1
6627 2720 1
5490 6640 3
279 1040 1
1040 4530 1
4530 5923 1
5490 3031 2
6640 6248 2
6248 3597 1
1369 5626 1
5626 5760 1
2851 3917 1
3917 3267 1
3267 96 2
2132 1 1
1436 4710 1
4710 555 1
555 2616 2
5416 1810 2
3704 5928 1
5928 1605 1
1605 845 1
845 2629 1
6640 4184 1
4184 4960 1
4960 4537 1
4537 6023 1
6023 3994 7
4537 5262 1
5262 1810 4
4537 2623 1
2623 1810 1
4537 2544 1
2544 1327 1
1327 3031 2
3006 236 1
236 312 1
3267 4792 1
4792 3266 1
312 3027 1
3027 317 1
6135 2720 1
2720 2254 1
5805 173 1
173 1097 1
6438 3267 1
3267 3312 1
3312 6640 1
6640 579 2
1083 6647 1
6647 1480 1
1480 1 1
1 2662 1
2662 6640 1
3267 5669 1
5669 3065 1
2556 5231 1
5231 5876 1
5876 3065 1
3065 5231 1
5231 5895 1
5490 6503 1
6503 6349 2
1159 5225 1
5225 4201 1
4952 3267 1
2556 4745 1
4745 3065 1
3065 2388 1
2388 3568 1
3568 2188 1
2188 1 1
3267 5420 1
5061 1810 2
2863 4642 1
4642 3006 1
3006 1388 7
1388 5370 6
1426 6511 1
1961 5085 1
5085 317 1
4534 1810 2
1810 404 1
404 749 1
1469 5895 4
5476 554 1
352 1202 1
2556 6295 1
6295 1272 1
1272 5180 1
5180 3566 1
1820 515 1
966 2618 1
2618 1 2
352 5923 3
5923 2820 1
2820 5923 1
4411 5103 1
6627 3566 1
3566 554 1
5208 5185 1
5185 3834 1
3834 1879 1
1879 5879 1
4632 3370 1
5692 2629 1
2363 6024 1
849 4185 1
4185 2984 1
2879 6628 1
1258 4037 1
4037 317 1
5641 6640 1
1258 4158 1
4158 2654 1
2654 5923 1
1810 4328 1
4328 3265 1
3265 3065 1
3065 5389 1
5283 6374 1
6374 6503 1
2679 5327 1
2556 423 1
423 1 2
2863 4632 1
4632 5626 1
5626 6386 1
2963 6640 1
6640 4557 1
4557 3031 1
4092 3265 1
144 2398 1
2398 6640 1
5117 6175 1
6175 4281 1
1426 2913 1
2913 3265 1
1403 3732 1
3732 5805 1
6125 1419 1
1419 2720 1
3265 5478 1
6640 6120 1
6120 5805 1
989 3031 2
2629 4013 2
4013 5420 1
5420 1403 1
1403 6640 1
6640 2654 1
2654 1327 1
1327 5833 1
5833 1810 3
5263 5923 1
5923 2556 1
2521 2556 2
2556 2413 1
2413 5923 1
6640 3352 1
3352 2398 1
2398 1096 1
3265 4101 1
4101 5103 1
2223 5661 1
5661 3265 1
3353 5103 1
5103 4842 1
5061 1077 1
1810 1609 3
6106 4201 1
4201 933 1
933 4795 1
1097 5369 1
317 987 2
987 6024 1
3265 3647 1
3647 1810 1
2851 1325 1
1325 6187 1
1959 3016 1
2863 4527 1
4527 5997 1
5997 1780 1
1780 907 1
5117 4341 1
5826 1326 1
1326 1739 1
5997 4521 1
4521 5103 1
1810 4727 1
4727 6640 1
4423 5103 1
5160 2085 1
6177 2556 1
2556 970 1
970 3265 1
2972 6249 1
6249 3031 1
3265 664 3
664 4585 1
4585 4652 1
2863 2582 1
2582 6640 1
4006 5074 1
2629 5239 1
5239 1810 2
1961 6484 2
6484 1882 2
1882 5283 1
1355 1961 1
1882 2984 1
2984 1077 1
5844 1258 1
1258 5997 1
384 3031 1
2591 3023 2
3023 4069 1
4069 5799 1
5799 5997 1
5997 1798 1
1798 2863 1
2863 6037 1
6037 5879 1
5879 1810 1
6593 6505 1
3267 3622 1
3622 1952 1
2556 5833 2
1810 4270 1
4270 6640 1
5997 6030 1
1401 1810 1
1810 2182 1
2182 1810 1
1810 2094 1
2094 3265 1
5799 5767 2
5767 6640 1
1130 3370 1
664 6387 1
6387 6135 1
6135 3065 2
2556 4432 1
4432 359 1
359 3270 1
5795 1961 1
3265 493 1
3080 6113 1
6113 3265 1
3265 2422 1
2422 4138 1
4138 1 1
1 3942 3
3942 3378 1
3378 3265 1
5678 6505 1
2863 3884 1
3884 3265 1
3265 2283 1
2283 1810 1
1976 1720 1
1720 4003 1
2820 651 1
4652 4406 1
4406 1977 3
869 3265 1
3265 4092 1
4092 2972 1
2629 4856 1
4856 1 1
4201 5103 1
4792 5519 1
6503 2707 1
2707 5609 1
5609 1810 1
6384 618 1
1258 4176 1
4176 458 1
2556 6462 1
5826 265 1
265 1961 1
279 6627 3
6627 5826 1
5826 5461 1
1810 3905 1
5989 3031 1
2863 5323 2
5323 6505 1
6505 5997 2
4411 4902 1
4902 651 1
651 6470 1
4022 4411 1
4411 1810 1
1090 6061 1
6061 708 1
6385 3380 1
5993 4453 1
4453 1404 1
3207 3142 1
3142 3065 1
2187 2232 1
2232 6640 1
1796 6024 1
5826 5044 2
5044 2845 1
2845 2889 1
1430 3318 1
3318 1173 4
1173 5639 1
1173 2533 1
328 5997 1
359 1796 3
1961 598 1
1762 928 1
3265 1524 1
1524 6640 1
5997 3318 2
6385 5420 1
5420 5893 1
5893 2085 1
2085 1567 1
1567 3065 1
2937 5013 1
5013 6024 1
5044 3006 1
3006 5997 1
5997 3006 1
3006 6640 1
2937 1083 1
5395 2291 1
2291 4108 1
4108 5805 1
2616 3625 1
3625 6462 1
1810 4889 1
4889 2133 1
1403 5870 1
2629 4022 1
4022 4902 1
5358 5639 1
6322 5679 1
1104 2984 1
6627 6102 1
6102 598 2
5639 2079 1
2079 5583 1
5583 2629 1
3811 5844 1
1469 5659 1
5659 1260 1
3399 1 1
312 651 1
6386 3266 2
3266 4577 1
4577 1469 1
1469 4769 1
4769 4150 1
4150 359 1
359 1083 1
2863 684 1
684 2984 1
6627 4103 1
4103 1810 1
1810 4046 1
4046 6640 1
6640 783 1
783 1822 1
1822 5833 1
5833 3265 1
651 2039 1
2039 966 1
966 1213 1
1357 312 1
6628 6322 1
6322 2629 1
5461 5609 1
3265 847 1
847 6579 1
6579 317 1
2187 6306 1
6306 1160 1
1160 1810 1
1047 1469 1
1469 6228 1
6228 6470 1
4022 3900 1
3900 5923 1
3031 1404 2
2629 4966 1
4966 4769 1
4769 6657 1
6657 6020 1
6020 5112 1
5112 1500 1
1500 3265 1
3236 2256 1
2256 4411 1
4411 1589 1
3266 2254 1
6627 2591 3
312 2256 1
2256 5476 1
5476 2916 1
2916 1175 1
1175 3134 1
1952 2344 1
2344 1810 1
3266 4461 1
4461 1404 1
1404 5817 1
5817 5747 1
5747 708 1
708 273 2
1104 6520 1
6520 6456 1
6456 1762 1
1762 6415 1
6415 5462 1
5462 1810 1
3267 1892 1
1892 236 1
6460 1466 1
1466 2353 1
2353 5923 1
5923 5893 6
5893 1404 2
1404 3896 1
1 265 1
265 3265 1
5286 6126 1
6126 3135 1
3135 2616 1
5667 6024 1
1961 5618 1
5618 71 1
71 5923 1
5923 318 1
318 848 1
848 625 1
625 5928 1
5928 1986 1
1986 3670 1
3670 3265 1
312 3202 1
3202 3525 1
3525 6335 1
6335 1810 1
1810 4507 1
4507 2549 1
2549 3150 1
3150 4399 1
4399 3265 1
3265 518 1
518 5392 1
5392 3525 1
3525 575 1
575 3265 1
3265 2944 1
2944 318 1
318 1810 1
1810 979 1
979 3859 1
1952 6322 1
6322 5448 1
4597 1874 1
1874 2342 1
6640 6485 1
6485 956 1
5103 2538 1
2538 47 1
47 3017 1
3017 2863 1
2342 2984 1
2984 2521 1
2556 1952 1
5485 5826 1
5826 1836 1
1836 5997 1
5997 3102 1
3102 6321 1
6321 3017 1
3017 317 1
3486 3031 1
3023 554 1
5786 554 1
554 1836 1
1836 6126 1
2591 1232 1
1232 5844 1
5844 1077 1
5997 1567 1
2616 2568 1
6456 4138 1
3075 1604 1
1604 2397 1
2397 1810 1
1810 3375 1
3375 5997 1
5997 1952 1
1952 3017 1
3017 2629 1
2629 6321 2
6321 3065 1
5208 5799 1
5799 1721 1
1721 722 1
6503 1799 1
1799 1197 1
6640 5951 1
2522 3023 1
3023 1077 1
2863 1287 3
1287 6505 1
5799 6138 1
6138 618 2
618 6384 1
312 1005 1
1005 2984 1
6633 5799 1
5799 2863 1
2863 4175 1
4175 554 1
554 1426 1
1426 3909 1
3909 4652 1
5997 4359 1
4359 6023 1
5112 2616 1
2863 1299 1
1299 6365 1
6365 2775 1
2775 3207 1
3207 6114 1
6114 5997 1
3356 359 1
359 5993 4
2863 206 1
206 6417 1
2522 3732 1
3732 4756 1
4756 1288 1
2256 3899 1
3899 6640 1
6126 4931 1
4931 4163 1
4163 2360 1
2360 4367 1
4367 5357 1
5357 708 1
4122 554 1
1961 1265 2
5923 1404 2
651 1435 1
1435 2720 1
2720 362 1
362 817 1
817 5185 1
5185 182 1
182 1810 1
1810 554 2
2124 3265 1
4411 1822 1
1822 919 1
919 1810 1
1810 1753 1
1753 3265 1
478 5901 1
5901 1469 1
1469 3075 1
3265 96 1
6182 228 1
3065 920 1
920 3065 1
3065 5811 1
5811 1458 1
1458 3065 1
5208 5117 1
5117 3065 1
5185 4745 1
4745 708 1
6385 1343 1
6640 732 2
2556 87 1
87 2863 1
4063 352 1
352 5607 1
5607 4824 1
4824 3265 1
1810 6498 1
6498 6023 1
5112 317 2
5123 1063 1
1063 1709 1
1709 318 1
318 3414 1
3414 2629 1
5716 1961 1
279 3023 1
4585 4823 1
4823 1961 1
6122 668 1
668 6023 1
5112 858 1
858 5061 1
5061 5075 1
5075 1810 1
1810 2641 1
2629 5895 3
5895 57 1
5997 159 1
159 6607 1
6607 3265 1
3265 4512 1
4512 3087 1
3087 2519 1
2519 1008 1
1008 6640 1
6640 1867 1
1867 5997 1
5997 1867 1
1867 57 1
5997 160 1
160 5103 1
6114 6640 2
304 5218 1
5218 3550 1
3550 1961 1
5997 3332 1
3332 6640 1
6640 4236 1
4236 6503 1
1343 4358 1
5923 2878 1
2878 3381 1
1343 6057 1
6057 722 1
3015 5300 1
5300 6191 1
6191 6640 1
4534 3056 1
2984 3788 1
3788 4012 1
4012 2438 1
2438 3266 1
5760 383 1
383 1810 1
1810 6089 1
6089 2641 1
5895 5103 3
5103 1976 2
1976 5641 1
5641 5997 1
5997 3892 2
6640 4534 1
4534 6640 1
1796 4283 1
4283 3031 1
2254 2591 1
5283 4812 1
4812 1401 1
1426 5741 1
5741 1961 1
5997 1077 1
2591 791 1
791 3266 1
928 2503 1
2503 1903 1
1903 3548 1
3548 5733 1
5733 5256 1
5256 1959 1
1959 3266 1
3266 1011 1
312 871 1
871 5923 1
5923 928 1
928 1077 1
5805 6628 1
6628 708 1
708 386 1
386 5805 1
1426 1818 1
1818 1961 1
5218 2697 1
1879 1871 1
1 6170 1
5492 5923 1
5923 668 1
5103 3525 1
3525 5318 1
5318 460 1
6523 2342 1
2342 2863 4
3704 4566 1
3525 1417 2
1417 3031 2
6627 4303 1
4303 359 1
3267 5016 1
5016 708 2
708 1096 1
5359 4114 1
4114 4237 1
4237 3266 1
3266 3370 1
409 5239 1
5239 6627 1
312 4787 1
4787 3031 1
3525 4904 1
4904 5727 1
5727 6503 1
6503 4236 1
4236 722 1
3080 6503 3
6503 3016 1
5641 5397 1
304 4276 1
4276 3016 1
5641 722 1
722 6414 1
6414 4812 1
4812 5893 1
6627 6505 1
5997 4652 1
4652 3056 1
3056 5395 3
5395 2342 5
2342 3850 1
3850 1155 1
1155 1077 1
1077 1399 3
5997 4594 1
4594 5999 1
5999 961 2
6627 3370 1
1238 5923 1
5923 3949 1
304 4537 1
5208 6108 1
6108 3525 1
3525 6108 1
6108 4662 1
2591 317 3
317 5883 1
5883 458 1
458 6503 1
5805 708 1
6640 5825 1
5825 3207 1
1 769 1
769 5467 1
5467 1327 1
3265 3233 1
3233 438 1
438 409 1
304 1899 1
1899 5548 1
5548 2355 1
3353 2629 1
6322 1952 1
1810 3134 2
579 1 1
3892 2085 1
6414 6503 1
3266 1300 1
1300 236 1
236 6114 1
2984 3732 1
5283 2863 2
3892 5923 1
5923 3300 2
3300 4150 1
409 1810 1
5593 3056 1
3056 1 2
5997 5923 1
5923 4812 1
6503 6023 5
5112 4918 1
4918 5185 1
1810 4791 1
4791 670 1
670 5262 1
5262 5490 1
5490 1004 1
2556 5262 1
5262 598 1
3266 271 1
271 1952 1
5997 157 1
157 3726 1
3726 3056 1
3056 2553 1
2553 2342 1
2342 5799 1
5799 2582 1
2582 5185 1
5639 6020 1
6020 5103 1
5624 3112 1
3112 1810 1
1810 4236 1
4236 3265 2
3265 3484 1
3484 3266 1
3266 4394 1
4394 2984 1
2984 5844 1
6386 3972 1
3972 722 1
2863 4092 1
6640 3925 1
3925 3031 1
2217 3111 1
3111 3265 1
3265 4414 1
4414 1952 1
1052 6414 1
6414 1 1
1709 3608 1
3608 3265 1
3265 2599 1
2599 2085 1
3267 2935 1
6250 3266 1
5283 618 2
618 2949 1
2949 1976 1
1976 2616 1
2616 1425 1
1425 3207 1
3207 5895 1
5895 1077 1
1810 5249 1
5249 3994 1
3994 3690 1
3690 5893 1
3127 5262 1
5262 5997 2
5997 3532 1
3532 1762 1
1762 1077 1
1077 1126 1
1126 5013 1
5013 708 1
651 1820 1
2616 5893 1
5895 3031 2
5799 4652 1
4652 5799 1
5799 4499 1
4499 6503 1
6126 317 2
5123 4139 2
2527 3266 1
3266 3472 1
3472 1810 1
1 3540 1
3540 3566 1
5895 4406 1
4406 6261 1
6261 722 1
722 5787 1
5787 4902 1
4902 1258 1
6640 2616 5
5018 5201 1
2616 6520 1
6520 1810 1
1326 3031 1
1265 6520 1
6520 2863 1
3526 6385 1
6385 4462 1
4462 1197 1
1197 1153 1
1153 2438 1
2438 1762 1
1762 2133 1
2133 2984 2
2984 2501 1
2501 5262 1
1404 5358 1
5358 304 1
1469 6295 2
6295 757 1
757 317 1
5805 5651 2
5651 546 1
546 3031 1
5767 464 1
722 3066 1
3066 6538 1
6538 6024 1
5208 4420 1
4420 6640 2
5476 3533 1
3533 2085 1
5997 6499 1
6499 6640 1
5103 5265 1
5265 3076 1
3076 2616 1
537 317 1
3423 888 1
888 2475 1
2475 1265 1
1810 2280 1
2280 2629 1
5662 312 1
312 5669 1
5669 1385 1
1385 1810 1
1810 2755 1
2755 6503 1
5228 5805 1
5805 5225 1
5225 1810 1
708 5150 1
5150 997 1
997 2863 1
2858 1468 1
1468 958 1
958 4232 1
5639 3862 1
3862 1257 1
1257 6497 1
6497 1380 1
5110 2561 1
2561 3031 1
1426 2286 1
2286 2863 1
6248 4673 1
4673 1961 1
6627 6441 1
6441 306 1
306 4138 1
3075 5444 1
5444 4137 1
4137 4824 1
4824 2616 1
651 2816 1
2816 3065 1
3065 85 1
2889 3018 1
2863 3106 2
3106 3006 1
246 736 1
736 6505 1
4078 639 1
639 2616 1
2616 5196 1
5196 3370 1
3370 2986 1
2986 3356 1
3356 344 1
344 1810 1
349 2663 1
2663 1326 1
1326 5103 1
5103 1326 1
1326 6374 1
6374 2616 1
2616 1747 1
6503 3525 1
3525 6256 1
6256 5103 1
5103 1288 1
6628 4663 1
4663 6456 1
6456 3522 1
3522 3752 1
3752 3912 1
3912 2616 1
1357 3961 1
3961 3050 1
3050 3267 1
3267 3296 1
3296 2616 1
4398 2625 1
2625 1810 1
1810 6495 1
6495 4166 1
1343 5560 1
5560 1207 1
1202 2858 1
4166 2616 1
2616 6232 2
5103 3036 3
2851 4954 1
4954 1326 1
1326 5185 1
4432 3604 1
3604 3065 1
409 5923 1
5923 5283 7
907 1976 1
5997 1346 1
1346 5080 1
5080 966 1
903 5338 1
5338 1173 1
1173 2991 1
2991 903 1
1426 3056 1
3056 2133 2
2133 3265 2
5923 5128 1
5128 903 1
903 6665 1
6665 5103 1
5103 1800 1
1800 359 1
6627 6662 2
6662 4812 1
2863 4478 1
4478 6503 1
651 2858 1
2858 3075 1
3075 1978 1
1978 2889 1
2889 2980 1
2980 5989 1
5989 2286 1
2286 6503 1
3892 5879 1
6627 2286 2
2286 1197 1
1197 5450 2
5450 6640 2
5117 5799 1
1343 512 1
512 3031 1
5641 6662 1
6662 6503 1
6503 2984 2
2984 4240 1
4240 1 1
2629 5817 2
5817 2322 1
2322 1404 1
1404 2274 1
2274 37 1
37 1 1
1 5450 1
5450 37 2
37 2863 3
2863 1401 2
1134 5450 1
1401 6296 1
6296 4585 1
4585 5923 2
5923 2889 2
2889 1485 1
1485 1639 1
4461 2074 2
2074 1380 1
2616 870 1
870 1848 1
5662 2133 1
312 2074 1
2074 3370 2
3370 5128 2
5128 6662 1
6662 907 1
907 37 1
37 1245 1
1245 6503 2
317 5128 3
5128 5263 1
5263 6456 1
1 1619 1
1619 1245 1
3265 40 1
40 2863 1
6505 2629 1
2432 6321 1
6321 903 1
903 6456 1
6456 5799 1
1213 312 1
1097 40 1
40 1798 1
1798 6627 2
1873 1173 2
5844 4164 1
4164 4406 1
4406 3705 1
3705 1961 1
2616 6384 2
6384 775 1
775 1173 1
3527 5801 1
5801 4406 1
3705 1810 1
5879 6121 1
6121 2616 1
5018 6451 1
6451 6384 1
3031 1666 1
1666 1796 2
6503 3705 1
3705 2187 1
2187 4406 1
4406 5923 1
312 2257 1
2257 6495 1
6495 2556 1
2556 1011 1
1011 5593 1
5593 5923 1
5923 2935 2
3789 1077 1
1077 3380 1
956 4332 1
4332 2133 1
2133 5358 1
5358 6030 1
6030 1173 1
1173 2342 1
304 4164 1
4164 4398 1
4398 2556 1
2371 1077 1
1077 4893 1
4893 3721 1
1426 6017 1
6017 3050 1
6149 304 1
304 2074 1
2074 6024 1
6024 5626 1
5626 739 1
739 304 1
1822 5128 1
5128 6229 1
1810 2447 1
2447 3051 1
3051 2616 2
3728 304 1
1139 5338 1
5338 304 1
304 1961 1
1961 4902 1
4902 3056 1
6503 963 1
963 2556 1
3705 962 1
962 3265 1
3265 963 1
963 3380 1
3380 4338 1
4338 5923 1
1077 6121 1
3525 3265 1
3265 4664 1
4664 6024 1
2007 6317 1
6317 907 1
907 3705 1
3705 5826 1
5826 5799 1
1426 2316 1
2316 805 1
805 1961 1
1961 801 1
801 5619 1
5619 526 1
526 3065 1
2937 5641 1
6460 3065 1
3065 3195 1
3195 1977 1
1977 2585 1
2585 2288 1
2288 1976 1
1426 1888 1
1888 317 1
2984 2679 2
2679 4406 1
1327 6384 1
2573 359 1
6640 1666 1
3265 3705 2
3705 312 1
977 6181 1
6181 1810 1
1126 6640 1
3705 317 1
1159 317 2
317 4769 1
4769 4795 1
4795 1890 1
1890 1810 1
6384 2556 1
2556 3732 1
3732 3705 1
3705 5895 1
5895 3320 1
3320 1173 2
312 5521 1
5521 5103 1
234 3275 1
3275 2553 1
1083 1206 1
409 5960 1
5960 3651 1
3651 2616 1
5018 459 1
1134 2933 1
2933 2085 1
708 5655 1
5655 2616 1
3424 3236 1
3732 1045 11
1045 5600 1
5600 2629 1
1774 4138 1
1952 5128 3
5128 6505 2
5810 1873 1
1173 5450 1
5450 2863 1
2863 2309 1
2309 3267 1
3333 5128 1
5128 5103 1
1613 3243 1
3243 3377 1
3377 2187 1
312 1475 1
1475 1317 1
1317 6225 1
6225 598 1
598 6640 1
6640 5523 1
5523 1317 1
1317 1173 1
1173 782 1
782 5786 1
3265 5183 3
5183 3056 1
3056 1077 5
5826 493 1
493 4662 1
4662 1961 1
1961 1099 1
1099 1097 1
1097 2984 1
2679 304 1
4406 1984 1
6593 6356 1
6356 2291 1
2291 1079 1
1079 4580 1
4580 1367 1
5201 5805 1
5805 1367 1
1367 2085 1
2085 6110 1
6110 3370 1
1404 2257 1
2257 3006 1
3006 1820 1
1820 5478 1
5478 3265 1
664 5795 1
236 547 1
547 3031 1
6640 6055 1
2553 4406 1
6507 1404 1
1404 1581 1
1581 1077 1
2616 5918 1
5918 2475 1
2475 5127 1
5127 1810 2
1810 1482 1
1482 2629 1
2629 1532 1
1532 4038 1
4038 4506 1
4506 4455 1
4455 1952 1
1952 5127 1
5127 1104 1
1104 4506 2
4506 312 1
1639 491 1
491 1619 2
1619 5923 1
5923 5993 1
1426 2707 1
2707 1431 1
1431 2379 1
2379 2187 1
1810 5523 1
5523 5312 1
5312 5103 1
1104 2616 1
2616 554 2
554 5989 2
5989 1556 1
1556 5573 1
6503 1776 1
1776 3977 1
1528 705 1
705 5079 1
5079 1672 1
1672 2386 1
2386 2055 1
2055 317 1
5679 1897 1
1897 3725 1
3725 4506 1
4506 6628 1
6628 5893 1
5893 4488 1
4488 1952 1
5128 3031 1
2863 5518 1
5518 5103 1
3267 2616 1
769 5444 1
5444 2736 1
2736 5312 1
5312 1810 1
1810 1104 1
1104 1959 1
1959 1639 1
1639 2863 1
3724 4334 1
4334 5923 1
611 4341 1
4341 5844 1
1130 2616 2
1258 4553 1
4553 3486 1
3486 3830 1
3830 1 1
1 1197 3
2616 4055 1
4055 2863 1
2432 2897 1
2897 3962 1
3962 2629 1
388 1269 3
4604 6470 1
6470 1538 1
1538 1104 1
1104 5799 1
1961 5661 1
5893 4216 1
4216 1469 1
1469 5007 1
5007 1810 1
3266 3421 1
3421 3031 1
3031 1197 1
1197 5895 1
5895 6627 1
5367 4662 2
4662 3265 1
6387 4432 1
1810 5972 1
5972 3265 1
3265 4207 1
4207 6505 3
2124 3300 1
3300 3732 1
1045 3031 2
6627 3227 2
3227 2863 1
2863 5807 1
5807 2316 1
2316 5951 1
4795 5923 1
5923 433 1
433 336 1
3732 6556 1
6556 3031 1
5243 5531 1
5531 515 1
515 2720 1
6488 4795 1
6096 6628 1
6628 3811 1
3811 1810 1
3265 3734 1
3734 441 1
1961 913 1
913 2629 1
1139 6523 1
6523 5160 1
5160 2616 1
317 1113 5
1134 2765 1
6505 3981 1
3981 5450 1
1810 3879 1
3879 5103 1
2187 3046 3
3046 3701 1
3701 1173 1
1173 1399 4
1399 5875 1
637 312 1
2889 1961 1
651 2143 1
2143 5185 1
5185 1509 1
4779 1 1
1 2889 1
1173 2713 1
2713 317 1
317 6428 1
6428 6446 1
6446 6358 1
6358 2626 1
2626 1810 2
1327 1385 1
1385 317 2
651 4461 1
5128 6024 1
312 4663 1
4663 2355 1
2355 3265 1
3265 2271 1
2271 562 1
562 312 1
312 3599 1
3599 4862 1
4862 2329 1
2329 1197 1
3394 3370 1
3265 3002 1
5266 2187 1
5519 2863 1
3265 3959 1
3959 3016 1
1404 956 1
3265 360 1
360 2863 1
2863 1294 1
1294 3265 1
5799 6213 1
6213 1810 1
2863 2613 1
2613 5799 1
5799 3732 1
1961 5844 2
3265 5398 1
5398 1189 1
1189 970 1
970 6595 1
1810 472 1
472 3265 1
3265 4354 1
4354 6125 1
6125 463 1
463 5799 1
5799 6064 1
6064 4951 1
4951 6503 1
1810 1491 2
4537 1173 1
1173 5923 1
5923 2763 1
2763 3265 1
1197 2254 1
2254 6627 2
2286 5450 1
5450 2159 1
2159 6503 1
2342 6167 1
6167 2470 1
2470 4927 1
4927 3732 1
3732 2355 1
2355 2889 1
1077 2451 1
2451 5262 5
5262 1197 1
5450 1197 1
1197 2945 1
2945 5450 1
5885 5895 1
5895 1961 1
1961 6551 1
5997 554 1
5989 5607 1
5607 119 1
119 1139 1
1139 6627 2
304 5367 2
4662 3023 1
3023 6061 1
5128 312 1
5467 5841 1
5841 5799 1
2591 4958 1
4958 3031 1
6243 970 1
1 907 1
907 213 1
2519 2254 1
464 2991 1
6627 2451 1
2451 5923 13
5923 3056 2
1810 1796 4
1796 618 1
618 5844 1
1810 752 1
752 5208 1
5641 5844 1
5844 1130 1
1130 2889 1
2889 598 1
598 5103 1
6106 1961 1
5997 1790 1
1790 6628 1
1003 3321 1
5103 5842 1
5842 2616 1
6126 6662 1
6662 4847 1
4847 4308 1
4308 5923 1
5923 3134 1
1952 2889 4
5103 4348 1
4348 5593 1
5805 1796 1
2616 1077 2
6628 85 1
2889 3426 1
3426 5997 1
458 6627 2
939 3426 1
3426 5265 1
5265 458 1
458 4812 1
4812 5265 1
5265 940 1
940 4812 1
4812 6628 1
2889 2863 2
2863 2697 1
2697 722 1
722 5894 1
5894 3732 1
1879 3213 1
3213 6627 1
6627 4347 1
4347 1393 1
1393 2254 1
2254 2697 1
2697 2616 1
2616 2085 1
1810 5467 1
5467 5576 1
5576 5923 1
5923 3138 1
6505 2255 1
2255 1762 1
1762 956 1
5395 5923 1
5923 3754 1
1810 5701 1
5701 5593 1
5997 5626 1
317 6170 1
6170 2342 1
5997 758 1
758 6503 1
2256 2224 1
2224 57 1
6627 654 1
654 4611 1
4611 360 1
360 5785 1
5785 1296 1
1296 3267 1
6640 4727 1
4727 3909 1
3909 2568 1
2568 1003 1
1003 2863 1
2538 5110 1
5110 1 2
3265 2664 1
2664 3265 1
5209 2984 1
3006 1355 1
1355 3006 1
3006 360 1
360 1961 1
3267 2984 2
2984 2629 1
5209 2085 1
3267 2613 1
1810 5848 1
5848 6640 1
1762 5218 1
5218 5799 1
5799 3752 1
3752 304 1
5923 6249 2
2616 3018 1
2863 4952 1
3265 347 1
347 1159 1
6421 6505 1
5208 1404 1
2972 2329 1
2329 272 1
272 5700 1
5700 438 1
438 2629 1
3265 4359 1
4359 6386 1
1961 1380 1
5110 4931 1
4931 5103 1
6627 2569 1
2569 6640 1
6640 3759 1
3759 304 1
3265 6483 1
5370 6121 1
2863 4661 1
4661 6628 1
6628 2865 1
2865 4777 1
4777 2187 1
2187 6031 1
6031 3370 1
1003 1 1
3942 2889 1
2889 769 1
769 1469 1
1104 6505 1
6505 4958 1
4958 2576 1
3266 5923 2
5923 6248 1
6248 6551 1
1173 5420 1
2863 3802 2
3802 460 2
6503 1796 2
2085 3051 1
3051 6243 1
6243 6503 1
6503 2146 1
2146 1810 1
1810 5332 1
5332 5875 1
5875 1796 1
1173 6248 1
1404 3911 1
3911 2616 1
2616 5074 1
5074 4332 1
6460 3237 1
3237 2889 1
2889 388 1
5128 2616 1
2616 3080 1
3080 2889 1
2889 4423 2
4423 5444 1
5444 5786 1
5786 1399 1
6627 3912 1
3912 3265 1
3265 4652 1
2616 2963 1
2963 4423 1
4423 4203 1
360 4753 1
4753 409 3
409 2613 1
2613 3265 1
4218 2085 1
2085 2238 1
2238 3006 1
1357 1810 1
1810 5357 1
5357 6460 1
6460 236 1
236 6456 1
6456 5836 1
5836 1197 1
3265 112 1
112 956 1
3265 1202 3
1509 3346 1
1404 3239 1
2333 1216 1
1216 1972 1
1972 3315 1
3315 2455 1
2455 6505 1
2863 4780 1
4780 636 1
636 6333 1
6333 312 1
5367 1614 1
1614 2616 1
2616 2829 1
2829 950 1
950 2187 2
2187 5163 1
5163 317 1
5842 1654 1
1810 4485 1
4485 3408 1
3408 1961 1
1961 1293 1
1293 1613 1
1613 2899 1
2899 970 1
970 5923 2
5923 708 4
1820 5799 2
5799 926 1
926 5799 1
5799 2912 1
2912 1810 1
1810 4662 1
4662 1077 1
1077 2925 1
2925 4406 1
1977 2375 1
2375 3705 1
3705 1399 1
1399 708 1
1947 5799 1
5799 4662 1
1134 1707 1
1707 359 1
5993 2984 1
2984 1083 1
1083 5683 1
5683 2187 1
304 3832 1
3832 2984 1
2984 5450 1
5450 2187 1
1096 6646 1
6646 1871 1
1871 5447 1
5447 5435 1
5435 3056 1
3056 5034 1
3023 3015 1
3015 1719 1
1719 6388 1
304 4434 1
4434 1173 1
1173 6014 1
6014 1431 1
1431 6423 1
6423 5799 1
2984 3265 2
3265 4388 1
2226 618 1
5805 5904 1
5904 6422 1
6422 1077 1
5923 5441 1
5441 1399 1
1399 4475 1
4475 2226 2
2226 6384 1
5110 5805 1
5805 4667 1
4667 1225 1
1225 2074 1
2074 1981 1
1981 4408 1
4408 2889 1
2863 4497 1
4497 1469 1
5117 1173 1
304 6386 1
1081 6118 1
304 6501 1
6501 3244 1
3244 1077 1
5103 6423 1
6423 2629 2
3036 1085 1
618 3270 1
3270 976 1
976 1976 1
1976 4522 1
4522 5117 1
5117 760 1
760 656 1
656 5972 1
5972 2253 1
2253 2616 1
3060 2707 1
2707 6507 1
6507 1822 2
1822 6503 2
304 5201 1
5201 3684 1
3684 1197 1
2616 3684 1
3684 1961 1
1961 1197 1
6503 4812 1
4812 2616 1
1258 3463 1
3463 3039 1
3039 6024 1
5923 1149 1
1149 2226 1
2226 1173 3
6505 5448 1
3266 6423 1
6423 5117 1
6503 5661 1
5661 4475 1
4475 6628 1
6628 3039 1
3039 1810 1
1810 6423 1
6423 5558 1
5558 5117 1
5208 57 1
6627 2629 2
5997 4231 1
4231 907 1
6328 5997 1
5997 3053 1
3053 5123 1
5123 4664 1
4664 4998 1
4998 5609 1
5609 2991 1
2863 6497 3
6497 3015 1
3015 2077 1
2077 4067 1
4067 5997 1
3065 4803 1
4803 3006 1
3065 1792 1
1792 913 1
913 5395 1
1134 6505 4
6505 1579 1
1579 3319 1
3319 5805 1
5805 2912 1
2912 5609 1
5609 469 1
3065 75 1
75 5983 1
5983 3006 1
3065 1957 1
1957 3006 1
3065 131 1
131 6454 1
6454 3006 1
3065 911 1
911 6488 1
6488 618 1
6627 913 1
913 3267 1
1961 4176 1
4176 3267 1
304 4923 1
4923 2671 2
2671 3039 1
3039 2226 6
2226 4563 1
4563 304 1
304 4358 1
708 3281 1
3281 6505 1
5355 2863 1
3356 1709 1
1709 5306 1
5306 304 1
3266 930 1
1810 5115 1
5115 6505 1
6505 5123 1
5123 3299 1
3299 6004 1
6004 2863 1
1613 1 1
1709 3051 1
3051 5661 1
5893 5885 1
5885 3039 1
3039 3541 1
3541 6423 1
6423 5578 1
5578 5879 1
5879 5440 1
5440 6423 1
1810 3320 1
3320 1011 1
1011 1 1
5810 3023 1
3356 1961 1
5893 4438 1
4438 1952 1
3236 400 1
400 2337 6
2337 5600 1
3266 3031 2
2629 4139 1
4139 4712 1
4712 5373 1
3036 4203 1
6503 400 2
2337 657 1
657 2629 1
2629 1123 1
1123 6343 1
6343 2173 1
2173 6460 1
6460 3266 1
3266 5358 1
5358 312 1
5993 5997 1
5997 1425 1
1425 389 1
389 5379 1
5379 2187 1
2187 5108 1
5108 5997 1
1961 413 1
413 2615 1
2615 317 1
5042 2301 1
2301 2642 1
2642 1871 1
1871 2257 1
2257 5810 1
5810 4424 1
4424 618 1
6627 373 1
373 1961 1
1961 1417 1
1417 6503 1
6503 540 1
540 2858 1
2858 5127 1
5127 2984 1
2984 5033 1
5033 3031 1
87 1399 2
1399 3051 1
3051 6024 1
2616 3227 1
3227 5183 1
5183 651 1
2616 773 1
773 3265 1
2616 3061 1
3061 5033 1
5033 548 1
548 6640 3
1343 856 1
856 1173 1
1173 5439 1
5439 1862 1
1862 5127 1
5127 3031 1
2863 5392 1
5392 3265 1
312 3798 1
3798 317 1
5185 1341 1
1341 1810 1
409 2629 1
5160 3265 1
3265 444 1
444 3949 1
966 3300 1
3300 444 1
444 1810 2
5283 2984 2
963 3525 1
2553 3118 1
3118 1810 2
96 6627 1
963 3462 1
3462 1173 1
1173 3036 1
3036 1004 1
2556 2133 1
2360 1404 1
304 3056 1
6503 4788 1
4788 5997 1
312 3462 1
3462 3265 1
3036 306 1
306 5805 1
5805 4451 1
4451 2931 1
2931 1399 1
1399 6137 1
6137 3014 1
2863 6090 1
6090 6031 1
6031 2629 1
3265 3463 1
3463 5074 1
5074 1871 1
1871 3036 1
3036 6384 1
6384 6571 1
6571 3031 1
1796 190 1
190 6003 1
6003 5938 1
5938 2616 1
2616 4522 1
4522 5331 1
5331 5239 1
5239 3411 1
3411 3370 1
3300 6011 1
6011 444 1
3031 1716 1
1716 2616 1
2616 1874 3
1874 543 1
543 3265 1
3265 1299 1
3265 4186 1
4186 2337 1
2337 5201 1
5201 3266 1
3266 2591 1
2591 705 1
4999 2616 1
2616 458 4
458 2858 2
2858 4672 2
4672 1810 4
1810 4870 2
4870 3267 1
1 4138 1
4138 1641 1
1641 317 4
317 3687 6
3687 1810 6
4137 1579 1
1579 5799 1
5799 4253 1
657 1132 2
1132 3031 1
3031 2521 1
2521 5923 1
3265 213 1
213 1796 2
5997 228 1
228 1952 1
1173 400 1
2337 3265 2
3266 1130 2
1130 57 1
1976 5997 1
5997 4660 1
4660 2521 1
2521 6328 1
4063 5875 1
2863 256 1
256 4971 1
4971 3061 1
3061 2342 1
3266 3265 3
3265 1871 1
1258 606 1
606 400 1
2337 5799 2
1130 705 1
705 4125 1
4125 6137 1
6137 3031 1
5641 3065 1
3065 3266 1
1130 5594 1
5594 1952 1
4166 5799 1
5799 4175 1
4175 5016 1
1469 87 1
1399 2337 1
2863 4055 1
4055 3266 1
3266 3356 1
4166 1961 1
1961 6161 1
6161 359 1
359 96 1
96 6161 1
6161 2930 1
2930 2133 1
3892 3065 1
6121 5799 2
5799 3061 1
3061 2337 1
2337 2616 2
2616 1096 2
3265 2337 1
1430 1947 1
1947 4678 1
4678 4278 2
4278 3031 1
1796 3207 1
3207 1399 1
2616 4870 2
4870 2858 1
4672 6023 1
5112 1531 1
1531 2616 1
2616 3660 1
3660 6500 1
5103 4672 1
4672 4240 1
4240 2616 2
5201 2337 2
2337 1822 3
1822 2151 1
2151 3306 1
3306 3266 1
3266 3118 1
3118 1163 1
1163 1810 1
1810 4672 2
4672 3356 1
6417 3266 1
3266 5881 1
2863 5971 2
5971 1641 1
3687 1 1
6503 2030 5
2030 1173 1
6628 1134 1
1134 2863 1
2863 1795 1
1795 1197 1
3265 5492 1
5492 1810 1
5805 57 1
5997 5805 1
5805 161 1
161 3056 1
6505 3715 1
3715 5598 1
5598 3732 1
3732 3305 1
3305 2337 1
2337 3056 1
6385 1130 2
5448 5923 1
5923 4672 1
4672 2187 1
490 317 1
1113 2629 1
2629 399 4
399 3909 1
3909 5879 1
5879 1727 1
1810 5526 1
5526 1739 1
1739 1 1
6505 1173 2
2591 408 1
408 5185 1
5185 1198 1
1198 3031 1
3690 3056 1
3265 3432 1
3432 5743 1
5743 1861 1
1861 4863 1
4863 5796 1
5796 1788 1
2616 5401 3
5401 3265 1
3265 3664 1
3664 1822 2
1822 3260 1
3260 2374 4
2374 1871 1
1871 5635 1
5635 902 1
902 3031 1
2863 4664 1
4664 2342 1
312 1399 3
3265 1071 1
1071 3664 1
3664 3056 1
6505 1074 1
1074 83 1
83 555 1
555 6003 1
6003 82 2
82 939 1
939 5997 1
5997 966 1
966 1579 1
1579 657 1
657 2452 1
2452 5208 1
5208 3664 1
1822 1972 1
1972 5635 1
5635 1432 1
1432 1 1
3060 2545 1
651 2897 1
2897 1083 1
1083 2502 1
2502 4203 1
3267 2884 1
2884 236 1
236 5926 1
5926 5185 1
5185 3664 1
3664 1961 1
1961 3065 1
3065 5649 2
5649 1 1
1 6475 1
6475 1822 1
1130 6475 1
6475 2543 1
2543 4400 1
4400 3267 1
3267 1822 1
1822 5020 1
5020 4817 1
4817 5360 1
5360 3031 1
6627 236 1
236 3896 1
3896 1197 1
1197 1440 1
1440 2820 1
2820 913 2
913 3690 1
3690 2229 1
2229 6627 1
2591 5201 1
3265 4055 3
4055 3805 1
3805 3065 1
5208 355 1
355 3265 1
2591 2754 1
2754 474 1
474 2629 1
2629 1445 1
1445 5817 5
5817 1810 3
1810 733 3
733 5817 1
5817 1469 1
1469 3236 1
3236 1431 1
1431 2448 1
2448 5799 1
5799 657 2
657 4175 1
4175 6024 1
2984 1445 1
5817 3265 1
3265 4464 1
4464 1385 1
317 931 1
931 6446 1
6446 6627 1
6627 3023 2
1798 2616 1
1302 5817 1
5817 3031 1
1426 4864 1
4864 6503 2
5810 2847 1
2847 6627 1
5467 113 1
113 907 1
907 2361 1
2754 1810 1
733 359 1
359 317 1
317 235 1
235 5386 1
5386 6137 1
6137 3690 1
3690 5805 1
5805 2014 1
2014 6503 1
2863 4864 1
4864 3006 1
5370 1739 1
1426 4113 1
4113 5817 1
5817 1004 1
1004 1202 1
939 359 1
359 5817 1
5817 2863 1
2863 4456 1
4456 1579 1
1579 1077 1
6386 548 1
548 3031 1
2616 6242 2
6242 1759 1
1759 5035 1
5035 5258 1
5258 1952 1
3736 1269 1
1269 4538 1
4538 2523 1
2523 399 1
2187 5755 1
5755 129 1
129 6640 1
5760 4672 1
1810 127 1
127 5064 1
5064 1810 1
2511 2187 1
2187 5881 1
5881 3898 1
3898 3732 1
1288 6640 1
6640 2702 1
2702 6627 1
6627 458 1
458 426 1
426 3031 1
6627 4665 1
4665 6067 1
6067 5799 1
2616 585 1
585 1197 1
1197 6137 2
6137 5875 1
6627 586 1
586 2984 1
2984 1028 1
1028 1810 1
2616 5970 1
5970 1197 1
6137 2616 1
4283 2211 1
2211 708 1
6503 4055 1
4055 6505 2
6505 3318 2
3318 3265 3
1822 6005 1
6005 5799 1
5799 3158 1
3158 6640 2
6640 5923 4
3265 5018 3
5018 255 1
255 4005 1
2707 2943 1
2943 1197 1
2616 6640 1
1810 5185 2
4283 6640 3
1608 606 1
606 3031 1
3031 1970 1
1970 1426 1
6106 2085 1
5923 2851 2
2851 5693 1
5693 248 1
248 6640 1
6149 6024 3
2889 37 1
37 1810 1
1810 5777 1
5777 3265 1
3265 4322 1
5208 3265 2
3265 1692 1
1469 37 1
37 4203 1
4662 586 1
586 1 1
4283 255 1
255 5893 1
5893 5875 1
1126 3060 1
3060 2770 1
6640 5624 1
5624 6029 1
6029 3265 1
6503 37 1
37 6640 1
6640 1126 1
1126 312 1
312 3061 1
3061 5799 1
5777 5103 1
5997 3524 1
3524 2863 1
4063 4859 1
4859 359 1
1197 3320 1
1173 37 1
3061 2863 1
3061 317 1
317 5902 1
5902 1810 1
1134 2133 1
2133 1399 1
304 2772 1
2772 4055 1
4055 5594 1
317 37 1
37 3037 1
3037 5874 1
5874 5923 1
6505 1670 1
1670 6004 1
6004 5879 1
5879 1327 1
1327 1134 1
1134 5879 1
5879 2553 1
2553 6640 1
312 2899 1
5805 3123 1
3123 1134 1
1810 3650 2
3650 4063 1
2553 1810 1
2930 2629 1
6287 1961 1
6126 956 2
312 1238 1
1238 3942 1
1113 3295 1
3295 1709 1
1709 5923 1
5923 5642 2
5642 2511 1
5103 950 1
950 317 1
317 4506 2
4506 540 1
540 5128 1
5128 1 1
6640 3972 1
3972 2017 1
2017 1104 1
1104 2085 1
2629 1323 1
1323 3741 1
3741 3056 1
708 2727 1
2727 5283 1
1404 3061 1
3061 3309 1
3309 3031 1
5971 1302 1
1302 1976 1
1976 3309 1
3309 6105 1
6105 6640 2
1961 1976 1
1976 1 1
1130 3830 2
3830 972 1
972 5074 1
5074 2984 1
2984 5555 1
5555 3031 1
359 5810 1
5810 1401 2
1401 5639 1
5639 4008 1
4008 2055 1
2055 1810 6
1404 1327 1
1327 1887 1
1887 2187 1
2553 4735 1
3265 4150 2
5799 1056 1
2863 1645 2
1645 907 1
6328 5283 1
3265 5395 1
6505 6137 1
6137 1874 1
1874 4358 2
4358 5208 2
5208 2055 1
2386 5489 1
5489 907 1
907 3732 1
2007 1770 1
5428 6121 1
3265 4094 1
4094 3399 1
3399 2074 1
2074 96 1
6365 6385 1
1399 2386 1
2386 1810 2
1810 2055 1
2055 2863 1
1426 963 1
963 5593 1
1097 2820 1
2820 3665 1
3665 3037 2
3037 6503 1
1810 3665 1
3037 5997 1
5201 3830 1
3830 1077 1
1077 5923 1
5476 6170 1
6170 1469 1
1469 4884 1
4884 1732 1
1732 708 1
4783 1732 1
1732 1871 1
5799 3060 1
3060 3732 1
4278 317 1
4522 6497 1
6497 704 1
704 6137 1
6137 5095 1
5095 1774 1
1774 3037 1
3037 1810 3
1613 2863 1
2863 2625 1
2625 5096 1
5096 1774 1
1 2215 1
2215 5287 1
5287 2187 1
2187 5829 1
5829 1961 1
1961 1432 1
1432 2133 1
2133 5805 1
5805 4779 1
4779 6016 1
6016 2897 1
1810 2502 2
2502 458 1
458 1197 1
1197 4451 2
4451 6137 1
6137 1579 1
1579 317 1
317 82 1
82 1619 1
1619 1948 1
1948 6024 1
6024 2446 1
2446 882 1
882 3265 1
3265 5093 1
5093 1077 2
1077 5093 2
5093 3942 1
2863 4647 1
4647 5208 1
5208 869 2
869 1 1
5997 3978 1
3978 5316 1
5316 651 1
6627 1628 1
1628 2863 1
1796 2502 1
2502 4014 1
4014 1961 1
5799 5954 1
5954 5228 6
5228 961 6
3532 3265 1
3265 903 2
5997 1342 1
1342 2058 1
2058 618 1
6627 4056 1
4056 1077 1
359 1173 1
317 2058 1
2058 6627 1
5923 3018 1
3031 6103 1
6103 5997 1
6456 657 1
657 340 1
317 2478 1
2478 3876 1
3876 1810 1
2863 1892 1
1892 924 1
924 3056 1
1077 6385 1
1343 5467 1
5467 708 1
4783 2257 1
2257 769 1
1173 2361 1
769 3031 2
3031 2679 1
2679 1426 1
1426 4466 1
517 6503 1
2863 2568 1
2591 2146 1
2146 5208 1
869 317 1
2863 4594 1
4594 5669 1
5669 651 2
651 2133 1
2133 5954 1
961 6627 1
6627 2545 1
2545 5316 1
312 5095 1
5095 464 1
2591 5844 2
5844 1128 1
409 4278 1
4278 4203 1
5211 1508 1
1508 1380 1
5110 2591 1
4020 1822 1
1822 3307 1
3307 6052 1
6052 3065 1
3065 2356 1
2356 1173 1
1173 4358 1
4358 5805 1
5805 5945 1
5945 3142 1
3142 6640 1
6640 5770 1
5770 5123 1
5123 189 1
189 4553 1
4553 3830 1
3830 317 1
317 1100 1
1100 1139 1
1139 3031 1
2616 4780 1
4780 5954 1
961 5879 1
5879 4358 1
1426 5943 1
5943 2616 1
2858 1173 1
4748 1959 1
1959 5799 2
2863 1351 1
1351 618 1
4063 5283 1
460 3023 1
1011 4512 1
2616 2146 1
2146 1774 1
1774 6388 1
6388 5999 1
961 6640 2
2863 1411 1
1411 1 1
3942 3941 2
4150 2863 1
6096 2342 1
2342 5642 1
5642 903 1
903 1097 1
1097 3037 1
3037 458 1
458 5951 1
5951 4153 1
4153 5923 1
5923 3207 1
3207 4055 1
6505 5201 1
3265 3684 1
3684 5923 1
312 4678 1
4278 1399 1
5639 1672 1
1672 3684 1
3684 2187 1
2187 325 1
325 1469 1
1469 4506 2
4506 3031 1
5805 5920 1
5920 6503 1
4632 3518 1
3518 4585 1
4585 2984 1
2984 5283 2
3016 3026 1
2863 867 1
867 3000 1
5624 5997 1
6456 3458 1
3458 3824 1
3824 1810 1
1810 3919 1
3919 3065 1
3065 3037 1
3037 2863 1
1491 5893 1
5951 6593 1
6593 2863 1
708 3468 1
3468 5560 2
5560 3525 1
3525 4903 1
4903 2616 1
1045 856 1
856 3359 1
3359 1822 1
1822 4506 1
4506 3514 1
3514 950 1
312 2616 1
2616 5162 1
5162 1810 1
4779 5923 1
5923 3978 1
2616 2845 1
2845 1961 1
4795 4678 1
4678 2226 1
1961 3205 1
3205 5550 1
5550 1202 1
1774 1367 1
1367 3018 1
1613 5095 1
5095 2616 1
2616 5095 1
5095 2083 1
2083 2858 1
2858 2281 1
3037 6256 1
5450 2832 1
2832 5208 1
5208 557 1
557 2629 1
409 3548 1
1 1952 2
1952 4018 1
4018 5893 1
5201 6503 1
6503 1396 1
1396 1614 1
1614 6654 1
6654 3056 1
3056 5923 1
1469 5954 1
2863 5588 2
4779 5993 1
5993 4779 1
4779 2629 2
708 5954 1
5954 594 1
594 3265 1
2863 3380 1
3380 935 1
935 444 1
3650 2083 1
2083 6640 1
3265 4857 1
4857 4201 1
5283 386 1
907 6625 1
6625 2616 1
5201 618 1
618 1399 1
312 2820 1
2820 6137 1
6137 1810 2
2545 961 1
961 624 1
624 2616 1
1389 5095 1
5095 304 1
3732 2972 1
2527 5799 1
5799 304 2
304 4692 1
4692 2910 1
2910 2897 1
2502 1810 1
1810 557 1
557 6024 1
1820 304 1
4278 1961 1
1961 3979 1
3979 3031 1
2591 2510 1
2510 2616 1
1258 5918 1
5918 1399 1
3207 3050 1
3050 4100 1
4100 5993 1
5993 2616 1
2616 4424 5
4424 3408 1
3408 1097 1
2897 6505 2
6505 557 1
557 1559 1
1559 6024 1
5074 6503 2
1130 5923 1
5923 3525 1
4662 5875 1
5283 4004 1
4004 6627 2
6627 156 1
156 109 1
109 2962 1
2962 3031 1
2984 729 1
729 2616 1
1258 3318 1
4203 5641 1
4780 2055 1
2863 2055 1
2055 1 1
1 3037 1
3037 247 1
247 5923 1
5923 2721 1
5997 3216 1
3216 2055 1
3060 5095 1
5095 1 1
1 3054 1
3054 6627 1
1871 107 1
107 1197 1
6640 2757 1
2757 1399 1
3060 6149 1
2889 1871 1
1871 37 1
37 1871 1
1871 2078 1
6627 2943 1
2943 2055 1
2055 6640 1
1810 255 1
255 3266 1
1134 1 1
6503 3892 1
3892 5826 1
5826 1792 1
1792 6137 2
6137 6627 1
2030 1077 1
1077 3381 1
3265 3142 1
3142 3289 1
3289 2616 1
5805 3228 1
3228 6640 1
1287 304 1
304 2789 1
2789 4278 1
4278 3805 1
3805 6640 2
6640 3909 1
3909 3037 1
3037 540 1
2322 3265 1
5461 3037 1
3037 6640 2
6640 3805 1
5185 3031 1
3265 2985 1
2985 3507 1
3507 3265 1
3265 3805 1
6640 3037 1
3037 907 1
6328 6640 2
5641 715 1
715 317 1
1134 4201 1
352 5517 1
5517 3736 1
317 5127 4
1822 1051 1
1051 4863 1
4863 5373 1
5373 3309 1
3309 856 1
856 2220 1
2220 2055 1
2571 653 1
653 3265 1
2851 4780 1
4780 2863 1
5370 618 1
618 359 2
359 1976 2
1976 6513 1
6513 6640 1
5881 5760 1
5760 2386 1
4467 1331 1
1331 4780 1
4780 5893 1
5893 2120 1
2120 1061 1
1061 2339 1
2339 2237 1
2237 6470 1
312 1096 1
5208 3407 1
3407 1716 1
1716 1213 1
1213 4000 1
4000 4779 1
312 5201 1
5201 2858 1
2858 3037 1
6640 429 1
429 317 1
2124 3732 1
3732 2337 3
2337 1343 1
5923 1820 1
3227 4150 1
4150 6640 1
3236 1 2
90 2012 1
2012 3732 1
5805 557 1
557 6503 1
2629 398 1
398 2863 1
2863 3848 1
3848 6061 1
3673 4566 1
4566 6503 2
5624 2863 3
2591 6503 1
6640 4153 1
4153 907 1
907 246 1
312 107 1
107 5283 1
5472 456 1
456 3732 1
3732 5719 1
5719 1810 1
6627 1045 1
1045 3265 1
409 416 1
416 312 1
312 2826 1
2826 1810 1
1810 2596 1
2596 2629 1
5642 3260 1
2374 1810 7
1810 2472 1
2472 3881 3
3881 6505 1
2675 3664 1
3664 1197 1
1173 2232 2
3265 4228 1
4228 3985 1
3985 5116 1
3468 267 1
267 555 1
555 2891 1
2891 6352 1
6352 1810 1
1810 606 1
606 6112 1
5385 5642 1
5642 5951 1
5951 3260 1
3260 5817 1
5817 5923 1
6627 2902 1
2902 3031 1
312 730 1
730 5817 1
5817 3267 1
3267 3018 2
6061 5799 1
317 2200 1
2200 2187 1
2187 4981 1
4981 3801 1
3801 3236 1
3236 2616 1
2591 3847 1
3847 3267 1
5444 653 1
653 3267 1
3265 6215 1
6215 3267 1
3267 711 1
711 5923 1
5923 6250 1
6250 5844 1
2616 2679 1
2679 3892 1
3892 5283 1
1961 1299 1
1299 1173 1
6628 423 1
423 6470 2
6470 3830 1
3830 2187 1
2616 4647 1
4647 4307 1
4307 6640 1
5893 441 1
1810 4544 2
4544 4012 1
4012 4138 1
4138 1159 1
416 1727 1
5208 5169 1
5169 2616 1
2616 3300 2
3300 5600 1
1045 1810 4
1810 3831 1
3236 5128 1
5128 3495 1
3495 1277 1
1277 1043 1
6395 1173 1
272 5169 1
5169 317 1
4467 404 1
404 4780 1
6438 5103 1
4000 1134 1
1134 312 1
2616 4641 1
4641 3801 1
732 1862 1
1862 3266 1
3266 2802 1
2802 2629 1
3977 5169 1
5169 1556 1
1556 3266 1
3353 3783 1
3783 2629 1
2629 6396 1
6396 1173 1
1173 1709 2
1709 3359 1
3359 4810 1
3126 3265 1
3265 2702 1
2702 2616 1
2616 971 1
971 2521 1
2521 1358 1
1358 1810 1
4652 5218 1
651 4839 1
4839 1808 1
1808 6505 1
6505 4923 1
4923 3265 1
3265 6423 1
3265 544 1
544 6031 1
6031 5923 1
5923 3158 1
2879 6503 1
1426 5519 1
5519 3265 1
2858 3705 1
3705 4360 1
2591 1852 1
1852 3265 1
3591 5943 1
5943 640 1
640 2521 1
2521 1173 1
312 3958 1
3958 5799 1
5799 1871 1
1871 1880 1
1880 1 1
5183 1173 1
3265 5480 1
5480 1425 1
2851 228 1
3065 5639 1
5639 651 1
651 1173 1
1173 4952 1
5110 1810 3
1810 6023 1
5112 1389 1
1389 2651 1
2651 3265 1
1810 5590 1
5590 6385 1
6385 2342 1
3265 5783 1
5783 2342 1
3265 2159 2
2159 2306 1
2306 1213 1
6456 5923 1
5923 598 1
598 5844 1
1961 3608 1
3608 5997 1
5997 423 1
423 6023 1
6023 1810 1
1380 5117 2
5117 4461 1
4461 3267 1
3267 5997 1
1130 2863 1
1130 6627 1
5799 2926 1
2926 1810 1
1810 154 1
154 1000 1
1000 1589 1
2863 3133 2
3133 2629 2
3015 517 1
4585 4818 1
4818 5185 1
3705 3265 1
5519 1173 1
2337 312 1
312 1641 1
1810 4486 1
4486 3265 1
3265 6470 1
6470 2889 1
3046 3265 1
3265 3701 1
3701 5103 1
1426 4374 1
4374 1404 1
1404 2092 1
2092 225 1
225 2240 1
2240 423 1
1 2478 1
2478 3227 1
3227 317 1
2022 6024 1
6024 1380 2
1258 4164 1
4164 856 1
856 3267 1
3267 2910 1
2910 2923 1
2923 1426 1
1426 423 1
423 312 1
1952 5861 1
5861 6019 1
6019 3611 1
3611 5923 1
5923 1255 1
1255 3160 1
3160 3265 2
1197 1976 1
1976 6216 1
6216 5383 1
5383 1956 1
1956 423 1
408 1198 1
1198 2228 1
2228 2629 1
2629 5064 1
5064 90 1
1173 3014 1
2591 4098 1
4098 1197 1
6627 3060 1
3031 5018 1
5018 2720 1
2720 6503 1
3265 4662 2
4662 939 1
939 1 1
2616 2597 1
2597 6308 1
6308 1796 1
5480 1810 1
3080 1917 1
1917 708 1
2858 4426 1
4426 317 1
317 5929 1
5929 1173 1
1173 1096 1
1096 2616 1
2616 3976 1
2616 4553 1
4553 651 1
651 3525 1
3525 404 1
404 1709 1
1709 804 1
804 6470 2
6470 4647 1
4647 6653 1
6653 1810 1
1976 1410 1
1410 460 1
460 1404 1
5799 4100 1
4100 5923 1
317 3433 2
3433 4928 1
4928 1355 1
1355 3265 1
3265 2844 2
2844 6503 3
1810 225 1
225 1890 1
1890 1470 1
1470 3265 1
3265 5612 1
5612 2863 1
471 6503 1
304 1011 1
1011 4584 1
4584 3266 1
2858 1455 1
4312 304 1
2858 4999 1
4999 3318 1
2644 554 1
554 304 1
317 493 1
304 5181 1
5799 2553 1
304 4985 1
4985 1134 1
1134 961 1
961 2629 1
2629 595 1
595 618 1
304 404 1
404 5925 1
5925 4656 1
4656 304 1
304 708 1
708 6300 1
6300 6627 1
6627 3811 1
3811 2629 1
2616 4923 1
4923 2472 1
3881 2629 1
2629 2478 1
2478 2274 1
2274 1810 1
2022 508 1
5103 3260 1
2374 4201 1
4201 2616 4
2085 5265 1
5265 2889 1
3046 1173 1
1173 3701 1
3701 3376 1
3376 1469 1
1469 6463 1
6463 5923 1
5923 308 1
308 701 1
701 2274 1
2274 3881 1
3881 317 1
317 6358 2
6358 4310 1
2616 4140 1
4140 1469 2
1469 2889 2
4150 6460 1
6460 6627 2
6627 2144 1
2144 618 1
312 4197 1
4197 2879 1
2879 3283 1
3283 1173 1
5641 1427 1
1427 6358 1
5208 1807 1
1807 3031 1
4662 4078 1
4078 1993 1
1993 359 1
359 2478 1
2478 1993 1
1993 5799 1
6441 4076 1
4076 317 1
6358 3031 1
6126 3023 1
2863 3429 1
3429 4714 1
4714 1 1
1 5563 1
5563 5998 1
5998 5185 1
5185 2286 1
2286 474 1
474 317 1
6489 2501 1
2501 317 2
651 1961 2
317 2138 1
2138 6024 1
1173 352 1
352 5420 1
5420 1862 1
1862 2226 2
2226 781 1
781 3558 1
3558 5450 1
5450 672 1
1404 5450 1
5450 3972 1
3972 3267 4
2863 2633 1
2633 317 1
317 6521 3
6521 3209 1
3209 6593 1
6593 6619 1
6619 1292 1
1292 2616 1
2616 3920 1
3920 1639 1
4506 2889 1
2889 5265 1
5265 5893 1
5893 670 1
670 2103 1
2103 1077 1
1961 273 1
1961 2851 2
2851 5673 1
5673 5369 1
5369 6178 1
6178 5923 1
5923 4919 1
4919 1104 1
1104 2811 1
2811 733 1
733 317 1
1113 2274 1
2274 2626 1
2626 1822 1
1822 1177 1
1177 4116 1
4116 5450 1
5450 2051 1
2051 2629 1
2629 1217 1
1217 1 1
1 672 1
3267 833 1
833 1810 1
5923 1730 1
1730 1469 1
3265 1618 1
1618 1810 1
1327 1104 1
1104 1709 1
2616 2712 1
2712 2629 1
2889 1464 1
1464 3265 1
3265 2305 1
2305 6073 1
6073 4959 1
4959 2991 1
3300 6507 1
6507 4032 1
4032 3265 1
3848 4728 1
4728 3223 1
3223 2451 1
5262 722 1
722 3300 1
3300 5283 1
6640 5741 1
3031 1394 1
1394 6640 1
6640 461 1
461 2516 1
2516 5450 2
5450 1871 1
1871 6532 1
6532 4283 1
4283 2863 3
1796 461 1
461 3267 1
3267 618 1
5218 2434 1
2434 5923 1
5923 2451 1
5262 6640 1
3267 6511 1
6511 6640 1
3267 5785 1
5785 3267 1
708 3646 1
3646 6470 1
6470 6640 1
6640 1109 1
1109 6383 1
6383 3207 1
6532 5893 1
3207 4872 1
4872 236 1
2679 3031 1
59 3267 1
5476 3347 1
3959 2291 1
4406 4240 1
4240 3267 1
3267 5786 1
5786 1487 1
1487 1961 1
651 1509 1
1509 85 1
3267 969 1
969 618 1
618 4240 2
5997 1911 1
1911 3267 1
3267 1582 1
1582 3687 4
5103 2132 2
2132 1004 1
1004 2451 2
5262 1961 1
6640 1911 1
1911 1582 1
3687 6640 1
6175 6640 1
5396 3065 1
3065 5805 1
5805 3687 1
3687 3056 1
6385 469 1
4424 1911 1
1911 3265 1
5117 57 1
57 971 1
971 4276 1
4276 1910 1
1910 6640 1
317 3039 1
3039 3956 1
3956 6385 1
312 1213 1
1810 3943 1
2616 85 1
2889 3213 1
3213 2679 1
3361 5893 1
5786 5997 1
5997 3754 1
3754 5570 2
3006 4006 1
317 2532 1
2532 2863 1
2863 3945 2
3945 1083 1
1083 460 2
5997 1613 1
1077 5420 2
2863 1519 2
1519 2085 1
312 792 1
792 2286 1
2286 1822 1
1822 2532 1
2532 6503 1
6503 1213 2
1213 5389 1
1 4753 1
409 2863 2
2863 4515 1
4515 1952 1
1952 1582 1
3687 1077 2
1077 5541 1
5541 6640 1
6640 1004 1
5262 542 1
542 2342 1
1976 2516 2
2516 2863 1
2863 4516 1
4516 1952 2
1810 2141 1
2141 3548 1
3548 1134 1
2290 2616 1
1822 6521 1
6521 1810 1
1952 2610 1
2610 2282 1
1538 1113 1
1113 903 1
903 5143 1
5143 312 1
5639 5125 1
5125 5980 1
5980 3324 1
3324 297 1
297 2886 1
2886 3260 1
3260 4179 1
4179 1810 1
3850 6357 1
6357 4120 1
4120 1810 1
3511 5639 1
1445 5794 1
5794 6505 1
6505 1911 1
1911 3687 1
3687 2098 1
2098 1961 1
1961 1715 1
1715 317 1
2937 1367 1
1367 1487 1
3793 1810 1
2759 5794 1
5794 2604 1
2604 4201 1
4137 1510 1
1510 3732 1
1288 2616 1
2616 3851 1
3851 1097 1
1097 902 1
6628 902 1
902 6137 1
6137 3525 1
3525 6111 1
6111 2591 1
2591 2847 1
2847 5185 1
1810 3877 1
3877 1941 1
1941 5185 1
5185 5680 1
5680 2629 1
5649 5840 2
5840 618 1
5745 3207 1
1822 902 1
902 317 1
2022 6022 2
6022 3611 2
3611 490 1
490 5993 1
1327 1604 1
1604 1469 1
1469 2328 1
2328 1378 1
1378 6584 1
6584 2322 1
2629 2137 1
2137 4203 1
2616 5397 1
5397 3370 1
3370 4999 1
4999 6503 1
6503 3556 1
3556 1810 1
2440 5211 1
6288 5453 1
5453 2650 1
2650 85 1
2085 1380 1
1380 4423 1
5662 5923 1
5923 6148 1
6148 4006 2
3265 3260 1
2374 317 1
2022 2270 1
2270 6023 1
5112 1404 1
6642 1810 1
4424 3854 1
3854 3266 1
3266 2935 1
2935 2720 1
3266 4423 1
4423 2210 1
2210 5237 1
5237 4967 1
4967 3207 1
3266 4467 1
4467 4846 1
4846 2189 1
2189 1 1
1327 96 1
96 4808 1
4808 6613 1
6613 4997 1
4997 3732 1
3732 966 3
966 6121 2
6640 1896 1
1896 3732 1
409 6078 2
6078 598 1
3266 4662 1
6517 1077 1
5893 2257 1
2257 6627 2
2591 1118 1
1118 5826 1
5826 5064 1
5064 6024 1
6201 5239 1
5239 1083 1
1083 708 1
708 521 1
521 3596 1
3596 3370 1
5692 1 1
1404 1468 1
1468 2174 1
2174 6358 1
6358 1698 1
1698 317 1
1288 694 1
694 5103 2
5103 2041 1
2041 833 1
1822 5061 1
5061 3624 1
3624 6470 1
6470 5662 1
1810 4077 1
4077 3207 1
1822 4997 1
4997 317 1
3265 5326 1
5326 5369 1
5369 6467 1
6467 2629 1
2629 6117 1
6117 1810 1
3847 5694 2
5102 3006 1
3006 1096 1
1096 3006 1
3006 458 1
458 2207 1
2207 1882 1
1882 5420 1
5420 5923 1
5923 409 1
409 4134 1
4134 3370 1
2836 5370 1
5370 5103 1
1871 3239 1
3239 5923 1
5923 2616 1
317 6125 1
6125 4003 1
3031 1709 1
3300 4423 1
4122 6628 1
6628 2949 1
2949 2659 1
2616 5805 1
5805 5692 1
5692 6102 1
598 1380 1
5110 4662 1
4662 2959 1
2959 6640 1
3432 4045 1
4045 6503 1
6503 5448 1
5448 3266 2
3266 2085 1
5997 5448 1
3266 4203 1
3266 720 1
720 1404 2
1404 490 2
5844 4632 1
4632 1810 1
4424 2677 1
2677 509 1
509 5064 1
5064 2210 1
2210 6345 1
6345 3972 1
6640 5458 1
5458 1810 1
1810 5773 1
5773 3035 1
3035 6627 1
312 5949 1
5949 5064 1
5064 1469 1
961 4662 1
2863 2748 1
2748 2629 1
3267 6294 1
6294 1131 1
1131 2863 1
961 2591 1
304 1959 1
1959 6388 1
6388 2936 1
2936 134 1
134 5185 1
5185 129 1
129 1796 1
1796 5112 2
5112 1796 1
5624 134 1
134 5893 1
5893 4283 1
5993 5476 1
2863 486 2
486 5997 1
1796 359 1
3023 5103 1
1874 3152 1
3152 3972 1
1404 3006 1
4194 5063 1
5063 5103 1
5103 5834 1
5834 3056 1
3056 4885 1
4885 2863 1
4194 4203 1
2591 1 1
59 2591 1
2591 5875 1
6121 2963 1
2963 6189 1
6189 304 1
1 1796 1
1796 2342 1
2342 359 1
3207 5063 1
5063 4632 1
4632 1404 1
1810 2374 2
2374 2995 1
2995 312 1
312 1159 2
1159 2374 1
2374 1 2
1124 3056 1
3056 4004 1
4004 5835 1
5835 5642 1
5642 5063 1
5063 1 1
6121 2374 1
2374 3265 2
2678 3014 1
2591 458 1
6627 2977 1
2977 6503 2
1426 1404 1
1404 4632 3
4632 5112 1
5112 6561 1
6561 5168 2
5168 4632 1
4632 618 1
6503 2246 2
2246 2591 1
2591 5642 1
5642 5168 1
5168 390 1
1810 5642 3
5642 6108 1
6108 1961 1
2863 6270 1
6270 409 1
1265 618 2
708 5453 1
5453 1715 1
1715 2247 2
2247 3043 4
3043 1810 3
2863 1723 1
1723 1345 1
1345 3267 1
1487 1952 2
5817 5110 1
5110 5997 1
1613 3031 1
1426 2374 1
2374 2678 1
2678 5997 1
5641 6057 1
279 2246 1
2246 5642 1
5642 2374 1
2374 5826 1
4276 5112 1
5112 6640 2
6640 486 1
486 2043 1
2043 1508 1
1426 1715 2
3043 3065 1
3065 2629 1
304 5918 1
5918 2553 1
2553 3434 1
3434 1202 1
1202 280 1
280 961 1
961 2457 1
2457 36 1
36 6319 1
6319 3035 1
3035 6605 1
6605 3732 1
4999 4559 1
4559 855 1
855 5074 1
5074 1822 1
1822 5132 1
5132 317 1
2527 2890 1
2890 4273 1
4273 2629 1
2629 888 1
888 1810 1
1810 1247 1
1247 2535 1
2535 1 1
2616 4672 1
4672 4632 2
4632 4672 1
4632 1004 1
4040 5211 1
5211 1426 2
1715 1367 1
1367 1393 1
1393 5211 1
956 1380 2
5110 5103 2
5103 5494 1
5494 57 1
57 2573 1
2573 5997 1
5997 3909 1
3909 6121 1
6121 2863 2
2863 572 1
572 2342 1
2246 6270 1
6270 4672 1
4672 2257 1
3266 1118 1
1118 2344 1
2344 1004 1
1004 3266 1
3266 1796 1
1796 2535 1
2535 4283 1
4283 6170 1
4449 720 1
399 1 4
5844 5369 1
5369 5194 1
5194 3056 1
1959 2132 1
2132 5160 1
5160 2810 1
2810 6640 1
471 5805 4
5805 1188 1
1188 3972 1
3972 1459 1
5160 5063 1
5063 4672 2
4672 2374 2
2374 6561 1
5168 2535 1
2535 1247 1
1247 2565 1
2565 2606 1
2606 6024 1
2616 2995 1
2995 2472 1
3881 6042 1
6042 570 1
570 2970 1
2970 2863 1
6640 4735 1
5997 2031 1
2031 6023 1
5112 2863 1
4045 5208 1
947 6640 1
6640 764 1
764 6112 1
5386 6505 1
6505 833 1
833 1848 1
5662 6031 1
5810 3972 3
2863 5655 1
5655 1266 1
1266 294 1
294 1255 1
1255 6023 1
6023 302 1
1810 2224 3
2224 708 1
708 1270 1
1270 4495 1
4495 2720 1
2720 1380 1
5103 4979 1
4979 460 1
460 856 1
856 2374 1
2374 6024 1
2022 6023 1
6023 5799 1
1609 4842 1
1810 4983 1
2030 6640 1
4792 3532 1
3532 304 1
317 1821 1
1821 1871 1
574 904 1
904 1090 1
2863 1255 1
1255 4586 1
4586 2556 1
2556 5425 1
1796 598 1
598 6023 1
5112 5997 1
1150 3266 3
2022 390 1
390 1810 1
708 4698 2
4698 423 2
423 5810 1
5810 1405 1
1405 1961 1
3266 5989 1
4077 5283 1
2520 4283 1
5112 4566 1
4566 3265 2
3265 1835 1
1835 1399 1
59 1796 1
304 3605 1
6497 3207 1
390 509 1
509 2077 1
2077 2999 1
2999 5745 1
5745 317 2
2022 2374 1
2374 5799 1
5799 3270 1
3270 1258 1
312 4203 1
6503 2077 1
2077 6024 1
2022 2984 1
618 3788 1
4150 1399 1
1399 2077 1
2077 2322 1
5810 903 2
3266 6497 1
6497 1798 1
2863 2065 1
5383 1243 1
1243 6503 1
4006 2077 1
2077 2629 1
5662 1 1
1 509 1
509 3266 1
3266 5745 1
5745 2374 1
2374 57 1
57 3391 1
3391 5997 1
5997 4788 1
213 5718 1
5718 722 1
708 570 1
570 3486 2
5411 3896 1
6640 206 2
206 3972 1
6640 3126 2
3126 6628 1
6628 4426 1
4426 1959 1
1959 312 1
6640 2628 1
2628 1810 1
5875 668 1
668 304 1
6031 4692 1
4692 6470 1
6470 4523 1
4523 2616 1
2616 464 2
1961 5626 1
5626 458 1
5185 6584 1
651 1848 1
1848 2328 1
2328 797 1
797 902 1
902 5626 1
3265 4006 1
2629 1995 1
1995 2863 1
769 5836 1
5836 4150 1
3265 682 1
682 4537 1
4537 2374 1
2984 2616 2
5641 3655 1
3655 6470 1
6470 3265 1
3265 423 1
423 3265 1
3265 6456 1
6456 2940 1
2940 317 1
3265 3226 1
234 6240 1
6240 5103 1
5103 2374 4
2374 5117 1
2863 3856 1
3856 1469 1
2616 6241 1
6241 3265 1
3265 1534 1
1534 708 1
708 2247 1
3043 2246 1
2246 312 1
3793 2550 1
2550 6417 1
2616 1723 1
1723 3267 1
3267 3043 1
3043 6242 1
6242 6533 1
6533 3732 1
2616 5327 1
5327 1550 1
1550 5169 1
1810 4095 1
4095 618 1
3944 5626 1
5103 4750 1
4750 3545 1
3545 317 1
1327 460 1
460 6024 1
312 4948 1
4948 3524 1
3524 2618 1
3265 210 1
210 1085 1
1085 1469 1
1469 5952 1
5952 1774 1
1774 3265 1
3265 3745 1
3745 1952 1
3207 2247 1
2247 3044 1
3044 1952 1
1327 1952 1
5949 3942 1
3942 2720 1
2720 2863 1
2863 3117 1
3117 3267 1
3267 550 1
550 4201 1
4201 4169 1
4169 2527 1
4774 1546 1
1546 5440 1
5440 2655 1
2655 5103 1
5168 2720 1
2720 5871 1
5871 3754 1
3754 1810 1
1810 1547 1
1547 5641 1
5641 3844 1
3844 3732 1
2337 4971 1
4971 5117 1
5117 5103 1
5208 4283 1
4283 3014 1
2591 4479 1
4479 2085 1
3267 1534 1
1534 6640 1
3266 1244 1
1244 5844 1
5844 6503 1
486 317 1
317 4631 1
4631 3056 1
3023 4741 1
4741 5799 1
5799 3356 1
4050 304 1
304 238 1
238 4537 1
3265 4082 1
4082 2646 1
5881 5323 1
5323 6138 1
3793 5349 1
5349 312 1
312 5633 1
5633 5923 1
5923 6124 1
6124 144 2
144 1961 1
6503 2942 1
2942 1302 1
1302 2374 1
4137 2017 1
2017 540 1
540 2155 1
2155 5103 2
2374 3972 1
2863 4272 1
4272 6023 1
5112 5923 1
5770 2374 2
2374 4358 1
4358 3266 1
1810 3415 1
3415 3267 1
5678 3207 1
3207 1469 1
1469 1327 1
4199 5723 1
5723 3207 2
3267 3213 2
3213 6023 1
5112 359 1
409 1124 2
1124 2374 1
2374 5283 1
5923 5718 1
5718 1816 1
1816 2863 1
2863 2681 1
2681 6640 1
3381 3266 1
3266 6640 5
6384 1796 1
5117 3267 1
3267 3653 1
3653 1810 1
6640 3654 1
3654 1097 1
4795 6021 1
6021 3014 1
2591 5768 1
5768 236 1
236 1124 1
1124 3266 1
3266 4194 1
4194 2720 1
2720 705 1
705 5852 2
5852 3031 1
3031 4885 2
4885 5218 1
1426 4467 1
4467 3300 1
3300 5770 1
2374 6619 1
6619 4632 1
4632 3300 1
1124 6593 1
6593 598 1
3266 4550 1
4550 3267 1
5476 4611 1
4611 3653 1
3653 1404 1
4795 5836 1
6248 3836 1
3836 3300 1
3300 5923 1
5923 2374 1
2374 2187 1
2187 5642 1
5642 3247 1
3247 5770 1
5770 3266 1
3056 3267 1
5476 5844 1
5844 3300 1
3300 1159 1
1159 6021 1
6021 312 1
312 5137 1
5137 5103 1
5103 5883 1
5883 1810 2
1810 4840 1
4840 1833 1
1833 6023 1
1343 6504 1
6504 3267 1
1159 1613 1
1613 5923 1
5923 939 1
3267 5770 1
5770 1796 1
1796 1077 1
5893 2291 1
2291 1404 1
4795 3653 1
3653 6640 1
6640 711 1
711 5723 1
3207 2374 1
3300 6024 1
3266 769 1
769 1124 1
1124 1961 1
5923 4795 1
4795 5993 1
5993 3266 1
3266 5476 1
5476 430 1
430 1544 1
1544 409 1
5834 1202 1
312 4946 1
4946 3031 1
5802 4585 1
4585 5770 1
5770 1810 1
1810 3654 1
3654 3972 1
2863 1657 1
1657 5476 1
5476 5641 1
6121 5770 1
5770 2155 1
2155 509 1
509 2374 1
2374 5951 1
3266 870 1
870 389 1
389 5772 1
5772 1 1
1 5951 1
4795 2873 1
2873 2720 1
5760 2155 1
2374 6544 1
2132 2124 1
2124 2253 1
2253 1810 3
1810 2192 1
2192 1303 1
1303 1766 1
1766 3685 1
3685 3036 1
2616 4946 1
4946 6375 1
6375 367 1
367 6042 1
6042 5103 1
5103 928 2
928 1263 1
1263 1810 1
1399 2254 1
2254 4078 1
4078 3266 1
3266 3801 2
312 2681 1
2681 3266 1
3266 1202 1
1202 3075 1
3075 5923 1
5923 3266 1
3266 830 1
830 5799 1
1810 1216 1
1216 1582 1
1582 2374 1
2374 5923 1
5923 5745 2
5745 3266 1
3266 2524 1
2524 317 1
3611 3972 1
3972 5988 1
5988 808 1
808 2616 1
2616 570 1
1173 5323 1
5323 4020 1
4020 2374 1
2374 508 1
5103 902 1
902 2616 1
1228 6627 1
1134 5923 1
5923 2844 1
3270 5661 1
5661 5805 1
5805 6365 1
6365 4203 1
5844 6375 1
6375 3006 1
1976 176 2
176 317 2
2863 3653 1
3653 2374 1
2374 1097 1
4795 3208 1
3208 1810 1
3752 5117 1
1399 5768 1
5768 3267 1
386 1202 1
708 3640 2
3640 6024 1
966 3051 1
2616 3759 1
3759 4672 1
4672 3135 1
3135 2629 1
1327 6149 1
6024 6021 1
6021 1822 1
1822 128 1
128 6578 1
6578 4201 1
4201 1097 1
5875 2065 1
2065 3266 1
3266 2695 1
2695 5875 1
3300 6199 1
6199 3972 1
3972 3266 1
3266 2720 1
2720 6121 1
6121 705 1
705 5772 1
5772 4194 1
4194 3014 1
2591 5517 1
5517 5316 1
3266 4672 1
5641 1426 1
3266 789 1
789 5208 1
5208 1357 1
1357 1822 1
1822 1469 1
1334 6384 1
6384 6174 1
2863 4467 1
4467 5770 1
5770 3267 1
3267 5779 1
5779 5805 1
3127 4631 1
4631 5063 1
5168 3159 1
3159 1227 1
1227 6097 1
6097 4358 1
4052 5835 1
5835 2246 1
2246 1810 2
1810 4743 1
4743 5772 1
5772 6503 1
2030 3881 1
3881 5875 1
6627 4742 2
4742 4 1
4 1969 1
1969 3118 1
3118 1716 1
6121 5103 1
6627 3687 1
3687 312 1
312 5758 1
5758 87 1
87 2616 1
2616 539 2
2132 2616 1
2616 1610 1
1610 3265 1
1254 5622 1
5622 2090 1
2090 5538 1
5538 3687 1
3525 2906 1
2906 1077 1
3207 1139 1
4424 6215 1
6215 6417 1
5951 5793 1
5793 2604 1
2604 4332 1
6460 6096 1
6096 2858 1
2858 5711 1
5711 2089 1
2089 2501 1
2501 3687 1
3687 3813 1
3813 1077 1
928 2616 1
2616 761 1
761 3370 1
2616 923 1
923 3061 1
3061 312 1
312 2157 1
2157 1 1
708 4549 1
4549 3031 1
2616 1205 1
1205 5883 1
1810 1641 1
1641 2337 1
2337 317 1
3687 3031 1
3031 4952 1
4122 2629 1
4870 409 1
409 4672 1
4672 2629 1
2629 5904 1
5904 4011 1
4011 5336 1
5336 3267 1
508 1810 3
1404 1539 1
1539 1202 1
1202 4944 1
4944 6024 1
2616 4021 1
4021 3433 1
3433 399 1
399 6388 1
6388 6456 1
2629 3699 1
3699 3759 1
3759 1810 1
5875 634 1
634 2616 1
2616 5201 4
460 279 2
279 2616 2
2616 6215 1
6215 2629 1
3266 6417 1
6417 1124 1
1124 2502 1
2502 4221 1
4221 2616 1
5438 3266 3
3031 3227 1
2863 717 1
717 317 1
317 6431 1
6431 5799 1
5401 3266 1
1822 6417 1
6417 4672 1
4672 5875 1
5875 399 1
399 6349 1
304 6388 1
6388 2629 1
2629 5525 1
5525 3687 1
3266 349 1
349 317 1
317 5747 1
5747 317 1
317 2101 1
2101 1810 1
1976 6076 1
6076 2286 1
2286 5370 1
5370 6417 1
6417 3075 1
3075 2553 1
304 5538 1
5538 1077 1
1077 2257 1
2257 2616 1
2616 5669 2
5669 708 1
708 2360 2
2360 2616 2
272 3006 1
3207 3687 1
3687 2616 1
2863 3676 1
3676 317 1
2858 5793 1
5793 246 1
6503 5793 1
5793 4921 1
4921 2629 1
2629 3189 1
3189 3031 1
5110 312 1
6515 2472 1
2472 5314 1
5314 2186 1
2186 3265 1
3525 978 1
978 4203 1
3266 4456 1
4456 2130 1
2130 1822 1
3265 4311 1
4311 2616 1
5642 6628 1
6628 5123 3
5123 5313 1
5313 4199 1
4199 1810 1
2333 3591 1
3591 3687 1
3687 2629 1
2863 769 1
769 4203 1
6175 5201 1
5358 1716 1
1716 4139 1
4139 6096 1
6096 2629 1
2629 5348 1
5348 5563 1
2616 2737 1
2737 5313 1
5313 5860 1
5860 4163 1
4163 2629 1
2629 6081 1
6081 4201 1
4201 2668 1
2668 3266 1
3266 5979 1
5979 399 1
1 5156 1
5156 3300 1
3300 4439 1
4439 2251 1
2251 2629 1
2251 2736 1
2736 997 1
997 1800 1
1800 1 1
5117 5679 1
5679 4073 1
4073 6343 1
2629 4774 1
4774 1151 1
1469 1149 1
1149 5076 1
5076 6111 1
6111 1810 1
2863 1422 1
1422 6470 1
6470 6487 1
6438 769 1
769 6024 1
2616 3687 1
3687 5805 1
5805 5349 1
5349 6503 1
6503 2418 1
2418 5420 1
5420 1716 1
6121 2254 1
2254 4424 1
4424 5777 1
5777 6628 1
6628 400 1
2337 5923 1
5923 1202 1
5185 1139 1
5681 5004 1
5004 317 1
317 1434 1
1434 5265 1
5265 3376 1
3376 2085 1
2616 2065 1
2065 1582 1
3687 317 1
317 1176 1
1176 2532 1
2532 2629 1
1201 2532 1
2532 3801 1
3801 2286 1
2286 2616 1
5594 5951 1
5951 1445 1
5817 708 1
317 5542 1
5542 3356 1
3265 4850 1
4850 3687 1
3687 794 1
3495 2337 1
5185 5503 1
5503 6006 1
6006 4201 1
4201 2847 1
2014 2629 1
1822 1445 1
733 3266 1
3236 5923 1
5923 4207 1
1173 3347 1
3347 2629 2
5649 5185 1
5185 5840 1
5840 1984 1
1984 3674 1
3674 2686 2
2686 708 1
708 1792 1
6137 3160 1
3265 657 1
657 3348 1
3348 2629 1
5840 5805 1
5805 3674 1
2686 6628 1
6628 5923 1
5923 5545 1
5545 4632 1
4632 1644 1
1644 3267 1
4697 2616 1
5898 3716 1
3716 5239 1
5239 1762 1
1762 90 1
90 6137 1
6137 3953 1
3953 5160 1
1326 501 1
501 5185 1
5185 3674 1
3674 1455 1
1455 1762 1
1762 1934 1
1934 5239 1
1810 2548 1
2548 1357 1
1357 6250 1
6250 2643 1
2643 4138 1
4138 5953 2
5953 1717 1
1717 1762 1
1762 101 1
101 1810 1
1810 3953 1
3953 3779 1
3779 4138 1
5953 995 1
995 1578 1
1578 190 1
190 6519 1
6519 3742 1
3742 5780 2
2423 970 1
970 5895 1
5895 1325 1
1325 4358 1
4358 6502 1
6502 6628 1
6628 2686 1
2686 5923 1
5923 5799 1
5799 4990 1
4990 6503 1
6503 6523 1
1645 3265 1
2591 5018 1
5018 2187 1
2187 2686 1
2686 1173 1
1258 2847 1
2847 2629 1
3031 2720 1
2720 4207 1
3265 2854 1
2854 708 1
708 6489 1
6489 3880 1
3880 1173 1
4055 6417 1
961 6505 1
6505 2847 1
2847 5805 1
5805 4632 1
4632 442 1
442 2629 1
258 902 1
902 5799 1
3690 5923 1
5117 2754 1
3267 1197 1
3265 2015 2
2015 1 2
1173 3356 1
3356 5893 1
5893 3069 1
3069 282 1
282 640 1
640 3154 1
3154 3265 1
3892 258 1
258 5993 1
2863 964 1
964 317 1
317 6003 1
82 5649 1
5649 2863 1
2863 257 1
257 2616 1
6384 756 1
756 2686 2
2686 2629 1
2629 1992 2
1992 4511 1
4511 5786 2
5786 1992 1
1992 1173 1
1173 548 1
548 6503 1
6503 1992 1
1992 1404 1
1404 3724 1
3724 258 1
258 3908 1
3908 3265 1
3265 4424 1
4424 5669 1
651 539 1
1810 2132 1
2132 2863 1
5923 3381 1
3265 4427 1
4050 3265 2
441 1961 1
1173 3812 1
3812 4779 1
4779 5103 1
5103 3488 1
3488 3664 1
3664 5346 1
5346 4779 1
1810 5973 1
5973 1976 1
1976 5836 1
6503 5074 1
1404 1559 1
1559 4138 1
4138 557 1
557 5370 1
5370 1134 1
3525 2470 1
2470 3023 1
5201 6273 1
6273 2616 1
2616 5923 1
5923 5810 1
464 5349 1
5349 236 1
236 1467 1
1467 540 1
540 2483 1
2483 2616 1
2616 6270 1
6270 3265 1
3265 756 1
756 2629 2
2937 2686 1
2686 1 1
1 2253 2
1810 3494 1
3494 2629 1
2937 3664 1
3684 4418 1
4418 2618 1
2618 312 1
2863 3339 2
3339 5767 1
5767 1077 1
1077 1130 1
1130 3000 1
3000 2616 1
5478 5820 1
5820 1467 1
1467 312 1
4018 2085 1
2629 2483 1
2483 3347 1
4779 2090 1
2090 5642 1
5642 2616 1
2616 1467 1
1467 1810 3
4467 2035 1
2035 3265 1
3265 1269 1
1269 3031 1
3227 1372 1
1372 5971 1
5971 1961 1
5624 2879 1
2879 312 1
312 6100 1
6100 3265 1
317 4784 1
4784 1 1
1 3541 1
3265 705 1
4795 6523 1
2863 3396 1
3396 2616 1
2616 3036 1
3036 5923 1
5923 956 3
2645 2863 1
5205 3972 1
3972 2616 2
2616 1246 1
1246 3265 1
1202 1265 1
1265 2629 1
4013 2616 1
2616 5476 1
5476 728 1
5266 464 1
2616 3207 2
2863 5350 1
5350 4424 1
4424 3923 1
3923 1173 1
2527 4475 1
2226 5448 1
5448 6423 1
6423 5103 1
5103 3039 1
3039 3068 1
3068 3266 1
4795 555 1
555 6566 2
5960 804 1
6470 2294 1
2294 1173 1
6640 459 1
459 2035 1
2035 1467 1
1467 1 1
1 5923 3
5893 2121 1
2121 3265 1
2451 312 1
312 2121 1
2121 6384 1
6384 705 1
1327 3265 1
708 1905 1
1905 1469 1
3006 459 2
459 2858 1
2858 2294 1
2294 312 1
1227 6574 1
6574 3213 1
3213 2863 2
2863 2815 1
2815 6505 1
6505 4677 1
4677 317 1
3266 1467 1
1467 3031 1
458 2055 1
5323 4993 1
4993 3266 1
3266 2798 1
2798 5942 1
5942 5923 1
5923 2742 1
2742 282 1
282 902 1
902 1 1
1173 4467 1
4467 751 1
751 3267 1
4052 902 1
1810 2570 1
2570 1216 1
2616 1822 1
1822 2282 1
2282 6357 1
6357 5143 1
5143 1469 1
4506 5923 1
5923 367 2
3265 4100 1
4100 3972 1
2863 5197 1
5197 6024 1
409 5168 1
5168 1 2
2591 2340 1
4166 1467 1
1467 2679 1
317 6006 1
6006 1810 1
1810 5560 3
1173 2677 1
2677 6423 1
2629 3039 1
5117 5881 1
5881 5458 1
5458 1947 1
5560 352 1
5923 4423 1
1173 1401 1
1401 6024 1
5997 5993 1
5993 3578 1
3578 2984 2
2984 213 1
213 2517 1
2517 2451 1
5923 6385 1
6385 2616 2
5997 1302 2
1302 2972 2
2972 6593 2
6593 213 1
213 5103 1
3060 3578 1
3578 6640 1
3267 5692 1
5692 1961 1
1961 246 1
246 3732 1
3732 6640 1
6640 1024 1
5923 6384 1
6384 5923 1
3300 1546 1
1546 6627 1
2618 4566 1
2720 2679 1
2679 6627 2
6627 6261 1
6261 1077 1
1077 2963 1
3525 2253 1
2253 6515 1
6515 2618 1
2618 903 1
3266 1150 1
1150 2254 1
2254 2451 1
5923 4885 1
4885 1024 1
1786 213 1
2519 2451 1
1399 5786 1
5786 4077 1
4077 1024 1
6384 458 1
458 1077 3
1077 966 1
966 5208 1
5208 4992 1
4992 3065 1
5649 3996 1
3996 1173 1
5997 304 1
304 5323 1
4386 3650 1
3650 3266 1
3266 246 2
246 5997 1
304 4484 1
4484 3266 1
3266 4484 1
4484 3056 1
1077 3525 1
4662 705 1
705 1451 1
1451 181 1
181 1469 1
1469 1212 1
1212 1810 1
1810 2304 1
2304 3265 1
4423 5201 1
5201 649 1
649 5923 1
3265 4441 1
4441 6627 1
2553 4697 1
4697 317 1
317 2419 1
2419 2077 1
2077 4091 1
3065 3207 1
3207 4652 1
5997 4091 2
4091 1142 1
1142 1100 1
1100 317 1
317 2172 1
5799 4484 1
4484 1786 1
1786 6503 1
5997 4026 1
4026 312 1
5560 5103 2
5997 508 1
704 5358 1
5358 1469 1
5997 4201 1
5997 3077 1
3077 3266 1
5208 555 1
6566 1 1
1 966 1
966 4006 1
5061 3909 1
3909 2451 1
5923 1623 1
1623 1810 1
5394 5693 1
5693 6505 1
1077 458 1
5061 5805 1
5805 3777 1
3777 3006 1
3266 508 1
1430 1173 1
1173 3650 1
3650 1350 1
1350 6137 1
6137 1258 1
1258 1874 1
5208 1984 1
1984 152 1
152 5824 1
5824 2187 1
3265 604 1
604 1810 1
2327 1810 1
1399 1202 1
4099 1404 1
2863 4543 2
4543 4484 1
4484 1024 1
5875 5836 1
236 5348 1
5348 1197 1
312 3591 1
3591 3056 1
3056 2451 1
3060 6640 1
5805 5348 1
5348 1 1
1399 1786 1
1786 458 1
1810 6122 1
6122 1173 1
1173 1976 1
1976 5993 1
5993 5348 1
5348 2984 1
5785 2863 1
6640 1707 1
1707 5805 1
5805 5691 1
5691 6500 1
458 2863 1
5997 4812 1
4812 4091 1
6386 5893 1
5893 6504 1
6504 5997 1
4091 1399 1
6096 3018 1
3018 5997 1
1692 1150 1
3266 1254 1
1254 1077 1
359 1786 1
1786 2591 1
6155 3972 1
4543 5390 1
5390 2451 1
5480 793 1
793 708 1
6503 6076 1
6076 656 1
656 938 1
938 3031 2
907 4511 1
5786 1024 1
6640 4482 1
4482 3266 1
6640 5133 1
5133 1393 1
1393 5133 1
5133 3056 1
2291 3347 1
3347 6627 1
6627 2107 1
2107 6121 1
5799 1726 1
1726 2616 1
2591 1302 1
1302 5997 1
5997 2972 1
2972 6121 1
5997 4388 1
4388 4729 1
4729 1952 1
3267 6351 1
6627 1024 1
1786 1959 1
6385 6121 2
6121 3908 1
3908 3023 2
1404 2591 1
2591 3267 2
3267 791 1
791 2451 1
5923 3031 1
3031 1395 1
1395 6384 1
304 3118 1
96 3267 2
5396 6505 1
5799 5971 1
5971 1810 1
1810 6364 1
6364 312 2
312 6137 3
657 5799 1
5799 306 1
306 2085 1
2085 5454 1
5454 708 1
708 4278 1
4278 528 1
528 5993 1
5993 2246 1
2246 2984 1
5785 2246 1
2246 6640 1
2863 1615 1
1615 6385 1
6593 1077 1
3060 2246 1
2246 2451 1
5923 6627 1
6627 2976 2
2976 5824 1
5824 317 1
2529 3959 1
1079 6456 1
6456 5445 1
555 1810 1
1810 4291 1
4291 1469 1
1469 3036 2
3036 2273 1
2273 6523 1
6523 5893 2
5893 6246 1
6246 2984 1
5785 6121 1
6640 5786 1
5786 6121 1
6121 1399 2
1399 2963 1
2963 3060 1
3060 1 1
2246 2863 3
1079 2863 1
3213 1173 1
2942 6024 1
409 6137 1
6137 317 1
6005 528 1
528 2246 1
144 1404 1
305 4451 1
4451 6504 1
6504 6137 1
6137 1459 1
1459 96 1
96 2246 1
2246 3265 1
3265 4482 1
4482 3267 1
3267 2305 1
2305 6306 1
6306 4863 1
4863 6332 1
6332 1755 1
1755 5621 1
5621 3153 1
3153 5928 1
5928 5452 1
5452 3031 1
1258 1816 1
1816 1197 1
3267 2414 1
2414 2603 2
2603 5997 1
2629 6460 1
6460 1816 1
1816 6024 1
3023 2984 1
2984 2232 1
2232 1021 1
1021 5103 1
5103 2275 1
2275 291 1
1810 1339 1
1339 3031 1
6503 1339 1
1339 3267 1
493 57 1
57 3267 1
4783 1976 1
1976 5527 1
5527 2603 1
2603 2361 1
304 2603 1
2603 1339 1
1339 1301 1
1301 6384 1
6384 1197 1
1197 2246 1
2246 708 1
708 1451 1
1451 2414 1
2603 1 2
6005 1810 1
1810 3803 1
3803 3342 1
3342 1413 1
1413 2603 1
2629 1339 1
1339 3908 1
3023 411 1
411 1810 1
2863 5778 2
5778 2603 1
2603 657 1
657 1891 1
1891 2246 1
2246 3267 2
3267 781 1
1822 3043 1
1810 4521 2
4521 4028 1
4028 6503 1
5997 1130 1
1130 418 1
418 3605 1
1961 2373 1
2373 5560 3
5560 1871 1
1871 4903 1
4903 4221 1
4221 5997 1
1258 5263 1
4166 1810 3
1810 1816 1
1816 2629 1
5185 1339 1
1339 3934 1
3934 2527 1
1097 1810 1
5218 6061 1
6061 1961 1
708 2246 1
2246 1786 2
1786 3578 2
3578 1566 1
1566 5826 1
5826 1815 1
1815 1810 1
4423 5799 1
1810 1575 1
1575 2237 1
2237 5997 1
5997 5925 1
5925 312 1
312 404 2
404 1877 1
1877 312 1
404 2451 1
5923 1 2
1 1970 1
1970 312 2
1173 640 1
1399 2679 1
6640 3908 1
3908 1011 1
1011 6121 1
1134 1300 1
1300 6114 1
6114 1451 1
1451 6505 1
6505 2432 1
2432 312 1
3267 2966 1
2966 5923 1
5923 1546 1
1546 6503 1
1404 5545 1
5545 57 1
1491 6385 1
1762 819 1
819 1976 1
3007 6412 1
6412 4283 1
1796 2451 1
5893 1762 1
1762 4123 1
4123 5802 1
5802 5841 1
5841 1077 1
2863 4386 1
4386 6291 1
6291 1469 3
1469 6411 1
6411 2931 1
2931 6640 1
547 4091 1
4091 317 1
5386 1886 1
1886 6137 1
6137 6090 1
6090 819 1
819 3525 1
3525 2954 1
2954 6412 1
6412 3908 1
3908 1401 1
1401 5805 1
236 5645 1
5645 2166 1
2166 5923 1
1762 4981 1
4981 2451 1
2451 5900 1
5900 5893 1
1810 4982 1
4982 5875 1
5661 5969 1
5969 3023 1
3023 2616 1
1216 5997 1
5997 2432 1
2432 4977 1
4977 5997 1
3265 4126 1
4126 1762 1
317 6079 1
6079 1810 1
5641 6291 1
5893 5997 3
3265 2166 1
2166 1 1
1 1753 1
1753 3700 1
3700 2863 1
2863 1881 1
1881 5123 1
5123 2820 1
2820 2696 1
2696 1810 1
1810 347 1
347 5997 1
5997 2679 1
2679 3991 1
3991 3265 1
3265 5360 1
5360 1739 1
1426 6024 1
5993 349 1
349 526 1
526 1822 1
1822 2113 1
2113 2451 1
5923 2112 1
2112 526 1
526 2930 1
2930 2679 1
2679 2963 1
2963 5360 1
5360 5799 1
1130 3270 1
3270 1448 1
1448 1517 1
1517 2451 1
6056 359 1
2863 3711 1
3711 5923 1
2935 3280 1
3280 3031 1
5323 811 1
811 1822 1
1822 1719 1
1719 1747 1
3265 4461 1
4461 1173 1
1173 2402 1
2402 3265 1
3080 1567 1
1567 4221 1
4221 317 2
6536 2889 1
1810 6148 1
4006 3207 1
3207 2403 1
2403 317 1
317 2190 1
2190 1173 1
1173 4420 1
5478 6505 1
3265 703 1
703 5789 1
5789 317 1
317 2189 1
2189 1077 1
574 3265 1
5799 2682 1
2682 1810 1
1810 547 1
5103 4976 1
4976 1810 1
1810 2603 2
2603 1197 1
1197 4345 1
4345 2246 1
1810 4483 1
4483 1786 1
1810 4698 3
4698 884 2
884 2863 1
3065 2001 1
2001 5103 1
5103 3664 1
3664 2686 1
2686 356 1
356 1198 1
1198 1810 1
5799 1089 1
1089 3265 1
3265 1011 1
1011 213 1
5201 2361 1
3959 3525 1
6121 6364 1
6137 5923 1
5923 4194 1
4194 5103 1
3267 705 1
5852 1810 2
5641 6220 1
6220 3265 1
3265 1300 1
1300 5386 1
5386 4655 1
4655 5185 1
1879 1 1
6175 6627 1
6627 6420 1
6628 4339 1
4339 4630 1
4630 6024 1
3265 1095 1
1095 1173 1
1173 6266 1
6266 3080 1
6503 236 1
312 6221 1
6221 4138 1
5895 3468 1
6288 2616 1
2266 4558 1
4558 2248 1
2248 5438 1
3793 4915 1
4915 3207 1
1822 6384 1
6384 2247 1
4604 6438 1
2616 2639 1
2639 6593 1
6593 4769 1
4769 5123 1
5123 3372 1
3372 2246 1
2246 2248 1
2248 2616 1
5438 2646 1
1810 4163 1
4163 3266 1
317 2690 1
2690 2501 1
2501 3801 1
2226 6023 1
5112 3031 2
3031 3972 1
2616 6372 1
6372 1469 1
1469 3578 1
3578 2432 1
2432 5896 1
5896 6319 1
6319 2707 1
2707 2248 1
2248 3801 1
1810 3386 1
3386 1103 1
1103 6505 1
4150 769 1
769 2342 1
2342 2246 1
1810 4796 1
4796 3732 1
3732 2124 1
2124 2085 1
388 3227 1
317 6123 2
6123 5661 1
5661 2629 1
1810 1928 1
1928 1186 1
1186 578 1
578 1 1
2246 5799 1
1810 2060 1
2060 6024 1
3036 1469 1
6383 3482 1
3482 2616 1
3066 4709 1
4709 4201 1
2616 6438 1
1097 175 1
175 2364 1
2364 3035 1
3035 2246 1
2246 6500 1
3744 6627 1
2976 2439 1
2439 1077 1
2863 5923 2
5923 6121 1
6121 5527 1
5527 2246 1
2246 4078 1
4078 2616 1
2616 3591 1
3591 6163 1
6163 312 1
317 4451 1
4451 6384 1
5805 1764 1
1764 2616 1
1216 374 1
374 2109 1
2109 4863 1
4863 3578 1
3578 1462 1
1462 2427 1
2427 1810 1
1810 1070 1
1070 4757 1
4757 312 1
312 1302 1
1302 1810 1
1810 948 1
948 6555 1
6555 3031 1
3031 6555 1
6555 5269 1
5269 1904 1
1904 2616 1
1255 2616 1
2616 232 1
232 312 1
5106 4201 1
1469 6121 1
6121 4839 1
4839 1375 1
1375 1097 1
1097 4006 1
3347 6024 1
2124 2475 1
5836 2810 1
2810 651 1
651 6128 1
6128 5349 1
5349 797 1
797 1142 1
1142 6231 1
6231 2616 1
2616 4100 1
4100 4521 1
4521 2695 1
2695 5420 1
5420 3006 1
1388 6121 1
6121 3229 1
3229 2616 1
3723 1514 1
1514 2511 1
2511 1 1
708 4927 1
4927 640 1
640 2863 1
87 3267 1
3267 1085 1
6138 1255 1
1255 4138 1
1265 2863 1
2863 3598 1
3598 1786 1
5875 1862 1
1862 258 1
258 804 1
804 5875 1
5875 1848 1
1848 1104 1
2963 4077 1
4077 1871 1
317 5817 1
5817 2129 1
2129 1871 1
1469 6566 1
6566 5370 1
5370 2257 1
2257 2863 1
2863 5358 1
5358 2202 1
2202 6627 1
6627 1451 1
1451 4010 1
4010 1077 1
1810 649 1
649 3370 1
3015 3031 1
3031 6023 1
5112 1810 4
4783 3266 1
3266 4335 1
4335 1786 1
2863 5480 1
5480 3267 1
3267 793 1
793 3006 1
2529 1956 1
1961 1786 1
1786 1487 1
3266 6021 1
6021 5217 1
5217 2527 3
2527 270 1
270 4779 1
1810 6027 1
6027 1961 1
1961 6084 1
6084 6640 1
5805 5977 1
5977 1810 1
2224 5928 1
5928 3266 1
3266 5002 1
5002 3006 1
1692 3266 1
3266 4516 1
1952 1786 1
1786 6388 1
304 6610 1
6610 1 1
1399 2373 1
5560 3266 2
3266 352 1
352 2707 1
2707 6121 1
6121 6024 1
2226 5925 1
5925 3843 1
3843 900 1
900 5369 1
1265 3910 1
3910 1855 1
1855 5626 1
5626 1202 1
5923 1408 1
1408 1739 1
1739 1786 1
1786 6227 1
6227 2629 1
5160 4604 1
4604 6126 1
236 2897 1
1265 2950 1
2950 3679 1
3679 1388 1
1388 1786 1
1 6023 2
5112 708 1
6250 2257 1
2257 5997 1
5997 5263 1
5263 2772 1
2772 1546 1
1546 1810 1
1399 458 1
458 4776 1
4776 1810 1
1810 4269 1
4269 3266 1
3266 5257 1
5257 6566 1
6566 3266 1
1961 4012 1
4012 3525 1
3525 312 1
312 1889 1
1889 5420 1
956 279 1
279 708 1
1440 5803 1
5803 6121 1
3267 6261 1
6261 1 1
3506 2918 1
2918 2616 1
2616 1298 1
1298 5984 1
5984 705 1
5893 1976 1
3007 1822 1
1822 6121 1
6121 4076 1
4076 2629 1
928 5862 1
5862 5112 3
2616 2779 1
2779 1786 1
1786 3300 1
3300 4004 1
4004 5984 1
5984 6640 1
2863 5424 1
5424 6627 1
5759 4742 1
4742 3207 1
3207 1293 1
1293 5316 1
5316 5969 1
5969 2616 1
2616 5661 1
5661 711 1
711 2638 1
2638 6121 1
6121 3213 1
3213 2616 1
2616 2638 1
2638 3267 1
884 722 1
4322 1961 1
1961 404 1
404 312 1
317 1178 1
1178 6521 1
6521 2085 2
6627 2060 1
2060 555 1
5392 2603 1
2603 3578 1
3578 1173 1
1810 3578 1
3578 2863 1
2414 3265 1
3267 236 1
409 1251 1
1251 3265 1
6628 2246 1
2246 6121 1
6121 1077 1
1404 1441 1
1441 3265 1
4253 2863 1
3346 1810 1
4166 1077 1
59 1810 1
312 2501 1
2501 5875 1
5875 1690 1
1690 2984 1
544 5805 1
5805 2237 1
2237 547 1
547 1810 2
4514 2984 1
2527 3642 1
3642 4203 1
6628 884 1
884 3016 1
5560 708 1
708 1469 1
1469 4795 1
4795 1 1
1 6469 1
6469 2085 1
2085 6121 1
6121 5560 1
5560 5799 1
5799 2246 1
5560 1 1
2085 2246 1
2246 1690 1
1690 6121 1
6121 4675 1
4675 5799 1
6503 3801 1
3267 419 1
419 6507 1
6507 2148 1
2148 1399 1
3265 3511 1
3511 5208 1
3035 2499 1
4467 1278 1
1278 3578 1
2984 6121 1
6121 956 1
732 3486 1
3486 3016 1
5478 312 1
6137 3006 1
2516 2897 1
2897 6470 1
5951 708 1
708 4423 1
3999 4122 1
4122 5063 1
5063 312 1
4137 1404 1
1404 4899 1
4899 1641 1
2246 2317 1
2317 6155 1
6155 1173 1
2754 6507 1
6507 2629 2
2629 5075 1
5075 5063 1
5063 3972 1
3972 1404 2
1404 5150 1
5150 6475 1
6475 3664 1
3664 2616 1
5401 2686 1
2686 756 1
2629 1467 1
1467 3039 1
2226 4923 2
2671 1 1
1 3281 1
3281 5777 1
5777 1810 1
2616 1444 1
1444 4806 1
4806 1450 1
1450 2616 1
6121 1343 2
5960 4031 1
4031 1077 1
3023 3118 1
3118 6640 1
5805 2990 1
2990 3281 1
3281 1716 1
1716 1961 1
409 4779 1
1916 1211 1
1211 2616 1
2616 4121 1
4121 1856 1
1856 3342 1
3342 1173 1
1173 5626 1
5626 6319 1
6319 4795 1
1097 3690 1
3690 2629 1
2629 3706 1
3706 3801 1
3801 3035 1
3307 6505 1
6505 2720 1
2720 4486 1
4486 458 1
458 85 1
4019 4203 1
5805 3706 1
3706 2863 1
2863 5757 1
5757 3265 1
5018 4725 1
4725 3065 1
3065 1173 2
885 5235 1
5235 1810 1
3307 2085 1
3265 6211 1
3065 885 1
885 6640 1
4185 6640 1
651 5923 1
5923 5478 1
5893 956 1
956 5844 1
409 3354 1
3354 1469 1
1469 32 1
32 3693 4
3693 6627 1
6503 5804 1
5804 6640 1
6640 4315 1
4315 2123 1
2123 1810 1
1810 6004 1
6004 6503 1
1708 2898 1
2898 6627 1
1132 4863 1
4863 5581 1
5581 4170 1
4170 2255 1
2255 6590 1
6590 2237 1
2237 1810 1
1810 1276 1
1276 2123 1
2123 6003 1
6003 1619 1
1619 618 1
618 2085 2
2085 2423 1
2423 5453 1
5453 6160 1
1822 6002 1
6002 3065 1
6627 1271 1
1271 3207 1
3207 5380 1
5380 6627 1
6384 5581 1
5581 32 1
3693 5881 1
5881 2905 1
2905 2616 1
2616 6214 1
6214 1810 1
5609 3163 1
3163 1132 1
1132 5799 1
2460 6137 1
6137 2487 1
2487 5103 1
3267 3201 1
3201 3346 1
3346 1469 1
3265 6027 1
3710 5799 1
1810 6261 1
6261 3031 1
3031 4143 1
4143 5923 1
5923 1952 1
1426 4329 1
4329 2254 1
3007 6503 1
2616 1707 1
1707 4741 1
5117 1229 1
1229 6627 1
6121 1950 1
1950 1134 1
1134 1077 1
6628 2783 1
2783 2930 1
2930 4007 1
4007 3267 1
2849 4313 1
4313 2616 1
2616 3999 1
3999 5181 1
5181 3267 1
5805 1222 1
1222 1810 1
1810 4663 1
4663 6503 1
6503 3023 1
3023 3908 1
3908 1810 1
1613 1399 1
4328 3267 1
3892 2509 1
2509 1810 1
4138 409 1
2858 5969 1
5969 86 1
86 5492 1
5492 926 1
926 96 1
705 4432 1
4432 1961 1
2449 6503 2
1405 317 1
6384 4047 1
4047 548 1
6384 442 1
442 598 1
5103 1292 1
1292 640 1
5641 5580 1
5580 1130 1
4783 1961 1
6628 5380 1
5380 3426 1
3426 3266 1
458 5380 1
5380 312 1
5997 5718 1
5718 3051 1
5642 3710 1
3710 6024 3
6024 2890 2
2890 3031 1
5923 4221 1
4221 3266 1
5694 900 1
900 359 1
3710 409 1
3207 1796 1
5997 3270 1
3270 4055 1
4055 2361 1
2361 2629 1
2629 6487 1
6438 5893 1
5893 5438 1
5438 32 1
3801 1104 1
1104 2291 1
2291 3031 1
3031 4812 1
4812 2863 1
6640 5438 1
5438 3693 1
5461 3201 1
3201 5879 1
5997 6126 1
312 4232 2
2629 5380 1
5380 2863 1
2342 4276 1
3018 359 1
4218 2629 1
2629 2254 1
4232 6627 1
1874 1797 1
1797 2616 1
3060 3207 1
3207 1916 1
1916 5185 1
5185 1253 1
1253 1211 1
1211 1810 1
2863 1484 2
5923 6061 1
6061 2342 1
2616 1871 1
2984 3056 2
5238 6640 1
312 5380 1
5380 1 1
312 2460 1
2460 1173 1
5642 2629 1
2629 651 1
651 3710 1
6024 6023 2
5112 1798 1
3346 317 1
6031 2939 1
2939 6640 1
6640 2632 1
2632 5502 2
5502 3710 2
1861 3265 1
3265 3630 2
3630 2460 1
2460 1 1
1173 3608 1
3608 3710 1
3710 6023 1
6118 508 1
618 5923 1
5923 2754 1
2754 32 1
3693 1 1
5723 3051 1
3051 3710 1
2890 2792 1
5745 3693 1
3693 3801 1
3801 718 1
1961 367 1
5923 618 1
2754 317 2
6627 3693 3
3693 3357 1
3357 1010 1
1010 87 1
87 1150 1
1150 6295 1
6295 613 1
613 2919 1
2919 1326 2
5359 3050 2
2616 2714 1
2629 718 1
1104 2025 1
2025 2187 1
2187 5923 1
5923 2782 1
2782 2229 1
2229 1859 1
1859 3266 1
3266 6472 1
6472 1810 1
1810 3620 1
3620 2182 1
2182 1 1
3050 4444 1
4444 1860 1
1860 1033 1
2629 1104 1
1104 6531 1
6371 1266 1
1266 4486 1
6123 1202 1
708 3659 1
3659 1961 1
279 409 1
1265 3999 2
3999 4378 1
4378 2187 1
2187 5338 1
1810 5673 1
5673 6362 1
6362 1104 1
1104 6023 1
5112 668 1
5103 3637 1
3637 1810 1
2224 6290 1
6290 6201 1
6201 6507 1
3977 3266 1
3300 670 1
670 6290 2
6290 5961 1
5961 722 1
3266 2999 1
2999 670 1
6290 3006 1
2591 5420 1
5420 4714 1
2629 2498 1
2498 3266 1
2863 5264 1
5264 708 1
708 2489 1
2489 6503 1
2256 5661 1
5661 3922 1
3922 5799 1
3266 150 1
150 393 1
393 1810 1
1810 669 1
669 6290 1
6290 5560 1
5560 2373 2
2373 3266 1
246 5263 1
5263 3732 2
416 5881 1
5881 246 1
246 5923 1
1134 6096 1
6096 3432 1
3432 3265 1
3219 6505 1
6505 5799 1
5799 373 1
373 708 1
708 769 1
5844 956 1
956 4467 1
1469 5123 1
5123 924 1
924 6593 1
6287 1386 1
1386 4943 1
4943 6024 1
2616 1011 1
312 1327 1
1327 3693 1
3693 5893 1
1130 4203 1
6503 2711 1
2711 1469 1
1469 6128 1
6128 6374 1
6374 5283 1
3050 4163 1
4163 6024 1
1956 1104 1
1104 3732 1
3732 2889 1
2889 5923 2
5923 5600 1
3941 836 1
836 6503 1
1132 555 1
1265 6024 1
6024 6531 1
6371 2889 1
2889 1690 1
1690 5923 1
3265 3693 1
6568 618 1
2863 749 1
749 6640 1
6640 330 1
330 1210 1
1210 3505 1
3505 6535 1
6535 967 1
967 5103 1
5103 1883 1
1883 5854 4
5854 2740 1
2740 775 1
775 5211 1
3051 330 1
330 85 1
2889 3269 1
3269 1810 1
5624 1655 1
1655 722 1
722 6505 1
6505 722 1
2509 3267 1
6640 4456 1
4456 1952 1
6535 3031 1
4020 5006 1
5006 602 1
602 1810 1
1810 1430 1
1430 3134 1
3134 2629 1
4748 1938 1
1938 6505 1
6505 5556 2
5556 1357 1
1357 3370 1
3370 2604 1
2604 6 1
6 5034 1
5034 317 1
3998 1784 1
1784 4545 1
4545 5103 1
5210 5678 1
5678 351 1
1482 5103 1
5103 3816 1
3816 2074 1
2074 1810 1
6521 1469 1
1426 1258 1
1258 5679 1
5679 2816 1
2816 1810 1
1810 5966 1
5966 317 1
317 5035 1
5035 6523 1
6523 1613 1
1613 3275 1
3031 509 1
509 6627 1
312 202 1
202 4072 1
4072 316 1
316 1961 1
5893 3267 1
1 5966 1
5966 2863 1
5641 525 1
525 1810 1
3267 5440 1
5440 5103 1
2889 6423 1
6423 722 1
722 3831 1
3831 1810 1
1639 1105 1
1105 1083 1
1083 6044 1
6044 3267 1
409 1399 1
722 6076 1
6076 3031 1
3031 1130 1
3267 1648 1
1648 6503 1
3267 752 1
752 1810 1
5943 2667 1
2667 6640 1
2863 5941 1
5941 6640 1
6640 1301 1
1301 3207 1
3207 5488 1
5488 6503 1
6640 4176 1
4176 1961 1
1961 1258 1
1258 2919 1
1326 4138 1
5208 4341 1
4341 458 1
5005 2364 2
5085 4520 1
4520 5103 1
5208 1594 1
1594 4292 1
4292 4553 1
4553 2616 1
2616 651 1
651 2253 1
2253 1520 1
1520 1961 1
1961 3913 1
3913 3721 1
3433 4122 1
4122 388 1
388 3929 1
3929 418 1
1952 5117 1
5117 6128 1
6128 2616 1
2616 1694 1
1694 409 1
5805 5943 1
3267 4662 1
4662 5208 1
4045 2616 1
5560 4138 1
6128 1810 1
6386 2616 1
2616 956 1
956 1976 1
1976 5036 1
5036 87 1
87 4433 1
4433 3006 1
3106 3065 1
3065 3693 1
3693 3031 2
1810 2360 1
409 1229 1
1229 1242 1
1202 4000 1
4000 2337 1
6023 3754 1
5570 2616 1
2616 4545 1
3793 2668 1
2668 2022 1
2022 5776 1
5776 4470 1
4470 4201 1
4201 3848 1
1810 6159 1
6159 317 1
4166 317 1
317 4000 1
4000 1101 1
1101 2616 1
3300 691 1
691 5923 1
5923 3204 1
3204 317 1
317 3710 1
3710 6149 1
5458 312 1
1947 515 1
515 5103 1
5185 4554 1
4554 1 1
1426 2449 1
2449 5593 1
5593 352 1
6640 787 1
787 2274 1
2274 2629 1
2629 2382 1
2382 6531 1
6531 6358 1
6358 5283 1
1798 5810 1
5810 3270 1
3270 1810 1
3356 3265 1
96 2449 1
2449 3118 1
3118 1613 1
3267 3118 1
3118 1404 1
6384 5717 1
5717 1469 1
3267 2695 1
2695 317 1
3793 1077 2
2863 6596 2
6596 4201 1
4521 1952 1
3941 2632 1
3630 2462 1
2462 708 1
708 4398 1
4398 6523 1
5997 3944 1
6640 1589 1
1589 315 1
315 3265 1
782 317 1
3793 2274 1
2274 2449 1
2449 379 1
2261 2322 1
6640 4520 1
4520 5801 1
5801 2214 1
2214 6358 1
6358 4214 1
3468 2646 1
2646 2195 1
2195 1207 1
1207 6640 1
1202 394 1
394 187 1
187 352 1
352 4273 1
4273 6023 1
5112 5103 2
6640 4559 1
4559 5745 1
5745 4554 1
4554 317 1
317 6539 1
6539 1 1
1 6539 1
6539 2842 1
2842 2629 1
966 6020 2
6020 5218 1
1426 6061 1
5997 5810 2
1130 3023 1
3023 1961 1
3023 5799 1
5799 3023 1
3023 1810 1
5997 434 1
434 317 1
966 1487 1
1487 5989 1
317 3049 1
3049 4099 1
1796 5 1
5 5997 1
5411 6640 1
6640 1048 1
1048 5923 1
1258 1796 1
1130 5034 1
3023 6023 1
5112 1393 1
1393 1426 1
1426 3023 1
6640 3472 1
3472 1961 1
1961 3163 1
3163 305 1
305 3031 1
5844 5805 1
5688 423 1
423 5827 1
5827 317 1
3266 5976 1
5976 705 1
705 98 1
98 4271 1
4271 1810 1
5283 5123 1
5123 5017 1
5017 970 1
970 5718 1
5718 317 1
317 4523 2
4523 1810 1
1810 5263 2
5263 5810 2
4423 5997 1
5997 1707 1
1707 6509 1
2924 1810 1
6640 4882 1
4882 6503 1
6503 1873 1
1873 3788 1
3788 5997 1
6138 1 1
6640 3386 1
3386 1104 1
4523 3176 1
3176 1976 1
1976 5890 1
5890 4769 1
4769 6322 1
5103 5073 4
6523 1351 1
1351 2863 1
5202 6640 1
5716 6505 1
6201 3267 1
3732 5649 1
5649 4823 1
4823 2475 1
5208 631 1
631 708 1
1959 692 1
692 6389 1
6389 5624 1
460 3031 1
3267 437 1
437 5875 1
5875 2677 1
2677 6584 1
6584 5875 1
5875 5448 1
5448 3267 1
5875 4259 1
4259 317 1
317 1724 1
1724 1810 1
1810 150 2
150 665 1
665 5846 1
5846 4729 1
4729 2270 1
5117 312 1
6640 3357 1
3357 5440 1
5440 6584 1
5103 2986 1
2986 1425 1
1425 6023 1
5112 3056 1
3056 806 1
806 1810 1
2132 3732 1
2488 3472 1
3472 1357 1
1357 2629 1
2629 3951 1
3736 4328 1
4328 5895 1
5895 6503 1
6121 5367 1
5367 4220 1
4220 4271 1
4271 2679 1
2679 272 1
272 708 1
2360 6425 1
6425 1810 1
95 96 2
3182 508 1
3942 6628 1
6628 2566 1
2566 2863 1
4194 5852 1
4137 2629 1
5073 2720 1
2720 6023 1
6023 4423 1
1810 1703 1
1703 6640 1
579 3031 1
2591 3381 1
3381 2629 2
3267 5887 1
5887 5476 1
5476 4980 1
4980 1 1
6456 4486 2
6503 2923 1
2923 4305 1
4305 3468 1
3468 2933 1
2933 1810 1
1810 6094 1
6094 2629 1
2629 4803 1
4803 5799 1
1961 3356 1
3356 409 1
409 2972 1
2527 1202 1
4018 1327 1
1327 5624 1
5624 6100 1
6100 5407 1
5407 1810 1
1810 763 1
763 3170 1
3170 201 1
201 2187 1
5383 6239 1
6239 5260 1
5260 2475 1
5836 6021 1
6021 4499 1
4499 5103 1
1325 5103 1
1202 966 1
1810 1011 1
312 4550 1
4550 5301 1
5301 1774 2
1774 1202 1
5923 3639 1
3639 317 1
2124 5621 1
708 1421 1
1421 2449 1
2449 2849 1
2849 5823 1
5823 1810 1
1810 5646 1
5646 6024 1
3732 6566 1
6295 2720 1
2720 3207 1
1822 6322 1
5127 3591 1
3591 1810 1
3940 3267 1
3267 4423 1
4423 5993 1
5993 5103 1
6523 3107 1
3107 2863 1
5202 5709 1
5709 4975 1
4975 2449 1
2449 4198 1
3732 2363 1
2363 1 1
5112 6061 1
1810 3739 1
3739 1961 1
1961 4672 1
4672 4788 1
6503 4433 1
4433 5103 1
5103 4999 1
3265 601 1
2554 6627 2
1961 219 1
219 1139 1
1139 359 1
6627 2554 3
2554 6024 1
3265 4649 1
4649 708 1
6640 6021 1
6021 5523 1
5523 5103 1
6640 6584 1
6584 6358 1
6358 833 1
833 5103 1
5103 3355 1
3355 2449 1
2449 1 1
4467 6414 1
6414 57 1
57 1202 1
6640 3638 1
3638 1961 1
4787 6503 1
5389 3023 1
1352 2616 1
2616 6509 1
363 1469 1
1469 4139 3
651 3065 1
3065 359 1
1796 4142 1
4142 4423 1
87 3387 1
3387 589 1
589 2085 1
6640 6060 1
6060 6628 1
6628 1454 1
1454 6640 1
5997 3779 1
6640 3944 1
2554 57 1
57 213 2
6640 1739 1
1739 2295 1
2295 317 1
3793 6640 1
1810 5370 1
5283 3056 1
5844 2447 1
2447 317 1
1810 6504 1
6504 6640 1
461 1202 1
1202 1511 1
1511 6287 1
6287 317 1
3532 2647 1
2647 1 1
1709 4559 1
4559 5600 1
273 95 1
4218 1952 1
1952 4506 1
4506 6640 1
1386 2591 1
956 1202 1
312 437 1
437 2090 1
2090 3158 1
1258 95 1
3182 1810 1
2527 1265 1
6456 1077 1
5073 6024 1
928 4827 1
4827 2984 1
2591 598 1
3265 618 2
6593 6640 1
6640 6124 1
6124 4786 1
4786 2930 1
2342 3788 1
3788 3972 1
3972 5327 1
5327 2510 1
2510 3000 1
3000 6552 1
6552 6640 1
1173 5993 1
5993 540 1
540 5997 1
5997 5661 1
5893 4686 1
6121 3630 1
3630 708 1
708 1011 1
1011 5844 1
5844 570 1
1810 3805 1
3805 5260 1
5260 317 1
2527 2616 1
6242 2491 1
2491 5908 1
5908 6456 1
6456 4364 1
1104 6242 1
6242 1961 1
5103 491 1
1619 3207 1
3267 5283 1
464 956 1
2616 4206 1
4206 3267 1
4521 1104 1
1639 4172 1
5594 2972 1
2972 6456 1
5127 722 1
722 3825 1
3825 4803 1
4803 317 1
5842 1810 1
1810 3651 1
3651 3267 1
3267 6641 1
6641 1 1
3349 4741 1
4741 1684 1
1684 3740 1
3740 1810 1
1810 5652 1
5652 6322 1
6322 554 1
554 3031 1
4218 1810 1
6096 4641 1
4641 317 1
317 2294 1
2294 308 1
1810 163 1
163 5563 1
1173 4201 1
5923 5479 1
5479 3265 1
5461 4933 1
4933 5844 1
4506 1810 1
5397 5908 1
5908 3036 1
3036 207 1
207 317 1
1113 3873 1
3873 1952 1
1104 5923 1
367 2616 1
4449 928 1
6606 3031 1
4864 5799 1
5841 3265 1
6551 2616 1
312 4493 1
4493 1810 1
1810 3854 1
3854 3942 2
3942 6533 1
6533 6091 1
6091 2935 1
2935 1810 1
3265 5885 2
5885 2616 2
2616 5875 1
1258 769 1
769 625 1
625 1 3
3265 5123 1
4139 1126 1
1126 3265 1
3265 4449 1
6606 1810 1
1255 4493 1
4493 1 1
1 6533 1
6533 708 1
312 5399 1
1113 2720 1
833 570 1
570 1704 1
5870 104 1
104 4612 1
4612 1952 1
1952 1482 1
1482 1075 1
1075 1173 1
6640 3623 1
3623 187 1
187 3031 1
5923 1738 1
1738 6591 1
6591 1469 1
1469 3100 1
3100 395 1
395 3619 1
3619 1482 1
1482 5397 1
5397 1469 1
5208 6533 1
6533 3265 1
3265 4995 1
4995 3435 1
3435 6608 1
6608 2187 1
2187 1718 1
1810 2675 1
2675 6595 1
6126 2664 1
2664 2616 1
2616 4832 1
4832 2222 1
2222 2254 1
5810 3381 1
3381 1871 1
6640 846 1
846 4885 1
3381 1 1
1 4736 1
708 2387 1
2387 1469 1
2616 2051 1
2051 6417 1
6417 5890 2
5890 3580 1
3580 555 1
2616 1683 1
1683 4732 1
4732 6322 1
6322 2224 1
2224 618 1
3267 95 1
2364 5597 1
5597 5450 1
409 1069 1
1069 4736 1
4736 1469 2
2616 350 1
350 2616 1
3267 5397 1
5397 4203 1
312 5125 1
3267 3303 1
3303 317 1
987 1 1
312 242 1
242 1810 1
1810 6110 1
6110 710 1
710 2616 1
2616 95 1
95 3732 1
5963 1952 1
2483 2085 1
3267 4253 1
4253 2812 1
2812 2616 1
5595 317 2
2276 4643 1
4643 3267 1
3267 625 1
5117 3356 1
3922 708 1
708 5450 1
5450 6024 1
1639 6505 1
2863 5596 1
5596 4803 1
651 2256 1
2256 6248 1
6248 5599 1
5599 3267 1
5881 4053 1
4053 1469 1
1469 5890 2
5890 3902 1
3902 5805 1
5805 2296 1
890 1961 1
279 3267 2
6417 2516 1
5185 1790 1
1790 618 1
3353 3972 1
2863 2659 1
2659 2616 1
3267 6060 1
6060 6503 2
1810 1779 1
1779 3000 1
3000 3267 1
3267 4346 1
4346 3930 1
4053 3135 1
3135 5989 1
903 5398 1
5398 6595 1
1810 887 1
887 5879 1
3527 4817 1
4817 3558 1
1810 4060 1
4060 1090 1
1090 4253 1
4253 630 1
630 1202 3
2483 1 1
5810 4545 1
4545 2277 1
2277 1202 1
2371 4559 1
4559 668 1
2616 802 1
802 2629 1
5005 5624 1
1130 6595 1
6595 4201 1
4201 5576 1
5576 2765 1
3362 903 1
5679 2556 1
2556 3721 1
3721 1255 1
1404 1202 1
1202 2616 1
2616 1277 1
1277 5103 1
132 2222 1
2222 5451 1
5451 2296 1
2296 2720 1
708 6082 1
6082 1810 1
1609 317 1
317 3397 1
3397 3056 1
5844 5632 1
5632 1173 1
3721 5997 1
3300 5183 1
2678 236 1
236 6126 1
317 4782 1
4782 1 1
1 5349 1
5349 769 1
769 6593 1
6593 907 1
907 1545 1
1545 4341 1
4341 1810 1
1810 1916 1
1916 1961 1
6384 3018 1
3018 304 1
758 5805 1
5805 1625 1
1625 374 1
374 3705 1
5767 1961 1
4999 3031 1
3031 5767 1
5767 409 1
5923 4203 1
1961 3227 1
3227 3265 1
3265 655 1
655 4732 2
317 1869 1
1869 3036 1
3036 2085 1
1173 6135 1
4792 2515 1
2515 4632 1
4632 3036 1
6024 5895 1
5895 5269 1
5269 227 1
227 1822 1
1822 4898 1
4898 5864 1
5864 2229 1
2229 2616 1
2616 4006 1
4870 3207 1
1822 5063 1
5063 915 1
915 1197 1
1197 3600 1
3600 3031 1
3265 945 1
945 2616 1
2616 4701 1
4701 1096 1
1096 6628 1
6628 5980 1
5980 6640 1
5117 2591 2
2591 3599 1
3599 5208 1
5208 4898 1
4898 2863 1
3350 2863 1
2863 2510 1
2510 3733 1
3733 1820 1
5799 6514 1
6514 4459 1
4459 2629 1
406 2566 1
2566 1810 1
625 4996 1
4996 2616 1
5201 1134 1
1134 2567 1
2567 2863 1
2342 2731 1
406 4996 1
4996 1077 1
1077 4560 1
4560 3031 1
1173 4199 1
4199 5475 1
5475 2475 1
5208 956 1
2863 5653 1
5653 5283 1
2720 618 1
907 1810 1
2851 1173 1
59 6627 1
6627 5895 1
5895 3318 1
3318 2629 1
569 1 1
1 2129 1
5878 655 1
3036 4812 1
4812 5283 1
4585 1134 1
1134 5553 1
5553 6640 1
3065 1249 1
1249 6505 1
5556 4900 1
4900 4231 1
4231 6627 1
2629 2451 1
2451 5895 1
5895 2591 1
5799 4176 1
4176 175 1
2984 5799 1
1426 1173 1
4176 1880 1
1880 2984 1
2863 1110 1
1110 3486 1
3486 3942 1
2863 4154 1
1249 6389 1
304 4424 1
1425 5525 1
5525 961 1
6503 1357 1
1357 6024 1
1173 1802 1
1802 6640 1
6640 4330 1
4330 6503 1
5016 3154 1
3154 5923 1
6503 3905 1
1469 1249 1
1249 5923 1
5923 3847 1
3847 312 1
312 5579 1
5579 3006 1
6386 5482 1
5482 3031 1
1173 5828 1
5828 5679 1
6386 5962 1
5962 5103 1
2501 5879 1
5879 5923 1
5923 804 1
804 1822 1
5117 5641 1
3392 3721 1
1287 1202 1
3265 3006 1
5624 6165 1
6165 2616 1
2770 2720 1
2720 6060 1
1009 2371 1
2371 3265 1
5283 6385 1
5997 2963 1
1403 5875 1
1961 4175 1
4175 2085 1
6024 1249 1
1249 1639 1
1104 1514 1
1514 1249 1
1249 928 1
928 3722 1
3722 1810 1
2217 458 1
3265 2076 1
2076 6503 1
312 2937 1
2937 1961 1
1961 2551 1
2551 4006 1
5074 2191 1
2191 3999 1
3999 1801 1
1801 1709 1
1709 408 1
408 3265 1
3265 3242 1
3242 4748 1
4748 317 1
5842 2720 1
2720 4126 1
4126 3265 1
1299 5786 1
5786 5881 1
5881 3242 1
3242 4749 1
4749 3727 1
3727 2475 1
2475 3362 1
1491 3165 1
3165 3265 1
1810 3450 1
3450 6024 1
2591 5611 1
5611 6628 1
3511 3265 1
4201 618 1
1132 6640 1
6503 1916 1
1916 708 1
312 5595 1
5893 6061 1
6503 1249 1
1249 1403 1
3972 5923 1
2863 6091 1
6091 1249 1
1249 1952 1
6640 3134 1
3134 312 1
312 5349 1
5349 1213 1
1213 2629 1
2629 460 1
460 5633 1
5633 6640 1
3265 279 1
252 720 1
720 3519 1
3519 2629 1
2629 1908 1
1908 3362 1
2629 3100 1
618 3239 1
4018 2556 1
2556 252 1
252 1258 1
5514 5885 1
5885 5185 1
5185 5073 1
5073 3270 1
3270 796 1
796 1810 1
1810 4670 1
4670 3265 1
3036 618 1
1810 4565 1
4565 1249 1
1249 3905 1
4050 233 1
233 1810 2
3023 3732 1
3732 956 1
6386 418 1
418 388 1
5201 5787 1
5787 5042 1
5042 2254 1
2254 330 1
330 5041 1
5041 3265 1
3267 6316 1
6316 6319 1
6319 3267 1
3267 1459 1
6321 1 1
1 4686 2
5103 2528 1
2528 3265 1
3265 3648 1
3648 1961 1
3265 4901 1
4901 5208 1
5208 3774 1
3774 5514 1
5514 3265 1
5805 4498 1
4498 5073 1
1810 846 1
846 5688 1
5688 5514 1
5514 1613 1
1613 1249 1
1249 3213 1
3213 3265 1
3265 1556 1
6333 458 1
5103 1887 1
1887 1810 1
3265 6060 1
6060 2371 1
2371 3266 1
3266 3944 1
3944 3265 1
3265 2940 1
2940 3265 1
3266 3908 1
3908 963 1
6121 1111 1
1111 3006 1
754 3065 1
246 5785 1
5785 548 1
714 2629 1
3266 3728 1
1810 6514 1
6514 1961 1
1961 714 1
714 3056 1
1810 5262 3
5073 1 2
3265 1249 1
1249 4163 1
4163 3036 1
3036 2629 1
1810 1109 1
1109 2371 1
2371 4201 1
4201 3949 1
6503 3937 1
3937 1327 1
1327 2371 1
2371 2690 1
708 2371 1
2629 6423 1
1810 1619 1
1619 5879 1
5018 458 1
6640 367 1
367 3854 1
3854 3972 1
3972 3265 4
388 1871 1
1871 1426 1
1426 4153 1
4153 3937 1
3937 903 1
903 3007 1
3007 1327 1
1327 6583 1
6583 1 1
409 6384 1
6640 5134 2
5134 1269 1
1269 4398 1
4398 5042 1
5042 1952 1
1952 5787 1
5787 3031 1
5478 3158 1
1961 2707 1
3468 352 1
6640 4104 1
4104 3207 1
3207 5945 1
5945 2618 1
2618 4004 1
4004 1249 1
5323 5588 1
3036 5895 1
5895 4004 1
6627 3449 1
3449 1139 1
5957 6503 1
2616 5879 1
5879 312 1
1130 1425 1
1425 1762 1
1762 3972 1
4807 409 1
409 2984 1
2707 3061 1
3061 2650 1
2650 233 1
233 1404 1
5881 4545 1
4545 2629 1
2629 3363 1
3363 6389 1
4424 4736 1
4736 628 1
628 2616 1
3265 5190 1
5190 1810 1
1810 6053 1
6053 5103 1
5923 766 1
766 2616 1
2616 1646 1
6503 5358 1
5358 1871 1
6384 3399 1
1874 1810 1
1810 826 1
826 2629 1
132 4466 1
4466 5805 1
5805 5015 1
5015 6640 1
1690 2085 1
4658 5500 1
1265 1249 1
1249 5810 1
3265 3436 1
3436 2259 1
2259 3051 1
2863 533 1
533 3056 1
3056 1343 1
1343 1258 1
312 3723 1
3723 5923 1
5923 2679 1
2679 4541 1
3362 3031 1
3031 5893 1
5893 6386 1
3753 1469 1
6078 1961 1
1961 6075 1
6075 966 1
966 4714 1
317 1450 1
1450 1380 1
5997 4630 1
4630 1202 1
4099 2888 1
2888 5997 1
5997 6616 1
6616 4283 1
4283 3008 1
3008 6640 1
5893 4046 1
4046 1899 1
1899 85 1
2889 2616 1
5103 5262 1
5262 508 1
508 2257 1
95 5376 1
5376 966 1
6020 6124 1
144 3000 1
3000 3266 1
3266 144 1
144 4566 1
2616 6417 1
2882 3735 1
3735 672 1
5450 3031 1
2863 1232 1
1232 3267 1
1810 1478 1
1478 2616 1
3944 279 1
2616 1302 1
1302 2371 1
3267 3636 1
5923 132 1
132 3031 1
2802 4201 1
1255 5445 1
5445 425 1
625 351 1
132 2720 1
2720 1856 1
1856 1810 1
1810 728 1
5266 4388 1
5117 6159 1
6159 5560 1
1810 4658 1
4658 409 1
409 5103 1
6438 5923 1
2695 1 1
5844 4473 1
4473 5786 1
5786 6135 1
6135 1976 1
1976 3034 1
3034 5262 1
5262 3736 1
3736 2629 1
2629 4250 2
4250 2863 1
2863 6243 1
6243 2342 1
5810 6503 1
6503 1 1
3941 4839 1
4839 6449 1
3904 5323 1
4137 5103 1
1380 5109 2
5109 2629 1
4250 1469 1
1469 5262 1
5262 3031 2
1810 3856 1
3856 3265 1
3227 5626 1
5626 2253 1
2253 458 1
458 3693 1
317 4256 2
4256 2136 2
2136 1810 1
3267 1255 1
1255 4592 1
4592 3031 1
3031 5262 1
5262 708 1
6642 2720 1
5626 5018 1
5018 6138 1
6138 4741 1
4741 5262 1
5262 388 1
1269 3677 1
3677 2343 1
2343 317 1
3265 2682 1
2682 6543 1
6543 96 1
96 5883 1
5883 1 1
3468 5218 1
5218 6640 1
2591 6074 1
6074 3265 1
1425 5262 1
5262 4742 1
4742 5283 1
3941 5103 1
2679 6249 1
6249 6023 1
5112 2085 1
4486 1269 1
1269 6023 1
5112 1202 1
5923 3126 1
3126 6640 1
6503 5416 1
611 3111 1
651 2317 1
2317 4267 1
4267 3732 1
5185 3162 1
3162 6640 1
317 1047 1
1047 3006 1
3006 5617 1
5617 3081 1
3081 6503 1
5262 1303 1
1303 2085 1
388 1265 1
312 3999 1
3999 6322 1
1436 5458 1
5458 1952 1
3075 5805 1
5805 229 1
229 6640 1
6640 3476 1
3476 2863 1
5396 5636 1
5636 2535 1
2535 6392 1
6392 5815 1
5815 4753 1
409 6647 1
6647 3266 1
2863 6183 1
6183 3006 1
2527 3056 1
3056 5249 1
5249 6319 2
6319 956 1
6640 3333 1
3333 6628 1
6628 5127 1
5127 317 1
409 1588 1
1588 1810 1
1952 6033 1
6033 6503 1
312 5741 1
5741 5799 1
5249 1092 2
1092 2863 1
2342 5249 1
1092 3265 1
956 5741 1
5741 708 1
708 5395 1
5395 4036 1
4036 956 1
409 469 1
469 441 1
6628 1467 2
1467 956 1
956 5641 1
2342 6456 1
317 1770 1
1770 6170 1
6170 751 1
751 3850 1
3850 2927 1
2927 2629 1
1992 6503 1
5993 4800 1
4800 3265 1
3265 4684 1
4684 5954 1
961 6503 1
279 3265 1
3265 3742 1
5780 1973 1
1973 2423 1
2423 1810 1
3850 442 1
442 4662 1
4662 4036 1
4036 6640 1
5844 3774 1
3774 5875 1
5123 1 1
1 441 1
441 722 1
6628 2337 1
1822 5980 2
5980 5249 1
5249 6381 1
6381 5639 1
2533 1092 1
1092 1739 1
1739 3266 1
4055 5283 1
2520 618 1
5123 6640 2
6126 4902 1
4902 956 2
956 5249 4
5249 6629 1
6629 5593 1
5117 722 1
6628 5979 1
5979 2337 1
2337 1077 1
1077 956 1
956 441 1
2984 722 1
6503 3158 1
3158 1976 1
1976 2442 1
2442 4077 1
5989 6628 1
1467 2254 1
2254 5201 1
5201 6628 1
6628 3830 1
3830 2254 1
2254 2556 1
5461 3259 1
3259 253 1
253 3588 1
3588 6640 1
6640 5894 2
5894 956 1
956 3608 1
6640 5132 1
5132 3909 1
3909 6640 1
5249 1200 2
1200 1810 1
3267 6083 1
6083 709 1
709 5989 1
5989 1467 1
705 3840 1
3840 618 1
1976 1134 1
1134 2984 1
956 5993 1
6494 3840 1
3840 312 1
1810 2932 1
2932 3732 1
3732 2199 1
2199 6417 1
6417 1375 1
1375 6456 1
6456 4046 1
4046 2984 1
6640 5599 1
5599 304 1
304 6580 1
409 2889 1
3527 1 1
6121 4814 1
4814 304 1
6627 2857 1
2857 5836 1
225 722 1
956 1375 1
1375 1976 1
1976 1077 1
3267 5993 1
6456 5525 1
5525 3732 1
2488 722 1
722 4150 1
6628 3684 1
3684 5201 1
1822 3037 1
4698 759 1
759 5103 1
1976 5852 1
5852 708 1
6627 5603 1
5603 4150 1
2629 4923 1
4923 3039 1
2226 1077 1
5993 6417 1
6417 2897 3
2897 4779 1
2629 6557 1
6557 4150 1
6627 6526 1
6526 2631 1
5502 1810 1
4166 4150 1
2629 618 1
618 253 1
253 886 1
886 5931 1
5931 5875 1
956 253 1
253 6320 1
6320 3265 1
2591 3888 1
3888 1961 1
6627 3944 1
3944 956 1
5249 6392 1
6392 722 1
722 5893 1
5893 3892 1
3892 253 1
253 6319 1
6319 3039 1
4923 1077 1
359 1961 1
1961 6355 1
6355 6640 1
3978 2863 1
2863 5117 1
3266 3464 1
3464 2255 1
2255 3463 1
3463 3266 1
1200 6500 1
5993 1258 2
409 5127 1
5127 3999 1
3999 312 1
2889 1956 1
1956 3050 2
4587 6417 1
6505 2831 1
2831 5805 1
5805 6517 1
6517 5249 1
6319 4027 1
4027 2629 1
6628 5526 1
5526 1956 1
1956 1376 1
1376 1912 1
1912 6356 1
6356 56 1
56 3692 1
3692 2853 1
2853 2229 1
2229 5993 1
312 4211 1
4211 6417 1
6417 3301 1
3301 6476 1
6476 1393 1
1393 6640 1
2863 3906 1
3906 304 1
304 1097 1
1260 2361 1
2255 4697 1
4697 6640 1
6628 2014 1
6121 6503 1
2030 2889 1
2187 708 1
6627 2773 1
2773 6640 1
304 4714 1
4714 332 1
332 1077 1
1810 4111 1
4111 3267 1
3267 3972 1
2863 4046 1
4046 253 1
253 2445 1
2445 3747 1
3747 304 1
1265 1469 1
651 5799 1
304 4322 1
4322 585 1
585 3267 1
5893 4076 1
4076 3267 1
2619 708 1
708 5356 1
5356 1613 1
1613 618 1
5123 5526 1
5526 5642 1
5642 4714 1
5103 399 1
2030 4672 1
4672 1822 1
1822 2187 1
2187 5201 1
2591 5316 1
3267 3266 1
3266 5818 1
5818 1 1
1 2604 1
2604 1 1
1 3881 1
3881 1 1
1 2374 1
1 5639 2
5639 5313 1
5313 1 1
4632 423 1
423 2187 1
4479 1 1
1 2556 1
3035 5279 1
1810 5110 1
2556 2437 1
2437 5262 2
5262 5103 1
5895 708 1
651 5677 1
5677 1138 1
1138 1810 1
1810 3052 1
3052 1810 1
2591 6164 1
6164 3006 1
3006 5843 1
5843 3267 1
1759 1810 1
2527 3133 1
517 3267 1
3267 6235 1
6235 6024 1
2616 1862 1
1862 3045 1
3045 1349 1
1349 2616 1
2863 2616 1
1 1349 1
1349 5117 1
5117 4803 1
4803 1883 1
5854 1810 1
1810 187 1
187 6110 1
6110 1727 1
5208 5923 1
5836 1469 1
3732 4764 1
4764 946 1
946 6559 1
6559 6456 1
1810 1098 1
1098 1097 1
1097 5450 1
5450 2984 1
2984 6057 1
6057 2303 1
2303 6627 1
4662 2874 1
2874 1355 1
1355 143 1
143 1810 1
304 4580 1
4580 409 1
4779 2370 1
2370 4283 1
312 1355 1
1355 722 1
1796 2858 1
2858 5450 1
5450 6384 1
3006 6024 1
2254 1762 1
3056 4322 1
2591 2749 1
5355 6628 1
2592 3157 1
3157 6640 1
6628 5687 1
5687 317 1
1134 2973 1
2973 3228 1
3228 1077 1
5893 1266 1
1266 581 1
581 1810 1
1810 508 1
5836 4040 1
4040 213 1
213 1077 1
304 3743 1
3743 1459 1
5805 1265 1
1 2743 1
2743 1970 1
312 4322 1
4322 5249 1
5249 5021 1
5021 6640 1
2863 4031 1
4031 5103 1
2373 246 1
246 1810 2
689 246 1
5263 246 1
246 4662 1
4662 2709 1
2709 1 1
6121 4704 1
3050 722 1
1810 573 1
573 5208 1
312 5943 1
5943 246 1
246 6505 1
1213 2863 1
2863 6149 1
6149 2088 1
1822 1266 1
1266 1202 1
1242 6503 1
6503 6121 1
6121 4253 1
4253 4970 1
4970 4194 1
4194 5845 1
5845 1139 1
6627 1959 1
1959 938 1
3031 4322 1
1343 5810 1
5810 2647 1
2647 5560 1
2437 3207 1
317 3398 1
3398 2124 1
5805 6640 1
5692 4864 1
3941 1077 1
1639 3267 1
2629 2074 1
2074 1393 1
1393 1810 1
705 304 1
2556 2501 1
2501 1796 1
2085 6456 1
6456 2778 1
2778 5875 1
5875 6460 1
6460 1090 1
1090 5836 1
5836 3724 1
3724 317 1
3640 1810 1
956 4863 1
4863 2978 1
2978 90 1
2437 3893 1
3893 6640 1
6640 2647 1
2647 3207 1
3207 1104 1
1104 2863 1
2527 928 1
928 5987 1
5987 5112 1
5112 694 1
3941 4572 1
4572 317 1
651 4571 1
4571 6640 1
312 4406 1
4406 3525 1
3525 2365 1
2365 3156 1
3156 4240 2
3227 4221 1
2124 5799 1
1085 6296 1
6296 6640 1
4147 1 1
5875 6023 1
6023 4137 1
4137 304 1
304 4894 1
4894 6640 1
416 2085 1
708 1007 1
1007 4868 1
4868 6640 1
6503 6595 1
1810 845 1
845 4810 1
1639 1 1
2616 1735 1
1735 4150 1
6628 5736 1
5736 618 1
1810 5600 1
1045 3066 1
3066 6310 1
6310 2433 1
2433 1810 1
5641 236 1
236 4543 1
4543 2295 1
2295 1822 1
3236 1709 1
3608 3266 1
5110 3266 1
1011 4661 1
4661 2616 1
708 6385 1
1 3370 2
3370 2438 1
2438 3023 1
3023 4747 1
4747 2930 1
2930 3219 1
3219 708 1
5805 6538 1
6538 1810 1
1810 4606 1
4606 1810 1
5875 1404 1
1404 6385 1
2616 1453 1
1453 1810 1
1258 180 1
180 213 1
213 3266 1
3266 4236 1
4236 6640 1
6640 3781 1
3781 3732 1
1810 623 1
623 317 1
317 6200 1
6200 1548 1
1548 352 1
2849 4394 1
4394 1004 1
1004 6126 1
4253 3050 1
1 5262 2
5262 1404 1
6503 2898 1
2898 5103 1
5103 2437 1
6640 606 1
606 5385 1
5385 6505 1
6505 6118 1
6118 3926 1
3926 6023 1
5134 1469 1
2863 2685 1
2685 3266 1
3266 2485 1
2485 1265 1
1265 1227 1
1227 1810 1
3207 4630 1
4630 1399 1
312 1952 2
1952 6128 1
6128 1380 2
3941 3265 1
3265 3513 1
3513 2133 1
618 5924 1
1380 3468 1
2629 5051 1
5051 388 1
388 3265 1
3265 6438 1
6438 1952 1
1952 1159 1
317 2428 1
2428 146 1
146 2863 1
2707 1810 1
5355 5895 1
5895 6023 1
5112 680 1
680 2863 1
6599 3031 1
3031 1380 2
1380 6057 1
4742 2438 1
2438 657 1
657 5803 1
5803 1810 1
6061 6538 1
6538 1508 1
1426 6288 2
6288 1766 1
2882 3266 1
1810 6250 1
664 3154 1
3154 2616 1
6503 4133 1
4133 1404 1
2935 3821 1
3821 84 1
84 1810 1
312 5996 1
5996 3189 1
3189 1 1
3941 2646 1
2646 2373 1
3266 4556 1
5168 1596 1
1596 3205 1
1810 3368 1
3368 2456 1
2456 2304 1
2304 5799 1
6640 4257 1
5208 6125 1
6125 3833 1
3833 1810 1
2863 5014 2
5014 1083 1
5420 3266 1
928 4201 1
3266 4485 1
2197 4166 1
1255 4823 1
6515 2437 1
5262 3370 1
3370 651 1
651 3266 1
3266 5591 1
2863 1478 1
1478 2342 1
2863 6310 1
6310 2342 1
6282 2342 1
2342 1 1
5123 2527 1
2527 3199 1
3199 2322 1
2322 904 1
904 233 1
233 1871 1
1871 2628 1
2628 1 1
3266 2984 1
2984 4358 1
4358 2937 1
2937 6505 1
6505 4050 1
1015 2036 1
3266 6604 1
6604 3031 1
6640 6032 1
6032 3266 1
3266 6503 1
6503 5262 2
5262 1449 1
1810 1766 1
1766 1508 1
6288 2645 1
2645 312 1
1265 4358 1
2217 5255 1
5255 6640 1
5074 6414 1
6414 6640 1
3774 6627 1
5799 3474 1
3474 3266 1
3266 5397 1
5397 5370 1
5370 6275 1
6275 6296 1
6296 3266 1
3266 1520 1
1520 6640 1
928 2234 1
2234 1810 1
4501 1810 1
4566 1104 1
1104 312 2
1639 5923 1
312 3543 1
3543 2863 1
6138 3909 1
3909 4788 1
4788 6640 1
6640 6068 1
6068 6640 1
6640 4973 1
4973 6138 1
6138 4883 1
6138 304 1
5493 317 1
2529 90 1
90 3193 1
3193 5988 1
5988 2863 1
5923 5881 2
5881 6640 1
6640 5558 1
5558 3525 1
3525 145 1
145 1097 1
317 5863 1
5863 3050 1
6640 5598 1
5598 515 2
1045 3145 1
3145 555 1
6024 3236 2
3236 6259 1
6259 928 1
1 928 1
928 6628 1
6628 3999 1
3999 5360 1
5360 6640 1
5410 6387 1
6387 6461 1
6277 3266 1
5893 2075 1
2075 5117 1
5208 3016 1
2863 3192 1
3192 3266 1
4944 5600 1
515 3266 1
1404 5263 1
3236 5168 1
5168 4253 1
4253 1235 1
1235 3266 1
3266 5639 1
5639 5215 1
5215 966 1
966 5309 1
5309 2629 1
2629 2292 1
2292 3266 1
3266 1690 1
1690 3605 1
1509 5626 1
3300 6372 1
3031 116 1
116 5895 1
5895 2984 1
2984 1961 1
1961 2984 1
2984 1469 1
5662 2599 1
1436 5263 1
5263 2571 1
2571 4065 1
4065 5103 1
5103 3674 1
3674 2355 1
2355 2189 1
2189 6024 1
3267 1081 1
1081 4673 1
4673 3267 1
2863 1309 1
1309 57 1
1077 3399 1
3399 6640 1
5997 3693 1
3693 5585 1
5585 352 1
352 5626 1
5626 1976 1
1976 3693 2
3693 5875 1
4020 720 1
720 317 1
2136 5997 1
3015 3693 1
3693 1258 1
312 1491 1
1491 3265 1
5641 6542 1
6542 317 1
2022 4201 1
4201 3941 1
3941 2259 1
2259 3513 1
3513 3693 1
3693 2720 1
2720 4461 1
3399 1436 1
1436 6627 1
6627 1822 1
1822 3698 1
3698 5283 1
3370 5249 1
5249 6242 1
6242 6627 1
6386 95 1
5692 2863 1
2591 1110 1
2501 3213 1
6248 5988 1
5988 5112 1
5112 4922 1
4922 3693 1
3693 1961 1
1961 823 1
823 3265 1
570 6060 1
6060 6509 1
3236 5993 1
3003 6125 1
6125 5895 1
5490 2980 1
2980 2629 1
2629 2458 1
2458 3922 1
3922 1820 1
1820 5628 1
5628 4201 1
4201 1173 1
317 6022 1
6022 5279 1
3710 5103 1
5103 5189 1
5189 1469 1
1469 5570 1
5570 5074 1
5074 1469 1
3267 6417 2
2783 6640 1
5594 3693 1
1810 724 1
724 570 1
570 6023 1
5103 3711 1
3711 2051 1
5923 57 1
57 3265 1
6503 6174 1
6174 5923 1
5923 5354 1
5354 3753 1
4544 6509 1
6509 2971 1
2971 390 1
390 3265 1
317 259 1
259 6021 1
6021 678 1
678 5074 1
5074 5348 1
5348 5997 1
1004 1449 1
1449 598 1
5923 1227 1
1227 3266 1
3266 4119 1
4119 4236 1
1810 3988 1
3988 317 1
1265 4398 1
4398 4166 1
4166 1 1
1288 4559 1
4559 4829 1
4829 4426 1
4426 2768 1
1810 2728 1
2728 2889 1
1810 4700 1
4700 1266 1
1266 6640 1
3941 1469 2
5890 4150 1
5639 1249 1
1249 5103 1
5109 4140 1
5895 317 1
2124 6322 1
6322 3525 1
3525 998 1
998 2923 1
2923 6386 1
6386 1083 1
1083 3759 1
3759 1173 1
4451 4700 1
4700 2889 1
5923 3016 1
4543 6027 1
6027 1810 1
5411 304 1
304 1150 1
1150 6417 1
6417 5231 1
5231 317 1
317 5409 1
5409 5692 1
5692 2972 1
2972 5751 1
5751 3031 1
3031 1327 1
2863 5473 1
5473 421 1
421 2889 1
2889 6520 1
6520 3265 1
3265 495 2
495 700 1
700 1810 1
1692 1404 1
1404 1646 1
6627 2935 1
2935 3517 1
3517 5890 1
5890 5799 1
6121 3163 1
3163 306 1
306 2254 1
2254 236 1
409 1430 1
304 3759 1
3759 4555 1
4555 2889 1
5923 1873 1
1873 2484 1
2484 409 1
409 4929 1
4929 3708 1
3708 1469 1
6627 6114 1
6114 1173 1
1173 3368 1
3368 251 1
251 6085 1
6085 1097 1
5951 3822 1
3822 3031 1
3031 91 1
91 2863 1
460 2863 1
3945 6503 1
3265 3378 1
3378 317 1
5123 5127 1
5127 903 1
1459 4332 1
4332 2791 1
2791 317 1
5461 3710 1
3300 4126 1
4126 2629 1
2629 6418 1
6418 5893 1
5893 6423 1
6423 4388 1
4388 2863 1
1952 3039 1
2226 1 1
236 5663 1
5663 5074 1
312 5881 1
5881 1580 1
1580 317 1
317 6423 2
6423 2232 1
5923 5018 1
5018 4625 1
4625 3265 1
2629 6358 2
6358 2629 1
526 1202 1
4099 3972 1
6641 3265 1
495 1871 1
1871 3972 1
4577 5103 2
52 6653 1
6653 2858 1
2858 1675 1
1675 1810 1
1810 4071 1
4071 6503 1
3050 5127 1
5127 312 1
312 5677 1
5677 1097 1
6322 5103 1
4388 288 1
288 1709 1
1709 2629 1
2629 4705 1
4705 3300 1
4467 5069 1
5069 1173 1
352 6641 1
6641 5626 1
5626 1249 1
3265 5367 1
5367 5749 1
5749 5283 1
2863 1352 2
1352 2889 2
1952 233 1
233 2437 1
6640 6030 1
5535 794 1
794 4732 1
4732 96 1
96 4168 1
4168 4052 1
4052 1 1
1 233 1
233 312 1
4003 6503 1
2591 3436 1
3436 1810 1
1810 3923 1
3923 2088 1
2088 2629 1
2629 3840 1
3840 2475 1
5836 2439 1
2439 5621 1
708 3724 1
3724 1077 1
1077 3724 1
3724 5323 1
5476 4194 1
4194 5488 2
5488 2863 1
2863 3874 1
3874 6640 1
206 956 1
6640 5611 1
5611 3265 1
3265 3721 1
3265 6044 1
3850 938 1
938 6640 1
5588 1810 1
1469 4052 1
4052 352 1
352 3426 1
3426 3006 1
459 6642 1
6642 6628 1
1810 4305 1
4305 4050 1
4050 4341 1
4341 4885 1
4885 6640 1
2889 1970 1
1970 4003 1
4424 5263 1
2863 5959 1
5959 5103 1
2501 409 1
409 3355 1
3050 4534 1
4534 1262 1
1262 722 1
722 6024 1
989 2972 1
2972 3581 1
3581 233 1
233 2353 1
2353 1810 1
2133 2679 1
312 2650 1
2650 3267 1
5014 4203 1
2889 2591 1
2591 6031 1
6031 1810 1
6640 3070 1
3070 304 1
6640 4046 1
4046 84 1
84 5799 1
1810 4651 1
4651 2629 1
2501 1202 1
5117 4944 1
4944 1810 1
5283 4714 1
4714 6640 1
471 2889 1
2889 5805 1
5805 389 1
389 5805 1
5805 4299 1
4299 6389 1
6389 4788 1
4788 5554 1
5554 2437 1
2437 3265 1
3265 5024 1
5185 5181 1
5181 1077 1
1810 2232 1
5923 1854 1
1854 3265 1
6124 390 1
390 2545 1
2545 4780 1
4780 1469 1
651 618 1
4240 6640 2
6640 4026 1
4026 6627 1
1171 5805 1
5805 2889 1
2889 5661 1
5661 5999 1
1810 2306 1
2306 3146 1
3146 347 1
347 6640 1
2943 2437 1
2437 312 2
6385 2629 1
1265 2591 1
1083 6384 1
6384 4203 1
5810 5870 1
5870 5576 1
5576 5805 1
6640 1698 1
1698 2629 1
5005 5103 1
3267 1097 1
1810 4424 2
4424 6640 1
4651 630 1
1202 6286 1
1676 5993 1
5993 4638 1
2523 6652 1
5765 2889 1
2889 5263 1
6640 3234 1
3234 6456 1
3267 5871 1
5871 3831 1
3831 5760 1
5760 3265 1
1810 5190 1
5190 4332 1
3287 5799 1
6365 1 1
1 2437 1
317 1492 1
1492 2616 1
2616 3108 1
3108 406 1
406 5980 1
5980 4388 1
1810 5871 1
5871 163 1
163 3887 1
3887 3265 1
132 2889 1
2863 4679 1
4679 2863 1
2889 1171 1
1171 618 1
2556 2542 1
2542 3065 2
2937 4420 1
4420 708 1
3525 4227 1
4227 1249 1
1249 4566 1
4566 2256 1
2256 3349 1
3349 5881 1
5881 5434 1
5434 2935 1
2935 6640 1
1357 183 1
183 5631 1
5631 1469 1
3265 700 1
700 1469 1
5370 5481 1
5481 5103 1
5461 2542 1
5103 3591 1
1426 4795 1
5239 1213 1
6384 6456 1
6456 5993 1
5993 708 1
4176 6385 1
3265 1687 1
1687 517 1
1810 2667 1
2667 708 1
708 3080 1
3080 2863 1
2863 248 1
248 3265 1
236 4201 1
4201 6322 1
6322 6138 1
1639 3265 1
3267 367 1
367 5448 1
3265 2360 1
2360 6423 1
6423 4203 1
6503 6423 1
6423 312 1
312 6478 1
6478 6014 1
6014 1871 1
1871 6503 1
1096 3732 1
2488 2626 1
1810 3173 1
3173 509 1
509 5752 1
5752 6358 1
5103 526 1
6640 4969 1
4969 6503 1
963 511 1
511 6384 1
409 1969 1
1969 3608 1
3608 5862 1
5112 4951 1
4951 1249 1
1249 2361 1
2361 5893 1
5893 2526 1
2526 294 1
294 3764 1
3764 2669 1
2669 2556 1
2556 966 1
966 3370 1
6640 390 1
390 4207 1
4207 3156 1
6640 5340 1
5340 6503 1
5262 4901 1
4901 3031 1
3031 651 1
312 349 1
349 6023 1
5112 1139 1
1810 3050 1
3050 5263 1
6024 4166 1
4166 233 1
233 1 1
3370 1380 1
5110 6640 1
6640 1956 1
4795 2366 1
2366 6070 1
6070 2629 1
6242 6503 1
5923 977 1
5112 3941 1
3941 3406 1
6640 4612 1
2124 5053 1
5053 4973 1
4973 6503 1
5560 5875 1
2591 5665 1
5665 344 1
344 508 1
508 5545 1
5545 1984 1
1984 759 1
759 1810 1
1810 4350 1
4350 3266 1
3266 5225 1
5225 3031 1
3265 5558 1
5558 2531 1
2531 5514 1
5514 3525 1
3525 197 1
197 2355 1
2355 6024 1
2863 4755 1
4755 1961 1
3591 1139 1
1139 226 1
226 6640 1
4485 1240 1
1240 3265 1
3265 4546 1
4546 6470 1
4022 6023 1
5112 554 1
2124 2629 1
6435 3266 1
6596 5250 1
5250 5103 1
3266 5101 1
5101 1810 1
5844 5348 1
2591 4102 1
4102 5271 1
5271 5123 1
5123 6276 1
6276 233 1
233 6126 1
1081 5799 1
5799 5560 1
3265 466 1
466 6384 1
6384 3265 1
3265 977 1
5577 5211 1
5211 2553 1
2553 3561 1
3265 4658 1
4658 6126 1
3999 3554 1
3554 2935 1
3789 233 1
233 4263 1
4263 3424 1
928 3185 1
3185 5467 1
5467 3335 1
3335 1810 1
6640 1265 1
1265 1961 1
6627 5389 1
5389 903 1
903 3721 1
187 2863 1
144 3381 1
2591 4403 1
4403 5185 1
5185 970 1
970 218 1
218 411 1
411 816 1
816 3265 1
1613 4341 1
4341 373 1
373 5844 1
6250 5997 1
5997 4952 1
4952 6021 1
6021 6640 1
5283 1077 1
3266 510 1
510 3065 1
6460 5262 1
5262 3056 1
6627 1133 1
1133 5538 1
5538 1976 1
1976 1133 1
1133 1077 1
359 3207 1
2616 810 2
569 85 1
2889 810 1
810 2889 1
2889 2629 1
569 3065 1
3265 5886 1
5886 1004 1
1004 3300 1
3300 260 1
260 2851 1
3300 4194 1
5488 2984 1
1343 260 1
260 6640 1
4063 708 1
810 3265 1
569 5923 1
2616 1545 1
1545 6627 1
5201 2567 1
2567 3124 1
3124 2679 1
2679 5489 1
5489 1810 1
3941 6021 1
6021 6126 1
2863 3592 1
3592 3265 1
5893 5392 1
5392 812 1
6640 147 1
147 312 1
312 641 1
641 4283 1
4283 6023 1
6023 6627 1
6627 5661 1
5661 2616 1
2616 4632 1
4632 5969 1
5969 4585 1
5923 6417 1
2897 3880 1
3880 2616 1
539 1139 1
1810 3051 1
3051 3942 1
3942 722 1
4424 585 1
585 1810 1
1810 5063 1
5063 1810 1
1810 330 1
330 3710 1
1810 2281 1
1810 5314 1
5314 1810 1
1810 1467 1
1810 2604 1
4632 705 1
707 722 1
4322 5316 1
5316 312 1
312 6365 1
6365 4398 1
4398 3664 1
3664 3684 1
3684 756 1
708 5805 1
5805 1 1
312 1471 1
1471 2616 1
2616 1426 2
1426 5025 1
5025 1033 1
705 6123 1
6123 5546 1
5546 118 1
118 3693 1
3693 5598 1
1045 1130 1
3830 3801 1
3801 5127 1
5127 5401 1
5401 2337 1
5980 1641 1
1641 3266 1
1810 4182 1
4182 1173 1
1173 2374 1
6470 722 1
2022 330 1
330 3611 1
3611 57 1
722 2886 1
2886 2761 1
2761 5127 1
5127 2246 1
1810 4863 1
4863 884 1
884 1197 1
1197 2127 1
2127 1173 1
1255 1535 1
1535 1762 1
1762 5895 1
5103 2449 1
6503 6525 1
6525 2863 1
2863 1919 1
1919 409 1
409 1134 1
1134 4203 1
4486 3942 1
1822 5127 1
5127 2616 1
4424 833 1
833 2616 1
6243 3785 1
2616 5880 1
5880 6640 1
1810 3886 1
3886 3031 1
5765 5154 1
5154 5103 1
5103 5963 1
5963 4643 1
4643 3791 1
3791 625 1
2085 3861 1
3861 5450 1
2616 517 1
517 1 1
1 4053 1
4053 1090 1
1090 903 1
903 236 1
236 6595 1
6595 2616 1
1426 5223 1
2371 4083 1
3721 737 1
737 187 1
187 1810 2
5844 5183 1
5201 5117 1
2342 2366 1
2366 6023 1
6023 1395 1
1395 317 1
5396 3023 1
3850 5799 1
722 2432 1
2432 2888 1
2888 2675 1
2675 2616 2
5669 6365 1
6365 6523 1
6523 5103 1
6170 409 1
2863 5159 1
5159 1810 1
1810 2778 1
2778 2616 1
5410 6024 1
5074 6481 1
6481 5217 1
5217 1426 2
2527 6383 1
6383 4688 1
4688 722 1
3050 2614 1
2614 3056 1
3056 3788 1
3788 1426 1
1426 2886 1
2886 2438 1
2085 766 1
766 6640 1
6640 3066 1
3066 1531 1
1531 5805 1
5893 1151 1
1151 3031 1
980 5185 1
3811 6503 1
6100 6647 1
1 6021 1
6021 248 1
248 2616 1
708 2157 1
2157 5893 1
5893 1903 1
1903 2339 1
2339 5370 1
5370 3066 1
3066 5815 1
5815 1663 1
1663 96 1
6182 3056 1
2291 1586 1
1586 3266 1
3266 6274 1
6274 5844 1
5844 5185 1
5185 4605 1
4605 5893 1
5893 4045 1
4045 1399 1
1404 2086 1
2086 1613 1
3300 528 1
528 5103 1
2254 4566 1
4566 5923 1
1810 6167 1
6167 2467 1
2467 5136 1
5136 5103 1
2254 4885 1
4885 5103 1
5103 85 1
5875 5103 1
1343 5923 1
5923 5945 1
5945 441 1
5894 279 1
279 654 1
4122 4812 1
2863 95 1
95 3271 1
3271 510 1
510 6023 1
5112 85 1
2889 2133 1
3265 387 1
387 2695 1
2695 3265 1
3300 5263 1
5127 2629 1
1810 526 1
526 409 1
6423 3972 1
2863 4207 1
4207 6374 1
6374 1871 1
52 5903 1
5903 4383 1
4383 2629 1
4166 928 1
3265 4755 1
4755 3041 1
3041 4841 1
4841 1961 1
1961 1406 1
1406 3267 1
4283 1643 1
1643 3265 1
3265 2223 1
6640 5718 1
5718 5327 1
5327 2863 1
2527 3318 2
2863 4778 1
4778 3265 1
5183 1961 1
708 1190 1
1190 6503 1
1798 1873 1
1873 5875 1
956 6023 1
1399 3018 1
3265 5217 1
5117 3736 1
3736 6640 1
1455 1077 1
5881 5639 1
328 6174 1
6174 1097 1
1097 2502 1
2502 5923 1
2695 3266 1
3266 6266 1
6266 6503 1
4577 3265 1
6633 1810 1
3265 568 1
568 3732 1
5185 1499 1
1499 5799 1
2520 5997 1
4055 3319 1
3319 3265 1
3265 2107 1
2107 3265 1
96 5923 2
5923 5183 1
5183 57 1
1976 580 1
580 1810 1
1810 469 1
469 1440 1
1440 4885 1
4885 1709 1
1709 6503 1
6640 3053 1
3053 4432 1
4432 6640 1
304 2264 1
2264 317 1
2229 5893 1
304 57 1
213 2557 1
2557 3994 1
3994 1077 1
5117 6023 1
3994 618 1
3266 5461 1
3666 5661 1
5661 317 1
1104 1213 1
1213 2233 1
2233 2306 1
2306 6023 1
5112 1961 1
1961 2051 1
2851 3266 1
3266 3111 1
3111 6414 1
6414 3704 1
3370 4790 1
4790 2863 1
2863 1551 1
1551 3266 1
3161 1 1
5208 1227 1
1227 6112 1
2226 5517 1
4424 1465 1
1465 1863 1
1863 6640 1
6640 439 1
439 3495 1
3495 6148 1
6148 6023 1
3994 829 1
829 1822 1
1822 3161 1
1810 5679 1
5679 942 1
5895 3755 1
3755 3530 1
3530 5799 1
5799 942 1
942 6503 1
1959 5103 1
4792 4550 1
4550 304 1
304 5301 1
1774 1077 1
1077 4566 1
4566 3266 1
6503 3385 1
3385 2629 1
6640 5470 1
5470 312 1
304 5420 1
5420 6456 1
928 5923 1
5923 213 1
2556 2560 1
2560 6023 1
6023 5113 1
5113 3265 1
5651 3627 1
3627 359 1
5262 5923 1
312 5217 1
2527 2257 1
3265 1118 1
1118 5997 1
5283 390 1
390 2257 1
2257 1118 1
1118 907 1
6328 2678 1
5117 819 1
819 6627 1
6627 5522 1
5895 5799 1
6640 2342 1
6135 3265 1
5997 1769 1
1769 870 1
870 1862 1
2226 907 1
3339 217 1
217 6023 1
5112 312 1
317 5694 1
5694 2903 1
2903 3031 1
5110 5923 1
236 4980 1
4980 2085 1
3265 5369 1
5369 4763 1
4763 6372 1
6372 1810 1
2591 3287 1
3287 1 1
1 418 1
418 4597 1
4597 317 1
6427 5805 1
5805 4640 1
4640 6503 1
6503 5533 1
5533 5208 1
5208 3266 1
3266 1043 1
1043 5348 1
5348 4203 1
3018 1083 1
1083 5123 1
5123 5639 1
5639 5626 1
5626 2863 1
4069 1822 1
5370 6023 1
3994 4952 2
4952 409 1
409 2254 1
5805 1810 1
1810 1970 1
1970 2556 1
2556 1941 1
3527 1258 1
1976 2845 1
2845 97 1
97 4003 1
4003 2085 1
2085 2535 1
6319 4466 1
5490 5993 1
5993 2535 1
6319 510 1
510 5117 1
5117 3909 1
3909 4585 1
4585 2702 1
6640 6023 1
5799 1952 1
6628 4386 1
4386 1810 1
2085 6023 2
5112 4466 1
5895 6640 1
312 3815 1
3815 1327 1
5609 2863 1
3346 1077 1
2863 4947 1
4947 3265 1
6627 1083 1
1083 2629 1
6627 5798 1
5545 6415 1
6415 4432 1
1228 5799 1
769 3265 1
5117 2698 1
2698 5262 1
1134 6157 1
6157 1961 1
6384 6023 1
3994 3888 1
3888 6503 1
328 317 1
1134 1096 1
1096 568 1
568 1173 1
1173 5805 1
3127 870 1
870 6662 1
6662 1810 1
1810 2977 1
5490 1712 1
1712 409 1
6628 547 1
1810 6365 1
6365 1197 1
3318 6126 1
6126 5183 1
5183 2889 1
2889 6023 1
5112 2754 1
3266 279 1
279 5262 1
5923 4370 1
4370 187 1
187 3266 1
3266 3014 1
1798 3266 1
3266 5218 1
5778 2342 1
6628 5522 1
5522 1984 1
1984 3035 1
3035 6593 1
6593 618 1
4424 3266 1
3266 5821 1
5821 317 1
4748 5117 1
5117 1469 1
1469 5999 1
2522 4203 1
3266 3693 1
3370 5997 1
4019 3006 1
5370 548 1
548 6023 1
5112 6108 1
6108 359 1
6640 3690 1
3690 1097 1
4795 4652 1
4652 6024 1
722 3156 1
3156 2616 1
4019 5249 1
5249 6023 1
3994 3754 1
4597 1039 1
1039 970 1
6503 1404 1
1404 5236 1
5236 3235 1
3235 3265 1
5411 5799 1
5799 956 1
6640 158 1
158 3805 1
3805 5786 1
5786 3693 1
3693 1976 1
3693 3805 1
3805 3693 1
3693 3788 1
3788 618 1
317 6462 1
6462 3056 1
3056 1228 1
1228 5844 1
312 3961 1
3961 3267 1
6417 6640 1
5201 1083 1
1519 317 1
3267 2675 1
2616 6365 1
6365 1810 1
1952 5567 1
5567 5875 1
5875 3056 1
3056 2566 1
2566 6640 1
5997 3059 1
3059 317 1
317 5049 1
5049 1 1
3207 3693 1
3693 6640 1
2754 6505 1
6505 4328 1
4328 722 1
6640 4409 1
4409 3978 1
5283 6023 1
5112 5875 1
5875 3693 1
3693 4423 1
4423 720 1
720 4276 1
6497 3265 1
3031 3270 1
3270 6417 1
6417 6024 1
312 4307 1
4307 3266 1
3266 3737 1
3737 3065 1
1576 2629 1
1260 6503 1
3693 6024 1
3227 1077 1
1077 3743 1
3743 1810 1
1810 4624 1
4624 317 1
6096 6061 1
6061 5895 1
3265 1976 1
1976 6024 1
312 2741 1
2741 2085 1
3265 6257 1
6257 3733 1
3733 6503 1
6503 4973 1
4973 3265 1
3265 1130 1
59 3733 1
3733 5469 1
5469 187 1
304 3318 1
3318 2889 1
6126 1810 1
5183 3265 1
2849 3265 1
3265 1874 1
1874 317 1
460 1399 1
1399 6096 1
6096 4228 1
4228 1173 1
4083 5103 1
3721 1899 1
1899 4432 2
4432 630 1
5117 6267 1
6267 5005 1
4201 3424 1
3424 3265 1
3265 3135 1
3135 1269 1
1269 6126 1
3566 1961 1
5358 5103 1
5103 6570 1
6570 1646 1
1469 4193 1
4193 651 1
651 2232 1
6386 1477 1
1477 2754 1
2754 1269 1
1269 6505 1
6505 5458 1
1810 693 1
693 1173 1
5103 6313 1
6313 1810 1
2603 5879 1
304 2820 1
913 1077 1
96 6628 1
6628 6425 1
6425 708 1
3118 1961 1
6384 1173 1
367 5217 1
3318 3370 1
3370 6423 1
2085 5862 1
5862 3994 1
3994 1380 1
1810 5862 1
5112 4952 1
4952 1961 1
1961 6230 1
6230 1810 1
1810 1211 1
1211 3265 1
3265 4046 1
4046 1249 1
1249 6291 1
1469 233 1
233 5895 1
5895 3267 1
1810 3092 1
3092 3265 1
3265 3203 1
3203 3265 1
2159 2629 1
2629 6026 1
6026 1810 1
2863 1693 1
1693 4780 1
4780 2616 1
2616 3751 1
3751 3265 1
2124 233 1
4137 6024 1
2616 411 1
411 4824 1
4824 5923 1
5923 3804 1
3804 1173 1
1173 5525 1
5525 1260 1
5799 5851 1
5851 1917 1
1917 1197 1
2616 5052 1
5052 6137 1
6137 1173 1
1173 6124 1
6124 3126 1
3126 618 1
956 3134 1
1404 5879 1
5879 2629 1
2629 1169 1
1169 3362 1
6640 563 1
6627 1976 1
1976 4452 1
4452 6503 1
312 2087 1
2087 215 1
5323 3300 1
216 618 1
769 4276 1
4276 4801 1
4801 3056 1
5283 359 1
359 956 1
6503 4452 1
4452 6024 1
6640 389 1
5923 5703 1
5703 3035 1
3035 3705 1
3705 4305 1
4305 2616 1
2616 2086 1
2086 3051 1
3051 6031 1
6031 3486 1
3486 714 1
714 2616 1
1216 5208 1
5208 3311 1
3311 1810 1
3468 1899 1
4432 2629 1
2629 1883 2
5854 5799 1
5799 2897 1
2897 2629 1
1097 6640 1
6640 5478 1
5478 1077 1
6460 87 1
312 1140 1
1140 2266 1
2266 3311 1
3311 1077 1
4020 6507 1
3409 2645 1
2645 388 1
388 5836 1
651 1486 1
1486 708 1
708 1140 1
1810 4635 1
4635 3267 1
2984 1140 1
1140 6417 1
6417 5283 1
5923 5844 1
5844 2722 1
2722 236 1
236 6561 1
1260 1077 1
1810 3556 1
3556 5826 1
5826 928 1
2863 1958 1
1958 5103 1
4099 3732 1
2488 1202 1
2556 3508 1
3508 3265 1
2863 4273 1
2197 3016 1
388 4566 1
1173 5913 1
5913 970 1
970 4240 1
1173 6105 1
4783 4240 1
4240 907 1
2720 3159 1
3159 4045 1
4045 5923 1
5923 1267 1
1267 6503 1
6503 3728 1
4845 5810 1
5810 2322 1
6456 2355 1
2355 515 1
515 4045 1
4045 6640 1
3941 1520 1
1520 3265 1
4735 554 1
554 3056 1
5844 4020 1
4020 5185 1
1140 2085 1
5997 6076 1
6076 6627 1
3409 5923 1
5923 4253 1
5476 4087 1
4087 3046 1
3046 5185 1
5185 4732 1
4732 2629 1
6566 317 1
460 6438 1
150 4146 1
4146 2187 1
2187 6438 1
6460 3690 1
6628 6478 1
6478 4786 1
4786 4203 1
59 6640 1
5893 1796 1
1976 547 1
547 5546 1
5546 2077 1
2077 6640 1
2863 1707 1
1707 304 1
5805 1134 1
4902 1327 1
1327 6118 1
6118 2629 1
5854 4203 1
5112 5453 1
5453 6268 1
6268 6640 1
2556 602 1
602 1 1
791 2984 1
6121 1930 1
1930 1796 1
1796 1970 1
1970 6627 1
6627 2132 1
2132 5103 1
5103 4251 1
4251 907 1
