795 3431 4
3431 7607 5
7607 3380 33
3380 3199 129
3199 2009 98
2009 1575 3
1575 3199 19
3199 7442 3
7442 2303 2
2303 4346 2
4346 3018 4
3018 5056 1
5056 6745 1
6745 6286 13
6286 3387 1
3387 7598 35
7598 3199 81
3199 115 2
115 7600 1
7600 2303 5
2303 6359 1
6359 2825 1
2825 2726 1
2726 6669 1
6669 2030 1
2030 3084 8
3084 364 2
364 3538 9
3538 4892 1
4892 2329 1
2329 364 1
364 7393 28
7393 3671 6
3671 5005 1
5005 3387 1
3387 364 19
3538 3084 1
3084 4892 1
4892 7598 1
7598 3380 10
3380 7607 4
7607 3199 248
3199 519 12
519 7390 1
7390 2431 29
2431 352 2
352 3199 24
3199 6268 1
6268 4971 1
4971 6160 3
6160 5489 1
5489 7447 4
7447 6900 3
6900 4583 10
4583 2099 1
2099 400 1
400 2099 3
2099 2879 2
2879 2771 1
2771 5177 1
5177 6900 1
4583 6750 1
6750 6900 2
4583 2030 3
2030 5177 7
5177 2771 1
2771 2030 5
5177 400 1
400 1503 3
1503 5657 1
5657 364 1
364 6775 50
6775 2303 2
2303 3672 2
3672 364 22
364 273 5
273 7374 9
7374 4893 1
4893 2303 1
2303 6744 1
6744 5832 3
5832 2319 1
2319 839 1
839 2176 1
2176 7607 47
7607 6995 38
6995 1087 4
1087 3414 29
3414 6641 20
6641 678 14
678 7393 1
7393 2378 1
2378 6775 1
2303 2910 1
2910 5832 38
5832 6745 10
6745 3136 1
3136 1302 1
1302 1836 1
1836 5479 1
5479 364 1
364 4176 9
4176 2030 7
2030 6462 57
6462 249 1
249 2910 1
2910 4618 1
4618 4244 1
4244 7516 1
7516 6875 12
6875 1421 12
1421 2932 5
2932 295 4
295 772 1
772 2014 1
2014 5313 1
5313 6992 1
6992 6080 1
6080 6655 1
6655 363 26
363 1305 1
1305 2312 1
2312 3673 27
3673 5880 1
5880 364 1
364 2546 4
2546 2555 1
2555 6568 1
6568 6878 13
6878 516 1
516 3673 6
3673 1225 3
1225 2030 41
2030 4597 12
4597 2932 8
2932 5350 1
5350 2030 1
2030 7598 48
7598 1227 1
1227 2910 3
2910 4244 2
4244 1421 2
1421 364 8
364 1301 4
1301 2932 3
295 2487 1
2487 1090 2
1090 7390 1
7390 2030 24
2030 3199 205
3199 5032 6
5032 2932 1
2932 7447 17
7447 4832 1
4832 6495 1
6495 1302 1
1302 1 5
1 400 1
1503 516 1
516 7607 3
7607 1773 1
1773 6616 1
6616 2030 3
2030 3672 62
3672 6044 19
6044 7447 298
7447 7354 1
7354 7607 1
7607 3387 10
3387 7607 122
7607 363 97
363 3970 41
3970 7319 2
7319 1628 1
1628 772 1
772 711 47
711 364 4
364 1425 29
1425 6990 1
6990 3970 6
3970 17 1
17 2030 2
2030 5071 1
5071 6901 1
6901 400 3
400 772 1
772 1295 1
1295 2030 2
2030 678 51
678 2312 4
2312 7607 73
7607 6462 30
6462 3226 1
3226 7607 1
7607 7041 2
7041 7607 2
7607 6234 12
6234 558 1
558 364 10
364 5929 22
5929 4951 1
4951 2667 1
2667 2030 5
2030 364 71
5929 285 1
285 2086 1
2086 5862 1
5862 2030 2
2030 363 59
363 5927 3
5927 2030 6
2030 6602 4
6602 3387 1
3387 6775 15
6775 6286 29
6286 937 1
937 7607 1
7607 2030 162
2030 6044 86
7447 1675 1
1675 7480 1
7480 5479 1
5479 2030 3
2030 7447 51
7447 7607 232
7607 6207 6
6207 764 1
764 364 2
364 3672 20
3672 1575 1
1575 442 1
442 2169 11
2169 400 2
400 2030 4
363 5072 1
5072 3414 1
3414 7607 27
2030 442 8
442 400 1
400 4684 1
4684 2996 1
2996 7607 10
2030 3486 1
3486 119 1
119 1648 1
1648 3566 1
3566 2030 1
2030 1579 33
1579 4714 1
4714 697 1
697 3672 1
3672 3199 27
3199 7299 41
7299 7607 4
7607 3453 2
3453 3672 1
3672 3723 2
3723 3113 1
3113 2932 1
2932 7607 31
7607 3392 1
3392 4217 2
4217 2030 9
2030 7607 247
3199 2879 163
2879 4374 3
4374 6744 1
6744 4816 1
4816 1225 1
1225 4816 1
4816 2030 1
2030 7455 4
7455 6781 1
6781 7607 2
7607 467 9
467 5897 1
5897 3414 1
3414 1 33
1 4826 94
4826 772 5
772 4520 1
4520 4696 1
4696 400 1
400 1962 1
1962 2169 1
2169 6998 4
6998 364 1
364 2345 1
2345 2030 2
2030 2996 3
2996 363 6
363 7611 1
7611 583 1
583 1 3
1 2312 46
2312 5046 4
5046 2169 3
2169 6486 2
6486 3275 1
3275 363 16
363 6428 2
6428 3186 1
3186 1577 1
1577 1 2
1 2996 1
363 4418 1
4418 4521 2
4521 400 2
400 2975 1
2975 1097 1
1097 2030 26
2030 4298 1
4298 3279 2
3279 2982 2
2982 2548 2
2548 7303 1
7303 4900 1
4900 364 2
364 3673 13
3673 3380 7
3380 4233 9
4233 3199 3
3199 363 148
363 6725 2
6725 1577 14
1577 2479 1
2479 6775 16
6775 7447 32
7447 2171 3
2171 482 1
482 363 4
363 5024 3
5024 3828 1
3828 2116 1
2116 1298 1
1298 2817 1
2817 3510 1
3510 6655 1
6655 772 3
772 4102 1
4102 6290 1
6290 6641 1
6641 2030 51
2030 6709 2
6709 2489 1
2489 2030 14
2030 980 3
980 7297 1
7297 4754 1
4754 6998 5
6998 3672 1
3672 962 1
962 2303 1
2303 2030 11
2030 7185 2
7185 7607 1
7607 5177 5
5177 2841 1
2841 2030 1
2030 6831 1
6831 2030 1
7607 364 40
364 4804 5
4804 313 1
313 6641 1
6641 7607 20
7607 6448 11
6448 5585 1
5585 772 1
772 5177 4
5177 3671 6
3671 3387 18
3387 3672 17
3672 2198 2
2198 5186 1
5186 7447 1
7447 2841 1
2841 1231 1
1231 7055 1
7055 2030 8
2030 6728 48
6728 7607 23
7607 4142 1
4142 3431 1
3431 3282 8
3282 1652 1
1652 4828 1
4828 7447 285
3199 2123 2
2123 4540 1
4540 728 1
728 4754 3
4754 6775 15
6775 7607 15
7607 1935 6
1935 4558 1
4558 2030 1
7607 6411 11
6411 6901 2
400 5577 1
5577 3387 1
3199 4507 2
4507 3672 1
7447 7598 110
7598 1518 1
1518 3295 1
3295 5008 1
5008 2030 1
7607 1419 13
1419 4780 1
4780 7598 2
7598 275 4
275 3199 40
3199 1294 11
1294 2102 1
2102 6641 2
6641 4794 3
4794 3265 1
3265 7390 1
7390 5010 1
5010 2169 1
2169 7397 1
7397 3431 1
3431 7393 24
7393 4667 1
4667 3199 1
3199 2103 10
2103 678 1
678 3672 1
3672 176 1
176 3431 2
3431 2841 1
2841 7303 1
7303 3671 1
3671 3672 2
3199 5767 1
5767 2030 1
2030 3372 1
3372 3199 1
3199 3419 5
3419 5468 1
5468 7055 1
7055 1 4
1 2169 5
2169 7607 21
7607 7415 3
7415 5030 1
5030 1639 1
1639 6725 18
6725 7447 30
7607 1294 7
1294 482 1
482 364 5
364 2431 5
2431 772 2
772 1600 9
1600 1577 1
1577 7453 1
7453 5176 1
5176 1 1
1 3672 18
3672 545 1
545 3429 1
3429 6630 1
6630 3207 1
3207 364 1
364 7598 69
363 3380 3
4233 5468 1
5468 3672 2
3672 5844 5
5844 7598 2
7598 1294 9
1294 2169 1
2169 3672 10
3672 2176 4
2176 5468 50
5468 5036 1
5036 6011 1
6011 2818 2
2818 7075 25
7075 1389 1
1389 6787 1
6787 6461 1
6461 1273 1
1273 364 1
364 3978 1
3978 2030 1
2030 3130 1
3130 2932 1
7607 5832 22
5832 330 1
330 3672 1
3672 3495 1
3495 7607 1
7607 202 1
202 7365 1
7365 4521 1
400 3199 3
3199 7074 1
7074 3672 1
3672 1238 1
1238 7607 7
7607 352 43
352 5313 1
5313 3199 9
3199 833 3
833 4826 1
4826 7339 2
7339 7365 4
7365 363 1
363 6187 1
6187 6111 1
6111 2030 2
6995 3199 21
3199 6024 2
6024 2932 2
2932 2780 18
2780 2818 1
7075 6725 1
6725 2030 7
2030 1298 11
1298 1087 1
1087 3199 20
3199 1311 2
1311 6641 1
6641 3393 1
3393 1034 1
1034 2030 1
2030 1941 4
1941 6872 5
6872 6641 8
6641 1112 1
1112 1034 1
1034 6023 1
6023 5379 1
5379 7406 2
7406 2811 9
2811 6234 2
6234 3199 1
3199 1977 1
1977 2030 4
3199 4841 1
4841 6641 1
6641 1034 1
1034 4865 1
4865 6872 12
6872 3199 66
3199 6448 2
6448 465 1
465 5967 3
5967 2176 4
2176 6125 20
6125 4826 1
4826 3672 8
3672 4442 1
4442 5657 2
5657 7607 10
5177 4956 1
4956 1 1
1 7607 72
7607 6044 65
7447 7299 9
7299 352 11
352 6655 5
363 6728 2
6728 3672 8
3672 486 1
486 7302 1
7302 7607 1
3199 1506 19
1506 3380 1
4233 7607 6
7607 5313 17
5313 7300 1
7300 1325 1
1325 2518 1
2518 7300 1
7300 4099 1
4099 6744 1
6744 2030 9
2030 467 31
467 7607 3
3199 4993 1
4993 3672 1
7447 1172 2
1172 6641 1
6641 1087 13
1087 678 10
678 6990 3
6990 3672 3
5844 3356 1
3356 1639 18
1639 7447 15
7447 2932 15
2932 5898 20
5898 3199 3
3199 1087 48
1087 352 1
352 6641 10
6641 3672 6
3672 3064 1
3064 1628 1
1628 6641 1
6641 7449 12
7449 4679 1
4679 364 13
364 5595 2
5595 3414 1
3199 520 46
520 3369 6
3369 825 1
825 364 1
6775 7449 27
7449 3897 1
3897 6858 4
6858 1600 1
1600 2517 1
2517 3672 2
3672 2030 45
2030 4722 2
4722 7447 1
7447 3199 65
3199 6462 53
6462 2030 2
2030 6448 11
6448 3387 1
3199 6044 31
6044 5177 2
5177 7598 13
7598 4828 3
7447 851 2
851 352 4
352 3600 4
3600 3315 1
3315 1 1
1 6731 1
6731 3369 1
3369 6866 1
6866 3672 5
3672 5565 1
5565 585 1
585 2030 2
6462 5658 5
5658 7607 2
5177 1627 1
1627 364 1
5595 3672 1
7447 7390 10
7390 6655 2
6655 6744 1
1298 7447 2
7447 6153 1
6153 7339 1
7339 1301 9
1301 5832 1
5832 55 1
55 364 1
364 5802 18
5802 2030 55
2030 4165 2
4165 364 1
364 413 1
413 412 1
412 4645 1
4645 7598 5
3199 275 9
275 6121 1
6121 3387 1
6044 7607 25
6411 6744 1
6744 2176 1
2176 3672 13
3672 1506 1
1506 4679 1
4679 2616 1
2616 6858 1
6858 6775 1
6286 2030 6
3672 3803 2
3803 7447 5
7447 3671 171
3671 3199 107
3199 1243 12
1243 2030 4
2030 1059 1
1059 6858 1
6858 1691 1
1691 7607 1
7607 7598 51
7598 3970 9
3970 3497 1
3497 4828 1
7607 7300 14
7300 363 2
363 5832 12
5832 3673 65
3673 564 4
564 2818 1
7075 772 1
772 5226 5
5226 1413 1
1413 7607 1
6462 3415 1
3415 2030 1
2030 6773 2
6773 3279 1
3279 4331 10
4331 4505 1
4505 3233 1
3233 2030 21
2030 5356 1
5356 2845 1
2845 1 1
772 3896 3
3896 6370 3
6370 7607 2
7607 4520 28
4520 5832 2
5832 5909 1
5909 2169 1
2169 5967 20
5967 364 24
364 2360 20
2360 2030 16
2030 4779 6
4779 3672 1
3672 2932 13
2932 6486 6
6486 4826 1
4826 6013 1
6013 2932 7
2932 6547 4
6547 6901 2
6901 3643 4
3643 2030 10
2030 4780 3
4780 1506 1
1506 3431 11
3431 7394 1
7394 470 1
470 3387 1
3387 2046 4
2046 7598 11
3199 851 15
851 7607 2
363 6641 25
6641 6773 2
6773 7447 1
7447 1233 4
1233 4875 1
4875 7300 1
7300 7055 1
7055 6039 1
6039 1958 1
1958 2030 4
364 2600 38
2600 4167 1
4167 7498 1
7498 2628 1
2628 2030 4
7607 7116 16
7116 7447 6
7447 394 1
394 6256 1
6256 7173 1
7173 2982 1
2982 2262 2
2262 2510 2
2510 7055 1
1 2328 1
2328 2030 1
2030 6241 5
6241 970 1
970 2982 1
2510 1419 1
1419 7055 1
1 472 1
472 5185 1
5185 7607 1
7607 7453 3
7453 5361 1
5361 3387 1
2879 5560 2
5560 364 2
7393 1298 15
1298 2030 28
2030 3789 12
3789 7598 17
7598 6901 4
6901 7607 111
7607 2871 6
2871 5178 1
5178 4244 1
4244 2324 10
2324 4826 1
4826 7607 32
7116 394 1
394 364 1
2600 6775 1
6775 1964 1
1964 2431 1
2431 2060 1
2060 4997 1
4997 2312 1
2312 7299 1
7299 5657 1
5657 3431 5
3431 2194 1
2194 5929 1
5929 1651 1
1651 1 1
1 3671 38
3671 3373 2
3373 3199 49
3199 4663 9
4663 2030 6
2030 3671 183
3199 2589 1
2589 6396 1
6396 364 1
364 2838 4
2838 2030 4
2030 5154 3
5154 7594 1
7594 309 1
309 364 1
364 6772 1
6772 2171 1
2171 3410 6
3410 7607 6
7607 6641 50
6641 5149 1
5149 2030 2
2030 6641 42
6641 6542 1
6542 7447 1
7447 6901 43
7607 3332 11
3332 2364 1
2364 1 1
1 6866 4
6866 4040 1
4040 4688 1
4688 6901 1
7607 4244 12
4244 4227 3
4227 2030 7
7607 6545 1
6545 3671 1
3671 1 21
3671 4679 2
4679 5379 1
5379 2932 8
2932 5909 1
5909 2030 1
3199 7121 13
7121 7607 2
7607 4882 1
4882 2176 1
2176 3671 37
3671 6995 17
6995 5948 1
5948 7607 1
7607 5587 1
5587 2009 1
2009 7447 85
7598 6993 6
6993 4233 1
4233 5079 1
5079 2030 2
2030 5086 9
5086 7607 1
7607 115 3
115 4887 2
4887 7607 13
7607 2148 4
2148 2030 5
7607 1918 1
1918 6641 1
6641 7447 167
7447 7470 4
7470 4217 1
4217 3199 1
3199 5881 4
5881 7607 1
7607 729 5
729 6815 1
6815 5468 4
5468 4279 1
4279 2932 4
2780 2030 16
2030 2171 17
2171 5468 15
5468 4971 1
4971 7598 4
7598 2466 1
2466 1899 1
1899 7607 6
7607 3439 1
3439 5376 1
5376 627 1
627 3379 1
3379 7449 2
7449 3875 1
3875 408 1
408 3387 2
3387 6901 9
363 3323 2
3323 2932 3
2932 1526 5
1526 7598 1
7598 1091 1
1091 2312 1
2312 3026 1
3026 4388 1
4388 4814 1
4814 565 1
565 6775 9
7449 4979 1
4979 3672 1
3672 2982 1
2982 1256 1
1256 3387 1
7607 3370 30
3370 3199 46
3199 6170 19
6170 7449 2
7449 7598 2
7598 2839 5
2839 363 31
363 4930 1
4930 5967 1
5967 3789 2
3789 3330 1
3330 1575 1
1575 6919 1
6919 4040 1
4040 7607 1
6234 6013 2
6013 467 1
467 1489 5
1489 2030 4
2030 889 1
889 6835 1
6835 7449 1
7449 4558 1
4558 407 1
407 364 3
1425 363 7
363 6721 2
6721 2176 2
2176 364 21
2030 400 8
3199 7005 2
7005 352 2
352 6420 1
6420 1415 1
1415 711 6
711 7607 15
7116 2176 11
364 1128 48
1128 5183 1
5183 7375 1
7375 339 1
339 1254 1
1254 5468 1
5468 2030 8
2030 4826 30
772 6234 3
6234 6462 3
6462 6721 1
6721 6720 1
6720 4951 1
4951 728 1
728 7316 1
7316 474 1
474 2030 5
364 6685 21
6685 2755 1
2755 1308 5
1308 7453 1
7453 1945 1
1945 7607 1
7607 6023 7
6023 6721 2
6721 2030 13
2030 5120 5
5120 6375 1
6375 4762 1
4762 576 1
576 6720 1
6720 2929 1
2929 678 1
678 2030 17
2030 7298 5
7298 7607 3
364 3802 2
3802 2929 1
2929 2176 1
2176 2839 17
2839 6720 3
6720 1899 1
1899 4840 1
4840 5898 2
5898 2030 12
2030 874 4
874 2046 4
2046 3643 6
3643 2932 1
2932 2504 4
2504 5855 4
5855 1899 1
1899 6336 1
6336 2932 1
2932 1981 14
1981 2030 5
2030 5262 1
5262 364 1
364 7380 1
7380 1308 1
1308 2030 11
2030 440 4
440 6655 1
6655 1599 2
1599 7607 1
7607 6775 4
6286 2910 1
2910 5182 2
5182 2932 4
2932 7362 7
7362 4244 1
4244 6829 2
6829 2755 1
1308 2169 1
2169 1711 1
1711 2369 1
2369 5834 1
5834 400 1
400 2967 1
2967 7449 1
7449 474 1
474 3199 1
3199 7325 1
7325 2910 1
2910 2634 1
2634 2312 1
2312 2910 47
2910 5349 3
5349 2807 6
2807 2544 1
2544 7607 1
7607 6406 1
6406 3431 2
3431 2393 1
2393 2030 2
2030 5832 48
5832 7560 1
7560 7077 1
7077 2910 1
2910 2615 2
2615 2932 5
2030 5138 4
5138 1969 1
1969 3233 1
3233 2818 3
7075 4244 1
4244 2108 9
2108 1337 2
1337 6023 2
6023 364 7
364 1256 7
1256 2544 2
2544 2910 1
2910 3671 10
3671 3970 7
3970 7628 1
7628 520 1
520 4828 2
7447 4503 3
4503 3671 3
3671 1122 1
1122 5898 1
5898 3671 2
3671 751 2
751 973 1
973 7523 2
7523 5120 1
5120 4826 1
4826 6420 1
6420 2811 1
2811 1087 2
1087 2510 7
2510 6655 3
6655 3671 4
3671 1579 10
1579 3279 5
3279 4760 1
4760 1899 1
1899 851 1
851 2932 9
7362 2030 2
6462 2176 2
5468 2755 2
2755 2910 2
2910 4875 4
4875 2879 1
2879 1368 3
1368 3671 4
3671 1462 1
1462 3414 1
3414 678 20
678 5249 2
5249 440 1
440 2833 1
2833 711 3
711 2030 16
2030 3356 8
3356 1964 8
1964 3375 2
3375 1 1
1 2910 12
2910 772 29
772 5830 1
5830 689 1
689 6901 1
7607 1943 2
1943 2646 1
2646 3387 1
3199 6191 5
6191 4868 2
4868 4826 3
4826 6462 7
6462 2029 1
2029 7177 1
7177 4826 1
4826 6385 1
6385 2176 1
2755 2661 2
2661 7607 2
5313 2173 1
2173 7447 26
7607 4631 2
4631 1575 1
3199 4868 1
7607 2833 4
2833 5468 3
5468 7598 3
7598 1778 1
1778 1575 1
1575 3178 2
3178 364 4
364 5072 1
5072 3537 1
3537 2099 1
2099 2932 4
2932 4858 2
4858 2099 1
2099 6448 1
6448 1874 1
1874 2312 2
2312 6313 1
6313 3262 1
3262 641 1
641 1575 1
3178 1029 1
1029 1028 1
1028 3275 1
3275 4868 1
4868 6725 1
6725 2176 4
2176 2932 10
2932 1169 1
1169 3189 1
3189 2029 1
2029 364 1
364 6875 4
6875 2780 2
2780 728 1
728 1337 1
1337 1693 1
1693 7588 1
7588 4760 1
4760 2176 4
2176 795 7
795 6655 2
6655 1028 10
1028 795 2
6655 5447 1
5447 7607 2
7607 1724 1
1724 1575 1
1575 7607 32
6170 7447 6
7447 6866 4
6866 2513 2
2513 1577 1
1577 3414 2
3414 1225 9
1225 7607 31
7607 2009 54
7447 5959 6
5959 6013 1
6013 1966 1
1966 2030 5
363 6166 2
6166 4521 1
4521 3199 26
3199 7116 8
7116 6234 1
6234 2030 7
3671 7108 1
7108 2932 4
1981 2755 1
2755 7607 3
2030 6745 2
6745 3671 1
3671 5117 1
5117 2169 1
2169 1308 2
2030 973 3
973 3393 2
3393 6641 2
7447 3600 3
3600 7470 1
7470 3199 33
3199 2422 1
2422 2842 1
2842 3393 1
3393 6866 1
6866 6901 2
1943 3403 1
3403 1225 1
1225 6641 8
7447 6128 1
6128 2932 2
2932 1057 9
1057 957 1
957 3387 1
4826 1943 1
1943 579 1
579 1899 1
1899 1943 1
1943 576 1
576 7607 2
2009 2176 13
7607 7035 1
7035 7600 1
7600 2897 1
2897 5227 1
5227 7516 1
7516 2099 4
2099 5991 4
5991 2811 1
2811 3387 3
7607 4523 6
4523 7447 7
7447 1111 1
1111 1415 1
1415 6690 1
6690 6901 2
7607 7419 1
7419 364 1
364 3603 1
3603 5558 1
5558 2780 2
2780 7607 7
7607 7455 6
7455 7447 5
7447 275 6
833 3356 1
3356 3600 16
3600 2811 1
3387 2462 1
2462 6477 1
6477 2022 1
2022 2030 4
2030 5736 16
5736 772 1
1600 2460 1
2460 6866 1
6866 2176 7
5468 1337 1
1337 1185 2
1185 1722 1
1722 4826 1
6462 7311 1
7311 2030 2
7607 6428 11
6428 4573 1
4573 6775 1
6775 4350 1
4350 7607 2
7607 2001 2
2001 712 1
712 2176 41
2176 352 40
352 6722 1
6722 5924 1
5924 2030 1
2030 2910 92
2910 4688 2
4688 5360 1
5360 2932 1
2932 7426 6
7426 2312 1
2910 3894 1
3894 7245 1
7245 2932 5
2932 1321 5
1321 6775 1
6775 7502 1
7502 7607 1
7607 7447 14
7447 7298 3
7298 352 3
352 1364 3
1364 1641 1
1641 5009 1
5009 1337 1
1337 2169 1
1308 3387 3
6044 3199 8
3199 2996 18
2996 1 1
1 6725 15
6725 3671 8
3671 5308 3
5308 2030 3
2030 4412 4
4412 7560 2
7560 2030 13
6728 7004 1
7004 7447 1
3332 1425 2
1425 1899 1
1899 6775 2
6775 6044 17
6901 3671 82
3671 2705 1
2705 5908 1
5908 2030 15
3671 5304 1
5304 2932 1
2932 2544 2
2544 2030 2
2030 516 10
516 1579 2
1579 7607 3
3199 7300 17
7300 7449 7
7449 3671 27
3671 5746 2
5746 7607 1
7447 1337 12
1337 2879 4
2879 5308 1
2030 4520 16
4520 6858 4
6858 3387 2
6775 5736 2
5736 4697 1
4697 2910 1
2910 6722 1
6722 5259 1
5259 516 1
516 6815 1
6815 5908 1
2030 6775 47
6775 4597 1
6486 5443 1
5443 7345 7
7345 364 1
364 7080 1
7080 4826 1
4826 2910 19
2910 851 4
851 2030 10
3199 6700 6
6700 6091 2
6091 7016 1
7016 3387 4
6775 3310 2
3310 3418 1
3418 363 5
363 4436 1
4436 2932 1
7426 2169 1
2169 1337 3
1337 2030 27
2030 6615 2
6615 5832 3
3673 2199 1
2199 7558 1
7558 7607 2
7607 1599 1
1599 2176 1
4523 1389 1
1389 1416 1
1416 2489 1
2489 363 2
6641 6721 2
6773 2176 1
2176 6744 52
6744 6775 2
6775 442 1
442 2910 2
2910 6462 6
6462 5182 6
5182 4244 1
6829 621 1
621 5837 1
5837 1650 2
1650 2030 2
2030 4627 1
4627 807 1
807 2932 3
2932 2496 1
2496 454 1
454 7287 4
7287 5832 1
5832 1492 8
1492 6503 8
6503 1425 1
1425 6775 2
6775 5658 1
5658 7447 4
7447 6240 2
6240 6901 1
6901 1337 11
1337 5832 1
5832 1097 7
1097 7540 1
7540 2030 11
2030 4286 3
4286 3672 1
2932 6587 2
6587 2176 1
5468 2982 1
2982 3673 11
3673 1 11
1 1337 14
1337 6744 1
6744 4881 1
4881 3387 1
3387 3199 53
3199 5308 1
5308 4754 1
4754 1337 1
1337 5658 2
7447 408 4
408 1749 1
1749 2030 1
2030 7145 1
7145 3671 1
3671 2030 112
2030 1568 1
1568 2932 3
2932 3282 30
3282 452 1
452 4244 1
4244 467 17
467 7556 2
7556 1 1
4826 4740 1
4740 3671 2
3671 6234 6
6234 4346 1
4346 1308 3
4286 3671 1
3671 7540 2
7540 2932 3
2932 6571 1
6571 7449 2
7449 4522 2
4522 2510 3
2510 7598 10
7598 5959 32
5959 1 9
2312 1337 7
1337 364 7
364 6127 14
6127 5468 5
5468 5658 1
5658 7600 1
7600 2157 2
2157 6725 1
6725 1087 3
1087 7447 91
408 1578 1
1578 2932 1
3282 1368 2
1368 3425 1
3425 2030 3
2030 4754 12
4754 7598 15
7598 2171 1
5468 2312 19
2312 3671 59
3671 5658 3
5658 3671 4
3671 772 21
772 275 6
275 2030 9
2030 275 17
275 4972 1
4972 4521 1
6462 7147 1
7147 7447 1
7447 3673 85
3673 1568 1
3282 621 1
621 5898 1
2030 1723 1
1723 3671 1
3671 7470 6
3199 1368 4
1368 6189 7
6189 6641 1
3671 467 8
467 6385 1
6385 4552 1
4552 622 2
622 1337 1
1337 6993 1
6993 1114 1
1114 7598 1
7598 2030 34
6641 1735 1
1735 7447 1
7447 6205 3
6205 5932 1
5932 2932 1
2932 1492 14
1492 3233 3
3233 5153 2
5153 2062 1
2062 7449 1
7449 4760 2
2176 1337 5
5658 3431 2
3431 7598 52
3671 6462 20
6462 6927 1
6927 275 1
275 769 1
769 1492 8
3233 364 4
364 3194 7
3194 6503 2
6503 7467 1
7467 3233 1
3233 6507 1
6507 5530 1
5530 5788 3
5788 2030 4
2030 1058 1
1058 2932 2
2932 3671 38
3671 2176 19
2932 1351 1
1351 4244 1
4244 476 1
476 6901 1
6901 2545 1
2545 3967 1
3967 3233 1
3233 4789 1
4789 6735 1
6735 3431 6
3431 408 2
3387 6690 13
6690 6483 1
6483 2367 1
2367 2046 2
2046 3673 35
3673 1693 1
1693 2030 2
2030 5959 32
5959 518 8
518 7447 8
3671 2008 1
2008 364 1
364 6645 38
6645 1298 5
1298 2176 3
1337 5978 2
5978 1600 18
1600 566 1
566 2030 6
6044 1075 1
1075 7447 1
7447 6872 88
6872 2009 7
2009 3431 6
408 2030 4
6775 3233 2
3233 6776 1
6776 1906 1
1906 2030 4
2030 887 1
887 3918 1
3918 2932 1
2932 1711 4
1711 4212 1
4212 5433 1
5433 2866 2
2866 1337 1
1337 3404 1
3404 2932 1
2932 7545 1
7545 2932 1
2932 7523 7
7523 2030 7
2030 1087 205
7598 6652 1
6652 2431 1
2431 5844 2
5844 1542 1
1542 1243 1
1243 3671 17
3671 6253 4
6253 5802 1
5802 5167 1
5167 6044 1
3673 3671 9
3671 2879 18
2879 2067 1
2067 2510 1
2510 6946 3
6946 2030 2
364 2689 7
2689 2811 2
2811 846 1
846 408 1
408 2996 1
2996 6744 1
6744 2323 1
2323 5240 1
5240 2982 2
3673 3387 7
3387 7447 7
7447 2102 2
2102 5240 1
5240 3671 1
1087 3233 1
5153 5832 1
5832 467 12
467 3660 1
3660 2030 1
2030 1227 6
1227 1337 2
1337 772 4
772 7447 47
6901 3673 34
3673 363 50
363 6744 3
6744 1639 1
6725 7449 8
7449 496 1
496 2932 10
2932 7600 33
7600 5433 1
2866 3387 1
3387 3373 5
3199 5734 7
5734 5061 1
5061 2169 3
3672 4828 2
2932 3672 17
3672 3060 1
3060 5802 1
5802 1542 1
1542 1337 1
1337 6462 4
6462 6260 2
6260 3312 1
3312 1364 1
1364 5450 1
5450 6641 1
6641 3671 14
3671 1735 1
1735 2066 1
2066 6775 5
7447 520 7
520 7445 1
7445 2030 1
2030 602 1
602 2932 1
2932 5967 1
5967 408 1
6745 807 1
2932 454 3
7287 2910 1
2910 4321 1
4321 575 1
575 2932 1
2932 1130 1
1130 364 1
364 6812 1
6812 3643 1
3643 2793 1
2793 3582 1
3582 2950 1
2950 364 1
1425 1028 2
1028 363 11
363 272 2
272 1 1
1 1958 1
1958 2982 1
2982 2910 3
2910 7458 1
7458 5889 1
5889 2030 3
2030 576 3
576 6901 1
6901 1128 1
1128 6709 1
6709 5722 1
5722 364 6
364 7339 3
7339 2806 3
2806 7529 3
7529 6720 1
6720 2030 3
2030 427 1
427 2910 1
2910 6419 6
6419 5832 4
5832 7287 2
7287 2030 5
2030 5593 2
5593 1342 1
1342 1019 2
1019 2030 1
2030 160 2
160 5761 1
5761 2030 1
1579 1246 3
1246 2099 11
2099 6815 10
6815 2715 1
2715 5385 1
5385 2932 1
2932 1657 1
1657 2326 1
2326 1674 3
1674 6866 1
6866 2910 7
2910 3817 1
3817 7621 1
7621 2030 7
2030 5286 3
5286 4244 1
4244 5722 45
5722 1246 1
1246 5832 4
5832 4592 5
4592 2806 2
2806 2169 1
2169 275 2
275 5706 1
5706 2932 1
2932 6070 1
6070 7287 1
7287 1028 1
1028 928 1
928 2932 3
2932 162 37
162 2910 1
2910 4423 5
4423 2169 16
2169 2541 1
2541 2030 2
6775 1878 1
1878 2171 1
2171 4538 1
4538 7309 1
7309 6639 1
6639 1 1
4826 4522 1
4522 3798 1
3798 364 1
364 3846 1
3846 1110 1
1110 2176 1
5468 364 9
364 5844 5
5844 7373 1
7373 2540 1
2540 6728 1
6728 2910 15
2910 1727 3
1727 5908 3
2030 4688 4
4688 2932 1
7426 2910 1
2910 5290 1
5290 3647 1
3647 1257 1
1257 7623 2
7623 2030 3
2030 6866 33
6866 3852 1
3852 4176 1
4176 6775 1
6775 4880 1
4880 2755 1
2755 5347 1
5347 2030 2
2030 5978 4
1600 3424 1
3424 4346 2
4346 6471 1
6471 1028 1
1028 3376 1
3376 3275 1
363 1774 4
1774 3798 1
3798 2910 1
2910 4753 13
4753 4244 2
4244 7003 1
7003 5347 2
2030 4679 5
4679 712 1
2360 6621 1
6621 2030 1
2030 7290 2
7290 2030 2
2030 6655 17
6655 2910 4
2910 3771 2
3771 6775 1
6775 1087 18
1087 6690 11
6690 2910 13
2910 1669 1
1669 87 1
87 5479 1
2030 3019 3
3019 3672 1
3672 7480 1
7480 6745 1
6286 2171 1
2171 2510 2
2510 7299 1
7299 2169 1
3672 5084 2
5084 1419 1
1419 1243 1
1243 2301 1
2301 2030 2
2030 4429 1
4429 5929 1
5929 2108 2
2108 2477 1
2477 772 1
772 6271 2
6271 6728 1
6728 6775 5
6775 963 1
963 2628 1
2628 336 1
336 1028 1
363 3084 4
3084 2301 1
2030 5354 5
5354 3672 2
3672 736 1
736 6655 1
6655 1088 2
1088 7447 2
2171 2715 2
2715 1419 2
1419 1313 1
1313 7480 1
7480 2030 4
2030 3370 8
3199 830 3
830 3369 1
3369 3672 1
3672 6639 1
6639 2030 2
2030 1575 35
1575 2512 10
2512 5959 1
5959 7452 4
7452 2197 1
2197 2715 1
2715 2046 1
2046 7480 2
7480 6725 1
6725 2689 1
2689 2715 1
2715 2431 2
2431 5050 1
5050 6919 1
6919 7598 4
7598 7390 6
467 3671 6
3671 5994 5
5994 1419 1
1419 7598 4
7598 902 1
902 2030 1
3199 1419 7
1419 1577 1
1577 2030 9
1419 6370 2
6370 4553 1
4553 3199 16
3199 6919 3
6919 3673 2
3673 2030 50
3199 920 1
920 2932 5
2932 3673 22
3673 1194 1
1194 2465 1
2465 1 1
1 7598 13
7598 2001 1
2001 7480 1
2030 3373 13
3373 2479 5
2479 7443 1
7443 7480 1
7480 3199 1
2103 4900 3
4900 4624 1
4624 7600 1
7600 2785 1
2785 2030 1
2030 2510 7
5959 6775 1
6775 363 9
363 4967 1
4967 1 1
1 1575 31
1575 3671 23
3671 5959 9
5959 7598 10
7598 1579 9
1579 5468 20
5468 6725 2
3671 6919 6
6919 2030 7
2512 2510 5
2510 788 1
788 364 1
364 7480 3
7480 831 1
831 3672 1
3672 5980 1
5980 3671 1
3671 4128 1
4128 1125 1
1125 1 1
1 6842 1
6842 6015 1
6015 2030 1
2030 4054 1
4054 5495 1
5495 4244 1
4244 472 2
472 2030 7
2030 2108 1
2108 3671 1
3671 363 109
363 2472 1
2472 7414 1
7414 981 1
981 2046 1
2046 6389 2
6389 2030 1
3370 275 7
363 7087 1
7087 364 1
7480 1 3
1 363 4
363 5258 1
5258 2030 1
2030 1659 1
1659 2948 1
2948 480 1
480 772 1
772 6044 8
7598 1288 8
1288 7457 1
7457 2030 1
6462 6409 1
6409 6745 1
6745 3342 1
3342 3671 2
3671 5032 3
5032 772 2
772 7598 39
7598 2046 2
2046 6253 5
6253 1097 4
1097 3671 3
3671 6044 85
7447 2323 1
2323 5032 1
5032 5844 1
5844 1 2
1 3766 1
3766 983 1
983 2046 1
2046 4188 1
4188 2030 1
2030 5481 1
5481 2303 1
7447 6641 20
6641 2300 1
2300 364 1
364 467 17
467 5072 1
5072 7480 1
7480 2513 1
2513 2046 2
2046 2715 3
2715 4922 1
4922 7447 1
352 6911 1
6911 5994 1
5994 2715 1
2431 5483 1
5483 5980 1
5980 6775 1
7598 7297 5
7297 2914 5
2914 516 1
516 2229 1
2229 2030 3
2030 686 1
686 7598 1
7598 404 2
404 160 1
160 5760 7
5760 1087 1
1087 1 15
1 678 7
678 1033 2
1033 7217 17
7217 6901 1
5994 3332 1
3332 2176 5
2176 1600 20
1600 5832 2
363 3414 4
3414 1577 1
1577 1600 1
1600 6901 1
3671 3836 6
3836 1087 1
1087 6775 9
6286 3837 1
3837 6901 1
3671 1577 4
1577 1225 2
1225 3671 8
3671 6690 3
6690 3199 6
3199 5593 3
5593 3671 2
3671 353 1
353 5428 1
5428 373 1
373 5832 1
5832 5919 2
5919 2932 1
2932 2326 1
1674 3387 1
3387 678 3
678 6995 1
6995 275 2
275 1090 2
1090 2176 4
3199 524 6
524 364 2
3194 2442 1
2442 3673 1
3673 4823 1
4823 3431 1
2030 6245 9
6245 6995 1
6995 950 1
950 7607 1
7607 4828 7
7447 1087 14
1087 6901 3
6901 2171 4
1419 363 30
363 5994 1
5994 2099 1
2099 2512 1
2510 2839 1
363 352 43
352 6919 1
6919 2109 1
2109 7598 1
7598 363 152
363 3350 1
3350 2030 1
2030 3324 2
3324 4244 1
4244 3872 1
3872 2169 1
2169 3766 1
3766 2030 2
678 3373 1
3373 3380 3
2879 5032 12
772 363 36
363 3626 1
3626 2030 1
2030 5145 1
5145 7607 1
7607 7470 7
3199 4209 3
4209 3387 1
3387 404 5
404 5032 1
5032 979 1
979 2030 1
2030 4922 3
4922 3673 1
3673 2818 1
7075 2839 1
363 6919 4
6919 3672 3
3672 772 15
6044 1225 5
1225 3672 5
3672 1091 1
1091 772 1
772 364 31
364 4735 36
4735 1033 1
1033 2879 1
2879 764 1
7480 4826 1
4826 2171 1
2171 7023 1
7023 5967 1
5967 332 1
332 4001 1
4001 7449 1
7449 1455 2
1455 2477 1
2477 1364 1
1364 4432 1
4432 2030 1
7607 6730 16
6730 4779 1
4779 2932 4
2932 336 2
336 5929 1
5929 2001 1
2001 3414 1
3414 1087 13
1087 160 2
5760 1 1
1 7393 2
7393 7480 1
7480 363 1
363 1800 2
1800 3382 1
3382 2479 1
2479 1153 1
1153 2030 1
2030 6914 1
6914 1 1
1 7447 22
7447 2910 92
2910 363 30
363 1152 1
1152 1426 1
1426 6094 1
6094 497 1
497 647 1
647 6092 1
6092 2030 1
6775 4416 15
4416 7598 1
3199 1153 1
1153 1 1
1 5313 4
5313 2441 1
2441 6775 1
6775 6287 1
6287 3199 1
3199 645 1
645 7598 1
7598 2910 9
2910 3199 62
3199 4471 7
4471 2910 1
2910 5479 1
5479 5832 2
5832 275 1
275 1443 1
1443 2910 1
363 364 49
364 2731 2
2731 3767 1
3767 2232 1
2232 2030 1
2030 1354 1
1354 2030 1
2030 6911 1
6911 7390 2
2030 298 2
298 3673 1
3673 7375 1
7375 2030 2
2030 1302 3
1302 7390 1
7390 2996 1
2996 718 1
718 6911 2
6911 3414 2
3414 4668 4
4668 6641 2
6641 7297 5
7297 467 8
467 3265 1
3265 2008 1
2008 1506 1
1506 2109 1
2109 3387 1
3387 274 1
274 1506 1
1506 7447 78
7447 7297 11
7297 6911 1
6911 2479 1
6775 2431 8
2431 2910 9
363 5002 1
5002 6626 1
6626 364 5
2030 1311 3
1311 1966 1
1966 4521 1
4521 3673 10
3673 3199 64
3199 869 2
869 7447 1
7598 6645 9
6645 3199 5
2009 3387 7
3387 6641 4
6641 718 4
718 1294 6
1294 7607 6
7607 3026 9
3026 7598 1
7598 364 12
364 2303 7
2303 6462 1
6462 363 1
363 2030 22
2910 6730 5
6730 1419 2
1419 6641 2
6641 1294 9
1294 3387 4
3387 2176 12
1600 2910 8
2910 2879 22
2879 1294 1
1294 1575 3
6645 65 1
65 7445 5
7445 516 8
516 2910 2
2910 1419 16
7607 1600 2
1600 1087 3
1087 6872 19
6872 7447 13
6641 6044 10
6044 364 5
2303 1 2
1 6872 35
7447 1600 30
1600 7299 1
7299 1294 1
1294 3199 3
3199 6641 25
6641 2176 15
2030 772 128
772 4127 1
4127 3414 1
1225 6775 1
6286 6872 1
6872 2584 1
2584 1087 1
1087 3387 15
3387 6044 4
6044 2932 4
2932 2803 4
2803 2176 1
2176 7600 6
7600 2854 1
2854 363 1
363 869 3
869 1575 1
1575 2910 25
7447 5832 14
3673 1294 5
1294 1364 4
1364 7598 3
7598 678 2
678 7447 40
7607 7299 40
7299 4670 1
4670 1 1
1 2176 18
2176 6872 30
6872 4561 2
4561 7447 8
6645 4900 1
4900 3199 3
2009 2879 5
2879 1311 1
1311 4521 3
869 2010 1
2010 1311 1
3199 7055 6
7055 1225 1
1225 4855 2
4855 2932 5
2932 7598 28
7598 4423 2
4423 4865 1
6872 5602 2
5602 7598 2
6044 2910 4
363 3673 9
3673 1311 4
869 1368 1
6189 3387 2
3387 2030 5
2030 612 1
612 1600 1
1600 363 6
363 4479 1
4479 772 1
6901 2910 49
2910 1577 3
2030 4789 1
4789 3401 1
3401 1243 1
1243 6883 2
6883 2192 1
2192 6872 3
6872 1068 1
1068 1087 2
5760 2176 1
2176 3673 24
3673 6207 1
6207 6987 1
6987 2312 1
363 3662 2
3662 6512 1
6512 718 1
718 1151 1
1151 5129 1
5129 3673 1
3673 7470 2
7470 3673 1
3673 4882 1
4882 6511 1
6511 678 1
678 6641 9
6641 1970 2
1970 2010 1
2010 2368 1
2368 5047 1
5047 6023 1
6023 467 2
467 3410 15
3410 2030 5
3199 6370 4
6370 3356 1
3356 2811 4
2811 7449 2
7449 6502 1
6502 3673 2
3673 4645 1
7598 1068 1
1068 4865 1
4865 3199 1
3199 516 5
516 1501 1
1501 2030 1
869 3673 1
3673 6428 2
6428 2176 1
6744 3673 5
3673 6626 2
6626 4679 2
4679 4828 1
7447 364 30
2303 3199 2
678 4865 4
4865 678 1
7447 160 1
5760 1053 1
1053 7598 1
7598 7299 2
7299 6872 2
6872 1294 2
1294 772 7
772 4896 2
4896 2099 1
2099 3332 9
6872 1506 17
1506 7390 1
2431 4193 1
4193 7600 1
2303 2009 1
2176 2996 2
2996 4794 1
4794 3342 1
3342 6872 9
6872 639 1
639 7447 5
7447 2879 21
2879 3673 6
3673 7018 1
7018 3199 1
3199 639 1
639 4488 1
4488 3332 1
3332 6625 13
6625 2910 2
363 867 1
867 3673 1
3673 6641 17
2176 4562 4
4562 3414 1
3414 2555 18
2555 7607 11
7607 772 36
772 5455 59
5455 3387 1
3387 4645 2
7598 1067 2
1067 6044 1
6044 1 4
1 1614 3
1614 2910 1
6730 363 6
363 6911 1
3414 160 1
5760 1575 1
1575 352 77
352 7607 36
363 6645 19
6645 3211 3
3211 2176 2
6872 7607 17
352 4244 1
4244 2443 9
2443 2770 9
2770 7598 1
3199 4524 3
4524 6911 1
6911 1614 1
1614 3332 1
3332 3356 5
3356 364 21
364 3600 21
3600 2303 1
2303 3332 1
3332 3380 7
3380 4416 10
4416 6872 1
6872 3673 6
3673 3810 1
3810 364 1
3673 718 5
718 7415 1
7415 410 1
410 5832 1
5832 711 3
711 3673 5
3673 364 29
364 6872 3
6872 563 1
563 2030 1
2030 6995 9
7299 595 1
595 1428 1
1428 3414 1
3414 1575 4
1575 6641 2
6641 4562 4
4562 6725 1
6725 7607 12
7607 6272 3
6272 2842 1
2842 1298 1
1298 6503 1
6503 3387 3
2910 467 6
467 4176 1
4176 6088 1
6088 363 1
6641 1645 1
1645 1614 1
1614 2030 5
2030 2854 1
2854 3625 1
3625 866 1
866 7447 1
7447 1364 5
1364 5479 1
5479 3199 1
3199 3774 4
3774 2780 1
2780 3414 2
1225 2555 1
2555 5226 1
5226 7607 1
7607 275 21
6462 6402 3
6402 2702 1
2702 6748 1
6748 98 1
98 6681 1
6681 711 4
711 1874 1
1874 1 1
3671 5487 1
5487 3671 5
3970 2148 3
2030 1825 4
1825 2030 1
7299 1428 1
1428 2169 1
2169 2719 1
2719 2030 4
7299 363 7
363 5479 1
5479 6728 1
6728 772 5
772 6462 3
6462 1474 1
1474 3671 2
2030 3022 3
3022 4210 1
4210 2030 1
3671 6993 2
6993 5564 2
5564 2030 3
2030 5027 2
5027 7447 1
7447 5978 4
1600 4520 3
4520 2030 13
2030 5657 13
5657 772 7
772 5980 1
5980 3387 1
6775 1243 3
3671 5443 1
7345 7449 1
3671 2861 2
2861 2030 2
4922 467 1
467 5565 1
5565 4244 1
4244 1425 4
1425 1 7
1 6249 2
6249 2932 1
2932 6127 28
6127 3241 1
3241 2030 3
6728 6990 4
6990 2316 1
2316 3586 1
3586 2030 2
2030 6919 5
6919 3320 1
3320 7390 2
7390 160 1
5760 6044 1
3671 3338 1
3338 7371 1
7371 6977 1
6977 2046 1
2046 1425 9
1 2695 1
2695 467 1
467 4244 1
4244 660 3
660 6641 1
3671 7299 10
352 3186 1
3186 364 1
364 237 4
237 660 1
660 3387 1
3387 772 12
772 2715 2
2715 6044 1
1172 5480 1
5480 364 1
364 660 3
660 2030 3
7598 5736 1
5736 1298 1
1298 5947 1
5947 6249 1
6249 7449 1
7449 3021 1
3021 1301 1
1301 2176 2
6744 363 6
363 606 3
606 4826 1
2910 806 2
806 6745 1
6286 57 1
57 7480 1
1 1342 1
1019 3671 1
3671 4650 1
4650 2030 2
2030 3896 10
3896 4244 2
1425 7607 7
7607 511 2
511 2932 6
2932 5855 1
5855 2030 1
2030 558 6
558 2169 1
364 3643 12
3643 4073 1
4073 5851 5
5851 5651 4
5651 2842 1
2842 3392 2
4217 363 1
363 1863 1
1863 2030 1
2030 4109 1
4109 1060 1
1060 2030 2
7607 7132 1
7132 2176 2
2176 6241 2
6241 3414 2
3414 2030 24
363 1600 1
1600 7607 18
7607 7167 3
7167 3175 1
3175 3789 1
3789 6461 2
6461 2818 3
7075 1639 1
1639 2842 2
2842 4217 2
4217 400 1
400 6641 2
6641 6775 2
6775 3199 5
3199 291 1
291 1 1
1 6744 8
6744 3976 1
3976 5842 1
5842 2030 2
2030 1060 1
2030 518 6
518 6901 7
6901 3672 27
3672 363 40
6645 1198 1
1198 7447 1
7607 5736 28
5736 3265 1
3265 711 18
711 465 1
5967 7297 4
7297 1575 3
1575 6207 3
6207 4826 1
4826 2818 1
7075 6929 1
6929 7607 1
364 2361 1
2361 2030 1
6655 1416 1
1416 2848 1
2848 3387 2
851 3672 1
6044 7448 2
7448 7607 1
7607 2171 1
2171 1301 7
1301 2848 1
2848 2030 3
7607 4618 4
4618 772 2
772 3431 8
7393 4698 1
4698 3387 1
363 3307 1
3307 7607 1
7607 5185 2
5185 2198 1
2198 5468 1
5468 7607 12
7607 1455 3
1455 6986 1
6986 3387 1
3387 125 1
125 2506 2
2506 1 1
1 6986 1
6986 125 1
2506 7607 1
7607 3356 14
3356 2169 5
2169 7447 5
7607 6815 1
6815 2099 9
2099 7430 8
7430 5468 1
5468 5088 1
5088 2848 1
2848 3431 1
3431 2508 1
2508 3387 1
772 3101 1
3101 1 1
7607 4698 5
4698 2818 2
7075 7448 1
7448 3672 1
3672 4697 1
4697 4646 1
4646 565 1
565 7607 1
7607 3672 12
7607 1511 2
1511 3672 1
3672 6641 8
3199 3547 2
3547 4865 1
4865 2030 2
3199 4670 9
4670 2198 1
2198 7607 1
2600 2030 22
2030 1416 5
1416 1506 1
7598 7607 42
7607 6409 3
6409 5967 1
5967 1575 2
1575 7390 3
7390 2879 6
2879 4618 2
3671 2848 1
2848 4865 1
4865 1600 11
1600 1291 1
1291 7012 1
7012 3199 1
2879 441 2
441 1302 2
1302 2431 1
2431 4814 1
4814 2932 1
2932 5218 1
5218 5915 1
5915 4865 1
4865 400 1
441 6006 1
6006 6631 1
6631 2431 1
2431 6901 4
3672 7026 1
7026 4865 1
4865 2818 1
7075 3199 1
2879 4825 1
4825 3332 1
3332 6044 3
7607 5967 6
5967 7598 4
7598 1298 38
1298 3328 1
3328 7607 1
7598 400 1
7447 1639 8
1639 2845 1
2845 7390 1
4618 1525 1
1525 207 1
207 7598 1
7598 6990 7
6990 6269 3
6269 3305 1
3305 3387 1
3672 3547 1
3547 7607 2
1419 4644 1
4644 1492 1
1492 7390 9
7390 1294 1
1364 3673 6
3673 772 29
2879 772 1
711 3431 1
3431 3673 5
3673 1652 1
1652 2030 1
3431 5967 3
5967 7607 5
6641 4670 2
4670 7447 21
364 7437 1
7437 7600 1
7600 7390 11
7390 788 1
788 2818 1
7075 7607 2
4520 364 10
1416 2656 1
2656 5967 2
5967 2982 2
2982 7598 3
7598 1097 2
1097 3387 2
520 364 7
7598 3369 4
3369 5251 1
5251 5489 1
1364 1492 1
7390 6641 3
7447 4346 4
4346 2369 9
2369 5736 1
5736 275 2
275 3431 2
3199 176 10
176 2030 2
2030 3763 8
3763 772 2
772 4781 1
4781 2115 1
2115 400 1
400 3810 1
3810 7607 1
364 6503 10
6503 2030 13
1087 3431 9
3431 5200 1
5200 6641 1
7447 6175 1
6175 6709 1
6709 3387 1
3387 2932 9
1492 1301 2
1301 1639 2
1639 7607 20
7607 5088 1
5088 2818 1
7075 2030 2
1087 6260 3
6260 5334 1
5334 7607 1
7447 1577 5
1577 1246 1
1246 5200 1
5200 2030 1
2030 119 2
119 2712 1
2712 2879 1
2879 1579 2
1579 4563 1
4563 5832 1
5832 5200 1
5200 400 2
400 3387 1
3387 1575 15
1575 3673 14
3673 1673 1
1673 5200 1
5200 2818 1
7075 3671 2
3199 5964 2
5964 7607 2
772 3440 1
3440 2030 1
5736 3826 1
3826 364 1
5802 5200 2
400 1575 1
1575 3675 1
3675 7607 1
7607 516 20
516 7303 1
7303 6260 1
6260 3199 8
2879 4670 8
4670 2192 2
2192 3671 7
3671 3789 3
363 4623 1
4623 407 1
407 7607 7
7607 2716 1
2716 3285 1
3285 5316 1
5316 2030 1
2030 4487 1
4487 2141 1
2141 2842 1
2842 3836 4
3836 3199 3
3199 4525 5
4525 6995 1
1090 2030 10
363 7600 5
7600 3970 1
3970 5458 2
5458 7607 4
2103 3369 1
3369 1604 1
1604 3671 1
3671 520 3
520 3671 4
3671 718 10
718 2347 1
2347 7607 2
7607 1575 8
1575 354 1
354 6802 1
6802 2030 1
2030 2879 13
1368 7607 4
7607 1373 2
1373 7303 1
7303 7607 4
6448 2176 2
2839 1415 1
1415 7488 1
7488 4244 1
4244 2600 6
2600 2312 1
3671 354 2
354 4257 1
4257 2030 2
678 2176 6
7598 711 14
711 3671 10
3671 3136 1
3136 7159 1
7159 364 2
364 5722 11
5722 2806 3
2806 364 15
364 1254 2
1254 985 1
985 1128 2
1128 6641 1
6641 7390 2
7390 1087 4
1087 4244 2
2770 4561 1
7598 3671 21
3671 7161 1
7161 363 1
363 2176 12
5468 3671 15
3671 5787 1
5787 364 1
364 2667 3
5832 3289 1
3289 1363 1
1363 627 2
627 1 3
7598 772 16
772 2176 11
5468 4471 1
4471 2169 10
2169 3836 2
3836 3387 3
3387 6744 9
6744 2634 1
2634 3275 1
363 5501 6
5501 4828 2
7447 3675 7
3675 6641 1
6641 1416 10
1416 5191 1
5191 364 3
364 586 27
586 7447 1
7447 2030 21
2030 2932 37
2932 2634 4
2634 275 1
3199 4854 1
4854 5658 1
7447 6842 1
6842 4238 1
4238 4244 9
4244 586 5
586 2957 1
2957 3671 1
3671 963 2
963 2030 1
2030 4857 1
4857 2932 1
162 3387 5
7607 3244 3
3244 363 1
363 6397 2
6397 6641 1
2176 742 1
742 2329 2
2329 3431 2
7393 7607 16
7607 3861 6
3861 2009 10
7447 2894 1
2894 4238 1
4238 3199 2
3199 2957 1
2957 1 1
1 3381 1
3381 4887 1
363 6930 3
6930 7447 7
7447 6725 1
6725 363 2
363 3199 23
3199 3836 1
3836 1 3
1614 364 4
364 2892 1
2892 4217 1
6234 1643 1
1643 7607 1
7607 288 4
288 7447 10
7447 6449 4
6449 6088 2
6088 3543 1
3543 7447 1
7607 584 5
584 3199 21
7300 364 1
364 6708 8
6708 2782 1
2782 2910 1
2910 711 1
711 3789 23
3789 711 23
711 2038 1
2038 364 4
364 5479 1
5479 1 2
7607 851 4
851 2046 8
7480 772 1
2715 851 1
851 2910 1
2910 3373 3
3199 3586 1
6919 4656 1
4656 3552 1
3552 2910 1
2910 934 1
934 2046 1
2046 2600 3
2030 3074 1
3074 2932 1
2932 4333 1
4333 5919 1
5919 2030 1
2932 1614 1
1614 3811 1
3811 364 1
364 6678 1
6678 3567 1
3567 2932 1
2932 5821 2
5821 3387 1
3387 3356 2
3356 5468 5
5468 3380 1
3380 6901 1
3199 1654 1
1654 6775 1
6286 3022 1
3022 5919 1
5919 6136 1
6136 2014 1
2014 1 1
1 5727 1
5727 2030 1
2030 5353 2
5353 1374 1
1374 1472 1
1472 2030 1
2910 3897 1
3897 364 1
2030 7253 2
7253 6681 1
6681 7447 9
5959 2030 24
2030 6080 1
6080 7390 1
7390 6919 1
2030 6901 41
6901 6080 1
6080 920 1
920 2465 1
2465 2932 1
2932 1194 12
1194 3387 2
3369 6215 3
6215 3607 1
3607 6775 1
6775 415 3
415 3600 1
3600 2715 1
2715 124 1
124 4244 1
4244 1128 6
1128 5832 4
5832 1122 1
1122 6587 1
6587 2431 1
2431 3671 17
3671 3022 2
3022 2653 1
2653 7598 1
363 2001 1
2001 1364 1
1364 6775 7
7449 6281 1
6281 7480 1
7447 7406 5
7406 5929 1
5929 2562 1
2562 4618 1
4618 6640 1
6640 2049 1
2049 3431 1
3431 6775 24
6127 1301 20
1301 7339 1
7339 2227 1
2227 2131 1
2131 2528 1
2528 2030 1
2030 248 2
248 43 1
43 5639 1
5639 2551 1
2551 364 1
364 1420 1
1420 6901 1
6901 4176 1
4176 5832 1
5832 1257 1
1257 6152 1
6152 2030 3
2030 7518 1
7518 434 1
434 2030 2
2030 6875 3
6875 5832 1
5832 2637 2
2637 991 1
991 2898 1
2898 6393 1
6393 2981 1
2981 24 1
24 2030 2
2030 4346 8
4346 3964 1
3964 467 1
467 7431 1
7431 6294 1
6294 2910 1
2910 1600 1
1600 1768 1
1768 364 1
364 1860 3
1860 2176 1
3671 7598 18
7598 3022 8
3022 2030 2
2030 4059 1
4059 3673 1
3673 467 3
467 2030 7
2030 3873 3
3873 772 1
3673 1577 3
1577 3671 3
3671 5050 1
5050 2910 1
2910 3191 1
3191 2787 2
2787 2030 2
2030 5801 3
5801 2030 12
363 2979 1
2979 3671 1
2030 1639 9
1639 5316 1
5316 6678 1
6678 5832 1
5832 5727 2
5727 3199 1
2879 2163 3
2163 125 1
125 6775 2
7449 3199 8
3199 3191 1
5801 7303 1
7303 7598 3
363 5313 7
5313 1476 1
1476 2030 2
2030 4004 1
4004 3789 1
3789 2786 1
2786 2030 1
2030 7302 1
7302 7438 1
7438 3673 1
3673 4553 3
3199 5946 1
5946 772 1
5455 3673 2
3199 6447 1
6447 3356 1
3356 2932 13
2932 7469 1
7469 7297 1
7297 7607 11
3199 438 7
438 7449 1
7449 2910 6
2879 4542 1
4542 6645 1
6645 2546 3
2546 2130 1
2130 2030 1
2030 43 2
43 3387 2
7300 6937 1
6937 434 1
2030 6152 4
6152 4887 1
4887 2932 1
1301 364 5
364 6558 1
6558 7607 1
1860 2030 1
2030 2312 49
2312 4350 1
4350 6019 1
6019 2910 1
2910 2272 2
2272 2046 1
2030 575 3
575 4244 22
4244 7287 3
7287 3387 1
3387 6655 3
6655 3199 8
363 3356 10
3356 2130 1
2130 3356 1
3356 43 1
43 2030 3
3356 434 1
434 3356 1
3356 6152 1
6152 7598 1
5313 4179 1
4179 661 1
661 7537 7
7537 1225 1
1225 1579 12
1579 399 1
399 5023 1
5023 2285 1
2285 2910 1
2910 5671 1
5671 3671 1
2030 5562 1
5562 5715 1
5715 4244 1
4244 1420 1
1420 3387 1
3199 5517 1
5517 3380 1
3380 2479 9
2479 3320 2
3320 2459 1
2459 1225 1
1225 376 1
376 697 1
697 160 1
5760 3026 1
3026 6847 1
6847 2522 1
2522 1 1
1 1343 1
1343 1018 1
1018 2846 1
2846 2030 2
2030 1528 1
1528 317 1
317 1 1
4826 2932 2
2932 2910 13
2910 3032 1
3032 7184 1
7184 2910 1
2910 5047 8
5047 772 1
772 4264 1
4264 2030 1
2030 7073 2
7073 3393 1
3393 7607 2
3369 24 1
7598 6775 4
6286 1 1
363 2733 1
2733 2030 1
7447 6655 14
6655 6642 1
6642 363 1
772 5353 4
5353 7607 1
6411 4865 1
2910 3673 7
3673 6728 4
6728 3199 5
520 1 3
3671 3803 3
7447 1575 42
3211 2030 2
5354 352 1
352 2303 1
3018 1435 1
1435 7607 1
352 772 3
772 4670 2
4670 2030 4
3199 6409 4
6409 4244 1
4244 3671 3
3671 6142 1
6142 772 2
7598 5895 1
5895 4244 1
4244 634 1
634 6655 1
363 6354 1
6354 6294 1
6294 2030 1
2030 6292 1
6292 2030 1
772 6645 7
6645 3387 3
1577 700 1
700 2431 1
3671 3019 2
3019 632 1
632 2030 1
2030 3673 70
3673 2910 8
2910 3020 1
3020 4915 1
4915 772 1
364 3185 1
3185 661 1
7537 7607 2
7607 2932 26
7598 6044 13
7447 5468 2
5468 6641 3
6641 6725 2
6725 2910 2
1419 517 1
517 1639 13
1639 7600 8
7600 632 1
632 3387 1
6286 6044 1
5313 261 1
261 7447 1
6872 1087 15
1087 632 1
632 2879 1
2879 6281 1
6281 2546 1
2546 1523 1
1523 2030 2
3673 2127 1
2127 6872 1
6872 2932 10
2932 2759 2
2759 2539 1
2539 4949 1
4949 7393 11
7393 6872 5
6872 7121 1
7121 5788 1
5788 5624 1
5624 3673 1
3673 5787 1
5787 5832 2
5832 1308 6
1308 1 2
1 6743 1
6743 5832 2
5832 7352 2
7352 2555 1
2555 1087 8
2910 5517 2
5517 3320 1
3320 1523 1
1523 2932 1
2932 4651 3
4651 2910 1
2910 5489 1
5489 2910 2
2910 6728 2
3199 3845 1
3845 6775 1
6775 1 3
3673 5517 1
5517 3199 1
2009 1 3
3673 1379 1
1379 3414 1
3414 3673 3
3673 6693 1
6693 6461 1
6461 1616 4
1616 2566 3
2566 2099 3
2099 1608 1
1608 2354 2
2354 2030 4
6728 404 1
404 2176 2
2176 646 1
646 1523 1
1523 5832 1
5832 340 1
340 1181 1
1181 2030 3
2030 2849 7
2849 2030 6
2030 2294 1
2294 1532 1
1532 2030 4
3673 3356 7
3356 5050 1
5050 3673 1
3673 516 5
516 1225 6
5959 3673 2
3199 6483 23
6483 918 1
918 5832 1
5832 2393 2
2393 109 1
109 2030 2
2030 6546 2
6546 3672 1
3672 4244 5
4244 1097 2
1097 1355 1
1355 661 2
7537 2099 1
2099 2510 1
6946 1 2
1 2510 8
2510 1879 1
1879 3673 1
6641 5709 1
5709 2030 4
2030 2783 4
2783 3414 1
3414 6775 2
6775 2510 11
2510 4809 2
4809 2566 3
2099 2354 2
2354 3673 1
3673 5084 2
5084 6775 1
2030 1419 2
1419 1294 5
6044 1575 2
3671 422 1
422 3673 1
3673 4792 1
4792 1265 2
1265 2046 1
2046 24 1
24 364 1
364 6328 4
6328 2806 3
2806 1361 4
1361 2030 4
2030 3090 2
3090 3671 1
3671 1601 1
1601 5718 1
5718 2099 1
2099 7393 1
7393 6946 2
2030 4994 6
4994 3671 4
3671 364 48
364 1610 1
1610 1469 1
1469 2281 1
2281 2105 1
2105 3673 1
3673 1419 3
2030 399 2
399 1419 1
5959 1368 1
1368 676 2
676 6300 3
6300 6127 2
1301 2030 20
2030 2479 7
6775 3673 3
1419 4145 1
4145 7600 1
7600 1265 1
1265 4244 1
467 6514 2
6514 2517 1
2517 3673 1
3673 415 4
415 3414 1
1087 7607 94
7607 4645 2
4645 3673 3
3673 4739 1
4739 1511 2
1511 7447 3
3199 298 3
298 1265 1
1265 5967 1
5967 565 1
7449 1227 1
1227 2982 1
2982 5967 1
5967 2063 1
2063 2030 1
275 6775 3
363 7607 20
7607 3600 6
3600 2046 44
3673 7607 19
352 6087 1
6087 1243 1
1243 7390 1
7390 5944 1
5944 7393 1
7393 315 1
315 5929 2
5929 1298 5
2030 4249 7
4249 2169 5
2169 3671 26
3671 2066 4
6775 6744 1
6744 7447 17
3671 4809 2
4809 6461 1
2566 7447 1
1087 1033 5
7217 407 1
407 6872 7
6872 1419 6
363 4520 1
4520 2312 1
2566 7299 1
6872 6775 4
6775 2099 3
2176 1575 2
363 5787 1
2030 6743 1
7352 3414 2
7607 5046 11
5046 352 1
352 3387 1
3387 1569 1
1569 7607 1
7607 1692 1
1692 352 1
352 7598 15
7390 2932 12
2932 453 2
453 5844 1
5844 945 1
945 1308 1
1308 2192 1
2192 6744 7
6744 1577 1
1577 4257 1
4257 7400 1
7400 5832 1
5832 6872 18
6872 2030 17
6483 1033 2
7217 6872 2
6872 5756 1
5756 3380 2
2009 7228 1
7228 5320 1
5320 3431 1
3431 467 8
467 7598 7
7607 5552 1
5552 1246 1
6815 1301 12
4826 5736 2
5736 722 1
722 4697 1
4697 2879 1
2879 7598 11
2030 4892 2
4892 7607 5
1455 6461 1
2566 2030 1
2030 1608 1
2030 6693 3
6693 2030 1
6693 4521 1
4521 4804 1
4804 3199 1
3199 4818 1
4818 5832 1
5832 7607 25
364 6815 12
6815 5809 1
5809 7607 1
7607 5677 1
5677 4792 1
1265 2030 1
2030 5219 2
5219 3671 6
3387 2021 1
2021 7598 1
363 3369 4
3369 1523 1
1523 3199 3
3199 7610 2
7610 6641 1
7607 4670 14
7598 4699 1
4699 363 1
363 3600 4
2046 839 1
839 6745 1
6286 2879 1
2879 363 52
363 3671 17
3671 438 2
438 364 2
364 43 1
6152 3387 1
3387 7630 1
7630 1506 1
1506 1492 1
1492 4244 3
467 5041 1
5041 7598 1
363 661 2
7537 6641 1
5249 6815 2
7430 2782 1
2782 3153 1
3153 1986 1
1986 4875 1
4875 772 10
7607 7285 2
7285 364 11
364 7537 4
7537 3172 1
3172 6069 1
6069 6144 1
6144 2030 1
2030 7442 3
7442 2030 2
2030 3280 1
3280 4193 1
4193 2030 3
2030 2009 11
2009 3025 1
3025 6632 1
6632 7062 1
7062 1368 1
1368 7516 1
7516 5991 1
5991 6817 1
6817 5443 5
5443 1 2
1 1238 2
2879 3672 2
3672 3616 1
3616 1617 1
1617 7607 1
7607 7302 4
7302 7339 3
7339 479 2
479 2736 1
2736 7607 1
2123 6226 1
6226 7607 5
7607 3284 1
3284 7537 1
7537 3387 2
3387 4659 1
4659 5143 1
5143 2312 1
6995 3970 4
3970 2997 1
2997 7607 1
7607 5291 1
5291 1801 1
1801 2030 1
2030 6855 1
6855 2431 1
2431 7607 27
7607 4616 1
4616 2932 1
1301 2043 2
2043 7607 2
2932 4623 3
4623 2030 1
2030 4353 1
4353 7607 1
7447 7393 1
7393 1415 2
1415 7607 2
7607 4746 1
4746 7537 1
7537 6681 1
6681 2695 1
2695 7607 1
7607 6447 3
6447 2030 1
2030 2169 11
2169 4268 1
4268 400 1
400 7607 5
6730 712 2
352 5007 1
5007 2030 1
6641 5519 1
5519 1970 1
1970 6839 1
6839 363 4
363 1628 1
1628 364 12
1425 2030 22
2030 6370 3
6370 2932 5
2932 4782 1
4782 3387 3
3387 1368 1
1368 3154 2
3154 7288 1
7288 7607 1
7607 2115 2
2115 6977 1
6977 2030 1
2030 6368 4
6368 364 1
363 1364 4
1364 7607 16
7607 3830 1
3830 7607 1
275 3413 1
3413 2842 1
2842 4951 2
4951 3499 1
3499 1622 1
1622 3387 2
2030 3392 2
3392 3189 1
3189 4659 1
4659 3413 1
3413 400 1
400 1087 2
7607 2043 8
2043 684 1
684 2752 1
2752 3387 1
3387 440 1
440 2030 3
7447 3672 64
3672 1639 5
3199 6554 1
6554 3607 1
3607 7167 3
7167 1639 1
1639 1681 1
1681 7607 4
7607 3348 1
3348 3711 1
3711 6307 1
6307 7607 1
7299 6091 2
6091 6592 1
6592 7575 1
7575 6308 1
6308 2030 1
2030 315 8
315 3672 1
3672 7406 3
7406 2583 4
2583 4227 4
4227 7449 2
7449 3816 1
3816 115 1
115 3387 3
3387 2818 1
7075 3635 1
3635 5205 1
5205 6967 1
6967 7607 1
1087 6923 2
6923 5802 4
5802 1034 1
1034 718 1
718 6872 1
6872 7452 2
7452 3158 1
3158 400 1
400 1785 1
1785 1639 1
7607 6140 1
6140 3387 1
3199 4649 4
4649 7607 4
7607 6910 1
6910 3789 2
3789 115 2
115 7607 1
851 4754 1
4754 1681 8
1681 5671 1
5671 2030 1
2030 1198 2
1198 2030 1
772 998 2
998 1028 1
1028 3075 1
3075 2932 2
115 2030 10
2030 2178 1
2178 3672 1
363 1577 1
1577 6403 1
6403 6910 1
3789 5558 1
5558 115 1
3387 7600 7
7600 115 2
115 3199 3
3199 6645 7
6645 6330 1
6330 6641 1
7607 1233 9
1233 3199 19
3199 5422 3
5422 7451 1
7451 4934 1
4934 1 1
5313 304 1
304 5171 1
5171 2030 1
2030 3149 1
3149 7607 1
7607 5249 8
5249 4002 1
4002 2030 1
2030 4063 1
4063 4244 1
4244 4095 1
4095 7406 1
7406 945 1
945 1470 1
1470 1650 1
1650 2932 1
1981 2588 1
2588 2932 12
2932 1548 1
1548 6744 1
7447 893 1
893 6227 1
6227 2030 2
2030 404 18
404 7607 5
7607 6937 30
6937 7474 1
7474 6123 1
6123 3673 1
3673 2043 2
2043 3789 2
3789 2203 1
2203 2490 1
2490 3647 1
3647 4095 1
4095 1 1
4826 3571 1
3571 5837 1
1650 6517 1
6517 3499 1
3499 3673 1
524 363 14
363 579 1
579 5834 1
5834 7303 1
7303 7390 1
7390 522 1
522 6763 1
6763 621 1
621 1225 3
1225 3647 3
3647 7607 2
7598 4670 3
4670 364 3
364 769 20
769 6160 16
6160 7598 2
363 6516 1
6516 7607 2
7299 4520 2
4520 1238 3
1238 3387 3
3387 6375 2
6375 2974 1
2974 5501 1
5501 6123 1
6123 6226 1
3380 3759 3
3759 3199 1
3199 1774 13
1774 3387 3
3387 4826 6
4826 6937 3
6937 2465 1
2465 2046 1
2046 273 1
273 1027 1
1027 2932 1
2932 2583 4
2583 2170 1
2170 5959 1
5959 7449 2
7449 3822 2
3822 3353 1
3353 6025 2
6025 7607 1
7607 2864 1
2864 729 1
729 2030 12
2030 4652 8
4652 575 2
7287 711 1
7607 3577 2
3577 3387 2
520 7607 7
7607 3635 2
3635 6901 2
6901 6568 6
6878 6641 1
6641 359 8
359 2176 1
6744 2879 15
2879 3671 7
6872 2717 2
2717 6872 1
6872 6269 1
6269 1841 2
1841 6872 1
6872 5046 3
5046 1639 1
1639 5350 1
5350 3332 1
6625 1087 4
1087 5489 2
5489 7607 5
7607 7452 1
7452 5166 1
5166 3431 1
3431 1225 9
1225 792 1
792 7607 1
4618 1302 4
1302 1639 2
1639 4565 1
4565 275 1
275 6482 1
6482 5444 1
5444 1421 1
1421 7337 1
7337 247 2
247 1364 1
1364 6872 2
6872 7297 4
7607 573 1
573 3673 1
364 89 3
89 564 1
564 5832 26
5832 6672 5
6672 7516 1
6875 1 1
6725 1575 1
1575 516 2
516 6872 1
3673 5688 1
5688 3332 1
1087 7634 1
7634 3199 1
7299 3673 3
3673 6792 1
6792 7607 1
7607 3673 18
3673 6269 2
6269 3199 6
7299 1225 1
2030 7516 2
6875 6730 1
6730 7607 5
7299 7449 18
7449 795 7
795 3673 1
7299 3825 1
3825 3673 3
3673 795 3
795 7516 1
6875 2030 5
772 3671 5
2176 524 7
524 6971 1
6971 6781 1
6781 3199 1
1087 2176 19
2176 7447 2
6872 7299 10
7299 6044 16
6044 2715 1
2715 1 1
7607 1087 58
6409 7607 4
7607 4488 2
4488 795 1
795 516 2
3673 4892 1
4892 1 4
3671 1087 60
1087 3380 3
4663 7452 1
7452 6163 3
6163 4488 1
4488 516 1
516 1087 2
3356 3431 10
7393 3199 12
6409 6728 1
3199 5047 8
5047 706 1
706 3671 1
3671 3279 4
3279 4466 3
4466 2030 8
4826 1087 14
1087 10 1
10 7607 1
7607 2173 18
2173 4663 1
4663 6872 3
7299 3199 3
3199 3825 1
3825 1 1
1 5219 1
5219 7607 3
772 6672 1
6672 2107 2
2107 3199 1
6641 2616 6
2616 4826 1
4826 3671 34
3671 3084 4
3084 7453 1
7453 2932 2
336 4152 1
4152 2030 1
678 520 2
520 6866 2
6866 6044 1
6044 1639 1
1639 610 2
610 7598 2
7598 2010 3
2010 7447 2
7607 2529 2
2529 6901 2
6901 6872 23
6872 6672 1
2107 2030 2
2030 1826 2
1826 1639 3
1639 3671 11
3671 678 3
678 6872 7
6872 1421 1
2932 5630 1
5630 7607 1
7607 5630 1
5630 2030 1
2030 7016 7
7016 6901 1
1337 3233 3
7075 363 1
363 2363 2
2363 7509 6
7509 430 1
430 5832 7
5832 2525 2
2525 889 1
889 2046 2
2046 7429 1
7429 1609 1
1609 356 1
356 2030 2
2030 1337 22
1337 4624 1
4624 3673 1
3673 1364 1
1364 2333 1
2333 3671 1
6655 6023 3
6023 1523 1
1523 2431 1
772 2009 4
2009 7607 11
6428 1600 11
4520 2169 9
5657 7447 7
7447 2842 7
3836 3723 1
3723 1966 1
1966 7607 4
7607 520 34
520 2932 3
2932 6227 1
6227 3671 1
3671 6123 2
6123 2030 1
678 7607 14
7299 2009 2
3671 6245 3
6245 1294 2
1294 2030 12
3199 6245 6
6245 2616 2
2616 3671 11
3671 3774 1
3774 1966 1
1966 1337 3
1337 1455 1
1455 5929 1
5929 2363 1
7509 5187 1
5187 7453 3
7453 2982 1
3673 4826 4
4826 4412 1
4412 3671 2
315 2932 3
2932 4559 20
4559 3671 1
3671 6887 3
6887 7077 1
7077 2030 2
2030 3841 1
3841 467 1
467 2932 6
2932 2193 1
2193 1548 1
1548 1337 1
1337 4697 1
4697 6234 1
6234 4826 1
4826 1579 3
772 980 1
980 6641 1
6641 1600 32
1600 1337 1
6462 2932 5
2932 2336 12
2336 5037 1
5037 2169 1
2169 2363 1
2363 7177 1
7177 2030 4
2030 5119 3
5119 3387 1
3387 3380 12
851 1337 3
1337 6044 26
7447 2363 3
2363 3199 1
7299 1087 4
1087 2030 18
1579 1337 2
2363 2115 1
2115 3199 1
1087 125 1
125 1302 2
1302 7607 3
6044 3671 17
3671 7447 16
7607 1577 8
1577 6557 1
6557 7197 1
7197 1248 1
1248 2866 1
2866 2431 1
2431 3374 1
3374 3199 4
3199 1091 9
1091 4828 3
7406 6005 1
6005 3279 1
3279 5298 1
5298 2754 1
2754 1225 1
5455 3199 3
1091 352 1
352 1233 2
1233 1575 3
363 524 12
524 2754 1
2754 4828 1
7447 363 36
363 6990 2
3970 2158 1
2158 2030 1
2030 6428 7
6428 524 2
363 7447 18
3672 7197 1
7197 7607 1
5736 7297 3
7297 3380 1
1087 5177 6
5177 1421 1
1421 2431 2
2431 4618 1
4618 3789 1
3789 6568 1
6568 7607 1
7447 2866 1
2866 2370 1
2370 4233 1
4233 3387 2
7509 3199 1
1774 5554 1
5554 2030 1
516 3672 5
3672 1337 2
1337 4666 1
4666 2866 1
2866 2030 6
2030 2993 3
2993 2030 1
2030 4809 1
4809 2030 1
7447 4780 1
4780 7137 1
7137 6641 2
7449 2363 1
2363 5092 1
5092 3672 2
1639 3150 1
3150 3671 1
7447 3003 1
3003 6621 1
6621 2239 1
2239 766 1
766 6858 1
6858 2866 1
2030 5223 1
5223 6655 1
6655 467 6
3410 1 5
1 2932 15
6127 7166 8
7166 2754 1
2754 3199 1
363 525 3
525 2866 1
2866 363 1
363 234 1
234 2030 3
2030 2689 1
2689 7390 1
7390 364 8
1128 2864 1
2864 5092 1
1087 6995 2
6995 3431 1
3431 2363 1
7509 1225 1
2030 5844 10
5844 2009 3
7447 2240 1
2240 6641 1
6641 1290 1
1290 3387 1
3387 6269 2
6269 1660 1
1660 7598 1
7598 1337 5
1337 4597 1
4597 2866 1
2866 4346 1
4346 2363 1
7509 3718 1
3718 2932 8
2336 2030 9
2030 6234 17
6234 5119 1
5119 2932 1
7600 5468 23
5468 6044 1
3671 2363 1
2363 1290 1
1290 691 1
691 2144 1
2144 3671 1
2363 2879 1
2879 4936 1
4936 7607 1
467 2842 2
2842 6567 2
6567 1575 1
6044 2555 5
2555 2030 4
2030 2363 1
7509 6462 1
6462 1087 6
1087 1337 6
1337 1 6
1337 7607 14
7607 3671 25
1087 6672 1
6672 6449 2
6449 1579 1
1579 5844 1
5844 3199 6
363 1294 9
1294 6725 2
6725 6245 1
6245 7016 2
7016 1 4
6725 404 3
404 5733 1
5733 3762 1
3762 5851 1
5851 7297 9
7297 3199 7
176 5406 1
5406 6449 1
6449 1294 1
1294 2176 4
3671 504 1
504 621 1
621 3671 2
3671 3405 1
3405 1246 1
1246 32 1
32 3600 1
3673 156 1
156 2030 1
2030 235 3
235 1 1
1 1492 18
1492 7476 1
7476 1560 1
1560 156 1
156 3095 1
3095 3671 1
3279 2932 1
2932 5413 3
5413 2153 1
2153 2176 1
2176 699 1
699 7476 1
7476 2030 3
772 5671 1
5671 5978 1
5978 3356 1
3600 1619 2
1619 1526 2
1526 3199 3
2879 6044 8
6044 2431 1
2431 2046 1
364 2369 17
2369 1673 1
1673 3673 1
1 6901 7
6872 772 7
772 2555 3
2555 6901 2
6872 363 16
364 1622 17
1622 3276 1
3276 1651 1
1651 2030 1
2030 3276 1
3276 5464 1
5464 6872 1
3199 5468 3
5468 363 6
364 115 5
272 3387 1
3387 769 2
769 5468 8
5468 3827 1
3827 220 1
220 1246 1
1246 1277 1
1277 363 2
364 6672 2
6672 1622 1
1622 3600 1
3600 241 1
241 1492 1
1492 323 1
323 3600 1
3600 248 1
248 1 1
1492 119 1
119 6872 1
6872 6226 2
6226 1612 1
1612 2932 2
2932 119 1
119 1 1
1 5832 4
2932 248 1
248 1313 1
1313 2176 1
2839 1238 1
1238 3789 4
3789 586 1
586 2030 28
3199 2591 2
2591 364 2
364 3681 1
3681 2780 1
2780 4828 2
2932 5759 1
5759 3084 1
3084 363 1
363 4286 3
4286 2312 2
2312 364 4
364 7600 29
7600 476 6
476 7607 3
7607 1727 2
2030 4413 5
4413 2169 2
2360 6655 1
6023 3836 1
3836 6253 1
6253 4159 1
4159 7607 1
7607 5140 1
5140 1639 1
1639 5967 6
5967 1256 2
1256 4826 4
4826 3444 1
3444 2030 1
404 6937 1
6937 3671 8
3671 5602 5
5602 7607 5
7607 718 6
718 288 1
288 3671 2
3671 6641 26
6641 7371 6
7371 1500 1
1500 7607 1
7607 6375 1
6375 4523 1
2030 6690 14
6690 2148 1
2148 3387 3
3387 7406 1
2811 7607 9
6937 7447 38
7447 3986 1
3986 6725 1
1577 4754 1
4754 4057 1
4057 759 1
759 1575 1
1575 2839 2
2839 6641 1
6044 2312 3
2312 6901 2
1233 1540 1
1540 1806 1
1806 3671 1
3671 4889 2
4889 6641 1
6641 3292 1
3292 3387 1
3387 6866 17
6866 1600 8
7607 4876 11
4876 7447 2
7447 584 2
3199 288 7
363 1090 3
1090 5444 3
5444 2030 2
2030 6495 3
6495 1600 3
1600 2839 1
363 1243 1
3671 4244 4
4244 518 1
518 627 1
627 6901 1
363 1363 2
1363 3354 1
3354 2030 1
2030 1204 1
1204 2030 1
2030 5910 1
5910 2932 1
2634 2030 9
2030 1057 9
1057 5889 2
5889 6064 1
6064 3673 1
3673 6781 2
6781 2066 1
2066 1220 1
1220 1852 1
1852 627 1
627 363 1
363 7476 3
7476 125 1
125 5973 1
5973 6641 1
1600 2176 10
2176 2030 12
2030 1363 2
1363 6421 1
6421 277 1
277 2932 1
2634 3671 1
3671 6655 10
1028 3675 2
3675 523 1
523 6260 1
363 5805 1
5805 3675 1
3675 363 8
363 156 1
156 3199 2
6645 156 1
156 2176 3
2176 6901 12
6901 1492 3
7390 1 3
1 6645 2
6645 7447 2
7447 1635 1
1635 363 2
363 6205 4
6205 2030 3
2030 4244 10
4244 6679 1
6679 2902 1
2902 5178 1
5178 156 1
2176 1481 1
1481 1581 1
1581 2176 1
2176 5814 1
5814 324 1
324 3414 1
3671 3594 1
3594 5313 1
5313 2667 1
772 6866 3
6866 3671 13
3671 6023 8
6023 4597 1
4597 3393 1
3393 2932 2
2932 3393 5
3393 2046 1
2046 4719 1
4719 5853 1
5853 6771 1
6771 1246 1
1246 4001 1
4001 2431 1
3671 7492 1
7492 711 1
7540 373 1
373 2932 2
4559 6461 1
6461 7476 1
7476 7540 1
7540 5832 3
5832 4572 1
4572 5832 2
5832 5195 1
5195 452 1
452 7607 1
7607 6507 8
6507 2030 6
2030 1073 4
1073 2932 9
6023 2030 13
7607 3843 1
3843 6547 1
6547 3279 1
3279 3017 1
3017 7607 3
7607 4779 2
4779 5908 2
5908 7607 5
7607 1774 8
1774 7447 12
7447 3643 1
3643 3849 1
3849 2010 1
2010 3671 4
3671 558 3
558 4244 3
4244 2504 1
5855 3265 1
3671 3576 1
3576 7607 1
1097 1368 5
1368 3393 5
3393 4826 1
1087 6044 3
6044 4488 4
4488 2192 1
2192 7235 1
7235 6872 2
6872 524 2
524 639 1
6872 366 1
366 5386 1
5386 3199 1
2616 7607 18
1087 2879 4
363 1225 4
1225 2879 2
363 3332 2
3332 1 4
3199 1189 1
1189 2944 1
2944 6377 1
6377 4553 1
4553 7607 5
7607 858 1
858 2046 2
2046 6872 2
6872 7600 1
7600 1520 1
1520 7607 1
7607 6170 16
6872 6462 2
6462 1155 1
1155 7057 1
7057 7442 1
2030 4193 2
6690 3207 1
3207 1506 1
7297 3836 1
3836 4828 2
3199 7057 10
7057 7607 2
7607 6872 30
6872 4522 1
2510 6872 4
6872 4507 1
4507 1800 1
1800 6645 1
6645 497 1
497 1 1
1 1087 2
2510 400 1
400 3672 1
3672 415 1
415 400 1
400 1 2
1 6044 1
4488 1 1
2510 4507 1
4507 400 1
400 6257 1
6257 5929 1
5929 3403 1
3403 364 1
364 1298 3
1298 2431 1
2431 3672 1
3672 6260 1
3199 2242 1
2242 3373 1
3199 4508 2
4508 2555 1
3672 3171 1
3171 568 1
568 1 2
6872 678 3
6872 315 1
315 7600 1
7600 7537 1
7537 6170 2
6170 7607 4
7607 4522 3
4522 3673 3
3673 2176 4
2176 7185 1
7185 2716 1
2716 1710 1
1710 3403 1
3403 4073 1
4073 5766 1
5766 3836 3
3836 2030 15
6448 363 2
363 7297 13
7297 3671 4
3671 4763 1
4763 6744 1
6744 238 1
238 4423 1
2169 7537 1
6170 6672 1
6672 2743 1
2743 3199 1
7057 3356 1
3356 7442 1
7442 3356 1
3356 4193 1
4193 1368 1
1368 5844 7
5844 5929 1
5929 6189 1
6189 3373 1
3373 364 2
364 5994 2
5994 3199 1
7057 2030 1
7057 1 1
6866 404 1
404 6872 1
6872 503 1
503 4073 1
4073 7607 3
7607 7381 1
7381 3199 1
6645 7607 4
7607 7390 1
7390 7449 3
7598 4811 1
4811 6170 1
6170 3420 1
3420 4870 1
4870 7607 1
7607 4760 1
4760 7607 2
516 2303 1
2030 3186 11
3186 7442 1
7442 7453 1
7453 5177 3
5177 1035 1
1035 382 1
382 2030 1
5177 619 1
619 1243 1
1243 7607 16
7607 4871 1
4871 5832 1
5832 4586 1
4586 3671 1
3671 918 1
918 6901 2
7607 2303 1
2303 7489 1
7489 3672 2
7406 467 3
467 2360 3
1087 440 1
440 7057 1
3199 4277 7
4277 2312 1
2312 6872 9
6872 6044 16
7607 6690 4
6690 678 1
6872 4959 1
4959 7600 3
7600 7226 1
7226 7607 1
3199 1607 7
1607 7607 1
363 6124 3
6124 1639 12
1639 6872 4
6872 7235 1
6872 7595 4
7595 2030 1
7607 4519 6
4519 6872 1
6872 3647 1
3647 7537 1
6872 837 1
837 2324 1
2324 3199 1
7121 6872 1
6872 3701 1
3701 2176 1
6872 3503 1
3503 364 1
5929 432 1
432 7297 1
7297 6617 2
6617 3349 1
3349 6044 5
3671 516 10
516 2702 1
2702 6031 1
6031 5832 1
5832 1637 1
1637 2238 1
2238 2932 1
2932 2431 5
2431 363 9
363 3117 5
3117 2405 1
2405 2030 1
2030 2715 3
2715 2030 5
1087 7598 18
7598 7447 3
7447 6645 15
6645 7598 1
7607 1243 6
1243 1639 2
7607 7298 2
7298 7185 1
7185 7101 1
7101 3671 1
3671 5569 1
5569 2238 1
2238 2030 1
6872 3117 1
3117 1579 2
1579 4620 1
4620 6385 1
6385 5725 1
5725 3671 1
6023 5832 2
5832 2811 9
2811 276 1
276 2030 1
2030 655 1
655 7453 1
7453 1 1
1087 2166 1
2166 2192 1
2192 3011 1
3011 7580 1
7580 2473 1
2473 2030 14
2030 4783 1
4783 159 1
159 2030 1
2030 1985 1
1985 2030 1
2030 2311 1
2311 2932 2
4559 1 1
1 5766 1
3836 1419 1
6370 564 2
5919 364 1
364 7269 1
7269 7297 1
6617 3387 1
7607 6255 1
6255 5832 1
6872 6377 1
6377 1 1
6725 6672 1
6672 7382 1
7382 2369 1
2369 3199 1
519 1225 1
1225 1087 10
6872 5478 1
5478 1 2
2176 7598 25
7598 706 1
706 678 1
2176 4759 1
4759 6872 2
6872 5832 5
7607 2695 1
2695 6901 1
6641 6698 1
6698 2662 1
2662 6641 1
3199 1474 1
1474 7607 1
7607 1246 2
1246 1301 3
1128 2030 25
7393 1491 3
1491 3199 2
6170 2176 15
2176 3431 1
3431 6672 1
6672 247 1
247 7607 1
7607 3431 9
7598 6170 2
6170 2030 3
576 2932 1
2932 5722 8
5722 4887 1
2030 5046 1
5046 6872 2
7607 1680 1
1680 1243 1
1243 7600 1
7600 1302 5
1302 3673 2
7607 3419 6
3419 3332 1
3332 6901 2
7607 1302 2
1302 706 1
706 3673 1
3673 6901 8
6878 4618 1
4618 3673 4
3419 1087 1
3332 1302 3
1302 6411 1
6878 3671 1
3671 6872 7
6872 6725 3
6725 1600 19
1600 5851 19
5851 6044 1
6411 3671 4
7607 1878 1
1878 3671 5
3671 5619 1
5619 2099 1
2099 5584 1
5584 364 2
1298 6044 1
6044 6080 1
6080 6901 3
6872 364 10
364 2234 18
2234 1227 1
1227 772 1
772 6626 1
6626 6901 2
7607 6744 24
6744 3600 19
3600 1421 1
1421 2030 16
3671 7607 24
3419 7449 3
7449 7607 18
5455 2932 1
6872 3419 2
3419 4347 1
4347 3671 3
3671 6626 1
6626 3671 2
516 2866 1
2993 3672 2
3672 7449 3
7449 6904 2
6904 7447 3
3672 3150 1
3150 1 1
4826 6044 1
7447 4520 4
1128 2529 1
2529 542 1
542 7447 1
3671 1639 12
1639 7339 1
1301 3356 1
3356 1063 1
1063 3199 1
3199 898 3
898 2312 1
3671 874 3
874 2932 6
5855 3671 1
3671 3723 7
3723 5327 1
5327 1097 5
1097 364 10
2030 3513 1
3513 7607 2
7607 1639 18
1639 7382 1
7382 2030 1
7607 1506 45
6995 7016 3
7016 3671 1
3671 442 5
442 6234 2
6234 5327 1
2030 4769 3
4769 7607 2
7607 4643 4
4643 3155 1
3155 7537 1
7537 4828 1
2030 836 1
836 7607 2
3199 315 5
1301 3671 5
3671 3086 3
3086 5428 2
5428 2030 5
2169 6568 2
6878 6956 1
6956 3671 1
2030 883 1
883 6901 1
3671 1302 2
1302 3387 5
3199 4618 12
2030 4538 1
4538 7447 2
7447 6559 2
6559 1878 1
3671 441 2
441 3673 2
3673 6568 1
6568 2030 1
400 3504 1
3504 364 1
364 6559 3
6559 5832 1
5832 5329 1
5329 3873 1
3873 7607 2
7607 6901 5
6901 3836 2
2030 3021 2
3021 3600 1
3673 2842 1
2842 3683 1
3683 3387 1
363 3392 1
3392 6568 2
6568 2431 1
2431 6744 2
7447 5036 3
5036 2030 2
2009 6449 1
6449 4887 1
4887 3671 4
7447 125 2
125 2443 1
2443 3287 1
3287 6559 1
6559 3199 1
1419 568 1
568 2030 1
2030 5581 1
5581 5994 1
5994 3671 2
7300 352 2
352 3869 1
3869 6901 1
3836 3671 2
3671 1356 1
1356 6641 1
7447 6568 2
6878 2030 5
400 5047 1
5047 3919 1
3919 6449 1
6449 363 2
6641 1391 1
1391 7447 3
7447 5313 4
2879 7126 3
7126 3671 1
7447 836 1
7607 1368 5
1368 4614 1
4614 1575 1
3199 1455 2
1455 3671 2
7607 1805 1
1805 6815 1
6815 1421 1
1421 6901 1
6878 3836 1
3836 516 2
2030 3086 1
3086 2030 2
6462 6055 1
6055 4244 1
4244 7043 5
7043 5832 3
5832 7304 1
7304 2469 1
2469 2030 5
2030 5794 1
5794 3671 1
3671 7285 4
7285 4244 1
467 1128 10
1128 2348 1
2348 364 1
364 1616 6
1616 6634 1
6634 1368 1
1368 4509 2
4509 3410 2
3410 4521 3
4521 3671 12
3199 7097 1
7097 364 1
364 2543 2
2543 1 1
3671 6564 1
6564 2030 1
2030 1861 2
1861 364 1
364 6881 7
6881 1579 1
1579 2932 7
2932 3241 2
3241 3387 1
3387 3671 49
3671 1391 1
1391 3671 2
3671 7286 3
7286 2982 1
2982 5929 3
5929 6616 1
1579 4522 2
4522 3671 3
3671 2312 8
3671 910 1
910 3392 1
6568 6044 4
5959 2046 9
2046 3671 9
3671 7390 1
7390 3671 6
516 3671 4
3671 2169 11
1425 7439 1
7439 2030 1
2030 17 2
17 3596 1
3596 4740 1
4740 1682 1
1682 2030 2
2030 3443 1
3443 2030 1
2030 6999 1
6999 1639 1
1639 3600 4
3600 6486 1
6486 5832 2
467 5993 1
5993 770 1
770 6920 1
6920 3671 1
1 4754 3
6998 6568 1
6568 6735 1
6735 3671 2
3671 3431 4
3431 600 1
600 2030 1
4416 482 1
482 4553 1
4553 6449 1
6449 3199 2
3199 5633 1
5633 2030 1
363 1511 3
1511 2030 6
2030 2021 1
2021 5689 1
5689 1622 1
6690 3671 6
3671 3186 2
3186 3392 1
3392 6515 1
6515 2030 1
6462 6645 2
6645 7390 4
7390 1639 2
1639 2431 2
2431 3373 1
5047 2451 1
2451 2030 1
2030 2991 1
2991 7447 7
6568 4649 1
4649 3671 7
6205 2932 18
3671 5932 1
5932 6568 1
7447 1151 3
1151 5699 1
5699 3671 1
1639 6645 2
6645 6142 2
6142 2030 7
3671 1825 1
1825 1 1
3671 1610 4
1610 3672 1
3672 6730 3
6730 4209 1
4209 3836 1
3836 6044 2
7447 5602 2
5602 3671 2
2030 6568 4
7447 7600 18
7600 438 1
438 6449 1
6449 6044 3
7447 3718 1
3718 7390 1
7390 1054 1
1054 3499 4
3499 3418 1
3418 6362 1
6362 2030 3
6568 5832 1
5832 7598 19
7598 6271 4
6271 2030 5
3673 6234 6
6234 4209 1
4209 1 3
2312 4707 1
4707 363 1
363 2163 2
2163 6370 3
6370 6449 1
6449 751 1
751 5341 1
5341 5802 5
1087 4766 1
4766 2932 6
7600 5802 1
5802 772 1
772 1334 2
1334 2030 12
2030 2587 2
2587 516 1
516 2030 15
2030 4490 3
4490 3672 4
3672 678 1
678 5802 1
5802 2431 1
363 5802 2
5802 5919 1
5919 3387 1
6690 7598 4
6641 7598 9
7598 5802 1
5802 7390 1
2431 3189 1
3189 3392 1
3392 1622 1
1622 2030 9
2030 6087 2
6087 3646 1
3646 7393 1
7393 442 2
442 2932 5
2932 4951 2
4951 5413 1
5413 795 1
795 1774 1
1774 7600 1
7600 6142 3
6142 3199 7
3199 1660 6
1660 7447 6
3673 6044 7
6044 6690 1
7598 7441 1
7441 5802 1
5802 4490 2
288 2030 2
3673 4490 2
3672 3600 2
3600 1639 2
1639 1492 5
4244 3973 4
3973 2030 1
2030 4209 10
1 1610 1
1610 6568 1
6568 6775 1
6775 4860 1
4860 3672 2
3672 4826 1
4826 6449 3
6449 4429 1
4429 6768 1
6768 3447 1
3447 4779 1
4779 4346 1
4346 3673 4
3673 2465 1
2465 6568 1
7598 228 1
228 2792 1
2792 2099 1
2099 7453 2
7453 364 1
7598 5759 6
5759 4826 1
4826 3673 16
3673 4632 1
4632 6449 1
6449 364 2
364 7459 1
7459 2360 1
2360 4924 1
4924 1364 1
1364 1146 2
1146 1 1
1 3411 3
3411 3671 2
3671 404 2
404 6462 1
6462 2907 1
2907 1583 1
1583 2030 1
2504 433 2
433 6419 1
6419 4244 13
4244 6487 1
6487 5272 1
5272 5929 1
5929 3392 1
3392 6628 1
6628 2932 2
2932 344 1
344 542 3
542 4826 1
4826 558 2
558 3505 1
3505 2030 4
2030 5199 2
5199 3410 1
3410 2176 4
364 1378 1
1378 6457 1
6457 711 1
711 2169 1
2169 5651 1
5651 3671 2
3723 4575 1
4575 364 2
3643 5428 1
5428 2176 1
2176 5854 1
5854 2030 1
2030 5881 3
5881 5832 4
5832 2504 1
433 2030 1
2030 6149 4
6149 5967 2
364 1246 17
1246 2780 1
2780 2583 1
2583 5802 3
2030 2513 3
2513 3026 1
3026 3671 4
3671 7406 4
7406 3320 4
3320 7365 3
7365 4609 1
4609 1 1
2312 5115 1
5115 496 1
2932 2360 1
2360 364 2
3672 2839 4
363 7302 2
7302 2932 1
2932 2644 4
2644 4238 1
4238 6568 1
6568 363 1
363 712 2
352 6082 1
6082 3671 1
6449 2839 1
352 2142 1
2142 5489 1
5489 6744 4
6744 952 1
952 2046 2
2046 1484 1
1484 1 1
1492 6434 1
6434 3671 1
2009 3414 5
2555 6449 1
6088 3706 1
3706 2030 1
6728 4350 1
4350 364 2
6559 1588 1
1588 2932 2
2932 6568 1
6878 7449 1
7449 1878 3
1 6642 6
6642 6462 1
6462 4967 1
4967 7607 4
315 7537 1
7537 3320 1
3320 5468 5
3671 2640 1
2640 7607 1
2030 2347 2
2347 3387 1
5455 7285 1
7537 2030 2
2030 273 2
7374 7607 1
7607 6958 1
6958 3789 1
3789 3671 11
3671 6932 1
6932 2099 1
2099 7041 1
7041 5602 1
3199 3757 2
3757 2685 1
2685 7537 1
6690 7607 18
5736 7447 50
7447 6462 2
6462 7285 2
7285 3020 1
3020 3836 1
3836 7598 1
7598 6563 1
6563 5472 1
5472 1921 1
1921 3673 1
524 2030 4
6245 5131 1
5131 2169 5
3671 711 2
7607 1799 1
1799 6901 1
6568 4244 1
4244 1252 1
1252 1421 1
2030 3823 1
3823 3836 1
3836 7449 1
7449 2048 1
2048 4723 1
4723 2171 1
5468 2176 6
3671 4616 1
4616 1302 1
1302 3671 3
3671 3082 1
3082 1 1
1 2171 2
2176 3082 1
3082 3189 1
3189 351 2
351 1 1
2176 3189 1
351 4676 1
4676 364 3
2543 3671 1
363 1391 8
1391 6645 1
6645 1622 2
1622 363 3
5468 4244 1
4244 3282 2
3282 3671 1
6462 6137 2
6137 7371 1
7371 269 1
269 604 1
604 1425 1
1425 400 1
2369 3672 2
3672 5027 1
5027 3671 1
3199 6924 5
6924 6725 1
6725 1399 1
1399 3789 1
3789 3672 5
3672 3315 1
3315 3387 1
3671 6269 6
6269 6423 1
6423 3671 1
7447 4522 2
2510 7286 1
7286 1033 1
7217 2030 2
3600 460 1
460 1301 1
3671 4454 1
4454 7607 1
7607 6592 1
6592 2030 3
2030 6929 2
6929 2932 1
2932 7621 1
7621 2806 1
2806 2932 8
2932 6815 6
6815 386 2
386 4244 16
5722 4120 1
4120 2932 2
2932 2602 1
2602 2101 1
2101 162 6
162 1028 1
1028 3199 1
363 1425 5
6744 6461 2
6461 300 1
300 7259 3
7259 364 1
364 2780 1
2780 1028 17
1028 2600 1
2600 5684 1
5684 6641 1
6641 1219 3
1219 7447 2
3672 352 5
352 3376 1
3376 3199 1
3199 3026 16
3026 1575 1
2009 1028 7
1028 3672 1
3672 3671 2
3671 1311 2
1311 7607 3
711 4971 1
4971 5967 1
5967 2030 13
5468 3199 5
3199 4361 3
4361 6160 6
6160 5867 1
5867 2910 1
2910 1628 2
7600 6461 5
6461 2577 1
2577 2030 2
2932 3410 1
3410 3671 2
718 1821 1
1821 1256 1
1256 1 5
1 2297 1
2297 2286 1
2286 5967 1
5967 4346 2
4346 1097 2
1097 6901 2
363 5801 1
5801 2431 1
3671 2949 6
2949 7026 1
7026 2910 1
2910 2640 2
2640 5813 5
5813 3960 1
3960 2030 2
7598 1628 1
1628 711 1
3671 1821 1
1821 7607 2
7607 1 11
1 5844 10
5844 3897 1
3897 2932 3
2932 6766 1
6766 6067 1
6067 364 2
6815 2806 7
2806 3789 5
3789 4024 1
4024 2030 4
2030 881 1
881 5813 1
5813 2030 3
2030 1360 1
1360 2932 1
2932 542 2
542 5089 1
5089 542 1
542 1428 1
1428 3082 1
3082 364 1
5929 6983 3
6983 2030 1
7607 6681 2
711 400 1
400 5585 1
5585 1028 1
1028 7607 11
7607 3178 2
3178 2030 2
2030 4753 8
4753 3600 2
3600 7390 10
3671 4780 1
4780 1654 1
1654 7607 2
3387 3836 3
3836 5210 1
5210 3671 2
3671 5107 1
5107 5801 1
5801 1 3
1 728 2
728 7607 5
7607 5007 2
5007 2169 4
2169 7600 15
7600 1622 2
3672 3413 2
3413 772 1
772 2479 3
2479 2350 1
2350 1622 1
363 4907 1
4907 2030 1
2030 470 1
470 2839 1
363 5202 1
5202 467 1
467 1301 11
6983 2532 1
2532 2099 1
2099 2640 1
5813 3199 1
2009 3356 1
3356 2303 1
2303 3356 2
3356 7101 1
7101 5249 1
5249 1246 2
1246 2782 2
2782 2099 2
2099 1233 4
1233 275 4
2030 2842 9
4217 4916 1
4916 364 3
364 1204 1
1204 2667 1
4663 2176 1
7607 2879 27
2879 6641 4
6641 3413 1
3413 6901 1
400 1028 1
1028 2996 1
363 2918 1
2918 1577 1
1577 5832 1
5832 6660 1
6660 5168 1
5168 583 1
583 2647 1
2647 2030 1
2030 748 1
748 478 1
478 2414 1
2414 2982 1
2982 2303 1
2303 1225 1
1225 4789 3
4789 940 1
940 654 1
654 2818 1
7300 595 1
595 7607 1
363 4142 1
4142 7090 1
7090 2461 1
2461 6140 1
6140 4828 1
7447 400 3
400 7598 1
3199 2685 5
2685 3387 1
6234 3186 4
3186 6641 1
2176 3836 2
3199 613 4
613 5332 2
5332 7598 1
3538 6655 1
6655 364 12
2600 1629 1
1629 6269 1
6269 3298 1
3298 3387 1
3387 4784 3
4784 3836 1
3836 6462 1
6137 6990 3
6990 6890 1
6890 2932 1
2932 5802 6
7598 2999 3
2999 7607 1
363 467 14
467 364 8
364 6033 1
6033 2479 1
6775 3671 6
6462 7371 1
7371 7179 2
7179 2030 1
2030 1821 1
7607 5468 4
3671 1817 3
1817 7607 2
2030 5281 5
5281 2932 1
1301 7607 6
363 6993 7
6993 6773 1
6773 7607 3
3671 7159 3
7159 2030 2
3370 6995 1
3199 807 1
807 3921 1
3921 7607 1
7607 3970 16
7447 2996 9
2996 5032 1
5032 2193 3
2193 6403 2
6403 124 1
124 7607 1
6995 2833 1
5468 5422 1
5422 807 1
807 2046 6
2046 7259 2
7259 3387 4
5032 3643 1
3643 363 2
6645 2702 3
2702 7447 1
7406 3673 3
3199 5262 1
5262 352 1
352 2030 8
6241 7607 2
2879 5188 2
5188 7406 1
7406 4172 1
4172 6833 3
6833 3672 1
363 6137 9
6137 7003 1
7003 1256 1
1256 363 9
363 2046 4
2046 6742 1
6742 5359 1
5359 1502 1
1502 1448 1
1448 3836 1
3836 7179 1
7179 2046 3
1425 6448 1
6448 3199 3
3199 3763 4
3763 364 4
364 7259 13
7259 3394 1
3394 2099 1
2099 7384 3
7384 6645 1
7607 2949 2
2949 1378 1
1378 6482 1
6482 5468 3
5468 3534 1
3534 7259 1
7259 1225 2
7607 1800 1
1800 7598 4
7598 7470 1
3199 4789 1
4789 4828 1
363 1561 1
1561 6403 1
6403 1830 1
1830 711 1
711 3387 4
7607 3040 2
3040 2323 1
2323 3026 1
3026 7607 6
3026 6461 3
6461 5739 2
5739 4182 1
4182 125 1
125 5811 2
5811 3672 1
363 1890 1
1890 2755 2
2755 6535 1
6535 2030 1
2030 1448 1
1448 2474 1
2474 3535 1
3535 7607 1
7607 6178 1
6178 3672 1
3672 5842 1
2030 5093 8
5093 1639 7
1639 5450 4
5450 364 1
364 1064 5
1064 7259 1
7259 4503 1
4503 6486 1
6486 2169 1
2169 6471 3
6471 363 3
363 4979 1
4979 1027 1
1027 6461 1
6461 4693 1
4693 472 1
472 3199 1
3199 1521 1
1521 364 1
364 7572 2
7572 2030 2
3199 6870 1
6870 5908 1
7607 1655 1
1655 4346 1
4346 6486 1
6486 5101 1
5101 4692 1
4692 2030 2
5093 895 1
895 364 1
364 275 4
275 3361 1
3361 302 3
302 3798 1
3798 7406 1
7406 2431 1
2879 352 24
352 875 2
875 5450 1
5450 6866 1
6866 363 2
363 2833 4
2833 3387 2
7607 6990 8
6990 4355 1
4355 2169 1
2169 2369 4
2369 2312 1
2312 7116 1
7116 364 1
2600 3932 1
3932 5801 1
5801 7607 4
7607 7072 1
7072 6123 1
6123 5929 1
5929 5450 1
5450 2030 6
2030 3717 2
3717 4692 1
2030 6413 10
6413 4182 1
4182 2030 5
1600 7610 1
7610 3836 1
3199 364 15
364 1523 1
1523 2176 1
2176 718 2
718 2312 1
2312 3199 1
363 5428 6
5428 3671 2
7447 772 26
3671 1298 3
1298 3199 5
3199 2287 1
2287 3671 1
3671 13 1
13 6044 2
7447 5677 1
5677 849 1
849 1298 2
2030 4618 5
1302 1575 2
1575 6744 5
6744 7302 1
7302 2314 1
2314 5131 1
2169 5484 1
5484 6886 1
6886 3387 1
3387 407 11
407 1577 2
1577 2833 1
2833 6403 1
6403 125 1
125 2369 6
2369 3927 1
3927 1298 1
6878 2009 1
7598 1295 3
7447 4326 1
4326 326 1
326 364 1
6559 363 1
363 777 1
777 5474 1
5474 644 1
644 3431 1
7449 3873 1
3021 400 1
400 2842 1
2842 3684 1
3684 2030 1
772 1506 2
5468 1298 1
1298 827 1
827 7598 1
7607 1970 6
1970 2147 1
2147 4828 1
7300 442 1
2030 6023 6
6023 974 1
974 364 1
364 6540 1
6540 2030 1
363 7353 1
7353 2176 1
3673 7598 9
3022 4826 1
6449 6462 2
6462 5255 3
5255 467 2
467 2510 3
2510 6744 3
2879 5104 1
5104 1 1
2312 467 1
467 4062 1
4062 6725 1
6725 3186 1
3186 6226 2
6226 7449 1
7449 2952 1
2952 3373 1
3199 5292 2
5292 1 1
4826 6995 2
6995 6462 4
467 641 1
641 547 1
547 2832 1
2832 7390 1
2431 3199 8
2009 4244 2
2108 2312 1
3671 1371 1
1371 1368 2
1368 3673 2
3673 6725 3
6655 2030 9
2030 5226 7
5226 5798 2
5798 1238 1
1238 3671 2
7447 5406 2
5406 2844 1
2844 400 1
400 4705 1
4705 1654 1
363 3188 4
3188 2030 4
3671 2009 5
2009 364 3
364 7513 1
7513 2806 1
2806 2777 1
2777 2517 1
2517 7607 4
7607 1836 1
1836 2030 1
7607 6655 5
3026 7303 1
7303 352 3
352 2125 1
2125 4521 1
5832 3393 1
6462 3970 2
3970 3199 2
3199 4244 11
4244 5967 6
5967 3387 5
3199 3000 4
3000 7607 2
7607 6866 4
1600 5736 1
6462 7598 1
7598 1401 1
1401 6449 1
6449 415 1
415 7607 12
7607 6595 1
6595 2169 1
2169 7621 1
5086 6725 1
3671 4992 1
4992 6655 1
363 5431 1
5431 2790 1
2790 2524 1
2524 2897 2
2897 3653 2
3653 4727 1
4727 2030 3
2030 5395 1
5395 2030 2
2030 344 1
542 6461 1
6461 2303 1
2030 1246 12
1246 1000 1
1000 1364 1
1364 5418 1
5418 1225 1
1225 2875 1
2875 193 1
193 7607 1
7607 828 1
828 772 1
2030 5113 2
5113 3829 3
3829 2932 2
2932 3403 1
3403 7621 1
7621 7607 3
7607 3440 2
3440 4595 1
4595 2030 1
7447 6905 1
6905 364 2
2600 1924 1
1924 5832 3
5832 5967 20
5967 5801 2
2030 3320 4
3320 6986 1
6986 7607 1
363 3762 1
3762 2932 4
2932 3600 19
3600 2780 5
2780 1 3
1 6462 1
5182 5378 1
5378 275 1
275 4244 1
4244 3410 8
3410 363 2
363 3960 1
2030 2640 1
5813 1364 1
1364 5283 1
5283 2030 1
7016 6641 1
6641 1235 5
1235 7447 2
7447 3356 4
3356 3836 1
3836 3356 1
3356 400 1
275 3370 2
5736 896 1
896 2560 1
2560 2030 2
2030 5867 3
5867 364 2
7600 1600 3
1600 3410 3
3410 1575 1
1575 3836 1
3836 3086 1
3086 1454 1
1454 5428 1
5428 1 4
7607 4561 6
3086 7607 1
6641 1718 1
1718 7447 1
1774 6080 1
6080 711 5
711 5249 1
5249 4521 1
4521 6449 1
3199 1808 1
1808 2030 1
3199 6411 2
6411 1874 1
1874 7607 2
7607 2099 4
2099 7159 1
7159 7607 1
7607 4103 1
4103 772 1
772 482 2
7259 2030 11
7600 711 5
711 6995 2
6995 4875 7
4875 6269 1
6269 6470 5
6470 4521 1
4521 7607 14
7607 1148 1
1148 6998 1
6998 6449 1
6449 3320 1
5468 5074 1
5074 2169 2
2169 344 1
344 3957 1
3957 2030 1
3186 328 1
328 3671 1
6995 5468 3
5468 3086 2
3086 364 1
1128 5196 1
5196 467 1
3410 364 3
364 2211 1
2211 2030 1
3671 6483 1
6483 4625 1
4625 3671 1
3671 2839 4
363 5092 1
5092 1639 1
1639 12 1
12 3671 1
364 1060 1
1060 2312 1
2312 7280 1
7280 5473 1
5473 3671 1
3671 3556 3
3556 5088 1
5088 1639 4
1639 4898 1
4898 6641 1
1087 3349 2
6044 4898 2
4898 4323 1
4323 2932 1
3675 4855 1
4855 7297 1
7297 1750 1
1750 1151 1
1151 3873 1
3873 6901 6
6901 7390 7
3671 6616 1
6616 5766 1
5766 6616 1
6616 2431 2
3671 917 1
917 3199 1
3199 7568 1
7568 3356 1
3356 6837 1
6837 3356 1
3356 1651 1
1651 3356 1
3356 5696 1
5696 2030 2
2030 2176 31
2312 6616 1
6616 3040 1
3040 916 1
916 2030 1
2879 6995 1
6995 5451 1
5451 2030 2
2030 4649 2
4649 7394 1
7394 3836 1
2030 1243 11
3671 3829 2
3671 3180 1
3180 1750 1
1750 2030 1
7598 3023 3
3023 4898 2
4898 3387 1
1579 3199 26
3199 772 8
772 1750 1
1750 4368 1
4368 6457 1
6457 6568 1
2030 4644 1
4644 3671 1
3671 1731 1
1731 6901 1
7607 2842 2
2842 1299 1
1299 678 1
7447 1294 15
1294 1750 1
1750 298 1
298 7390 1
2431 6483 1
6483 7516 1
2030 1233 12
275 1876 1
1876 3671 1
364 3400 1
3400 712 1
712 7600 1
7600 2577 1
2030 888 1
888 3671 1
2667 3230 1
3230 2030 1
2030 1364 8
1364 5919 1
5919 7598 1
4898 6901 1
6901 6645 1
6645 4898 1
4898 2030 2
2030 5929 4
5929 4900 4
3199 1372 1
1372 7607 1
2115 4467 1
4467 6269 1
6269 3192 1
3192 6989 1
6989 2046 3
2046 6514 1
6514 1225 1
6044 7598 7
7598 6451 1
6451 6878 1
6878 5379 1
5379 364 13
364 2634 5
2634 7015 1
7015 7390 1
7390 6170 2
772 3673 15
3673 2879 10
7598 4460 1
4460 2176 1
2176 4201 6
4201 1243 6
1243 1087 1
7607 6989 3
2046 7600 7
7600 5258 4
5258 6514 1
6514 2030 2
3370 2030 2
2030 238 2
238 2169 3
3199 4423 5
4423 6641 2
6044 6142 1
6142 364 1
364 6142 1
6142 4766 1
4766 1087 1
1087 2932 5
2932 2842 7
2842 7540 1
7540 1575 1
1575 7598 10
2839 3019 1
3019 7540 1
7540 448 1
448 5195 1
5195 1 1
1 4572 1
4572 6399 1
6399 3360 1
3360 4357 1
4357 1225 1
1225 7598 13
7598 641 1
641 3199 1
3199 7540 1
7540 1 1
1 2842 2
2842 1097 1
1097 6141 1
6141 6771 1
6771 2046 2
2046 4172 1
6833 4766 1
3672 1087 18
1087 6645 1
6645 7540 1
7540 5154 1
5154 3404 1
3404 7607 1
7607 2431 1
2046 5851 2
5851 248 1
248 7390 1
1128 1575 2
352 2879 4
2879 1372 3
1372 5929 2
4900 3431 1
1225 7459 1
7459 4898 1
4898 7459 1
7459 7447 1
678 3102 2
3102 6866 1
363 635 1
635 3233 3
3233 2046 2
2046 3570 1
3570 2899 1
2899 4875 1
4875 156 1
156 2932 1
3282 363 7
363 6329 1
6329 6645 1
7447 156 1
3026 2030 2
235 7540 1
1128 3356 1
3356 6901 4
6901 2510 4
2510 3332 1
3332 6645 3
6645 7527 1
7527 4217 1
4217 2192 1
2192 363 4
363 2932 21
3282 2030 4
3671 2015 1
2015 7375 1
7375 5832 1
5832 7347 2
7347 2030 2
2030 6832 1
6832 5832 1
5832 6006 2
6006 2933 2
2933 6142 1
6142 4057 1
4057 2030 2
2030 6461 4
6461 249 1
249 364 1
7556 2030 3
7447 352 14
352 795 3
795 1506 8
1506 3671 4
1087 5343 1
5343 364 1
364 2341 1
2341 2030 1
2879 5503 1
5503 2932 1
2932 467 9
467 7617 2
7617 2030 1
2009 1225 3
1579 2030 9
6775 7297 1
7297 1087 2
6901 5967 8
5967 2932 5
2932 5762 3
5762 3671 1
3671 2103 3
4900 1102 1
1102 7598 2
3199 6474 1
6474 3414 1
3414 1506 15
1506 2517 1
2517 1600 2
1600 2043 1
2043 6514 1
6514 363 1
5468 1301 1
1301 804 1
804 2030 1
7607 5844 12
5844 6245 1
6245 4520 3
2030 1103 1
1103 1575 1
6137 5428 1
5428 7449 1
7449 1373 2
1373 6858 3
3387 2312 18
2910 364 16
364 6514 3
6514 1577 1
1577 7556 1
7556 1028 1
1028 7600 2
7600 3233 8
3233 2879 2
2879 1103 1
1103 7607 1
7607 3839 1
3839 3370 1
3370 1087 1
363 275 7
275 7181 1
7181 364 2
364 804 1
804 6641 1
6044 7600 4
7600 5851 5
5851 6142 3
772 7607 2
2030 5406 1
5406 7302 1
7302 467 2
6514 2043 1
2043 2169 3
2169 7445 4
7445 7607 4
3370 4553 1
4553 1619 2
1619 3199 1
363 1103 1
1103 2030 1
2030 795 9
795 352 2
352 520 2
520 3173 1
3173 2721 1
2721 7598 1
7598 3233 12
3233 1225 3
3199 7141 1
7141 352 1
7607 1443 1
1443 1575 1
3199 3923 1
3923 3671 1
2030 6409 3
6409 6901 1
7390 4865 1
4865 7598 1
3233 3199 12
3199 5219 8
5219 5832 2
5832 61 3
61 678 1
7607 1607 2
1607 352 1
352 2009 4
2009 2030 11
1600 3673 9
3673 4272 1
4272 6044 1
1225 6044 3
3671 3275 3
3275 5219 1
5219 4553 1
4553 3671 8
3199 5191 3
7598 7556 1
7556 7516 2
7516 2782 3
2782 1 1
3671 6495 1
6495 1579 1
5191 7295 1
7295 1298 2
1298 3349 1
4898 2431 1
2879 5219 1
5219 635 1
3233 4521 1
364 7556 2
2782 678 1
6641 4898 1
4898 3022 1
3022 5967 2
5967 4898 2
2030 4304 1
4304 6800 1
6800 7447 1
3675 4898 1
4898 639 1
639 5967 1
4898 1 1
1 2755 4
2755 6681 4
6681 1419 1
1419 6023 2
6023 2176 4
2176 7468 1
7468 7339 1
7339 7516 1
2782 4949 1
7393 6592 1
6592 5258 1
5258 635 1
364 156 3
156 2722 1
2722 310 1
310 2030 2
2030 645 1
645 2030 1
2030 3836 4
3836 6641 2
6641 5565 2
5565 7447 1
7447 6260 1
3199 1778 4
1778 2517 1
2517 3671 3
3671 3326 2
3326 3393 1
3393 3671 2
3671 6406 1
3431 287 1
287 5832 1
5832 6306 1
6306 4576 1
4576 386 1
386 6769 2
6769 2030 1
2030 3483 1
3483 5967 1
5967 3432 1
3432 1093 1
1093 3766 1
3766 7374 1
7374 3671 1
3671 5732 1
5732 363 1
363 6392 3
6392 5794 1
5794 1054 1
3499 1456 1
1456 3233 1
2030 4898 1
4898 7303 1
7303 2323 1
2323 4108 1
4108 2030 1
2030 287 1
287 3671 1
3671 1416 2
1416 6046 1
6046 4244 1
4244 7259 1
7259 6725 1
6725 2932 6
3600 3393 4
3393 6725 3
1492 1313 1
1313 6725 1
6725 1639 2
1492 1 1
4826 404 2
404 5547 1
5547 2583 1
2583 3393 1
3393 2030 6
2030 2046 4
2046 467 16
467 6025 9
6025 4243 1
4243 287 1
287 3387 1
3199 3971 10
3971 7061 1
7061 4828 1
3671 4001 1
4001 6771 1
2046 5569 1
5569 5853 1
5853 3671 1
3671 4412 2
4412 6645 1
6645 5831 1
5831 7447 1
7447 627 1
627 6447 1
6447 1531 1
1531 2272 1
2272 2932 3
6462 2245 1
2245 6593 1
6593 1639 2
1639 7188 1
7188 4001 3
4001 1 2
1 5798 1
5798 6641 1
7447 715 1
715 4951 1
4951 363 1
5313 1323 1
1323 2039 1
2039 3671 1
5844 4826 1
4826 7598 1
7598 1087 4
1087 3671 36
3671 6169 1
6169 6457 1
6457 5860 1
5860 7322 1
7322 364 1
364 5698 2
5698 3671 1
3671 6116 3
6116 3387 1
3387 1087 3
6775 4912 1
4912 7607 1
1506 3608 1
3608 7447 1
3671 5151 1
5151 4754 1
6998 3836 1
516 344 1
344 2030 1
6655 1454 1
1454 542 1
542 7449 1
7449 1246 1
1246 5468 6
3086 1442 1
1442 2030 1
364 6809 3
6809 1368 1
1368 156 1
156 1138 1
1138 7598 1
3671 2684 1
2684 4328 1
4328 7607 1
7406 7365 5
7365 3671 1
363 2776 1
2776 5428 1
7607 7026 7
7026 2297 2
2297 2099 1
2099 1600 3
1600 874 1
874 7406 4
7406 1538 1
1538 3600 1
2046 1246 4
1246 3671 1
772 4201 1
4201 2030 2
2030 4201 1
2030 3040 18
3040 4270 1
4270 2932 1
2932 5929 6
5929 4782 1
3199 411 5
411 3671 1
3199 1892 1
1892 2030 1
2030 177 1
177 651 1
651 3671 1
1416 5825 1
5825 2030 2
2030 6499 2
6499 2030 5
2030 2267 2
2267 6725 1
6725 6858 2
6858 6725 2
6725 6626 2
6626 4346 1
2369 7607 6
7607 3616 1
3616 6313 1
6313 1057 1
1057 6462 1
6462 6135 1
6135 2030 1
2030 5602 2
5602 7393 23
7607 7121 9
7121 6316 1
6316 364 2
1298 7607 5
6995 1874 1
1874 2461 1
2461 6313 2
6313 3199 2
3199 4316 1
4316 1233 1
1233 5908 2
5908 3199 1
2009 1416 1
1416 2616 1
7607 5309 4
5309 2176 1
2176 404 4
404 5510 1
5510 6994 1
6994 643 1
643 2030 2
729 3836 1
3836 5832 3
5832 1349 4
1349 518 2
518 3628 1
3628 364 1
364 772 10
772 6503 4
2030 642 4
642 7453 1
5177 1998 2
1998 3671 2
3673 4577 1
4577 6901 1
4244 3393 2
3393 1 4
404 724 2
724 2030 3
2030 3724 2
3724 7447 1
7447 1998 3
1998 6991 3
6991 3671 3
364 7570 1
7570 3387 1
3369 1998 1
3671 729 5
6462 2784 1
2784 4244 2
467 7259 2
7259 5832 2
5832 5831 1
5831 6923 1
6923 3672 2
3672 6923 1
3672 1585 1
1585 7607 2
364 7523 1
7523 7607 1
520 6901 3
7390 6645 2
6645 147 1
147 1057 1
1057 728 1
728 3671 6
3671 6260 2
6260 1841 1
1841 2030 1
2030 7077 3
7077 4826 1
6462 360 1
360 4090 1
4090 5611 1
5611 482 1
482 2640 1
2640 5802 1
5802 601 2
601 2030 3
2030 2471 9
2471 7447 1
3671 6592 3
6592 7477 1
7477 2710 1
2710 3671 1
3671 802 1
802 2046 6
2046 6025 6
6025 2030 6
2030 3265 6
711 2588 2
2588 6721 1
6721 6744 1
6744 6499 1
6499 4826 1
4826 6269 1
6269 1903 1
1903 2030 1
3199 2060 1
2060 3356 1
1964 3153 1
3153 2191 1
2191 1634 1
1634 1904 1
1904 2030 1
2030 2638 1
2638 2062 1
2062 2046 1
2600 1437 1
1437 7172 1
7172 6256 1
6256 2030 1
2030 618 2
618 623 1
623 3836 1
3836 2588 1
2588 364 4
364 6947 7
6947 4826 2
4826 5102 1
5102 3279 1
3279 5119 1
5119 6071 1
6071 1097 2
1097 2940 2
2940 2030 1
2030 6722 2
6722 1087 1
1087 6764 1
6764 7598 1
7598 2775 1
2775 6764 1
6764 3673 1
2043 1639 3
3199 1244 1
1244 3954 1
3954 678 1
678 3673 6
3199 6822 4
6822 7607 2
7607 5360 2
5360 6923 1
5802 3673 2
3673 6645 7
6645 7289 1
7289 5399 1
5399 7607 2
7607 3954 1
3954 3763 1
3763 119 1
119 6449 1
364 4539 14
4539 4826 1
3671 3718 2
7426 2030 1
4688 7065 1
7065 3763 1
3763 3671 5
4539 1667 1
1667 364 1
364 3598 2
3598 2030 4
2030 1663 1
1663 4346 1
4346 6461 1
6461 6340 1
6340 6486 2
6486 2030 6
772 7065 1
7065 1 1
6462 4209 3
4209 7607 1
6170 3671 2
3671 6064 2
6064 3598 1
3598 7406 1
7406 3265 5
3671 853 1
853 2086 1
2086 6486 1
6486 729 1
729 5832 3
518 2030 9
6866 6937 1
6937 7607 6
2030 2272 6
2272 2169 6
3671 1109 1
1109 1639 3
5832 6068 1
6068 3394 11
3394 3022 1
3022 7607 3
7607 31 1
31 6189 1
6189 2030 2
7447 6919 1
6919 7607 4
3199 6207 13
6207 5147 2
5147 1639 1
1639 3673 35
7607 7065 1
7065 3671 2
5313 1033 1
1033 3387 3
3671 5279 1
5279 7305 1
7305 2030 3
3724 2030 1
2030 5798 1
5798 2030 3
5226 1109 1
3671 4361 2
4361 2030 1
2030 7299 14
7299 935 1
935 6901 1
3671 2086 1
2086 5802 1
5802 3671 2
3671 7174 1
7174 7607 1
2030 5949 1
5949 1639 1
1639 2535 1
2535 2755 1
2661 2030 1
7447 4318 2
4318 3387 2
7607 362 2
362 2849 1
2849 935 1
935 2046 3
2046 2535 1
2535 2030 5
2030 6367 1
6367 728 1
6260 802 1
6025 3718 1
4559 5117 1
5117 6385 1
6385 2169 3
2169 1256 9
1256 2030 17
7447 2812 1
2812 3829 1
3829 1 2
4826 6919 1
7607 3394 3
3394 3671 2
3671 4400 1
4400 4346 1
4346 5967 1
7447 4770 1
4770 2944 1
2944 6025 1
6728 4522 1
4522 5967 2
5967 3671 3
3671 6088 2
6088 1874 1
1874 3279 1
4331 7607 1
516 6461 2
6461 6547 2
6547 5832 2
5832 5217 1
5217 6022 1
6022 558 1
558 2932 9
6744 2839 2
6720 6641 1
7449 6269 1
3199 7561 3
7561 2030 4
2030 6240 3
6240 5832 7
5832 6471 1
6471 5801 1
7607 1890 1
1890 364 2
364 6464 1
6464 7547 1
7547 7449 1
7447 5801 1
5801 1859 1
1859 1 1
4826 4597 1
4597 3671 3
3671 2932 24
2932 285 2
285 5832 3
5727 4278 1
4278 1504 1
1504 2169 1
5844 5113 1
5113 4503 1
4503 3625 1
3625 7449 1
3671 4882 1
4882 2030 2
2176 2752 1
2752 2030 10
2030 6721 6
6721 6893 1
6893 711 1
711 748 2
748 6872 1
7598 964 1
964 7607 1
7607 3851 2
3851 1057 2
1057 2030 13
2030 3578 2
3578 6448 1
6448 6316 1
6316 1028 2
7607 6300 1
6300 6995 1
6995 512 1
512 2010 1
2010 7607 2
7607 2462 1
2462 1874 1
1874 3836 1
3836 6507 1
6507 2996 1
7607 518 1
363 7282 1
7282 2030 2
2030 272 1
272 2030 7
1294 5832 3
5832 5801 10
7607 6316 5
6316 7447 8
3671 3380 10
3199 4643 4
4643 3431 1
7447 832 1
832 2030 1
1087 2513 3
2513 5422 1
5422 558 2
558 2030 1
7607 4453 1
4453 3671 1
3671 3939 1
3939 1600 1
1600 6872 13
3199 5487 6
5487 7607 7
7607 1225 5
5185 3387 2
6207 3368 1
3368 3275 2
363 5686 1
5686 6872 1
6872 3414 4
2555 3349 1
3349 3644 1
3644 6866 1
6866 7339 1
1301 5193 1
5193 1225 1
1225 4766 1
4766 3332 1
3332 2616 2
2616 2932 1
2932 6986 1
6986 5813 2
5813 2169 1
2169 1681 3
7607 5978 6
5978 5046 1
5046 3671 1
3671 3885 1
3885 1256 1
7607 4652 3
4652 2169 1
2169 5722 5
5722 7607 10
7447 4244 5
586 4238 1
4238 302 2
302 2538 1
2538 2392 1
2392 2030 1
2030 769 19
769 771 3
771 3187 1
3187 4594 1
4594 7607 1
7607 4466 18
4466 7447 14
5978 364 3
1128 678 1
678 363 4
352 7461 1
7461 711 1
711 2168 1
2168 4594 1
4594 718 1
718 2043 1
4623 4828 1
7447 2176 7
6744 3675 1
3675 3187 1
3187 575 1
5722 4686 1
4686 1487 1
1487 3467 1
3467 4229 2
4229 2115 2
2115 5935 1
5935 5832 1
5832 1547 1
1547 302 1
302 3762 1
3762 6744 4
6744 871 1
871 3673 1
2030 5215 1
5215 2932 2
2932 2603 1
2603 6067 5
6067 2099 1
2932 2605 1
2605 1674 2
1674 7607 2
2043 4244 4
4244 162 4
162 3600 1
3600 1057 3
1057 938 1
938 3836 1
1492 941 1
941 7447 1
7447 3326 1
3326 4594 1
4594 2030 1
404 4238 1
4238 7389 1
7389 2447 1
2447 1361 1
1361 364 3
364 6819 1
6819 2099 2
2099 7433 2
7433 7245 1
7245 4238 1
4238 1089 1
1089 7607 1
7607 2272 1
2272 364 4
586 3199 3
3199 5515 2
5515 575 1
575 1097 1
1097 2176 5
2176 2693 2
2693 2030 2
2030 4686 8
4686 1639 1
1639 7389 1
7389 7607 4
7447 2512 3
2512 2588 1
2588 6655 2
6655 2932 15
2932 1301 3
1301 4828 1
7371 1294 1
1294 7449 2
7449 1514 1
1514 7390 2
2312 6995 4
4875 973 1
973 7621 1
7621 7390 1
7390 729 1
2030 5697 1
5697 6872 1
2634 3387 2
363 1288 1
1288 6326 1
6326 5832 2
5832 5158 1
5158 7389 1
7607 558 5
364 3671 15
2030 4362 2
4362 3671 1
2169 162 26
162 3414 2
1506 6449 1
6449 3498 1
3498 2312 4
2312 6937 2
6937 2645 1
2645 3672 1
3672 6483 2
6483 1421 1
1421 1321 1
1321 3387 1
1373 1368 22
1368 162 5
162 3836 1
3836 1579 1
7607 3810 1
3810 7389 1
7389 364 4
364 2702 3
2702 347 1
347 712 1
712 3568 1
3568 1848 1
1848 1349 1
1349 540 4
540 2030 4
2030 2034 1
2034 7607 2
7607 404 3
404 3746 1
3746 1492 1
1492 2914 3
2914 7607 5
7447 7296 1
7296 1836 1
1836 7389 1
7389 1 5
4826 2312 5
2312 5864 1
5864 6725 1
6725 3199 6
3199 7016 6
7016 364 8
2600 1 3
1 6419 1
2806 1639 1
1639 5444 1
5444 7137 1
7137 5967 2
5967 1029 1
1029 6506 1
6506 2030 2
5047 309 1
309 4175 1
4175 7598 1
3970 238 1
238 3789 2
3789 7259 1
711 2173 1
6170 7479 1
7479 6449 1
6449 3387 3
7121 6413 1
6413 7389 5
7389 4826 1
7607 874 3
874 822 1
822 2066 2
2066 2035 2
2035 1852 1
1852 1 1
1 6449 3
6449 6866 1
2176 6866 3
6866 6483 2
6483 2932 1
2932 6829 3
6829 2030 1
2030 7335 1
7335 2046 2
2046 5801 2
5801 364 3
364 5386 1
5386 2010 1
1774 2312 1
3671 4423 4
4423 7607 2
7607 7106 1
7106 6665 1
6665 6986 1
6986 3671 1
3671 3513 1
1416 603 1
603 3387 1
7447 7077 1
7077 364 6
2030 4828 3
4828 6641 1
6641 1780 1
1780 7607 1
5455 1774 1
1774 352 1
352 7447 9
467 2843 1
2843 2030 1
6462 352 15
352 5124 1
5124 5832 1
5832 5663 1
5663 2910 1
2910 6240 2
5832 6986 3
6986 5443 1
5443 5815 1
5815 2030 1
4753 1428 1
1428 2910 2
2910 3432 7
3432 3970 1
3970 7132 3
7132 2030 4
1681 5069 1
5069 6341 2
6341 7607 1
7607 5039 1
5039 3431 1
7607 6962 3
6962 5959 2
5959 6641 2
7449 3836 2
3199 2125 1
2125 6725 1
6725 7598 4
352 443 1
443 7393 1
7393 5422 1
5422 3168 1
3168 7016 1
7016 1238 2
1238 4949 1
7607 7256 1
7256 1 1
6725 2705 1
2705 2616 1
2616 7447 2
2879 6163 5
6163 6226 1
5032 3387 1
6866 3836 1
3836 751 1
751 7449 1
7449 898 1
898 1579 1
1579 2491 1
2491 586 1
1087 364 2
364 1492 14
1492 5468 3
5468 1575 1
2512 1966 1
1966 363 3
363 7488 1
7488 4257 1
4257 5487 1
6170 7600 1
7390 363 4
363 1966 8
1966 3325 1
3325 7607 1
3671 5129 2
5129 364 1
5468 6872 3
7607 5487 4
5487 6170 1
6170 4826 2
3671 5881 1
5881 2030 1
6234 1874 1
1874 3387 1
3387 6725 1
6044 3163 1
3163 7607 1
2932 6965 1
6965 2914 2
2914 3414 2
1506 6690 2
7607 7137 1
7447 3373 7
3373 2030 3
364 1097 16
1097 3199 4
3199 5046 6
5046 7607 2
7607 2125 3
2125 3647 1
3647 1254 1
1254 7365 1
7365 2910 2
2030 3096 10
3096 402 1
402 162 11
162 586 1
586 359 1
359 4410 1
4410 2030 2
5832 4594 1
4594 2043 1
2043 7015 1
7015 302 1
302 2755 1
2755 5357 2
5357 5286 1
5286 7374 1
7374 4229 1
4229 1284 1
1284 302 2
302 6098 1
6098 564 1
564 2910 1
2910 5986 2
5986 364 3
364 7621 7
2030 5017 1
5017 4229 1
4229 2169 7
162 4826 3
2910 4671 1
4671 769 1
2780 3836 1
3836 3774 1
3774 352 2
352 2932 8
162 467 1
1301 7449 2
7449 3058 2
3058 275 1
275 1374 1
1374 3387 1
3671 3555 1
3555 2932 1
3600 5468 3
363 1454 6
1454 1284 1
302 3671 2
6700 5978 1
1600 4484 2
4484 364 3
5219 3673 1
3673 3647 1
3647 4592 3
4592 7429 1
7429 3671 1
516 7621 1
2030 3893 1
3893 465 1
465 1639 1
2932 331 1
331 4229 1
4229 7607 4
3199 442 11
442 5602 1
5602 6127 1
7607 844 1
844 4521 4
4244 2842 6
2842 5701 2
5701 3893 1
3893 1454 1
1454 1235 2
1235 4826 1
4826 517 1
1639 4182 1
5093 3723 1
3723 3495 1
3495 302 1
302 4949 1
7393 3836 1
3836 1373 1
1368 1492 1
1492 162 4
162 7607 8
6995 874 2
7406 2560 2
2560 3671 1
3671 5832 13
5832 5929 8
5929 4229 2
4229 2061 1
2061 2173 1
2173 5441 1
5441 2932 1
2932 586 9
586 7607 5
516 2790 1
2790 5832 9
5832 2524 1
2897 2030 5
2030 6229 2
6229 3671 1
3671 6858 1
6858 1028 8
363 6413 3
7389 5513 1
5513 2652 1
2652 2030 2
2030 471 2
471 2030 3
2030 1836 1
1836 6858 1
6858 2790 1
2790 4826 2
7607 5959 10
5959 6725 3
5832 3654 1
3654 4826 1
4826 5832 1
5832 342 1
342 542 1
542 7607 1
7607 1654 2
1654 772 1
363 2433 1
2433 5862 1
5862 467 1
467 4727 1
772 5395 1
5395 516 1
516 5418 1
5418 405 1
405 7225 1
7225 2310 1
2310 1616 1
1616 2491 2
2491 2842 1
2842 6461 2
6461 4182 2
4182 1246 1
1246 3598 1
3598 2428 1
2428 2030 1
2030 2434 1
2434 516 1
516 6986 1
6986 2030 2
2030 6391 1
6391 2030 3
1579 2833 2
2833 7447 2
7447 6483 3
6483 7302 1
7302 7345 1
7345 7607 1
7607 5381 2
5381 3533 1
3533 7259 1
7259 7607 1
3419 363 2
363 6760 1
6760 3387 1
3387 363 6
7447 2588 1
2588 6223 1
6223 2932 1
2932 2546 2
2546 1487 1
1487 1 1
7447 1558 1
1558 7607 1
7607 5047 17
5047 3763 1
3763 7607 8
1654 5801 1
6690 363 4
363 1151 7
1151 873 1
873 7406 1
2030 4145 1
4145 482 1
482 7607 2
7607 1775 1
1775 7162 1
7162 1981 1
1981 7607 2
7607 4780 1
4780 4984 1
4984 2176 1
2839 7297 2
7297 6223 1
6223 1892 1
1892 4162 1
4162 7162 1
7162 2780 1
2780 6923 1
6923 3688 1
3688 4826 1
4826 749 1
749 2932 1
2780 896 1
896 2538 2
2538 302 1
302 2030 8
2030 4457 3
4457 4346 1
4346 3671 2
3671 1246 1
1246 2204 1
2204 1 3
1 3106 1
3106 3671 1
3671 3600 4
3600 4828 1
7447 896 1
2538 364 1
7598 2780 12
2780 363 5
363 2084 1
2084 2030 1
3199 1467 1
1467 1368 2
1368 1981 2
1981 1575 1
1575 6507 1
6507 364 6
364 7430 4
7430 2099 4
2099 5443 3
5443 7245 3
7245 2030 1
7447 1966 7
1966 896 1
896 6725 1
6725 3380 2
3380 3275 4
1774 2169 1
2169 6775 14
6775 1600 40
1600 7598 10
363 1711 1
1711 6471 1
6471 7259 1
2030 714 1
714 2616 5
2616 2512 2
2512 6462 1
352 2021 1
2021 7488 1
7488 1966 1
1966 1368 2
5844 7389 1
7389 6393 1
6393 363 1
363 6788 1
6788 6641 1
7607 6123 1
6123 3199 4
7607 3488 2
3488 2489 4
2489 7449 1
7449 772 5
772 3754 1
3754 4826 1
4826 4788 2
4788 2932 1
162 2030 26
2030 4321 4
4321 395 1
395 7406 1
7406 5722 3
5722 772 4
363 6396 2
6396 6728 1
516 5801 4
4520 4244 6
2600 7449 3
7449 4455 1
4455 3320 1
3320 5386 2
5386 3387 2
711 6937 2
6937 1349 1
1349 4725 1
4725 5919 1
5919 2312 1
2312 5867 1
5867 5832 3
5832 7207 3
7207 359 1
359 1359 1
1359 364 1
7600 1072 1
1072 7607 1
7607 1883 1
1883 4725 1
4725 2030 2
2030 5139 1
5139 2169 1
2169 7259 5
7259 4826 1
516 6760 1
6760 2030 2
2030 986 1
986 1256 1
1256 7449 1
7449 5959 5
7607 4736 1
4736 2089 1
2089 2030 1
2030 5225 1
5225 3672 1
3672 7607 13
7607 773 1
773 4725 1
4725 364 1
7259 2169 1
6486 3004 1
3004 3671 1
3671 6760 1
6760 1125 1
1125 2030 2
1981 7449 2
7449 967 1
967 2477 1
2477 7607 1
1981 4828 1
1288 363 4
363 7298 6
7298 7164 1
7164 1981 1
1981 4559 1
4559 6655 1
3414 1899 1
6461 2790 2
2790 3060 1
3060 364 1
3671 7015 1
7015 273 1
273 2204 1
2204 6080 1
6080 2879 2
2879 4806 1
4806 2030 1
2030 4295 1
4295 3671 1
3789 4725 1
4725 2169 1
4826 7406 2
7406 2600 2
2600 2169 2
5722 2030 28
315 3671 2
3671 4520 4
2169 1367 1
1367 2030 3
5281 2046 1
2046 518 10
518 363 2
363 7628 3
7628 524 3
524 7447 2
4244 1981 1
1981 7453 1
7453 631 1
631 1592 1
1592 7447 6
7447 6745 1
6286 3199 3
363 1967 1
1967 2009 1
3671 352 3
1298 4665 1
4665 2030 1
352 1966 2
1966 7452 1
7452 838 1
838 364 1
364 4416 1
4416 1298 1
1298 3373 1
3373 6641 1
6641 3199 6
3199 6575 3
6575 3045 1
3045 2176 1
2176 6775 4
3040 7607 8
7607 918 1
5967 2290 1
2290 627 1
627 7296 1
7296 3067 1
3067 6760 1
6760 364 2
364 2477 2
2477 5055 1
5055 2169 1
2169 3528 1
3528 627 1
627 2030 2
2030 2271 1
2271 6760 1
516 4725 1
1311 3671 2
1194 4346 1
4346 2535 2
2535 7449 2
3199 2217 1
2217 2477 1
2477 4521 1
3199 3880 1
3880 1389 1
1389 1235 2
1235 3789 6
3789 1425 6
4826 315 1
5722 3387 7
6866 7607 23
5046 364 9
1097 1579 1
1579 2323 1
2323 7607 1
516 2046 1
2046 7389 2
7389 2790 1
5832 2897 1
2030 3868 3
3868 364 1
4779 2790 1
2790 1028 1
1028 3671 12
3556 6507 1
2030 5229 1
5229 576 1
576 3671 1
3671 1538 1
1538 4182 1
4182 4828 1
3356 3394 1
3394 3356 1
3356 532 1
532 4244 1
4244 7374 2
7374 1150 1
1150 3836 1
3836 7092 1
7092 5929 1
5929 6068 2
3394 4826 1
7607 5277 1
5277 2790 1
2790 3647 1
3647 6482 1
6482 7623 2
7623 4244 1
4244 6788 1
6788 2030 7
2030 7406 7
7406 2034 1
2034 2932 1
2932 671 2
671 3789 1
1425 2169 1
2169 3229 1
3229 3627 1
3627 2806 1
364 5443 4
5443 7529 1
7529 4590 1
4590 2210 1
2210 1225 1
2030 7155 1
7155 2949 1
2949 364 2
364 4472 1
4472 711 2
711 1090 1
1090 5832 1
6503 2046 1
3671 965 1
965 5810 1
5810 2431 1
2431 6893 1
6893 3970 1
3970 1235 1
1235 3199 1
2009 2517 3
2517 3387 1
3199 681 1
681 364 3
5722 2897 1
2897 6619 1
6619 6064 1
6064 1538 1
1538 2030 1
3763 6123 1
6123 2932 1
467 5413 1
5413 2169 1
2169 3627 2
3627 2479 1
7607 2176 17
352 3348 1
3348 7102 1
7102 6655 1
6655 3932 1
3932 6778 1
6778 2204 12
2204 4826 1
7607 1684 1
1684 1538 1
1538 364 1
364 2790 3
2790 455 1
455 7449 2
7449 2897 1
2897 275 1
3199 6619 1
6619 2030 1
3868 2790 1
2790 2030 5
2030 4182 2
4182 3505 1
3505 364 3
364 7389 28
7389 6690 1
6690 6995 3
6995 363 13
363 4875 4
4875 6684 1
6684 4887 1
7607 3801 1
3801 7389 1
7389 575 2
5722 4346 1
4346 2032 2
2032 2959 1
2959 2982 2
2982 586 6
6462 1599 8
1599 2675 1
2675 7607 1
7607 5009 4
5009 7389 6
7389 2169 5
2169 2032 1
2032 4826 1
4826 1763 1
1763 3279 1
3279 2030 3
2030 5069 3
5069 2932 1
2932 1367 6
1367 7389 2
7389 870 1
870 6836 1
6836 2030 2
2030 6316 1
6316 4212 1
4212 1287 1
1287 7628 1
7628 1087 1
5967 7447 6
3673 4520 2
162 4244 2
4244 6123 1
6123 2790 1
5832 2204 1
2204 2030 9
363 2125 3
2125 2842 2
2842 6842 4
6842 364 1
4244 2908 1
2908 6123 1
6123 2169 1
3627 2030 1
6462 7485 6
7485 4244 1
4244 965 1
965 2046 1
3671 5730 1
5730 7449 1
7449 3026 1
3026 5479 1
5479 2431 1
2431 6919 2
2030 3586 2
3586 1425 1
1425 364 6
5722 3199 3
2125 3380 1
2479 2842 2
6842 7598 1
7598 3673 10
3673 6088 2
6088 2999 1
2999 2030 2
6462 1652 1
1652 3861 1
3861 7607 2
6207 3771 1
3771 1028 1
1028 1934 1
1934 1331 1
1331 3779 3
3779 7607 5
7607 691 2
691 4471 1
4471 7607 1
3671 7298 3
7298 2009 3
2030 6858 2
6858 3373 1
3199 1932 1
1932 2030 2
6207 2115 1
2115 3411 1
3411 5182 1
2644 364 1
1128 4880 1
4880 2030 2
2030 5517 2
5517 772 1
7447 3418 4
3418 1331 1
3779 5851 1
5851 4472 4
4472 2780 3
1970 7132 1
404 5379 1
5379 6641 3
2030 1874 3
7607 5308 7
5308 6725 2
6725 364 6
364 4057 10
4057 2811 1
2811 3199 3
2879 6316 2
7607 6013 6
6013 2030 8
364 2146 1
2146 3575 1
3575 1 1
4826 742 1
742 5722 1
5722 2173 1
2173 5667 1
5667 364 1
364 7529 2
7529 2932 2
2932 2833 1
2833 2806 1
2806 2675 1
2675 363 1
6645 7625 1
7625 7447 1
352 6352 1
6352 302 1
302 2431 1
2431 5285 1
5285 6720 1
2030 7476 5
7476 364 1
364 6354 1
6354 7623 4
7623 3789 1
3789 162 6
162 6507 1
6507 2931 3
2931 6723 7
6723 2030 4
2932 518 3
363 4510 1
4510 2030 2
1233 4044 1
4044 7396 1
7396 4509 1
4509 7607 1
7598 915 1
915 3387 1
3387 795 1
795 4663 1
4663 7447 2
7607 733 1
733 1978 1
1978 4843 3
4843 2030 2
2030 6744 5
7299 3817 1
3817 7389 1
7389 2030 22
2030 6827 1
6827 2176 1
404 7116 3
7116 2932 2
2932 636 1
636 2180 1
2180 1964 1
1964 7607 2
7607 5119 1
5119 2030 2
2030 728 7
728 5560 1
1298 7598 4
363 1070 1
1070 2030 4
2030 3612 1
3612 1964 1
1964 470 1
470 1259 1
1259 364 1
364 7021 1
7021 2192 1
2192 354 1
354 6172 1
6172 364 1
364 6720 4
6720 3410 2
7607 822 2
2035 471 1
440 2932 1
586 363 3
363 7621 1
2879 6352 1
6352 6080 1
6080 364 1
364 3282 17
3282 7390 1
3671 4980 1
4980 2030 3
3671 4709 2
4709 5832 5
467 3600 3
7390 3414 1
1506 2879 2
7598 3836 1
3836 7303 1
3199 1599 3
1599 3671 2
3671 5286 1
5286 3364 1
3364 7607 1
4244 6708 25
6708 2030 6
2030 4659 1
4659 6462 1
6462 4980 2
4980 2169 5
2169 4985 1
4985 4600 1
4600 6720 1
6720 586 8
5286 6641 2
6641 238 3
3789 7607 11
7447 958 1
958 7607 1
7607 5801 1
5801 6725 1
6725 2879 3
352 1462 1
1462 1368 3
3671 1225 4
363 3836 1
3836 1225 1
1579 6802 1
6802 6564 1
6564 4244 2
4244 6775 9
6775 2176 29
3671 7092 1
7092 5832 1
5832 462 1
462 7607 1
6462 6702 4
6702 711 9
711 7406 1
6995 6077 2
6077 4244 3
6708 191 1
191 3387 1
3387 359 1
359 1313 1
1313 364 3
364 6688 2
6688 162 1
5959 1246 1
2806 1 1
4826 5286 2
5286 5832 1
5832 7428 5
7428 2806 10
2806 2030 5
275 2169 1
2169 6007 3
6007 5722 9
5722 4828 1
7447 6088 2
6088 1419 1
363 5286 1
5286 4118 1
4118 1 1
1 6655 7
6655 7607 6
2879 6937 1
6937 2030 6
2030 3642 2
3642 7607 2
7607 387 2
387 7389 2
364 1224 2
1224 4208 1
4208 1 1
4826 2615 1
2030 5399 2
5399 7389 2
7389 5926 1
5926 4244 1
6708 7607 2
7607 2588 3
2588 3831 1
3831 3134 1
3134 4557 1
4557 6835 1
6835 2030 3
1073 364 5
364 3205 4
3205 1 1
3282 3356 1
3356 3460 1
3460 3205 1
3205 2173 1
2173 6645 4
6645 1065 1
1065 2312 1
2312 2588 1
2932 6385 4
6385 364 1
364 2677 1
2677 3410 1
7598 3370 1
3370 5602 2
5602 3199 5
1778 2030 1
2176 1235 1
1235 6172 1
6172 2932 1
586 364 2
6645 3410 4
6901 4118 1
4118 5503 1
5503 7390 1
7390 7607 3
1233 6170 1
3673 1087 17
1087 2171 1
2171 6142 2
6142 3600 1
3600 6044 2
7447 6690 19
6690 2043 3
2169 1363 1
1363 1301 1
2030 2412 1
2412 3410 1
3410 1492 2
1492 6044 2
3671 552 1
552 7600 1
7600 3410 3
3410 3199 2
3199 2412 1
2412 2030 1
6866 3673 2
3673 5697 1
5697 2030 2
3671 4305 1
4305 7598 4
6234 5697 1
5697 4826 1
3673 5487 1
5487 1579 1
1579 3600 19
3600 4016 2
4016 2030 2
5657 3671 10
2030 6196 8
6196 3387 1
6462 6196 2
6196 3671 1
3671 1190 1
1190 5206 1
5206 7453 1
7453 2030 2
6044 7449 10
3671 3763 5
4539 4057 1
4057 6044 1
7447 5657 1
5657 7598 1
7598 5929 1
5929 6459 1
6459 3672 1
3672 7598 8
3970 4665 1
4665 3387 1
7598 5408 1
5408 4244 1
4244 6424 4
6424 5832 4
5832 6681 6
3671 1083 1
1083 364 1
5929 711 5
2176 3600 2
5978 3647 1
3647 6815 1
6815 7365 3
7365 2030 5
7447 5651 1
5651 3199 1
3199 1878 1
1878 5967 2
5967 1599 1
1599 275 1
275 3241 1
3241 1964 1
1964 1102 1
1102 772 1
772 6959 1
6959 2030 2
3199 5537 1
5537 6142 1
6142 1 1
1 6170 1
6170 6744 1
6744 3355 1
3355 1215 1
1215 1225 1
1225 4244 2
4244 711 1
711 1579 1
1579 6192 1
6192 3387 1
3387 6995 1
6995 2173 1
2173 3854 1
3854 2062 2
2062 7607 1
6995 6419 1
6419 3360 1
3360 4118 2
4118 6866 1
7607 751 4
751 2030 6
404 527 1
527 3779 1
3779 6771 1
6771 4775 1
4775 5722 3
4592 3360 1
3360 4244 6
6708 4718 1
4718 1220 1
1220 2600 4
2600 3671 1
3671 932 1
932 6894 1
6894 2030 5
2030 6392 1
6392 1182 1
1182 6781 1
6781 4026 1
4026 125 1
125 3581 2
3581 3865 1
3865 6901 1
6901 450 2
450 3649 8
3649 3199 1
524 3672 1
3672 6690 3
467 4346 1
4346 586 4
3244 6858 1
6858 1371 1
1371 6708 1
6708 363 3
6645 6027 1
6027 7447 1
362 7284 1
7284 5278 1
5278 2807 2
2807 450 1
3649 1 1
4826 620 1
620 364 12
2030 5160 1
5160 5832 1
5832 6503 3
6503 2101 1
364 1230 1
1230 2003 1
2003 7607 1
7607 1065 1
1065 347 1
347 7449 1
7449 620 1
620 6858 2
6858 3418 1
363 5513 1
5513 2035 1
2035 474 1
7389 3671 2
3671 3223 1
3223 363 2
1774 6223 1
6223 7607 1
162 6013 1
2932 302 5
302 2932 2
2932 2913 1
2913 2030 1
6462 6205 2
2932 7530 4
7530 5722 2
7476 4208 1
4208 2030 1
2030 395 1
395 2932 1
2932 1128 1
1128 364 7
7607 1028 4
1028 2793 1
2793 6821 1
6821 3582 1
3582 1969 1
1969 4229 1
4229 5832 2
5832 7227 4
7227 4745 1
4745 523 1
523 985 1
985 4244 3
5722 2932 6
2932 5668 2
5668 2806 1
2806 7607 1
7607 6124 2
6124 2176 2
3671 4435 1
4435 2030 1
2176 2513 3
2513 6044 3
6044 7588 1
7588 2402 1
2402 462 2
462 4296 1
4296 695 1
695 7607 1
6170 7598 1
7598 6641 20
6641 7628 1
7628 2176 3
352 7600 3
363 5830 2
5830 5832 8
7607 3205 1
3205 6995 1
6995 6122 1
6122 4741 1
4741 4887 1
7607 620 7
6341 4073 1
4073 1681 3
1681 2312 2
5308 6300 2
6300 6507 2
6507 947 2
947 363 1
363 2949 2
2949 3199 4
3199 2702 5
2702 656 1
656 7365 2
7365 7607 2
2932 6788 3
6788 364 1
364 5346 1
5346 6688 1
6688 5552 1
5552 3431 4
3431 5558 1
5558 5557 1
5557 2030 1
7455 5967 17
2176 3275 7
3275 7297 7
7297 6300 1
6300 7470 1
7470 5209 1
5209 364 1
364 5717 1
5717 5297 1
5297 2755 1
2755 471 1
471 3387 1
3387 2489 2
2489 6507 2
6507 772 1
772 273 1
273 1308 2
2030 2755 2
2755 3673 4
363 2884 1
2884 6655 1
1028 5898 1
5898 5181 1
5181 6064 1
6064 2629 3
2629 2932 1
1981 523 1
523 464 1
464 5441 1
5441 2030 1
4244 3673 2
3673 2762 1
2762 363 1
7447 1521 1
1521 2695 1
2695 473 1
473 1246 1
1246 153 1
153 6023 1
6023 2932 7
2932 474 1
2030 5266 1
5266 7607 1
7453 3970 1
3970 1494 1
1494 7607 1
363 6520 1
6520 2176 1
2176 7298 2
7298 2030 2
2030 2597 1
2597 363 1
363 748 1
748 2030 6
2030 1148 1
1148 1681 1
1681 3414 1
2030 1715 1
1715 6234 1
6234 2176 1
404 6170 2
6170 2191 1
2191 1184 1
1184 335 1
335 2932 1
7607 5120 1
5120 5100 1
5100 2932 1
2932 2654 1
2654 2030 1
728 1964 1
1964 4306 1
4306 7607 1
2030 822 2
822 364 2
364 5297 1
5297 6430 1
6430 2629 2
2629 2030 2
2030 520 9
520 1532 2
1532 6481 1
6481 4244 1
5722 1235 1
1235 4875 1
4875 3106 1
3106 4118 1
4118 2030 3
2030 4024 1
4024 4590 1
4590 7390 3
7390 4238 1
6708 6866 1
1298 335 1
335 7607 1
6937 156 1
156 1532 1
1532 4410 1
4410 5832 2
5832 280 1
280 4024 1
4024 7598 1
7598 4663 1
4663 4003 1
4003 2046 3
2046 5416 3
5416 4244 1
586 7449 4
1878 2842 1
6842 739 1
739 2932 1
2932 4282 2
4282 7607 1
3970 1101 1
1101 3387 2
7607 3275 1
363 5494 1
5494 3581 3
3581 4828 1
352 1774 1
1774 1532 1
2030 6205 10
2932 5415 1
5415 1532 1
5120 2169 2
2169 1215 1
1215 364 1
2780 5722 1
5722 7529 1
7529 364 2
3672 718 2
718 6641 8
7297 364 3
364 2611 2
2611 7166 1
7166 7447 1
352 5832 15
5832 6983 5
6983 6023 1
6205 2176 3
2176 3960 1
3960 1639 2
2842 3769 1
3769 1575 1
352 6744 3
6744 7607 13
363 7393 4
7393 4381 1
4381 3414 1
2030 742 2
742 7447 3
6645 6160 4
6160 718 1
718 2286 1
2286 5789 1
5789 364 1
364 2306 1
2306 7268 1
7268 2030 7
2030 5398 1
5398 3673 1
3673 4244 15
586 4828 1
3673 4238 3
4238 5379 1
5379 2169 4
2169 7161 1
7161 2030 2
2030 3768 1
3768 2982 1
3673 3414 7
1506 363 1
6124 2030 1
1575 6645 1
6645 2226 1
2226 5286 1
5286 4257 1
4257 7607 2
3673 4522 1
4522 7607 3
7607 4088 2
4088 2932 3
2932 2101 4
2101 2442 1
2442 3779 1
3779 4321 1
4321 3199 2
3199 4275 2
4275 2616 1
3199 3471 1
3471 275 1
275 2226 1
2226 397 1
397 5332 1
5332 3557 1
3557 4238 1
4238 2807 3
2807 2030 1
7607 4875 1
4875 1939 1
1939 3671 1
3671 1363 1
1363 4004 1
4004 3387 1
3387 4750 1
4750 2030 1
3671 4686 1
4686 1238 1
1238 4668 1
4668 7607 1
2996 6462 1
6462 364 1
6645 2780 6
1028 6708 2
6708 237 2
237 467 2
467 4471 2
678 5285 1
5285 1579 1
3600 2030 13
1243 2745 1
2745 7607 1
7607 889 2
889 1920 1
1920 968 1
968 2702 1
2702 7484 1
7484 5789 1
5789 2030 1
2030 687 1
687 2022 1
2022 364 1
364 7268 2
7268 7598 1
363 3150 2
3150 7268 1
7268 2046 1
2046 7441 1
7441 2897 1
2897 2192 1
2192 1577 1
1577 5072 1
5072 7390 1
7390 3199 9
3199 2177 1
2177 1586 1
1586 2701 1
2701 2599 3
2599 7607 1
3026 6979 2
6979 2777 3
2777 364 1
364 2629 1
2629 7108 1
7108 6655 1
2932 1481 1
1481 6464 2
6464 1602 1
1602 7268 1
2030 6124 4
1639 4024 1
5967 4957 1
4957 2030 1
7607 4712 1
4712 3600 1
3600 2914 1
4466 2950 1
2950 400 1
2099 4034 2
4034 2099 1
2099 1579 10
1579 2512 3
2512 4646 1
4646 7449 1
7449 7600 3
7600 7268 1
7268 7607 1
7607 3949 1
3949 2030 1
678 3671 14
3671 3896 2
3896 2030 3
2030 3026 2
7607 2010 1
2010 125 1
125 6312 1
6312 364 1
7598 7453 2
7453 1577 2
1577 6725 1
1577 3789 2
3789 2845 1
2845 354 1
354 6731 1
6731 1575 1
1575 2848 1
2848 6645 1
7390 2176 5
2176 400 1
4034 3387 1
4649 2030 1
2030 524 3
524 3199 3
3199 4644 1
4644 2176 1
5468 6681 1
6681 2510 1
2510 2996 1
7607 5529 1
5529 6835 1
6835 6117 1
6117 1922 1
1922 2030 1
5226 2939 1
2939 4024 1
4024 4238 1
7447 2312 15
6962 5501 1
5501 2510 1
2510 2932 1
3282 4828 2
3671 1419 11
1419 5249 1
5249 6655 1
6655 1600 2
1600 1028 1
1028 5286 1
5286 7268 1
7268 2312 1
2312 4024 1
4024 4423 1
4423 6269 2
6269 238 6
2046 5788 1
5788 6835 1
6835 851 1
2932 6725 8
6725 2780 4
1028 975 1
975 7268 1
5069 1639 1
1639 1481 1
6464 2932 1
162 2932 3
2932 5207 1
5207 6464 1
6464 364 1
2780 5511 1
5511 2030 1
363 772 15
772 524 1
524 4024 1
4024 772 1
772 4980 1
2030 4423 2
238 7447 2
5832 3671 10
352 4091 1
4091 1448 1
1448 2030 3
2030 6289 2
6289 2932 2
2932 4024 4
4024 363 1
772 3836 1
2030 150 1
150 6878 1
2030 1342 2
1342 1018 1
1018 2030 1
3671 6461 4
6461 6898 1
6898 4583 1
2030 6021 6
6021 2030 6
2030 2771 2
1579 2831 1
2831 772 1
772 6735 1
3431 6913 3
6913 3387 1
3387 2220 1
2220 566 1
6690 1073 1
364 3432 5
3432 1966 2
1966 6708 1
2030 606 1
606 7447 1
7447 6679 1
6679 4979 1
4979 6626 1
6626 2030 6
2030 3675 3
3675 1840 1
1840 364 1
364 2541 1
2541 6901 1
6901 586 1
586 4244 1
2770 7607 4
6641 2991 1
2991 1 1
7607 2991 6
2991 6269 1
6269 2932 1
1492 772 2
772 6492 5
6492 2932 1
2932 280 4
280 4072 1
4072 7406 2
7406 4155 1
4155 4875 1
4875 2634 1
2634 2169 1
2169 2634 1
2634 5832 1
7607 2861 1
6205 364 3
772 1057 3
1057 7607 4
3673 520 2
520 2176 13
2932 2557 1
2557 3387 1
3387 3673 13
2879 7607 5
520 4826 1
4826 2220 1
2220 1015 1
1015 4787 1
4787 2030 1
2030 5416 1
5416 6641 1
6641 892 1
892 5379 1
5379 4073 1
363 3572 1
3572 3789 1
3789 7560 1
2030 7470 5
3199 3752 1
3752 3789 1
3789 1532 1
7607 5152 1
5152 363 1
363 6655 14
6655 3279 1
3279 2236 1
2236 6990 1
6990 440 4
440 363 3
352 3673 7
3673 6842 1
6842 2431 1
2431 3673 4
3673 2125 1
2125 3387 1
3387 6116 1
6116 245 7
245 7607 3
7607 7180 1
7180 4024 1
4024 4520 1
1238 2030 10
2030 6109 2
6109 2046 5
518 1639 1
1639 955 1
955 3779 1
7607 1579 14
1579 3265 2
711 6170 1
6170 4007 1
4007 772 1
772 1238 2
2030 1238 3
1238 1 1
1 7406 7
7365 3672 1
3672 6995 3
363 6172 4
6172 3779 1
3779 363 2
1361 7607 1
3673 1404 1
1404 1368 5
1368 3361 3
3361 2369 2
2369 2030 3
315 4516 1
4516 3387 1
3387 3635 2
3635 7447 9
7447 3332 8
3332 3673 2
3673 3482 1
3482 3779 1
3779 2030 14
4753 4346 1
4346 4013 1
4013 4244 1
4244 5803 1
5803 5832 1
5832 2824 2
2824 6503 2
6503 5226 1
5226 711 1
711 4003 1
5416 7607 1
2932 6775 17
6775 6503 8
3673 2312 6
3673 1457 1
1457 450 1
3649 3779 11
3779 3673 2
3673 4142 2
4142 4003 1
4003 3096 1
3096 2169 15
2169 2824 1
2824 162 5
442 1428 11
1428 364 4
1128 6690 1
4735 3373 1
3373 275 1
6462 5594 1
5594 7607 1
7607 963 1
963 2046 2
7389 2842 1
2842 4497 1
4497 2030 1
2030 7137 5
2600 7190 1
7190 6506 1
6506 2046 1
2046 3598 1
3598 7607 1
7607 6320 1
6320 7453 1
7453 712 4
712 2955 1
2955 2030 2
4597 4346 1
3671 482 2
482 7449 1
7449 1400 1
1400 1368 1
3199 1373 2
1373 4826 1
4519 6309 2
6309 905 1
905 3671 1
3671 4182 2
2169 1931 1
1931 6300 3
6300 5494 1
5494 2426 1
2426 2030 4
2030 4844 2
4844 1899 1
7607 1743 1
1743 6986 1
6986 7449 1
3058 5813 1
5813 2932 1
2932 1681 2
2312 6470 3
6470 7607 6
7607 7108 2
7108 6901 1
6901 2426 2
2426 5832 1
5832 6836 1
5967 4913 1
4913 3387 1
3387 2710 1
2710 7607 1
6462 6773 1
4520 6013 1
6013 2169 1
6462 6166 4
6166 2176 5
2176 1633 1
1633 586 1
586 6605 1
6605 1958 1
2030 4238 3
2030 4229 5
4229 1 6
4826 4520 2
4520 6370 6
6370 7598 1
7598 5851 13
7297 6403 5
6403 5199 1
5199 711 6
711 2312 4
2312 6773 1
6773 2932 1
1526 6772 1
6772 1618 1
1618 5249 1
5249 6641 2
7607 1628 2
1628 6824 1
6824 6583 1
6583 3369 1
3369 4099 1
4099 772 1
772 3600 2
2030 6725 7
1600 2932 1
7607 3896 9
3896 2151 1
2151 3779 2
7286 3671 1
6044 5084 1
5084 7607 1
467 7334 2
7334 2030 2
7299 772 1
3282 1 3
1 1054 1
3499 7607 1
7300 6919 1
6919 711 1
3026 2833 1
2833 6374 1
6374 553 1
553 1982 1
1982 1 1
6642 3259 1
3259 1349 1
2030 3243 1
3243 2704 1
2704 1 1
1 1565 1
1565 6744 1
7447 3183 1
3183 4525 1
4525 3414 1
1506 3673 2
7607 5021 1
5021 7607 1
7607 309 2
309 4244 4
4244 1220 1
2600 4521 2
3199 5736 1
7447 3178 1
3178 3237 1
3237 3789 1
3789 3361 1
3361 3649 5
3779 5801 1
5801 363 1
363 6901 15
3199 4455 1
4455 7607 1
7607 1924 4
1924 3671 1
3671 1364 4
1364 1949 1
1949 1506 1
2879 1883 1
1883 2199 1
2199 1360 1
1360 2312 1
2312 363 7
363 237 1
237 2169 1
2169 1425 8
7470 363 2
3199 3153 2
3153 2932 2
2932 273 2
273 1998 1
1998 2030 14
3672 7084 1
7084 6064 1
6064 6788 1
2030 7332 1
7332 7607 1
1639 3672 9
7299 5129 1
5129 3672 1
2043 359 1
359 2030 5
404 3153 1
3153 5379 1
2932 2013 1
2013 2426 1
2426 2431 2
2431 1579 1
1579 1533 1
1533 6901 1
7607 1526 3
1526 7016 2
364 5434 4
5434 7607 1
3380 2030 3
2030 5502 1
5502 3199 1
6462 3387 2
3387 3776 1
3776 6418 1
6418 2534 1
2534 2030 1
7362 2456 1
2456 3017 1
3017 2176 1
2839 6087 7
6087 711 1
7607 3768 1
3768 2932 1
2932 5982 1
5982 364 1
364 1220 2
1220 2629 1
5120 3387 2
6641 1841 1
1841 7447 1
6170 3380 2
2479 5929 1
5929 1540 1
1540 7607 2
7607 2456 1
2456 1238 1
2030 3723 4
3723 5120 1
5120 2030 1
2043 772 4
6937 4051 1
4051 5087 1
5087 3671 1
1639 7390 4
7390 3152 1
3152 2932 1
6587 6149 1
6149 3671 1
7026 1540 1
1540 2030 1
6744 4592 1
4592 1225 2
3199 467 3
467 2312 1
5046 2932 3
2932 6506 1
6506 7607 1
5967 7455 7
7455 3199 2
3971 256 1
256 6901 1
7607 5379 12
5379 5802 2
5802 3718 3
3718 3387 1
6044 5967 2
5978 3275 1
3275 4703 1
4703 6792 1
6792 711 2
7607 3723 3
3723 6229 1
6229 364 2
7389 772 1
772 4497 1
4497 7449 1
7449 3673 19
518 4840 1
4840 2426 1
2030 5486 1
5486 2013 1
2013 7449 2
7449 2173 1
1966 6461 1
6461 5364 1
5364 6506 1
6506 1 1
2932 1308 4
1308 5299 1
5299 7607 1
1308 1378 1
1378 7365 2
7365 1246 3
1246 3387 3
3199 6937 10
7116 7607 1
6744 2173 1
520 2030 9
2030 6170 3
6170 717 1
717 482 1
482 3387 1
2879 1600 1
7607 3762 2
3762 1966 2
1966 478 1
478 6641 1
7607 6128 4
6128 5832 3
711 363 3
2030 1313 3
364 7373 2
7373 1308 1
1308 4395 1
4395 7607 1
5047 6744 2
6744 7614 1
7614 1225 1
1225 6681 1
7447 3774 2
3774 3789 2
3789 1681 1
1681 2169 1
2169 3410 1
1970 5212 1
5212 2312 1
2312 6269 2
7607 3934 3
3934 3789 2
162 4521 1
4521 2675 1
2675 1579 1
3199 512 1
512 2030 1
2030 4113 2
4113 2932 1
2101 6503 4
6503 364 2
364 7428 3
2806 6655 1
3896 364 8
2600 5024 1
5024 5967 2
5967 6998 1
6998 2030 4
4875 5736 2
5736 3774 1
3774 6655 3
7116 6764 1
6764 524 1
524 2669 1
2669 4471 1
4471 1 1
4826 6170 1
6170 7391 1
7391 1102 1
1102 2176 1
6087 7607 1
7607 6248 4
6248 482 1
4826 4688 1
4688 364 2
7449 5585 3
5585 364 1
1298 728 1
6044 5639 1
5639 1966 1
1966 1575 1
1575 3026 1
3026 4472 2
2780 2669 1
2669 6269 1
6269 1788 1
1788 1226 1
1226 4517 1
4517 7607 1
6462 1401 3
1401 1 1
1 3923 1
3923 7389 1
6722 6462 1
6462 1167 3
1167 7607 1
7607 5160 2
5160 2169 6
2169 4951 1
4951 2780 2
5736 6370 1
6370 364 3
7389 6368 1
6368 7607 2
3244 715 1
715 2914 1
2914 3199 2
3199 1227 9
1227 4539 1
4539 2030 5
7607 5328 1
5328 7607 1
7447 2513 2
2513 6592 1
6592 7607 5
1639 7524 4
7524 6641 1
7447 6313 1
6313 7607 4
3199 4394 1
4394 3040 1
1087 5967 6
6641 1628 1
1628 3223 1
3223 2996 1
2996 7005 1
7005 2510 1
7598 564 1
2932 3779 6
3779 7302 1
7302 2663 4
2663 1225 1
1225 7004 1
7004 2030 1
6428 6462 1
6462 2695 1
2695 2932 1
1526 7607 3
7607 517 4
1639 462 9
462 3924 1
3924 7479 1
7479 2932 1
2932 1246 11
1246 3789 2
7389 4238 1
4238 402 3
402 3779 2
3779 1313 1
3671 6688 1
6688 5900 1
5900 2675 1
2675 2030 3
2030 569 1
569 6686 1
6686 4600 1
4600 363 1
363 5903 1
5903 2176 1
2176 1301 2
7607 4238 2
162 1378 1
7365 2489 1
772 6368 4
6368 3414 1
4875 6901 1
6901 3361 1
3779 4468 1
4468 2695 1
2695 5346 1
5346 473 1
473 2030 3
363 7629 2
7629 7447 1
7447 3410 1
3410 4471 1
7607 6961 1
6961 462 1
462 2030 14
4362 7389 2
7389 5379 1
4826 516 4
5801 851 1
2030 4351 1
4351 2169 1
2169 3721 1
3721 2600 2
2600 6655 1
7607 5113 2
5113 2932 2
6462 390 2
390 6064 1
2629 7607 1
6937 2176 4
2176 2675 1
2675 6185 1
6185 5832 1
5832 380 1
380 6877 1
6877 6462 1
6462 7028 1
7028 5722 1
3387 728 4
728 2982 1
2982 1308 1
1308 7607 6
6937 232 1
232 4600 1
4600 3630 1
3630 7447 3
7447 1301 2
1301 237 1
237 7607 2
2030 3776 4
3776 3096 1
3096 6858 1
1028 3133 1
3133 2932 2
2932 2426 1
2171 2814 1
2814 3768 1
3768 2030 2
7453 3199 1
411 2030 2
772 3199 6
2879 3026 5
3026 6725 1
2780 3040 1
6937 3150 1
3150 3581 1
3581 1235 1
1235 2755 1
7607 2752 2
3776 4392 1
4392 2169 5
363 6269 7
238 6725 1
6725 6937 2
6937 7390 2
7390 2588 2
2871 4441 1
4441 4244 1
2324 6901 1
363 3598 1
3598 621 1
621 1097 1
2030 1097 1
1097 2588 1
2588 7470 1
364 2426 1
2426 7607 2
5113 1639 2
1639 2540 1
2540 7245 1
7245 364 3
364 7516 3
7516 3789 1
3199 5928 1
5928 5832 1
3671 1057 3
1057 6866 1
6866 6462 1
6462 5899 1
5899 728 1
3671 1978 2
4843 5875 1
5875 3598 1
3598 7598 1
363 3233 3
7075 1337 1
1337 6777 1
6777 7607 1
7607 3498 2
3498 2030 2
1087 7588 4
7588 1337 3
2030 796 2
796 2066 1
2066 2540 3
2540 3671 1
2030 1350 1
1350 7128 1
7128 2932 4
7607 4826 5
4826 7077 1
7077 2932 6
2336 6145 1
6145 5802 3
3199 6826 3
6826 7607 3
3199 3455 1
3455 4997 1
4997 7607 1
718 2685 1
2685 4540 1
4540 2030 8
2030 1294 10
2879 2043 1
2043 5967 1
5929 2780 4
1294 1989 1
1989 6461 1
6461 1337 3
1337 407 2
407 3671 7
718 363 7
363 6672 1
6672 1491 1
1491 3414 1
7607 1618 1
1618 3547 1
3547 3671 7
7055 7607 4
363 6523 5
6523 5458 2
5458 7447 8
520 1337 2
1337 6690 2
363 6773 1
7447 6930 1
6930 364 1
3282 3677 1
3677 3199 2
3199 5657 2
5657 7390 1
7390 1028 1
3178 7607 1
7607 268 1
268 1 2
3671 6744 14
6744 6023 2
2030 2858 1
2858 6205 1
6995 6269 5
6269 5650 2
5650 1227 1
1227 1682 1
1682 5526 1
5526 6672 1
6672 2426 1
2426 6483 1
6483 2616 1
2616 5497 1
5497 2426 3
2426 7449 1
7449 377 1
377 1982 1
1982 2099 2
2099 1492 2
1492 6645 3
6645 1600 16
1600 1499 2
1499 407 1
407 6901 3
6872 1577 8
1577 5801 1
5801 3199 1
2616 6690 2
2879 5517 1
5517 7447 1
7447 3357 1
3357 7297 1
7297 1982 1
1499 1087 1
7607 3342 1
6872 7598 14
7598 4198 1
4198 7607 1
275 3380 4
2879 1455 2
1455 1087 1
6872 1230 2
1230 1966 1
1966 2932 4
3779 1337 1
5046 6626 1
364 3410 3
3410 4754 1
6872 6919 3
6919 2176 1
2176 772 11
711 4900 1
4900 6641 1
2030 6872 22
3199 1577 5
1577 3380 1
2479 7600 4
7600 1573 1
1573 3332 1
3332 275 1
3380 1225 2
1225 6872 8
6872 440 3
440 5832 1
5832 1100 2
1100 4642 1
4642 7607 1
7607 4487 1
4487 2879 1
352 6613 1
6613 2669 1
2669 1225 1
1225 2950 1
2950 2879 1
352 1 2
1230 2932 1
3779 5832 1
5832 6775 13
6775 3410 4
7607 6919 6
6919 3199 2
363 1 5
6872 7393 2
7393 4198 1
4198 1225 1
1225 6901 4
6872 5801 1
5801 7598 1
7598 7298 6
7298 6641 1
6641 6872 1
6872 4455 1
4455 7452 1
7452 1 1
7607 5494 1
3581 2910 2
4753 2169 5
2169 7389 1
2030 4553 1
3671 5497 1
2426 2932 1
2932 2671 1
2671 2755 1
7607 5139 3
5139 2897 1
3653 2434 1
2434 6075 1
6075 5862 1
5862 1616 1
2491 2030 1
2030 3233 7
3233 363 4
363 4735 1
4735 3982 1
3982 4828 1
7447 5736 3
1455 772 1
7598 2333 1
2333 2479 1
4519 7297 1
7297 275 1
275 6309 1
6309 2030 1
1337 3976 1
3976 3671 1
3671 5929 5
5929 3394 1
3394 2030 6
2030 2065 1
2065 2312 1
2312 1681 1
1681 363 1
1151 2910 1
2910 5488 1
5488 2932 1
2030 1577 9
5832 5419 1
5419 1137 1
1137 1337 1
1337 7107 1
7107 2046 1
6025 6641 1
2176 5379 1
5379 7060 1
7060 5832 1
1100 4826 1
2910 2176 2
6125 2936 1
2936 324 1
324 2910 1
2615 4271 1
4271 3279 1
4331 1337 1
1337 1087 12
3387 4760 2
4760 1033 3
1033 1 2
2510 1600 6
1600 6919 1
6919 6655 2
7259 1575 1
3199 6872 3
6872 6728 2
7607 5657 10
467 2157 2
2157 2030 1
7598 1970 5
1970 3671 1
3199 838 1
838 352 1
352 7297 3
7297 4826 1
6872 2176 5
2176 1966 1
1966 3635 1
3635 1337 1
1337 2176 3
6872 6626 1
4679 3671 1
3671 6211 1
6211 2030 1
2030 6226 1
6226 3380 1
3199 3806 4
3806 1 1
1087 4487 1
4487 7297 2
1087 4865 4
4865 1337 2
1337 1225 8
1225 1577 2
1577 5162 1
5162 3387 1
3199 1430 8
1430 2932 5
6044 1033 2
1033 4892 1
4892 407 1
407 3332 3
3332 5195 1
5195 7607 1
6872 438 2
438 1033 1
1033 7607 6
7607 5867 1
5867 1337 1
1337 6872 8
1430 407 1
7447 6044 9
7598 1033 2
1033 1225 2
1430 2030 3
2030 5961 1
5961 6142 3
6142 1569 1
1569 5406 1
5406 7607 3
7607 5797 1
5797 4030 1
4030 7 1
7 2030 1
2030 4952 1
4952 1639 1
1430 3387 1
5455 7607 4
6462 1436 1
1436 1225 1
2030 641 8
641 6858 1
6858 3199 2
442 3414 2
1 6690 10
6690 5657 2
2176 1577 7
1225 678 3
2176 363 3
363 1298 1
1298 6459 1
6459 6725 1
1577 2818 1
7075 478 1
478 655 1
655 2932 1
2030 7319 1
7319 5832 1
7607 3508 2
3508 3387 1
718 1087 4
364 3731 6
3731 3387 3
364 4755 7
4755 711 4
7447 604 2
604 3672 3
772 447 1
447 6765 1
6765 3233 1
6462 3323 1
1526 5468 1
5468 4510 1
4510 477 1
477 7607 2
7607 4392 3
1 1256 2
363 5095 1
5095 2030 1
6170 6459 1
6459 1087 1
1087 400 2
400 7447 1
7447 6245 1
6245 5219 2
3731 3672 1
3672 2844 1
2844 3199 1
7300 3387 1
3387 1639 1
7607 1227 4
1227 658 1
658 1421 2
1421 1 2
6645 7015 3
7015 1302 1
1302 7447 2
364 6025 1
6025 3839 1
3839 400 1
400 6448 1
6448 3821 1
3821 3672 1
3672 3387 4
1087 1238 1
6166 5978 1
1600 1243 1
6883 440 1
440 6872 1
1087 6641 8
359 7447 2
7447 5434 3
5434 1864 3
1864 7607 1
7607 6419 4
6245 6463 1
6463 7621 1
7621 1029 1
1029 2932 1
162 947 1
947 1128 3
1128 3387 3
2489 1579 1
1579 363 5
363 3118 1
3118 6641 1
7607 6414 1
6414 364 2
364 6461 1
6461 5488 1
5488 284 1
284 2932 1
162 7449 3
7449 844 1
4521 772 3
772 5565 3
5565 3414 1
7607 5299 3
5299 6655 1
3410 772 1
711 2512 1
2512 269 1
269 4257 1
4257 3647 1
3647 7516 2
7516 7166 1
7166 2807 1
2807 6462 1
6462 5349 1
5349 2644 1
2644 1 1
1 7365 1
7365 2169 1
2169 656 1
656 2099 2
2099 2169 1
2169 1284 1
1284 2932 1
467 3946 1
3946 2644 1
2644 6735 1
7447 6672 2
6449 7610 1
7610 364 3
6919 7600 1
7600 4755 1
4755 2644 1
2644 363 2
363 4590 4
4590 2587 1
2587 2030 2
2030 1334 1
1334 2431 3
2431 1578 1
1578 496 1
2780 2115 1
2115 3673 1
3673 4433 1
4433 2169 1
2169 164 1
164 3829 1
3829 4073 1
4073 4118 1
7607 2046 6
3673 5504 1
5504 7005 1
7005 772 1
6913 7607 1
3970 1119 1
1119 7447 1
6919 1033 3
1033 3414 2
1 6691 1
6691 6995 1
3199 1119 1
1119 7607 1
7607 5261 2
5261 467 2
1301 4346 2
4346 6537 1
6537 7607 1
363 1101 2
288 4828 2
7447 2009 11
7447 6459 1
6459 2030 1
400 6245 1
4520 6428 1
6428 4754 2
1681 2932 1
2932 2847 4
2847 6247 7
6247 1639 1
1639 1128 5
2030 5191 2
5191 6655 3
3673 2009 4
2932 5651 6
5651 7179 1
7179 5832 1
5832 6445 1
6445 6641 1
3199 7256 3
7256 5602 1
5602 476 1
476 3766 1
3766 6154 1
6154 6730 1
6730 3199 4
7256 7607 1
772 5485 1
5485 4345 1
4345 2030 1
2030 4285 1
4285 2176 1
6744 6459 1
6459 4142 1
4142 6507 1
6507 6901 4
3673 2982 1
2982 1526 2
1526 3414 1
3414 2312 3
4520 402 1
2030 5249 3
5249 2806 1
2806 1246 1
2099 275 3
275 1368 1
1368 2780 1
1028 3332 1
6995 5736 1
1294 4663 1
4663 1575 2
7607 1238 1
1238 2043 1
2043 4175 2
4175 6241 1
6241 937 1
937 352 1
7026 7621 1
7621 7449 1
7449 4063 1
4063 2932 1
6503 3673 1
3673 7256 1
7256 352 1
352 7621 1
2030 1392 1
1392 352 1
7607 5128 2
5128 2169 8
2169 1492 3
6428 3075 1
3075 352 1
2842 6123 1
6123 4229 1
4229 1507 1
1507 7447 1
7607 2996 7
2996 3671 1
3199 3764 3
3764 6866 1
7607 2509 1
2509 520 1
520 7447 28
5722 1259 1
1259 3582 1
3582 6728 1
7607 4686 3
4686 1313 1
1313 1639 3
1639 302 1
302 899 1
899 2932 2
2932 6007 9
5722 3981 1
3981 6430 1
6430 4208 1
4208 5018 1
5018 1097 1
5286 3279 1
3279 5332 1
5332 6708 4
6708 4521 2
3199 4709 2
5832 4229 9
4229 6728 1
7607 4434 4
4434 2169 3
2169 2400 2
2400 2030 1
2030 7175 1
7175 1639 5
3672 6866 1
5468 3136 1
3136 6869 1
6869 2030 1
6269 6684 3
6684 6728 1
2932 4229 45
4229 2030 40
2030 2615 2
2932 1448 3
1448 7390 1
7390 772 1
6007 1028 1
1028 7227 1
7227 586 1
586 4410 1
363 6027 1
6027 6708 2
6708 6641 1
7607 5675 1
5675 7447 1
7447 2169 3
2169 7430 1
7430 7166 1
7166 3635 1
3635 2806 2
2932 1250 4
1250 5443 5
5443 575 1
6728 6400 1
6400 4073 1
5651 364 1
2030 1440 1
1440 1368 1
2030 6414 7
2600 2932 2
4275 2312 1
4423 4875 1
4875 2169 1
2169 450 2
3779 2513 1
2513 5832 1
7227 4520 1
4520 2932 8
2932 2399 2
2399 7607 1
6866 1599 1
1599 3349 1
3349 6336 1
6336 5832 1
4686 2169 5
2169 3779 3
3779 3414 1
7447 6207 6
6207 364 2
2689 2780 2
2780 875 1
875 2932 1
3332 162 1
162 6137 1
6137 3518 1
3518 7607 1
5047 5286 1
5286 4875 1
4875 1368 3
3779 4553 1
5736 3199 2
3199 5937 1
5937 275 1
275 5832 2
4229 2312 3
2312 6655 1
6655 309 1
309 7390 1
7390 5832 11
7227 6901 1
5967 6835 1
2030 3279 5
3279 6630 1
6630 2030 5
364 7483 1
7483 3320 1
3320 6391 1
3199 3920 1
3920 6641 1
4735 2030 7
711 6872 2
1577 3356 1
3356 2927 1
2927 3356 1
3356 7268 1
7268 4865 1
3199 2640 1
2640 5731 1
5731 7408 1
7408 1 1
3673 4519 1
4519 3199 1
3199 4577 1
4577 1600 1
1600 1639 2
2030 7254 1
7254 3673 1
1 2204 1
2204 3673 1
3199 5362 1
5362 1225 1
1294 1301 1
1301 7598 2
7598 4892 3
4892 6872 2
6872 2370 2
2370 1419 1
363 1313 1
1313 772 1
6872 6170 2
2176 4003 1
5416 3414 1
7598 6872 12
6872 2125 1
2125 7607 1
3673 6866 2
6866 5349 1
5349 7607 1
3673 2066 1
2540 4889 1
4889 3320 1
3320 2852 1
2852 5386 1
5386 3673 1
3673 5263 1
5263 7624 1
7624 2030 1
2030 5836 1
5836 1337 1
7598 2169 3
2169 1400 1
1400 3671 1
6641 2609 1
2609 4073 1
4073 1400 1
1400 7360 1
7360 2030 1
4828 1506 1
1600 1294 3
2030 1492 9
1492 5386 1
5386 7607 1
7299 4519 1
4519 3320 1
3387 1337 7
1337 3199 12
7598 1178 1
1178 6189 1
6189 3671 2
3836 3607 1
3607 2588 1
2588 6887 1
6887 272 1
2046 5994 2
5994 4519 1
4519 5386 1
5386 2030 1
6728 6459 1
6459 69 1
69 6044 1
7447 3836 4
3836 7055 1
3671 1288 4
1288 7055 2
2996 4153 1
4153 7447 1
363 1148 1
1148 2169 1
2169 3442 3
3442 4828 1
7598 5089 3
5089 115 3
2030 3275 2
3275 969 1
969 6060 1
6060 4754 1
4754 1931 1
6300 2030 3
1575 6901 4
7390 1577 1
1577 7052 1
7052 2030 1
2030 7600 7
7390 7055 1
7055 6725 1
6725 2996 1
2996 6044 5
6044 3431 2
7598 5417 1
5417 1368 1
1301 1 2
1 3199 22
3199 6725 10
6725 5417 1
5417 772 1
772 3751 1
3751 4142 1
4142 5451 1
2030 4101 1
4101 1337 1
7447 5417 1
5417 3199 1
3199 1585 2
1585 1511 1
1511 3387 2
7600 7607 2
4277 4828 1
7447 7371 1
7371 603 1
603 5832 3
5832 5417 1
5417 2030 1
5602 2009 1
2009 3265 2
3265 2046 6
7600 5092 1
5092 3387 1
772 1 3
1337 2009 1
2009 717 1
717 5079 1
5079 3671 1
2009 4875 1
772 5079 2
5079 7607 1
7447 524 2
524 772 1
5079 1087 1
3431 115 1
2030 6411 7
6411 1577 1
1577 2616 4
2616 5079 1
5079 3431 1
3431 6963 1
6963 1 1
1087 3970 2
3970 2705 1
2705 1225 1
1941 3673 2
3673 3419 2
3419 1941 1
6872 1599 1
1599 6963 1
6963 3816 1
3816 3672 1
3672 1934 1
1934 7447 1
7447 2616 1
2616 678 1
678 1575 2
6872 628 1
628 5802 1
2030 628 1
628 1194 2
1194 6725 1
7598 5079 3
5079 7447 2
363 248 6
248 3414 1
3414 364 3
6645 5079 1
5079 1579 1
1579 1577 2
1577 6731 2
6731 4828 1
7447 5478 1
5478 3199 1
3199 6088 2
6088 4663 1
4663 2879 1
6163 7447 3
6872 6375 1
6375 1416 1
1416 363 1
363 119 1
119 2030 4
2030 6207 3
5147 364 1
364 3936 1
3936 2030 2
2030 4543 4
4543 5832 6
363 2009 3
4244 7600 6
7600 5079 1
711 5478 1
6872 1337 5
1337 5802 1
2030 1194 1
1194 628 1
628 7447 1
7447 6409 1
6409 5489 1
5489 3199 6
7447 1225 6
1225 3414 5
6872 248 1
248 3332 1
3332 3387 5
248 2030 4
1579 5478 1
5478 6901 1
363 5468 1
5468 7433 1
7433 1421 1
1421 3387 1
7607 5400 1
5400 364 4
364 6373 1
6373 2030 1
2030 5213 1
5213 1 1
6872 6372 2
6372 1337 1
1337 3414 2
3414 6226 1
7607 3047 1
3047 6726 1
6726 2192 1
2192 6726 1
6726 3414 1
3414 1619 1
1619 2110 1
2110 6092 1
6092 4663 1
4663 7607 2
7607 561 2
561 1321 1
1321 1421 3
364 2405 1
2405 3387 1
363 5746 1
5746 1302 1
1302 2405 1
2405 3645 1
3645 6901 1
6872 4814 1
4814 1321 1
1421 3332 2
3332 7607 13
7607 4814 2
4814 3199 1
4814 6744 1
6744 3647 2
3647 1284 1
1284 1421 1
1421 7607 4
7607 5219 1
5219 7538 1
7538 2030 1
2030 7258 1
7258 1639 1
1639 1421 1
2030 1321 3
1321 7345 14
7345 2010 1
2010 6901 1
6872 3774 3
3774 5443 2
5443 1421 5
7345 3414 1
1 1579 4
1579 6872 1
6372 1225 1
1225 2009 1
2009 3611 1
3611 3233 1
3233 2431 12
2431 5084 2
5084 6461 1
6461 2825 1
2825 321 1
321 3414 1
3671 7137 2
7137 89 2
89 2030 1
7447 2510 2
2510 561 1
561 1421 1
1421 4618 2
4618 364 2
2369 1090 3
1090 1579 1
1579 7430 1
7430 1421 4
1421 3414 1
3414 772 1
772 3233 1
3233 5868 1
5868 3387 1
2510 3199 5
2833 1302 1
1302 6744 1
6744 6901 3
2833 2030 3
6462 6795 1
6795 275 2
275 7393 13
7393 7430 1
4618 275 1
275 6725 1
6725 5844 1
5844 7137 1
89 3414 1
4668 7447 1
7447 3233 7
7299 5398 1
5398 7607 1
1298 4828 2
1087 1364 2
1364 1246 1
1246 89 1
89 1298 1
1298 3246 1
3246 3671 1
561 5929 1
5929 5443 1
3671 3825 3
3825 7607 4
1090 6817 3
5443 7607 1
5736 5978 1
1600 561 1
561 7600 1
7600 6817 2
1298 4520 2
4520 6655 1
3233 4244 6
2108 244 1
244 2030 3
3671 878 1
878 4229 1
7286 3199 3
2009 5177 4
3671 4229 1
3671 4618 2
4618 7600 1
1090 3387 2
3387 2513 2
2513 7026 1
7026 4229 1
4229 364 6
1301 3611 1
3611 6044 1
7447 89 1
89 2663 1
2663 2030 2
3373 2046 3
2046 2910 7
6872 5959 6
5959 5832 2
5832 1321 1
7345 1337 1
7607 6249 1
6249 3673 1
3673 4832 1
4832 3387 1
7607 5122 2
5122 6313 2
6313 7447 1
1419 3825 1
3673 3600 1
3600 3233 3
2108 367 1
367 3671 1
1579 1364 1
1364 2457 1
2457 5238 1
5238 368 1
368 3753 1
3753 6990 1
3970 3671 1
363 5402 1
5402 3387 1
3671 411 1
411 1087 1
411 6313 1
6313 1087 3
5406 367 1
367 561 1
561 2518 1
2518 7600 1
7600 1321 2
7345 2030 8
2030 4987 1
4987 1456 1
1456 7607 2
7607 3414 9
3414 367 1
367 516 1
516 1302 2
364 7352 12
7352 3671 1
3671 6170 2
2176 5287 1
5287 1087 1
2510 1227 1
1227 119 1
119 6775 1
6775 6441 1
6441 245 1
245 2030 2
4618 5929 2
5929 1302 3
1302 3505 1
3505 6500 2
6500 367 1
367 2030 1
2030 3825 5
3825 2842 1
2842 1321 1
7345 119 1
1599 7447 1
7447 2046 3
7598 851 5
851 3414 2
3414 7447 11
1600 851 1
1337 3380 3
7607 3368 4
3368 3199 9
2879 973 1
973 3505 1
3505 1302 1
1302 1225 1
2030 367 1
367 6730 1
6462 275 5
275 6441 1
6441 1302 1
1302 125 1
125 443 1
443 3445 1
3445 1419 1
1419 4618 1
4618 3505 2
6500 1087 1
1087 5287 2
5287 1575 1
5929 1321 1
7345 6725 1
363 6605 4
6605 7447 5
364 5701 1
5701 2030 1
363 5458 8
5458 6963 1
6963 3380 1
3380 1337 1
1337 7598 4
7598 3209 4
3209 5468 1
5455 1419 1
1419 5478 1
5478 1225 1
2030 407 4
407 2176 3
2176 496 1
496 4487 1
4487 7607 1
5978 248 1
248 7607 1
5844 5967 12
5967 5084 1
5084 1 2
7607 6483 1
6483 658 1
4618 352 1
7607 7600 4
1302 275 1
275 7607 5
7300 4520 1
4520 4766 4
4766 364 1
5844 6007 3
6007 3779 1
3779 3600 1
2780 2431 1
7607 1834 1
1834 2312 1
2312 2151 1
678 2910 2
2910 1262 2
1262 364 3
364 5413 6
5413 2030 6
2030 6088 7
6088 5115 1
5115 6858 1
6858 4828 1
7447 3779 1
363 1389 4
1389 2496 1
2496 7287 1
7287 2099 1
2099 7348 1
7348 7287 1
7287 948 1
948 3647 1
3647 6328 1
6328 7245 1
7245 2910 1
5832 6837 2
6837 511 1
454 6645 1
6645 6655 2
363 2496 1
2496 6070 1
6070 2030 1
2030 6645 4
6645 1220 1
1220 2541 1
2541 2910 1
2910 309 1
309 2030 2
2030 2559 1
2559 4244 1
467 7287 1
3040 3162 1
3162 2932 7
273 4176 1
4176 364 1
364 6048 1
6048 4875 1
4875 2932 1
2932 5844 4
5844 454 1
454 5832 1
5832 2101 1
6503 4176 1
4176 363 3
363 430 1
5832 1246 6
6815 2360 1
2360 564 1
564 516 1
2879 6507 1
467 5787 2
5787 6655 1
363 5345 3
5345 1337 1
1337 363 7
363 1639 2
7449 6428 3
6428 4103 1
4103 6858 1
6858 772 1
772 3194 3
3194 4497 1
4497 3387 1
7447 3257 4
3257 2910 2
711 2559 1
2559 386 1
386 2030 2
575 1337 1
2910 5105 2
5105 7389 1
364 7027 3
7027 2780 1
1 467 2
467 6057 2
6057 6145 1
6145 364 2
4176 2910 2
2910 6207 5
6207 6428 1
6428 2272 1
2272 6858 1
6858 1575 1
2512 4889 1
4889 2932 1
2030 125 12
125 6241 1
6241 2910 1
2910 3356 3
5593 2030 1
1087 5387 1
5387 4936 1
4936 7447 1
363 1400 2
1400 3343 1
3343 7607 1
772 5273 1
5273 2910 1
2910 3896 7
3896 3505 1
3505 516 1
516 7389 2
7389 4994 1
162 5332 2
5332 4176 1
2030 4146 1
4146 6858 1
6858 467 1
6057 4826 1
2910 850 1
850 4257 1
4257 6430 1
6430 1220 1
1220 2034 1
2034 2780 1
2780 7449 1
7449 6413 1
7389 2910 1
6240 3320 1
3320 5813 1
5813 5832 1
6986 1743 1
1743 3673 1
5093 1148 1
1148 3442 1
3442 786 1
786 364 1
6645 7530 1
7530 7447 1
7447 2839 3
352 546 1
546 7339 1
7339 285 1
285 1 1
5832 3600 6
3600 6503 7
6503 5872 1
5872 3789 1
3789 786 1
786 363 1
363 4228 1
4228 955 1
955 3970 1
3970 6979 1
6979 7449 1
7449 5497 1
5497 3581 1
3581 6655 1
2910 2030 26
2030 5494 2
3581 2030 6
2030 5024 2
5024 3442 1
3442 579 1
579 4176 1
2910 5541 1
5541 3598 1
3598 565 1
565 2311 1
2311 2030 2
3673 4671 1
4671 772 1
772 3766 10
3766 482 2
482 2910 3
2910 6145 1
1064 4176 1
4176 728 1
728 6470 1
6470 1698 1
1698 1181 1
1181 1864 1
1864 2849 1
2849 6641 1
7447 5386 1
5386 3635 1
3635 4902 1
4902 5978 1
4520 1400 3
1400 2030 6
2030 4579 1
4579 2176 1
2176 2046 3
2046 405 2
405 2030 1
1622 3199 11
519 6645 1
6645 472 1
472 7598 2
3150 2611 1
2611 1177 1
1177 6462 1
6462 6641 6
6641 6684 2
6684 7447 2
7447 6223 1
6223 772 1
772 2173 5
2173 6030 1
6030 2030 1
2030 2449 5
2449 1400 1
1400 6641 2
6641 7270 1
7270 7447 1
7447 1308 1
1308 3301 1
3301 523 1
523 6212 1
6212 2030 1
2030 2173 5
2173 6781 2
6781 4551 1
4551 4041 1
4041 570 1
570 3051 1
3051 472 1
2030 5013 1
5013 1308 1
2030 818 1
818 3024 1
3024 2629 1
2629 1 1
4826 3051 1
3051 7228 1
7228 7535 1
7535 2030 1
471 6781 1
6781 488 1
488 5546 1
5546 5802 1
5802 1 6
2312 6447 1
6447 467 1
467 6031 1
6031 2030 1
7476 7248 1
7248 7625 1
7625 6037 1
6037 2030 1
2932 2750 1
2750 2839 1
363 5539 3
5539 6071 1
6071 453 1
453 1308 1
1308 2932 1
2932 6354 2
7623 1238 1
1238 7393 1
7393 4949 2
4949 2030 1
7406 2792 1
2792 6234 1
6234 6684 1
6684 2176 2
678 6170 1
2176 1181 1
1181 3515 1
3515 5832 1
5832 6994 2
6994 6806 1
6806 1 1
4826 5777 1
5777 1187 1
1187 2030 2
2030 2516 1
2516 4244 1
467 3205 1
3205 2519 1
2519 575 1
575 364 1
364 4956 1
4956 6781 1
6781 2247 1
2247 5403 1
5403 285 1
5832 2606 2
2606 1 3
1 2606 1
2606 2009 1
2009 1363 1
1363 2030 3
772 4450 1
4450 1337 1
1337 6866 3
6866 6118 1
6118 7632 1
7632 2780 1
2780 7393 2
7393 1966 2
1966 3199 4
5032 4075 1
4075 7607 1
1579 2538 1
2538 5813 1
5813 1225 1
1225 1136 1
1136 2524 1
2524 2599 4
2599 1225 1
1225 1575 2
3199 1337 1
6872 3207 1
3207 3199 2
2600 125 1
125 3442 1
3442 2030 3
2030 3131 1
3131 5273 1
5273 6650 1
6650 1106 1
1106 7360 1
7360 2009 1
2009 2312 4
2030 5386 1
5386 6730 1
6730 2009 2
2009 1357 1
1357 5722 1
772 4478 1
4478 2030 3
2030 4478 2
4478 1321 1
1321 2099 3
2099 1254 1
1254 1301 1
3040 851 1
2046 162 1
162 364 10
364 3364 1
3364 2780 2
6503 3779 1
3779 586 1
586 6507 1
6507 2932 8
2932 948 1
948 6812 1
6812 7245 1
7600 6503 1
6503 7529 1
7529 5722 1
5722 1457 1
1457 3320 1
3320 2806 2
2806 3387 2
3387 5832 5
6503 3672 1
363 4696 1
4696 364 1
364 4585 1
4585 7529 1
7529 4828 1
7447 2824 1
162 363 4
6392 6471 2
6471 2046 1
2046 945 1
945 3517 1
3517 1301 1
1301 2910 6
7389 4207 1
4207 4244 2
4244 1770 1
1770 586 1
586 3779 1
3779 364 3
1224 2600 1
2600 363 3
3970 5345 1
5345 2030 3
2030 6687 1
6687 1233 1
1233 2312 1
2312 6300 1
6300 4050 1
4050 2910 1
5182 2755 1
2030 2115 4
2115 2652 1
2652 2958 1
2958 6641 1
2910 5154 2
5154 4296 1
4296 2030 1
4238 364 4
364 1491 8
1491 3097 1
3097 3414 1
2932 2171 4
2171 6461 1
6461 4053 1
4053 2839 1
363 6937 1
6937 2837 1
2837 2478 1
2478 2030 1
2030 1998 6
4416 4754 1
2176 586 1
586 5321 1
5321 3199 1
3199 6364 1
6364 3320 1
3320 1301 5
1301 3673 2
3673 6462 8
6462 3789 1
3789 1100 1
1100 6645 1
6645 5812 1
5812 7447 1
2169 3673 11
3673 2839 3
363 5379 4
5379 4433 1
4433 2030 1
298 1107 1
1107 5802 1
5802 3387 3
3199 1998 1
2030 7408 1
7408 6775 1
6775 6335 1
6335 364 1
586 598 1
598 6901 1
363 4587 3
4587 3673 1
3673 1575 3
352 2910 14
2910 1934 2
1934 6725 1
2879 1669 1
1669 5967 1
5967 6080 1
6080 6946 3
6946 1427 1
1427 1960 1
1960 2198 1
2198 3411 1
3411 2910 3
2910 4519 2
4519 2539 1
2539 4229 1
4229 2046 1
2046 7297 1
7297 6340 1
6340 1448 1
1448 3671 1
363 7529 1
1254 7245 1
7245 1 2
1 1361 1
364 5437 1
5437 7245 1
1 448 1
448 4478 1
4478 2982 1
586 2932 2
2932 7516 2
5991 1548 1
1548 5359 1
5359 5757 1
5757 4559 1
4559 2910 1
2030 1301 8
1301 520 1
2176 5285 1
5285 6896 1
6896 302 2
302 3387 1
6822 3673 2
3673 1301 1
4525 364 1
1492 3410 1
3410 2312 7
2932 450 4
3779 4073 1
5651 2910 2
2910 6937 12
6937 4238 1
4238 5832 1
5832 1811 1
1811 6503 1
6503 7339 1
7339 300 1
300 1425 3
275 1271 1
1271 2030 1
2030 6026 1
6026 3043 3
3043 2910 1
2910 4434 1
4434 2030 2
7406 3643 2
3643 779 1
779 7593 2
7593 3387 3
6137 6684 1
6684 7449 1
7449 7452 1
7452 6937 2
2030 4887 8
4887 2910 3
2910 5009 2
2030 7108 2
7108 364 1
3282 4418 1
4418 5651 1
5651 5899 1
5899 3183 1
3183 4949 1
7393 2910 7
2910 1373 6
3779 6728 1
2910 1691 1
1691 364 5
3643 2910 1
2910 5501 1
5501 2473 1
2473 6486 1
6486 1246 1
1246 6461 2
6547 2030 5
2030 7015 1
7015 769 1
769 482 3
482 5486 1
5486 4244 1
4244 4559 2
4559 2932 1
2932 6471 9
6471 541 2
541 4217 1
4217 364 1
364 1237 1
1237 6947 1
6947 2588 1
4559 7453 1
7453 4856 1
4856 2932 7
2932 7390 1
7390 1337 1
7588 6872 1
6872 3387 4
3199 4881 1
4881 7607 1
7607 1808 1
1808 1579 1
6370 3671 1
3671 2931 1
2931 3420 1
3420 4418 1
4418 7607 1
4766 3671 1
4520 3037 1
3037 4766 1
4766 2030 5
7598 4540 1
4540 1225 1
1225 2370 3
2370 1225 1
1579 1107 1
1107 3671 2
6919 952 1
952 364 1
364 6385 1
6385 4645 1
4645 3671 1
3671 7055 8
7055 1246 2
1301 3017 2
3017 620 1
620 1033 1
1033 6744 1
6744 3199 6
3199 6205 4
3671 2634 2
2634 3970 1
3970 6990 5
6990 6523 1
6523 7607 2
6205 584 1
584 1337 1
1337 3031 1
3031 2932 1
3671 2180 1
2180 2667 1
2667 1225 1
1225 2021 1
2021 7607 1
7299 3671 2
4559 363 1
363 5486 2
5486 2837 1
2837 1862 1
1862 2235 1
2235 342 1
342 2086 1
2086 542 1
542 2030 4
2030 1258 1
1258 2731 1
2731 2046 1
2046 7476 1
7476 2738 1
2738 1 1
1 4244 7
4244 6471 2
363 3061 1
3061 6949 1
6949 1191 1
1191 3001 1
3001 2030 7
2030 5747 1
5747 2932 1
541 1246 1
6461 1204 1
1204 6036 1
6036 4217 2
4217 1613 1
1613 7540 1
5832 7530 1
7530 4572 1
4572 3279 1
3279 1613 1
1613 159 1
159 1 1
6642 2892 1
2892 3594 1
3594 2910 1
7598 6229 1
7389 3675 1
3675 2879 1
2879 5021 1
5021 2932 1
4559 2588 1
2588 6461 1
6461 5448 1
5448 6304 1
6304 7540 3
7540 2192 1
2192 3404 1
3404 2716 1
2716 7607 3
6730 2030 7
363 342 1
342 2855 1
2855 2030 1
3672 6771 1
6771 6847 1
6847 6334 1
6334 1364 1
1364 1193 1
1193 5715 1
5715 2910 1
2910 352 5
352 516 1
516 342 1
342 1225 1
363 5475 1
5475 363 1
6655 6461 2
6461 3483 1
3483 6578 1
6578 2030 1
6461 7395 2
7395 5832 1
5832 6149 1
6149 4164 1
4164 3432 1
3432 363 5
363 3851 3
3851 3387 1
3199 3762 9
3762 3380 3
3380 6508 1
6508 4244 1
2176 482 1
5486 524 1
7390 4535 1
4535 1425 1
1425 3970 1
3970 4774 1
4774 3199 1
7121 1924 1
1924 273 1
7374 4497 1
4497 2910 1
2910 3136 5
3136 6461 2
1616 7227 1
7227 275 1
275 3394 1
3394 125 1
5811 6269 1
6269 3388 1
3388 6068 1
6068 3395 1
3395 1639 1
2431 3276 1
3276 516 1
516 352 4
352 364 7
2689 2549 1
2549 2833 1
2833 5843 1
5843 5908 2
5908 1616 1
1616 4448 1
4448 7224 1
7224 2491 1
2491 6457 1
6457 4835 1
4835 3598 1
3598 5875 1
5875 5832 1
5832 4782 2
4782 2791 1
2791 5832 1
5832 2036 1
2036 332 1
332 659 1
659 5392 1
5392 3379 1
3379 2030 3
769 6645 3
6645 1480 1
1480 6760 1
6760 3279 1
3279 1027 1
1027 2600 1
2600 6743 1
6743 364 2
364 2795 1
2795 5832 1
5832 3589 1
3589 2508 1
2508 2932 1
3672 5943 1
5943 2324 1
2324 2325 1
2325 3983 1
3983 4388 1
4388 2030 1
3320 5394 1
5394 5832 1
5832 2593 1
2593 125 1
125 7627 1
7627 1 1
2910 6995 5
6995 6245 2
6245 7179 1
7179 7607 1
1579 3026 1
3026 7297 2
7297 6096 1
6096 1 1
1337 3026 3
6461 3493 1
3493 6104 1
6104 6218 1
6218 2030 1
2030 1310 1
1310 3393 2
3393 5134 1
5134 5832 1
5832 3672 10
363 3494 1
3494 3387 1
363 3299 1
3299 1310 1
3393 7303 1
7303 1364 1
6137 1363 1
1363 1 1
1 1364 4
1364 1337 5
1337 2413 1
2413 1 1
1 779 2
779 2910 1
3199 3136 3
3136 6080 1
6080 3356 1
3356 2125 1
2125 364 1
3538 7598 1
248 7045 1
7045 2312 1
2910 6249 1
6249 3933 1
3933 2910 1
2910 3178 4
3178 2932 3
2932 7428 2
2806 3360 7
3360 3779 1
5650 7607 1
7607 415 2
415 1337 2
1337 2615 1
2030 7030 1
7030 3671 1
3671 3598 1
3598 4828 1
352 3671 20
3282 2061 1
2061 7005 1
352 3233 1
3233 7607 7
7607 4994 1
4994 7389 1
2169 2101 3
162 5167 1
5167 7607 1
7607 3868 2
3868 6708 3
6708 7470 1
7470 2616 1
2616 3199 1
3199 2932 10
2932 4585 3
4585 575 1
575 7607 1
7607 4413 1
4413 4244 2
4244 6720 2
586 6901 3
6901 162 3
2030 3380 17
3199 6163 10
6163 2030 3
2932 2510 3
3199 3162 4
3162 2910 1
2910 220 2
220 442 1
1428 4754 1
1935 4259 1
4259 3431 1
3431 4540 2
2030 4315 1
4315 3431 1
6919 3387 1
3199 1934 5
1934 3671 1
7447 4540 1
4540 2879 1
2879 2910 2
2910 7611 1
7611 4828 1
7447 2775 1
2775 2431 1
3199 4857 1
4857 6087 1
6087 6404 1
6404 309 1
4244 5898 1
5898 7393 1
7393 6775 1
2431 2176 1
6125 1754 1
1754 2030 1
2030 2431 2
2431 7190 1
7190 7607 1
4892 2030 4
275 1087 1
2879 3199 3
1506 2030 8
7300 2009 2
2009 2510 6
2510 6919 2
2910 3534 1
3534 3026 1
3026 2910 1
2910 3594 1
3594 2030 4
364 4387 1
4387 6457 1
6457 4008 1
4008 3136 1
3136 1948 1
1948 656 1
656 1421 2
1421 6005 1
6005 1337 1
7447 2950 1
2950 1626 1
1626 7598 1
7598 1425 1
1425 7026 1
7026 4008 1
4008 4828 1
3282 1302 1
3673 352 2
315 7607 2
7447 4645 1
7390 3387 5
1934 3431 1
7598 5503 1
5503 7607 2
115 1 2
1087 2312 4
5139 1996 1
1996 2324 9
2324 2431 1
2431 3026 2
3026 6809 1
6809 1301 2
453 7287 1
7287 6872 1
7447 5057 1
5057 5851 1
5851 6524 1
6524 115 1
115 364 2
364 2816 3
2816 1575 1
1575 5061 1
5061 5802 2
5802 2169 5
2169 1996 3
2324 678 1
2030 115 2
115 2910 1
2910 2943 2
2943 772 1
7598 1374 1
1374 1225 1
1225 5893 1
5893 6775 4
6775 1579 3
1579 656 1
352 7299 3
7449 5832 1
5832 2910 10
2910 2171 2
1301 6162 1
6162 6645 1
6645 115 2
115 4330 1
4330 1106 1
1106 4330 1
4330 3199 1
3199 5461 1
5461 4949 1
4949 711 1
711 115 1
115 1579 1
1579 5046 1
5046 4653 1
4653 2842 3
2842 6142 5
6142 5046 1
5046 2030 7
115 1288 1
1288 5046 1
5046 1087 1
1087 2910 8
2910 3431 2
364 778 1
778 3414 1
1 364 16
364 5439 1
5439 4754 1
4754 3442 4
3442 2910 1
2910 2588 2
6788 2932 3
2910 2383 2
2383 6630 1
6630 7607 1
4176 1639 1
1639 6630 1
2030 6937 17
6937 6655 1
6655 1164 1
1164 1998 8
1998 7607 3
3672 5891 1
5891 364 2
364 2354 1
2932 3598 2
3598 364 1
364 3393 2
3393 1337 1
1337 3672 2
6269 2176 2
2176 1619 1
1619 2030 11
3970 1642 1
1642 2312 1
3026 3672 1
3672 6655 4
6655 3414 2
2169 476 7
7607 6260 4
6260 1660 2
1660 5177 2
2030 4521 6
7607 1729 1
1729 5908 1
5908 1337 2
1337 7039 2
7039 2932 1
3598 1 1
363 5845 1
5845 6918 1
6918 1998 1
3672 6991 1
5832 643 1
643 729 1
2030 4057 3
4057 7447 1
6937 4971 1
4971 5908 1
5908 363 1
363 1998 1
1998 5892 1
5892 364 1
364 2295 1
2295 2030 1
2030 1151 2
1151 3075 1
3075 6234 1
6234 7607 3
1600 7046 1
7046 3672 1
3672 4004 1
4004 1 1
1337 6592 2
6592 3932 1
3932 344 1
344 5832 1
5832 542 1
6462 7106 1
7106 559 1
559 542 1
542 364 1
364 5967 4
363 281 2
281 2030 1
3671 5379 6
5434 772 1
851 4828 4
3199 742 1
1575 3763 1
3763 1029 1
1029 2931 1
2931 1998 1
1998 6725 2
6725 5845 1
5845 3559 1
3559 5103 1
5103 2030 1
2030 3438 1
3438 621 1
621 3672 1
7607 3902 1
3902 1097 1
1097 1998 1
2030 808 5
808 3672 4
3672 1 8
4826 6240 1
5832 1998 1
1998 2324 1
2324 2030 3
2030 1725 1
1725 2538 1
2538 1996 1
1996 2927 1
2927 7607 1
5959 3671 8
3671 6613 1
6613 7600 1
7600 2538 1
2538 2030 2
7598 1419 1
1419 4649 1
3671 877 1
877 4826 1
3671 415 5
7607 6240 2
6240 1165 1
1165 1998 1
2030 3439 1
3439 3673 1
3671 621 1
621 5802 1
7598 4649 1
4649 4826 1
7607 6722 3
6722 935 1
2046 4176 2
808 3432 1
3432 1998 1
1998 364 2
364 2540 3
2540 7607 1
7449 1337 7
1337 3476 1
3476 7447 1
7598 6163 3
6163 4244 1
2842 535 1
535 2047 1
2047 245 1
245 1337 1
1337 6892 1
6892 2030 1
2030 6892 1
6892 2046 2
2046 342 2
342 711 1
3671 724 2
724 2176 2
2176 172 1
172 2030 1
5832 618 3
618 2784 1
4244 4176 1
4176 3387 1
3387 2171 1
2176 5153 1
5153 364 2
5967 6234 2
6234 3189 1
3189 6892 1
342 3671 1
3671 6551 1
6551 6026 1
6026 5649 1
5649 1 1
4826 2030 1
467 3393 1
3393 3387 1
4784 3671 1
3671 5426 1
5426 2030 1
3671 569 1
569 3680 1
3680 3387 4
3387 4244 2
4244 7607 4
7607 7297 14
7297 7032 1
7032 1998 1
1998 7393 1
7393 3932 1
3932 542 1
542 1337 1
1337 5261 1
5261 7427 1
7427 6583 1
6583 4826 1
4826 3720 1
3720 3682 1
3682 2030 1
3671 4695 1
4695 7607 1
7447 3370 6
3370 364 8
1622 275 1
3199 5061 2
2324 4828 2
6690 2009 1
7598 980 2
980 1337 2
5468 3207 1
3207 7607 1
438 2030 1
7447 5061 1
2324 7598 1
6645 6994 2
6994 115 1
115 7447 1
363 2910 5
2910 1579 9
1368 3672 3
3672 2369 1
2369 3671 4
7297 6875 1
6875 5468 4
5468 4321 1
4321 2932 7
2932 2852 2
2852 2782 2
2782 7406 3
4227 7393 1
7393 516 1
516 364 4
5802 1996 1
2324 3414 1
5844 3189 1
3189 6641 1
6641 1506 8
1506 7303 1
7303 718 1
718 6605 1
4227 7598 1
5851 3296 1
3296 2030 1
2030 146 1
146 7447 1
2879 5959 8
5959 6461 1
6461 7323 1
7323 90 1
90 5468 1
6641 5959 5
7253 7598 1
7598 1 2
3199 5249 6
5249 2030 4
1246 1090 3
5428 7077 1
7077 5832 2
5832 1485 1
1485 109 1
2030 5635 1
5635 5381 1
5381 364 1
364 2599 3
2599 2030 2
3671 1890 2
2755 1246 2
1246 1256 1
1256 3789 1
3789 5855 1
5855 565 1
565 1175 1
1175 2030 7
6641 4857 1
4857 6641 1
1087 7630 2
7630 7598 1
7607 3836 1
6044 2030 9
6163 4828 1
2176 1511 1
1511 6205 1
2932 2782 1
4227 3414 1
3414 1301 1
1639 1301 2
2030 5722 2
5722 6234 2
6234 620 1
364 162 1
162 4057 1
4057 1298 3
1298 2910 4
2910 3182 1
3182 2932 1
1246 273 3
273 2506 1
2506 3483 1
3483 2478 1
2478 1743 1
1743 2600 1
2030 4519 1
6309 430 1
5832 7390 2
363 1361 2
7516 7245 2
7245 1246 1
1246 1548 1
1548 2030 1
2030 461 1
461 275 1
275 1257 1
1257 7243 1
7243 2910 1
2910 2370 2
2370 3199 6
2879 963 2
963 3671 3
3671 2046 5
2046 586 1
586 3671 1
3671 1944 1
1944 352 1
364 2100 1
2100 2910 1
2910 5313 2
5313 6023 3
3671 5710 1
5710 2030 1
2030 2784 2
2784 4521 1
3199 802 3
6025 2910 2
3136 6901 1
364 1609 2
1609 2753 1
2753 5392 3
5392 2194 1
2194 2487 1
2487 2363 1
2363 2030 1
2833 769 1
769 7267 2
7267 2910 1
2910 5580 1
5580 2363 1
2363 6760 1
3282 3635 1
3635 2249 1
2249 1337 1
3672 1416 3
1416 6655 1
6655 5261 2
5261 5468 1
5468 7121 1
7121 6655 1
6655 3502 1
3502 2030 1
2030 4916 1
364 2363 1
2363 2950 1
2950 7598 2
363 5851 15
5851 273 1
273 5813 1
5813 2313 1
2313 4519 1
4519 364 2
364 2822 2
2822 1337 1
6645 3671 4
3671 3370 4
3199 526 15
526 6655 1
1128 1639 2
352 1243 2
1243 3276 1
3276 1302 1
1302 6645 1
6645 5813 1
5813 5215 1
5821 4244 1
4244 7243 1
7243 2171 1
2171 4554 1
4554 4659 1
4659 2927 1
2927 6901 1
3672 156 1
2176 6227 1
2030 3970 14
3970 7298 7
7298 1594 1
1594 2932 1
7166 7607 3
7447 6447 1
6447 6111 2
7607 3418 1
3418 2185 1
2185 762 1
762 7297 1
7607 4266 1
4266 1639 1
1639 5722 3
2030 5585 3
5585 7447 3
6655 1295 1
1295 1337 1
1337 3615 1
3615 7600 1
7600 2914 3
2914 3387 1
7607 6125 2
6125 3896 1
3896 3411 1
3411 2030 6
3188 4826 1
3671 4466 1
4466 3279 1
516 2616 1
2616 3026 1
3026 6849 1
6849 2030 5
3199 4106 1
4106 2616 1
7607 1278 2
1278 7598 1
7598 6730 3
2914 2910 1
2910 7024 1
7024 3600 1
2046 6036 1
4217 7607 2
7607 1891 1
1891 7555 2
7555 1368 1
1368 2336 1
364 4217 2
4217 1337 3
1337 1881 1
1881 3671 1
3671 6016 2
6016 2932 1
2932 2508 2
2508 2030 2
2030 851 11
851 4957 1
4957 7607 1
7607 2990 2
2990 7540 1
7540 1684 1
1684 2596 1
2596 4346 1
4346 4357 1
4357 2030 2
6690 1575 1
352 2512 1
2512 1934 1
1934 6937 1
6937 2842 1
2842 2634 1
2634 6725 1
6725 6205 1
6205 5047 1
5047 352 3
352 2176 2
364 4172 1
6833 1337 1
7607 3373 7
7005 1233 1
1233 2030 7
1301 714 1
7607 7339 3
1301 4909 1
4909 7449 1
7449 3744 1
3744 5832 1
5832 7600 4
7600 482 3
482 2030 8
2030 2710 1
2710 6462 1
6462 6269 3
6269 5006 1
5006 2169 1
3673 6744 4
6744 1337 1
7285 3199 1
3199 2176 1
2176 1278 2
1278 2030 1
1579 3671 1
1419 4477 1
4477 4217 1
2030 1876 1
1876 5802 1
5802 364 7
2234 7555 2
7555 7607 1
7598 3066 1
3066 2932 1
2932 7103 1
7103 2030 1
4520 7297 1
3896 2169 3
7389 2176 1
6744 6470 1
3789 2780 1
2780 7470 1
7470 3360 1
6708 2169 1
2169 5844 2
5844 3656 1
3656 1128 1
1128 7607 4
2702 7259 2
7259 1028 1
1028 1230 1
1230 3373 1
3199 1628 2
1628 1122 1
1122 3581 1
4466 2510 1
2510 352 5
2879 6655 2
6655 4744 1
4744 7607 1
4392 2030 2
2030 1691 6
3643 6655 2
6023 1614 1
1614 1090 2
1090 6328 2
6328 2030 2
2030 994 1
994 4971 1
4971 5898 3
5898 5908 1
5908 6507 2
2932 6340 1
6486 7607 1
3672 3905 1
3905 3199 8
526 3672 1
3672 524 1
363 5034 1
5034 1 1
1128 3275 1
363 3026 3
3026 2634 1
2634 2431 1
2009 7598 3
363 6601 1
6601 4828 2
6447 6523 2
6462 5605 1
5605 364 2
5929 1900 1
1900 7607 1
2879 7005 1
7005 4244 1
4244 1102 1
1102 1 1
1 7600 6
7600 1614 1
1614 1575 1
1575 3672 6
3672 5191 1
5191 7302 1
7302 1246 1
2702 1130 2
1130 2879 1
2879 5657 2
7299 7005 1
7005 7607 1
7607 4797 1
4797 364 1
1256 5736 1
5736 3356 1
2932 2811 5
3199 1658 4
1658 7447 2
1278 620 1
620 6044 1
6044 1614 1
620 3672 1
1087 5836 2
5836 7607 1
6013 3672 1
3672 3574 1
3574 7607 2
3393 235 1
235 2702 1
2702 1059 1
1059 2030 1
6872 1957 5
1957 5857 2
5857 7011 1
7011 1 1
1 1028 6
1028 6872 5
6872 1628 2
1628 1966 1
1966 4257 1
4257 3332 1
3332 2924 3
2924 364 1
364 1214 2
1214 364 1
364 5991 1
5991 2806 1
467 1443 3
1443 2043 1
4175 2030 1
7132 1225 1
2030 1101 1
1101 440 1
440 7607 2
1243 6872 1
6872 7384 1
7384 4483 5
4483 3332 1
3199 1101 2
1101 4244 1
4244 1443 16
1443 7607 3
6641 5212 1
5212 7447 1
1233 3771 1
3771 2932 1
3600 7207 1
7207 364 2
1246 2806 5
2806 3921 3
3921 6641 1
1101 4887 1
6641 1828 1
1828 2842 1
2842 2743 1
2743 2588 1
2588 272 1
3356 1302 1
1302 3332 1
3380 3332 3
3332 2030 4
5046 6044 2
7598 2842 3
2842 1551 3
1551 6 1
6 2901 1
2901 2743 1
2743 1087 1
3671 1628 6
364 450 1
450 2369 2
2369 1128 3
7607 1966 6
1966 3370 1
3370 1579 2
3199 354 4
354 795 1
795 2009 5
2009 3671 4
3671 3332 7
3332 1225 2
467 6866 1
6866 2009 1
1246 3241 1
3241 3199 1
3199 5236 1
5236 1966 1
1368 450 1
1128 1389 1
1235 7297 1
7297 4104 1
4104 1966 1
1966 6240 1
6240 7541 1
7541 3332 1
7607 3281 2
3281 3829 1
3829 2030 4
288 6685 1
6685 3672 1
3199 5399 3
6088 2879 1
2879 7365 1
7365 7406 1
7406 4607 1
4607 5046 1
5046 3672 1
3672 2889 3
2889 2030 3
3672 4753 2
4753 3671 1
3671 5202 1
5202 7607 1
3672 6462 3
3431 2889 1
2030 3431 15
3431 5929 4
5929 5765 1
5765 1628 1
1628 985 1
3431 5768 1
5768 1628 1
1628 3360 1
5177 6725 3
6725 3132 1
3132 5602 1
5602 3673 1
3673 7297 2
7297 1629 1
1629 2030 1
3673 5959 7
5959 6645 3
6645 1068 2
1068 7447 1
7447 4063 1
4063 364 1
3194 1128 2
1128 565 1
7449 3762 1
6641 1234 10
1234 2030 4
1234 4521 1
6462 3678 1
3678 3199 1
3199 5959 15
5959 2616 2
7607 1068 1
1068 3504 1
3504 2169 2
7447 1295 2
1295 364 1
4784 3672 1
3672 1693 1
1693 3431 2
3431 2842 3
6913 2030 2
6866 6990 6
6990 7607 10
7607 3963 1
3963 6166 1
6166 3672 1
3672 270 1
270 3672 1
3672 5657 1
5657 2176 2
2176 2910 16
6286 3136 1
3136 7516 1
1421 6744 1
3672 3673 2
3673 4916 1
364 1321 3
1321 6875 1
5177 3836 1
1639 7240 2
7240 2030 2
3040 1373 2
1368 6775 12
5959 2910 3
1214 2833 1
2833 6168 1
6168 3431 1
1298 3387 6
7217 3414 2
2030 1966 1
1966 3027 1
3027 3276 1
3276 7390 1
2431 7299 3
2510 3671 7
6919 3265 1
3265 1506 1
5959 5844 2
5844 6449 1
6449 7217 3
7217 1225 1
1225 3342 5
3342 6226 1
6226 4875 1
772 6641 11
2176 237 1
237 363 1
363 2169 4
2169 2623 1
2623 3387 1
3387 2169 2
476 772 1
772 4083 1
4083 2030 1
5959 112 1
112 3233 26
1225 407 9
7607 3771 4
3771 6316 1
7297 4628 2
4628 3672 1
3672 6813 1
6813 1238 1
7607 4059 2
4059 3672 1
3672 3233 2
3233 5867 2
5851 3410 1
7217 1639 1
3671 4514 1
4514 3542 1
3542 2980 1
2980 6820 1
6820 1421 4
1639 6449 1
7217 6730 1
6730 3021 1
3021 2980 1
2980 1257 1
1257 1421 2
1421 4663 1
4663 3671 3
3671 7610 1
1128 3170 1
3170 4754 1
4754 6913 1
4024 364 1
364 711 7
711 4516 1
4516 1 1
1 5978 1
1600 4754 2
404 2161 1
2161 2169 1
476 3671 2
7299 2624 1
2624 1 1
3671 6990 2
6990 2030 3
2030 6123 2
6123 5326 2
5326 3414 1
1301 3635 1
5867 990 1
990 7447 2
4755 5468 2
1321 7365 6
7365 476 3
476 6775 1
2312 6262 1
6262 6913 1
6913 6728 1
6728 5736 1
3671 5450 1
678 364 7
364 5851 3
5851 5499 1
5499 467 1
467 7600 14
7600 6731 1
6731 2932 1
1301 595 1
595 6449 1
5832 6054 1
6054 5153 1
5153 2169 3
6878 1639 1
1639 1302 2
1302 7449 3
7449 5594 1
5594 7598 1
467 2100 1
2100 6568 1
6568 1243 1
3279 1302 2
1302 2030 13
1600 476 3
476 3086 1
2030 1368 5
3410 7542 1
7542 4244 1
5832 2181 1
2181 1246 1
1246 3970 1
3970 4422 1
4422 310 1
3673 1600 1
1600 7016 2
7016 5832 4
6775 4707 9
4707 3671 1
3199 595 3
595 1225 1
3199 3625 3
3625 4553 1
4553 7598 1
3199 7039 1
7039 4828 1
6690 772 10
3671 5844 10
5844 6919 1
6919 5929 1
5929 2716 1
2716 2030 6
7137 772 2
7449 7390 1
7390 1506 1
1506 326 1
326 7598 3
5959 5479 1
3671 1831 1
1831 1302 1
1302 1033 1
1033 2030 3
3199 3418 9
363 2215 1
2215 5832 2
5832 6563 1
6563 5351 2
5351 7390 1
7447 3789 2
2839 7598 1
7598 1599 1
3671 524 2
524 5231 1
5231 189 1
189 1575 1
7393 7406 1
7406 1090 1
1090 3199 4
442 6626 3
772 6289 4
6289 5832 3
5832 5802 1
5802 4663 1
4663 5332 1
5332 3671 5
3332 7042 1
7042 2169 1
711 772 3
772 7126 2
7126 2030 4
2176 3356 7
3199 353 11
353 1654 1
1654 1299 1
1299 1033 1
1225 1419 1
6641 2924 1
2924 2176 2
2176 326 22
326 3671 3
3671 3382 1
3382 3199 4
2879 4636 2
4636 1 1
6995 772 1
772 4142 1
4142 1506 1
5959 3233 1
3233 3431 1
3431 3332 1
3332 1579 1
1579 1506 1
1506 3970 1
3970 2831 1
2831 1506 2
5959 3387 8
3387 3233 3
3233 6690 2
6995 6088 1
6088 3026 1
2879 6728 2
6728 972 1
972 2046 1
3671 4892 1
4892 2176 2
2176 5489 1
5489 3671 8
1579 2125 1
2125 7601 1
7601 6872 1
6872 1519 1
1519 6820 1
2932 7043 6
7043 3199 1
3199 373 1
373 2831 1
3233 1029 1
1029 3301 1
3301 2030 1
6730 6641 4
1506 1225 2
1225 3199 8
3199 268 2
268 3320 1
7607 5505 1
5505 5832 1
1246 6456 1
6456 2889 1
2030 1610 2
1610 3673 1
3673 1628 1
1628 5830 1
5830 364 2
364 300 1
3673 2755 3
5357 6044 1
3373 3370 2
3199 1690 2
1690 2932 1
6775 3779 1
3779 2431 1
2431 3022 1
3022 1331 1
6409 1 3
6655 3373 2
1628 3332 1
3332 1087 9
1087 3373 3
3373 7607 1
6044 3387 3
3387 5039 1
5039 7607 1
7607 1097 2
1097 1243 1
1243 2932 1
2932 3910 1
3910 7447 1
1301 2099 3
2099 1246 11
1246 1368 2
6775 520 3
520 1534 1
1534 2932 1
678 4466 2
4466 3199 3
3199 6106 1
6106 2616 1
2616 6655 5
6655 3233 1
6160 1506 1
1506 6483 1
6483 4517 1
4517 6655 2
6655 5832 2
4707 7607 2
1532 2879 1
7016 3926 1
3926 1575 1
3387 2889 1
2889 5736 1
5736 4321 1
4321 1579 1
1579 5832 3
7390 2889 1
2889 6988 1
6988 3387 1
3387 5970 1
5970 649 1
649 2030 1
6744 3671 5
442 1246 1
1246 7365 5
7365 6775 3
6775 3017 9
6641 6523 1
6523 7447 2
2879 7110 3
7110 6396 1
6396 7607 1
5313 1419 1
363 2518 1
2518 1274 1
1274 5802 1
5802 4887 1
516 5832 3
5832 6486 1
6486 2036 1
2036 2030 2
6462 398 1
398 364 1
3672 3379 1
3379 3387 1
3387 5802 2
5802 6901 5
7607 1489 2
1489 6641 1
7447 3380 4
3199 980 6
980 2312 1
2312 1614 1
1614 1787 1
1787 7607 1
7607 496 2
2198 6516 3
6516 6205 1
2030 6122 2
6122 7048 1
7048 7607 3
7607 4597 5
4597 2036 1
2030 3379 1
3970 2121 1
2121 1225 1
6641 3675 10
3675 2030 9
5844 1298 4
1087 6820 1
1421 7595 1
7595 2546 1
2546 1302 1
1302 678 1
678 352 1
352 2842 2
2842 2719 1
2719 1 1
1 381 2
381 2889 1
2889 3897 1
6858 5970 1
5970 3411 5
3411 1225 1
1225 5587 1
5587 3671 1
6681 7390 2
7390 5177 2
5177 2431 5
1087 7449 2
1455 2644 1
2644 2030 8
2030 4705 3
4705 1380 1
1380 1579 1
3600 5801 1
5801 3673 1
3673 3896 2
3896 4754 1
4754 4613 3
4613 3387 1
407 3673 5
7297 524 2
524 1575 1
3673 4418 1
4418 1368 2
1368 7166 2
7166 1225 1
1225 1 3
1 3233 3
524 3411 1
2949 363 4
363 6370 3
6370 2030 14
5188 4244 1
6685 1233 1
1233 6087 1
6087 5593 1
5593 2426 1
2426 1575 1
1575 6655 1
6655 1577 4
1577 2426 1
3199 4466 15
4466 1614 1
1614 5226 1
5226 6205 1
5832 2690 1
2690 2030 2
5967 1 5
6044 6872 10
1957 2804 1
2804 2697 1
2697 2771 1
2771 7011 1
7011 7607 1
7447 6375 3
6375 7607 3
3199 2771 1
5734 4412 2
4412 1057 2
326 1087 1
1087 5857 1
5857 6641 1
4876 5967 12
5967 712 1
352 5097 1
5097 2169 3
2169 6472 3
6472 1225 1
1225 288 1
7607 2950 1
2950 6645 1
7449 1614 2
1614 1579 1
1579 7452 2
7452 6044 1
6044 7393 1
1415 3672 1
3672 6023 5
6023 2858 1
2858 6681 1
6681 275 4
6447 3199 1
1087 1529 1
1529 1 1
6872 620 1
620 6872 1
5857 3431 1
1225 2924 7
2924 7607 3
6044 5858 1
5858 7011 1
7011 5857 1
5857 7598 1
2842 4057 1
4057 2108 1
2108 2510 1
2510 1957 2
1957 7607 2
7607 5857 1
5857 1 1
2510 2771 1
2771 65 1
65 678 3
678 3675 2
3675 7447 1
2924 6866 1
7607 3279 6
3279 7126 2
7126 3387 2
3387 722 2
722 7607 1
7300 807 1
807 637 2
637 7607 1
772 1579 13
1057 3414 2
3414 6866 4
6866 1614 1
1614 6462 2
6775 2192 5
2192 3145 1
3145 6890 1
6890 711 1
2176 117 1
117 3673 1
3673 5154 1
5154 1628 1
1628 2030 3
7447 2500 1
2500 111 1
111 1966 1
1966 2176 1
5967 1425 2
4416 6641 2
6234 7126 1
7126 3155 1
3155 2500 1
2500 3672 1
1087 4892 5
4892 3673 1
3673 5379 2
5379 2171 1
2171 2811 7
2811 943 1
943 3403 1
3403 2046 1
2046 3400 1
3400 364 1
6947 3672 1
2312 3672 14
3600 3672 2
3672 5154 1
5154 718 1
718 1311 1
1311 7452 1
7452 4346 1
4346 5802 7
5802 7449 3
7449 313 1
313 364 2
3673 2109 1
2109 3673 2
1227 3672 1
3672 4539 1
4539 3672 1
3672 4522 2
7607 6274 1
6274 7001 1
7001 319 1
319 5914 1
5914 2030 1
7447 3556 1
3556 3672 1
3672 3970 4
3970 2642 1
2642 4676 1
4676 3387 1
3387 1301 1
1246 3017 1
3017 4300 1
4300 5967 1
5967 5802 2
5802 6641 2
2009 6207 1
6207 2616 2
6690 4679 1
4679 3672 1
772 6643 1
6643 4705 1
4705 2030 1
1600 7489 1
7489 5918 1
5918 364 1
364 2500 2
2500 3387 1
3387 1970 1
1970 5269 1
5269 2030 1
2030 731 1
731 3633 1
3633 6641 1
6641 6026 2
6026 6901 1
3672 1649 3
1649 5802 1
5802 6728 1
7449 364 3
7607 4697 1
4697 7607 2
7300 7016 2
7016 5602 1
442 3672 2
2889 3387 2
7607 2370 8
3199 4347 5
4347 518 4
518 7607 4
516 5918 1
5918 2030 2
6641 7255 1
7255 4057 1
4057 1600 6
1600 2500 1
2500 2431 1
2431 958 1
958 3403 1
3403 7447 1
3672 1571 3
1571 7068 1
7068 3393 1
3393 1614 1
1614 6044 1
7607 4957 1
4957 313 1
313 2030 1
7447 6127 1
6127 2500 1
2500 7607 2
2949 5060 1
5060 3672 1
3672 4520 2
2030 4417 2
4417 5918 1
4597 3672 3
2780 4826 2
4826 5086 1
5086 2875 1
2875 7509 1
7509 2030 1
2030 4698 3
4698 7607 3
7607 4649 7
4649 3672 1
3672 5551 1
5551 3671 1
7607 5687 1
5687 5802 1
3672 2990 1
2990 2932 3
3673 2875 1
2875 2030 1
5226 268 4
268 3431 3
3431 1298 1
1298 5929 1
5929 2889 2
404 3771 1
3771 2030 10
1087 6124 1
1639 2500 2
2500 7297 1
7297 1311 1
1311 5918 1
5918 6901 1
2336 4346 1
1600 2811 7
2811 3672 3
3672 315 1
7607 5918 1
5918 2932 1
2336 7607 2
7607 359 2
359 5957 1
5957 3393 1
3672 5226 3
268 3387 1
6744 2811 1
2811 4826 2
3672 6240 2
5832 2842 1
2842 5802 4
5802 7509 1
7509 2574 1
2574 496 1
496 7607 1
3414 6690 11
6690 6044 5
6044 2176 6
2176 6672 4
6672 3150 3
3150 2108 3
2108 7473 1
7473 2924 1
2108 196 1
196 2099 1
2099 6775 1
2099 244 1
244 2099 1
2099 2176 2
7607 440 1
440 1489 1
1489 2176 4
2176 2628 1
2030 5379 7
5379 3199 12
1087 4488 1
4488 3199 2
3199 6196 2
6196 2982 3
2982 119 1
119 1278 1
1278 2924 1
2924 1575 1
7607 795 4
795 2789 1
2789 7607 1
3332 6023 1
6023 1028 2
1028 6023 2
6023 7607 1
6872 3380 6
2932 6872 6
6872 6744 7
6744 5657 1
7607 5929 4
5929 6639 1
2030 1384 1
1384 7607 1
3199 5483 2
5483 275 1
4649 6872 4
2842 6449 1
6449 6730 1
6730 1575 1
1575 1934 4
1934 6872 1
440 5867 1
5867 4403 1
4403 678 1
7598 3332 4
4233 5832 1
6872 2950 1
2950 4232 1
4232 3508 1
3508 2030 1
6872 5736 1
5736 5867 1
5867 1225 1
1225 245 1
245 5832 1
2717 7607 1
3199 831 1
831 3414 1
7297 2715 3
2715 6866 1
7607 3349 4
3349 275 1
275 5142 1
5142 7607 1
467 5044 1
5044 2030 1
772 5657 7
5657 3387 1
6744 7449 2
7449 3672 7
3672 5961 1
6142 7607 8
2030 2743 1
2743 7055 1
2030 6559 2
6559 3825 1
7607 6461 1
6461 6058 1
6058 7208 1
7208 364 1
364 1307 3
1307 364 1
364 6817 1
6817 2806 2
3789 5722 2
6641 4232 3
4232 5832 1
3508 7447 1
2879 833 3
833 3671 1
2932 3320 4
1301 6989 1
6989 2030 1
7598 668 1
668 6463 1
6463 6457 1
6457 4217 1
4217 3671 1
3671 1469 4
1469 2030 1
5867 2030 3
5249 6817 1
6815 3410 2
1 1301 3
1301 5385 2
5385 2030 1
6368 2030 6
1443 7255 1
7255 7002 1
7002 5832 1
5832 7268 1
2030 2927 1
2927 2431 2
1924 2046 1
1425 6641 4
3199 3417 1
3417 7607 1
1551 5 1
5 2901 1
2901 440 1
440 4499 1
4499 3431 1
7607 4887 1
3096 6626 1
364 1139 2
1139 1356 1
1356 2842 1
2842 7598 1
3199 1139 1
1139 7598 1
7598 5999 1
5999 1139 1
1139 2932 1
1321 2806 1
2806 1238 2
1238 386 1
5722 2510 1
7598 1139 1
1139 1225 1
1225 7390 1
7607 4302 2
4302 5970 1
5970 2932 1
5651 2176 1
2312 5931 1
5931 364 1
2600 4770 1
4770 3671 1
2176 1404 1
1368 4094 1
4094 5891 1
5891 3100 1
3100 2030 2
6728 3774 1
5443 2806 3
2806 1368 1
1368 1139 2
1139 3671 1
3671 440 3
5468 3073 2
3073 1225 1
5428 1225 2
1225 6690 2
6690 6990 4
6990 772 3
2996 2163 3
2163 7607 1
1368 5651 4
5651 1373 1
1373 364 1
1139 4418 1
4418 2812 2
2812 7607 2
6248 6872 1
6872 4483 1
4483 7598 1
3199 4300 2
4300 3672 1
3672 5024 1
5024 7607 1
7607 4483 1
4483 2030 4
1087 6041 1
6041 7607 1
2176 748 1
748 2588 1
2588 2405 1
2405 4080 1
4080 2099 1
2099 1713 1
1713 3806 1
3806 359 1
359 3199 1
3199 1720 2
1720 1713 1
1713 2924 1
2924 3414 3
1 2669 3
2669 4080 1
4080 2924 1
2924 5832 1
5832 2192 5
2192 6503 1
6503 1308 1
1308 275 1
275 3501 1
3501 2877 1
2877 5832 1
5832 5969 2
5969 1575 1
1575 5436 1
5436 2405 1
2405 4033 1
4033 2932 1
2932 7287 2
7287 6080 1
6080 2046 1
1577 4278 1
4278 1097 3
6503 772 1
772 5436 1
5436 2924 1
520 6872 1
1307 1 1
1506 3199 4
3199 3009 1
3009 2616 1
2616 6872 4
3723 3414 1
2108 1345 1
1345 4200 1
4200 2924 1
2924 4780 1
7598 1832 2
1832 1345 1
1345 3199 1
1658 2030 1
1087 7406 1
2811 7447 1
1957 22 1
22 1 1
6872 4519 1
4519 7447 1
7447 1346 1
1346 2030 1
4525 1614 1
7598 4217 1
4217 6872 1
6872 1389 2
1389 6063 1
6063 2079 1
2079 1278 1
1278 3387 1
3387 2893 1
2893 6872 1
6872 2879 10
363 6962 1
6962 3470 1
3470 4643 1
4643 2713 1
2713 2312 1
2312 5088 1
5088 398 1
398 3379 3
3379 364 3
364 2036 2
2036 3199 1
1311 3379 1
3379 3302 1
3302 2030 4
3199 2987 1
2987 2932 1
3672 2036 1
2036 1311 1
1311 2036 1
2036 3302 1
2030 398 1
6641 3556 1
3556 1294 1
1294 1614 1
1614 1 2
1 2893 1
2893 718 1
1294 3073 2
3073 1 1
7452 313 1
2500 2099 1
2099 641 1
641 751 1
751 2932 1
2932 7361 1
7361 2030 1
4412 5802 2
5802 2982 1
2982 1097 4
2879 3274 1
3274 2030 2
2030 5269 1
5269 2932 1
5991 7245 1
7245 313 1
313 3108 1
3108 5802 1
5802 3789 1
3789 4227 1
4227 2176 1
326 5802 1
5802 447 1
447 2932 1
2932 7487 1
7487 2176 1
1278 1 1
3199 3789 1
3789 2279 1
2279 2030 1
2030 2654 1
2654 3810 1
3810 5802 1
6503 2176 1
2176 2715 1
2030 4643 1
4643 7447 1
2312 1278 1
1278 313 1
313 7452 1
7452 2932 2
2336 3672 1
3673 5512 1
5512 1 1
3199 5956 1
5956 2176 1
5959 2312 1
2312 2640 1
2640 5918 1
5918 1225 1
6462 4420 1
4420 7447 2
6872 2715 1
2715 1579 1
1579 2312 1
6872 398 1
2036 1 1
1 772 6
3766 5032 1
5032 6744 1
6744 1364 1
7449 3650 1
3650 6904 1
6904 3414 1
6690 124 1
124 2169 2
2169 5929 2
5929 1551 1
1551 5859 1
5859 2030 1
1575 6872 12
6872 4679 2
115 1243 1
1243 2009 1
7598 2821 1
2821 1347 1
1347 2666 1
2666 1 1
5959 772 6
6207 7449 1
7449 924 1
924 6872 1
6872 2043 2
711 402 1
2312 4520 1
4520 311 1
311 516 1
5967 3406 1
3406 2030 1
2030 108 2
108 1443 1
1443 402 1
162 2202 1
2202 2030 1
6872 1970 1
1970 4526 2
4526 5967 1
5967 3393 1
3393 4521 1
4521 1373 1
1139 7607 1
5249 7623 1
7623 5444 2
5444 386 1
162 1 5
4826 442 1
442 2030 10
2030 5259 1
5259 6858 1
7389 2011 1
2011 3360 1
3360 1425 1
729 364 3
2030 359 3
359 3934 1
3934 4826 1
4826 4686 1
4686 5332 1
6708 4553 1
5832 450 1
6728 4136 1
4136 5722 1
5722 7541 1
7541 7607 1
6240 6866 1
6866 6995 3
6995 7607 1
7607 2969 1
2969 363 1
7447 4981 1
4981 2932 2
2932 4606 1
4606 7607 1
2176 3186 1
3186 203 1
203 7375 1
7375 7607 1
5119 1964 1
1964 1437 1
1437 7406 1
7406 586 1
586 6114 1
6114 3387 1
3387 3940 1
3940 3603 1
3603 2176 1
3356 1841 1
1841 3387 2
3387 5160 1
3779 1233 1
3199 3771 2
3771 4081 1
4081 1 2
1 4652 2
4652 3107 1
3107 364 1
2600 1028 1
363 2842 5
4951 6506 1
5494 6655 1
2932 6586 1
6586 5022 1
5022 275 1
275 2426 1
2426 1899 1
6234 5374 1
5374 364 3
2839 362 2
362 6419 1
6419 2806 2
2932 4607 1
4607 3360 1
3360 2169 1
2169 3194 3
3194 6908 1
6908 7607 1
4652 4244 3
2030 386 1
7287 364 1
3194 4176 1
4176 1337 1
1337 2588 1
2030 2462 5
2462 6368 2
1337 748 1
748 1225 1
1225 762 1
762 3275 1
3275 6702 2
6702 3356 4
2811 1639 1
1639 2910 8
2910 4334 2
4334 1337 1
3199 1702 1
1702 3356 1
3600 644 2
644 2030 3
6044 3356 5
3356 6142 17
6142 3387 3
3671 5451 2
5451 364 1
6127 4621 1
4621 524 1
3671 3109 1
3109 1639 1
1639 7598 16
772 1374 1
1374 2192 1
2192 6901 4
2910 2104 1
2104 3635 1
3635 2932 1
1151 2169 2
2169 3892 1
3892 2046 1
2046 1848 1
1848 2034 1
2034 347 1
347 1028 1
6413 4057 1
2910 4316 1
4316 2426 1
2426 364 2
7598 6995 2
3199 1729 3
1729 1233 1
3279 3947 2
3947 3789 1
2030 3575 3
3575 3387 1
1575 4257 1
363 2177 2
2177 2644 2
2644 7607 1
352 3672 12
3672 5501 1
7447 4971 4
4971 1958 2
1958 364 1
6685 3279 1
3279 6937 1
6937 4826 1
2910 814 1
814 4229 2
4686 364 3
6688 402 1
364 2931 1
6723 3199 1
3199 5241 4
5241 3356 4
6142 363 2
363 445 1
445 3647 1
3647 7365 1
7365 3410 1
2910 3040 3
3040 2810 1
2810 3779 1
4229 2173 1
2173 1571 1
1571 1259 1
1259 1575 1
352 4889 1
4889 2177 1
2644 2910 1
2910 4135 1
4135 352 1
7389 5009 2
5009 2169 4
2169 4229 10
3096 352 1
352 2169 1
7298 7447 2
7447 3369 2
3369 2644 1
2644 3199 3
3199 4890 2
4890 4828 1
5046 4597 1
4597 364 2
7389 5801 1
5801 2099 1
2099 6986 1
6986 2099 1
2099 7452 4
7452 6612 1
6612 2910 1
2910 6641 10
6641 6770 1
6770 7447 1
7121 3431 1
467 4466 1
3971 363 2
363 7061 1
7061 4340 1
4340 772 1
772 2932 4
4229 1575 1
1575 7600 5
7390 3896 1
3896 2932 10
3673 2949 6
2949 3136 1
3136 2426 1
1727 2030 1
2030 5319 1
5319 3671 1
3410 4380 1
4380 1337 1
352 6725 3
6725 3356 4
3356 363 4
3199 4325 1
4325 1639 7
2910 1 3
1575 2842 1
2842 2426 1
2426 3673 1
3199 3470 2
3470 6725 1
6725 6866 1
6866 3199 4
3199 2842 4
2842 538 3
538 7607 1
6448 3673 1
3673 3010 1
3010 2176 1
2879 2312 1
2312 4889 1
4889 4057 1
4057 5184 1
5184 1858 1
1858 2910 1
2910 5160 5
2169 2420 1
2420 364 2
275 2068 2
2068 2101 1
162 3120 1
3120 6760 1
6760 6758 1
6758 474 1
2030 5064 1
5064 3673 2
3673 4229 3
4229 6641 2
7447 2173 2
2173 326 3
326 1966 1
363 3434 1
3434 2421 1
2421 363 2
363 4163 1
4163 2030 1
2030 7104 2
7104 6759 1
6759 6641 1
1219 2176 1
2176 278 2
278 2023 1
2023 2824 1
162 4954 1
4954 1124 1
1124 1 1
1 2101 1
2101 4551 1
4551 1220 1
2030 7200 1
7200 364 1
2780 5349 1
5349 6901 1
6901 2824 1
162 6641 2
2512 3133 1
2910 6655 4
2176 4229 1
2030 4026 1
4026 2043 2
2043 575 2
575 402 1
402 2824 1
1 273 1
273 4026 1
4026 279 1
279 5832 1
5832 6708 1
6708 4776 1
4776 5722 1
5657 1337 4
1337 5177 3
5177 5929 1
5929 5504 1
5504 5832 1
6775 1614 1
1614 1337 1
3672 7262 1
7262 2030 1
5844 5093 1
1639 4516 1
4516 6725 1
352 6023 1
6023 6901 1
2030 1599 4
1599 3332 1
3332 363 2
363 6931 3
6931 3672 1
3672 516 3
5967 6241 1
1 4865 3
1600 3672 3
2879 4769 1
4769 5929 1
2889 516 1
516 6241 1
6241 1 2
3672 5587 1
5587 4466 1
4466 3431 5
6775 2811 4
2811 2312 2
2312 2893 1
2893 6245 1
6245 364 4
5413 1419 1
3673 4753 1
4753 364 5
1639 6241 1
6241 2030 13
2030 2066 2
2066 7598 3
7598 7098 1
7098 711 1
711 1 5
1 2109 1
2109 2910 1
3199 6023 2
6023 1966 1
2932 4163 3
4163 2420 7
364 7515 1
7515 2099 2
2099 5990 2
5990 2806 1
3360 1128 3
1128 3332 1
3332 6990 5
6990 2370 2
2370 2910 3
352 6234 1
6234 364 2
3194 6461 4
6461 1128 1
1128 6866 1
7447 2638 1
2638 352 10
3199 4519 4
4519 1 2
4244 2192 2
2192 5162 1
5162 7607 1
5455 2312 1
2312 6462 2
6462 6682 3
6682 2910 1
2910 958 1
958 2046 1
2046 1852 1
1852 1097 1
4321 386 1
575 2030 3
2030 684 7
684 3380 1
3380 4422 1
4422 6728 1
6728 1337 3
1337 516 3
516 3320 1
3320 450 1
450 1448 1
1448 5832 1
2030 4792 1
4792 2932 1
3282 7190 1
7190 7481 1
7481 7449 3
7449 7029 1
7029 3789 1
3789 1593 1
1593 2030 1
2030 1400 2
2030 7449 6
7449 482 1
482 3199 1
3199 5273 1
5273 1337 1
1337 5959 2
5959 4559 1
4559 364 2
364 7481 11
7481 2932 1
2932 7245 2
7245 985 1
985 7100 1
7100 4229 1
7447 624 1
624 3789 1
3789 5349 1
2807 4026 1
4026 3199 5
2879 1373 1
1368 3598 1
467 3766 4
3766 4497 1
4497 364 1
6007 7481 1
7481 2910 1
2910 5959 7
5959 1983 1
1983 3146 1
3146 2046 1
2046 1060 1
1060 6743 1
5443 2099 9
2099 7516 5
7516 1548 1
1548 4427 1
4427 5597 1
5597 2932 1
3282 2839 1
363 5497 1
364 6621 1
6621 4329 1
4329 2030 3
364 7288 1
7288 215 1
215 7481 1
7481 3581 1
3581 3199 1
524 6223 1
6223 2910 1
5959 1579 1
2030 1815 1
1815 5804 1
5804 462 3
462 2932 1
2932 6160 1
6160 1575 1
1575 3600 1
2046 3194 2
3194 6150 1
6150 3431 1
3431 2419 1
2419 2099 1
1579 3431 1
3431 7452 1
7452 4826 1
4826 4779 1
4779 2412 1
2412 5514 1
5514 6571 1
7449 481 1
481 2932 1
3282 6461 1
6461 7227 1
7227 4828 1
7447 769 2
2312 520 1
520 2043 1
6708 4026 1
4026 4562 1
4562 1729 1
1729 7227 1
7227 7449 1
7449 4026 2
3199 3052 2
3052 2932 6
1364 4026 1
2043 386 4
5722 7227 1
7227 1730 1
1730 6744 1
6744 2932 2
2932 6641 1
6641 3022 2
3022 5590 1
5590 586 1
5722 6507 1
6507 1579 1
1579 1389 1
1389 947 2
947 3970 1
3970 3364 1
3364 162 1
772 4346 1
586 6641 5
6559 2043 1
386 3199 1
3199 718 2
718 5029 1
5029 7200 1
7200 1 1
1 799 1
799 1028 1
363 6115 1
6115 364 1
364 779 2
779 3410 2
3410 2910 8
2910 4238 6
4238 5991 1
5991 2099 1
2099 656 1
7365 4971 1
4971 6089 1
6089 6708 1
6708 263 1
263 7430 1
7430 2806 3
364 7365 2
5813 268 1
268 2030 9
2030 711 4
711 3665 1
3665 364 1
7449 5562 1
5562 6313 1
6313 363 1
2176 6767 1
6767 4238 1
4244 7530 2
7530 6720 1
6720 5722 1
5722 2696 1
2696 2932 1
6385 2030 4
2932 1958 1
2910 1233 1
7300 1185 1
1185 5503 1
5503 2030 2
2910 6269 2
6269 4875 1
4875 3199 3
6196 6744 1
6744 2115 1
2115 6721 1
6721 7264 1
7264 772 1
711 6507 2
6507 3972 1
3972 4329 1
2910 3380 5
6163 3356 1
3410 3356 1
6127 3356 1
3356 1579 1
1579 364 6
6127 2171 1
2910 5285 1
5285 2807 1
2807 1128 3
1128 3265 1
3673 6507 5
6507 4674 1
4674 2932 1
2932 7476 1
7476 7287 1
7287 3380 1
2479 7625 1
7625 4600 1
4600 3581 1
3581 3356 1
3600 1425 1
1425 3275 1
5501 2932 1
2932 5442 2
5442 3410 2
2910 5232 1
5232 2807 2
2807 5997 1
5997 2030 1
772 2489 6
2489 1122 1
1122 364 1
364 5999 1
5999 1087 1
364 5997 1
5997 1628 1
1628 1250 1
1250 2099 1
2099 6817 2
6817 6875 1
6875 7390 3
7600 3199 2
438 4521 1
6937 7598 2
7598 7459 1
7459 2870 1
2870 3581 1
3581 364 1
6775 6720 1
3410 3647 3
3647 1246 2
7365 4690 1
4690 6655 1
3199 6172 6
6172 363 5
1964 772 1
6368 2171 1
2171 476 1
476 3647 1
3647 1321 4
7607 3556 1
3556 5182 1
364 2190 1
2190 2702 1
2702 5984 1
5984 2030 1
2030 4554 1
4554 2932 1
2099 5436 2
5436 7345 1
7345 2897 1
2897 2099 1
2099 2391 1
2391 5915 1
5915 2099 1
1579 7384 2
7384 6612 1
6612 1 1
1 2115 5
2115 7607 3
7607 4470 1
4470 2533 1
2533 2431 1
2431 4232 1
4232 6369 1
6369 2030 1
7073 5832 1
5967 3836 1
3836 353 1
353 1087 1
7447 718 2
718 6125 1
6125 6463 1
6463 2533 1
2533 5468 1
5468 1577 1
1577 607 1
607 4828 1
3672 6872 2
3419 718 1
718 3027 1
3027 2512 1
2512 1492 3
1492 2510 1
2510 3672 1
3672 5021 1
5021 1 1
1 1378 1
1378 1298 2
3762 125 1
125 2980 1
2980 4892 1
3199 6162 2
6162 520 4
520 7449 4
3836 2533 1
2533 3199 1
3199 5021 1
5021 3387 1
6160 3671 3
4244 7166 1
7166 4073 1
4073 5651 1
5651 7607 2
7607 5182 1
5182 364 2
364 4572 4
4572 2030 2
2030 1738 1
1738 44 1
44 2099 5
2099 1537 1
1537 2099 2
2099 6874 1
6874 2099 2
2099 3279 2
3279 5887 1
5887 2700 1
2700 2099 1
7452 364 3
5759 3836 1
3836 718 2
3380 1518 1
1518 364 1
7449 1738 1
1738 482 1
482 1575 1
1575 6245 1
6245 441 1
3673 2314 1
2314 3387 1
3387 400 1
3199 7447 1
7447 2116 1
2116 2176 1
2176 263 1
263 2925 1
2925 3018 1
3018 2440 1
2440 2030 1
3600 4739 1
4739 7390 1
3199 4794 2
4794 1337 1
3671 2829 2
2829 3935 1
3935 4900 1
4900 400 1
1 3935 1
3935 3836 1
4887 7297 1
467 806 1
806 2046 1
6389 1246 1
6815 482 1
2030 4672 2
4672 7447 2
275 1738 1
1738 6728 1
6990 3766 1
3766 2910 2
6207 1738 1
1738 5832 1
5832 7441 1
7441 6264 1
6264 2910 1
2910 3524 2
3524 7598 1
7598 3607 1
3607 3411 1
3411 2312 1
2312 4238 1
2030 3441 1
3441 3789 1
3789 7447 2
1600 3839 1
3839 3789 7
3789 44 1
2099 3789 3
3789 1537 1
3789 6874 1
7447 1579 2
1579 3387 1
3387 4346 1
4346 7166 2
7166 2910 3
1298 7033 1
7033 2030 1
5736 3839 1
3789 1349 1
1349 7608 2
7608 2030 1
3789 6133 1
6133 5602 1
5602 2910 3
2910 5967 2
7455 2198 1
2198 3199 3
3199 6269 5
6269 2642 1
2642 3387 1
4735 7607 6
1391 6681 1
6641 851 1
7447 1349 1
7608 772 1
5455 3221 1
3221 1 1
1 6133 1
6133 1419 1
363 4772 1
4772 6744 1
6744 7406 1
7406 1252 1
1252 2782 1
2782 711 1
711 2910 3
2910 6958 1
6958 4455 1
4455 2199 1
2199 589 1
589 5386 1
5386 2431 1
2431 6137 1
6137 5603 4
5603 748 1
748 4846 1
4846 2099 1
2099 3199 7
3199 6137 3
5603 2647 1
2647 6370 3
6370 477 1
477 364 2
3538 2910 1
1628 6269 1
6269 3251 2
3251 2932 1
3410 3360 1
3360 5997 1
5997 4754 1
4613 5574 1
5574 6027 2
6027 340 2
340 5832 1
5832 1181 1
1400 2631 1
2631 2176 1
405 2910 1
980 2046 2
2046 7481 6
7481 2030 6
2030 4927 1
4927 4229 1
4229 5844 1
5844 3431 1
5967 1652 1
1652 2312 1
2312 745 1
745 2849 1
2849 2910 1
2910 520 2
520 4073 3
4073 5967 6
5967 7530 1
7530 5380 1
5380 5722 1
2030 945 1
945 6049 1
6049 3517 1
3517 5832 1
5832 3432 3
3432 6503 8
6503 404 1
1337 4322 1
4322 6858 1
6858 7598 1
363 4026 1
4026 5477 1
5477 3431 1
3431 6047 1
6047 2910 1
2910 3326 1
3326 5379 1
3671 215 1
215 2849 1
2849 3671 1
525 3970 1
3970 3940 1
3940 3671 1
3671 6026 1
3043 7374 1
7374 450 1
450 4005 1
4005 597 1
597 2982 1
2030 4971 2
4971 747 2
747 2849 2
2849 363 1
524 2171 2
2171 6754 1
6754 3928 1
3928 1536 1
1536 6833 1
6833 2030 2
2030 6547 1
6901 275 1
275 2345 1
2030 541 1
541 2932 7
3671 6386 1
6386 6461 1
6461 7533 1
7533 7540 2
7540 3414 1
3414 1298 1
1298 363 6
363 3411 1
364 1177 1
1177 772 1
6645 6636 1
6636 7447 1
1935 6775 1
1600 7447 2
7447 1935 1
1935 352 1
352 2171 2
2171 2716 1
2716 4971 1
4971 518 4
518 4026 1
4026 4810 1
4810 2497 1
2497 2030 1
2030 6771 1
6771 6641 1
6641 4167 1
4167 2030 1
2030 3605 1
3605 4775 1
1935 511 1
2932 4026 14
4026 2030 14
2030 4880 1
4880 2932 1
2030 4766 8
4766 7447 5
1577 7607 7
1087 928 1
3671 1337 5
1337 6226 1
6226 7078 1
7078 2176 1
2176 356 2
7299 269 1
269 2932 1
2932 5475 7
5475 6565 3
6565 2910 2
2910 4553 1
4553 7415 1
7415 411 1
411 1 1
1 165 1
165 2030 1
2030 245 4
245 167 1
167 2176 1
2176 6044 2
364 5941 1
5941 4192 1
4192 1 1
1 404 1
404 6655 1
1577 6501 1
6501 2932 2
6775 4026 1
4026 6672 1
6672 69 2
69 6655 1
6655 6501 1
6501 1087 1
6655 3349 1
3349 6502 1
6502 2479 1
2479 4006 1
4006 3006 7
3006 1225 2
1225 7559 2
7559 5793 2
5793 1 1
1506 6462 1
6462 2512 1
2512 5746 1
5746 1622 1
1622 5460 1
5460 4006 1
5793 364 1
2312 4026 2
4026 679 1
679 5488 1
5488 2030 1
2030 4341 2
4341 364 3
586 1341 1
1341 363 1
363 615 2
615 2932 1
5422 2030 2
352 4504 2
4504 7452 1
7452 6508 1
6508 2046 1
2046 2221 1
2221 2255 2
2255 6018 1
6018 3102 1
3102 2009 1
2009 6645 1
6645 4244 1
4244 5443 2
7345 1639 1
1639 7558 2
7558 3056 1
3056 2220 1
2220 4026 1
4026 718 1
718 354 3
354 248 1
2030 4616 1
4616 4244 1
4244 7517 1
7517 1421 1
364 2782 2
2782 2030 1
3673 6260 2
6260 1298 1
1298 3332 2
3332 6080 1
6080 7447 1
6483 2339 1
2339 482 1
482 3673 1
3673 5016 1
5016 6579 1
6579 364 1
2234 5908 1
3199 7126 2
7126 4521 2
4521 2910 10
3199 3534 1
3534 4026 1
4026 6872 1
1506 6775 2
6286 5292 1
5292 352 1
352 6645 3
6160 3356 1
1639 2192 5
2192 2307 1
2307 3671 1
3019 352 2
7598 5056 1
5056 678 1
3671 511 1
511 352 1
7600 4026 1
4026 7303 1
1599 443 1
443 1043 1
1043 2030 1
2030 6990 7
6990 2176 2
2176 7229 1
7229 352 1
352 4971 2
7598 2176 5
2176 106 1
106 352 1
352 3356 7
3356 1243 1
1243 3356 1
3356 516 1
516 5844 1
5844 7314 1
7314 2353 1
2353 3848 1
3848 7327 1
7327 3202 3
3202 7299 1
7607 7449 4
7449 6775 3
6286 363 2
1337 4298 1
3279 3387 2
3387 7141 1
7141 3671 1
1419 5503 1
5503 2176 2
2839 2702 1
2702 1225 1
6725 7548 1
7548 2849 1
2849 3723 1
3723 3740 1
3740 4026 1
4026 2176 1
5468 583 1
583 2910 1
2910 7175 1
1639 6654 1
6654 2932 1
2932 4900 1
4900 280 1
280 2030 3
2030 5009 2
4229 4005 1
4005 364 1
2780 4478 1
4478 947 1
947 2982 1
586 2910 2
6685 4244 2
4244 3038 1
3038 4005 1
4005 3789 1
3789 2583 1
2583 280 3
280 2169 1
2169 4006 1
3006 2752 1
2752 3198 1
3198 3393 1
3393 1443 1
1443 2030 9
2030 7531 2
7531 5666 1
5666 5802 1
2932 6830 1
6830 4828 1
524 728 1
728 2910 5
1368 4079 1
4079 2369 2
2369 4824 1
4824 1003 1
1003 2030 1
558 6858 1
6858 1579 1
1579 7479 1
7479 2030 6
2910 3635 2
6901 1256 8
1256 2221 1
2255 3672 1
3851 2030 1
2369 2397 1
2397 2910 1
6937 5898 3
1600 5982 5
5982 2910 3
326 7116 1
7116 6720 1
6720 1102 1
1102 1337 2
1337 7502 1
7502 7447 1
5379 1517 1
1517 2030 1
2910 2996 8
2996 6091 2
6091 6917 1
6917 7607 1
7607 6271 1
6995 7299 2
363 3896 1
4229 3387 7
7600 2863 2
2863 7607 2
2513 6499 1
7607 5711 1
5711 2300 1
2300 7447 2
1430 1492 1
1492 1102 1
1102 1185 1
1185 6044 1
6872 706 2
706 1337 1
1337 6694 3
6694 6872 1
6872 6995 4
6995 6641 1
1294 5602 2
5602 6872 1
6872 718 4
718 6795 1
6872 4562 1
4562 2046 1
2046 1381 1
1381 1225 1
2030 718 2
718 4616 1
4616 4828 1
7447 1178 1
1178 1430 1
1430 1575 3
1243 3387 1
5468 5832 1
2910 1454 2
1454 6872 1
6872 5851 2
5851 4030 1
4030 2030 1
2030 4402 2
4402 5447 1
5447 364 1
6514 6681 1
711 1337 2
1337 4249 1
7607 5473 1
5473 2690 1
7447 6775 16
6286 6690 1
3199 3918 3
3918 352 1
352 2010 1
2010 2030 2
3918 7607 1
1419 6937 1
1966 5245 1
5245 7607 1
7607 3718 1
7426 364 1
364 7003 2
7003 2397 1
2397 2030 1
4244 3097 3
3097 2169 2
2400 4553 1
4553 2755 1
2030 4681 2
4681 5267 2
5267 4006 1
3006 3199 1
3774 467 1
3600 2255 1
2255 6655 1
4559 2030 11
2030 5933 1
5933 4244 1
4244 5802 3
2030 3393 3
3393 2982 1
6507 1263 1
1263 2030 1
6901 3600 4
3600 364 1
5802 4805 1
4805 7227 1
7227 1 2
1492 4194 1
4194 7600 1
7600 7335 1
2046 4194 1
4194 364 2
1097 7390 2
1087 5832 6
6983 5060 1
5060 7600 1
7600 3364 1
3364 6668 1
6668 7390 1
4559 2416 1
2416 2030 1
2996 196 1
196 7607 1
363 1436 1
1436 2030 2
7598 4307 2
4307 7390 1
7227 6196 1
6196 2030 8
1087 1225 14
1225 6990 6
363 2879 1
2879 4732 1
4732 7447 1
6645 4892 1
2176 5978 2
5978 6872 1
6872 3370 5
1 5468 1
6044 6170 1
3671 2299 1
2299 1 1
3199 6962 5
6962 3616 1
3616 3671 1
2030 5934 4
5934 3671 3
6919 352 1
3432 1 1
1 1639 5
1970 1628 1
1628 5313 1
5313 1639 2
2910 3914 1
3914 5929 1
4900 678 1
678 1639 1
7447 3387 3
6990 6872 2
6872 275 4
275 3373 1
363 6956 1
6956 1337 1
6694 4597 1
4597 4194 1
4194 196 1
196 1087 2
1607 1330 1
1330 3999 2
3999 7607 2
7299 6919 4
6919 3671 7
2030 5489 7
6919 6781 1
6781 6641 8
1600 6449 1
6449 7324 1
7324 2030 1
3199 1871 1
1871 6189 1
6189 1 1
3671 6911 1
6911 2030 1
1577 2932 5
6725 5929 1
5929 5162 1
5162 224 1
224 6872 1
6872 245 2
245 1639 1
6142 1330 1
1660 4553 1
1619 1087 1
1087 712 5
2176 7283 1
7283 7390 1
4559 3999 1
3999 3199 1
3199 3503 4
3503 3369 1
3369 577 2
577 4286 1
4286 7227 1
7227 2932 1
2932 1027 1
1027 2030 2
6685 2030 8
2030 4629 1
4629 196 1
196 1639 2
362 3894 1
3894 7623 1
7623 2932 2
3387 4026 1
4026 6641 1
3043 7447 1
7447 1259 1
1259 363 1
3970 6839 1
6839 2030 2
4519 7607 2
7607 1829 2
1829 364 2
364 2255 2
2255 2932 1
2932 5101 1
5101 6503 1
6503 7390 1
7390 6887 1
6887 6548 1
6548 693 1
693 2030 1
2030 3999 1
3999 1404 1
1368 2842 2
2842 2255 1
2255 1087 1
1087 3420 1
3420 620 1
620 6626 2
3671 620 3
620 5844 1
1 196 2
3387 5602 3
7393 3673 4
3673 620 4
620 7607 1
450 2330 1
2330 7607 1
5967 5097 1
6472 2030 1
2030 1584 1
1584 7447 4
7447 5046 3
5046 1 1
1 3673 11
6507 1313 1
1313 5802 1
5802 1639 2
1639 1756 1
1756 2330 1
2330 2030 1
2030 5503 2
2879 520 5
520 3673 7
3387 2009 2
1028 3673 6
3673 3178 1
3178 4244 1
4244 1816 1
1816 542 1
542 2431 2
2431 2043 3
3789 3673 7
3199 4201 1
4201 542 1
542 7303 1
3199 6343 1
6343 352 1
352 5554 1
5554 4828 1
2879 7187 1
7187 6901 1
1924 1540 1
3970 4126 1
4126 1225 1
641 7390 1
2879 1541 1
1541 6166 1
6166 6645 1
6645 5504 2
5504 3673 1
1087 6721 3
2030 6010 2
6010 196 1
196 7299 1
6919 6695 1
6695 3671 1
7447 1430 1
2030 1430 1
2910 3825 2
3825 3671 1
3671 3432 1
3432 3194 1
3194 1424 1
1424 6690 1
7598 3356 3
3199 4287 1
4287 4754 1
4754 6439 1
6439 2030 2
3673 3489 1
3489 3671 1
363 5912 1
5912 5332 1
5332 2910 1
2910 7598 7
7449 4543 1
6730 1087 3
1087 3999 1
3999 3970 1
3970 6396 2
6396 7445 1
516 1 1
6990 2173 1
6872 5332 1
5332 3414 1
6641 2010 1
2010 772 1
4735 2043 1
2043 2030 2
4543 4330 1
4330 2812 1
6044 939 1
939 7607 2
7607 5129 1
5129 7598 1
7298 3387 2
3387 5468 2
5468 6990 3
6990 1298 1
1298 3418 1
3418 5959 2
5959 1577 1
1577 263 1
263 6720 1
6720 6403 1
6403 2030 4
6260 185 1
185 5746 1
5746 4164 1
4164 1575 1
1575 2879 1
5929 1492 1
1492 5414 1
5414 2431 1
2431 6641 1
1600 443 1
443 2030 1
364 6725 14
1600 711 4
711 125 1
125 5744 1
5744 3199 1
3199 4892 9
4892 2616 9
2616 3414 4
3414 1579 5
1579 352 7
7598 7137 4
7137 7607 4
7607 678 6
7447 4921 1
4921 2910 1
2910 4880 1
4880 6866 1
6866 2030 5
4417 772 1
7447 5239 1
5239 364 1
2255 1 1
1 1899 6
1899 3896 1
2030 5105 3
5105 1381 1
1381 4826 1
4826 363 2
363 845 1
845 7607 1
7365 2176 1
7598 2417 1
2417 5542 1
5542 2030 1
586 4663 1
2030 3263 1
3263 3671 1
7598 537 1
537 2479 1
2479 5844 2
5967 4645 1
7598 1111 1
1111 7297 5
7297 7393 7
7393 6911 1
6911 3671 1
7607 5332 1
5332 6775 3
7449 6911 1
7390 1575 1
2839 3489 1
3489 125 6
125 7598 4
3332 6215 4
6215 2030 1
7598 140 1
140 5489 1
3199 4900 1
4900 1225 3
1225 4487 3
4487 7447 3
7447 4900 1
4900 3414 1
1575 4026 1
3199 4829 1
4829 2910 1
6160 2879 1
2879 4418 1
4418 1246 1
7365 1 1
6655 4766 1
4766 3414 1
2555 2043 2
2043 3673 2
3673 7016 3
5832 2330 2
2330 467 1
364 7290 1
7290 4804 1
4804 2030 1
4688 2169 1
2169 3407 2
3407 7374 1
7374 4026 1
4026 6655 1
363 6684 4
2838 3387 1
6044 7313 1
7313 7548 2
7548 1337 1
3671 3879 1
3879 2183 1
2183 6115 1
6115 6498 1
6498 6901 1
6901 5844 2
5844 2842 1
2842 2654 1
2654 7607 1
1087 6087 2
6087 1337 1
5978 3264 1
3264 268 1
268 2021 1
2021 2030 2
2030 7283 2
7283 1966 1
1966 7480 1
7480 6915 1
6915 2030 2
5593 3673 1
3673 2644 2
5399 3672 1
6708 7449 1
7600 2851 7
2851 3199 2
2879 4535 1
4535 4026 1
4026 6725 1
6725 3600 3
3673 5047 4
5047 4232 2
4232 3387 1
2910 3026 2
3026 3673 1
2644 6725 1
6725 3673 7
467 5047 2
4232 4828 1
3673 4679 3
5802 7507 1
7507 6087 1
6087 6770 1
6770 7607 1
2125 5832 1
5832 2583 1
280 1 1
5832 4902 2
4902 4949 1
4949 467 4
467 3897 1
3431 245 3
245 4229 1
4229 275 1
275 3332 5
3332 3671 9
3671 3883 1
3883 2030 1
2030 7082 2
7082 678 1
5281 6901 1
7607 1523 1
1523 1924 1
1924 2030 2
3199 7077 1
7077 125 1
125 7454 1
7454 3774 1
3774 2932 4
5475 4026 7
4026 564 1
5832 6645 10
6645 7480 1
7480 3387 3
6990 3199 9
3199 5154 7
5154 7283 1
7283 6690 1
3026 7600 2
7600 2644 1
2644 1419 1
1364 5844 1
5967 2910 2
4688 402 1
402 4902 1
4902 280 1
280 1489 1
364 2632 4
2632 2030 2
2030 6523 2
6523 2752 1
2752 2173 1
7447 5249 2
5249 7339 1
479 4521 1
1368 2400 1
2400 3369 1
3369 5041 1
5041 2644 1
2644 1337 1
3671 2173 4
2173 3199 2
364 6346 3
6346 5959 1
5959 275 2
275 3356 4
3356 7479 1
7479 4828 1
1087 3789 1
3789 4124 1
4124 6269 1
6269 3751 1
3751 3387 1
2163 407 1
407 1575 1
2910 3774 3
2932 6565 1
6565 6725 1
6725 6990 1
6990 7195 1
7195 7447 1
2910 2505 1
2505 2162 1
2162 2910 3
2910 3723 1
3723 4688 1
4688 1238 1
1238 2910 1
2910 3096 4
2169 2402 1
2402 2369 1
2369 4006 1
3006 3136 1
3136 3671 5
3186 2225 1
2225 2169 1
3407 2369 1
2369 4244 1
4244 1003 1
1003 7346 1
7346 1639 4
1639 6442 2
6442 4828 1
7447 2442 1
2442 1003 1
1003 363 1
5844 1256 1
1256 4681 1
5267 2030 1
404 520 1
520 7621 1
7621 6866 1
3671 1571 1
1571 523 1
523 6901 1
7607 3857 1
3857 3789 1
3789 6004 2
6004 1579 1
1579 5982 1
5982 2030 1
3635 352 1
7621 3387 1
2863 1256 1
1256 3814 1
3814 3600 1
2046 6775 4
6775 7390 6
7390 958 1
958 1097 2
1246 7479 1
7479 3789 1
6995 6605 1
3671 766 1
766 1097 1
1097 3505 1
6923 7600 1
5258 7227 1
7227 196 1
196 3671 1
3671 7489 1
7489 364 1
364 2644 4
2644 2194 1
2194 2790 1
4826 5844 1
5844 558 1
7108 7598 1
363 3999 1
3999 4826 1
4826 851 1
851 196 1
196 2030 2
2030 6730 3
6730 558 1
2644 3999 1
3999 1087 1
6721 6641 1
6641 1151 1
1151 3933 1
3933 7607 1
7607 1571 1
1571 2879 2
2879 1313 2
6442 6641 1
6462 7319 1
7319 3387 2
6866 196 1
1087 4330 1
4330 1 1
6872 3554 1
3554 3671 2
6872 3332 2
3332 2010 2
3671 1424 1
1424 1302 1
1302 3774 2
3774 6901 1
3671 3414 2
3414 6728 9
6728 442 1
442 1067 1
1067 516 1
516 94 1
94 1 1
1 1302 1
1302 3763 1
3763 6166 1
6166 1 2
3199 1392 3
1392 7447 4
2910 1794 1
1794 9 1
9 3199 1
1392 364 2
7598 3418 3
5959 2043 1
3673 874 1
2046 2644 1
2030 512 1
512 2932 1
4026 1256 1
1256 1639 1
3673 1930 1
1930 4828 1
2932 6503 1
6503 3043 1
3043 280 1
280 364 1
3600 2792 1
2792 7607 3
7607 6412 1
6412 364 1
1337 2514 1
2514 6061 1
6061 1639 1
7607 978 1
978 3394 1
3394 4128 1
4128 2214 1
2214 2030 1
2910 4652 3
4652 6525 1
6525 2910 1
3199 5052 2
5052 2169 2
2169 462 1
1087 1233 1
1233 7548 1
7548 2030 1
2030 4875 3
3199 1541 1
1541 2910 1
2910 359 1
359 5304 1
5304 6430 1
6430 2931 1
6723 2807 1
2807 2442 1
2442 1162 1
1162 2338 2
2338 2030 2
2030 2807 1
2807 2400 1
2400 1579 1
1579 1258 1
1258 5982 1
7623 3360 2
3360 4026 1
2030 6877 1
6877 4320 1
4320 3671 1
3671 1368 6
5844 2380 1
2380 2030 1
364 142 7
142 2030 2
7598 2312 4
7430 6354 1
6708 2910 1
1256 4006 1
3006 2702 1
2702 2126 1
2126 2764 1
2764 2030 1
2910 4670 2
7447 3231 1
3231 7256 1
7256 5929 1
5929 2644 1
2030 3189 2
3189 6315 1
6315 7447 2
6690 3673 4
6781 364 2
1600 115 1
115 2176 1
6694 6728 1
1337 517 2
2910 4325 1
1639 3194 1
3194 4229 4
4229 6866 1
4057 5468 4
5468 6462 2
6462 1592 1
1592 7600 3
7390 5604 1
5604 7607 1
363 3264 1
3264 7607 1
6462 1506 4
1506 2176 1
2176 6993 1
6993 1233 1
1233 1364 1
1364 6915 1
6915 3635 1
3635 364 3
6645 2643 1
2643 2030 1
407 1506 1
1506 3370 1
6044 2879 1
5047 2314 1
2314 6462 1
6462 6915 1
2030 2187 1
2187 1600 1
7607 6728 2
6728 7598 1
7598 4523 1
4523 2030 1
6744 2910 7
2910 1774 1
1774 3581 1
5160 2932 1
2932 6482 1
7623 985 1
985 2099 1
2099 3360 1
3360 3671 1
1028 2839 3
2839 7298 1
7298 6414 1
6414 6872 1
5832 7621 2
7621 1 2
4520 3089 1
3089 7384 1
7384 2030 2
2030 1372 1
1372 7449 1
7449 4484 1
4484 1639 2
7600 7480 4
2030 924 1
924 2046 1
2046 115 1
115 7449 1
5046 3673 1
3673 711 3
7447 728 3
728 3723 2
3723 3187 1
3187 340 1
340 1225 1
1579 4233 3
4233 4951 3
4951 1400 1
2030 7270 1
7270 2030 1
2030 3359 1
3359 3356 2
3356 3582 2
3582 3969 1
3969 772 1
6368 2910 1
2910 2909 2
2909 4244 1
5722 585 1
585 941 1
941 3581 1
2030 3194 4
4229 3040 1
3040 1400 1
1400 4142 1
4142 3387 1
3387 6869 1
6869 772 1
1579 3762 1
3762 2030 1
2849 4256 1
4256 2030 1
404 747 1
747 4522 1
4522 2910 3
2910 683 1
683 2932 1
586 2194 1
2194 7476 1
7476 4923 1
4923 2030 1
2910 5400 3
5400 1639 1
363 4229 2
2910 1970 1
1970 3498 1
2312 6234 1
6234 3981 3
3981 2932 1
3282 6866 1
5898 1235 1
1235 6407 1
6407 2932 1
7447 3896 4
3896 6858 2
6858 7621 1
7621 363 1
363 3092 1
3092 1830 1
1830 1381 1
1381 2431 2
2431 7600 1
7480 7026 2
7026 6655 2
2910 5880 1
5880 3672 1
2546 2932 2
6044 1337 2
1337 7449 4
3671 4238 3
4238 1238 1
2030 1727 3
1727 3581 2
3581 2312 1
2312 3947 1
3947 2806 1
1246 2030 7
3199 1023 1
1023 352 1
3671 4553 4
442 4826 1
4686 2932 1
5898 2312 2
7607 4475 2
4475 237 1
6937 1579 1
1579 3320 3
3320 3581 1
3581 2954 1
2954 2932 2
7287 7598 1
363 1309 1
1309 7607 1
7607 3096 3
2169 163 1
163 3582 1
3582 4826 1
4826 6145 1
6145 462 1
4686 4244 1
6708 4475 1
4475 2169 5
2169 5898 1
5898 7607 3
7598 7227 1
7227 541 1
2932 7220 1
7220 1268 1
1268 4024 1
4024 7607 1
7607 3541 2
3541 3671 1
364 4516 1
4516 6501 1
6501 2030 2
2030 3368 3
4670 1028 2
3671 6370 1
3040 3026 1
3671 5081 1
5081 2932 1
2932 4079 1
4079 2302 1
2302 3671 1
3671 1482 1
1482 7156 1
7156 1097 2
364 2336 2
7607 4839 1
4839 3671 1
1639 4227 2
1825 3671 1
729 2176 1
326 2148 1
7598 6744 2
6728 3671 11
3199 5716 1
5716 2712 1
2712 7447 1
7447 6163 7
6163 7607 1
1087 4011 2
4011 2030 4
2030 2719 4
2030 6011 3
6011 2030 5
6234 1856 1
1856 3671 1
2555 3199 3
3199 5670 1
5670 6641 1
6641 6901 3
6901 467 5
467 1577 1
1577 5929 1
5929 3315 1
3315 9 1
9 772 1
772 7034 2
7034 7447 1
3673 6163 2
6163 3673 1
795 6501 1
4024 1225 1
5832 5846 1
5846 518 1
2030 2220 1
2220 2030 1
2030 554 1
554 2030 1
2030 7536 1
7536 2030 1
2030 2668 1
2668 2030 1
2030 6501 1
2030 6460 1
6460 4006 1
4006 2741 1
2741 1 1
2030 1195 1
1195 2030 1
2030 4031 1
4031 7607 1
6641 248 2
248 2176 2
2176 6461 4
1337 1126 2
1126 2030 2
6641 7415 1
7415 218 1
218 758 1
758 2030 1
4681 2030 1
3671 7491 1
7491 1302 1
5468 1087 2
3199 4630 1
4630 352 1
3673 4828 3
1087 1622 1
1622 2932 1
4244 552 3
552 2030 2
7607 5258 6
5258 1575 3
352 6271 1
6271 1628 1
3789 1128 5
1128 1028 2
1028 3370 1
3370 3380 3
6162 7302 1
7302 352 4
1243 772 1
3671 4265 1
4265 2030 1
1579 6495 1
1600 5893 1
4059 3671 3
1087 3673 4
2510 1225 3
1225 4011 1
2030 2818 2
2818 1213 6
1213 1 1
1575 795 14
516 381 1
381 4024 1
6858 2517 1
2517 6858 1
3673 2932 17
4026 2932 3
2932 2192 4
2192 5475 1
4026 1225 2
407 6744 2
1577 2176 2
2932 371 1
371 6095 1
6095 1225 1
1225 1141 1
1141 1225 1
1225 7447 12
3673 6655 5
6655 1294 2
1294 3673 5
3673 407 2
407 3199 4
3199 3119 1
3119 6858 1
6858 4679 2
4679 3414 1
352 245 2
245 2842 8
2842 1225 1
3673 4318 1
4318 1575 1
6924 3926 1
3926 2176 1
6087 3387 1
3673 6951 1
6951 4679 1
6645 2157 1
2157 3970 1
3970 5313 2
5313 2818 1
1213 363 1
364 1146 2
1146 6655 1
162 985 1
364 341 2
341 3414 1
3414 1238 2
1238 3672 2
1146 364 1
341 1 1
476 3896 1
3896 5832 1
5929 3234 1
3234 2932 1
2932 2373 1
2373 4024 1
4024 7449 1
7449 4104 1
4104 6901 1
6901 5929 2
5929 5174 1
5174 2176 1
2176 206 1
206 3672 1
3672 1660 1
1660 3672 1
3672 2108 1
2108 2030 7
3673 4814 1
4814 5804 1
3673 1759 1
1759 2030 1
2030 4660 2
4660 2400 1
2400 684 2
684 575 1
6708 2806 2
2030 3128 1
3128 5379 1
2030 4025 1
4025 2030 1
2030 3234 1
3234 2030 2
2030 2669 3
2669 772 2
772 4318 1
4318 2818 1
1213 7175 1
1639 7453 1
2030 511 1
6565 3414 1
7365 4754 2
2176 6470 1
6470 2910 3
4238 2932 4
2932 3194 4
3194 96 1
96 2030 2
6685 2910 1
1774 4026 1
4026 4521 1
2910 3128 1
3128 2932 1
3387 2910 15
772 6367 1
6367 2479 1
2479 196 1
196 7013 1
7013 3954 1
3954 3671 2
6645 7297 1
7297 352 5
7607 7159 1
7159 4900 1
4900 7297 2
7297 7445 1
516 7598 3
1288 6993 1
6993 3414 1
1600 795 2
795 4826 1
4826 5959 1
5959 3414 2
3414 2910 4
2910 2471 1
2471 2030 8
642 3387 1
3387 3926 1
3926 1368 1
162 1235 1
1235 2030 5
7116 6728 1
6728 4011 1
4011 6044 1
2512 1419 1
1419 1373 1
2030 5115 1
5115 4651 1
4651 7607 1
7607 1561 1
1561 2510 2
2510 7057 1
7057 4207 1
4207 2030 1
7607 5374 2
586 1 2
1 2818 1
1213 6044 1
3026 5602 1
5602 6725 1
7449 2043 1
2043 6626 1
5593 3672 1
3672 1551 5
1551 2030 2
772 7137 3
364 2796 1
2796 3921 1
3921 2030 3
711 309 1
2030 5300 7
5300 6901 2
7390 4651 1
4651 1 1
3673 3806 1
3806 7447 3
4971 6645 3
6645 6708 1
6708 7598 2
7598 185 1
185 4520 1
2932 4022 1
4022 4024 1
4024 678 1
795 3896 1
2030 2300 3
2300 7424 1
7424 7607 1
7607 3316 1
3316 2030 1
2030 7445 1
7445 4262 10
4262 7607 2
3896 3387 3
3387 2510 1
7598 1826 1
1826 2176 1
1506 6672 1
6672 3836 6
3836 3431 2
176 2818 1
1213 7607 1
6641 5379 4
5379 2030 5
1551 1126 1
1126 65 1
7445 6641 1
1551 6166 1
6166 6872 3
3097 637 1
637 2169 1
6775 3582 1
3582 2312 1
2312 1373 3
1373 5891 1
5891 2932 1
2932 1810 1
1810 5249 1
5249 5832 1
6872 4423 1
2169 7252 1
7252 6044 1
6044 6655 1
6655 7449 1
7449 6872 4
6872 3801 1
3801 2169 1
3671 1826 2
1639 6837 1
6837 2030 3
3199 269 2
269 2021 2
2021 4244 1
1443 4828 1
363 2121 1
2121 7005 1
7005 7600 1
7600 3391 1
3391 6044 1
7607 1452 1
1452 3671 2
3671 4220 2
4220 364 1
364 7338 1
7338 2030 1
2030 6357 1
6357 5602 1
3671 7121 3
7121 1373 1
1368 1128 3
1128 3414 2
3414 3897 2
3897 1618 1
1618 1 1
7607 5865 2
5865 6866 1
6866 3301 1
3301 1639 1
1639 6947 5
6947 5487 1
5487 2748 1
2748 7607 1
2169 3582 1
3582 3387 1
3671 1666 1
1666 1639 3
6947 7607 1
4520 3017 1
3017 558 1
7621 982 1
982 2046 1
3671 586 1
5286 7623 1
7623 7518 1
7518 402 1
5138 2755 1
2755 1488 1
1488 97 1
97 7607 1
7447 4024 2
4024 1288 1
1288 1262 1
3538 7607 1
1391 5967 2
6641 6448 1
6448 1364 1
1364 7600 2
7480 4828 1
7447 3278 1
3278 5959 1
5959 352 8
7449 400 1
400 5177 1
7598 7005 1
7005 3672 1
3672 1114 1
1114 352 1
352 6681 1
4649 7598 1
7598 3231 2
3231 4828 1
1492 7297 1
7297 7390 1
7390 275 1
275 467 7
467 2123 1
2123 769 1
769 3231 2
3231 2030 2
2030 5282 1
5282 7390 1
678 728 2
728 4889 1
4889 5475 1
4026 6894 1
2030 2885 2
2885 2752 1
2752 6077 1
6708 7290 1
7290 1490 1
1490 5179 1
5179 4244 2
2169 4026 5
4026 3671 3
6995 1066 1
1066 4341 1
7447 714 2
2512 1579 1
1579 2879 2
364 1619 3
1619 7607 1
3541 2489 1
2030 4549 1
4549 3279 1
4618 3802 3
3802 6507 1
6723 7607 2
363 3279 1
3279 1592 1
3199 3970 5
3970 4828 1
2879 966 1
966 6725 1
3673 6544 1
6544 6641 1
6641 6990 6
2030 4349 1
4349 6866 1
6866 4423 1
4423 4024 1
4024 4887 1
7607 899 1
2312 5736 1
524 7607 2
4597 462 1
3578 2030 2
4024 3532 1
3532 621 1
621 5475 1
5475 6566 1
6566 5594 1
5594 3769 1
3769 2818 1
1213 4828 1
7447 2220 1
2220 4561 1
3672 1549 2
1549 1126 1
1126 1934 1
1934 3673 3
3673 4618 2
4618 3387 2
728 4024 1
4024 315 1
315 7598 2
7607 3053 1
3053 2932 1
2932 462 4
5722 1415 1
4523 711 1
711 4521 3
3199 4889 3
4889 3582 1
3582 1337 2
4889 6725 1
6725 2173 1
2173 3824 1
3824 2932 1
2932 6875 1
6875 2806 2
2806 2312 1
7607 6858 1
6858 1373 2
1373 3205 1
3205 2932 1
671 363 1
363 6008 1
6008 4887 1
3779 6413 1
6413 4229 3
4229 1910 1
1910 7621 1
7621 7039 1
7039 2030 2
1874 2931 1
2931 6313 1
6313 5308 1
5308 2910 1
6462 5473 1
5473 1381 1
2431 7480 1
7026 5832 1
5832 5475 2
2030 3136 4
3136 5853 1
5853 3598 1
3598 3594 1
1492 482 2
482 2546 1
2546 2303 1
2303 4382 1
4382 6833 1
2030 6815 4
6815 7633 1
7633 6018 1
6018 2910 1
2910 3370 1
3370 4949 3
4949 3199 2
354 6641 1
248 3370 1
1622 6018 1
6018 363 1
363 4056 1
4056 2910 1
1301 5196 1
5196 364 1
2030 268 6
7607 7442 2
2303 641 1
641 230 1
230 585 1
585 7607 1
5177 772 2
6163 2932 1
2030 3547 2
6645 6254 1
6254 3023 1
3023 5056 1
5056 3387 1
3671 275 6
3418 5056 1
5056 3671 1
364 4006 1
3006 1 1
3671 4688 1
4688 3505 1
3505 7449 2
7449 6289 1
7447 4229 4
4229 2161 4
2161 3671 1
7055 4828 3
3356 4278 1
4278 3671 1
1298 5282 1
5282 1575 1
3199 6366 2
6366 6725 1
7159 1 2
1575 6366 1
6366 6775 2
2510 6366 1
6366 3884 1
3884 3671 1
3671 1428 2
1428 7449 1
7449 4618 2
4618 1639 3
3671 610 1
610 1 1
1 6728 4
6728 2818 1
7075 2176 1
1243 5219 1
2932 7602 11
7602 2030 3
363 4900 2
3671 4875 1
4875 718 5
4900 6901 1
363 1097 1
1097 2932 4
2932 4227 2
4227 7607 1
2833 7442 1
7442 1337 1
5177 2410 1
2410 1042 1
1042 1157 1
1157 2030 1
4416 4159 1
4159 5177 1
3673 7526 1
7526 3593 1
3593 2030 1
2030 2192 9
3673 2721 1
2721 2030 1
3673 565 1
565 2825 1
2825 3022 1
3022 1491 2
1491 381 2
381 428 9
428 2099 2
2099 381 3
381 6038 1
6038 2099 1
381 5904 4
5904 1337 1
1337 6659 1
6659 1057 2
1057 3789 1
3789 6972 1
6972 2030 3
7015 7607 1
6170 3356 3
3431 3600 1
3600 2479 1
2479 6457 1
6457 7328 1
7328 6298 1
6298 1575 1
3199 6605 2
6605 2410 1
2410 2431 2
2431 364 3
364 2343 1
2343 2235 1
2235 1 1
1 6080 2
6080 4616 1
4616 2410 1
2410 4616 1
4616 1087 2
1225 7302 1
7302 6875 2
2782 1575 1
2879 298 2
298 6080 1
6080 3673 1
3673 504 1
504 3673 1
772 5084 1
5084 7598 1
1970 1 1
1294 1033 1
1033 3673 1
1294 2192 1
6872 6195 1
6195 644 2
644 1701 1
1701 3673 1
3673 5313 4
6023 1225 2
3342 3414 1
3414 2370 5
2370 5313 1
6023 678 1
678 6744 1
6744 1575 2
1575 6163 3
6163 619 1
619 6641 1
6641 3673 4
3673 3897 1
2932 619 1
619 3387 1
364 3766 2
3766 711 2
5313 269 1
269 125 1
125 1298 1
1298 2099 1
2099 1568 1
2932 6291 1
6291 3959 1
3959 2030 1
2030 6857 1
6857 6170 1
6170 7560 1
7560 2910 1
2910 729 2
822 3387 1
5313 7560 1
7560 4027 1
4027 2338 1
2338 2194 1
2194 4026 1
4026 3571 1
3571 2913 1
2913 2910 1
2910 442 8
2780 1225 1
2115 1575 1
3673 6447 3
6111 3673 1
3673 3189 1
3189 2215 1
5832 4021 1
4021 1 1
2512 3673 1
3199 6945 2
6945 3673 2
5313 3907 1
3907 6775 1
6775 1097 1
3387 7373 2
7373 467 2
467 3673 2
3673 269 1
269 364 1
364 1011 2
1011 1028 1
1028 364 3
1011 7447 1
1311 5929 1
5929 1610 2
1610 5489 1
5489 6872 9
5177 1011 1
1011 6901 2
6901 6305 1
6305 363 1
363 1011 1
363 3647 1
3647 2798 1
2798 1610 1
1610 65 1
65 1225 1
1225 440 1
5313 4500 1
4500 1012 1
1012 6641 1
6641 712 1
712 4010 1
4010 639 1
639 2192 1
2192 1025 1
1025 6483 1
6483 6655 2
364 1323 1
1323 2030 1
1610 440 1
440 125 1
2369 6440 1
6440 2030 2
1579 4972 1
4972 7560 1
7560 1 1
1579 1087 1
7447 6298 2
6298 5851 1
5851 2888 2
2888 2046 1
467 7390 2
438 678 1
4865 5489 1
5489 2888 1
2888 7390 4
7390 6462 1
352 1628 2
1628 6430 1
6430 6645 1
6645 1006 1
1006 2370 1
2370 3332 2
3332 2888 1
7390 516 3
352 1225 1
1225 954 1
954 2429 1
2429 1674 1
1674 407 1
407 1674 1
1674 2839 1
2839 5064 1
5064 2312 1
2312 1934 2
1934 3829 1
3829 3414 1
1 722 1
722 3671 1
7390 4828 1
7598 5844 3
5844 6044 6
352 400 1
400 3356 1
3356 1087 2
1087 772 5
5455 3671 4
363 2888 1
3671 2115 1
2115 840 1
840 5851 1
5851 6517 1
6517 7565 1
7565 2009 1
7598 5715 1
5715 2431 1
6245 5580 1
5580 4687 2
4687 1225 1
1225 400 1
7607 5658 3
5658 5177 3
7598 3414 1
678 5489 1
5489 7598 6
363 417 1
417 2914 1
3414 4466 1
7598 2813 1
2813 678 1
678 6040 1
6040 7600 1
7600 4051 1
4051 3600 1
3600 1614 1
1614 6872 1
6872 779 1
779 7607 1
7607 6298 1
6298 1 1
7600 1421 2
1421 5713 1
5713 2030 1
795 3432 2
3432 1954 1
1954 7447 2
3671 381 2
381 7447 1
1294 2043 1
2030 5662 1
5662 6332 1
6332 2510 1
2510 2046 3
2046 795 5
795 5084 1
5084 7600 1
2030 4074 1
4074 2510 1
2510 6125 2
6125 2176 1
2176 5959 2
352 769 1
769 2510 4
6269 125 1
125 4667 1
4667 3332 1
7607 5582 1
5582 1421 1
1421 4687 1
4687 2030 1
1227 4592 1
4592 6872 1
6872 1 2
1492 4592 1
4592 1492 1
1492 1614 1
1614 678 1
6298 6245 1
6245 5959 1
5832 5715 4
5715 3414 1
6044 5844 1
5844 2192 1
2192 4623 2
4623 3789 3
3789 4592 1
4592 1421 2
3672 3380 2
3199 2529 1
2529 1 1
1 2192 3
3789 4593 1
4593 5715 2
5715 7607 2
1243 352 2
3356 1188 2
1188 1639 1
1639 2798 1
2798 6645 1
6645 4593 1
4593 1337 1
4670 5844 2
5844 6584 2
6584 1298 2
1298 5381 1
5381 4679 1
4679 4001 1
4001 364 2
3205 2510 1
2510 7607 8
2043 6872 2
6872 6990 2
352 6872 15
6872 3431 2
3431 6584 1
6584 3199 1
3861 520 1
520 2312 1
364 7394 1
7394 1577 1
1577 6215 1
6215 3387 2
6645 4796 1
4796 3332 1
3332 3369 7
6215 6401 1
6401 363 2
3199 3431 3
3431 4593 1
5715 6401 1
363 3431 1
3431 7337 2
7337 5715 2
5715 2030 3
2030 7390 3
2431 1506 1
7447 4592 1
4592 5715 1
5715 2879 1
2879 5578 1
5578 6401 2
6401 3431 1
5715 5844 1
5844 4605 1
4605 6641 1
3199 6735 3
6735 6872 1
3431 6298 1
6298 1033 1
3671 3131 1
3131 520 1
520 1225 2
6584 7445 1
7445 5832 3
3672 5832 5
5832 6584 1
6584 7607 1
2030 4663 1
6872 3150 1
3150 363 1
363 2588 1
2588 1065 1
1065 2517 1
2517 1065 1
1065 772 1
772 1298 7
1298 364 7
2176 6298 1
6298 1628 1
1628 516 1
516 7390 2
7390 6901 3
6901 2431 5
2431 3600 1
3600 2099 1
2099 1263 1
1263 5711 1
5711 6462 1
7390 7491 1
7491 5711 1
5711 3332 1
3332 3199 5
6462 3671 5
2879 5967 7
7598 4507 2
4507 3677 1
3677 2009 1
2009 7341 1
7341 5715 1
5715 1 2
1 516 4
2431 111 1
111 4244 3
1425 1378 1
1378 5443 1
5443 2798 1
2798 5712 1
5712 7598 1
7598 6269 5
6269 1492 7
1492 1298 6
1298 3671 2
3671 5580 1
4687 5715 1
5715 772 1
5455 7447 10
7447 2438 2
2438 3673 1
3673 1579 7
1579 401 1
401 3774 1
3774 5715 1
5715 2099 1
1246 275 1
275 2099 1
2099 2702 1
2702 1364 1
1364 6298 1
6298 3380 1
3199 2012 1
2012 678 1
7607 3905 6
526 6645 7
6645 3233 2
3233 7447 1
3671 5967 2
5967 5468 1
5468 383 1
383 364 1
1097 6775 1
6775 6990 1
3199 801 1
801 3356 1
3199 3111 1
3111 352 1
6641 2932 1
2932 6305 1
6305 6641 1
7607 3763 4
3763 6305 1
6305 364 1
3431 1492 1
1492 2410 1
2410 7607 3
3431 2691 1
2691 7514 3
7514 2431 1
2431 3908 1
3908 1097 1
364 7236 1
7236 2833 1
2833 1090 2
1090 3017 2
3017 2030 8
3431 3671 1
3671 2702 1
2702 2715 2
2715 1464 1
1464 2431 1
2431 1419 2
363 6462 1
6462 2410 1
2410 1 4
2030 4740 2
4740 364 2
6881 2030 2
2030 7055 3
7055 119 1
119 2717 1
2717 1 2
1492 1087 3
3671 807 1
807 2030 4
2030 5036 2
5036 364 4
364 27 2
27 7598 1
440 3970 1
3970 6773 1
6773 1966 1
1966 407 1
3332 2410 1
1 1033 1
1033 3332 2
3026 5967 2
5967 5450 1
5450 7447 1
1600 3671 13
1294 3414 2
3414 3199 2
3673 4794 2
4794 364 1
364 4580 1
4580 1 1
1492 3529 1
3529 7390 1
1087 4848 2
4848 1033 1
1 5489 1
5489 7237 1
7237 1087 2
3199 4657 1
4657 3332 2
3332 1337 1
6872 352 3
4670 3356 2
6142 2046 2
1087 3356 7
3356 1563 7
1563 6142 3
6142 678 1
678 7598 6
7598 6516 3
6516 2176 2
2009 3279 1
3279 4518 1
4518 2046 1
2046 2303 2
2303 3102 1
3102 1575 1
7390 4423 1
2169 6872 2
6044 4584 1
4584 7447 1
6872 4466 2
4466 3380 1
4466 1 6
6546 3671 1
4244 107 1
107 2370 1
2370 1575 1
3199 156 1
156 3387 1
4507 6641 1
7607 3451 1
3451 1225 1
7598 584 2
3199 5796 1
5796 7598 1
7598 5313 9
5313 2010 1
2010 7057 1
7057 2616 2
2616 795 2
795 1087 4
4848 6641 1
6641 4865 5
6641 1088 1
1088 4848 1
4848 3414 1
3414 7598 8
7598 7415 1
7415 1067 3
1067 2030 2
1607 275 1
275 6166 2
6166 3431 1
7598 186 1
186 6166 1
6166 1337 1
1 2438 2
2438 1087 1
1087 4657 1
3332 2438 1
2438 3199 1
1 2405 2
2405 3332 1
2030 2405 2
2405 3199 1
1087 2438 1
2438 4544 1
4544 2099 1
2099 2405 2
2405 4546 1
4546 3332 1
2030 4562 1
4562 7449 1
1087 4714 1
4714 4892 1
4892 2370 1
2370 2010 1
2010 4896 1
4896 7447 2
2438 2030 2
2405 1087 1
1087 2109 3
2109 7393 3
2910 3414 3
1600 4807 2
4807 3199 1
3199 4896 1
2030 7237 1
2910 3805 1
3805 7607 2
2438 7390 1
7390 1033 1
3332 3414 5
6641 2438 1
2879 1087 3
1087 4863 2
4863 1 1
2405 7390 1
7390 2099 2
2405 2438 1
2438 3332 1
3356 6725 1
3356 1492 1
1492 3414 4
2030 3257 2
3257 1087 1
1087 4864 1
4864 2099 1
2099 4546 1
4546 1 1
1 7237 1
7237 7390 1
7390 1225 2
3671 7445 1
4262 3199 1
4863 3803 1
3803 6872 1
7447 180 1
180 6792 1
6792 6142 1
6142 3233 1
3199 3171 1
3171 5674 1
5674 7607 1
315 2910 2
2910 5677 1
5677 364 1
237 6815 1
3410 1373 1
1368 2174 2
2174 364 2
2369 2100 1
2100 1028 1
1028 5722 1
5722 3570 1
3570 681 1
2822 6859 1
6859 2910 1
2030 7300 1
7300 4679 1
4679 6655 1
2910 6245 2
5219 4229 1
4229 6013 1
4413 386 1
4244 3570 1
3570 364 1
364 5927 3
5927 7556 4
352 2369 1
2369 467 1
467 2915 1
2915 3387 1
2932 779 1
3410 4413 1
4413 6860 1
6860 2030 7
2169 4163 4
2420 7449 1
7449 5160 3
5160 4828 1
7447 3349 4
3349 363 5
2030 5422 5
5422 4238 1
364 6860 5
6860 3387 1
7389 7449 4
7449 1669 1
1669 2932 1
162 5161 1
5161 2214 1
2214 6725 1
3026 1364 1
1364 5158 1
5158 3380 1
2479 2702 2
2702 2542 1
2542 7607 1
7607 1927 1
1927 2214 1
2214 1639 1
5468 2932 5
2932 955 1
955 2421 1
2421 3387 2
3387 1966 2
3970 6027 2
4229 5278 1
2807 5832 1
6645 361 1
361 7447 1
7447 918 1
918 2540 1
2540 5832 1
2030 2161 1
2161 6860 1
6860 6447 1
6447 772 4
772 1224 1
1224 2030 1
7598 6462 1
6641 6786 2
6786 2030 1
7607 4586 1
4586 2949 1
2879 7494 1
7494 1 1
1 4229 2
4229 3359 1
3359 3199 3
364 1250 2
1250 7623 1
7623 3380 1
5501 7607 1
7389 5179 1
5179 2932 1
2399 6593 1
3186 1167 2
1167 3387 1
3387 7389 1
7389 3199 2
3199 1262 2
1262 5832 3
5832 2780 9
2780 780 1
780 7607 1
3199 3817 1
3817 3671 1
3186 3819 1
3819 455 1
455 3387 1
7607 3789 5
3789 625 2
625 6641 1
6641 1489 1
1489 5802 1
5802 7447 1
6837 2879 1
3673 650 1
650 2176 1
3934 7607 1
4652 1639 1
1639 4229 1
4229 467 1
467 2176 3
2632 5379 1
5379 402 1
402 4163 1
4163 2421 3
2421 772 1
7298 4553 1
4553 363 1
363 2421 1
1361 3199 1
275 7517 1
7517 7623 1
7607 5264 1
5264 2807 1
2807 3672 1
3672 3361 1
7607 4679 2
1220 156 1
156 6860 2
6995 6260 1
7607 3326 1
3326 7607 1
6483 1167 1
1167 3199 1
7121 3578 1
3578 2176 2
2176 3052 1
2932 2761 5
2761 2099 2
2099 2420 1
2420 2099 1
2932 7452 1
7452 7607 1
3762 6396 1
6396 6023 1
6708 3387 1
3387 3970 5
3970 178 1
178 7598 1
7598 1801 1
1801 6023 1
6023 6145 1
6645 2811 3
7607 2470 1
2470 2030 2
5119 1030 1
1030 6655 1
6655 393 1
393 6170 1
6170 6115 1
6115 2469 1
6428 4284 2
4284 7607 1
6462 1076 1
1076 6858 1
6858 2030 11
772 5120 1
5120 3199 2
7116 2616 2
7600 1964 1
1964 1579 1
5468 3387 2
6234 1431 1
1431 7607 1
7447 4238 1
1 1111 2
1111 4902 1
4902 1 1
7607 1311 2
1311 557 1
557 3789 1
3789 3232 1
3232 2169 1
1600 3377 1
3377 3199 7
3199 4980 1
4980 4828 1
7607 2267 1
2267 2046 1
2046 6503 1
6503 6858 1
2030 6626 3
6626 1 1
3671 2043 6
711 5379 1
5379 684 1
684 7607 1
7600 1516 1
1516 1392 1
1392 203 1
203 772 1
1616 6076 3
6076 3387 1
3671 2370 2
3199 203 1
203 1 1
1 6719 1
6719 5270 1
5270 2755 1
2755 3640 1
3640 2030 1
2030 6213 1
6213 7607 1
467 3414 1
7607 722 2
722 5181 1
5181 684 1
684 2030 13
6170 3640 1
3640 4503 1
4503 5967 2
5967 6690 1
6260 1840 1
1840 7598 1
7598 2471 1
2471 2512 1
1492 2099 1
7607 4278 2
4278 6708 1
7607 315 1
315 462 1
462 6866 1
6234 7116 1
7116 2469 1
2469 3671 2
363 6016 1
6016 3387 1
1491 2780 1
2780 2469 1
2469 5226 1
5226 1437 1
1437 5832 2
5832 5558 1
5558 6503 3
7607 5226 3
5226 3806 1
3806 4553 1
4553 3040 2
3040 3673 1
3673 3723 4
3723 3199 1
3199 4762 1
4762 6376 1
6376 2030 2
7447 6708 2
6708 4278 1
4278 3403 1
3403 7389 1
4735 1575 1
6744 2471 1
2471 1337 1
3199 2193 2
2193 1492 1
1492 4231 1
4231 364 1
6860 7607 1
2879 5539 1
5539 1102 1
1102 4828 1
6860 772 1
2173 6517 1
6517 2030 1
2030 1965 2
1965 2198 2
6516 2469 1
2469 5227 1
5227 1 1
7607 3052 2
2932 3865 1
3865 2932 1
2431 6141 1
6141 1535 1
1535 5045 1
5045 523 1
523 273 1
2030 6708 1
6708 3795 1
3795 7607 1
7607 557 1
557 2030 2
7607 5275 1
5275 2807 1
2807 1910 1
1910 2419 2
2419 2431 1
2431 5379 1
5379 5716 2
5716 6641 2
359 5280 1
5280 7406 1
3673 4822 1
4822 7406 1
7406 5983 1
5983 772 1
772 3723 1
3723 3668 1
3668 156 1
2030 3153 2
3153 6723 1
6023 6260 1
6260 3302 1
2030 6004 1
6004 6901 1
7607 2349 1
2349 6641 1
7607 1560 1
1560 1541 2
1541 6866 1
7607 5802 4
3718 7607 2
3199 2761 1
2761 1 1
1 3779 1
1337 5249 1
5249 2807 3
2807 3671 1
3671 1492 1
1492 5336 1
5336 7598 1
3199 2421 1
2421 2807 1
2807 2431 1
2431 5303 1
5303 364 1
1321 2811 4
2811 2932 4
3282 5684 1
5684 1220 1
2600 2176 1
2932 3150 1
3150 3779 1
3282 2879 1
363 5443 2
7516 2806 1
275 4611 1
4611 7529 1
7529 7607 1
5299 6721 1
6721 2962 1
2962 7177 1
7177 2811 1
2811 5436 2
5436 7607 1
2370 3870 1
3870 6708 1
6708 2932 1
2932 7430 4
7365 3387 2
3387 3431 1
7598 1233 2
1506 3332 1
3332 7455 1
5967 6641 4
6641 6141 5
6141 3302 1
3302 6483 1
6483 364 2
1575 2807 1
2807 5271 1
5271 1910 1
2419 6725 1
5046 7447 1
359 3327 1
3327 1 1
1 1894 1
1894 1540 3
1540 1506 1
1506 3954 1
3954 2176 3
2176 3327 1
3327 7600 1
7600 2419 1
2419 1575 1
1575 4272 1
4272 3199 1
3199 1635 1
1635 2030 1
3199 6773 1
6773 363 1
3600 678 1
6641 364 1
6860 3411 1
3411 6725 1
6725 4697 1
4697 5844 1
5844 6728 1
6728 6937 1
6937 1899 1
1899 3647 1
3647 4621 1
4621 7607 1
7607 711 1
711 2471 1
2471 3040 1
7116 3802 1
3802 3854 1
2062 2030 1
4705 4238 1
6207 2030 2
6428 4670 1
7447 4679 2
364 6084 1
6084 3865 1
3865 4828 1
7607 6212 1
6212 520 1
4244 3432 4
6503 7389 1
7389 2115 1
2115 6744 1
6744 7003 1
5347 2755 2
1 3265 3
3265 7607 1
520 3387 3
3673 1966 4
1966 1577 3
1577 4828 1
7447 6170 1
6170 4223 1
4223 6708 1
6708 3431 1
3431 6461 1
6461 2931 1
2931 6570 1
6570 2030 1
7267 2431 1
2431 5017 1
5017 2169 1
7607 6088 4
6088 4142 2
4142 2021 1
2021 2471 1
2471 2312 1
2312 3635 1
3635 6430 1
6430 3865 1
3865 2030 1
6448 6744 1
6744 4981 1
4981 4238 1
2932 3640 1
3640 4828 1
7447 1109 1
3673 6841 1
6841 7393 1
7393 1639 1
1639 242 1
242 3582 2
3582 3370 1
3370 7607 2
7447 1964 2
1964 2879 1
2879 2490 1
2490 2030 1
7371 2768 1
2768 2780 1
2780 5468 1
5468 5443 1
7516 7607 1
5047 7037 1
7037 585 1
585 3789 1
3199 986 1
986 3780 1
3780 2046 1
2046 5722 1
4229 711 1
711 3165 1
3165 2932 2
162 2109 1
2109 3671 1
3671 7016 3
7016 352 2
352 1235 1
1235 684 1
7607 6269 7
6269 3380 3
352 6172 1
6172 3671 1
3326 6708 1
6708 3281 1
3281 362 1
362 7393 1
7607 1899 1
326 352 3
352 3723 1
3723 807 1
807 364 2
364 3850 4
3850 5722 2
3375 7607 1
363 3052 1
2932 4365 1
4365 2419 1
2419 2030 1
772 4543 1
4543 7607 1
6641 7132 3
7132 7447 2
7447 2615 1
176 7607 2
6245 6370 1
6370 3387 3
7607 3075 2
3075 6645 1
6645 6314 1
6314 7447 1
2879 4963 1
4963 3672 1
5736 3279 1
3279 501 1
501 3600 1
1057 3387 4
3387 524 1
7607 501 1
501 275 1
7393 3600 1
1057 4828 1
5308 1958 1
1958 7626 1
7626 5901 1
5901 6860 1
6860 6269 1
6269 6995 1
7607 2909 1
2909 2400 1
684 4244 2
7530 2068 1
2068 5722 1
5722 6375 1
2030 1506 19
520 7598 3
364 6313 5
6313 1 1
2312 3186 1
3186 740 1
740 7447 1
6163 772 1
2173 3355 1
3355 6781 1
6781 7598 2
363 3241 1
3241 3017 1
3017 5722 1
363 6992 2
6992 2192 1
2192 7530 1
7530 2030 1
3432 162 2
162 5684 1
5684 946 1
946 2030 1
2030 1221 1
1221 2600 1
2600 5379 1
5379 2176 1
2176 6392 1
6471 6080 1
6080 7607 1
2879 5501 2
5501 4971 1
1958 7607 1
7607 4766 1
4766 575 1
6937 2932 2
586 2191 1
2191 7476 1
7476 5440 1
5440 7607 1
1373 3635 1
5313 1246 1
1246 302 1
302 5933 1
5933 564 1
564 4826 1
4826 520 1
520 1492 1
1492 5440 1
5440 2030 1
2030 4325 4
3673 1899 1
1899 1579 1
3199 3986 1
3986 7598 1
4229 1337 6
6023 3717 1
3717 1097 3
6368 1 1
3671 4902 1
4902 5802 5
5802 5910 1
5910 7406 1
7406 5804 1
462 1492 1
1492 462 1
462 7068 1
7068 6708 1
6708 1 2
4229 363 3
363 1662 1
1662 2628 1
2628 474 1
2030 2098 1
2098 524 1
3671 1970 2
1970 1456 1
7389 7039 1
7039 6901 1
1337 4073 2
5851 3403 1
3403 2030 4
6462 1977 1
2030 4841 2
4841 6873 1
6873 364 1
364 1337 1
1337 2525 1
2525 2030 1
7607 6368 1
6368 4865 1
7607 245 2
245 2802 7
2802 7598 1
6872 1033 4
3199 4318 2
4318 2030 2
3199 7159 4
1 442 1
442 7598 1
7598 6137 2
6137 7298 1
3199 439 1
439 1106 1
1106 6137 1
6990 7298 1
7298 1243 1
6872 1357 1
1357 1243 1
1243 4836 1
4836 6872 1
3332 6872 7
4318 6872 1
6872 442 3
442 1619 3
2030 1971 6
1971 364 1
364 6782 8
6782 6775 1
5851 6454 1
6454 1033 3
1033 6775 1
1600 6454 1
1033 6116 1
245 7447 2
898 3199 1
898 2616 1
7607 2312 5
2312 1600 1
2879 898 1
898 6641 1
6872 3326 1
3326 6645 1
6645 7472 1
7472 2192 2
2192 7472 1
2192 1225 1
1225 5489 2
6735 7453 1
5177 2842 1
2842 596 1
596 2030 1
6645 6781 2
7607 2519 1
2519 3863 1
3863 1033 1
7217 4766 1
4766 7607 2
364 1057 10
1057 5379 1
1057 6872 1
6872 3374 1
3199 3863 2
3863 1225 1
1225 2192 2
2192 7445 2
7445 6872 1
7607 3374 1
3863 2517 1
7607 3863 1
3863 3332 1
3332 4760 1
4760 4016 1
4016 6866 1
6866 7453 1
7453 3269 1
3269 4900 1
4900 7598 2
3199 7607 6
2099 1028 1
1028 1600 7
3414 7628 2
7628 7447 1
6872 1966 3
1966 3387 1
3387 6872 8
524 190 1
190 6461 1
6461 1516 1
1516 1337 1
1337 678 1
2176 2555 1
2555 6872 1
678 2932 1
7447 3803 1
3803 298 1
298 6872 1
2932 7389 2
7389 2214 1
2214 7449 1
5160 4229 1
2420 3332 1
3332 2169 1
2169 2192 1
2192 2420 1
2420 7607 2
3369 2421 1
2421 6872 1
520 2421 1
2421 6166 1
6166 5489 1
7447 2214 1
2214 6326 1
6326 2030 1
4229 4660 1
4660 4244 1
3774 364 4
7389 6430 1
6430 6860 1
6860 2192 1
2192 6860 1
6860 3414 1
3414 6860 1
6860 1600 1
1600 6860 1
6860 2431 1
2431 6507 4
6507 467 1
3199 2471 4
2471 4553 1
4553 2910 4
3199 1840 1
1840 6430 1
6430 3779 1
2030 3600 9
3199 4815 1
4815 2030 1
1492 6730 2
6730 772 2
7447 4815 1
4815 4828 1
1028 3178 3
2546 7600 1
7600 3779 1
2030 6992 1
6992 7447 1
7447 3160 1
3160 2030 1
7159 3414 1
3414 5489 4
6641 4016 1
4016 5489 1
6641 3805 1
7453 6990 1
3970 2886 1
2886 1337 1
3369 6860 1
2030 3369 3
3369 3779 1
3369 3680 1
3680 2030 1
641 3380 3
268 5832 1
6872 467 1
4521 6872 2
3199 1874 1
1874 2811 1
2811 1321 2
1321 3017 1
524 6730 1
6730 6872 1
6872 1639 2
711 3199 3
2879 3086 1
3086 6641 1
7447 7628 1
7628 6872 1
7598 5122 2
5122 678 1
1970 2176 1
1600 2879 2
5122 1639 1
1639 1321 2
2811 1 1
1 7445 1
7445 3671 2
2030 722 1
722 5122 1
5122 4828 1
1298 3380 2
3380 7598 2
363 3387 5
3387 1033 1
4643 772 1
1600 7628 1
5455 2176 1
6872 7628 1
7628 3356 1
3356 4643 1
4643 3380 1
2009 4828 3
711 1966 1
3806 2811 1
2811 5443 2
1 6781 1
6781 6023 1
2030 5552 3
7598 4826 2
1225 2010 1
2010 7598 3
5122 1033 1
3387 5447 1
5851 1352 1
1352 6313 1
6313 2192 1
2192 7607 16
6744 526 2
526 2030 2
3370 1368 2
1368 5977 4
5977 4707 4
4707 3199 2
353 7449 1
7449 4754 1
4754 6313 1
5967 6645 4
6645 5475 1
5475 3414 1
3199 2010 3
2010 6313 1
6313 2115 1
2115 6993 1
6993 7158 1
7158 3387 1
1288 6517 1
6517 6313 2
6313 5657 1
3671 4442 1
4442 1337 1
6866 1337 2
1337 5093 2
1639 1298 4
2030 4442 1
2176 3675 2
3675 1288 2
6744 2011 1
2011 5148 1
5148 4826 1
2996 2155 1
2155 7600 1
7600 6313 1
6313 4828 1
363 4753 1
4753 2176 1
2176 2004 1
2004 3671 1
7447 4057 3
4057 2421 1
2421 3487 1
3487 7390 1
2431 1607 1
1607 2910 1
2910 1374 1
1374 1 1
1 6708 1
6708 1492 1
2431 5544 1
5544 2910 1
5832 4057 3
4057 3640 1
3640 7598 1
7598 4929 1
4929 2431 1
2910 4802 1
4802 711 1
3199 4780 1
4780 4670 1
4670 3673 1
6125 6725 2
3673 2960 1
2960 2932 3
2910 115 3
115 565 1
7449 2047 1
2047 3789 1
3672 2546 1
2546 2757 1
2757 3487 1
3487 3315 1
3315 364 1
2910 4676 1
4676 2066 1
2066 5882 1
5882 7390 1
3231 3387 1
1800 5929 2
363 3590 1
3590 2030 1
2030 5519 1
5519 3673 1
6725 772 3
772 2910 4
2910 6962 4
6962 2030 2
2046 6860 2
4679 2932 1
7530 7441 1
7441 5722 1
5722 6725 1
1577 364 4
6728 275 1
275 2915 1
2915 3199 1
363 728 1
4229 3205 2
3205 6026 1
6026 1677 1
1677 6869 1
6869 3387 1
6690 6234 1
6234 5370 1
5370 1225 1
1389 7298 1
7298 2155 1
2155 5929 1
5929 6313 1
6313 1337 1
7447 2010 2
2010 678 1
363 2628 1
2030 2903 1
2903 2932 1
6149 462 1
462 6690 1
363 6260 4
6260 7628 2
524 1337 1
1337 496 1
2932 2903 2
2903 4826 1
4826 6234 4
6234 2932 1
2903 2914 1
2914 3431 1
3431 6313 1
6313 6641 1
6641 2462 1
2462 1866 2
1866 1337 1
1097 7447 1
2879 3789 1
3672 3818 1
3818 2030 1
2169 1289 1
1289 2932 1
2780 2176 2
6125 3387 1
3671 3040 1
3040 772 1
772 6316 1
6316 3671 1
3671 5126 1
5126 2030 2
6010 496 1
2010 5978 1
5978 7607 2
6872 3547 2
3547 2312 1
6269 802 1
6025 3789 1
3789 5450 1
3789 2469 1
1874 6004 1
6004 2842 1
2842 3005 1
3005 3789 1
3789 2914 3
2914 7447 4
6872 4318 2
6462 5832 2
1971 6901 1
6128 957 1
957 2030 3
7607 1151 5
1151 363 5
363 3789 1
3789 5464 7
5464 7077 1
2030 7336 3
7336 6872 1
6872 3393 1
7447 3431 2
352 3470 1
3470 6457 1
6457 1337 4
2030 950 1
950 3671 1
3671 1511 1
1511 467 1
7600 7267 1
7267 7598 1
7598 2903 1
2903 1 1
1 2903 1
2903 3630 1
3630 7390 1
2431 3462 1
3462 1205 1
1205 2030 2
2030 7069 1
7069 5929 1
5929 1491 2
1491 4826 2
3671 2752 1
2752 4413 1
4413 2030 1
2169 7481 1
2030 620 8
6044 275 1
1389 7607 2
6645 4396 1
4396 7447 1
363 7336 2
7336 3671 2
3671 3393 4
3393 7449 1
6744 3839 1
3789 5929 1
5929 6142 2
6142 5249 1
5249 2811 1
5436 4521 1
6207 1878 1
5967 4520 1
4520 7071 1
7071 4073 1
4073 3233 1
3233 3387 5
3199 1584 1
1584 3431 1
3199 7134 1
7134 5832 1
6645 1992 1
1992 7565 1
7565 2030 4
3199 7137 1
7137 352 1
352 1575 4
6641 3454 1
3454 2910 1
4875 467 1
1301 5309 1
5309 1 1
3411 5400 1
5413 1313 1
1313 4503 1
4503 6993 1
6993 1363 1
1363 4229 1
4229 2431 2
2431 4238 2
2807 2910 2
1416 6781 1
6781 7339 1
7339 5352 1
5352 2932 1
363 7430 1
7430 1363 1
1363 462 1
462 364 1
467 2369 1
2910 5736 5
7447 2949 2
2949 2932 1
3282 3178 1
3178 3199 1
2702 6817 1
6817 7390 1
5443 273 1
273 7481 1
7481 1235 1
1235 1491 1
1491 3789 1
3789 1491 1
1491 2030 10
2030 4776 1
4776 3850 1
3850 3967 1
3967 1 1
2932 2369 1
2369 945 1
945 7512 1
7512 5832 1
5832 7219 1
7219 518 1
3970 7527 1
7527 1225 1
1225 4207 1
4207 2932 1
2932 6645 3
6645 4229 1
4229 420 1
420 1298 1
6708 364 1
273 2068 1
2068 1 1
1 3410 1
3410 6507 1
6507 3461 1
3461 2030 1
2030 1530 2
1530 5722 1
5722 363 2
3970 7530 1
7530 4244 1
6503 6507 1
6507 6471 1
6471 6392 1
6392 2600 1
2600 3199 1
524 3356 1
3356 5297 1
5297 3356 1
3582 2910 1
2910 1087 1
3431 2174 1
2174 2030 1
2030 998 2
998 7005 1
7005 2616 1
2312 4423 2
2616 4828 1
7447 6168 2
6168 7447 1
467 5832 1
5832 1318 1
1318 1425 1
363 3740 1
3740 2176 1
2910 7005 2
7005 7447 6
7447 5232 1
1128 1337 1
1337 615 1
615 7447 1
363 1028 1
1028 1246 1
273 5722 1
5722 6134 1
6134 364 1
3600 3387 1
2910 4523 2
4523 326 1
326 2910 3
2910 3571 1
3571 3361 1
980 2932 2
5851 5722 1
5722 7598 1
7598 5671 1
5671 1337 1
6730 7447 1
6744 4523 3
4523 4057 2
4057 3582 2
3582 7607 2
4434 2932 2
5657 6655 1
6655 7447 2
3836 1578 1
1578 4503 1
4503 2932 1
2932 96 1
96 5832 1
5832 6726 1
6726 3387 1
3671 3389 1
3389 364 1
4753 7607 1
7607 7005 1
7005 1235 1
1235 2616 1
2616 1368 1
2174 1337 1
3026 7447 2
2914 2030 6
2910 1762 1
1762 2030 1
1599 6690 1
3380 2176 1
2176 2018 1
2018 6205 1
6205 3199 2
3199 4523 3
4523 2616 1
2616 1128 1
5292 3671 2
7447 6673 1
6673 2991 1
2991 6937 1
3671 4828 3
6775 5851 3
5851 2811 6
2811 2176 6
2176 6937 1
6462 5927 3
5927 7390 6
1575 5239 1
5239 6725 1
6725 6234 1
6234 363 1
6514 5454 1
5454 2030 3
125 769 8
769 2988 1
2988 2932 1
2932 5925 2
5925 2171 1
2811 3671 4
5468 3985 1
3985 7598 1
7598 3636 1
3636 2099 1
2099 242 1
3582 2099 1
2099 5906 1
5906 6728 1
6234 7105 2
7105 2030 2
5226 737 1
737 4696 1
4696 1337 1
7447 1489 1
2632 3789 1
7447 5925 1
5925 6641 1
6641 237 1
237 3414 1
3414 2996 1
2996 795 1
795 6044 4
7447 6166 2
6166 3671 2
6730 1489 1
2632 4828 1
7607 3189 2
3189 6283 1
6283 7447 2
1288 6995 1
4875 5927 1
2510 363 4
7598 539 2
539 1225 1
7598 2204 2
2204 2588 1
2932 6264 1
6264 7607 3
6641 2907 1
2907 7600 1
3199 3177 2
3177 4539 1
4539 7607 1
7110 2932 1
2780 5602 1
1720 2982 1
2982 6681 1
4670 7628 1
7628 2030 1
3764 7607 1
772 1199 1
1199 2030 1
2030 1199 1
1199 7607 1
6448 1406 1
1406 5844 1
3199 539 2
539 4828 1
7607 4853 1
4853 1337 1
1337 6901 2
3671 1751 1
1751 554 1
554 3387 1
363 180 3
180 6264 1
6264 2171 1
5468 4478 1
3671 112 1
112 2030 1
2879 5128 1
2030 1953 4
1953 2510 1
6125 7598 1
363 440 2
440 7447 1
7447 4892 2
4892 6725 1
6725 4892 1
4892 364 1
467 1688 1
1688 6264 1
6264 1087 1
5959 121 1
121 2818 1
7075 7447 1
1057 5867 1
5867 3672 2
3233 1 7
1563 6140 1
6140 7447 1
5959 7600 1
7600 119 2
119 6459 2
6459 7447 1
6641 4399 1
4399 4795 1
4795 5832 2
3672 1225 4
407 3672 2
3672 7185 1
7185 6872 1
6872 7442 1
7442 2304 1
2304 3672 1
3672 5422 1
5422 3530 1
3530 6872 1
7297 2721 1
2721 3672 1
3672 6448 1
6872 1378 1
1378 2176 1
2879 678 1
5959 7607 7
6645 999 1
999 2030 4
2030 3331 2
3331 7447 1
7447 6995 6
6995 1151 1
363 4492 1
4492 5967 1
5967 6189 1
6189 7607 1
7607 111 1
111 483 2
483 2030 6
4244 4229 2
4229 5797 1
5797 5967 1
1337 111 1
684 2807 1
2807 7607 1
7607 2910 2
3432 3199 1
2780 2171 1
3671 4450 1
4450 2030 1
7598 2174 1
2174 1364 1
2176 6960 1
6960 364 1
364 6004 1
6004 2030 5
1288 2174 1
2174 6725 1
6725 6264 1
6264 1791 1
1791 7607 1
7607 3139 1
3139 772 1
7607 5674 1
5674 5844 1
5844 5832 1
5967 1337 2
1185 268 1
268 3671 1
6744 4679 1
7556 6725 1
6725 4057 1
4057 1414 2
1414 3186 1
3186 2388 1
2388 1302 1
363 6792 2
6792 3356 1
1563 7345 2
2312 6248 1
6248 1454 1
1454 6725 1
6725 869 1
869 1610 1
1610 2431 1
5084 3600 1
3600 7208 1
7208 1628 1
1628 4257 1
4257 3789 1
3789 2818 1
6728 3673 7
3673 3432 6
363 5451 3
5451 7449 1
7449 869 1
869 3432 1
3432 5715 1
1575 7286 1
3673 5219 2
5219 6725 2
3673 5947 1
5947 5832 1
5832 2182 1
2182 7 1
7 7449 1
2030 861 1
861 3673 1
2871 4386 3
4386 4244 3
2324 2312 1
6170 6645 2
5504 3370 1
1622 3671 2
3199 4763 3
4763 352 1
352 5602 1
5602 6641 1
6641 5503 1
5503 1 1
3671 5736 3
5978 6462 1
5927 3671 1
1492 678 2
678 1506 1
851 2066 1
2066 2842 1
2842 2585 1
2585 3233 1
7447 4649 2
4649 6905 1
6905 6690 1
6690 856 1
856 5929 1
5929 2914 1
2914 3193 1
3193 2030 1
7447 861 1
861 5929 1
5929 5715 2
5715 5085 1
5085 7390 1
2009 7390 1
363 3314 1
3314 6170 1
6170 3789 1
3789 1337 2
1337 6645 3
6142 3673 1
1294 3671 4
3671 1111 1
1111 4233 2
4233 364 1
364 2842 5
2842 1057 4
1057 6264 1
6264 6462 1
6462 7094 1
7094 7607 1
7607 6027 1
6027 7393 1
7393 2313 1
2313 4521 1
4521 3040 2
6044 3672 4
3672 3763 1
4539 407 1
407 1579 1
3199 4510 1
4510 2176 1
4523 3582 2
7607 928 1
1953 2030 1
6428 4876 3
5967 5927 1
2030 5463 2
5463 2030 1
2030 2695 3
2695 2176 2
2176 5446 2
5446 772 1
772 2842 3
2842 1651 1
1651 7038 1
7038 7607 1
6462 941 1
941 3582 1
3582 2030 1
1233 712 1
2176 3076 1
3076 5177 1
5177 5967 5
5967 3040 1
3040 4523 1
1337 1678 1
1678 2910 1
2910 6366 3
6366 1033 1
1033 2910 1
6366 4241 1
4241 2030 1
2030 458 2
458 7598 1
7598 3040 1
3040 2805 1
2805 6461 1
6461 2174 1
2174 7607 1
5313 6930 1
2030 4484 7
4484 4766 1
4766 1337 1
407 2009 4
2879 3635 2
3199 2174 1
2174 3671 1
729 5024 1
5024 7389 2
7389 5571 1
5571 2932 1
1301 5929 2
5929 6461 2
6461 2535 1
363 2925 1
2925 6023 1
2030 4350 1
7607 462 1
7607 3933 1
3933 3671 1
1087 6088 1
6088 7607 1
363 2471 1
2471 3789 1
5464 2030 1
363 1087 8
7598 4244 2
4244 2803 1
2803 1033 1
7607 5927 1
352 5927 1
5927 1575 1
3199 1033 1
1033 7598 1
5959 1033 1
1033 1337 1
1337 3370 2
1660 6872 1
1033 6872 3
7297 1491 2
1491 2192 2
6872 1561 1
1561 1491 1
1491 2431 2
2431 5978 1
5978 1577 1
1577 6901 1
6901 6457 2
7607 1167 2
1167 6770 1
6770 2046 1
6025 7449 1
7449 1430 1
7607 712 3
2176 5281 1
5281 769 1
769 3959 1
3959 7607 1
1167 2752 1
1233 5844 2
2009 5458 1
162 2099 1
3332 2312 1
7607 3893 2
3893 7623 1
2932 5444 1
5444 1337 1
1337 1757 1
1757 678 1
3671 1578 2
1578 7423 1
7423 6454 1
1033 1561 1
1561 156 1
156 1334 2
2431 5961 1
6142 1240 1
1240 6461 1
6462 5379 2
5379 6786 1
6786 3387 1
3387 1506 1
1506 7607 6
7607 407 4
407 1419 1
5959 1492 1
1492 979 2
979 6901 1
7600 2811 4
2811 2965 1
2965 2043 1
2043 7621 1
3282 1246 1
1246 7390 4
3673 3771 2
3771 3600 1
7598 6655 1
6655 3206 1
3206 4229 1
4229 1087 1
795 3926 1
3926 1225 1
1225 6625 4
6625 2932 1
3282 1577 1
1577 7390 1
7390 6744 2
7390 6625 1
6625 1298 1
7447 5970 2
3411 5867 1
5867 5443 1
5443 3233 1
3233 637 1
637 3926 1
3926 5832 1
5832 451 1
451 7600 1
7600 2068 1
2068 7600 1
4229 156 1
156 2099 1
2099 3233 1
3199 6428 3
6428 3803 1
3803 7607 3
7607 5422 3
5422 3803 1
3803 3387 1
3387 6142 2
3199 2043 5
2043 6901 1
5832 7617 1
7617 5983 1
5983 7607 1
6448 6249 1
6249 5832 1
5832 1523 1
2030 892 2
892 772 1
772 6428 3
6428 3387 1
7607 3346 1
3346 2890 1
2890 7607 1
7607 6541 1
6541 2176 1
2176 2478 1
2478 3414 1
3414 520 1
7607 6113 1
6113 7607 1
275 5422 1
3671 156 2
156 2910 1
2910 4487 2
4487 4434 1
4766 5844 1
5844 4488 1
4488 1087 1
6655 4011 1
363 795 5
795 7607 4
4649 4362 1
4362 4229 1
162 6858 1
1028 3582 2
3582 4011 1
4011 272 1
2030 2772 1
2772 6730 1
6730 3431 1
3431 7445 1
7445 2910 1
2910 3264 2
3264 2717 1
2717 3387 1
3387 4487 2
4487 2996 2
2996 4649 1
4649 3414 1
3414 299 1
299 1639 4
2030 6125 1
6125 1639 3
2910 7607 3
3673 5093 3
5093 1167 1
1167 510 1
510 5522 1
5522 1 1
1087 1569 1
1569 4011 1
4011 363 1
795 3970 1
3970 214 1
214 2510 1
3199 5300 1
5300 4649 2
7607 4464 2
4464 4229 1
162 772 1
772 3840 1
3840 1 1
3199 6408 3
6408 3414 1
1288 4399 1
4399 1225 1
2030 6516 1
6516 6041 1
6041 2717 1
6645 5832 1
3759 3673 1
4142 1167 1
1167 1368 1
1368 4229 3
363 6995 9
6269 3237 1
3237 3600 1
3600 1087 1
1087 2716 1
2716 6872 1
706 7447 1
3836 3414 1
6725 6872 2
6872 1600 5
363 4233 3
6044 6625 1
6625 7422 1
7422 6142 16
6142 6044 2
6044 6744 1
6744 4488 1
3764 2910 2
2910 6901 2
3671 1575 2
795 6744 2
6744 4423 1
4423 237 1
237 2030 1
516 3789 1
7607 455 1
455 795 1
795 3199 20
5047 4474 1
4474 689 1
689 2169 2
4229 5959 1
5959 2803 1
2803 4296 1
4296 3505 3
3505 1343 1
1343 4296 1
3505 1087 1
1087 3600 1
3600 3673 1
3673 1893 1
1893 1313 1
1313 1238 1
1238 2717 1
2717 1313 1
1313 5832 1
5832 4363 1
4363 6503 1
6503 7445 1
7607 6930 3
7447 472 1
472 3672 1
6995 3069 1
3069 2932 1
6901 6672 3
3836 3760 1
3760 2030 2
7598 3861 2
2009 4865 4
7299 467 1
467 4087 1
4087 3387 1
4760 1087 2
7607 767 1
767 5602 1
467 1087 3
6728 4699 1
4699 7081 1
7081 2030 1
2030 313 1
313 2910 1
2910 121 1
121 7598 1
7598 440 5
440 2910 1
2910 4892 1
4892 1592 1
1592 6872 2
3387 7445 2
516 407 2
407 2910 3
2910 4663 1
4663 3199 1
7300 1846 1
1846 3760 1
3760 6166 1
6166 7607 2
3199 5185 2
5185 5844 1
5844 5128 1
6872 5476 1
5476 4229 1
364 7574 3
7574 6419 1
1250 6655 1
363 1128 2
1128 2932 4
2583 162 4
162 5722 3
5722 2169 3
6775 711 2
6995 691 1
691 5650 1
5650 2030 2
363 5300 1
5300 3431 1
3431 4651 1
4651 6872 1
6672 5766 1
5766 3631 1
3631 2030 1
2030 2632 1
2632 6744 1
6744 275 1
1227 3673 2
3673 1392 1
1298 520 1
520 2910 7
2910 6448 2
6448 4649 1
363 3996 1
3996 2030 1
2030 358 1
358 3891 1
3891 3789 1
3789 2910 3
2910 2932 8
1250 2806 3
2806 3332 1
6215 5159 1
5159 6655 1
3582 7598 2
5313 2603 1
6067 2509 1
2509 6672 1
3836 440 1
440 119 1
3671 5978 3
5978 3272 1
3272 5154 1
5154 678 1
7607 2286 1
2286 2932 1
7600 1448 1
1448 2015 1
2015 364 1
1250 1421 3
1421 516 1
2312 1448 1
1448 5286 1
5286 2807 2
2807 6872 1
2370 7607 4
3970 6263 1
6263 3763 1
3763 6872 1
6872 125 1
125 4651 2
4651 3387 1
3387 7422 1
6142 5832 1
5832 3760 1
3760 7565 1
7565 4233 1
4233 5844 1
5844 4663 1
4663 4330 1
4330 6662 1
6662 6044 1
6044 1492 1
7607 1250 1
1421 4597 1
4597 3673 4
1448 5368 1
5368 2717 1
2717 5959 1
5959 2176 4
6872 2825 1
2825 6662 1
6662 2030 1
4735 7598 2
440 2842 2
2842 2715 3
2715 5368 1
5368 1575 1
1575 6937 1
6937 112 1
3233 4505 1
4505 2932 1
4651 2030 4
2030 6598 1
6598 3673 1
6872 2323 2
2323 2932 1
7598 1843 1
1843 5368 1
5368 6625 1
6207 7607 1
3199 7098 2
7098 3356 1
3600 112 1
3233 3673 1
3673 3947 1
3947 1 1
4229 7455 2
5967 999 1
2030 3364 2
3364 4828 1
7447 3861 1
7447 4795 2
4795 6063 1
6063 2030 2
3349 2030 5
5422 4794 1
4794 4694 3
4694 1575 1
1575 5832 3
5832 2712 1
2712 1090 1
3199 5007 4
5007 1294 1
4896 3356 1
3356 7414 4
7414 3199 3
851 364 2
364 6841 2
6841 2811 3
7447 3686 1
3686 7449 1
7449 902 1
902 5929 1
5929 1414 3
1414 3414 1
2030 3749 1
3749 4826 1
4466 5832 1
2811 2030 4
5967 2555 1
2555 4786 1
4786 4932 1
4932 7447 2
6872 4795 3
4795 4694 1
4694 2030 2
2030 831 4
831 1337 1
1337 5489 1
6872 7455 1
7455 352 1
352 5967 1
7393 5978 1
5978 3332 1
7607 4232 1
4232 352 1
7455 6641 1
5978 3414 1
1 2339 1
2339 6641 2
7447 6731 2
6731 7186 1
7186 4794 1
4694 5468 1
5468 6839 1
6839 4794 1
2030 3335 1
3335 4794 1
4794 6063 1
6063 1 1
1 4987 1
4987 3600 1
1600 6866 1
6462 782 1
782 2932 1
2879 3380 3
3380 3803 1
3803 4887 1
363 2656 1
6690 718 1
363 4794 1
4794 2176 2
2176 3635 1
3635 6394 1
6394 7607 1
7481 1337 2
1337 6655 1
7607 3575 1
3575 3671 1
3671 3359 1
7607 4505 1
4505 1337 2
1966 1033 1
1033 7447 2
3673 6995 4
519 1087 1
1087 6720 1
6720 3671 1
586 4346 1
4346 2402 1
462 6744 1
6744 3403 1
3403 6771 1
6771 3121 1
3121 7607 1
6995 6109 2
6170 467 1
467 5504 1
5504 2030 2
2030 6336 2
6336 364 1
7449 4686 1
162 1575 1
3673 5046 2
4754 3673 1
3673 7178 1
7178 7607 1
4686 352 1
352 3505 1
3505 2932 3
4229 3414 1
2030 1970 6
1970 1600 1
3673 3618 2
3618 1033 1
1033 2641 1
2641 7598 1
363 7558 1
7558 3954 1
3954 1357 1
1357 7598 1
7598 2949 3
2949 6366 1
6366 6457 1
6457 1338 1
1338 1337 1
3370 6872 1
1660 4826 1
2910 1693 1
3431 1302 1
1302 7598 3
363 3277 1
3277 1466 1
1466 4244 1
4244 1250 2
295 1337 1
2879 5233 1
5233 2932 2
4026 4006 1
4006 4031 1
4031 2030 1
2910 7255 2
7255 1302 1
7449 3896 1
2780 5927 1
7556 3671 1
7447 5233 1
4229 1579 1
1579 1250 1
2806 7598 1
6641 2833 5
3671 7300 1
352 6995 1
2780 2312 1
2312 5650 2
5650 2910 2
1337 3757 1
3757 6871 1
6871 5105 1
5105 4229 2
4229 4826 2
1301 5203 1
5203 5936 1
5936 482 1
364 7001 1
7001 7449 1
6428 2839 1
363 7016 1
2169 1321 1
476 2910 2
2910 4709 1
5832 3581 1
3581 2189 1
2189 1128 1
1128 1235 1
1235 364 3
364 2068 2
2068 2932 1
3893 364 1
7449 5664 1
5664 3431 2
3431 1128 1
1128 728 2
7607 754 3
754 2932 1
5722 7390 1
2431 1742 1
1742 6014 1
6014 5832 1
6411 6044 1
4488 7600 2
7600 1128 4
1128 2174 1
2174 3332 1
3332 678 2
678 1512 1
1512 1 1
2192 7598 6
7598 1128 5
1128 2825 1
2825 4385 1
4385 1225 1
1225 7005 1
7005 2339 1
2339 6872 1
6872 2996 3
2996 1575 1
6872 1579 4
1579 7302 1
7302 4586 1
4586 363 1
363 5124 2
5124 2169 5
6641 6952 1
6952 7447 1
3199 4698 3
7607 442 8
6993 5572 1
5572 3387 1
3380 6127 1
6127 1128 1
1128 2949 1
363 2174 1
2174 4346 1
2910 2810 1
2810 1579 1
3600 1128 2
7299 3723 1
3723 4686 1
3199 4686 1
4686 4828 1
363 947 1
947 5638 1
5638 1337 1
7447 621 2
621 2174 1
2174 3364 1
7607 4500 2
4500 3431 2
2169 7166 2
2910 5128 3
2420 2583 1
162 6901 1
7607 2765 1
2765 3600 1
3600 4421 1
4421 6901 1
1337 6730 4
2910 5286 1
2807 2174 1
6860 6775 1
6775 3411 1
3411 1 3
1087 3954 4
3954 3199 1
1033 119 1
119 3233 1
363 6963 1
6963 7607 1
711 2009 2
7600 2324 1
2324 1164 1
1998 1579 1
5967 3414 4
3414 1337 2
1337 7297 1
519 6775 1
6775 1996 1
2324 7302 1
3199 4677 2
4677 6872 1
539 1033 1
1600 3199 4
2009 3199 5
3199 7094 1
7094 5967 1
5967 1639 3
2910 7628 1
7628 6937 1
6937 6901 1
162 5905 1
5905 586 1
586 3570 1
3570 1 1
1 4777 1
4777 1204 1
1204 586 1
586 2822 1
2822 2162 1
2162 5832 1
5832 2174 1
2174 772 1
363 2379 2
2379 2910 2
3524 4595 1
4595 3199 1
363 6215 2
6215 2163 1
2163 2169 1
162 3223 1
363 2370 1
2370 465 1
465 4229 1
4229 5332 1
6708 3199 2
3380 1492 4
1492 2176 1
2176 1399 1
1399 6685 1
3896 3017 1
3017 364 1
4705 3026 1
3026 2174 1
2174 467 1
2910 5309 1
5309 364 1
7373 2852 1
2852 6759 1
6759 7449 1
7449 363 3
363 5887 2
5887 1364 1
1364 4944 1
4944 5450 1
5450 1 1
364 6574 1
6574 2910 1
4229 7389 1
3199 3635 4
3635 2910 1
2910 1416 2
1416 6507 1
6507 3199 1
6142 1225 1
2030 3349 2
3432 3861 1
363 5221 1
5221 1996 1
2324 2192 1
2192 1600 6
1600 6215 2
6215 363 2
363 6735 1
6141 2910 2
2910 5782 1
5782 2932 1
2932 6567 1
6567 2030 1
7598 3035 1
3035 352 1
352 1579 5
1579 115 1
1579 4553 1
3199 6316 3
6316 352 1
4628 7406 1
6462 3525 1
3525 7447 1
2910 1294 3
3762 2176 3
6744 5226 1
5226 4238 2
4229 575 1
6160 2529 1
2529 7389 1
7449 442 1
1506 4504 1
4504 7389 1
7389 2312 2
2312 3373 1
363 4257 1
4257 2176 1
352 3836 2
7598 2879 7
2879 2960 2
4334 2162 1
2162 2312 1
5413 2932 2
4229 769 1
2510 1579 1
438 7447 1
7447 145 1
145 6822 1
6822 1996 1
2324 4754 1
4754 467 5
467 7447 6
7600 1996 1
2324 2910 1
2910 3158 1
3158 4277 1
4277 1575 1
1575 363 1
363 7442 1
7442 1238 1
2030 7005 1
3672 5163 1
5163 2910 2
1579 3556 1
3556 2644 1
2644 2839 1
2839 2529 1
2529 2932 1
4229 5128 1
3199 756 5
756 5128 1
5128 4229 1
1 4828 5
4828 5226 1
4238 7365 1
7365 6815 1
6815 5832 1
2637 3410 1
363 137 1
137 2030 1
3970 6894 1
6894 1 1
7598 4754 1
4754 6860 1
6860 5851 1
5851 6063 1
6063 7558 1
7558 3199 2
520 3974 1
3974 162 1
162 3199 1
2879 3707 1
3707 5668 1
5668 363 1
3970 4510 1
678 386 1
5722 2043 1
2043 4026 1
4026 2910 1
1727 7227 3
7227 2030 4
3671 1774 1
1774 5832 1
5832 4026 6
4026 3556 1
3556 4026 1
4026 2431 2
4471 238 1
2169 2910 5
402 3865 1
3865 2125 1
2125 1065 1
1065 2780 1
2780 2755 1
2755 2204 1
2204 3387 1
3410 5372 1
5372 5379 1
5379 4244 4
4244 7200 1
7200 3104 1
3104 2910 1
2910 6170 7
2176 5424 2
5424 4026 2
4026 3387 2
3671 5501 1
5501 4521 1
238 3671 1
2043 5379 2
3673 7371 2
7371 6641 3
7449 4766 7
4766 2176 2
2176 238 2
238 3673 1
2879 5249 1
5249 3199 1
3199 1939 1
1939 2115 1
2115 1162 1
2338 3882 1
3882 1448 2
1448 3789 1
3789 4229 1
6728 2668 1
2668 958 1
2030 7305 3
3970 3781 1
3781 3414 1
678 4026 1
4026 4980 1
3671 3401 2
3401 855 1
855 3557 1
3557 7565 1
5249 2932 3
2932 629 2
629 3789 2
3789 3194 2
1506 1679 1
1679 7598 1
275 4026 3
2030 2043 2
2043 3671 2
3671 359 2
359 6141 1
6141 7476 1
7476 6869 1
6869 3637 1
3637 5829 1
5829 5906 1
5906 2030 1
404 3671 4
3671 916 1
916 4073 1
4073 2910 1
2910 3589 1
3589 2030 1
2030 6524 1
6524 5832 1
5832 7339 2
7339 5830 1
5830 7531 1
7531 5623 1
5623 6757 1
6757 5907 1
5907 2176 1
2176 1410 1
1410 5606 1
5606 2022 1
3671 3589 1
3589 3403 1
2030 280 1
280 2959 1
2959 5379 1
5379 2982 1
2910 5510 1
5510 2469 1
2469 1733 1
1733 1963 1
1963 7449 1
7449 3770 1
3770 2747 1
2747 4803 1
4803 293 1
293 1865 1
1865 4013 1
4013 2030 2
6725 711 6
711 2176 6
1337 5881 1
5881 364 3
586 5832 1
6503 1 4
1492 4026 1
4026 5249 2
5249 5379 2
7406 4229 1
4229 5470 1
5470 3671 1
7574 7607 1
7607 3424 1
3424 2030 1
6448 3718 1
2932 5851 1
5851 1367 1
1367 4828 1
363 5249 1
5249 6816 1
6816 2338 1
7299 3763 2
275 2780 2
718 2879 1
2879 5191 1
5191 4346 1
586 2811 1
7607 5191 1
5191 440 1
440 4607 1
4607 2811 1
7607 4774 1
4774 890 1
890 2932 1
4282 6641 1
2176 7470 1
3199 1714 1
1714 7607 1
7607 959 1
959 4346 1
4346 5851 1
5851 4407 1
4407 3929 1
3929 2030 1
2030 3832 1
3832 6708 1
6027 1 1
1 4026 1
4026 2370 1
2370 6234 1
6234 5399 2
5399 2747 1
2747 364 1
364 7284 3
7284 7406 1
7406 1321 1
1321 5982 1
5982 4754 1
2176 3770 1
3770 3673 1
7447 4026 2
4026 3370 1
3199 1652 2
1652 3431 2
3431 4231 1
4231 2030 1
6995 364 1
364 2882 2
2882 3199 1
524 7303 1
1579 6170 1
7607 1318 1
1318 5468 1
5468 3641 1
3641 1337 1
1337 3387 4
3802 6728 1
7607 7175 1
1639 1448 1
1448 2431 1
2431 1709 1
1709 7607 1
7607 4521 4
7607 95 1
95 364 1
162 6732 1
6732 3672 1
3672 4073 1
6088 1774 1
6708 3099 1
3099 2169 3
2169 2583 1
7598 3630 1
1966 6101 1
6101 6708 1
6708 4887 1
4278 2030 2
7598 3097 1
3097 6708 1
6708 6101 1
6101 2932 1
5668 1246 1
364 1361 1
2030 549 1
549 6641 1
5047 800 1
800 1415 1
7607 220 1
220 1373 2
874 7607 1
5967 4875 1
4875 3380 3
3380 3387 1
3387 5249 2
5249 3991 1
3991 4244 1
4244 3319 1
3319 2780 1
2780 5832 1
7607 3162 1
2932 275 1
275 6455 1
6455 300 1
1425 2046 1
1246 7222 2
7222 2431 1
6685 3199 1
1774 7607 1
7299 3482 1
3482 3671 1
3387 936 1
936 7339 1
7339 5930 1
5930 6241 1
618 2030 4
2030 2563 1
2563 2945 1
2945 2932 4
7607 221 1
221 5736 1
3199 6823 1
6823 5832 1
2780 7594 1
7594 7406 1
7406 4586 2
4586 2513 1
2513 1693 1
1693 2046 1
3643 3199 3
3199 943 1
943 1097 1
1097 6720 1
6720 5711 1
5711 2510 1
7607 2510 1
7607 1345 1
1345 1331 6
1331 6625 2
6625 7447 2
2996 6625 1
6625 7607 9
5313 7299 2
7299 5249 1
2807 3387 2
3387 6241 1
3199 5398 1
5398 1 1
1 1941 4
6872 7542 1
7542 1966 1
1966 6641 1
6641 4510 2
4510 3411 4
3199 7542 1
7542 6625 1
7607 7077 1
3342 3420 1
3420 2512 1
2512 1727 1
1727 5898 1
5898 2176 1
1957 1345 1
6744 2715 1
2715 6166 1
6166 1575 2
6872 3349 1
3349 288 2
288 3387 1
3199 1259 2
1259 6483 1
6483 1028 1
1028 6483 1
6483 7588 1
7588 2512 1
2512 5487 1
5487 244 1
6745 2030 6
5086 5801 1
5801 1345 1
1331 5832 1
1577 2512 3
2512 3332 1
6625 3373 1
3373 6690 1
1425 1945 1
1945 7390 1
5898 6775 1
1600 1102 1
1102 1678 1
1678 6923 1
6923 5908 1
5908 192 1
192 6872 1
6872 6461 2
6461 1510 1
1510 1225 1
2616 6901 2
6872 7302 3
7302 2222 2
2222 5673 1
5673 4779 1
5908 2932 1
4559 6901 1
6901 789 2
789 1256 6
1256 244 1
244 1575 1
795 5832 4
6745 1151 1
1151 6447 1
6447 2932 2
2780 772 2
772 1151 3
1151 3414 2
3414 1345 1
1331 2009 1
2009 2616 2
6872 7519 1
7519 3332 2
6625 3370 1
3370 3431 1
3199 6168 7
6168 6641 1
6641 2879 1
363 7598 6
1 2879 9
2030 3332 1
3414 363 1
772 2979 1
2979 980 1
980 684 2
684 1345 1
1331 2030 1
3199 6382 4
6382 2043 1
2043 2752 2
2752 1575 1
2512 5406 1
5406 3762 1
3762 4503 1
4503 1575 1
3671 4523 1
4523 3671 1
3671 1883 1
1883 3414 1
2043 6744 1
6744 2752 1
2752 3813 1
3813 1256 3
1256 5844 1
5844 2638 1
2638 3147 1
3147 7449 1
7449 5262 1
5262 6170 1
6382 1225 1
4971 467 4
467 1604 2
1604 7607 1
2752 6548 1
6548 7479 1
7479 1639 1
1639 7479 1
2030 2489 2
2489 3356 1
1964 6744 1
6170 5929 1
5929 6004 2
6004 6241 1
6241 2861 1
2861 6641 1
2176 7390 3
3387 6125 1
4244 5429 3
5429 2312 1
7607 4423 1
2169 6815 1
6815 300 1
300 6549 1
6549 7607 1
1425 3889 1
3889 2030 1
2030 3876 1
3876 769 1
769 1896 1
1896 1875 1
1875 2030 2
2030 1704 2
1704 7607 1
7607 6122 1
6122 6734 1
6734 1256 1
3279 4521 1
4521 2513 1
2513 3199 1
6044 3414 7
678 6690 1
6690 1389 1
1389 5327 1
1097 7607 6
5959 7303 1
7303 1506 1
3672 2949 1
2949 3908 1
3908 5908 1
7428 2811 3
2811 772 1
3673 1073 1
3673 6824 1
6824 5785 1
5785 2893 1
2893 5832 1
5801 3095 1
3095 2932 1
2879 4277 1
4277 467 2
467 1716 1
1716 6460 1
6460 363 1
363 5975 1
5975 1090 1
1090 7517 1
7517 1263 1
1263 1492 1
1492 1090 1
6817 2099 2
275 772 1
772 6533 1
6533 2030 4
2449 2030 6
2030 4962 1
4962 5975 1
5975 2587 1
2030 4503 1
4503 3672 2
3672 1246 2
1246 2852 1
2852 1614 4
1614 2431 2
2879 2176 2
6125 5501 1
5501 6461 1
6461 1334 23
1334 1087 2
6641 6690 1
6690 2173 1
2173 772 1
4735 788 1
788 2176 1
620 6461 1
1334 1817 1
1817 1256 3
1256 1705 1
1705 1875 1
1704 2030 1
2030 415 9
415 2852 1
2852 7390 8
7390 2163 1
2163 580 1
580 1425 1
1425 564 1
772 4753 2
273 1145 1
1145 5832 1
5832 3392 2
3392 5448 1
5448 2311 1
2030 6249 3
6249 364 1
6947 2431 1
363 569 1
569 3523 1
3523 2046 1
3643 4079 1
4079 6471 1
6471 1 1
364 258 1
258 3643 1
3673 4412 2
4412 5908 1
5908 3574 1
6125 2030 3
6044 3332 6
3199 7519 1
7519 364 1
3282 3332 1
3380 7520 1
7520 4826 1
7447 2991 1
2991 7607 1
3199 3454 1
3454 1575 1
7607 3554 2
3554 3332 1
7607 3734 1
3734 4828 1
3671 1518 1
1518 6866 1
6866 3380 1
1506 7598 2
5313 7449 1
7449 6985 1
6985 4887 1
7485 6901 1
4244 2234 1
2234 1 1
6744 3990 1
3990 6223 1
6223 2030 1
4735 3671 1
2176 1425 4
3387 6461 2
6461 2587 4
2587 1087 2
6872 5861 1
5861 121 1
121 5273 1
5273 1368 1
1368 3379 2
2030 2949 2
2949 5212 1
5212 7598 1
440 5827 1
5827 7607 1
4466 6728 1
6728 6461 2
1087 192 1
192 7598 1
363 3234 1
3234 5865 1
5865 6087 1
6087 2030 2
5086 3671 1
3671 7384 1
4483 1225 1
1225 4831 1
4831 2805 1
2805 1 1
1 795 3
795 1278 1
1278 2512 1
2512 6595 1
6595 5487 1
5487 74 1
74 2030 6
5844 74 1
74 516 1
7598 2702 2
2702 5169 1
5169 2030 1
3671 2843 1
2843 3594 1
3671 2990 2
2990 7452 1
7452 2046 2
2046 6672 1
6672 6586 1
6586 4217 1
4217 74 1
74 363 3
2842 5755 1
5755 1090 1
1090 6819 1
7433 3387 1
3387 3279 1
3279 947 1
947 7607 2
3600 5791 1
5791 2030 10
2030 6260 2
6260 1877 1
1877 3671 1
3671 1977 1
6693 2525 1
2525 1057 1
1057 1 2
1492 5802 3
5802 1311 1
1311 5801 1
5801 630 1
630 3671 1
1 7519 1
7519 1966 1
1966 3332 5
3332 7447 5
363 2650 1
2650 6797 1
6797 2555 1
352 2193 1
2193 4361 1
4361 7607 1
5129 772 1
772 5660 3
5660 1 2
1 244 2
244 1087 1
3414 74 1
74 6872 1
1416 3199 3
2043 7447 1
3673 7121 2
7121 352 2
467 6051 1
6051 4768 1
4768 1225 1
3199 4505 2
4505 2030 1
3970 3347 1
3347 7607 2
718 1902 1
1902 2030 1
3368 7607 1
1227 3860 1
3860 3380 1
3380 74 1
74 1106 1
1106 1087 1
1087 6449 3
6449 6872 1
1579 3860 1
3860 3199 1
176 467 1
467 5929 9
711 6690 1
6690 3897 2
3897 2030 3
2176 2743 1
2743 6872 1
2910 4413 3
2360 3671 2
3671 1243 2
5929 5790 1
5790 2046 1
2046 1191 1
1191 7291 1
7291 2535 1
2030 7555 1
7555 2030 2
2990 3673 2
3673 4521 2
7607 3593 1
3593 3671 1
3671 6411 2
6411 2176 3
7607 1957 2
1957 3387 2
7121 6044 1
5177 1105 1
1105 6288 1
6288 2030 1
2030 2852 2
2852 2478 1
2478 2431 1
3671 6809 1
1301 4519 1
6411 7607 4
363 2841 1
2841 2312 1
2312 4317 1
4317 5908 1
1622 3431 1
6168 1 1
6872 6942 1
6942 1087 2
7607 6942 1
6168 3414 1
2879 6942 1
6942 7598 1
7598 407 1
407 6641 1
6641 2584 3
2584 2192 1
2192 5908 1
5908 6409 1
5455 2689 1
2689 7607 1
1028 1225 1
1225 364 2
6685 678 1
678 1028 1
1028 3414 1
363 1941 1
1941 1600 2
6409 678 1
678 7445 1
7445 407 1
407 7598 7
7598 1686 1
1686 5489 1
4663 6166 2
6872 1416 1
1416 1966 1
1966 5191 2
5191 3762 1
3762 6269 1
6269 2910 1
2910 7460 1
7460 5199 1
711 5978 1
7537 3332 1
3332 1801 1
1801 1 1
1577 6241 1
6241 6901 2
1577 3672 1
3672 2267 1
2267 364 4
2030 5089 1
5089 7574 1
7574 6483 1
6483 6744 1
6744 315 1
315 6872 1
6872 2685 1
2685 5168 1
5168 4244 1
641 1294 1
772 7600 12
7600 1068 1
1068 7630 1
7630 5587 1
5587 6699 1
6699 3199 1
2879 1225 2
7607 2743 1
2743 1879 1
1879 7445 1
7445 352 5
352 4262 2
4262 7600 2
5258 7555 1
7555 4487 1
2996 2990 1
3673 7303 1
7303 2030 3
7300 6990 1
3970 1596 1
1596 6872 1
6872 1151 1
1151 2555 1
2555 4753 1
4753 6454 1
6454 576 1
576 1364 1
5024 7290 1
7290 2701 1
2599 7290 1
7290 6306 1
6306 2732 1
2732 2030 2
2030 4045 1
4045 2030 1
3380 7297 3
756 74 1
3671 2743 1
2743 2030 3
3673 2479 1
2479 3234 1
3234 2431 1
2431 7016 1
7016 2030 5
2030 3432 8
3432 1277 1
1277 2532 1
2532 1062 1
1062 6835 1
6835 772 1
772 2532 1
2532 2030 1
268 1277 1
363 1765 1
1765 364 1
5832 5648 2
5648 627 2
627 772 3
3673 5662 1
5662 7607 2
5658 2176 4
2176 1628 1
1628 5832 1
5832 3836 1
467 5994 2
5994 2932 1
2932 2702 3
2702 7207 1
1064 50 1
50 2030 1
2842 6011 1
6011 2772 1
2772 6905 1
6905 2046 1
851 1790 1
1790 2030 1
5281 125 2
125 465 2
465 1 2
196 3896 1
3896 3672 1
3672 5594 1
5594 2030 1
6730 5281 1
1 6775 9
6775 2030 15
2030 2873 1
2873 7055 1
2030 3774 4
3774 7447 1
6269 5171 1
5171 467 1
6248 772 1
7447 3762 1
3762 4828 1
7447 7207 1
7207 2910 1
3199 5084 2
5084 2030 1
4484 386 1
2932 4005 2
4005 2030 1
2030 3981 2
3981 1966 1
2879 1628 1
1628 6901 1
3673 6080 2
6080 1934 1
1934 6866 1
4875 5650 1
4753 6370 1
5832 74 3
74 1 3
7167 5308 1
6725 7445 1
4262 6260 1
1660 2176 2
5261 7339 1
7365 6448 1
6448 742 1
742 1 1
2312 5308 2
5308 74 1
74 7607 2
6872 7057 1
7057 6069 1
6069 6142 1
6142 4244 1
4244 329 1
329 1225 1
6207 6145 1
6145 2842 1
2842 2108 2
2108 1087 2
7607 204 1
204 3431 5
3431 1744 6
1744 7447 4
6207 1087 1
3671 2555 1
1087 4697 1
4697 1345 1
1331 6744 1
440 1087 5
1087 6408 1
6408 1 1
6872 6207 1
6207 7598 2
6645 5316 2
5316 2108 1
2108 7449 1
3671 6145 1
6145 6641 1
6641 6428 2
6428 3199 1
3199 4383 1
4383 7607 1
7607 4821 2
4821 1822 1
1822 5967 1
7598 2108 1
2108 4828 1
7447 407 2
407 2512 1
2512 2879 1
2879 6411 1
7299 5832 1
3673 3744 1
3744 2030 1
2030 891 2
891 3671 1
6141 1230 1
1230 5007 1
3970 6119 3
6119 5994 1
5994 2030 5
6119 1425 1
1425 6730 1
6645 2449 1
6645 5783 1
5783 1425 1
1425 2431 2
6507 352 1
352 1639 2
2932 789 1
3199 1608 1
1608 7571 1
7571 2030 1
3199 1310 1
1310 5832 1
5832 2325 1
2325 5726 1
5726 1 1
1 2753 1
2753 5811 1
5811 2431 1
2431 3418 3
3418 4296 1
4296 2176 1
364 1131 1
1131 1425 1
364 1143 1
1143 3199 1
363 2473 1
2473 3356 1
3356 1233 2
1233 5041 1
5041 2473 1
2473 1 3
1128 6393 1
6393 2030 1
2030 5830 1
364 1145 5
1145 6507 1
6507 2473 1
2473 2206 1
2206 363 1
363 576 3
576 879 1
879 2277 1
2277 2030 1
2030 2277 1
2277 718 1
363 7441 3
7441 2030 1
2030 2453 1
2453 4828 1
3673 4578 1
4578 586 1
2030 3161 1
3161 1492 1
1492 2277 1
2277 711 1
3673 4393 1
4393 2453 1
2453 2450 1
2450 6775 1
7447 3023 1
3023 2270 1
2270 6269 1
1128 2346 1
2346 363 1
363 2753 1
2753 6645 1
6645 6742 1
6742 7447 1
352 833 1
833 7337 1
7337 302 1
6007 2207 1
2207 1448 1
1448 6507 1
6507 7375 1
2932 3361 1
3361 7374 1
7374 6469 1
6469 7359 1
7359 363 1
3117 1128 1
1128 1 3
1 4775 1
4775 363 1
363 2493 1
2493 2079 1
2079 6300 1
2030 6064 1
6064 3671 1
524 2176 3
2176 2251 1
2251 2749 1
2749 363 1
3970 5175 5
5175 6166 2
7600 7375 1
7375 6712 1
6712 1 1
2115 6162 1
6162 7447 1
7447 1656 1
1656 2193 1
2193 6519 1
6519 2734 1
2734 2030 1
2030 4869 1
4869 3673 1
4994 364 2
3673 5088 1
3189 203 1
203 5468 1
5468 4608 1
4608 4447 1
4447 4521 1
6025 2842 1
2842 7286 2
5219 352 1
2192 1302 3
1302 4244 1
6503 7365 1
7365 6507 1
6507 273 1
273 1789 1
1789 4701 1
4701 5959 1
2046 7385 1
7385 712 1
712 1050 1
1050 2030 1
2030 7626 1
7626 5620 1
5620 604 1
604 3600 1
3600 4701 1
4701 6507 1
6507 7204 1
7204 2437 1
2437 1 1
1 604 1
604 1492 1
1492 7204 1
7204 6243 1
6243 2030 1
3673 2983 1
2983 3673 1
3673 4206 2
4206 3387 1
3199 3848 1
3848 5788 2
5832 5851 3
5851 5456 1
5456 518 1
518 3673 3
4206 6230 1
6230 4503 1
4503 7600 1
7600 7558 6
7558 363 1
363 3320 3
3320 5623 1
5623 273 1
273 409 1
409 2046 1
2046 2499 1
2499 1349 1
1349 2114 1
2114 2932 1
6486 4775 1
4775 2360 2
2360 6507 1
6507 7295 1
7295 7204 1
7204 2396 1
2396 5832 1
5832 7608 1
7608 39 1
39 4158 1
4158 2030 1
2030 540 1
540 2431 1
363 1111 1
1111 2453 1
2453 2030 2
2030 1637 1
1637 2030 1
2449 3150 1
3150 3387 1
3199 3150 3
3150 4828 1
363 3793 1
3793 2539 1
2539 2030 1
6655 523 1
523 156 1
156 1050 1
1050 2099 1
7453 6655 1
6655 1579 3
1579 6486 1
6486 363 2
363 4551 2
4551 2449 1
2449 2288 1
2288 5832 1
5832 3117 2
3117 2932 1
3672 2452 1
2452 3735 1
3735 5832 1
5832 5644 2
5644 2499 1
2499 2030 1
5832 7331 1
7331 2175 1
2175 621 1
621 3673 3
7447 4618 1
4618 3672 2
3672 5379 3
5379 2046 2
2046 7216 1
7216 6655 1
363 6642 1
6642 2030 3
2030 2303 1
2303 17 1
17 6145 1
6145 2932 1
2171 6947 1
6947 6486 1
6486 3600 1
363 273 1
273 7199 1
7199 195 1
195 5832 1
5832 2733 1
2733 2238 1
2238 3600 1
3600 363 6
363 6518 1
6518 4183 1
4183 5177 1
5177 7390 1
2431 315 1
315 5994 1
5994 6744 1
6744 364 3
3199 1088 2
1088 4865 1
4865 7607 2
7607 7371 2
7371 4872 1
4872 7600 1
363 2122 1
2122 3387 1
3970 4669 1
4669 1579 1
363 1242 1
1242 1493 1
1493 4590 1
4590 769 1
769 2449 1
2449 482 1
2030 6478 1
6478 3387 1
7607 6478 1
6478 3199 1
7442 1579 2
363 5732 1
5732 1036 1
1036 2296 1
2296 2030 1
4826 5987 1
5987 2613 1
2613 1411 1
1411 1009 1
1009 1028 1
1028 6044 1
6044 772 3
2996 1294 2
1294 2312 4
2312 7390 2
7390 1649 1
1649 2099 1
2099 7055 1
7055 363 1
6655 2846 1
2030 7339 2
7339 2546 8
2546 1492 2
1492 2303 2
2030 6507 4
6507 2449 1
2449 4226 1
4226 6547 1
407 6260 1
6260 7339 2
7339 1 1
3199 5211 1
5211 364 1
364 6007 1
6007 2030 1
2030 5265 1
5265 2176 1
6461 2394 1
2394 2932 1
6471 6901 1
3673 541 2
541 2237 1
2237 772 1
275 382 1
382 1225 1
1225 2576 1
2576 6426 1
6426 7550 1
7550 2725 1
2725 2030 1
3600 3023 1
3023 4428 1
4428 1292 1
1292 4826 1
4826 6655 1
3320 2230 1
2230 5747 1
5747 6251 1
6251 5959 1
3673 1469 1
1469 2431 1
2431 7055 2
7055 2312 1
467 5436 1
5436 1090 1
1090 3673 1
363 3306 1
3306 3356 1
2046 2237 1
2237 2431 1
520 4949 1
4949 2198 1
2198 7476 1
7476 7393 1
7393 5092 1
5092 2932 3
3600 2238 1
2238 363 6
3117 1614 1
7003 7476 1
7476 4217 1
4217 5832 3
5832 4891 2
4891 4407 1
4407 2030 1
5832 346 1
346 712 1
712 2224 1
2224 2932 1
6007 5803 1
5803 2030 2
275 7476 1
7476 7401 1
7401 4856 1
2932 7413 1
7413 5832 1
5832 7476 2
7476 784 1
784 2030 1
5832 6754 1
6754 156 1
156 7576 1
7576 4067 1
4067 3044 1
3044 7476 1
7476 6705 1
6705 2030 1
364 2484 1
2484 7476 1
7476 6867 1
6867 2176 1
2176 1423 1
1423 2030 1
3672 6507 4
6507 1719 1
1719 4346 1
4346 4211 1
4211 2033 1
2033 3465 1
3465 4902 1
5802 3431 1
3431 2986 1
2986 2204 1
3672 1492 2
5802 5920 1
5920 2030 1
3672 1311 2
1311 156 1
156 3407 1
3407 4216 1
4216 2030 1
2030 5741 1
5741 2030 1
4346 2238 3
363 6044 12
6044 6996 2
6996 6872 2
6872 2948 1
2948 2636 1
2636 7607 1
7607 6939 1
6939 2932 1
1492 2238 1
363 2852 2
2852 2587 3
2587 5832 1
5832 1942 1
1942 2260 1
2260 627 1
6655 3673 2
3673 7001 1
7001 5962 1
5962 1161 1
1161 4856 1
2932 6386 1
6386 6547 1
3672 4209 3
4209 364 1
364 4216 1
4216 1 1
3672 386 1
6769 2588 1
2588 2931 1
2931 5387 1
5387 2030 1
6044 3370 1
7116 3253 1
3253 7436 1
7436 6672 1
6672 6939 1
6939 1579 1
363 2081 1
2081 2852 1
2587 2431 1
3643 1073 1
2932 2675 3
4244 3672 4
3672 2634 3
2634 6709 1
6709 6128 2
6128 2030 9
3600 5802 5
5802 363 3
363 5627 1
5627 4196 1
4196 2932 1
2932 6948 1
6948 2431 1
2431 523 1
523 7476 1
7476 6582 1
6582 4170 1
4170 2030 1
3672 5038 1
5038 2169 1
2169 1207 1
1207 2751 1
2751 5832 1
6990 3332 2
6872 6939 1
6939 1419 1
7297 2238 1
2238 3387 2
7607 2169 5
3673 2198 1
2198 1526 1
3199 2588 1
2588 4828 1
7607 354 2
354 3279 1
3279 5671 1
5671 6901 1
3673 2902 1
2902 111 1
2324 772 1
772 3970 2
3970 1584 2
3672 7055 3
3672 6245 1
6245 3117 1
1579 7339 1
7339 7015 1
7015 6645 1
6645 2238 1
2238 1 1
3672 7121 1
7121 5959 1
5959 7628 1
7628 363 1
3672 4814 2
4814 3387 1
4971 3672 1
3672 3151 1
3151 3672 1
2932 2283 4
2283 7297 1
7297 3672 2
1649 2176 1
2312 5451 1
5451 2982 1
5929 2176 1
772 6604 1
6604 2237 1
2237 2030 1
3672 2848 1
2848 1301 1
2030 3410 3
3410 7449 1
363 1402 1
1402 1368 1
4707 4521 2
4521 3672 1
3672 3651 1
3651 7600 1
7600 2238 2
6962 7598 1
363 2080 1
2080 2852 1
364 1363 1
1363 156 2
156 4217 1
627 6508 1
6508 2932 1
2932 4155 1
4155 2874 1
2874 2030 1
2030 1149 1
1149 6412 1
6412 2030 1
3672 1073 1
2030 6128 6
6128 6709 3
6709 6901 4
4244 2634 5
1246 5802 2
363 6100 1
6100 2932 1
1194 2030 3
5802 5341 1
5341 684 1
1246 5341 1
5341 2169 2
2169 2675 1
2675 7598 1
4766 2192 2
2192 4013 1
4013 7297 1
7297 2030 12
6728 6473 1
6473 772 1
3766 5802 1
6995 6044 2
7055 5602 1
7393 7121 3
7121 806 1
806 2030 1
6690 7600 1
2238 541 1
541 364 1
3672 2360 1
2360 2982 1
2982 2057 1
2057 2473 1
2171 1090 2
1090 364 1
1301 3672 1
3672 5770 1
5770 3672 1
3672 6916 1
6916 7330 1
7330 364 1
711 3672 3
363 1668 1
1668 1797 1
1797 6901 1
6901 2852 1
1614 2932 1
2932 2238 1
363 6028 1
6028 2575 1
2575 2634 1
6990 2833 1
2833 363 3
3672 6137 1
6137 4856 1
2932 4040 1
4040 6901 1
6901 1280 1
1280 4971 1
4971 1622 2
363 25 1
25 2030 2
3672 897 1
897 6858 1
6858 3267 1
3267 2030 1
3331 6160 1
6160 2030 3
2030 5540 1
5540 2157 1
2157 3431 1
3431 6697 1
6697 6509 1
6509 2046 1
2046 4966 1
4966 2938 1
2938 2030 1
4826 4193 1
4193 2169 1
3673 6478 1
6478 6253 1
6253 6358 1
6358 7598 1
3970 7297 8
7297 6478 1
6478 678 1
3672 3084 1
3084 5177 1
5177 2715 1
2715 4244 1
2108 6476 1
6476 1245 3
1245 283 3
283 2431 1
2431 7077 1
364 2344 2
2344 2030 2
2030 7159 1
7159 3592 1
3592 7119 1
7119 6476 1
283 3789 1
3789 6086 1
6086 2680 1
2680 6004 1
6004 5710 1
5710 5817 1
5817 2616 1
2616 621 1
621 6427 1
6427 2616 1
2616 2485 1
2485 283 1
283 2906 1
2906 3250 1
3250 3332 1
3332 6476 1
283 2369 1
2369 4785 1
4785 2116 1
2116 5406 1
5406 6004 1
6004 1782 1
1782 3387 1
3199 264 1
264 535 1
535 3199 1
3199 6015 1
6015 2687 1
2687 3331 1
3331 5419 1
5419 1988 1
1988 2520 1
2520 2718 1
2718 2030 1
3199 4664 1
4664 3671 1
3671 5950 1
5950 3199 1
3199 2340 1
2340 364 1
1609 572 1
572 6085 1
6085 6139 1
6139 1526 1
1526 2827 1
2827 283 1
283 404 1
404 663 1
663 2169 1
2169 3205 2
3205 7077 1
1367 2344 1
2344 680 1
680 121 1
121 2054 1
2054 2030 1
2030 586 4
586 3842 1
3842 3671 1
364 5905 1
5905 5595 1
5595 7016 1
7016 2038 1
2038 3789 1
3789 2816 1
2816 6128 1
2030 4166 1
4166 1575 1
1575 7590 1
7590 1201 1
1201 2879 1
2879 6360 1
6360 6645 1
6645 6478 1
6478 2312 1
363 1579 2
1579 7433 1
7433 1090 2
1090 6725 1
6725 1233 1
5032 1368 1
1368 7447 6
3672 1404 1
1404 352 1
352 692 1
692 74 1
74 5658 2
7447 3790 1
3790 6478 1
6478 3672 1
5379 3376 1
3376 3672 1
3672 1233 2
2030 1720 1
1720 3199 1
5154 3671 1
3672 353 1
353 3030 1
3030 6536 1
6536 1 1
5032 2169 1
3672 5748 1
5748 6725 1
6725 5313 1
5313 981 1
981 3672 1
3672 2694 1
2694 1492 1
1492 2030 9
2030 6618 1
6618 1238 1
363 3218 1
3218 2030 1
2879 4193 2
4193 3431 1
6946 7447 1
3672 3356 5
3356 4922 1
4922 2638 1
363 7452 1
7452 4168 1
4168 769 1
2312 7060 1
7060 2893 1
2893 2099 1
2099 7060 2
7060 1614 1
1614 2099 1
7060 5715 1
5715 3672 1
3672 4771 1
4771 5832 1
5929 1241 1
1241 5602 1
7393 6679 1
6679 7120 1
7120 3785 1
3785 3672 1
3672 3022 1
3022 7598 1
7598 1241 1
1241 6332 1
6332 1087 1
6375 4890 1
4890 1411 1
1411 4826 1
4826 7590 1
7590 1 1
4826 1176 1
1176 3600 1
3600 6744 2
6744 5468 1
5468 4772 1
4772 5602 1
5602 7590 1
7590 2030 1
3672 1884 1
1884 2932 1
2932 5748 1
5748 2169 1
2169 7198 1
7198 4540 1
4540 2431 1
2431 1957 1
1957 7014 1
7014 4754 1
7598 3672 3
3672 6026 1
6026 2070 1
2070 3672 1
3199 1590 1
1590 3387 2
3387 6462 1
6462 7377 1
7377 2030 1
728 7055 1
7055 121 1
121 2312 1
3672 2238 1
2238 5669 1
5669 7607 2
354 3281 1
3281 1989 1
1989 2932 1
7179 364 2
3672 355 1
355 2361 1
2361 1450 1
1450 3672 1
3672 25 1
7442 3671 1
7607 3413 1
3413 467 1
7600 5994 2
2030 2931 2
2931 2030 1
2030 1619 1
7449 2755 1
2910 5179 1
5179 7476 1
7476 2438 1
2438 119 1
119 7590 1
7590 2312 1
363 1619 2
1619 6360 1
6360 6478 1
6478 5177 2
5177 467 2
467 4540 1
363 1233 2
1233 3324 1
3324 7447 2
3199 3027 1
3027 3373 1
3373 2510 2
352 6359 1
6359 6478 1
5177 3672 2
6690 2312 2
7055 4887 1
7607 4705 1
4705 843 1
843 2046 3
2046 5967 3
5967 6480 1
6480 3387 1
851 2360 1
2360 7590 1
7590 6276 1
6276 364 1
364 7440 1
7440 2030 1
2030 4735 1
363 5665 1
5665 6641 1
3413 4971 1
7600 2360 1
2360 3199 1
3199 6368 1
6368 6461 1
2587 5844 1
5844 6916 1
6916 2360 2
2360 7303 1
7303 3233 1
1454 2030 1
3672 7371 1
7371 7534 1
7534 6655 1
2030 3556 3
3556 7442 1
7442 5929 1
5929 195 2
195 1225 2
5177 1145 1
1145 2932 1
2932 3643 1
6655 541 1
541 2449 1
2449 1796 1
1796 155 1
155 2030 1
3117 1784 1
1784 5832 1
5832 992 1
992 4244 1
6471 2652 1
2030 6092 1
6092 2043 1
2043 2932 2
2932 588 1
588 6655 1
1579 6507 1
6507 2702 1
2702 6457 1
6457 7230 1
7230 364 1
2431 2949 1
363 1616 1
6076 2030 2
363 3135 1
3135 6166 1
2176 2852 1
2587 4165 1
4165 5475 1
5475 4755 2
4755 1959 2
1959 2030 1
2030 2038 3
2038 2932 3
3282 200 1
200 4346 1
4346 4903 1
4903 6471 1
6471 364 1
2360 363 1
363 3988 1
3988 2030 1
4875 768 1
768 2588 1
4559 2311 1
467 1425 4
363 6223 1
6223 797 1
797 1425 1
1425 6348 1
6348 2046 1
7222 2030 1
275 4150 1
4150 2755 1
4551 2504 1
2504 2030 1
5832 1310 1
1310 4559 1
2115 1301 1
1301 6655 1
6655 6443 1
6443 6486 1
2030 7190 2
7190 3380 1
7297 1 2
2176 6655 1
6655 1148 1
1148 7339 1
7339 349 1
349 553 1
553 4205 1
4205 1298 1
7447 4582 1
4582 1201 2
1201 363 2
363 1334 2
1334 3671 1
1334 5832 2
2030 6644 1
6644 1600 1
2176 1088 2
1088 7297 1
7297 5246 1
5246 1 1
1600 365 1
365 1364 1
1364 7390 1
1364 2669 1
2669 6641 1
1503 1 1
1 3373 1
3199 3904 1
3904 7447 1
5084 2169 2
2169 4056 1
4056 49 1
49 6901 1
3836 6730 1
6730 718 1
7598 7303 1
7303 364 1
364 3283 1
3283 47 1
47 363 1
7393 364 4
364 1477 1
1477 2438 1
2438 4582 1
3970 945 1
945 2030 3
3970 7320 1
7320 2030 1
2030 6533 2
2030 2634 2
2634 6901 2
363 6208 1
6208 125 1
125 2712 2
2712 5805 1
5805 3671 1
3671 1566 1
1566 3192 1
3192 307 1
307 5929 1
5929 7321 1
7321 2634 1
5851 6754 1
6754 1207 1
1207 3397 1
3397 2030 1
2030 3403 1
3403 1220 1
1220 308 1
308 2030 1
2030 4970 1
4970 1057 1
1057 4740 1
4740 6641 1
6641 1066 2
1066 7447 1
6205 6781 1
6781 2046 2
4176 2639 1
2639 6901 1
363 945 1
2030 627 1
627 7476 1
2030 5380 2
5380 2030 2
2030 5920 1
5920 1368 2
1368 4227 1
4227 5802 1
2030 6754 1
6754 2030 1
3671 2171 2
2171 252 1
252 1301 1
1301 2987 1
2987 7441 1
7441 5791 1
2030 4604 1
4604 2425 1
2425 1368 1
6775 156 1
156 7447 1
7447 271 2
271 363 3
6205 1 1
660 3671 1
3671 2987 1
2987 6031 1
6031 7234 1
7234 5832 1
5832 2753 1
5392 6901 1
363 6832 1
6832 2046 1
2046 2453 1
2453 1308 1
1308 5832 1
2933 364 1
3282 3199 1
3356 6688 1
6688 2585 1
2585 3356 1
3356 2222 1
2222 2030 1
3199 4313 1
4313 1102 1
1102 3671 1
3970 1378 3
1378 2030 5
7598 2198 1
2198 7456 1
7456 2030 1
2030 581 1
581 1382 1
1382 2169 1
5967 2115 1
2115 3671 3
3671 7048 1
7048 2030 4
363 5175 7
5175 520 1
3671 908 1
908 6141 1
6141 7512 1
7512 1364 1
1364 4905 1
4905 7219 1
7219 2030 1
2849 5889 2
5889 2086 1
2086 3671 1
3671 308 1
308 7300 1
7300 6375 1
6375 1655 1
1655 2932 1
4826 6990 1
6990 7004 1
7004 364 1
5154 7018 1
7018 7390 1
2176 5967 1
5967 1312 1
1312 3282 1
3282 772 2
772 1311 1
1311 5967 2
5967 5071 1
5071 2030 1
772 2685 1
2685 7449 2
354 5832 1
3556 363 1
363 6141 2
6141 7629 1
7629 6301 1
6301 7607 1
4971 3282 1
3282 2173 1
326 6483 1
6483 7297 1
7297 4329 1
4329 2312 1
3671 4917 1
4917 364 1
364 1180 1
1180 6869 1
6869 6725 1
2932 4586 1
4586 6447 1
6523 6684 2
6684 2030 3
1454 3241 1
3241 4754 1
772 2043 4
2043 2176 2
6125 2312 1
2587 6417 1
6417 7167 1
7167 575 1
575 772 1
772 7443 1
7443 5994 2
5994 748 1
2030 1607 1
1607 3673 1
3673 1378 1
1378 7166 2
7166 2030 6
3199 5836 2
5836 4553 1
4553 3673 3
3199 6013 1
6013 1899 1
2030 244 2
244 3099 1
2169 345 1
345 1028 1
1028 6507 4
6507 1158 1
1158 5026 1
5026 6446 1
6446 1134 1
1134 2030 1
2030 4347 1
1311 6446 1
6446 364 1
1599 4521 2
4521 6775 4
244 5024 1
3673 2284 1
2284 2030 2
1087 1639 3
1639 381 2
381 1972 2
1972 6625 1
6625 1639 1
1972 6560 1
6560 2030 1
6775 7471 1
7471 2264 1
2264 2030 1
2030 212 1
212 2030 1
3673 4201 1
4201 772 1
772 6824 1
6824 1 1
6775 3054 1
3054 2648 1
2648 586 1
2932 5862 1
2030 2222 1
2222 542 1
542 2099 1
2099 7609 1
7609 322 1
322 2932 1
2932 1438 1
1438 5929 1
5929 6446 1
6446 2030 1
1227 7607 5
2030 78 1
78 2030 1
6730 4201 1
4201 1639 1
1639 1972 1
1972 6449 1
6449 244 1
244 363 1
363 6460 2
6460 1 1
6775 779 1
779 3432 1
3432 945 1
945 2449 2
2449 2893 1
2893 3970 1
3970 7532 1
7532 6209 1
6209 7411 1
7411 5832 1
5832 1363 3
1363 7476 2
7476 627 1
627 3673 1
3673 3593 1
3593 5832 1
3393 364 3
156 4603 1
4603 2176 1
2030 3404 2
3404 7530 1
7530 6304 1
7540 4826 1
4826 6125 1
6125 2818 1
2818 7409 2
7409 1250 1
5443 1090 2
1090 945 1
945 1117 1
1117 2030 3
2030 424 1
424 3387 1
1378 1575 1
363 5520 1
5520 3387 1
7598 6162 1
6162 6725 1
6725 3672 3
3672 495 2
495 2879 1
2879 1692 1
1692 7390 1
364 7582 1
7582 6641 1
3672 3836 2
3836 3672 1
3970 2449 1
2449 3672 1
3672 6011 1
2818 6356 9
6356 6730 1
363 2449 3
2449 3387 1
1491 5759 1
5759 3672 1
363 3253 1
3253 2030 1
2030 2480 1
2480 2176 1
2176 1104 1
1104 2030 1
467 1250 1
1250 1090 2
1090 6901 2
2171 7443 1
5994 363 1
363 5929 1
5929 3233 3
3233 1364 1
1364 7114 1
7114 2030 2
6901 74 1
74 6730 2
6730 2842 1
2842 3233 6
3233 6523 1
6523 5004 1
5004 1629 1
1629 4828 1
5007 7449 1
7607 5118 1
5118 3387 1
3233 74 1
711 2932 1
2932 4247 1
4247 6690 1
5994 3387 2
3387 4949 1
4949 3673 1
275 6815 1
6815 6616 1
2030 7590 1
7590 2431 1
7055 6461 1
1334 5084 1
5084 7339 1
2546 7207 1
7207 2030 1
275 6354 1
6354 3233 1
3233 2115 1
2115 2046 1
2046 3657 1
3657 1639 1
5436 2806 1
364 3663 2
3663 6245 1
6245 2837 1
2837 1146 1
1146 452 1
452 2030 1
2030 3762 4
2932 5445 1
5445 1301 1
1301 4189 1
4189 364 1
5722 1301 1
1301 7134 1
7134 6657 1
6657 2030 1
2030 4179 1
4179 364 1
1 477 1
477 79 1
79 364 1
1425 273 1
7374 7598 1
363 5768 1
5768 2893 1
2893 5034 1
5034 5832 1
5801 1225 1
6990 6182 1
6182 2839 1
2839 6044 5
363 2007 1
2007 2364 1
2364 3301 1
3301 5235 1
5235 1492 1
1492 48 1
48 5764 1
5764 5443 1
7516 5994 2
5994 4875 1
772 4244 3
4244 7198 1
7198 7519 1
7519 3673 1
1600 209 1
209 2030 1
2030 2007 1
2007 2030 1
2030 366 2
366 2176 1
2176 1201 1
1201 7519 1
7519 2030 1
2030 1201 1
1201 4624 1
4624 3600 1
1600 4027 1
4027 5127 2
5127 2431 1
2431 3178 1
3178 2806 1
1246 985 1
985 3194 1
3194 1425 3
7447 2115 3
2115 2312 1
7607 3897 1
6858 5832 1
5832 3194 4
3194 7607 1
7607 6162 4
520 7339 1
2546 7519 1
7519 452 1
452 2932 3
2932 4958 1
4958 2669 1
2669 3607 1
3607 2910 1
74 3960 1
3960 364 1
2030 7116 4
7116 2373 1
2373 6761 2
6761 364 1
2910 4151 1
4151 1443 1
1443 74 1
74 1087 2
6087 2267 1
2600 2910 1
6462 821 1
821 6064 1
2629 728 1
728 4244 1
1443 1004 1
1004 5233 1
5233 7527 1
7527 2852 1
5832 590 2
590 906 1
906 3900 1
3900 4291 1
4291 2669 1
2669 4682 1
4682 5974 2
5974 6901 1
3671 2588 3
2588 5801 1
7607 519 1
519 3671 1
2852 1017 3
1017 7519 2
7519 7607 1
2176 2982 1
2982 5851 1
5851 2842 1
2842 7177 1
7177 953 1
953 5801 1
5801 74 1
2030 7540 1
7540 1017 1
1017 6132 1
6132 6901 1
6592 5801 2
4484 5379 1
6775 2780 5
1028 2910 2
2910 6106 1
6106 3387 1
1401 2910 1
2910 113 1
113 4652 1
3199 1220 1
1220 2030 1
3577 7406 1
7406 4227 4
7449 6932 1
6932 3789 1
3789 5395 2
5468 520 2
2176 1017 1
1017 5156 1
5156 364 1
364 74 1
74 2046 1
3671 4278 1
4278 3505 1
3505 4244 3
1600 1443 1
1443 4244 1
4244 2431 1
2431 5036 1
5036 445 1
445 7449 1
7449 4417 1
4417 5929 1
5929 7540 4
7540 6744 1
6744 7598 3
2909 3199 1
3199 3768 4
3768 1368 1
5844 1425 1
1425 1057 1
1057 6457 1
6457 1334 5
1334 233 1
233 2932 1
2811 4645 1
4645 1054 1
3499 3789 1
3789 6983 1
6983 4826 1
2634 3279 1
3279 6221 2
6221 2030 2
6044 712 1
352 2574 1
2574 7607 2
3199 3413 2
3413 7600 1
7600 6527 1
6527 2066 1
2540 4865 1
2932 1443 9
1443 2842 1
2715 7519 1
7519 3199 1
3836 3673 1
718 6448 1
6448 668 1
668 4955 1
4955 2312 1
2312 74 1
5658 5929 1
5929 2157 1
2157 2818 1
7409 947 1
947 4412 1
4412 1097 2
2176 2408 1
2408 2030 2
2030 3397 2
3397 3672 1
3672 5527 1
5527 2030 2
1057 1864 2
1864 3432 1
3432 2852 1
7390 1073 1
1073 2884 1
2884 2030 1
6142 2818 1
6356 4255 1
4255 3387 2
3387 5805 1
5805 442 1
3672 2312 1
3672 7115 1
7115 7447 1
3199 5601 1
5601 2176 1
6962 3774 1
3774 3013 1
3013 5832 1
74 4346 1
1308 6901 2
6901 26 1
26 7607 1
6411 6872 1
3671 74 1
74 3414 2
7628 7299 1
7299 1 2
1225 3356 1
5313 2066 1
2066 2476 1
2476 2781 7
2781 7447 1
6645 2476 2
2781 1225 1
1225 1028 3
6872 667 1
667 3342 1
2781 3370 1
6170 5657 1
6645 3414 3
678 1087 1
1087 74 1
74 2476 1
2781 7598 1
7390 4778 1
4778 5832 1
3671 6728 6
6728 295 1
295 6775 1
6775 1492 1
7390 6911 1
6911 7598 1
7598 6728 1
6728 1492 2
1492 295 1
295 5832 1
6503 3189 1
3189 4967 1
4967 1491 1
4826 568 1
568 1267 1
1267 295 1
295 2030 5
2030 4784 3
4784 772 2
772 4059 1
4059 1491 1
6728 2476 1
2781 275 1
7598 2043 1
2030 6893 2
6893 1415 1
6901 795 9
795 7598 5
7598 1416 1
1416 6893 1
6893 74 1
7598 3187 1
3187 6817 1
6817 1090 2
1090 6775 1
3017 2099 2
2099 3647 2
3647 6775 2
6775 2043 1
2043 6401 1
6401 2066 1
2066 7385 1
7385 2030 2
363 6563 1
5351 7449 1
7449 5578 1
6401 2030 1
6559 5736 1
5736 5332 1
5332 3600 2
2030 1883 1
1883 6775 1
2431 849 1
7598 691 2
691 4668 1
4668 769 1
769 352 2
1 2066 1
2066 7447 2
363 6401 1
6401 74 1
74 2066 1
2066 1981 1
1981 606 1
606 6744 1
2510 6528 1
6528 1201 1
1201 2099 1
2099 7519 1
7519 3414 2
3414 3853 1
3853 7607 2
6641 1230 2
1230 2030 1
2009 3836 1
3836 445 1
445 2009 1
2512 2046 4
2046 6449 1
3673 6990 1
6990 6690 1
4643 2066 1
363 4057 1
4057 6555 1
6555 2030 1
2030 2833 2
363 6918 1
6918 74 1
74 1225 2
1225 3276 1
3276 5450 1
5450 1364 1
1364 1176 1
1176 3387 1
6911 364 1
364 3836 1
5468 4676 1
4676 2494 1
2494 1486 1
1486 3387 1
7455 3384 1
3384 3199 2
3199 4233 4
4233 244 1
244 3281 1
3281 4721 1
4721 3962 1
3962 3394 1
363 5601 2
5601 5567 1
5567 1 1
7598 1090 2
1090 363 2
363 2512 1
2512 6919 1
6919 74 1
1225 3600 1
3600 6901 2
3673 2782 1
2782 6815 1
6815 3017 1
3017 2842 1
2842 2521 1
2521 73 1
73 7433 1
1090 1578 1
1578 452 1
452 7406 1
2600 4244 1
6503 5722 3
5967 3369 1
3369 3734 1
3734 7447 1
363 7415 4
364 5404 1
5404 2780 2
2780 3671 1
6170 4503 1
5967 2373 1
6761 2030 1
6449 7519 1
7519 1077 1
1077 1639 5
3673 5832 18
3671 5975 1
5975 627 2
627 5490 1
5490 4244 1
2030 565 1
7449 6337 1
6337 5832 3
5832 2669 3
2669 2030 7
2540 73 1
73 5736 1
6207 3481 1
3481 6449 1
6449 2030 2
3673 2038 1
364 5438 1
5438 2806 1
2806 5443 1
2030 6449 2
6449 772 2
772 1395 1
1395 3671 1
2369 73 1
73 6937 1
7598 180 2
180 2030 2
3671 3771 3
2030 4279 1
4279 2634 1
2634 4663 1
4663 7449 1
4618 5395 1
5395 5379 1
364 2639 2
2639 2030 2
6449 4475 1
4475 2030 1
2030 5129 1
5129 3671 1
3671 3244 1
3244 5461 1
5461 5929 1
5929 6963 1
6963 4828 1
7447 3194 3
3194 7046 1
7046 3671 2
1600 3241 1
3241 4645 1
4645 7600 1
7600 6449 2
363 6844 1
6844 74 1
1 4645 2
4645 584 1
3199 6844 1
6844 3384 1
3384 1233 1
1233 6430 1
6430 7519 2
3332 6844 1
6844 3356 1
2030 6430 1
6430 1201 1
1201 6730 1
6730 3332 2
1225 7600 2
6449 3607 1
3607 6425 1
6425 364 1
6708 4621 2
4621 5332 1
5332 6815 1
6815 1201 1
1201 2030 1
851 4248 1
4248 3673 1
363 449 2
449 3671 1
3671 6337 1
2669 7031 1
7031 1639 2
1639 3206 1
3206 7554 1
7554 1487 6
1487 2030 3
4779 2669 1
2669 4073 1
5967 7449 1
7449 1950 1
1950 5967 1
5395 1 1
1 1201 1
1201 3774 1
2932 2669 8
2669 1021 1
1021 621 1
621 6449 1
2030 4003 1
4003 364 2
3671 4003 1
3671 2669 1
2669 442 1
364 1539 1
1539 2030 1
4526 3387 1
3387 1201 1
1201 5047 1
5047 3868 1
3868 1428 1
1428 2030 10
363 2931 1
2931 1 3
1492 7055 1
7055 2932 1
1301 3332 1
3332 6561 1
6561 1575 1
1575 6990 5
6990 2125 1
2125 6844 1
6844 6725 1
6725 3368 2
3199 6430 1
7519 7600 1
7600 4724 1
4724 6901 1
3199 587 1
587 364 1
6127 660 1
660 2910 2
7352 364 1
1425 772 1
449 2893 1
2893 516 1
2030 74 3
4779 3673 1
2755 2336 2
2336 2099 1
2099 5116 1
5116 2169 1
6471 604 1
604 5967 2
5967 7519 1
7519 5959 1
5851 5289 1
5289 7607 1
4523 1970 1
1970 3416 1
3416 772 1
772 3155 1
3155 297 1
297 2687 1
2687 2030 2
4416 6110 1
6110 3387 1
7447 5289 1
5289 3970 1
2030 3525 1
3525 3672 1
2932 3506 1
3506 5413 1
6495 6735 1
3431 432 1
432 2030 1
2030 1378 1
2030 216 1
216 2030 1
2030 4926 1
4926 2099 1
7598 660 1
660 4523 1
4523 7607 1
7607 5851 1
5851 6890 1
6890 2046 1
6162 3115 1
3115 5078 1
5078 7406 2
3442 772 2
772 1715 1
1715 2510 1
2510 364 2
364 2464 1
2464 2510 1
2510 6901 1
3970 6111 1
6111 74 1
2046 5447 1
5447 5692 1
5692 364 1
364 6788 2
2932 6300 2
6368 2461 1
7447 6730 1
6730 6339 1
6339 7607 1
7600 2797 1
2797 2818 1
6356 6483 1
1256 5929 1
5929 2360 1
2360 2431 2
3194 2030 1
3672 4505 1
4505 7607 5
2360 3776 1
3776 1897 1
1897 1256 7
7607 2685 1
2685 2616 1
3672 6411 3
6411 2879 2
2879 2616 4
7607 2323 2
2323 5959 1
5959 1364 2
1364 3672 3
7447 1660 2
1660 5929 2
195 2932 2
2932 6052 2
6052 364 1
7352 564 1
1246 1492 1
6722 6595 1
6595 6858 1
5086 3672 1
3672 195 1
195 6641 1
7449 3373 1
2879 2030 2
7607 935 3
1443 364 5
7352 3373 1
363 2479 2
2479 1270 1
1270 5919 1
5919 6641 1
2932 1256 1
1256 3199 3
363 1784 1
1784 1 1
2611 1301 1
1301 5919 1
5919 2685 1
2685 1061 1
1061 4560 1
4560 4828 1
3673 5346 1
5346 2996 1
7447 274 1
274 7390 1
7390 7285 1
7352 6744 2
6744 4244 2
4244 3558 1
3558 3414 1
1 5919 1
5919 1492 1
1298 3414 3
1506 7453 1
7453 6866 1
3199 2555 2
354 7449 1
7449 1280 1
1280 6641 1
6641 626 1
626 2066 1
2066 195 1
195 3414 1
2030 761 1
761 2303 1
2046 3672 2
3672 893 1
893 2293 1
2293 336 2
336 1 1
3084 2229 1
2229 364 1
364 4592 2
4592 6809 2
6809 7607 1
3554 467 1
467 195 1
195 3387 1
3380 275 3
4597 1823 1
1823 3505 1
5046 1428 2
4413 2953 1
2953 6725 1
1256 7607 2
7607 4380 1
4380 2818 1
6356 3672 1
3672 773 1
773 7607 1
2030 1897 3
3672 4517 1
4517 364 1
364 195 1
195 4553 1
3026 1823 1
1823 2030 3
2312 5354 1
3672 6428 2
4284 2030 1
2030 4949 2
7121 7452 1
7452 6316 1
6316 3672 1
3672 6592 5
2462 7607 1
7607 3478 1
3478 2030 2
2715 2932 1
3970 5621 1
5621 2030 1
1057 6901 6
3672 234 1
6993 7295 1
7295 7607 1
1970 6971 2
6971 1 1
2312 3832 1
3832 6411 1
6411 3672 1
3672 3431 3
7393 7598 2
7598 3084 1
364 337 1
337 1 1
6411 5354 1
5354 2616 1
6411 7057 1
7442 4683 1
4683 1 1
3332 6744 1
1575 2494 1
2494 4867 1
4867 2030 1
7447 337 1
337 3380 1
2010 5313 1
5313 1745 1
1745 2030 1
2879 6690 2
6690 4520 1
4520 4513 1
4513 7607 1
6419 2169 2
5722 5552 1
728 1774 1
3233 6125 1
2879 275 1
275 520 1
520 2046 1
1425 3671 1
359 3575 2
3575 2489 3
2489 4826 2
4826 4354 1
4354 2169 2
1087 2734 1
2734 1345 3
1345 1575 1
795 6419 1
2169 266 2
266 7607 1
4522 795 1
795 7339 1
2546 1998 1
1998 3414 1
6516 3671 1
2030 792 1
792 1087 1
1087 6725 1
5851 1419 1
1419 352 1
1998 584 1
6641 2122 1
2122 7449 1
7449 1077 1
3673 7447 4
1087 2555 4
2043 5832 1
5832 4585 1
4585 7607 1
3671 3096 1
3096 3078 1
3078 7406 1
7406 266 1
266 2030 1
2030 4225 1
4225 1579 1
1579 1378 1
1378 4585 1
4585 6941 1
6941 4244 1
4244 7576 1
7576 2910 1
2910 807 2
2932 5757 1
5757 2780 1
363 6585 1
6585 2030 1
2030 1219 1
1219 5684 1
5684 1308 1
1308 2541 1
2030 1349 1
1087 795 6
795 2043 1
5379 467 2
467 3320 1
3320 7479 2
7479 2734 1
1345 3673 1
6995 520 1
3199 2121 1
2121 520 1
5468 6866 3
3671 4279 4
4279 2030 4
6088 6109 1
6109 1639 1
1639 1308 1
6462 309 2
309 2489 2
2702 4626 1
4626 430 1
5832 2360 2
2360 467 2
467 2489 1
2489 3502 1
3502 1349 1
6655 3026 1
3026 6370 1
6370 7390 1
2300 245 2
245 7598 1
363 6454 1
6454 1337 3
2030 3625 3
3625 7447 2
3671 6523 2
6523 6971 1
6971 7447 1
7447 6937 1
3671 3377 2
3199 6971 2
6971 3671 3
4209 3789 3
5464 3387 1
3410 4238 1
4238 1639 1
7607 3641 1
3641 3671 1
3199 3838 1
3838 4828 1
7449 2512 3
2512 4417 1
4417 3671 1
6234 3895 1
3895 364 1
364 5454 1
5454 3671 1
3279 7189 1
7189 2030 2
2879 359 1
359 4238 1
4238 6641 1
2369 1970 1
1970 3915 1
3915 3789 1
3789 6872 2
6872 2312 2
6872 874 1
7447 2973 1
2973 6872 1
2932 6588 1
6588 2030 1
5047 3641 1
3641 6872 1
6937 7600 2
7600 1425 3
1425 6725 2
6725 4520 2
4520 6720 1
6720 7607 1
6137 1235 1
3673 6872 2
2148 6241 1
6241 3387 3
2312 772 9
7126 7607 2
7449 1399 1
1399 1301 1
1301 5603 1
5603 7167 4
7167 5249 1
5249 3320 1
3320 3233 1
3673 4417 1
4417 7607 1
2030 4522 3
4522 7598 2
7598 2777 1
2777 1028 1
7607 6241 1
6241 3199 2
2879 937 1
937 2066 1
2066 586 1
3673 2171 1
3410 5089 1
5089 7607 1
7607 7384 2
2030 5658 3
6872 1629 1
1629 4865 1
3199 415 1
415 2842 1
2842 1330 2
1330 4994 1
4994 7607 1
7607 6626 1
6626 1337 2
1225 4828 3
3257 363 1
363 175 1
175 6872 1
1033 4521 1
7607 4659 1
4659 5065 1
5065 1133 1
1133 1225 1
1225 6076 1
6076 1225 1
1225 5201 1
5201 1 1
3410 7434 1
7434 4229 1
2192 4229 1
1337 3194 1
6461 4229 2
4229 3342 1
4229 3199 2
3199 5477 2
5477 364 1
7574 3332 1
5477 3671 1
1970 4299 1
4299 2369 1
2369 3387 1
3199 6026 1
6026 6744 1
6744 4497 1
4497 3194 1
3194 4875 1
772 5281 1
5281 1575 2
3199 3424 1
3424 6641 1
1066 2030 1
3199 7082 1
7082 4346 1
6645 6894 1
3199 2148 1
6645 1511 1
1511 2176 1
1088 2910 1
352 6937 2
6937 4229 1
1233 7297 2
7297 7447 2
1774 4828 1
4735 2176 1
2176 3388 1
3388 2030 1
2910 2833 1
2833 3392 1
3392 1374 1
1374 565 1
7447 5281 1
5281 1 1
7598 4229 2
4229 6234 1
3981 6901 1
6872 1393 1
1393 3671 2
2879 1393 1
2600 3332 1
3671 1940 1
1940 1639 5
1639 2419 1
2419 1966 1
1966 364 8
2068 2030 1
3233 3136 1
5105 2932 1
2932 5730 1
5730 4346 1
2032 2030 1
6495 6402 1
6402 3431 2
3671 5084 2
5084 7447 1
7116 5177 1
2030 7125 1
7125 3673 1
4229 584 1
3199 3673 2
1 6672 3
6672 2030 2
2842 2030 3
6411 3673 1
3673 3342 1
3342 3673 1
3673 6245 3
6245 1924 1
1924 6252 1
6252 2852 1
2852 156 1
7297 4723 1
4723 4826 1
1243 3673 3
4244 1321 3
7345 2932 1
3970 1391 7
1391 2030 9
2030 4492 2
4492 7449 1
7449 7373 1
7373 4977 1
4977 4229 1
5468 246 1
246 3673 1
3673 3970 2
7297 5832 1
7607 1968 1
1968 3233 1
3356 4698 1
4698 6641 1
6641 1251 1
1251 5300 1
5300 3199 1
5154 7600 1
7600 1330 1
1330 7297 1
7297 3233 2
2030 7261 1
7261 189 1
189 3431 1
3671 1233 2
1966 6744 1
6744 6044 1
3671 4522 2
7607 7015 1
7015 1998 1
1998 1575 1
1575 7452 2
6163 3677 1
363 1779 1
1779 3671 1
2910 564 1
564 2030 3
363 4892 1
7300 2833 1
2833 1087 1
5177 6127 1
7297 5657 1
3282 551 1
551 7607 1
5308 2932 2
5651 2030 3
7299 4279 1
1492 257 1
257 2030 1
6370 1238 1
404 1774 1
1774 2176 2
772 6721 1
6721 6781 1
6781 3373 1
3199 7500 1
7500 7598 1
363 3291 1
3291 4826 1
7447 74 1
74 6995 1
6995 751 2
7016 3414 1
751 6974 1
6974 7447 2
7598 2012 1
2012 2030 1
6289 575 2
575 3359 1
3359 3373 1
3373 6721 1
364 2921 1
2921 3400 1
3400 6725 1
5851 2030 3
2932 1264 1
1264 3414 1
2879 2012 1
2012 1238 1
1238 6901 1
6901 7554 1
1487 7607 1
7607 3165 1
1330 2030 1
6163 1 2
5489 795 2
2009 2734 1
1345 3332 1
678 2818 2
6356 5867 1
5867 440 1
1087 5867 1
3672 6905 1
6905 3411 1
3411 3373 1
2009 6781 1
6781 2312 1
2312 6905 1
6905 7449 1
7449 3436 1
3436 5832 1
7598 2852 1
7519 2000 1
2000 2444 1
2444 6641 1
3673 1506 1
1506 1140 1
1140 1774 1
1774 7598 1
7598 4621 1
4621 6775 1
3279 275 2
6990 2879 1
711 6592 1
2669 6645 1
6645 7137 1
7137 1108 1
1108 7447 1
2030 4938 1
4938 5967 2
5967 3275 1
3275 1614 1
1614 3896 1
3896 4477 1
4477 5768 1
5768 1 1
1 6461 1
6461 2733 2
2733 5861 1
5861 2030 1
4484 4244 1
7449 4519 1
4519 7598 1
7598 2851 1
2851 2030 3
3671 4063 1
4063 7406 2
5722 5832 3
5832 2818 1
6356 1225 1
363 4107 1
4107 74 1
74 7016 1
7016 1233 1
2370 3673 3
7299 567 1
567 795 1
795 364 2
1298 2734 1
2734 74 1
74 1859 1
1859 5929 1
5929 5801 1
7447 7302 4
2663 1 3
1 6990 5
6990 7046 1
7046 2316 1
2316 2046 5
2046 7519 1
6655 2833 1
2833 6990 1
6990 363 6
363 4541 4
4541 3671 1
3671 5060 1
5060 2316 1
6160 7607 4
2879 362 2
362 4249 1
4249 402 1
162 728 1
728 4762 1
4762 2062 1
2062 5800 1
5800 952 1
952 1373 1
1368 2603 1
6067 2030 2
2030 7554 1
1487 1028 1
1028 5124 1
5124 4026 1
4026 7607 3
5182 4346 1
2030 2541 1
2541 4521 1
2777 1 1
6728 511 1
2932 6759 1
6759 2431 1
6507 569 1
569 952 1
952 2030 2
6205 3279 1
3279 683 1
683 2842 1
2842 1308 3
1308 363 1
363 7554 1
7554 364 1
7430 7245 2
7245 987 1
987 2030 1
2030 6375 1
7299 6414 1
6414 1639 4
5959 7427 1
7427 2099 1
2099 5430 1
5430 716 1
716 1021 1
1021 2932 1
2932 3850 2
3850 4234 1
4234 4073 1
4073 2603 1
6067 5798 1
6448 1373 1
1368 1246 1
1246 2715 2
2715 7031 1
1639 7554 2
7554 604 1
604 4027 1
5127 3387 1
6744 2512 1
3673 4525 1
4525 5832 1
3671 6528 2
6528 2066 1
2066 7554 1
7554 2715 1
2715 5113 1
7554 6385 1
2169 6385 1
6385 6641 1
2879 6502 1
6502 3432 1
6503 7406 1
711 2893 1
2893 4142 1
4142 1022 1
1022 2489 1
2471 3673 1
3673 4484 1
4484 2169 3
2169 6067 1
6067 6866 1
6866 3600 1
2715 4410 1
4410 4597 1
4597 5801 1
5801 2932 2
2932 7554 2
7554 1364 1
1364 7133 1
7133 5155 1
5155 2030 1
2030 798 1
798 3600 1
2046 5974 1
5974 772 1
772 6337 1
5832 2384 1
2384 4469 1
4469 5600 1
5600 2030 1
4660 3671 1
364 6067 1
2811 3432 1
3432 2715 1
2715 316 1
316 124 2
124 3673 1
7121 5179 1
5179 4570 1
4570 1368 1
1308 5602 1
3673 1774 1
6866 700 1
700 3673 1
3673 6937 3
6937 729 1
729 2932 5
2932 2384 1
2384 2030 2
3673 1259 1
1259 362 1
362 2715 1
2715 3387 1
7447 2715 1
2715 3673 1
3673 6026 1
6026 3685 1
3685 3673 1
3673 1373 1
1368 7554 1
1487 4073 1
4073 2842 1
3723 3635 1
3635 4955 1
4955 4073 1
4073 6775 1
6775 3600 1
2715 363 2
363 74 1
1492 7321 1
7321 4017 1
4017 1090 1
1090 1282 1
1282 2893 1
2893 4830 1
4830 3265 1
711 621 1
621 7554 1
7554 2030 1
2030 3947 1
3947 5360 1
5360 2176 1
3673 6109 1
7607 3642 1
3642 74 1
3673 6989 1
6989 3671 1
3671 6226 2
6226 3199 2
4670 2176 3
2842 1102 2
1102 1437 1
2030 6993 2
6993 6971 1
7607 6205 2
3432 2030 1
6234 4523 1
4523 6044 1
2949 1717 1
1717 2199 1
2199 7417 1
7417 2030 1
6088 4889 1
4889 7607 1
3970 7300 1
7300 6924 1
6924 5832 1
7598 1308 1
5734 6129 1
6129 74 1
74 6462 1
4209 2030 10
2030 348 2
348 2030 2
3671 2521 1
2521 1342 1
1342 7598 1
363 779 1
779 4017 1
4017 1579 1
1579 3881 1
3881 1639 1
7600 1301 4
3432 295 1
295 6919 1
6919 1 1
6642 1263 1
1263 2099 1
2099 6824 1
6824 5832 1
6503 700 1
700 7519 1
7519 4453 1
4453 3673 2
1860 74 1
2030 295 2
295 6125 1
6125 4418 1
4418 5768 1
5768 7519 1
7519 363 1
6137 6027 1
6027 1364 1
6411 7447 1
5832 2852 1
1017 2030 1
6356 3671 1
3673 4120 1
4120 7406 2
6109 7607 1
7600 5458 1
5458 3387 2
2176 74 1
74 5255 1
5255 5967 1
6962 6919 1
6919 1017 1
1017 364 2
6775 1301 1
1301 2312 1
6528 364 2
1622 3380 2
4416 3199 5
6170 404 1
404 4043 1
4043 5510 1
5510 952 1
2046 6815 1
7430 5801 1
5801 700 1
700 3488 1
3488 2600 1
851 6016 1
6016 125 1
125 2669 1
2669 2715 1
2715 2272 1
5722 3673 1
5601 2030 1
6708 2893 1
2893 124 1
124 402 1
162 6528 1
2030 862 2
862 6189 1
6189 3673 3
3673 6189 1
6786 7447 1
5658 772 1
7447 5243 1
5243 7607 1
3723 5960 1
5960 7319 1
7319 7297 1
7297 363 4
3199 873 1
873 2932 2
3410 7393 1
7393 520 1
520 6645 2
6645 6992 1
6992 7607 1
3199 3827 1
3827 3789 5
3970 7371 1
7371 7607 1
5299 2932 1
1308 1368 1
3154 6685 1
6685 288 1
288 6129 1
6129 711 1
6170 952 1
952 1235 1
5468 2807 1
2807 6067 1
6067 5302 1
5302 3206 1
3206 2547 1
2547 7390 1
5801 6641 1
7447 4258 1
4258 5227 1
5227 7607 1
363 1970 10
1970 3199 1
1425 4828 4
7447 7455 1
364 2834 1
2834 539 1
539 6775 1
6775 337 1
337 3969 1
3969 3487 1
3487 7447 2
7447 2818 2
6356 1419 1
1419 1030 1
1030 4303 1
4303 5832 1
5832 1017 1
6809 2030 2
2030 124 1
124 5832 1
6125 5657 1
5657 3672 4
3431 7600 2
7600 337 1
337 2030 2
3431 6517 1
6517 4274 1
4274 2818 1
6356 2030 1
6728 2879 3
1817 352 1
352 467 2
7600 6992 1
6992 2312 1
5182 402 1
402 5722 1
6937 3432 1
3432 6842 1
6842 3673 1
3673 2588 1
364 4985 1
4985 586 1
4464 3673 1
2030 963 4
963 2932 1
7607 5064 1
3673 2634 4
2030 4831 1
4831 7016 1
7016 2312 1
7607 1760 1
1760 2634 1
2634 74 1
3279 4684 1
4684 4828 1
1378 2169 1
1425 3387 3
5249 2600 1
266 1337 1
2932 3780 1
3780 7607 1
7607 4249 2
2169 5730 2
5730 2030 1
2030 5230 1
5230 6064 1
6064 2034 1
6700 729 1
2030 6989 1
7600 6994 1
6994 2780 1
2780 3387 1
3387 4229 1
2161 245 1
245 2176 3
2148 7339 1
7339 2811 1
2879 3356 1
3356 3958 1
3958 3356 1
3356 499 1
499 4826 1
7607 1678 1
1678 2030 1
2030 1102 1
1102 3199 1
3199 1238 2
1238 1250 1
7245 3789 2
1087 1141 3
1141 7598 1
6872 1106 1
1106 3199 1
7561 7598 1
363 1102 1
1337 3356 1
3600 1964 1
1964 1639 1
1639 467 6
2842 1622 1
3199 2173 1
2173 7607 3
7607 6645 8
6645 5176 2
5176 7607 2
7607 5179 2
5179 3281 1
3281 4244 1
2030 3478 3
3478 7607 3
6641 5458 3
1087 6116 2
245 1357 1
1357 1 1
5379 363 1
6872 3723 4
3723 7055 1
7055 1330 1
1330 363 1
1966 3671 3
6872 2949 4
2949 5129 1
5129 4828 1
1428 6728 1
1600 3801 1
3801 4229 1
2169 7142 1
7142 5722 1
5722 7449 1
7449 3934 1
3934 2030 1
7082 2176 1
6744 1330 1
1330 5046 1
5046 6234 1
6044 2950 2
2950 7447 1
6872 7055 1
7055 3954 1
3954 6990 1
6990 1368 1
7607 5458 2
3723 5832 1
7607 1106 2
1106 7607 2
7298 3673 1
2030 4466 3
7447 586 1
586 7068 1
7068 2842 1
6842 6655 1
1577 2323 1
2323 7447 1
7447 1878 1
1878 3673 3
4887 3199 1
3199 6702 7
2030 816 1
816 4229 2
4229 2176 2
6087 2169 1
2169 3850 1
3850 586 1
1526 4553 1
4553 4229 1
1246 3364 3
3364 2030 5
6007 2822 1
2822 6728 1
2910 812 1
812 6020 1
6020 7227 2
2910 6234 3
6234 5927 1
142 5832 1
5832 793 2
793 1301 3
1301 6901 1
3356 2485 1
2485 364 1
364 5788 4
5788 6866 1
1337 963 1
963 3320 1
3320 2701 1
2599 5317 1
5317 5916 1
5916 2224 1
2224 1979 1
1979 2932 1
5898 3332 1
7298 5024 1
5024 2030 1
7607 6999 1
6999 2910 1
2910 268 1
458 7607 1
1970 5458 1
7447 7016 1
7016 3789 2
3789 2476 1
2781 1 1
5458 7016 1
5832 266 1
266 2910 1
2369 4229 2
4229 1364 1
1364 2910 3
2910 7297 3
7297 5766 1
5766 1425 1
1492 2780 2
2780 2198 1
2198 6475 1
6475 2030 1
1530 1 1
4229 3332 1
3332 2932 1
5967 5926 1
5926 2584 1
2584 2030 8
7190 5249 1
5249 1252 1
1252 1301 1
1301 443 1
443 363 1
352 6044 2
6044 5331 1
5331 6641 1
6641 6396 4
6396 2584 1
2030 5175 4
5175 3673 1
3673 5304 1
5304 678 1
2910 5202 1
5202 711 1
711 5722 1
2780 6523 1
6523 7530 1
7530 2115 1
2115 364 1
364 4607 2
4607 2806 2
7529 2910 1
1301 5159 1
5159 2030 1
2030 5385 1
5385 2176 1
6744 5899 1
5899 2910 1
2910 3768 1
2030 5011 1
5011 4229 1
4229 4875 2
718 364 1
6901 4163 1
2421 4826 1
4826 3116 1
3116 2852 1
2852 2034 1
2034 2030 1
2030 6758 1
6758 471 1
2030 5063 1
5063 3673 1
4826 1742 1
1742 6986 1
6986 4754 1
7598 2267 1
2030 2527 1
2527 7449 1
7449 3739 1
3739 2030 1
2030 3785 1
3785 4826 1
4826 5836 1
5836 2932 2
4163 1367 1
1367 364 1
1028 586 1
363 4244 1
4244 2336 1
2932 676 1
6300 3359 1
1964 4590 1
4590 6723 1
6723 6781 1
6781 467 1
467 2816 1
2816 6370 1
6370 6744 1
6744 2088 1
2088 2879 1
2879 1741 1
1741 2693 1
2693 4949 1
467 394 1
394 1639 1
5722 4890 1
4890 6861 1
6861 2622 1
2622 7598 1
363 2600 1
6775 162 3
162 275 1
5501 4826 1
4826 232 2
232 5440 2
5440 2932 1
2932 3205 2
3205 4826 1
5440 5705 1
5705 394 1
394 6447 1
6447 5905 1
5905 2030 1
3199 7476 1
7476 1 1
1 6009 1
6009 2839 1
5539 5285 1
5285 2702 1
2702 6894 1
6894 6780 1
6780 96 1
4416 2030 4
7476 4600 1
4600 4229 1
2115 6171 1
6171 6103 1
6103 470 1
470 2099 1
2099 7560 1
7560 1102 1
1102 363 1
2030 6172 1
6172 1236 1
1236 4826 1
4826 2839 1
5539 2932 1
586 6539 1
6539 4766 1
2780 1577 1
1577 2419 1
2419 362 1
362 6708 1
6708 5471 1
5471 3431 1
3431 3672 4
4887 6901 1
6901 6538 1
6538 6645 1
6645 518 2
2176 6860 1
6860 2294 1
2294 4478 1
4478 5832 1
5832 586 1
2030 671 1
671 5371 1
5371 2030 1
5722 6730 1
404 1778 1
1778 2932 1
2932 3721 1
2600 394 1
394 2932 1
5722 300 1
7259 445 1
445 2603 1
2030 604 2
3672 302 1
302 2946 1
2946 6641 1
7449 2689 1
2689 2839 1
363 1939 1
1939 71 1
71 4826 1
4826 6428 1
6428 4410 1
4410 5176 1
5176 473 1
2030 2062 1
2062 3564 1
3564 5344 1
5344 2030 1
2030 5886 1
5886 2030 1
5175 4044 1
4044 2600 1
2030 7330 1
7330 1 1
2115 4044 1
4044 2030 1
2030 6269 4
6269 4444 1
4444 4828 1
7447 2489 1
2489 373 1
373 1465 1
1465 5813 1
5813 2903 1
2903 2030 1
1970 1081 1
1081 1 1
4826 3152 2
3152 1301 1
772 7048 1
7048 6300 1
6300 1 2
1 4049 1
4049 5386 1
5386 6641 1
2030 1769 1
1769 6690 1
6690 2695 1
2695 1534 1
1534 3275 1
1774 6641 1
2910 6231 1
6231 5832 4
2030 5026 1
5026 5967 1
5967 1137 1
1137 1681 2
1681 1 1
4826 6205 1
2932 5404 1
5404 5722 1
2030 4906 1
4906 2588 1
2588 1 1
1 3789 1
3789 133 1
133 4659 1
4659 2030 1
2030 1892 2
1892 4627 1
4627 5328 1
5328 2030 1
2030 3577 1
3577 7447 1
2910 5487 1
5487 2030 1
2115 520 1
520 4026 1
4026 5424 1
5424 6641 1
1235 6901 1
162 7447 1
7447 1571 2
1571 2839 1
5501 2103 1
2103 2616 1
3671 259 1
259 2338 1
2338 2099 1
2099 1711 1
1711 2338 1
2338 4826 1
7365 3380 1
6172 1 1
2176 2807 1
2807 6077 1
6077 4229 1
4229 6655 1
6655 1235 2
2879 2932 2
3282 1487 1
1487 2352 1
2352 4828 1
718 7598 1
7598 1800 3
1800 524 1
2176 6760 2
6760 5890 1
5890 2030 1
2030 3718 2
3718 2030 2
6172 524 1
6760 6234 1
6234 4478 1
6995 2982 1
6170 2445 1
2445 6495 1
6495 711 1
711 4655 1
4655 7449 1
7449 1964 1
1964 1404 1
1404 4244 1
6641 2910 4
2030 5202 1
5202 1301 1
1301 3380 3
1294 5120 1
2169 6723 1
6723 5468 1
363 1220 1
1220 6860 1
2644 2431 1
2431 5349 1
5349 203 1
203 364 2
1616 6075 2
6075 7449 1
3199 3051 1
3051 2932 1
3673 2178 1
2178 96 1
96 5286 1
2176 5503 1
5503 291 1
291 2030 1
6196 6170 1
6170 6260 1
7628 3387 1
520 3789 1
7598 2871 1
2324 2173 1
7447 1523 1
1523 544 1
544 364 1
364 601 4
601 1337 1
440 1523 1
1523 3387 1
1087 3332 9
3332 1523 1
6044 352 5
352 7445 1
7600 7416 1
7416 6860 1
6860 2176 1
6744 3152 1
3152 3410 1
2910 3933 1
3933 2312 1
2910 816 1
4229 2932 2
5722 2910 3
2910 5398 1
5398 3671 1
4238 2517 1
3671 3868 1
6708 4826 1
4826 1762 1
1762 6835 2
6835 268 1
268 3393 1
5503 3431 1
3431 769 2
771 2910 1
2910 718 1
718 7285 1
7285 1107 1
1107 1301 1
2030 3411 2
3411 1575 1
6744 2357 1
2357 3764 1
4539 4217 1
4217 2431 1
5959 5766 2
5766 74 1
6137 7297 1
7297 7449 2
363 6978 1
6978 1225 1
641 7607 1
275 3961 1
3961 1368 1
1368 4217 1
4217 2115 1
2115 353 1
353 4424 1
4424 5722 1
5722 467 1
7334 5084 1
5084 2910 1
6655 394 1
394 162 1
2030 3780 1
3780 2115 1
2115 3582 1
7598 5908 1
5908 364 3
3643 2193 1
2193 2577 1
2577 2116 1
2116 5468 5
5468 3580 1
3580 2932 1
4229 2099 1
2099 96 1
96 3926 1
3926 1437 1
1437 1964 1
1964 6105 1
6105 2099 1
2099 4161 1
4161 7298 1
7298 1628 1
1628 2932 2
3205 353 1
353 772 1
772 7109 1
7109 1958 1
6385 6205 1
2030 6402 2
6775 5959 1
2616 3673 2
3673 2512 2
2512 2099 2
2099 3673 2
3673 7610 4
7610 5844 1
7447 5844 2
5844 4889 1
4889 4645 1
4645 4655 1
4655 352 2
352 6137 1
6137 2833 3
711 7449 3
7015 1337 1
363 2675 1
2675 6229 1
6229 3673 1
980 712 1
2176 5720 1
5720 6641 1
613 4828 1
2693 6229 1
6229 7470 1
7470 7447 2
3199 6495 1
1600 2097 1
2097 2010 1
2910 6642 1
6642 6124 1
1639 3993 1
3993 1958 1
1958 1337 1
7598 2141 1
2141 2431 1
2431 808 2
808 2046 1
2046 1078 1
1078 5468 1
5468 2099 1
1246 1639 1
1639 3410 1
2910 757 1
757 4026 1
2431 6077 1
6077 364 1
711 2091 1
2091 2046 1
2046 6833 1
6833 7339 1
7339 6237 1
6237 2126 1
2126 3673 1
3673 1400 1
1400 6619 1
6619 364 1
6992 1368 1
7447 2448 1
2448 4826 1
4826 4026 1
4026 4296 1
4296 1639 1
6947 2030 5
2030 3581 1
3581 1024 1
1024 2030 1
2030 5423 1
5423 7064 1
7064 2030 1
6234 6447 1
6447 6721 1
2030 1415 1
711 4754 1
2176 4026 1
4026 2160 1
2160 2046 1
518 1368 1
1368 2910 1
2910 1467 1
1467 4412 1
4412 3673 1
3673 624 1
624 2030 2
6122 5608 1
5608 4229 1
3152 6723 1
2009 6080 4
711 3380 1
6170 2479 1
2479 2259 1
2259 2693 1
2693 2099 1
7384 364 2
5759 4754 1
4613 7390 1
162 2647 1
4826 1246 1
7365 162 1
7476 275 1
363 3582 1
3582 364 1
3643 7259 1
7259 7600 1
7600 3582 1
3582 363 1
363 3194 2
3194 7366 1
7366 4057 1
4057 1694 1
1694 3582 1
3582 4524 1
4524 7447 1
7447 4980 1
4980 7166 2
2910 6428 1
6428 3950 1
3950 2777 1
2777 7449 1
5160 2030 1
6414 3607 1
7167 4073 1
3026 7389 2
2030 4120 1
7406 3206 1
3206 5803 1
5803 5722 1
162 7598 1
467 1257 1
7623 4826 1
4826 5249 1
462 3647 1
3647 2806 1
2806 386 2
6708 3206 1
3206 5730 1
5730 364 1
364 2274 1
2274 2600 1
7299 4517 1
4517 1966 1
1966 7614 1
7614 2176 1
2807 3600 1
1028 5730 1
5730 4134 1
4134 7453 1
712 2406 1
2406 6829 1
6829 7607 2
6937 1246 1
7390 124 1
124 7447 1
1577 2878 1
2878 4244 1
7600 6829 1
2910 5281 1
5281 4828 1
2512 1077 1
1639 2261 1
2261 6725 1
718 2173 2
7598 1639 2
1639 1337 1
6091 807 1
807 3926 1
3926 3387 2
238 2030 2
6462 7065 1
7065 6366 1
6366 3673 1
3673 1622 1
1622 1087 1
3673 4967 1
4967 1087 1
3673 1077 1
1077 7390 1
5832 6241 3
6241 3673 5
3673 7299 3
7299 6428 3
6428 5374 1
7389 3387 1
4521 7447 2
3356 6241 1
6241 3356 2
3356 2669 1
2669 6901 1
795 1579 2
1577 711 1
711 5188 1
5188 6064 1
6064 2540 1
2540 2030 2
3279 5249 1
5249 386 1
4244 5730 1
5730 4826 1
4826 795 2
795 620 1
2030 385 1
385 4423 1
558 7598 1
7598 5870 1
5870 6241 1
6241 5832 1
5832 6177 1
6177 3673 1
3673 558 2
359 3186 1
1167 2169 2
3194 4163 1
2420 1 1
7406 5443 2
2099 1321 2
2811 2910 2
2910 7116 5
7116 2563 1
2563 6241 1
2030 2469 1
2469 7390 1
7390 2910 1
3673 4980 1
5730 3387 1
2949 3771 1
711 7485 1
7485 2489 3
2489 2910 1
2910 7179 1
7179 772 1
6168 3673 1
2910 3763 1
3763 4503 1
4503 7339 1
2806 2600 1
2030 807 3
6396 2030 8
2420 6109 1
6109 6430 1
6430 6759 1
6759 2030 1
142 3600 1
2851 363 1
1090 5992 1
5992 2099 1
275 3671 2
363 2679 1
2679 2030 1
2030 277 1
277 6901 1
6269 5975 1
5975 2932 1
363 6461 1
6461 5708 1
5708 7533 1
7540 1204 1
1204 6031 1
6031 7510 1
7510 5790 1
5790 2077 1
2077 6031 1
6031 6713 2
6713 7555 1
7555 1833 1
1833 364 1
364 945 1
945 5853 1
5853 2030 6
2030 993 1
993 4463 1
4463 6725 1
1577 6250 1
6250 3600 1
3600 4463 1
4463 7406 1
7406 5802 1
363 4091 1
4091 6461 1
6461 1418 1
1418 6031 1
6713 6628 1
6628 5832 1
5832 1055 1
1055 2753 1
5392 2030 1
6901 3432 2
5802 273 1
273 1862 1
1862 4835 1
4835 5839 1
5839 1492 1
1492 363 4
6817 2030 1
2030 3595 4
3595 6641 1
1600 6921 1
6921 4754 1
1681 2910 2
772 3831 1
3831 2030 2
2030 80 1
80 2030 1
1600 6142 1
6142 3635 1
2851 3258 1
3258 1491 1
1491 5832 2
5832 1491 2
1491 2176 1
115 6411 1
6411 2679 2
2679 1492 1
7607 5215 2
5215 6645 1
6645 6222 1
6222 2431 1
2431 6231 1
5832 2022 1
2022 2204 1
1288 6231 1
6231 2204 1
1 3556 1
3556 1807 1
1807 6231 1
6231 2030 1
2030 2025 1
2025 7589 1
7589 3387 1
7607 1708 1
1708 2932 1
3600 3410 2
3410 1415 1
1415 7393 1
7393 6125 1
5468 6245 1
6245 7041 1
7041 2312 1
2312 754 1
754 6872 2
6829 1639 1
6872 1077 1
1077 2030 1
6872 6109 1
6109 1 1
5844 1599 1
1599 3315 1
3315 2030 2
7297 124 1
124 564 2
2157 1 1
6672 3414 1
7339 3241 3
3241 5288 1
5288 600 1
600 3789 1
3789 6388 1
6388 3085 1
3085 2030 1
363 2682 1
2682 467 1
467 1614 1
1614 3789 1
6461 1368 1
1368 2712 1
2712 4828 1
1970 7420 1
7420 5427 1
5427 2030 1
2030 1842 1
1842 5445 1
5445 1421 1
364 476 1
476 298 1
298 1639 2
1639 786 1
786 4244 1
7345 5832 2
5832 5820 1
5820 5715 1
3233 786 1
786 174 1
174 2030 1
1298 772 2
772 5684 1
5684 3387 1
2030 4865 1
4865 792 1
792 477 3
477 6462 1
6462 5646 1
5646 6158 1
6158 7447 1
5844 4821 1
4821 5054 1
5054 2169 1
2169 5828 1
5828 5970 1
5970 7167 3
7167 2194 1
2194 3233 1
3233 5487 1
2030 4946 1
4946 7447 1
7390 776 1
776 6245 1
6245 5832 1
6088 7610 1
7610 2030 2
467 4621 1
4621 711 1
3673 4325 1
1575 4519 1
4519 6725 1
1243 880 1
880 1552 4
1552 2030 4
2030 810 4
810 364 4
364 4157 4
4157 2030 9
2030 5253 1
5253 2932 2
2932 7512 3
7512 7607 1
1401 1681 1
1681 6901 1
7607 5281 1
5281 41 1
41 6454 1
6454 6044 1
6044 2852 1
2852 7607 1
1506 2910 2
2910 1246 1
1246 5853 1
5853 4013 1
4013 363 1
5451 564 1
564 2176 1
2176 4807 2
4807 7607 1
3199 5332 2
5332 6872 1
6872 4954 1
4954 4244 1
2192 6380 1
6380 7607 1
4244 5342 1
5342 2941 1
2941 3279 1
3279 5276 1
5276 4037 1
4037 2593 1
2593 2038 1
2932 6599 8
6599 364 1
364 6789 1
6789 4971 1
6160 1800 1
1800 6387 1
6387 2030 1
2030 7238 1
7238 1364 1
1364 5555 1
5555 4964 1
4964 364 1
7537 1038 1
1038 2115 1
2115 5354 1
5354 2594 1
2594 7607 1
7447 4361 1
4361 2638 1
3199 5451 1
5451 1 2
7393 1800 1
1800 7607 1
711 2833 1
2833 1800 1
1800 708 1
708 2842 1
2842 7297 1
7297 3398 1
3398 7598 1
7598 3059 1
3059 5802 1
5802 5332 1
5332 5596 1
5596 4015 1
4015 2030 1
7298 2879 1
2879 998 1
998 1575 1
1575 4346 1
5802 1577 1
6248 3288 1
3288 5885 1
5885 5289 1
5289 6730 1
6730 4244 1
2842 7374 1
7374 2030 1
2030 7139 1
7139 2847 1
6247 2932 1
3850 601 1
2030 2820 1
2820 3265 1
772 2861 1
2861 4826 1
4826 2852 1
7390 2149 1
2149 498 1
498 2030 1
1087 6939 1
6939 6872 1
7393 6940 1
6940 1087 1
1087 2679 1
2679 4466 1
4466 6744 7
7607 5154 4
5154 465 1
465 6645 1
7607 7071 1
7071 1368 2
1368 6645 3
6645 3537 1
3537 2030 1
6462 7153 1
7153 1057 2
1057 6848 1
6848 7445 1
6872 4262 1
4262 5489 1
7598 3537 1
3537 1364 1
6872 3246 1
3246 7297 2
7297 2972 1
2972 2030 1
2030 2995 1
2995 6752 1
6752 6411 1
2679 1225 1
1225 3675 1
3675 1454 1
1454 7298 1
7298 1364 1
3199 1872 1
1872 2031 1
2031 2510 1
2510 1387 1
1387 7607 1
6645 3994 1
3994 2312 1
6507 6641 1
6641 947 1
5844 7607 1
3199 537 3
537 795 2
795 1334 5
1334 6269 1
6269 3332 1
537 7607 1
7598 1872 1
1872 5406 1
5406 7290 1
7290 5898 3
5898 4967 1
3600 7607 4
2009 1030 1
1030 1577 1
1577 1364 2
7607 2838 1
2838 1622 1
1622 2879 1
2163 5929 1
5929 7418 1
7418 2030 2
772 1491 2
1491 247 1
247 772 1
772 3387 1
3672 6901 1
3199 3873 2
3873 2314 1
2314 7607 1
7607 7039 1
7039 364 2
772 1660 1
1660 2030 2
2842 119 5
119 5475 3
5475 6004 4
6004 7126 1
3671 5226 6
5226 4209 1
4209 2169 1
7445 6672 1
6672 119 2
6004 6044 1
6044 2679 1
2679 7447 1
6872 3111 1
3111 2932 1
6004 2916 1
2916 6866 1
6866 4971 1
4971 7393 2
7393 1225 1
7447 795 28
795 3356 1
3356 4971 1
1334 7607 3
5844 3362 1
3362 5967 1
5967 5832 2
5832 948 1
948 1225 1
7607 6510 2
6510 1870 1
1870 6260 1
6260 1870 1
1870 2030 1
3199 5782 1
5782 5832 1
7598 948 1
948 6872 2
6872 7077 1
2192 948 1
363 65 1
65 795 1
4277 5898 1
5898 3370 1
438 3763 1
3763 7598 3
5455 6639 1
6639 2842 1
2842 5770 1
5770 6639 1
6639 6672 1
6672 5770 1
5770 6872 1
7447 1334 1
1334 6044 3
6044 6767 1
6767 2852 1
7607 3852 1
3852 795 1
795 2031 1
2031 7455 1
795 2839 1
2839 1384 1
1384 4244 1
4244 5770 1
5770 7607 1
7607 1042 2
1042 1337 1
1337 961 1
961 1057 1
1057 2312 1
2312 7115 1
7115 7598 1
7598 1225 3
2173 6730 1
6730 4826 2
4826 2679 1
2679 1087 1
1225 3332 4
1225 2842 2
2842 4904 1
4904 6460 1
6460 6616 1
6616 1042 1
1042 785 2
785 124 1
124 364 1
27 364 1
2369 5365 1
5365 6489 1
6489 7449 1
7449 499 1
499 7441 1
7441 601 1
601 5925 1
5925 1966 1
3671 1612 1
1612 2030 1
7055 3763 1
3763 6616 1
5851 711 2
711 7055 1
7055 3671 4
3836 779 1
779 6616 1
6616 4541 1
4541 1042 1
1042 1924 1
1924 6718 1
6718 2030 1
2030 4633 1
4633 3431 1
3431 2707 1
2707 1751 1
1751 3137 1
3137 3199 1
7607 5380 1
5380 4827 1
4827 7598 1
7598 2707 1
2707 7607 1
7607 1751 1
1751 1042 1
785 2030 1
7607 3604 2
3604 2056 1
2056 2046 1
2046 2842 2
2842 4633 1
4633 4967 1
4967 7390 1
7390 4952 1
4952 7290 1
5898 3493 1
3493 2074 1
2074 5832 1
6004 3718 1
3718 1368 1
1368 3537 1
3537 2184 1
2184 5348 1
5348 2932 1
6462 6993 2
6993 1587 1
1587 3671 1
6730 2910 3
6448 7151 2
7151 3671 2
6483 6837 1
6837 3671 1
2879 7152 1
7152 3671 1
1934 5043 1
5043 3671 1
3671 5852 1
5852 7598 1
3671 4649 3
4649 7297 1
2910 3806 1
7447 5043 1
5043 1575 1
3671 3547 1
3547 2176 2
7447 3508 1
3508 2169 1
3671 2910 6
1419 2284 1
1087 381 1
381 2803 3
2803 2099 1
2099 2800 1
2800 2099 1
5904 2030 1
363 3456 1
3456 1575 1
363 3022 1
3022 3671 4
3671 5313 5
5313 785 1
785 4828 1
7598 2186 1
2186 6718 1
6718 1 1
3199 2108 1
1419 5118 1
5118 3671 3
1639 3442 1
2030 903 1
903 772 1
3671 2759 1
2759 4731 1
4731 3414 1
6269 2584 2
2584 6641 1
1294 364 1
711 3442 2
3442 1337 1
1337 6507 2
6507 604 1
604 3671 3
2030 5118 3
1087 1607 1
1607 2616 1
2616 381 1
2803 6775 1
2099 7598 1
3970 3413 1
3413 1907 1
1907 6449 1
6462 4659 1
4659 3970 1
3970 2859 1
2859 3199 1
3971 1391 1
1391 467 1
7598 7170 1
7170 1639 1
1639 1042 1
1042 6901 4
3671 6141 1
6141 363 1
363 7453 2
2932 7053 4
7053 2030 1
678 4346 1
4346 476 4
1087 6166 1
6166 1087 2
1087 785 2
785 7607 3
7415 1592 1
3199 6901 3
6872 3600 2
3600 6645 1
6645 123 1
123 1225 1
3342 1225 1
3600 5244 1
5244 700 1
700 2635 1
2635 945 1
945 2780 1
2780 6939 1
6939 3332 1
3600 6872 2
1577 6639 1
6639 5770 1
5770 2030 1
3671 3189 1
3189 4209 1
4209 4330 1
4330 7447 1
6044 785 1
785 2879 1
7607 1384 1
1384 6872 1
6449 5226 1
5226 712 1
352 5817 1
5817 1368 1
5844 6189 1
6592 6449 1
6449 1639 1
1639 5802 6
2030 6043 1
6043 6672 1
6672 5246 1
5246 1087 1
7607 4541 1
4541 1464 1
1464 2932 1
5468 2910 4
5832 1337 24
1337 5379 1
5379 3775 1
3775 4826 1
4826 1042 5
1042 1087 14
2842 1491 1
1491 7598 1
4892 381 1
381 1057 1
1057 506 1
506 364 1
2932 3331 2
3331 5281 1
5281 1464 1
1464 2678 1
2678 5989 1
5989 6616 1
6616 2678 1
2678 7514 1
7514 2030 1
2030 2773 1
2773 6872 1
6672 1090 1
1090 3414 1
3414 3332 1
440 7299 1
6872 4541 1
4541 2233 1
2233 417 1
417 6872 1
6872 3368 1
2702 7516 1
5991 6354 1
6354 1090 1
1090 7598 2
5959 3330 2
3330 785 1
785 7598 1
3330 3789 1
3789 1118 2
1118 7607 1
7607 4743 1
4743 2030 1
2030 3468 1
3468 4950 1
4950 1225 1
1225 1334 1
1334 795 1
795 520 3
364 6031 1
6031 6711 1
6711 2030 1
364 3385 1
3385 6519 1
6519 2056 1
2056 5832 1
5832 5762 1
5762 7070 1
7070 2030 1
2030 6513 3
6513 1751 1
1751 2410 1
2410 7236 1
7236 2030 1
6641 4209 1
6645 964 1
964 7447 1
1294 2910 1
3671 1584 1
1584 2030 1
711 6641 2
6641 5461 1
5461 2030 1
2030 1114 1
1114 7447 1
2910 5093 3
2176 4949 3
4949 5832 1
5832 1042 10
1042 2030 18
6744 7055 2
2030 2382 1
2382 6608 1
6608 5832 1
5832 1622 1
1622 678 1
4649 697 1
697 1087 1
1087 2115 1
3671 7455 1
5967 3320 1
3320 7297 1
7390 3508 1
3508 5832 3
3673 6322 1
6322 3671 1
3671 5599 1
5599 2030 1
3600 2336 1
2336 718 1
718 3022 2
428 2030 1
1639 6486 3
6486 4347 1
3671 4057 1
5836 364 2
3671 5135 1
5135 4521 1
3199 5578 2
5578 6641 1
5093 425 1
425 3671 1
6507 4521 1
5578 2910 1
2910 6013 1
6013 7598 1
6523 3413 1
3413 2030 1
6269 5492 1
5492 3387 1
3387 1042 5
1042 712 1
2176 1522 1
1522 2932 1
3671 6645 4
6645 4595 2
4595 482 1
552 2410 1
2410 1600 1
1600 1311 1
3673 4445 1
4445 2030 1
7447 4904 1
4904 1042 1
3766 1042 1
1042 2046 1
2046 785 1
785 4624 1
4624 208 1
208 3671 1
3671 3673 3
7371 5398 1
5398 364 1
364 1265 3
1265 3387 1
1042 5226 1
5226 1522 1
1522 4521 1
3040 2410 1
2410 3199 7
2910 524 1
524 5047 1
5047 7415 1
7415 1416 1
1416 6771 1
6771 2932 1
7598 5258 1
5258 4229 1
4229 785 1
785 2192 1
6215 2415 1
2415 2278 1
2278 5769 1
5769 6744 1
6744 6772 1
6772 2978 1
2978 3199 1
538 7447 2
3199 5764 2
5764 1042 1
3199 6672 4
6672 538 3
5764 2410 1
2410 7447 1
7447 1580 6
1580 6872 2
6872 1522 1
1522 4244 1
4244 3621 1
3621 5339 1
5339 3396 1
3396 678 1
678 2842 2
2842 1276 1
1276 1225 1
4232 7447 1
2910 4679 1
4679 6626 1
6626 401 1
401 1559 1
1559 2030 3
3369 1298 1
3414 1042 3
1042 1227 2
1227 5802 1
1491 1042 1
1042 5341 1
3970 5459 1
5459 7600 1
7600 3166 1
3166 2161 1
2161 2030 3
5175 4828 1
352 4755 1
4755 1298 1
1298 1575 2
4229 4753 1
4753 3271 1
3271 407 1
2176 7299 3
1 366 1
366 467 1
4229 7449 2
7298 3871 1
3871 1491 1
1491 2169 2
2169 1491 2
1491 7607 2
6088 1392 1
7600 2580 1
2580 584 1
3199 2410 1
2410 2030 37
3199 1042 1
1042 1 1
5313 187 1
187 3007 1
3007 2030 1
2030 1632 1
1632 3387 1
518 3199 5
4524 7607 2
7607 6637 1
6637 7598 1
7598 5177 2
467 125 1
125 6439 1
2030 3315 2
3315 5468 1
5468 3673 3
3673 7300 4
3673 3022 2
3022 2410 1
2030 1042 23
1042 7607 2
613 2638 1
2816 2030 1
2030 6270 1
6270 2030 1
6483 1087 1
1337 6641 3
7607 2705 2
2705 7447 3
7447 3172 1
3172 3789 1
3789 3836 1
7607 3172 1
3172 7447 1
2312 2103 1
2103 1298 1
1298 5832 6
6645 3118 1
3118 6725 1
6725 7297 1
3199 4154 1
4154 3673 1
3673 1701 1
1701 2910 2
2910 2837 1
2837 644 1
644 2123 1
2123 1941 1
1941 7598 1
6641 5384 1
5384 4229 1
1301 3768 1
3768 565 1
7449 1238 1
1238 4238 1
4238 2879 1
363 1337 2
1337 112 1
1141 5489 1
5489 112 1
3233 6462 1
352 5182 1
7602 3673 1
3673 6271 2
6271 7447 3
363 2198 2
2198 3547 1
3547 772 2
1087 2842 1
2842 5766 1
5766 1628 1
364 3998 1
3998 3659 1
3659 364 1
7556 2823 1
2823 1028 1
2030 5764 1
5764 2030 2
3673 4845 1
4845 2479 1
2479 7607 2
295 16 1
16 3836 1
3836 5736 1
5736 315 1
315 772 1
772 2030 8
2030 6419 2
2030 4744 1
4744 5832 1
5832 1551 1
1551 160 1
160 6901 1
2431 1577 1
1577 1937 1
1937 4213 1
4213 2932 1
6328 7430 1
3360 3731 1
3731 3836 1
3836 363 2
3970 119 1
363 1414 1
1414 6641 1
467 5676 1
5676 3635 1
2910 3762 2
3762 467 1
467 7515 1
7515 1421 1
3194 3233 3
3233 1337 4
7598 3346 1
3346 352 1
352 7449 2
7449 5233 1
5233 6875 1
6875 7431 1
7431 2806 1
2806 1233 1
1233 2932 2
4005 2099 1
2099 2192 1
2192 6946 2
6946 6403 1
6403 3414 1
678 5468 2
711 4594 1
4594 3836 1
3836 4275 1
4275 3671 1
3671 4519 4
4519 7600 1
7600 4229 1
4229 2910 2
5736 1440 1
1440 2932 1
1368 3731 1
3836 411 1
411 3244 1
3244 5468 1
5468 3411 2
3411 4026 1
5249 4244 4
4244 4079 1
772 4676 1
2030 3424 1
4346 2338 1
2338 2910 1
1337 220 1
220 890 1
890 3387 1
1 16 1
16 363 1
467 7430 2
7430 1090 1
3199 899 1
899 3414 1
1899 1304 1
1304 6901 1
2833 3315 1
3315 4828 1
711 4474 1
4474 7390 1
5422 3873 1
7607 1337 2
2949 112 1
2910 275 2
275 1301 1
1301 3199 2
3199 5411 1
5411 4244 1
3410 2169 1
3199 5124 3
5124 1042 1
1087 4927 1
4927 7598 1
7607 5032 1
5032 2192 1
2192 3357 1
3357 6434 1
6434 7449 1
2879 4238 3
4238 2030 3
1301 1575 3
1934 7607 2
3440 7600 1
7600 644 1
2030 2082 1
2082 2193 1
2193 4212 1
4212 5971 1
5971 3199 1
6483 4828 1
7447 2370 3
2910 3257 1
3257 4238 1
4238 1301 3
1301 2807 1
2807 7598 1
1128 2910 5
4487 3199 1
3199 4511 2
4511 2169 1
476 6462 1
6682 2030 2
363 4855 1
4855 7447 1
1400 1851 1
1851 6641 1
2030 7546 1
7546 3365 1
3365 364 1
3205 2030 3
4244 2629 1
2629 6141 1
6141 1490 1
1490 5249 1
5249 524 1
7447 5574 1
340 6641 1
7447 1042 2
2030 2410 12
2410 4753 1
7481 4766 1
2910 4782 1
4782 2842 1
2842 363 2
7297 2790 1
2790 2935 2
2935 6303 1
6303 1 1
1337 2790 1
2935 2524 1
2524 7501 2
7501 364 1
364 2524 2
7501 718 1
718 6771 1
6771 4862 1
4862 2030 1
3673 685 1
685 364 1
364 6679 1
6679 2030 2
2030 7325 1
7325 1 1
2312 4297 1
4297 5832 1
5832 257 1
257 2932 1
2932 257 1
257 6586 1
6586 7501 1
7501 7563 1
7563 6641 1
6641 6781 1
6781 651 1
651 364 1
2546 6586 1
6586 2628 1
7598 5328 1
5328 3414 1
1042 1953 1
1953 7447 4
7447 516 3
516 2842 4
2842 4782 1
3387 2410 5
2410 1953 1
4561 352 1
7447 5538 1
5538 364 1
364 5599 1
5599 7017 1
7017 795 1
795 7447 5
7447 6370 1
2932 6882 1
6882 2935 1
2935 7501 1
7501 7607 1
3199 4414 1
4414 381 1
2803 516 1
516 1638 1
1638 4782 1
4782 5967 1
1337 6234 1
6234 2271 1
2271 364 1
4804 6641 1
2910 2148 1
2148 7447 1
3723 3186 2
3186 6440 1
2910 3970 5
3970 3498 2
2312 1042 1
1042 6044 8
6044 2842 1
2842 6966 1
6966 363 1
363 718 1
718 1912 1
1912 364 1
364 1205 3
1205 1608 1
1608 5442 1
5442 5144 1
5144 3330 1
3330 6151 1
6151 2842 1
2842 2315 1
2315 2995 1
2995 1523 1
1523 7607 1
7607 7140 1
7140 7607 1
7607 6200 1
6200 6644 1
6644 2842 1
6567 7607 1
3604 364 1
7598 2816 1
2816 3763 1
6510 7607 1
772 966 1
966 2176 1
6744 6269 1
5413 2410 1
2410 415 4
415 2910 4
2910 1313 1
1313 5844 1
1729 3581 2
3581 4521 2
3199 3947 2
3947 1238 1
6937 3206 1
3206 5829 1
5829 3581 1
3581 7598 1
2030 220 4
220 5304 1
5304 364 2
364 4611 1
4611 3789 1
3671 6419 1
6419 2932 2
6815 7428 2
2910 950 1
950 6020 1
1 3647 2
7365 3187 1
3187 1400 1
2030 472 2
2030 1181 2
2849 6728 1
6728 2410 5
3432 6507 1
2932 380 4
380 4521 1
3199 5370 1
5370 4826 1
1042 558 1
2030 7039 2
7039 6370 3
6370 4656 1
4656 7607 1
7607 4562 1
4562 1887 1
1887 2932 1
380 6744 1
5832 1254 1
1254 3387 1
3199 2615 2
2615 352 1
352 6370 1
6370 1233 1
1233 363 1
7607 4782 1
4782 4828 1
6645 340 1
340 6937 1
6937 3199 1
3199 2171 3
1301 245 1
2176 5716 1
5716 472 1
2171 5983 1
5983 2849 1
3672 3741 1
3741 624 1
624 2932 1
4585 2489 1
2030 4525 1
4525 3779 1
3779 2176 1
352 3667 1
3667 1534 1
1534 3789 1
3789 1400 1
2030 1308 1
1308 5609 1
5609 2932 1
2932 472 2
472 4826 1
4826 5508 1
5508 2445 1
2445 335 1
335 6794 1
6794 338 1
338 2030 1
1181 1187 1
2030 5777 1
5777 6959 1
2030 2862 1
2862 1 1
1899 7581 1
7581 6234 1
6234 746 1
746 2849 1
6234 1500 1
1500 5607 1
5607 1181 1
1181 2115 1
2115 624 1
624 7470 1
3199 6214 1
6214 7607 1
363 2968 1
2968 6641 1
5455 2910 1
5154 3678 1
3678 2419 1
2419 2849 1
2849 234 1
2030 5889 1
5889 6641 1
7371 7447 1
2910 7120 1
7120 583 1
583 1774 1
1774 3673 1
2030 3098 1
3098 4229 1
4229 6725 2
6626 7449 2
7449 3488 1
3488 2419 1
2419 7607 1
7607 893 1
893 6433 1
6433 380 1
380 3387 1
3970 2291 1
2291 2169 1
2169 6313 1
6313 2030 1
7447 3916 1
3916 1639 1
1639 4057 4
4057 4592 1
7600 7374 1
7374 6839 1
7297 6727 1
6727 7393 1
7393 1337 1
7481 3387 1
1042 6641 1
6641 973 1
3393 7447 1
3762 2780 1
2780 6641 3
7607 2615 3
2615 6223 1
6223 1400 1
1400 7607 1
3199 2789 3
2789 4828 1
363 6895 1
6895 1 1
1 624 1
624 6690 1
6690 6462 1
6462 2702 1
2702 3647 1
7365 3673 1
3723 5592 1
5592 2030 1
1337 6995 1
6245 5487 1
4826 4083 1
4083 4828 1
6641 275 1
275 7449 2
7449 2989 1
2989 115 1
3671 3986 1
3986 4828 1
7447 3970 3
3970 6088 1
6088 3052 1
3052 570 1
570 1969 1
1969 624 1
2030 6217 1
6217 7607 1
1337 7470 2
7055 5832 1
5832 6192 3
6192 2996 1
5851 6194 1
6194 3233 1
3233 2932 3
380 1 1
2030 1936 2
1936 4659 1
4659 340 1
340 3650 1
3650 7154 1
7154 2030 2
3582 2932 1
5487 1337 1
7027 2777 2
2777 2932 2
2932 1366 1
1366 6506 1
6506 4754 1
1681 2410 2
2410 963 1
963 6461 1
6461 1792 1
1792 2343 1
2343 2030 1
1042 2038 1
364 5995 1
5995 4244 1
7345 4028 1
4028 4826 1
3673 5736 1
5736 6343 1
6343 4212 1
4212 2209 1
2209 2176 1
3022 1042 1
1042 4575 1
5929 5839 1
5839 2030 1
963 2546 1
2546 2702 1
2702 4169 1
4169 63 1
63 2030 1
5354 3673 2
3673 736 1
736 2932 1
7447 2006 1
2006 1411 1
1411 53 1
53 1272 1
1272 2868 1
2868 2046 1
2046 4019 1
4019 5356 1
5356 2594 1
2594 4244 1
4244 3169 1
3169 7238 1
7238 364 1
364 6647 1
6647 2780 1
2780 364 2
364 6646 1
6646 1301 1
1301 786 1
786 1321 1
2030 3708 1
3708 7251 1
7251 4244 1
5832 4159 1
4159 1042 1
1492 62 2
62 3671 1
363 720 1
720 2051 3
2051 2135 1
2135 7497 1
7497 6789 1
6789 1020 1
1020 2828 3
2828 2046 2
2046 1497 2
1497 6675 3
6675 364 4
364 2658 5
2658 1579 1
62 6901 1
363 2837 2
2837 1492 1
1492 2108 1
3671 5222 1
5222 1492 1
1492 6970 1
6970 482 1
482 3102 1
3102 3177 1
3177 633 1
633 1603 1
1603 586 1
2030 2014 1
2014 5581 1
5581 7364 1
7364 3353 1
4416 4826 1
3387 2895 1
2895 2633 1
2633 2842 1
2842 2683 1
2683 6872 1
6872 2314 4
2314 956 1
956 2932 1
2932 4405 1
4405 428 1
428 3332 1
1087 2410 9
2410 3414 2
3414 2010 4
2010 957 1
957 4949 1
7393 6462 1
1301 6460 1
6460 3995 1
3995 429 1
429 1087 1
1087 1042 7
1042 364 3
1600 4472 1
4472 1128 1
2910 3071 1
3071 1766 1
1766 2030 1
6615 254 1
254 2932 1
2932 2787 2
2787 2046 2
2046 5749 2
5749 2030 3
2030 6599 1
6599 2932 2
2932 84 3
84 2046 2
2046 5780 2
5780 2030 4
2030 1348 3
1348 2043 1
2043 4760 1
4760 785 1
1151 2272 1
2272 3975 1
3975 1097 2
769 4935 1
4935 1028 1
2839 1947 1
1947 1302 2
3387 520 2
520 2616 3
4244 21 1
21 7374 1
7374 3380 2
2030 2705 1
6137 2702 1
2702 2312 1
2312 4012 1
4012 7134 1
7134 4940 2
4940 6901 1
1265 2176 1
1506 6207 1
7607 977 1
977 7447 1
7447 2695 1
2695 3861 1
7607 6523 1
6523 7300 1
7300 7384 1
7384 3388 1
3388 1227 1
1227 6428 1
1600 3186 1
3186 2030 1
678 1042 3
1042 5657 1
3671 2510 1
363 5780 1
363 1348 1
1348 2030 1
3671 5007 1
5007 2038 1
2038 5780 1
5780 1 1
1 2410 11
2410 2879 1
2879 2038 1
2038 1348 1
1348 3387 1
1575 1348 1
1348 6645 1
6645 2850 1
2850 1281 1
1281 1042 1
1042 6725 1
6725 2842 1
2842 2679 1
2679 1097 1
2030 5975 1
5975 277 2
277 363 1
363 4487 1
4487 2198 1
6516 820 1
820 3380 1
176 1306 1
1306 1515 1
1515 3199 1
6316 7598 1
4826 4663 1
6872 407 2
407 363 2
364 2425 2
2425 1 1
1298 1348 1
1348 6023 1
84 2030 1
2030 2686 3
2686 2932 2
2675 4073 1
4073 6681 5
6681 2176 6
2176 4520 1
6370 3672 2
364 2223 1
2223 2030 1
364 4235 1
4235 7401 2
7401 678 1
2030 2425 1
2425 1364 1
1364 467 1
467 5778 1
5778 3671 1
963 1252 1
1252 3599 1
3599 5959 1
2046 1798 2
1798 2334 2
2334 5177 1
2431 6044 1
3671 6431 1
6431 1449 1
1449 1364 1
1364 5749 1
1364 779 1
779 2851 1
4826 1363 1
156 6036 1
6036 3409 1
3409 5791 1
3672 4235 1
7401 2410 1
2410 363 4
1391 1042 1
1042 963 1
963 2303 1
5354 5778 1
5778 423 1
423 7447 1
6672 3735 1
3735 364 1
711 2267 1
2030 4524 1
4524 2176 1
2996 4941 1
4941 4826 1
3825 2303 1
2303 2410 1
415 3671 4
3671 977 1
977 5778 1
5778 3025 1
3025 2806 1
6815 3360 1
4244 2068 1
2068 3178 1
3178 1937 1
1937 1129 1
1129 2030 3
3442 1042 2
7447 5032 2
5032 6403 1
6403 2176 3
1301 125 1
769 3680 1
3680 1364 1
1337 3671 2
7137 7598 1
1298 2410 1
2410 6730 1
6730 4492 1
4492 4484 1
4484 5832 2
3673 7449 2
7449 4321 5
4321 3275 1
3275 2616 2
6655 7452 2
7452 1901 1
1901 6901 1
2383 1814 1
1814 2433 1
2433 2030 1
1337 4769 1
7449 2529 2
2529 2433 1
2433 2312 1
1128 6655 1
772 6781 1
6781 882 1
882 2932 1
7043 363 3
363 5401 1
5401 2030 1
6723 6141 1
6141 364 3
2910 6936 1
6936 272 1
272 3233 1
3233 1168 1
1168 2932 1
2932 6301 1
6301 2932 1
1711 1264 2
1264 2030 1
2910 5657 1
2479 6269 1
6269 2702 1
2702 5715 1
5715 6269 1
6269 272 1
6269 6461 1
6461 7016 1
7016 2932 3
6247 364 1
2600 2806 1
1128 2410 1
2410 5664 1
5664 1028 1
1028 7598 3
4780 2054 1
2054 2046 1
7598 6247 1
6247 772 1
7447 606 2
606 1 1
3635 2030 1
4232 2030 2
2879 4520 2
3673 1042 2
7299 5593 1
5593 6715 1
6715 2910 1
2910 6088 1
6088 3136 1
3136 3672 1
3672 2702 2
2702 1665 1
1665 4637 1
4637 2982 1
2982 6497 1
6497 2735 1
2735 6496 1
6496 2030 2
2030 2941 1
2941 772 1
772 7016 1
2932 6247 2
6247 2030 2
2030 1256 4
1256 3774 1
3774 3256 1
3256 7598 1
363 1204 1
1204 3311 1
3311 4638 1
4638 772 1
364 5440 1
5440 6716 1
6716 2450 1
2450 1 1
363 3544 1
3544 5832 1
3117 2669 1
2030 112 1
3233 1042 1
1042 6240 2
6240 2535 1
4735 1 1
5832 2410 3
2410 3896 2
6247 2910 1
2910 1404 1
1404 6858 2
6858 5078 1
5078 1639 1
1639 4621 1
4621 2030 1
1970 744 1
744 4828 1
1301 363 2
6523 1595 1
1595 6655 1
6655 6249 1
6249 2949 1
2949 6875 1
467 3657 1
3657 2932 1
3663 2600 1
363 1699 1
1699 7095 1
7095 2030 1
2030 7244 1
7244 2669 1
2669 363 1
363 5009 3
5009 1028 1
1028 4679 1
4679 2030 2
1577 2046 1
2046 2403 1
2403 4971 1
4971 7244 1
7244 3864 1
3864 7258 1
7258 3789 1
3789 2905 1
2905 6866 1
363 7137 2
7137 2955 2
2955 6487 1
6487 4093 1
4093 474 1
474 1028 1
1028 5216 1
5216 2621 1
2621 2030 1
2030 5383 1
5383 2030 1
2030 1192 1
1192 44 1
44 2030 1
2030 5887 1
5887 2523 1
2523 2030 1
6645 6228 1
6228 5289 1
5289 5242 1
5242 4346 1
4346 6645 1
1600 2955 1
2955 6744 1
6744 273 1
273 5548 1
5548 2030 1
3673 4637 1
4637 6738 1
6738 3118 2
3118 6052 1
6052 363 1
363 5959 5
2046 1113 1
1113 5832 1
5832 5198 1
5198 364 1
364 1758 1
1758 6503 1
6503 1539 1
1539 1364 1
1364 3396 1
3396 3673 1
363 125 4
125 6386 1
6386 5287 1
5287 6507 1
2932 945 1
945 4648 1
4648 6901 1
3600 2369 2
2369 2955 1
2955 1614 1
1614 363 1
364 7530 2
7530 7399 1
7399 2932 1
363 1429 1
1429 4217 1
4217 1 1
2932 3265 1
3265 2852 1
2852 2335 1
2335 2046 1
2046 2852 1
7390 2831 1
2831 363 1
281 1 1
2932 2832 1
2832 5715 1
5715 3199 1
2479 7292 1
7292 5792 1
5792 2116 1
2116 6459 1
6459 994 1
994 1 1
1 2116 1
2116 4016 1
4016 7025 1
7025 7171 1
7171 1639 2
1639 1280 1
1280 4346 1
4346 4057 1
4057 2955 1
2955 2169 1
2169 2431 3
4423 5287 1
5287 7442 1
7442 1048 1
1048 3671 1
3671 7442 2
7442 4244 1
4244 1246 3
1246 6534 1
6534 2030 1
772 4165 1
4165 3673 1
3673 7294 1
7294 2030 1
7598 1965 2
2198 426 1
426 3673 1
3673 4165 1
4165 5832 1
6645 4476 1
4476 4826 1
1246 7449 1
3673 6378 1
6378 2030 1
1234 3118 1
3118 772 1
275 592 1
592 2030 1
4165 772 1
772 1184 1
1184 2030 1
2030 1184 1
1184 1 1
2369 3265 1
3265 3186 1
3186 1683 1
1683 1 1
1492 857 1
857 1899 1
1899 5287 1
5287 6462 1
1087 5289 2
5289 2030 1
2030 517 1
1298 6010 1
6010 3671 1
3671 2784 1
2784 6725 1
2369 4648 1
4648 6725 1
1492 4826 1
4826 4070 1
4070 684 1
3671 5802 2
2030 6679 1
6679 772 1
711 1259 1
1259 2030 1
3671 862 1
862 6142 1
6025 711 1
3671 4409 2
4409 195 1
195 2030 1
2030 5622 1
5622 3672 1
2030 712 4
352 4292 1
4292 3672 1
3672 6858 2
642 7598 1
7598 2753 1
2753 1999 1
1999 364 1
364 5405 1
5405 496 1
6249 2471 1
2471 6116 1
6116 364 1
364 988 1
988 245 1
245 3 1
3 2030 1
5226 1 1
6249 6499 1
2471 28 1
28 3431 1
3431 5046 1
2932 6053 1
6053 2257 1
2257 5046 1
5046 4343 1
4343 364 1
364 1169 4
1169 28 1
28 5046 3
5046 272 1
6513 28 1
5046 7315 1
7315 2030 1
2030 6935 1
6935 2030 1
2030 6130 1
6130 28 1
5046 119 1
119 3386 1
3386 3697 1
3697 2 1
2 5046 1
5046 772 1
772 7130 1
7130 2030 1
2030 3457 2
3457 2030 2
6513 5046 1
5046 4036 1
4036 1523 1
1523 5046 1
5046 5832 1
5832 6293 1
6293 6004 1
6004 5046 1
1169 2030 2
1205 795 1
795 1599 1
1599 586 1
586 3977 1
3977 705 1
705 3205 1
3205 3799 1
3799 3431 1
3431 620 1
2030 3829 1
3829 4 1
4 3737 1
3737 23 1
23 2030 1
1234 2066 1
2066 2469 1
4209 3380 1
363 4670 1
5287 364 1
364 5558 4
2780 7390 1
7390 748 1
2030 5180 1
5180 5967 1
5967 1443 2
1443 5381 1
5381 6025 1
6025 2169 2
2169 6053 1
6053 4531 1
4531 2030 1
2634 1 3
772 2257 1
2257 6492 1
6492 6901 2
6901 4079 1
4079 6052 1
6052 3673 1
6462 4165 1
4165 2030 1
2030 314 1
314 2932 1
2932 6303 1
6303 6260 1
6260 2176 1
2176 147 2
147 2030 1
7447 2410 7
2410 388 1
388 364 2
6172 7406 1
467 7560 1
2932 4648 1
4648 2030 1
2030 5287 4
5287 4922 1
4922 3671 1
5832 3118 1
3118 2030 5
3186 3671 1
3671 5657 4
5657 3673 2
363 4187 2
4187 6817 1
4187 364 1
364 2113 1
2113 3638 3
3638 3387 1
3387 5366 1
5366 463 1
463 3671 1
3671 7480 1
7480 6026 1
6026 4720 1
4720 364 1
364 254 1
254 2030 1
5762 7449 1
7449 2943 1
2943 3392 1
3392 7390 1
3387 211 1
211 245 1
245 3671 3
3671 5366 2
5366 3411 1
3411 3490 1
3490 2030 1
3671 928 1
928 5832 1
162 125 1
125 1563 1
3671 5458 1
5458 7600 2
7600 7598 1
5851 223 1
223 7447 1
2879 5832 2
3673 5057 1
5057 4828 1
6462 1492 1
6602 682 1
682 1639 1
5929 1622 8
3671 3356 4
3356 119 1
119 3671 1
3671 6428 1
1600 3896 1
2030 5188 1
5188 3505 1
2932 2113 2
3638 2030 3
2030 4742 1
4742 3773 1
3773 1301 1
5929 3509 1
3509 4187 1
4187 2932 1
5413 2154 1
2154 3671 1
5959 7297 2
7393 2511 1
2511 1492 1
1492 4828 1
3671 2001 1
2001 5832 1
467 4188 1
4188 7480 1
7480 2932 1
7598 3638 1
2030 7303 1
7303 4833 1
4833 2833 1
6858 125 1
5455 2185 1
2185 6858 1
1373 2030 3
2171 4187 1
4187 2431 1
3671 6962 2
6962 3503 1
3503 3671 1
3199 212 1
212 7607 1
2842 1869 1
1869 772 1
1298 5802 2
5802 1378 1
1378 7390 2
2932 4532 1
4532 2847 1
6247 2154 1
2154 295 1
2030 217 1
217 7392 1
7392 2030 1
2030 1445 1
1445 1968 1
1968 5287 1
5287 4918 1
4918 1491 1
1491 467 1
467 4187 1
4187 2030 2
3671 5574 1
5574 5816 1
5816 2030 1
772 1639 1
6728 2513 2
2513 1757 1
1757 7137 1
7137 1364 1
1364 3671 5
3671 5873 1
5873 7137 1
7137 5873 1
5873 3414 1
3414 5832 3
5832 4571 1
4571 6165 1
6165 2272 1
2272 684 1
684 3387 1
2513 2470 2
2470 5406 1
5406 3671 1
5844 3488 2
3488 5832 1
5832 7540 1
772 5832 2
5287 6730 1
678 2410 1
2410 6462 1
6462 3532 1
3532 6738 1
6738 1311 1
1311 364 2
5802 7540 1
7540 7153 1
2030 225 1
225 6249 1
6249 2030 3
2030 675 1
675 3673 1
2030 215 1
215 3673 1
3673 1639 4
3673 1377 1
1377 2169 1
2169 119 1
119 1238 1
1238 4187 1
2811 724 1
724 5851 1
5851 7295 1
7295 1280 1
1280 772 1
364 6128 1
3671 4506 1
4506 4860 1
4860 3671 2
3671 7449 7
7393 4653 1
4653 3671 1
3671 769 1
5468 6273 1
6273 1 1
3265 3459 1
3459 2030 1
7336 4244 1
4244 5445 1
5445 5468 1
3671 5300 2
5300 4335 1
4335 3239 1
3239 2030 1
772 3079 1
3079 5015 1
5015 3671 1
7447 6603 1
6603 7598 1
1639 7424 1
7424 3387 1
3671 3806 1
5970 4755 1
4755 1301 1
1301 2847 1
3671 1966 3
1966 275 1
275 3369 2
3369 4623 1
4623 3199 1
3199 5086 1
5086 2030 2
6091 3896 1
5450 6430 1
6430 4187 1
4187 2312 1
6462 4458 1
4458 3635 1
3671 6248 1
6248 657 1
657 5991 1
5991 1421 1
1421 5992 1
5992 5443 1
3671 6463 1
6463 6811 1
6811 344 1
3026 4346 1
4346 7244 1
7244 2312 1
2910 2043 1
2043 2600 1
2600 1428 1
1428 2410 1
2410 6044 4
3538 6147 1
6147 7598 1
5851 4989 1
4989 1301 1
3671 2819 1
2819 1328 1
1328 3671 1
1233 7618 1
7618 3382 1
3382 4244 3
5832 4187 1
4187 1575 1
1575 7299 2
7299 1947 1
1302 2932 4
6247 4521 1
4521 2410 1
3199 4522 2
4522 5929 1
5929 1844 1
1844 1042 1
1042 639 1
5959 3970 2
7297 1298 2
3671 5066 1
5066 7617 1
7617 3671 2
3671 2943 2
2943 2030 2
2030 3886 1
3886 364 1
6775 6715 1
6715 1246 1
1246 2702 2
2702 1739 1
1739 1364 1
1364 7208 1
7208 3544 1
3544 3431 2
3431 5218 1
5218 2669 1
7598 1302 1
1302 7430 1
1421 1899 1
1899 3671 3
3671 5092 3
1421 3544 1
3544 364 1
364 1000 3
1000 2030 2
7447 4632 1
4632 3673 2
1639 7430 1
1421 1575 1
1575 1826 1
1826 684 1
1826 4214 1
4214 1639 1
1639 1000 1
1000 363 1
363 1246 3
1246 1421 3
364 1090 2
5092 6901 1
6901 6815 1
6815 4431 1
4431 4244 1
4244 4568 1
4568 4971 1
4971 7113 1
7113 4214 1
4214 684 1
684 3673 1
7299 4244 1
4244 3551 1
3551 1826 1
1826 1487 1
2030 2673 1
2673 3387 1
7447 6744 2
7447 2529 1
2529 7600 2
7600 6715 1
6715 2030 1
2030 4662 1
4662 7341 1
7341 3132 1
3132 606 2
606 3387 1
5451 2638 1
2638 1639 1
1639 3057 1
3057 1302 1
2943 2702 1
2702 6480 1
6480 2431 1
5844 6359 1
6359 2046 1
1097 6815 1
6815 6480 1
6480 712 1
352 2575 1
2575 2030 1
1198 3673 1
3673 3023 1
3023 5476 1
5476 7290 1
5898 2842 1
2842 272 1
272 6004 1
7598 2943 1
1151 1364 1
1364 3080 1
3080 364 1
516 1639 1
1188 364 1
3538 3671 1
3671 924 1
924 1284 1
1284 5832 1
7447 5293 1
5293 1639 1
7598 7339 1
2176 2248 1
2248 4826 1
3600 2702 1
2702 3544 1
3544 2431 1
2431 3081 1
3081 3387 1
3380 1639 1
516 4828 1
3117 112 1
3233 5832 3
5832 7002 2
7002 2932 1
2932 4004 1
4004 7406 1
3084 1421 1
1421 610 2
610 4826 1
4826 2043 1
2043 3689 1
3689 1337 1
2030 4471 1
2176 1246 1
1246 2222 1
2222 586 1
586 6655 2
5366 1987 1
1987 5867 1
5832 4213 1
4213 5996 1
5996 364 1
3360 3425 1
2030 445 2
445 3096 1
2169 5968 1
5968 2030 2
2510 4519 1
4519 3671 2
2030 1452 2
1452 3505 2
3505 4618 1
4618 610 1
610 2030 1
2030 605 1
605 467 1
467 5696 1
5696 3414 1
1042 6690 1
2910 504 1
504 2176 1
2910 1672 1
1672 2316 1
2316 2910 1
2910 5934 1
5934 1337 1
1337 455 1
455 4244 1
3393 4596 1
4596 3671 1
7481 4522 1
7598 3544 1
3544 2030 2
2030 6040 1
6040 7447 1
7447 4519 2
4519 1337 1
1337 2932 1
3387 6137 1
6137 119 1
119 7449 1
7449 5411 1
5411 2932 1
4887 516 1
364 1414 3
1414 6901 1
5929 2003 1
2003 2702 1
2702 4229 1
2030 3099 2
3099 2932 1
7602 4616 1
4616 610 1
610 363 1
1579 7297 4
7297 2990 1
2932 1337 2
1337 3122 1
3122 2030 1
2030 7348 2
7348 3387 2
2169 5656 1
5656 3431 1
3431 3194 2
3194 118 1
118 6645 1
6645 294 1
294 6137 1
6137 273 1
273 5784 1
5784 455 1
455 5851 1
4472 1298 2
1298 2996 1
2996 6246 1
6246 1562 1
1562 2176 1
2176 1087 2
6599 2910 1
1042 1970 1
1970 6219 1
6219 2712 1
2712 2030 1
2910 6396 1
6396 2879 1
3410 5286 1
5286 1454 1
1454 2806 1
2806 7449 2
7449 7016 1
3789 6054 1
6054 2431 1
1419 2989 1
2989 364 1
1130 5450 1
5450 1042 1
364 6715 1
6715 1 1
6207 4238 1
2689 711 1
711 1575 1
2910 4655 2
4655 2910 1
2910 5138 1
5138 2030 1
6023 6722 1
6722 2030 1
2030 3934 1
3934 6744 1
7365 4826 1
2910 5304 2
5304 2807 1
1128 1238 1
3199 951 1
951 7227 1
7227 4521 1
4521 1128 1
1128 3199 3
3199 2161 1
2161 2046 1
518 364 1
7430 7365 1
7365 7166 1
7166 1337 1
1337 4505 1
380 2030 1
1033 2176 3
1506 1639 2
7600 4482 1
4482 2910 1
2910 4303 1
4303 1579 1
1579 2410 1
2410 3332 1
1087 1506 1
6728 2555 2
2103 5332 1
5332 3610 1
3610 2410 1
2410 3387 2
3387 7297 3
7297 4659 1
4659 3196 1
3196 1970 1
1970 5428 1
1042 3199 1
3199 7297 1
7297 3636 1
3636 1337 1
1337 5422 1
5422 1878 2
1878 2410 1
2410 4327 1
4327 4848 1
4848 7449 1
1965 3387 1
1230 364 1
3194 6514 2
2030 4103 1
4103 6495 1
6495 3330 1
3330 7447 1
5929 5766 2
5766 7617 1
7617 6300 1
6300 1230 1
1230 512 1
512 1 1
2910 5226 1
5226 5413 1
3199 5159 1
5159 2410 1
1042 3040 1
3040 874 1
7481 5832 1
5832 3970 1
3970 2278 2
2278 518 1
518 3387 3
3673 5374 1
5374 1639 1
1639 280 1
280 868 1
868 2030 1
3673 1970 2
1970 4356 1
4356 4754 1
2410 7108 2
2932 2442 1
2442 4229 1
4229 6240 1
6240 5853 1
5853 1891 1
7555 3717 1
3717 3393 1
7449 7455 1
5967 691 1
691 5004 1
5004 1762 1
6462 2027 1
2027 3025 1
3025 5929 1
5929 5780 1
1348 2312 1
7298 1895 1
1895 5778 1
5778 3673 2
1042 6462 3
6462 4909 1
4909 564 1
564 1042 1
1042 4244 2
1321 5468 1
5468 4524 1
4524 3671 1
2176 5241 1
5241 2171 1
3671 1879 2
1879 3671 1
3671 505 1
505 2030 1
2030 5038 1
5038 5802 2
2169 6004 1
2030 1899 3
1899 6044 1
7447 1298 4
1298 2043 2
2932 2552 2
2552 6744 1
6744 1087 1
2996 5716 1
5716 2176 2
356 5780 1
5780 2996 1
2996 5241 1
5241 7598 1
7598 2926 1
2926 2030 4
2030 3252 1
3252 2030 1
2030 6749 1
6749 678 1
6641 5780 1
5780 364 1
7598 467 3
467 7226 1
7226 407 1
407 1348 1
1348 4961 1
4961 7605 1
7605 1280 1
1280 4875 1
4875 1356 1
1356 4663 1
2879 5716 1
2176 3747 1
3747 3414 1
3414 4826 1
3673 963 1
963 1246 1
1246 1363 1
1363 2787 1
2787 2431 1
2431 1042 1
1042 6179 1
6179 2046 1
2046 1502 1
1502 1476 1
3186 4909 1
4909 364 1
364 7212 1
7212 1042 1
1042 3022 1
5967 5749 1
2030 6483 1
6483 4321 1
4321 2176 3
3673 2784 1
2784 2030 1
2030 5373 1
5373 4244 1
467 4229 1
3387 1899 1
1899 2410 1
2410 6406 1
6406 2030 1
3673 5113 1
6462 268 1
3431 717 1
717 5056 1
5056 2431 1
5047 364 1
711 4086 1
4086 2932 1
7600 5722 1
5722 4754 1
1087 2009 1
2009 2218 1
2218 6901 1
1419 4619 1
4619 4055 1
4055 4940 1
4940 6641 1
1579 2321 1
2321 4352 1
4352 2910 1
5455 2996 1
2996 2199 1
2199 2760 1
2760 7449 1
7449 957 1
957 2932 2
2932 199 2
199 7447 1
6645 199 1
199 785 1
785 1042 2
1042 3547 1
7607 957 1
199 5832 1
5832 1335 1
1335 2099 1
2099 2742 1
2742 4242 1
4242 1 1
6872 5978 3
4466 1225 2
1225 5032 1
5032 6872 1
2879 5354 3
5354 2867 1
2867 1007 3
1007 7598 1
1579 7447 2
7558 3414 2
3414 2009 1
2009 2867 1
1007 5851 1
5851 2006 1
2006 482 1
482 7496 1
7496 3431 1
7598 421 1
421 718 1
718 1925 1
1925 5388 1
5388 6901 1
2303 6901 1
3600 6775 1
6775 3387 5
7447 5104 1
5104 3671 1
3671 3025 1
3025 7607 1
5978 4854 1
4854 2812 1
2812 483 1
4766 6962 1
6962 2616 1
7607 2054 1
2054 3671 1
2046 3249 1
3249 2842 1
2842 4009 1
4009 2030 1
7285 483 1
684 5552 1
5552 2030 1
711 1179 1
1179 7281 1
7281 308 1
308 1 3
4409 308 1
4826 5038 1
2169 2639 1
2030 5432 1
5432 2030 1
352 6499 1
6499 1 1
6725 505 1
505 1 1
6725 5781 1
5781 6128 2
6128 363 1
3970 1802 2
1802 6205 1
3671 4659 1
4659 3671 1
772 742 1
742 3671 1
2910 6166 1
6166 4826 1
4826 5092 1
5092 5851 1
5851 424 1
424 4498 1
4498 950 1
950 3600 1
3393 684 1
7531 5612 1
5612 5802 2
2030 1743 1
1743 1097 1
1097 3017 1
3017 1073 1
3671 5093 2
5093 5716 1
5716 2030 2
2030 173 4
173 2030 1
2030 6097 1
6097 2022 1
1899 364 1
364 5228 1
5228 467 1
467 5732 1
5732 3671 1
3671 1683 1
1683 2030 1
2030 5311 1
5311 5802 1
2030 912 1
912 1194 1
1194 3600 1
3600 6142 4
6142 7148 1
7148 3403 1
3403 467 1
467 20 1
20 2192 1
526 5602 1
5602 678 1
678 7600 1
7600 2867 1
2867 7607 1
3671 2584 1
2584 1832 1
1832 4521 1
3671 392 1
392 3671 1
3671 2410 3
363 2099 1
363 678 3
678 3783 1
3783 1028 1
1028 7528 1
7528 678 1
678 3939 1
3939 115 1
115 6494 1
6494 1417 1
1417 2510 1
2510 3326 1
3326 352 1
352 1622 1
1622 1195 1
1195 4521 1
4521 198 1
198 2600 1
2600 4520 1
2932 1432 1
1432 3387 1
6744 6522 1
6522 7385 1
7385 4754 1
4754 6189 2
6189 1850 1
1850 6313 1
6313 3220 1
3220 6313 1
6313 417 1
417 6363 1
6363 5109 1
5109 2030 1
2910 6091 1
6091 6229 1
6229 1984 1
1984 1110 1
1110 7393 1
7393 6905 1
6905 2169 1
2169 127 1
127 1639 1
1639 1175 1
1175 210 1
210 2169 1
2169 2860 1
2860 5090 1
5090 2312 1
2312 66 1
66 6872 1
2879 1509 1
1509 5189 1
5189 2510 1
2510 6229 1
6229 352 2
352 205 1
205 2030 2
2030 4765 1
4765 412 1
412 182 1
182 4900 1
4900 6717 1
6717 5144 1
5144 3452 1
3452 1117 1
2030 6720 1
6720 6398 1
6398 2838 1
2838 364 1
364 4588 1
4588 7365 1
7365 2312 1
2312 2283 1
2283 5622 1
5622 4036 1
4036 2030 2
7476 7329 1
7329 4168 1
4168 3124 1
3124 6514 1
6514 128 1
128 3853 1
3853 5412 1
5412 3199 1
595 2169 1
2910 3672 1
2932 2816 1
2816 1845 1
1845 1541 1
1541 6641 1
6641 243 1
243 364 1
364 2910 1
2910 5805 1
5805 6027 1
6027 636 1
636 4415 1
4415 2890 1
2890 2427 1
2427 3464 1
3464 7290 1
7290 586 1
772 2959 1
2910 6869 1
6869 3176 1
3176 1179 1
1179 5625 1
5625 4910 1
4910 2030 2
2030 3504 1
3504 2176 1
364 7447 1
7447 1606 1
1606 7448 1
7448 7598 1
2030 5877 1
5877 3387 1
3387 6720 1
6720 3951 1
3951 3199 1
3199 5491 1
5491 6672 1
6672 2883 1
2883 6890 1
6890 1975 1
1975 3387 1
364 2865 1
2865 2043 1
2043 6548 1
6548 3414 1
3414 6449 2
6449 4695 1
4695 2867 1
2867 2030 1
6088 3172 1
3172 2138 1
2138 3671 1
4057 6330 5
6330 2173 1
5379 1364 1
7598 5763 1
5763 2030 1
364 3151 1
3151 2030 1
2030 5153 2
364 5467 1
5467 3671 1
3671 1777 1
1777 5825 1
2030 5709 1
2783 2138 1
2138 5929 2
5929 3398 1
3398 4971 1
4971 4057 4
4057 6979 2
6979 6160 3
6160 1042 1
1042 3886 1
3886 3320 1
3320 62 2
62 2030 2
6708 1246 1
1301 7447 2
4238 4229 1
363 3289 1
3289 3624 1
3624 2780 1
3282 6744 1
1294 7447 2
7447 7213 1
7213 2030 1
2030 5728 1
5728 2176 1
2176 1042 1
1042 7598 2
3022 3607 1
7167 2312 1
1064 7556 1
7556 50 1
50 2910 1
6937 2702 1
2702 1129 1
1129 5638 1
5638 364 1
2068 2910 1
2806 947 1
364 7142 2
7142 2702 1
2702 5730 1
5730 6107 1
6107 6141 1
6141 6862 1
6862 4346 1
4346 2273 1
2273 2030 1
2910 2479 1
2479 1337 1
1337 5986 1
2169 1128 2
1128 7449 4
3199 755 2
755 2616 1
2616 1966 2
1966 607 1
607 1364 1
1364 3194 2
3194 4940 3
4940 2910 1
3970 4275 1
4275 364 1
476 6655 1
6655 1419 1
363 956 1
956 7357 1
7357 2046 1
2046 3658 1
3658 1307 1
1307 6995 1
6995 6611 1
6611 3118 1
3118 364 1
769 6461 1
6461 6850 1
6850 7244 1
7244 2030 2
2030 452 1
452 7357 1
7357 364 1
476 6988 1
6988 6641 1
4940 7482 1
7482 363 1
7297 1042 1
6240 6563 1
6563 1766 1
1766 1 1
2030 5616 2
5616 3194 1
3194 3544 1
3544 2932 2
7447 3084 1
3084 617 1
617 7496 1
7496 3208 1
3208 59 1
59 6744 1
3600 476 1
476 720 1
2051 6790 2
6790 1228 2
1228 1020 2
2658 2030 2
2030 7587 3
7587 2268 2
2268 6460 2
6460 2046 2
2046 2409 1
2409 1032 1
1032 6675 1
6675 6902 1
6902 5393 1
5393 2595 1
2595 4178 1
4178 364 1
2030 2409 1
2409 2374 1
2374 6675 2
3673 417 1
417 7497 1
7497 6371 1
6371 4346 1
3018 6599 1
1348 5780 1
5780 2881 1
2881 1020 2
1020 1348 1
1348 2881 1
2881 2268 2
2268 4971 1
4971 7182 1
7182 467 1
467 6342 1
6342 6843 1
6843 3392 1
3392 2425 1
2425 3392 1
3392 1293 1
1293 3392 1
3392 19 1
19 6641 1
1600 4837 1
4837 417 1
417 2030 1
2030 2586 1
2586 2477 1
2477 4480 1
4480 2932 1
5749 2881 1
1020 5750 1
5750 2881 1
2268 6641 1
1600 4244 1
4244 1604 1
1604 5388 1
5388 184 1
184 2867 1
1007 364 1
364 2134 2
2134 2006 1
2006 2269 1
2269 5354 1
3673 5468 1
5468 4447 2
4447 364 1
364 4019 1
4019 6744 1
5468 735 1
735 6437 1
6437 30 1
30 364 2
364 1557 2
1557 786 1
786 7345 2
7345 5715 1
2030 6154 1
6154 7345 1
7345 4826 1
3896 309 1
1128 4875 1
772 2549 2
2549 2030 2
2030 1425 2
6461 475 1
475 2577 1
2577 1233 1
1233 3266 1
3266 3673 1
2932 5883 1
5883 2932 1
7245 2982 1
2982 1981 1
3199 1911 1
1911 364 1
711 5532 1
5532 5722 1
5722 3647 1
3647 1425 1
363 5835 1
5835 3387 1
3673 2173 1
2173 5684 1
5684 6744 1
6744 6327 1
6327 6788 2
6788 151 1
151 4452 1
4452 2546 1
2546 2013 1
2013 6461 1
6461 2156 1
2156 5853 1
108 202 1
202 342 2
342 6849 1
2030 4599 1
4599 1616 1
1616 4799 2
4799 1650 1
1650 363 2
2046 5556 1
5556 1448 1
1448 5059 1
5059 364 1
5558 711 1
3673 4545 2
4545 364 1
1 2201 1
2201 364 1
3600 4164 1
4164 1225 1
1579 2325 1
2325 3265 1
3265 1650 1
363 2315 1
2315 4250 1
4250 3387 1
711 2353 1
2353 4875 1
4875 364 2
467 5834 1
5834 1216 1
1216 5919 1
5919 1 1
1 7390 1
7390 1076 1
1076 3673 1
3673 3926 2
3926 772 1
2549 4637 1
4637 2932 1
3600 7043 1
7043 4073 2
4073 3673 2
2955 2046 1
2046 156 1
156 4029 1
4029 2030 1
2030 5035 1
5035 5011 1
5011 5929 1
5929 2669 1
2669 2169 1
2169 6487 1
6487 7600 1
7600 2955 1
2955 4346 1
4346 2955 3
2955 6507 1
6507 5403 1
5403 7633 1
7633 2086 1
2086 2723 1
2723 2030 1
2030 134 1
134 6023 1
3673 7339 3
1301 920 1
3673 7452 3
7452 5929 1
3394 3673 1
3673 1602 1
1602 6630 1
6630 5528 1
5528 5788 1
5788 1977 1
4841 2092 1
2092 2364 1
2364 3492 1
3492 2932 1
363 2990 1
2990 1637 1
1637 6304 1
7540 7529 1
7529 5832 1
5832 2016 1
2016 3387 1
3356 4177 1
4177 3356 1
3356 1623 1
1623 3673 1
1491 196 1
2030 7323 1
7323 2030 1
1342 2030 1
2030 7591 1
7591 2030 1
1087 2752 3
2030 6885 1
6885 2030 1
2030 7090 1
7090 3276 1
3276 292 1
292 6142 1
2171 6487 1
6487 6507 1
6507 5114 1
5114 4244 1
4244 134 1
134 2030 1
1311 5802 1
7555 2479 1
6775 6160 1
6160 2312 2
2312 885 1
885 3673 1
7449 516 2
516 1598 1
1598 6630 4
6630 2099 1
2099 4868 1
4868 2030 1
1087 1491 3
1491 1243 1
7607 1598 4
6630 7323 1
7323 3199 1
2879 6901 1
5844 6744 2
3600 3774 1
3774 4698 1
4698 6901 2
6901 196 1
196 2879 1
2879 1243 2
3671 1598 1
1598 1 2
2879 6268 1
6268 2030 1
6901 3265 1
7600 134 2
134 3905 1
353 1639 1
1639 1526 1
1526 3356 1
3356 7345 1
7345 1302 1
1302 3356 1
1233 6253 2
6253 1598 1
6630 3673 1
3673 1450 1
1450 6630 1
6630 6744 1
1414 3673 1
1087 5173 1
5173 3617 1
3617 7607 1
1598 1330 1
1330 7607 1
7447 3825 1
3825 4755 1
4755 160 1
160 6751 1
6751 2030 2
7598 4875 1
718 702 1
702 7598 1
7598 3373 1
3470 5489 1
7447 5035 1
5035 3387 1
3387 1330 1
1330 3199 1
3199 5035 1
5035 2030 1
7598 6876 1
6876 1243 1
1243 1598 1
1598 1225 1
2879 69 1
69 2438 1
2438 6672 1
6672 6011 1
6011 6872 1
6872 3825 3
6775 1598 1
1598 2431 1
2431 6872 3
6995 516 1
516 6901 3
7607 2592 1
2592 77 1
77 6728 1
7607 3617 1
3617 6872 1
6872 6756 1
6756 2099 1
1233 5350 1
5350 1639 1
1639 5365 1
5365 3199 1
6411 1225 1
5468 441 1
441 6872 1
2323 1225 1
1225 1598 1
1598 7516 1
7516 6872 1
6872 298 1
298 2699 1
2699 6630 2
6630 1 2
1 3825 1
3825 5849 1
5849 2699 1
6630 7598 1
7598 4228 1
4228 7476 1
7476 4047 1
4047 3387 1
2851 273 1
7374 1602 1
1602 5942 1
5942 2628 1
2628 2312 1
3673 298 1
298 364 1
1414 1598 1
1598 3673 1
3199 3902 1
3902 3672 1
3672 3394 1
3394 1 1
1 298 1
298 4047 1
4047 364 1
364 2022 2
2030 2994 1
2994 3672 1
2030 6891 1
6891 4047 1
4047 5802 1
5802 4521 1
3199 5569 1
5569 2985 1
2985 2030 1
2115 554 1
554 6630 1
6630 4618 1
4618 3671 1
3671 3505 3
3505 1197 1
1197 6205 1
2030 5856 1
5856 1087 1
7447 1243 2
1 5967 1
5967 516 1
516 4047 1
4047 7043 1
7043 2030 5
2030 4147 1
4147 363 1
6392 1205 1
1205 6655 1
2479 1205 1
1205 7476 1
7476 2176 1
2176 6201 1
6201 1064 1
1064 4875 1
364 7245 1
364 3265 2
3265 2780 1
2030 1064 1
1064 364 1
364 1252 1
1252 1548 1
1548 364 1
467 5355 1
5355 2780 1
2780 4304 1
4304 5832 1
5832 7317 1
7317 309 1
309 5919 1
5919 2116 1
5468 1204 1
1204 7318 1
7318 5832 1
7339 817 1
817 4725 1
4725 309 1
2615 5379 1
5379 4682 1
4682 1443 2
1443 6641 1
7390 5154 1
5154 3532 1
3532 3672 1
3672 2588 1
2588 5488 1
5488 1761 1
1761 1057 1
2030 7492 1
7492 7177 1
7177 4521 1
4521 4725 1
4725 6331 1
6331 2030 1
3672 6645 1
6645 1391 1
1391 6781 1
6781 3672 1
7598 1589 1
1589 4616 1
4616 3387 1
6866 2193 1
2193 134 1
134 2470 1
2470 60 1
60 6710 1
6710 2537 1
2537 3672 1
2030 5919 1
5919 5832 1
6994 528 1
528 2909 1
2909 5360 2
5360 2030 1
3600 1 1
1246 6241 3
6241 541 1
541 791 1
791 3672 1
364 7177 1
3320 1319 1
1319 6241 1
6241 2909 1
2909 1639 1
3672 6728 1
772 134 2
134 4410 1
2686 7598 1
7598 2019 1
2019 4521 1
4521 3675 1
3675 3199 1
3199 6109 1
1391 7598 2
7598 7562 1
7562 5496 1
5496 4826 1
6023 4553 1
6163 6242 1
6242 1475 2
1475 3382 1
3199 848 1
848 6901 1
6645 3623 1
3623 2030 1
3199 1453 1
1453 6645 2
6645 6983 1
6983 2176 1
2176 6242 1
1475 5489 1
6744 3464 1
3464 6066 1
6066 312 1
312 6241 1
2030 4379 2
4379 2099 1
2099 5009 1
5009 3672 1
3672 2169 2
2169 7258 1
7258 1616 1
363 2909 1
2909 4521 1
3199 2064 1
2064 2932 1
5722 3265 1
3265 1425 1
1425 5920 1
5920 2982 1
586 3673 1
4545 2030 1
2030 6102 1
6102 2030 1
2173 679 1
679 3516 1
3516 7390 1
7390 2046 1
3673 807 1
807 4346 1
4346 1492 1
1492 1425 2
1425 162 1
162 3700 1
3700 364 1
3600 6947 2
2030 6947 1
6947 1425 1
1425 541 1
541 2982 1
2982 5403 1
5403 5322 1
5322 7390 1
1600 1628 1
1628 3387 2
363 3679 1
3679 4828 1
2115 6428 1
6428 3435 1
3435 2538 1
2538 1981 1
1981 430 1
5832 1425 2
1425 2115 1
2115 4600 1
4600 1981 1
1981 364 1
2806 1064 1
1064 5958 1
5958 2030 1
2030 3699 1
3699 4521 1
4521 364 1
3600 4958 1
4958 2612 1
2612 3199 1
3199 6400 1
6400 364 1
5722 6645 1
6645 1128 1
1128 5154 1
5154 4789 1
4789 3877 1
3877 3017 1
2030 3017 1
3017 4828 1
7447 5722 1
711 391 1
391 364 1
3673 7393 1
7393 237 1
237 4471 1
2169 4566 2
4566 6681 1
6681 1224 1
1224 6739 1
6739 2932 1
7043 7244 1
711 4986 1
4986 3392 1
3392 5994 1
5994 4990 1
4990 5832 2
7207 5003 1
5003 5832 1
5967 3442 1
364 7244 1
7244 4971 1
7598 4201 1
4201 3276 1
3276 542 1
520 6815 1
6815 1475 1
1475 404 1
404 2513 2
2470 678 1
678 2043 1
2043 6449 1
6449 250 1
250 4990 1
7207 1639 1
1639 5929 2
5929 2702 1
2702 1567 1
1567 894 1
894 678 1
2043 5711 1
5711 772 1
134 3498 1
3498 2176 1
524 3673 1
718 4819 1
4819 2982 1
2982 251 1
251 3600 1
1087 2121 2
2121 2169 1
2169 2510 3
3671 5010 1
5010 3423 1
3423 1575 1
3671 694 1
694 7022 1
7022 467 1
467 2169 2
2510 5012 1
5012 1639 1
1639 4755 1
4755 1250 1
352 6690 1
6690 6297 1
6297 5729 1
5729 1492 1
7449 6461 1
6461 250 1
250 6956 1
6956 7607 1
7447 6728 4
2009 352 1
7447 5236 1
5236 6875 1
6875 1090 1
1090 250 1
250 5082 1
5082 452 1
2669 1046 1
1046 2030 2
2030 1683 1
1683 2176 1
2176 2111 2
2111 2030 2
862 7588 1
7588 795 1
795 5360 1
5360 5832 1
5832 1443 3
7607 764 1
764 2932 2
2932 590 1
590 6828 1
6828 2030 1
2030 7341 1
7341 2932 1
2932 1175 1
1175 4410 1
4410 3671 1
2030 2251 1
2251 364 1
364 5974 1
5974 7598 1
363 6449 3
6449 1090 1
5444 5832 1
5832 72 1
72 2634 1
2634 772 2
772 7051 1
7051 3671 1
3671 734 1
734 2030 1
2030 5797 1
5797 3671 2
3671 5798 2
5798 364 1
3802 2030 1
2030 5640 1
5640 5832 1
3973 3387 1
3387 5978 3
5978 3671 2
3671 3264 1
3264 4828 1
3671 5036 4
7449 6919 2
6919 6457 1
6457 4582 1
4582 7506 1
7506 1 1
3671 1276 1
1276 6375 1
6375 1597 1
1597 1 1
6995 1316 1
1316 3671 1
3671 6937 4
6872 3853 2
3853 2716 1
2716 5025 1
5025 2169 1
2169 6189 1
4484 1238 2
3387 3600 1
7390 6044 1
5313 6641 1
718 6645 2
6645 832 1
832 2312 1
2312 5428 1
1 6641 1
3671 5851 1
5851 1376 1
1376 6461 1
6461 1511 6
1511 364 2
364 50 1
50 3905 1
3905 3373 1
3199 5163 3
5163 709 1
709 3356 1
364 5428 1
5428 3356 1
364 6802 1
6802 518 1
518 250 1
250 4475 1
5844 275 1
275 2549 1
2549 364 1
1128 2974 1
2974 6641 1
7449 5327 1
1097 4346 1
2030 1808 1
1808 980 1
980 7505 1
7505 980 2
980 2169 1
2169 7390 1
6872 3450 1
3450 6872 1
6775 5447 1
5447 2431 1
2125 2030 2
1368 6872 1
6872 1373 1
5226 364 2
1600 1523 2
1523 5797 1
5797 7506 1
7506 467 1
467 6142 1
6142 2192 1
5032 1 1
467 7043 2
4590 3118 2
772 6166 2
6166 2030 6
2030 4384 1
4384 3671 1
711 2046 1
2046 2549 1
2549 980 1
980 7390 1
7390 1090 1
5444 5443 1
5443 5832 1
5832 1117 1
1117 3736 1
3736 2030 1
3595 1111 1
7297 1492 2
1492 364 3
2030 6738 2
6738 5508 1
5508 364 1
6503 7449 2
7449 5292 3
1087 250 1
250 3970 1
2030 2752 2
2752 7607 1
2999 3387 1
363 6699 1
6699 1368 1
1368 7365 2
7365 1832 1
1832 1368 1
7365 3199 1
3199 1415 1
1415 1575 1
1575 4754 1
7302 6142 1
6044 5332 1
5332 7607 1
6872 5593 1
5593 1028 1
1028 352 3
6872 3356 4
363 1899 1
364 2549 1
2549 6738 1
6738 5568 1
5568 6479 1
6479 772 1
772 6507 1
6507 3302 2
2030 6192 2
6192 6995 1
6172 250 1
250 3947 1
3947 5226 1
5226 3726 1
3726 2932 1
2030 3788 1
3788 7506 2
7506 293 1
293 3387 1
1600 6234 1
6234 442 1
6462 4073 2
4073 2549 1
2549 5226 1
5226 6055 1
6055 621 1
3671 6492 1
6492 7390 1
2030 6943 1
6943 3671 1
3671 1906 2
1906 3387 1
3673 6735 1
6995 125 3
125 7428 1
7428 7365 2
1419 7016 1
7016 1428 1
1428 1419 1
1419 5978 1
180 3671 2
5798 7447 1
363 6025 2
6025 315 1
315 364 3
1205 5929 1
2030 5233 1
5233 4244 1
404 3723 1
3723 4652 1
5832 5490 1
5490 5975 1
772 2510 2
2879 2169 1
4423 770 1
770 6448 1
6448 7260 1
7260 1878 1
3671 6129 1
6129 5832 1
2669 4828 1
352 1817 1
1817 3671 2
3199 5338 2
5338 3387 1
851 3671 2
3723 4475 1
2169 2549 1
3186 3788 1
7506 5257 1
5257 404 1
2513 1087 1
1087 5865 1
5865 1639 2
1469 1618 1
1618 5865 1
1469 2115 1
3671 6167 1
6167 3672 1
3672 2479 1
2479 3672 1
3672 3373 1
6207 6944 1
6944 3671 2
3671 2513 1
2513 316 1
316 113 1
113 7607 1
7607 3880 1
3880 2932 1
2030 3771 1
3771 7406 2
6234 4889 1
4889 250 1
250 2932 1
5468 6995 1
2669 3671 1
7043 7607 1
7607 2965 1
2965 7488 1
7488 5832 1
5832 3304 1
3304 1097 1
1097 5832 1
6503 3671 3
5802 4368 1
4368 5173 1
5173 2030 1
6448 6091 1
6091 6934 1
6934 3671 2
3671 7126 1
2030 522 1
522 4232 1
4232 5967 1
7455 3671 1
3199 7079 1
7079 1 1
326 2030 3
5844 6770 1
6770 7016 1
7016 2513 1
2513 4505 1
4505 250 1
250 7607 1
7607 3578 1
3578 7449 1
4766 2510 2
363 4582 1
4582 7505 2
7505 3671 1
3671 6507 3
6507 6260 1
6260 6396 4
6396 4775 1
4775 7043 1
5832 4412 1
4412 4194 1
364 4902 2
5802 3199 2
3199 5156 1
5156 1 1
1 1311 1
3671 1504 1
1504 2260 1
2260 364 1
1600 2792 3
6937 2852 1
2852 1280 1
1280 6382 1
6382 113 1
113 364 1
364 6323 1
6323 1246 1
1246 2893 1
2893 250 1
250 2030 2
3671 5173 1
5173 3444 1
3444 7449 1
1957 3671 1
6937 4194 1
4194 3432 1
3432 5173 1
5173 3912 1
3912 364 2
1 1521 1
1521 4194 1
4194 2752 1
2030 5756 1
5756 3718 1
3718 3432 1
3432 2534 1
2534 363 1
363 492 1
492 250 1
250 726 1
726 5802 1
1087 5460 2
5460 245 2
245 3199 1
3199 6528 1
6528 105 1
105 5508 2
5508 4057 1
4057 952 1
3671 3941 1
3941 7254 1
7254 5802 1
601 105 1
5508 779 1
779 2030 3
6887 370 1
370 2932 1
1981 2957 1
2957 5612 1
5802 1280 1
1280 731 1
731 4354 1
4354 2030 1
2030 316 3
316 2932 4
2932 6679 1
6679 3836 1
5832 2469 4
3671 6738 1
6738 6310 1
6310 621 1
772 6733 1
6733 2030 1
2030 3083 1
3083 1491 2
1491 2932 5
2932 1491 3
1491 971 1
971 7523 2
6448 7452 1
6937 1 2
1 3178 1
3178 579 1
579 6448 1
6448 3923 1
3923 3673 1
2471 3880 1
3880 3017 1
3017 1243 1
3671 601 1
601 4582 1
7505 7489 1
7489 5929 1
5929 4194 1
4194 2932 1
1981 4279 1
2932 2170 1
2170 2030 1
4520 5360 1
5360 250 1
250 4103 1
4103 364 1
2702 42 1
42 5167 1
5167 7390 1
7390 4696 1
4696 6739 1
6739 2489 1
1128 2043 1
2043 6126 1
6126 1 2
4249 2030 1
5517 5967 1
7297 2780 1
2780 6901 3
3643 7607 1
6507 6269 1
1295 579 1
579 3671 1
3671 4597 1
2030 4400 1
4400 3600 1
3600 273 1
273 195 1
195 3671 1
3671 4346 2
1097 1 3
1492 5623 1
5623 2932 1
6375 5626 1
5626 5791 1
6937 6725 2
2780 2517 1
2517 620 1
620 3600 1
2046 5395 1
5395 3671 1
3671 5468 2
5468 1321 1
1321 1066 1
1066 499 1
499 2030 4
3671 783 1
783 364 1
5967 601 1
601 195 1
195 4478 1
4478 6901 1
2030 3715 1
3715 2312 1
3671 841 1
841 3671 1
3671 1903 1
1903 3671 1
1469 2471 1
4209 3672 1
3672 3882 1
3882 3789 1
2030 6934 1
6934 7598 1
363 1280 1
1280 1090 1
1090 7515 1
7515 3970 1
3970 7295 1
7295 2030 1
2030 6119 1
6119 3387 1
3387 6523 1
6523 232 1
232 2030 1
2030 4125 1
4125 3414 1
3414 728 1
728 6626 1
6626 6249 1
6249 467 1
1128 6703 1
6703 2030 1
2030 4203 1
4203 2030 1
2030 6733 1
6733 7449 2
7449 5335 1
5335 2169 1
2169 3643 2
4321 3387 1
3387 7390 2
7390 6507 1
7299 7141 1
7141 5929 1
1 1711 1
1711 772 1
772 4307 1
4307 6164 1
6164 795 1
795 6995 2
6995 1454 1
1454 3143 1
3143 7598 1
7598 3347 2
3347 2030 2
795 6866 1
6483 772 2
1227 1492 1
1492 4321 1
4321 1492 1
1492 2103 1
2103 6645 2
1600 4900 1
4900 2176 1
795 3187 1
3187 1971 1
1971 4061 1
4061 2030 1
935 5360 1
5360 5736 1
6866 1298 1
1298 2879 1
2879 1404 2
1368 1475 1
1475 7043 1
363 591 2
591 3968 1
3968 5658 1
772 5243 1
5243 2030 1
604 2171 1
2171 2046 4
6245 273 1
273 6738 1
6738 2030 5
6166 971 1
7523 3600 1
3600 945 1
945 6787 1
6787 7390 1
627 364 1
156 4240 1
4240 7355 1
7355 5957 1
5957 2932 1
2932 1919 1
1919 2030 3
5832 2507 1
2507 6832 1
6832 4524 1
4524 2932 1
1981 2780 1
6507 250 1
2030 1028 2
6507 7505 2
7505 2030 1
7390 4151 1
4151 1639 1
2780 2932 3
2780 6124 1
3671 1294 4
2030 4529 2
4529 1097 2
364 2001 2
2001 6775 1
7447 4663 2
2030 2967 1
2967 7078 1
7078 5802 1
364 122 1
122 7449 1
7449 5501 1
5501 2176 1
3671 4004 1
4004 3866 1
3866 2780 1
1981 4826 1
3671 907 1
907 2932 1
7505 3176 1
3176 2984 1
2984 7540 1
2030 863 1
863 250 1
250 4826 1
4826 3717 1
3717 6832 1
6832 1123 1
1123 2030 1
6044 105 1
105 4706 1
4706 6044 1
6044 1579 1
5468 105 1
105 2030 2
7077 2957 1
2957 6775 1
2510 520 1
520 5851 1
5851 5247 1
5247 6044 1
3671 4957 1
4957 2079 1
2079 2030 1
772 6163 1
6163 2102 1
6641 1899 1
1899 3199 1
2702 1547 1
1547 7390 2
7390 963 1
963 342 1
342 2030 3
6462 6953 1
6953 3671 1
3671 6866 3
7447 7506 1
7506 6125 1
6125 2624 1
2624 7406 1
2811 7598 1
4307 772 1
3673 2272 2
2272 2176 1
147 5832 1
1349 2469 1
2469 1925 1
1925 772 1
772 4677 1
4677 4244 1
4244 5413 2
5413 157 1
157 455 1
2932 7393 2
7393 481 1
481 3673 1
3673 6738 1
6738 316 1
316 4244 1
7043 2169 1
1425 7506 1
7506 1046 1
173 2176 2
7447 4677 3
4677 2932 1
5413 6190 1
6190 2099 1
2099 5680 1
5680 2030 1
363 6994 2
6994 2019 1
2019 5715 1
5715 124 1
124 683 1
683 6738 1
6738 5832 2
2469 6448 1
6448 5891 1
5891 5832 2
1443 2046 1
467 3643 2
3643 4244 1
5413 944 1
944 1613 1
1613 1097 1
2171 1308 1
1308 6023 1
6023 3235 1
3235 2716 1
2066 2171 1
2171 1650 1
1650 821 1
821 4016 1
2030 1280 4
1280 3387 1
2312 6738 1
6738 4980 1
3673 3911 1
3911 2030 1
2030 3791 1
3791 1238 1
1238 2831 1
2831 1614 1
1280 4209 1
2030 681 1
364 2152 1
2152 4125 1
4125 7470 1
3673 6492 1
6492 4073 1
4073 1650 1
1650 7506 1
7506 3083 1
6641 7561 1
7561 7447 1
7116 6253 1
6253 2914 2
2914 7598 1
363 2702 1
2702 1249 1
1249 1264 1
1264 3265 1
3265 2471 1
2471 2656 1
2656 1650 2
1650 2656 1
1650 1899 1
1899 4762 1
4762 6806 1
6806 6438 1
6438 2030 1
2030 2657 1
2657 1448 1
678 1650 1
1650 5807 1
5807 2030 2
2030 4079 1
4079 5829 1
5829 6738 1
6738 624 1
624 7278 1
7278 364 1
364 1264 1
1264 364 1
2811 7505 1
2504 4473 1
4473 5929 1
5929 1425 2
1425 5832 2
5832 1269 1
1269 5801 1
2030 6447 1
6447 6260 1
2030 3313 1
3313 3199 1
6142 7560 1
7560 7154 1
2030 624 1
624 3930 1
3930 3017 2
3017 7505 1
7505 3199 1
6142 5313 1
5313 6507 1
6205 575 1
575 6723 1
6723 363 1
363 1634 1
1634 2030 1
2030 6884 1
6884 7505 1
7505 2752 1
2752 3437 1
3437 1057 1
1057 6738 1
6775 2932 1
3671 3767 1
3767 495 1
495 5422 1
5422 6205 1
6205 3671 1
5832 6845 1
6845 518 1
518 3714 1
3714 1057 1
1057 6728 1
6728 7505 1
7505 712 1
352 1873 1
1873 3199 1
3199 470 1
470 6192 1
6192 1 2
6645 3789 1
3789 2431 3
2431 2871 1
2030 1990 1
1990 4938 1
5967 6744 1
795 2316 1
2316 2624 1
2624 7598 1
7598 1642 1
1642 795 1
795 639 1
795 7255 2
7255 6183 1
6183 2624 1
2624 2893 1
2893 6901 1
795 7254 1
7254 6183 1
6183 880 1
4157 2199 1
2199 3331 1
3331 181 1
181 3995 1
3995 1614 1
2431 6161 1
6161 1656 1
1656 6626 1
6626 4887 1
4887 795 1
795 640 3
640 7447 4
7255 1523 2
1523 6580 1
6580 2169 2
2169 2893 1
2893 1225 1
1225 2893 1
2893 3380 1
3199 6956 1
6956 364 1
5802 1319 1
1319 6875 1
6875 6645 2
6645 2176 3
795 5489 1
6685 2066 1
2066 6947 3
6947 6990 1
6990 7630 1
7630 795 1
2009 795 3
795 3131 1
3131 7607 1
7607 5764 1
2030 916 1
916 2932 1
2932 5968 2
5968 6641 1
2009 6432 1
6432 7390 1
6655 6433 1
6433 3553 1
3553 7390 3
7390 6844 1
6844 2932 1
5968 3671 1
3671 4508 1
4508 2171 1
6744 4492 2
4492 6762 1
6762 3671 1
5844 2043 1
2043 1428 1
2030 2848 1
2848 7449 1
7449 245 1
245 3378 1
3378 3671 1
3671 1523 1
1523 2482 1
2482 2030 1
2030 6197 1
6197 2932 1
7602 3600 1
7390 5844 1
5844 125 1
769 4651 2
4651 1301 1
1301 3770 1
3770 1354 1
1354 4590 1
3586 467 1
467 2364 1
2364 381 1
381 1000 1
1000 6641 1
7371 3022 1
3022 795 1
795 6184 1
6184 3118 1
3118 7447 1
640 326 1
326 795 1
795 1288 1
1288 6184 1
6184 1492 1
795 6781 1
6781 6645 1
1600 2030 2
2030 3384 1
3199 6181 1
6181 4865 1
4865 381 1
381 6568 1
6568 3199 1
3199 481 1
481 6915 1
6915 4828 1
3673 288 2
7447 1491 1
1491 3786 1
3786 5129 1
5129 6568 1
6568 2066 1
6947 364 1
6775 2370 1
2370 6641 2
352 4887 1
4887 3673 1
718 3705 1
3705 1 1
4826 2893 1
2893 980 1
980 3411 1
3411 5832 1
5832 6354 1
6354 6844 1
6844 364 1
2731 5385 1
5385 1639 1
3671 6385 1
2030 2624 1
2624 3231 1
3231 381 1
381 3987 1
3987 364 1
3199 4994 1
4994 5832 3
5967 2893 2
2893 7598 1
7598 3600 2
3600 3987 1
3987 1 1
779 7447 1
795 5115 2
5115 3199 1
3199 3411 1
3199 1924 1
5967 2731 1
2731 795 1
795 4994 1
4994 4612 1
4612 74 1
74 1013 2
1013 2030 1
795 2372 1
2372 795 1
795 6984 1
6984 352 1
3600 270 1
270 795 1
7300 2163 1
2163 6626 1
6626 3553 1
2685 179 2
179 2030 2
2030 3680 3
3680 795 1
1575 7302 1
7302 4612 1
4612 712 1
712 74 1
1013 2471 1
2471 2624 1
2624 3671 2
3671 2624 1
3671 795 1
795 288 1
288 3918 1
3918 288 1
7447 3476 1
3476 364 1
364 795 1
795 6725 1
795 1577 2
1577 6844 1
6844 2030 1
795 4409 1
4409 618 1
2030 7346 1
1639 7196 1
7196 6628 1
6628 7598 1
7598 4612 1
4612 2030 1
2030 7611 1
7611 6626 2
6626 5832 2
2030 6957 1
6957 2030 1
7447 6262 1
6262 417 1
417 1298 1
1298 5851 1
5851 1586 1
1586 482 1
482 2932 1
5898 7598 3
7598 6738 1
6738 54 1
54 6645 1
1600 6738 1
6738 3673 1
3673 1479 1
1479 3199 1
3199 5832 2
5832 713 1
713 7307 1
7307 3387 1
5832 7307 1
7307 2431 1
3673 582 1
582 3673 1
3673 2836 1
2836 2030 1
3673 3952 1
3952 3387 1
3387 6738 2
6738 364 1
364 1052 1
1052 2431 1
6483 2893 1
2893 3248 1
3248 1233 1
1233 1591 1
1591 3414 1
6690 795 1
795 3762 1
6744 4378 1
4378 7258 1
7258 4520 1
4520 1428 2
2030 1767 2
1767 364 2
5929 3400 1
3400 1575 1
1575 1288 1
363 2623 1
2623 6725 1
6725 3675 1
6685 2176 1
2176 5092 1
5046 6725 1
6725 5086 1
5086 2731 1
2731 2030 1
2893 6690 1
6690 6917 3
6917 2030 3
2030 1654 2
1654 5832 1
5967 5929 1
5929 4612 1
4612 5832 1
6142 3671 4
3671 726 1
726 5801 1
2030 492 1
492 2534 1
2534 6738 1
6738 6428 1
6428 3930 1
4826 316 1
316 704 1
704 364 1
74 1014 1
1014 7037 1
7037 734 1
734 1639 4
1492 5832 3
5832 1389 1
1389 1586 1
1586 518 1
352 3774 1
3774 1575 1
352 1934 1
1934 3387 1
2169 7357 1
7357 2030 1
2030 309 1
309 4503 1
4553 6501 1
6501 3199 1
5249 1 1
6728 3424 1
3424 580 1
580 4346 1
4346 4000 1
4000 6901 1
2842 1247 1
1247 2015 1
2015 2866 2
7297 5869 1
5869 3673 1
7447 3368 1
3275 2009 1
2879 4655 1
4655 364 1
6645 7113 1
7113 1235 1
1425 6430 1
6430 7467 3
7467 3777 1
3777 3370 1
3199 4636 1
4636 7607 2
7449 6792 1
6792 1302 1
2932 7357 1
7357 1575 1
1575 3332 2
3369 1492 2
1492 6403 4
6403 3387 2
3387 1067 1
1067 313 1
313 3673 1
5379 1777 1
1777 7357 1
7357 5851 1
5851 5783 1
5783 363 1
363 2312 2
772 794 1
794 452 1
452 4678 1
4678 1334 1
2587 257 1
257 3431 1
3431 257 1
257 2893 1
2893 364 1
364 7555 1
364 5791 1
5791 125 1
125 5853 2
2030 6530 1
6530 4358 1
4358 2584 1
2030 5926 1
5926 3673 1
2949 7390 1
7390 1250 2
1250 1 1
1 2587 1
2587 772 1
772 5775 1
5775 2030 1
2030 5641 1
5641 6141 1
6141 7339 1
7339 2364 1
2364 5851 1
5851 7447 1
2932 1577 1
1577 3150 1
3150 2408 1
3595 364 1
4217 6508 1
6508 2798 1
2798 1421 2
5379 7144 1
7144 306 1
306 7598 1
5313 7459 1
7459 2019 1
2019 7607 1
6645 2454 1
2454 364 1
526 1 1
3973 748 1
748 2932 1
2932 5974 3
5974 2030 3
2030 6505 1
6505 3540 1
3540 46 1
46 6641 1
6641 2094 1
2094 2030 1
2030 1044 1
1044 2030 1
2030 1159 1
1159 2893 1
2893 2173 1
6645 945 1
2695 2030 3
2030 2264 2
2264 1097 2
1097 7470 1
3199 1706 1
1706 448 1
448 4000 1
4000 1 1
1 4217 1
4217 1243 1
1243 6781 1
2046 5775 1
5775 2598 1
2598 2926 1
2030 7499 1
7499 5490 1
5490 621 1
621 6653 1
6653 2030 1
3673 4856 1
2932 4961 1
4961 2016 1
2016 1 1
3673 4652 1
4652 772 1
772 362 1
362 2030 1
2030 357 1
357 2932 1
2669 805 1
805 684 1
684 6725 1
6725 1492 2
2176 2669 1
2669 3039 1
3039 772 1
275 1 2
1 166 1
166 772 1
772 5693 1
5693 4775 1
4775 2486 1
2486 7583 1
7583 205 1
2471 3399 1
3399 1 1
1 2292 1
2292 4503 1
3671 3899 1
3899 5558 1
5558 7565 1
772 315 1
315 4291 2
4291 2030 2
772 2587 1
2587 4358 1
4358 1 1
1334 6100 1
6100 5802 2
5802 2932 2
1194 1 1
2669 2176 2
2176 3037 1
3037 1225 1
1225 5019 1
5019 2030 1
1492 6337 1
6337 2932 1
2932 46 2
46 2030 1
2030 3800 1
3800 5851 1
5851 2095 1
2095 4537 1
4537 2192 1
4826 359 1
359 6905 1
6905 2030 3
772 7272 1
7272 364 2
364 2558 3
2558 2030 3
2030 5381 2
5381 173 1
173 3414 1
711 6655 2
6655 5222 1
5222 6970 1
6970 7558 1
7558 2030 6
2030 2292 1
2292 772 1
711 457 1
457 5388 1
5388 5379 4
5379 1463 1
1463 7447 1
3356 6044 2
3671 166 1
166 3671 1
2792 3806 1
3806 5851 1
5851 6195 1
6195 482 1
5032 6645 1
6645 2733 1
2733 3673 1
6645 4472 1
4472 7598 1
4670 1225 1
5032 3673 1
7339 1090 3
1090 1 1
4826 2194 1
2194 5427 1
5427 7299 1
7299 5262 1
5262 2932 1
46 1087 1
363 3014 1
3014 2030 1
2879 1568 1
1568 452 1
452 3199 1
4233 769 1
1492 3671 1
3671 613 1
613 2030 1
6448 6967 3
6967 3671 1
3199 6166 1
772 4940 1
4940 5094 1
5094 6728 1
6728 5388 1
5388 6462 1
6462 7051 1
7051 2030 1
6269 488 2
488 2030 3
5379 5709 1
2783 2030 1
6641 5498 1
5498 5388 1
5388 7447 1
7447 2831 1
2831 2893 1
2893 4301 1
4301 5832 1
5832 6052 1
6052 2030 2
2169 46 1
46 2471 1
2471 5210 1
3671 984 1
984 3671 1
3671 637 1
637 1 1
3265 1614 1
1614 5093 1
5093 529 1
529 3414 1
6728 166 1
166 5240 1
5240 2702 1
2702 5732 1
5732 2030 2
2030 915 1
915 2988 1
2988 7447 2
7447 5388 1
5388 363 1
363 6246 1
6246 4735 1
7390 3448 1
3448 275 1
3199 6055 1
6055 3671 1
3671 4507 2
4507 3671 1
3671 4481 1
4481 452 1
452 1575 1
1575 6775 3
6775 1506 1
6346 6968 1
6968 2932 1
5660 2030 2
2030 6271 1
7390 558 1
558 2669 1
2669 3183 1
3183 314 1
314 364 1
2030 204 2
204 2030 1
2030 6046 1
6046 2030 1
2030 1022 1
1022 2030 1
1246 7358 1
7358 2385 1
2385 4290 1
4290 2932 1
2932 7000 1
7000 6448 1
6967 3672 1
1 5428 1
5428 7346 1
1639 1173 2
1173 2030 2
3671 507 1
507 2932 1
2932 601 1
601 4971 1
4971 2171 2
2171 5375 1
5375 2030 1
772 2020 1
2020 729 1
2780 2471 1
7305 1368 1
1368 6128 1
6128 1 1
1 4346 2
2369 2370 1
2370 2176 1
2176 2385 1
2385 3356 1
3356 6448 1
6448 2669 1
2669 919 1
919 2030 2
4652 364 2
467 3702 1
3702 772 1
772 621 1
1225 621 1
621 46 1
46 1 1
7600 1511 1
1511 269 1
269 6901 1
3600 3671 2
3393 5910 1
5910 1368 1
1981 5832 1
6503 6725 1
2030 5388 1
5379 173 1
173 3387 1
3387 2830 1
2830 363 1
1368 6192 1
6192 7607 1
1489 3789 1
3789 6522 3
6522 520 1
364 2192 5
3671 3680 1
3671 725 1
725 2932 1
1579 4530 1
4530 6858 1
6626 7175 1
1639 4291 1
4291 364 1
6127 2811 1
5974 315 1
2030 907 1
907 364 1
5787 1 1
2669 2909 1
2909 6141 1
6141 2932 1
2932 4489 1
4489 1 1
6507 5379 1
2030 6396 2
6396 6781 1
6781 3905 1
6462 6231 1
5967 3594 1
2030 7490 2
7490 3672 1
359 5966 1
5966 3672 1
3672 7447 7
3672 6744 1
6744 2763 1
2763 364 2
3671 6065 1
6065 5990 1
5990 6628 1
6628 2030 1
3671 3635 1
3635 6533 1
3595 363 1
6641 3127 1
3127 2030 1
2030 7526 1
7526 7447 1
3671 6826 1
6826 2669 1
2669 7279 1
7279 2030 1
2030 1878 4
1878 3672 1
4522 5558 1
5558 7558 2
3040 6337 1
6337 5615 1
5615 2030 1
2030 6905 3
6905 5832 1
5832 46 1
46 1639 1
1639 2526 2
2526 1 1
1 5388 1
173 3789 1
3789 672 1
672 2030 1
2030 6972 1
6972 6866 1
6866 166 1
166 6937 1
3671 3618 2
3618 2030 2
1970 1069 1
1069 518 5
518 407 1
6253 3014 1
3014 3671 1
5844 5032 1
5032 467 1
7558 2046 1
5844 7455 1
5967 4739 2
6641 4680 1
4680 3387 2
2780 166 1
166 2030 1
1639 6875 1
1421 3199 1
2030 354 1
354 7357 1
7357 7527 1
7527 7598 1
7598 3387 3
1454 7297 2
7297 1364 1
7607 4303 1
4303 3671 1
2879 5677 1
5677 2932 2
2842 4747 1
4747 3414 1
476 6349 1
6349 2030 1
4940 3387 1
3387 5046 1
5046 467 2
7390 1254 1
1254 2910 1
2910 1560 1
1560 6962 1
6962 4551 1
4551 5696 1
711 6196 1
7598 4994 1
4994 1042 1
364 194 2
194 2030 1
5565 5602 1
7393 2383 1
2383 4940 1
4940 2479 1
2479 3600 2
3600 2716 1
2716 2431 1
2431 1874 1
1874 6866 1
6866 1042 4
7600 52 1
52 3670 1
3670 3199 1
2879 4413 1
4413 1368 2
1368 7496 1
7496 2177 1
2177 4883 1
4883 2358 1
2358 1 1
2030 7452 1
7452 4233 2
4233 678 1
678 772 4
3673 3418 1
3418 3671 2
7447 6945 1
3673 552 1
7166 3671 1
3671 5517 1
5517 273 1
273 2628 1
2628 3562 1
3562 336 1
336 2030 6
7476 2450 1
2450 3061 1
3061 3320 1
5616 3673 1
364 62 1
62 363 1
6044 678 2
364 4638 1
4638 6559 1
6559 6744 1
6744 6815 1
1301 720 1
2828 2030 1
2046 2659 1
2659 2030 1
2030 2374 1
5929 1527 1
1527 6789 1
6789 2409 1
2409 1625 1
1625 2099 1
2099 7326 1
7326 7463 10
7463 786 1
576 1579 1
3600 6534 1
6534 5851 1
5851 2494 1
2494 7553 1
7553 1614 1
2030 5715 1
5715 786 1
786 670 1
670 3414 1
3414 6044 2
6990 1575 4
7600 6536 1
6536 3673 1
3199 5001 1
5001 2010 1
2009 51 1
51 6641 1
678 467 1
2410 603 1
603 585 1
585 6321 1
6321 6599 1
6599 1795 1
1795 2030 4
2030 5829 1
5829 5908 1
5908 1364 1
1364 5598 1
5598 2030 1
476 3199 1
7121 2910 1
2910 3578 1
2176 1766 1
1766 6995 1
363 201 1
201 2935 2
2935 2312 1
2312 4638 2
4638 4116 1
4116 1439 1
1439 1042 1
1042 315 1
315 1285 1
1285 6901 2
1256 5249 1
5249 2492 1
2492 5414 2
5414 851 1
6599 6462 1
4073 1795 1
2030 5240 1
5240 3206 1
3206 5732 1
5732 5694 1
5694 6789 1
6789 2030 2
5851 4837 1
4837 2046 1
467 2192 1
772 7253 1
7253 3155 1
3155 7600 1
7600 6789 3
7587 2269 1
2269 6460 1
6460 2431 1
363 2038 2
3672 1054 1
1054 2030 1
4057 5778 1
5778 2030 1
3040 2312 1
772 6995 1
6995 1599 1
1599 7385 1
7385 3290 1
3290 3671 1
3671 3834 1
3834 1795 1
5982 2932 1
6599 936 1
936 2932 2
7426 696 1
696 2410 1
2410 6260 1
6260 1107 1
467 5620 1
5620 2486 1
2486 2030 1
2030 4600 1
4600 717 1
717 7329 1
7329 5425 1
5425 6141 1
6141 5466 1
5466 2030 1
2030 697 1
697 3199 1
6483 3691 1
3691 772 1
3671 6922 1
6922 3675 1
6260 1349 1
1349 3387 1
3387 6993 1
6993 6195 1
6195 5388 1
5379 4642 1
4642 5832 1
2312 2410 3
2410 2382 2
2382 854 1
854 2337 1
2337 2030 1
2030 7111 1
7111 1639 1
2526 772 1
772 642 1
642 2030 3
2030 7272 1
2030 7051 1
7051 4521 1
3199 5220 1
5220 772 2
3671 1878 2
1878 5220 1
5468 1225 1
440 2405 1
2405 352 1
352 5697 1
5697 1073 1
2932 6997 1
6997 7598 1
7598 6457 2
6457 1511 1
1511 6866 1
1042 3714 1
3714 1795 1
2030 3807 1
3807 4537 1
4537 2030 2
7600 417 1
417 6789 1
6789 363 1
363 2139 1
2139 1579 1
1579 467 1
467 1246 1
1246 476 2
476 2066 1
2066 6384 1
6384 30 1
2658 1028 1
364 1497 1
6675 6995 1
6995 5219 1
5219 772 2
772 2780 1
3671 3807 1
3807 2020 1
2020 1579 1
3600 4537 1
6962 1452 1
1452 3673 1
3673 5176 1
5176 2030 1
2030 4847 1
4847 5496 1
5496 3671 1
363 468 1
468 5042 1
5042 1575 1
3673 3903 1
3903 3671 1
4769 3673 1
3673 5147 1
5147 2030 1
4766 7600 1
6789 7390 1
1250 1808 1
1808 2176 1
2176 6995 1
6995 2369 1
2369 7598 3
772 1042 1
1225 6866 1
6866 3187 2
3187 4107 1
4107 772 1
6462 3726 1
3726 3008 1
3008 364 1
194 729 1
7299 2272 1
6599 2030 1
2932 3432 2
3432 6790 1
6790 3387 1
3387 2194 1
2194 945 1
2449 7390 1
7390 724 1
724 2932 1
2471 4330 1
4330 3600 1
6142 1334 1
1334 3673 1
6166 2910 1
2910 3618 1
3618 1970 1
1970 3618 1
3618 3387 1
2910 6447 1
6447 4764 1
4764 467 1
2910 1368 4
1368 2369 3
2369 3194 1
3194 1301 1
1301 1474 1
1474 7600 1
2157 3332 1
3418 6722 1
6722 7016 1
7016 3921 1
2030 5695 1
5695 7598 1
7598 4940 1
4940 2030 3
2030 3470 1
3470 467 1
3766 364 2
1128 6728 2
772 564 5
564 6013 1
6013 364 4
364 2670 2
2670 5489 1
3199 221 1
221 1579 1
352 6568 1
6568 4900 1
4900 3726 1
3726 772 2
772 3414 2
2555 6728 1
6728 3356 1
6142 3431 1
3431 3008 1
3008 3897 1
3897 1428 2
2030 6266 1
6266 467 1
467 2163 1
2163 6205 1
6205 7600 1
6789 2932 1
1128 772 2
772 6744 1
6744 3431 2
2030 6735 3
6735 2192 1
2192 7459 1
7459 363 1
363 4940 1
4940 364 2
476 1766 2
1766 363 2
363 6234 2
6234 201 1
2935 2910 1
2910 6781 1
1600 3618 1
7600 6738 1
6738 2312 1
1042 442 1
564 4844 1
4844 1 1
1 3279 1
4331 3647 1
3647 4613 3
4613 3673 1
1337 814 1
5722 6419 1
4229 2806 1
3364 1128 1
2932 6809 1
6809 476 2
363 3723 1
3723 4115 1
4115 2030 1
3199 3392 1
3392 5388 1
5388 3387 2
2932 4940 3
6775 1246 3
6507 5830 2
2171 790 1
790 3925 1
3925 2234 1
2234 2099 1
2099 363 1
7453 1836 1
1836 4346 1
363 584 1
3199 1523 1
1523 1 1
1 6269 1
1492 4044 1
4044 6868 1
6868 7619 1
7619 1079 1
1079 2224 1
2224 2030 1
7607 7057 2
7057 7187 1
7187 7447 1
7447 4257 1
4257 1465 1
1465 2438 1
2438 1 2
7607 5808 1
5808 7447 1
7447 7057 1
7057 6725 1
3673 4990 1
4990 7517 1
7517 7430 1
7430 7558 1
7607 4260 1
4260 6655 1
3387 1364 3
6137 7607 1
833 3414 1
2312 1766 1
1766 3091 1
3091 1042 1
1042 1243 2
1243 3600 1
4016 1250 1
415 4372 1
4372 1639 1
3671 2812 2
2812 6901 1
2489 2169 1
1256 2932 1
6599 7607 1
2910 1666 1
3981 364 3
6685 3671 1
2043 6091 1
6091 4553 1
2046 1128 4
4826 124 1
772 2661 2
3671 6730 5
2910 1369 1
1369 1368 2
1246 5982 1
5982 2176 1
6708 125 1
2030 4899 1
4899 2169 1
7447 120 2
120 2410 1
3971 459 1
459 5978 1
5978 5516 1
5516 5832 1
5832 5388 1
3671 873 1
873 2046 1
1042 2176 1
2176 6289 1
6289 6543 1
6543 2932 1
6269 2030 1
3199 6419 1
1321 3360 1
4844 2030 2
1042 7470 1
3199 2663 3
2663 5832 1
6192 740 1
740 2176 2
3618 3118 1
3118 1042 1
1087 3670 1
3670 5320 1
5320 7630 1
7630 2009 1
4057 363 1
363 1311 2
1311 7617 2
7617 1639 2
1639 2022 2
2022 7449 1
1128 4680 1
4680 2932 1
7600 6986 1
476 1934 1
1934 4800 1
4800 5832 1
363 639 1
3673 7418 2
7418 3414 1
352 1444 1
1444 1243 1
1243 7449 1
3673 3774 1
3774 5832 1
5832 3403 1
3403 5313 1
3673 4624 1
4624 6159 1
6159 3673 1
2879 1575 1
3673 6946 1
6946 4915 1
4915 7598 1
364 4179 1
4179 5201 1
5201 3673 1
3673 5086 1
5086 1454 1
1454 7600 1
7600 3231 4
3231 1639 1
1639 6815 1
6815 476 1
476 6248 1
6248 7431 1
7431 7517 1
7517 5443 1
7449 1302 2
1302 1451 1
1451 6641 1
6428 7339 1
2546 3279 1
4331 2312 1
3673 1874 1
1874 2030 1
1936 1337 1
3199 6516 2
7600 2410 1
2410 4794 1
4794 3332 1
6516 4865 1
4865 1033 2
3414 4828 1
3673 4724 1
4724 6645 1
6645 3673 2
2949 772 1
772 3601 2
3601 1225 1
1225 2176 1
1600 1033 1
1033 407 1
407 7596 1
7596 3194 1
3194 2410 2
2410 7228 1
7228 1632 2
1632 678 1
6645 7228 1
1632 3414 1
772 2410 2
2410 273 1
7374 1632 1
1632 3132 1
3132 7607 3
7302 5566 1
5566 4870 1
4870 3431 1
3673 5844 3
5844 6937 1
6937 3102 1
3102 1037 1
1037 677 2
677 3196 1
3196 5332 1
5313 1355 1
7537 1 1
6872 2233 1
2233 779 1
2030 2691 2
2691 7432 2
7432 2030 1
2691 5435 1
5435 2030 1
2030 7620 1
7620 779 1
2030 5749 1
5749 6809 1
1579 7558 2
7558 6328 1
1579 7600 1
7600 33 1
33 1225 1
1225 5840 1
5840 2431 1
2431 6725 1
1298 6055 1
6055 2030 1
2030 4409 2
4409 6277 1
6277 1569 1
1569 7299 1
6872 520 2
520 6449 1
6449 1037 1
677 2312 1
5698 6025 1
6025 678 1
363 7333 1
7333 3671 1
1301 1612 1
2932 3392 1
3392 1610 1
1610 1 1
7166 3907 1
3907 3672 1
3672 1097 7
1294 7598 5
6641 5313 1
5313 6781 1
6781 1681 1
1681 1740 1
1740 4994 1
4994 3273 1
3273 1026 1
1026 1087 1
1087 5002 1
5002 3672 1
7166 3908 3
3908 3672 3
3672 3907 2
3907 1097 1
1097 4994 1
4994 1333 1
1333 7549 1
7549 1087 1
3672 5153 1
5153 2932 3
3907 4505 1
4505 4958 1
4958 5773 1
5773 4958 1
4958 5774 1
5774 7611 1
7611 2932 1
2932 1963 1
1963 2932 1
1879 2171 1
3673 5658 1
3671 6045 1
6045 2030 2
1294 4521 1
3199 3144 1
3144 6645 1
6645 3499 1
3499 6875 1
3600 6045 1
2030 1822 1
1822 3673 1
3019 7598 3
7598 2303 1
2303 4332 1
4332 4112 1
4112 7297 1
7297 7598 2
363 3018 1
3018 2030 1
2030 691 2
691 4472 1
4472 6872 1
2009 2410 2
2410 1337 1
7600 3194 1
6461 310 1
310 4487 1
4487 1579 1
1492 2431 2
7607 4677 1
4677 364 1
364 2157 2
2157 3414 1
678 1037 1
1037 5736 1
3671 2996 5
2996 1479 1
1479 5832 1
6514 2176 1
7600 5131 1
5131 4753 1
4753 4948 1
4948 2099 1
2099 5391 1
5391 2176 1
6125 3332 1
404 5874 1
5874 364 1
364 2870 1
2870 364 1
364 282 1
282 996 1
996 467 1
467 7363 1
7363 2030 1
2030 7271 1
7271 3545 1
3545 1292 1
1292 3254 1
3254 2030 1
1 3420 1
3420 6580 1
6580 2510 1
2510 4763 1
4763 6645 1
6645 363 1
3671 2721 1
2721 467 1
467 1925 1
1925 703 1
703 3671 1
3671 4420 1
4420 5929 1
5929 3836 1
3836 1042 1
1042 431 1
431 3414 1
5959 846 1
846 3671 1
1364 3546 1
3546 3332 1
3332 7160 1
7160 364 2
364 285 2
285 2714 1
2714 6141 1
6141 2438 2
2438 1575 1
7390 1029 1
1029 1302 1
1302 4232 1
4232 2588 1
2588 2009 1
1294 1644 1
1644 3673 1
3673 2099 1
2099 6040 2
6040 3671 2
3671 1394 1
1394 7452 1
7452 5959 1
3671 4215 1
4215 3387 1
3199 6771 1
6771 6866 1
3199 5121 1
5121 1639 1
6728 1294 1
1294 718 1
3073 2099 1
5313 3848 1
5788 7447 1
6728 1575 3
3199 1761 1
1761 364 1
2811 6725 1
6725 3310 1
3310 6268 1
6268 678 1
1639 5386 1
5386 363 1
363 1037 1
1037 2030 1
2910 565 1
565 3194 1
2410 3671 1
3618 352 2
1128 1579 1
5468 4233 2
3194 3220 1
3220 7613 1
7613 4828 1
3673 584 1
3199 6644 1
6644 1575 1
1575 7265 1
7265 5561 1
5561 364 2
364 5316 1
5316 7195 1
7195 3387 1
3387 4073 1
6681 6461 1
6461 93 1
93 3673 1
3673 3382 2
3382 7607 1
6744 7299 2
2410 7598 1
7598 2410 2
5154 363 1
363 6232 2
6232 1 1
1 641 1
641 1087 1
3673 1390 1
1390 5231 1
5231 7480 1
7480 6641 1
6990 3673 3
3673 666 1
666 3387 1
3387 3789 1
6641 638 1
638 7447 1
7447 6025 1
6025 3332 1
3332 1033 1
1033 3789 1
3673 3789 2
3789 467 3
467 638 1
638 1337 1
1337 7447 3
6866 1294 1
2157 5177 1
1042 6775 2
1579 3380 1
3380 1389 1
1389 6238 1
6238 1225 1
1225 1042 1
1042 1492 1
3387 6730 1
3971 3194 1
3194 1042 1
1042 6432 1
6432 2252 1
2252 2312 1
3671 5428 1
5428 6641 1
6641 239 1
239 2030 1
3199 3859 1
3859 3671 1
3789 2410 2
3600 3199 1
3418 1033 1
2030 7597 1
7597 1571 1
1571 886 1
886 2030 2
6730 1337 1
3673 5881 1
5881 2910 1
7523 2910 1
1419 4643 1
4643 2510 1
2510 3673 2
6645 2030 1
6232 2116 1
7300 5593 1
5593 6514 1
6514 2431 1
2431 3417 1
3417 352 1
364 2410 1
2410 2192 2
2192 6215 1
3150 2410 1
1042 4623 1
4623 352 1
352 3789 1
3369 3199 3
1225 2479 1
6775 407 3
6044 6641 2
3199 3858 1
3858 3789 1
3789 3150 1
3150 7607 1
2312 3153 1
3153 2842 1
2842 380 2
380 3671 1
3671 7371 2
5308 2176 1
6023 1726 1
1726 1097 1
1097 2755 1
2030 5165 1
5165 5177 1
7607 5141 1
5141 326 1
326 3380 1
1778 7607 1
3671 6774 1
6774 3671 1
3671 1506 6
1610 2030 5
5715 3774 1
3671 1196 1
1196 2030 1
2030 6774 2
6774 4244 2
1579 3370 1
3199 4533 1
4533 3671 1
3671 6781 1
1600 2685 1
2685 5929 2
5766 2176 1
2176 155 1
155 2685 1
5929 7598 1
326 6516 1
6516 3387 1
722 1506 1
6641 6499 1
2312 1506 1
7607 6370 1
1087 119 2
119 2485 1
2485 2618 1
2618 119 1
119 2702 1
2702 1344 1
1344 6889 1
6889 7607 1
440 3370 1
3370 795 1
3233 7600 1
7600 1337 1
5468 2198 1
2198 851 1
851 7447 1
7607 1693 1
1693 5832 1
3673 5177 1
2030 5712 1
5712 2030 2
6641 6889 1
6889 7600 1
5468 4828 2
6170 6655 1
162 6781 1
6781 1915 1
1915 2099 1
2099 3694 1
3694 2030 1
7607 3094 1
3094 2176 1
3453 2842 1
2842 2702 1
2702 2618 1
2618 3672 1
363 719 1
719 7430 1
7430 1092 1
1092 2030 1
1649 6059 1
6059 2030 1
3672 4695 1
4695 2030 2
6483 3647 1
1087 1897 1
4466 6483 1
6483 5967 1
352 7048 1
7607 5564 1
6234 1087 1
1087 1185 1
1185 6641 1
6170 1897 1
1600 6483 1
6483 712 1
2176 7048 1
5978 4522 1
4522 2030 1
1243 3672 2
3672 4886 1
4886 1225 1
3672 3856 1
3856 4826 1
7607 7016 2
1492 2360 1
6655 2811 1
1321 1 2
442 1256 1
1256 772 1
3851 1 1
1 5715 2
5715 6507 1
6507 2176 1
5468 6901 3
1256 4286 1
4286 1097 1
6128 6901 1
6709 3414 1
5379 488 1
7299 6995 2
6995 316 1
2932 5715 2
5715 3387 1
5468 7600 1
7600 1256 1
1256 3815 1
3815 3121 1
3121 2176 1
5468 4468 1
4468 472 1
2030 1929 1
1929 3672 1
1639 6385 3
6385 5715 2
5715 105 1
245 6872 3
6872 2842 3
2842 5715 1
5715 1233 1
3199 4882 3
4882 6901 1
7607 1540 1
1540 1924 1
4876 6645 1
4876 7607 1
7607 807 1
2046 2360 4
1489 3488 1
2489 2752 1
2752 5095 1
5095 1256 1
1256 6721 1
3776 5327 1
1097 1639 1
5715 1225 1
1225 404 1
2176 2470 1
2470 335 1
335 1185 1
1185 2176 1
2879 1 1
4882 3954 1
3954 1033 1
1033 6866 1
7607 5575 1
5575 6592 1
6592 3672 2
1087 121 1
121 245 1
2802 5312 1
5312 119 1
119 6457 1
1337 4828 3
5967 3199 4
3199 5312 1
5312 3370 1
1622 3672 1
6269 1070 2
2030 3282 2
3282 1033 1
1033 6269 1
6641 5832 3
3672 4795 1
4795 2932 1
2169 4718 1
4718 2034 1
2034 3780 1
3780 4775 1
3671 3178 2
3178 1129 1
2410 3186 1
3186 6532 1
6532 4212 1
4212 2176 3
3673 3496 1
3496 1337 1
1337 3504 1
2169 1042 3
7598 5227 2
5227 3199 1
6137 1416 1
1416 4828 1
4828 3970 1
6990 3671 3
6887 2030 1
2030 6111 1
6111 2588 1
2588 7339 1
1301 5933 1
5933 364 1
7481 407 1
407 2312 1
2910 3764 1
3764 3671 1
3600 2910 3
5154 5936 1
5936 3671 1
6725 3162 1
3671 2512 1
2512 2312 1
3199 5934 1
5934 3199 1
352 4855 1
2932 112 1
3233 6641 1
4892 3314 1
3314 2588 1
2588 5933 2
5933 7339 1
5032 2176 3
2176 3489 1
7598 7063 1
7063 107 1
107 363 1
7600 1042 1
1042 3671 2
3671 1618 1
1618 5032 1
5032 3671 1
3671 3596 1
3596 1337 1
2425 2410 1
2410 2627 1
2627 81 1
81 2046 1
2334 5975 1
5975 4020 1
4020 2030 1
2030 75 1
75 2046 1
2046 2373 1
2373 627 1
516 5929 2
5929 6676 1
6676 1174 1
1174 2030 1
2030 860 1
860 1337 1
1337 2634 1
2030 5802 3
2030 7177 1
2030 7523 1
7523 6393 1
6393 364 1
364 3756 1
3756 6894 1
6894 6865 1
6865 6031 1
6031 7329 1
7329 2176 1
2176 7161 1
7161 5261 1
5261 364 1
586 1301 1
1301 1284 1
1284 6524 1
6524 2030 1
2030 141 1
141 3671 1
3905 3380 1
526 678 1
678 2663 2
2663 2842 3
1057 2339 1
2339 706 1
706 4826 1
1042 516 1
3084 6645 1
6645 3544 1
2932 1471 1
1471 272 1
272 43 1
5929 7053 1
7053 3199 1
3199 3681 1
3681 2030 1
2030 4979 1
4979 1471 1
1471 2169 1
2169 7512 1
7512 1 1
1 7512 1
7512 4779 1
4779 364 2
7516 7479 1
7479 4073 1
4073 7481 1
7598 2517 1
2517 7297 1
7393 2588 1
5933 2312 1
2312 2171 1
1301 6893 1
6893 6141 1
6141 1090 1
5154 1489 1
1489 4971 1
2171 1964 1
1964 1042 1
1042 4769 1
4769 3671 2
3671 5637 1
5637 5926 1
5926 2030 1
467 6980 2
6980 1 1
2512 503 1
503 7488 1
7488 2489 1
2489 3671 1
1419 936 1
936 2046 1
7481 3279 1
3279 4548 1
4548 2030 1
2030 5468 4
5468 1246 5
1246 1857 1
1857 2176 1
2176 1349 2
1349 1960 1
1960 2030 1
2030 3207 1
3207 6775 1
6775 1618 1
1618 6987 1
6987 2030 1
4539 7598 1
1389 5588 1
5588 3387 1
516 3553 1
7390 6775 1
1599 7449 1
1337 1857 1
1857 407 1
363 518 1
3199 5313 2
5313 2176 3
6901 2931 1
4233 7600 1
7600 4237 1
4237 7299 1
7299 6234 2
6234 4697 1
4697 7326 1
7463 4828 1
3970 4988 1
4988 3387 1
3387 5736 1
7598 3200 1
3200 407 1
407 6158 1
6158 2879 1
2879 1639 1
711 1404 1
1404 6626 1
6626 3673 1
5032 3369 2
3369 4472 1
4472 4212 2
4212 6641 1
2369 1042 1
7447 4487 2
4487 3671 1
2030 7368 1
7368 4716 1
4716 2840 2
2840 2030 3
4766 3199 1
5032 2616 1
2616 7384 2
7384 4472 1
4472 1364 1
1364 52 1
52 1129 1
1129 1 1
2410 6775 1
5736 4520 1
1492 1130 1
1130 125 1
769 4212 1
4212 5313 1
5313 4562 1
4562 2932 3
7447 9 1
9 5200 1
5200 7607 1
3671 4440 1
4440 7445 1
7445 2956 1
2956 3671 2
2932 4989 1
4989 5413 1
2932 4755 2
4755 6506 1
6506 2910 1
772 2529 1
2529 5967 1
5967 1151 1
1151 2425 1
2425 364 1
364 2698 1
2698 2030 1
6690 2410 1
2410 2990 1
2990 5929 1
5929 2030 5
6730 3126 1
3126 3414 1
5959 2425 1
2425 6901 1
6901 2410 4
2410 364 2
2030 698 1
698 820 1
820 7527 1
7527 2030 1
366 7607 1
7447 4217 1
4217 2879 1
6641 2069 1
2069 7390 1
7390 407 1
407 4949 1
4949 3671 2
2103 518 1
518 5844 1
5844 3948 1
3948 6457 1
6457 310 1
310 1 1
3671 6231 1
6231 3392 1
3392 156 1
156 2243 1
2243 7540 1
2030 5614 1
5614 2030 1
2030 7048 2
7048 3671 2
6645 424 1
424 1375 1
1375 2030 1
2030 227 1
227 2116 1
2116 6044 1
352 5379 1
2046 2309 1
2309 1 1
2879 1233 1
5844 4039 1
4039 1337 1
1337 2956 1
2956 7440 1
7440 364 1
462 394 1
394 6901 1
162 3364 1
3364 2913 1
2913 6507 1
6507 275 1
4026 2806 1
6708 3789 1
1128 3671 1
3178 6655 1
6655 6995 1
6995 3320 2
7365 4346 1
4346 4342 1
4342 2410 1
1087 5087 1
5087 364 1
364 577 1
577 2176 1
7607 3595 1
3595 7607 1
1506 7297 1
7607 4990 1
4990 2046 2
2046 5997 2
5997 2099 1
2099 7356 1
7356 2099 1
1579 2046 1
2046 2188 1
2188 275 1
275 1128 1
1128 1167 1
4026 1034 1
1034 2932 1
3282 2910 1
2910 5036 1
7607 3257 1
3257 5051 1
5051 1251 1
1251 2312 1
2312 4943 1
4943 5254 1
5254 2932 1
7607 4362 1
4585 947 1
3096 386 1
386 402 1
402 2496 1
2496 162 1
586 728 1
6937 1376 1
1376 2030 1
2030 5314 1
5314 2932 1
518 1306 1
1306 4016 1
4016 3671 1
2030 7153 2
7153 4804 1
4804 5832 1
5832 2634 2
2634 4828 1
7415 1596 1
1596 5830 1
6507 1246 1
273 5839 1
5839 1311 1
1311 2169 1
162 1087 1
7598 2136 1
2136 2517 1
2517 795 2
795 3099 1
3099 2852 1
4026 1559 1
1559 364 1
3731 5836 1
2644 1087 1
1087 2411 1
2411 2812 1
2812 2842 1
2842 6154 2
6154 4649 1
4649 795 1
795 7091 1
7091 5832 2
5832 7395 1
7395 873 1
873 2030 1
4649 1334 1
1334 14 1
14 7607 1
363 5050 1
5050 2030 1
772 781 2
781 6234 1
6234 5400 1
5413 4016 1
4016 363 1
6523 214 1
214 1087 1
7447 6888 1
6888 7598 1
7598 5450 4
5450 6665 1
6665 4536 1
4536 364 1
6645 1593 1
1593 3671 1
6411 2410 1
2410 2517 1
2517 6775 1
6775 1311 1
1311 5413 1
7447 4990 1
4990 4244 1
5832 5968 1
2030 5970 1
7167 928 1
928 364 1
6775 1130 1
1130 1 3
1 5979 1
5979 386 1
386 2932 1
7449 4288 3
4288 6457 1
6457 1491 1
3600 1968 1
1968 7207 1
7207 4016 1
4016 1087 1
795 6937 3
6725 6226 1
6226 4466 1
4466 7598 1
2949 2825 1
2825 7007 2
7007 2030 2
7447 5851 1
5851 2711 1
2711 1828 1
1828 1 1
5967 3332 1
3332 4487 2
4487 7598 2
3199 3671 2
352 1167 1
1167 5332 1
6708 386 1
3199 7007 2
7007 3332 1
3332 2842 2
2108 240 1
240 22 1
22 240 1
240 4487 1
4487 6125 1
6125 6044 1
6044 4965 1
4965 240 1
240 4828 1
2046 6199 1
6199 6156 1
6156 252 1
252 3387 1
3970 6280 2
6280 7447 2
7447 2825 1
7007 3199 1
3199 4990 2
4990 583 1
583 1575 1
7598 7384 2
7384 2636 1
2636 2991 1
2991 697 1
697 7447 1
3414 3138 1
3138 3671 1
3199 2636 1
2636 4828 1
3671 7098 1
7098 6160 1
6160 5136 1
5136 4971 1
4971 2381 1
2381 5929 1
5929 295 3
295 4199 3
4199 2879 1
7598 144 1
144 2176 1
2176 2009 3
3671 295 4
295 3825 1
3825 352 1
5898 7449 1
4288 3671 1
3671 4073 1
4073 6189 1
6189 772 1
7600 6815 2
6815 3241 2
3241 3671 1
5832 1324 2
1324 1 2
1 5929 1
295 7010 3
7010 2030 4
641 3370 1
519 7598 1
7598 1071 1
1071 7010 1
7010 3199 1
275 6817 1
1090 4199 1
4199 2030 3
2030 1345 2
1345 1561 1
1561 2431 2
2431 916 1
916 1966 1
1966 1345 1
1345 363 2
363 1611 1
1611 2030 1
1610 3432 1
3432 7055 1
7055 364 2
364 5366 3
5366 1090 2
1090 1010 1
1010 2030 7
2030 7010 4
7010 1561 1
2510 6690 1
6690 3774 1
3199 5036 2
5036 6626 4
6626 583 1
3673 2050 1
2050 3431 1
1225 2782 1
1246 6775 3
3017 2312 1
2312 4199 1
4199 6744 1
7447 1649 1
1649 4828 1
7447 4199 3
4199 6728 1
6728 6044 2
3671 712 3
2176 7455 1
3199 4695 1
4695 4663 1
6995 1970 1
1970 6461 1
6461 1 1
1 1278 1
1278 1345 2
1345 6137 1
6137 2852 1
2852 7449 1
7449 6343 1
6343 3671 1
3671 2364 1
2364 2479 1
2479 5818 1
5818 2774 1
2774 6641 4
7447 4754 1
6189 1345 1
1345 2030 1
1610 3671 1
6462 2198 1
2198 3605 1
3605 2030 1
6995 6141 1
6141 2030 1
3199 1446 1
1446 1622 1
3671 6992 1
6992 2176 1
7299 4288 1
4288 1010 1
1010 1225 1
7010 6730 1
6730 4828 1
4199 363 4
2879 5737 1
5737 3084 1
3084 1670 1
1670 3671 1
3763 4196 1
4196 1364 1
1364 1010 1
6655 6044 2
6044 1028 4
1028 6413 2
6413 1302 3
7299 4375 1
4375 3766 1
3766 2107 2
2107 6641 1
7449 1278 1
363 3446 1
3446 4828 1
7447 1345 1
1345 3380 1
3763 6744 1
7598 4196 1
4196 3671 2
3084 678 1
7447 6962 1
6962 3789 1
3671 1372 1
1372 2176 1
1506 4865 3
4865 1010 1
1010 3199 1
3199 5034 1
5034 1028 1
1628 1225 2
364 36 12
36 364 1
364 7522 4
7522 5288 1
5288 6655 1
3370 1966 1
3971 2833 1
2833 5927 1
5927 711 1
711 1225 1
2030 4197 1
4197 3671 1
3671 584 1
4618 7598 1
6993 7447 1
120 3199 1
3199 1402 2
1402 7449 1
4288 295 1
295 795 1
7447 1578 1
1578 364 2
3731 1225 1
1225 3387 6
6127 6429 1
6429 7607 1
4026 364 1
364 5743 1
5743 1028 1
1028 1628 2
1628 2842 1
1551 7598 2
7598 4739 1
4739 5410 1
5410 3387 1
3970 5176 1
6983 6730 1
6730 4484 2
4484 1 2
1 2774 1
2774 6460 1
6460 6080 1
6080 1090 1
1090 3766 1
3766 2774 2
2774 1282 1
1282 6624 1
6624 5436 1
5436 1 1
1 1329 1
1329 3647 1
3647 7433 1
7433 7598 1
2431 1800 1
1800 226 1
226 2030 1
2431 1956 1
1956 1207 9
1207 121 1
121 6641 1
6641 3774 1
3774 3604 1
3604 2932 1
2932 156 1
156 5898 2
5898 3414 1
3414 2879 2
4233 6901 1
6901 6449 1
6449 4199 1
363 1491 2
364 3452 1
3452 3102 1
3102 1082 1
1082 92 1
92 5287 1
5287 2030 2
2030 1545 2
1545 2664 1
2664 1084 2
1084 2030 2
160 5826 2
5826 2030 2
2030 7585 2
7585 7495 3
7495 2030 2
2030 13 3
13 2582 2
2582 154 5
154 2030 2
2030 1411 4
1411 5751 4
5751 2030 2
3673 1610 2
400 100 3
100 6142 1
6142 7339 1
2546 3387 1
7600 4199 1
363 3757 2
3757 1496 1
1496 2030 2
2030 7085 1
7085 3431 1
3673 2116 1
2312 4193 1
4193 5766 1
5766 6641 1
7447 1010 1
1010 2312 1
2312 5036 3
6626 363 1
2009 2169 1
2510 3504 1
3504 3414 1
5226 1701 1
1701 644 1
644 4521 1
3199 982 1
982 7598 1
7598 4016 1
4016 1368 1
1368 1367 1
1367 363 1
5258 2339 3
2339 3671 2
3199 5664 1
7598 1129 1
7447 2242 2
2242 7009 1
7009 2030 2
3431 1801 1
1801 4199 1
4199 2431 1
363 2327 1
2327 2030 1
1345 6775 1
363 6496 1
2030 1010 1
1010 3671 2
363 4035 1
4035 2030 1
1234 4826 1
1087 1941 1
1941 795 1
795 2996 1
2163 4175 1
4175 467 1
1443 1368 1
1368 4026 1
4026 4828 1
275 3732 1
3732 4026 1
3771 2312 1
3673 1066 1
1066 6023 1
6023 6725 1
3768 4026 1
4026 2046 1
2046 7356 3
7356 3771 1
3771 3387 1
7600 2046 1
5997 4199 1
4199 7007 2
7007 363 1
363 6347 1
6347 7390 1
7390 3431 1
1225 1389 1
1389 6347 1
6347 6901 1
2030 1981 2
2030 6605 4
6605 3671 2
3763 5105 1
5105 1030 1
1030 6815 1
7430 6875 2
6875 3056 2
3056 2312 1
2312 795 4
6163 792 1
477 4858 1
4858 440 1
440 1680 1
1680 1225 1
3647 4566 3
4566 772 1
6993 1197 2
1197 3387 1
772 6655 1
363 5603 1
5603 2099 2
2099 4510 2
4510 6641 1
1151 6728 1
4735 1225 1
6625 7598 1
7297 2743 1
2743 718 1
2910 4475 1
6995 2377 1
2377 4342 1
4342 2030 1
6088 3934 1
3934 2410 1
3199 1736 2
1736 3431 2
7449 6013 1
5047 5254 1
5254 2312 1
4026 7016 1
7016 2410 1
1167 1579 1
5832 2806 2
386 2169 1
2169 5404 1
2780 6655 1
6690 442 1
1619 2169 1
1452 6626 1
6626 1042 1
3392 7395 1
7395 1 1
3671 4120 2
162 3897 1
2030 1380 1
1380 3671 1
3671 3597 1
3597 7297 1
7297 3414 3
3897 7607 1
4670 2932 1
3671 3181 1
3181 3387 1
3387 2370 2
2370 3380 1
442 5832 4
1042 2910 2
2910 6413 2
3673 7108 2
2410 772 2
6782 2176 4
2176 5658 1
5658 4016 1
4016 3789 1
3789 6142 1
6142 1368 1
1368 6142 1
3671 6448 1
6448 1087 1
2176 35 3
35 2030 2
1364 6645 2
6645 2891 1
2891 3671 1
1294 3298 1
3298 7607 1
6575 4439 1
4439 3671 2
2030 5185 3
7598 4900 1
4900 1294 1
1294 3251 1
3251 1899 1
6872 3155 1
3155 1071 1
1071 785 1
7598 2932 4
2839 4598 1
4598 7447 1
3671 2038 1
2038 1071 1
1071 2932 1
6599 6728 2
1599 4026 1
4026 4346 1
476 5249 1
1246 3206 1
3206 4026 1
363 2779 1
2779 3040 1
3040 4889 1
4889 275 1
2910 3642 1
3642 3671 2
4026 5115 1
5115 7621 1
4413 2932 2
280 4026 1
4026 363 1
7356 2030 1
2312 2932 1
3282 7005 1
2996 5233 1
5233 467 1
2806 3673 1
3673 6993 1
5564 6462 1
6462 5795 1
5795 5797 1
5797 2910 1
3199 927 1
927 2910 1
6397 3671 1
1087 1575 6
1575 1334 1
1334 2879 1
5967 4507 2
4507 1826 1
1826 4244 1
1421 1639 2
1639 2806 1
2806 5832 1
3673 1452 2
1452 2932 1
4026 1 2
1899 2932 1
7621 6725 1
6725 4026 1
4026 2879 1
4507 516 2
2616 6728 1
3673 5553 1
5553 2030 2
7447 2555 3
2910 1452 2
1452 364 2
7621 2932 2
162 4971 1
518 4433 1
4433 7621 1
7621 6249 1
6249 1319 1
1319 1246 1
2410 6411 2
2616 2510 1
1628 2825 1
2825 4199 1
7007 3673 1
3673 4071 1
4071 2030 1
2030 4528 2
4528 1097 1
1097 6781 1
6781 7299 1
1087 4826 1
4826 3600 2
352 2926 1
2030 2574 3
3970 1592 6
1592 6625 1
6625 3387 1
3387 1561 1
1561 7447 1
6044 795 7
795 1028 1
1628 792 1
2792 3948 1
3948 6461 1
6461 4237 1
4237 467 1
467 5613 1
5613 7077 1
1194 6775 1
7390 7078 1
7078 4357 1
4357 3671 2
364 4227 2
6462 5716 1
5716 5020 1
5020 6939 1
6939 3194 1
3194 119 1
119 295 4
295 6083 1
6083 2030 1
3199 521 1
521 5832 1
3673 3431 4
6137 6889 1
6889 4826 1
3671 3444 2
3444 5226 1
5226 7283 2
7283 2030 2
5802 6462 2
6462 1294 1
1294 1042 2
1042 2546 1
2546 2184 1
2184 1513 1
1513 2001 1
2001 2030 1
2030 7422 1
6142 6775 2
6775 921 1
921 5929 1
5929 7395 1
7395 2030 3
2030 1856 2
1856 3414 1
3673 7600 3
7600 1246 4
1246 2880 3
2880 5844 1
5844 5231 1
5231 2364 1
2364 2192 1
6744 757 1
757 7390 1
7390 6492 1
6492 621 5
621 913 1
913 3673 1
3673 6362 1
6362 1087 1
1087 769 1
769 2575 1
2575 6142 1
6142 1430 1
1430 3673 1
3673 7395 1
7395 1368 1
1368 454 1
2030 4368 1
4368 3673 1
6775 5817 1
5817 2030 3
5658 2410 1
2410 3431 1
3431 4755 1
4755 2811 3
295 1 1
2410 4001 1
4001 4138 1
4138 772 1
7598 1042 1
3432 3673 5
6641 3692 1
3692 7598 1
7598 7056 1
7056 2327 1
2327 6141 1
6141 4814 1
4814 1254 1
1254 40 1
40 5406 1
3233 1575 2
1575 2314 2
2314 526 1
526 7451 1
7451 4416 1
4416 6447 1
6447 5379 1
5379 6554 1
6554 1639 1
1639 7391 1
7391 5764 1
5764 364 1
1246 2811 2
2811 3391 1
3391 5645 1
5645 4244 1
467 6503 1
6503 6462 1
6462 3712 1
3712 5866 1
5866 3118 1
3118 3265 1
3265 1233 2
1233 2987 1
2987 6628 1
2932 7284 2
7284 728 1
3662 6738 1
2030 6761 2
6761 363 1
6781 6294 1
6294 2729 1
2729 2046 1
1256 6205 1
6205 7390 1
2811 2512 1
2512 6409 1
6409 7406 1
7406 1650 2
1650 7598 1
1 2512 1
2512 124 1
5832 6738 1
6738 3577 1
3577 2030 1
2030 3806 1
3806 3414 1
3414 5587 1
5587 3673 1
1425 7043 1
363 1835 1
1835 3118 1
772 6815 1
6815 1280 1
1280 6507 1
1256 2774 1
2774 2030 4
363 5819 1
5819 3387 1
5455 3672 2
6993 2449 1
1057 6641 3
2030 6039 1
6039 6641 1
3672 5461 1
5461 7447 1
1549 5036 1
5036 2410 1
2410 3851 1
3851 3550 1
3550 2030 3
2030 2774 1
1 1956 1
1207 2169 1
6866 4520 2
4520 4875 1
4875 7447 2
2770 1614 1
1614 4209 1
3789 7058 1
7058 4971 1
3673 5911 1
5911 2030 1
3153 6601 1
6601 4826 1
4826 2410 3
2410 3255 1
3255 4461 1
4461 1042 1
7598 520 2
6937 1175 1
1175 364 2
6947 2932 1
1246 6547 2
6547 6728 1
1042 3478 1
3478 1491 1
1491 3600 1
4227 1 1
1492 5064 1
5064 1057 1
1057 2752 1
2030 6767 3
6767 3096 1
2169 1175 5
1175 772 1
772 5672 1
5672 7449 1
5292 3673 4
769 7560 1
2030 5504 1
5504 4960 1
4960 772 1
772 1087 3
1491 7567 1
7567 2030 1
2030 2893 2
2893 6240 1
6240 7540 1
2030 6071 1
1097 6641 2
363 7116 1
2176 2905 2
2905 5264 1
5264 1 1
3673 4423 2
4423 6725 1
6725 3037 1
3037 2030 2
364 1175 6
1856 6641 1
2949 7470 1
3731 6172 1
3673 3479 1
3479 2030 1
2030 7157 1
7157 2634 1
2634 1491 1
1491 364 3
6708 6815 1
1233 7430 1
7430 2811 1
2811 6901 1
3673 6709 1
6128 2176 1
2046 285 1
285 1225 1
3766 6730 1
6730 678 1
6990 4900 1
6645 6622 1
6622 4826 1
6462 4244 1
4244 3600 1
6503 1175 1
1175 1 1
4244 1492 2
3673 3718 1
2030 5037 1
5037 2639 1
2639 2169 1
6462 2848 1
2848 5177 1
2312 1298 1
1298 1404 1
1368 7598 4
7598 6725 2
2932 6738 1
6738 7598 1
6641 4373 1
4373 7447 1
6044 3275 1
3275 2030 1
6866 5613 1
5613 2030 1
3186 1185 1
1185 5817 1
119 1280 3
1280 6730 2
772 1614 2
6462 4471 1
2169 1280 1
1280 3199 1
6142 7336 1
7336 3673 1
3673 6767 1
6767 364 1
2639 4826 1
4826 2286 1
2286 5802 1
2932 1097 3
2030 593 1
593 1057 1
1057 2169 2
2634 4826 1
4826 5573 1
5573 643 1
2030 3931 1
3931 5817 1
7153 6128 1
2030 7140 1
7140 2780 1
2780 6127 1
6127 7607 1
526 3380 1
3380 5333 1
5333 3414 1
678 3279 1
4331 2410 1
2410 748 1
2030 5241 1
5241 5832 1
5832 6128 2
2030 2468 1
2468 2200 1
2200 6176 1
6176 5732 1
5732 3431 2
7598 6888 1
6888 2150 1
2150 1364 1
3671 119 1
295 2636 1
2636 7119 1
7119 2030 1
3199 5913 1
5913 5832 1
5832 7119 1
7119 4073 1
4073 3671 1
3671 2381 1
2381 4754 1
4754 1415 1
1415 5410 1
5410 364 1
7598 2150 1
2150 6220 1
6220 2030 1
2030 3745 1
3745 1364 1
5832 295 3
295 7598 1
7598 1473 1
1473 6362 1
7600 5939 1
5939 6128 1
3671 212 1
212 3673 1
6004 5929 1
295 4828 1
7447 7127 1
7127 3199 1
6346 7598 1
5959 6142 1
6142 6137 1
6137 6115 1
6115 2030 1
4416 152 1
152 5379 1
5379 1368 3
1368 6785 1
6785 4826 1
3671 5187 1
5187 227 1
227 28 1
28 1 1
1899 3650 1
3650 5648 1
5648 6174 1
6174 2030 1
3186 5716 1
2663 364 1
3671 2382 2
2382 1087 1
2513 364 1
364 6738 1
6738 1819 1
1819 1048 1
1048 1 1
3766 4469 1
4469 2046 1
7598 6141 1
6141 6275 1
6275 2030 1
2030 7454 2
7454 363 1
5176 6781 1
6781 6995 1
6995 2839 2
2839 7179 1
2046 7352 1
7352 2896 1
2896 3970 1
7297 482 1
7598 7249 1
7249 2030 1
2030 3469 1
3469 3672 1
3672 6781 1
6781 3738 1
3738 772 1
1965 6641 1
6641 7421 1
7421 2030 5
2030 459 2
459 4826 2
2410 6234 2
6234 5530 1
5530 4036 1
4220 363 1
363 5459 2
5459 1575 1
1575 2320 1
2320 2046 1
2046 237 1
237 1491 2
1491 5970 1
5970 5832 1
1966 4844 1
2030 4267 1
4267 5832 1
5832 4541 1
4541 2030 1
2510 3019 1
352 2588 1
3671 4541 1
4541 295 2
295 1575 2
1087 4828 3
7600 2108 1
2108 363 1
3970 1443 1
2030 7371 1
7371 7086 1
7086 364 1
3671 4196 1
4196 2162 1
2162 3671 1
5844 3673 1
3673 3019 1
3019 1 1
1 2102 2
2102 4965 1
4965 2825 1
2825 1082 1
1082 2030 2
1545 531 1
531 2664 1
2030 2825 2
2825 160 1
2030 2582 1
100 4965 1
4965 1082 2
5751 3178 1
1491 2369 2
1028 564 1
564 5276 1
5276 6725 1
6044 1411 2
1411 6410 1
6410 272 1
272 2932 1
6775 5898 3
5898 1 1
1 5940 1
5940 3520 1
3520 3671 1
4562 13 1
13 154 1
154 6989 1
6989 4244 1
4244 2183 1
2183 1298 1
364 2672 2
2672 3387 1
3387 3766 1
3766 363 1
363 3055 1
3055 2030 1
4423 2030 4
4490 5802 2
5802 2410 2
2030 4254 1
4254 3671 1
2030 4327 1
4327 5832 2
5802 1042 1
1042 3387 2
6744 7048 1
2176 2281 1
2281 262 1
262 1 1
1294 5558 1
5558 2001 2
2001 4001 2
4001 2030 3
711 1087 1
1087 1210 1
1210 2176 1
2176 183 1
183 1193 1
1193 2826 1
2826 2030 1
6641 2410 1
2410 5226 2
2030 7176 1
7176 4311 1
4311 3431 1
467 1368 2
1368 4755 2
4755 6241 1
6241 364 1
2030 7087 1
7087 5177 2
5177 717 1
717 2760 1
2760 6163 1
6163 2313 1
2313 364 1
1128 2099 1
2099 364 1
5994 1345 1
1345 2099 1
2099 6901 1
6901 4199 2
711 1227 2
1227 4670 2
4199 4193 1
4193 3671 1
7441 702 1
702 3671 1
7598 4312 1
4312 6901 1
6901 6775 4
6775 3670 1
3670 2431 1
4026 4826 1
4826 2774 2
2774 5086 1
5086 4196 1
4196 2431 2
2431 3763 1
3763 3672 2
2410 5354 1
5354 3671 2
3671 736 1
736 2030 2
2030 4684 1
4684 2982 1
7600 4196 1
4196 1624 1
1624 1425 1
6815 6875 2
1421 2014 2
2014 3765 1
3765 1280 1
1280 2326 1
1674 2431 1
2431 1294 1
1294 7297 1
1298 564 1
5832 3320 1
3320 1492 1
1981 7344 1
7344 3647 1
3647 5991 1
5991 6875 1
2014 4616 1
4616 1010 1
6413 7600 1
7600 7516 2
3056 576 1
576 364 3
364 4336 10
4336 7600 1
2880 6044 1
2030 1455 5
1455 3673 1
3673 1607 1
1607 7449 2
363 7421 1
3850 2030 1
7607 2163 1
2163 5832 1
5832 5908 5
5908 2910 1
2910 1897 1
1897 1639 1
1256 4336 1
4336 1 1
3673 3136 1
3136 2790 1
2790 6725 1
6725 960 1
960 1302 1
363 7462 1
7462 518 1
518 772 1
7600 1636 1
1636 2488 1
2488 6901 1
2410 1057 1
2030 5506 1
5506 3671 1
3671 6961 1
6961 1042 1
6990 3356 2
3356 2833 1
2833 3356 1
3356 2705 1
2705 1 1
5851 5468 1
5468 7447 1
7447 6485 1
6485 7598 1
7297 7326 1
7463 440 1
440 1042 1
1042 5832 1
6271 3673 1
3673 7250 1
7250 1637 1
1637 2488 2
2488 2030 1
2030 5291 1
5291 3673 1
2755 4001 1
5832 1961 1
1961 313 1
313 2932 1
2410 1087 9
1087 6866 1
6866 3349 1
6735 363 1
363 295 1
295 248 1
248 4540 1
2030 4937 1
4937 1697 1
1697 3137 1
3137 5851 1
1298 1364 1
6872 785 1
785 678 1
7447 4617 1
4617 2312 1
2312 4562 1
2932 5200 1
5200 364 2
7297 5413 2
5413 7607 1
772 4122 1
4122 2030 1
2030 7297 4
5413 3332 1
3332 769 1
352 1391 1
1391 7600 1
7600 2546 1
2546 2030 2
2932 432 1
432 3387 1
3387 3332 3
3673 2996 1
2996 4143 1
4143 3672 1
3673 4144 1
4144 2030 1
2030 3636 1
3636 7447 1
7447 3345 1
3345 7431 1
7431 5436 2
5436 1421 2
1421 2410 1
1087 7445 3
3671 1478 1
1478 2517 1
1298 7600 1
7600 7431 1
1421 3673 1
3673 3265 1
711 4751 1
4751 3431 1
2030 3534 1
3534 772 1
3414 3671 3
3671 407 2
3970 272 1
445 3526 1
3526 7607 1
7297 3763 1
2030 4628 1
4628 2910 1
2879 3489 5
3489 2030 4
125 3673 3
3673 497 1
497 2192 1
2192 2370 1
7598 3088 1
3088 6607 1
6607 678 1
7607 175 1
175 407 1
407 1966 1
1966 2910 1
6523 7422 1
7422 2030 1
2030 1290 1
1290 364 1
3850 2910 1
1419 5139 1
5139 7600 1
1302 2953 1
2953 2030 3
2030 4143 2
4143 3673 2
3673 4971 1
467 6728 1
3369 4421 1
4421 3387 1
1575 4540 1
4540 1087 1
6655 7516 2
1421 6641 1
2879 4330 1
4330 1087 1
1227 4689 1
4689 3247 1
3247 2030 1
6462 960 1
960 1637 1
2488 2046 1
6253 2234 1
2234 7598 1
7598 4711 2
4711 6965 1
2914 1042 1
6872 7415 1
7415 7063 1
7063 1097 1
4227 1087 1
2410 7445 1
7607 1478 1
1478 2339 1
2339 3194 1
3194 7326 1
7463 3199 1
3199 923 1
923 2910 1
6730 6462 1
6462 962 1
962 2015 1
2030 6069 1
6069 3673 1
364 6488 1
6488 3673 1
3673 4875 1
4875 3719 1
3719 5929 1
5929 2234 2
2234 3387 1
3387 1907 3
1907 4619 1
4619 5756 1
5756 7516 1
6875 4790 1
4790 1087 1
7607 1492 1
2914 4520 1
4520 2953 1
4143 1302 2
3673 1278 1
1278 1970 1
1970 1042 1
6872 3478 1
3478 7598 1
5851 1777 1
1777 2914 1
2914 2192 2
2192 5153 1
5153 7390 1
7607 7422 1
756 6645 2
6645 6970 1
6970 107 1
107 2176 1
5851 6965 1
6965 3398 1
3398 125 1
125 5268 1
5268 5407 1
5407 3673 1
3673 6690 2
6690 503 1
503 933 1
933 2179 1
2179 4421 1
4421 7598 1
3673 1618 1
1618 7125 1
7125 2312 1
2910 5115 3
5115 2953 1
2953 772 1
621 6486 1
2410 4143 1
2030 6145 2
6145 3673 2
4244 6820 1
364 2547 1
2547 1250 1
1250 7295 1
7295 2702 1
2702 2547 1
2547 772 1
772 6205 1
3673 1101 2
1101 1057 1
2030 3463 1
3463 4826 1
3673 6145 1
520 2410 1
2410 3112 1
3112 1364 1
1364 3392 1
3392 5732 1
1491 2842 3
295 2431 1
2431 6655 1
6655 2588 1
2588 418 1
418 4795 1
2510 3774 1
364 5977 1
5977 7603 1
7603 4209 1
4209 3671 1
363 7569 1
7569 2169 1
2169 7598 2
7598 119 1
119 3566 1
3566 2431 2
2431 2685 1
2685 2030 2
2030 3965 1
3965 2030 1
2431 3774 2
3774 2487 1
2487 6035 1
6035 1225 1
2910 2009 2
3671 6931 1
6931 7447 1
1579 7569 1
7569 1575 1
288 3453 1
3453 5929 1
5929 1445 1
1445 7010 1
7607 5489 1
6641 2510 1
2510 2879 1
2879 364 1
7598 6311 1
6311 7607 1
6160 3199 1
2879 3414 2
678 2192 1
2910 295 1
352 6462 2
3671 4682 1
2910 1551 1
1551 1575 1
352 3480 1
3480 1225 1
1225 3480 1
3480 364 1
2811 7600 1
119 2480 1
2480 3566 1
6641 2685 2
2685 1575 1
2009 7010 1
7010 1 2
2009 6725 6
7297 5313 1
5313 6411 1
3671 3491 1
3491 2030 3
2030 5088 2
5088 1294 1
1042 5558 1
1 1042 2
1042 6226 1
6226 6205 1
3671 6863 1
6863 2030 1
2030 190 1
190 1 1
404 6781 1
6781 4670 1
4670 3431 1
3671 6735 1
6735 314 1
314 2169 1
2169 2410 2
2410 2932 1
7523 5462 1
5462 2920 1
2920 2046 1
2030 3477 2
3477 3671 1
5468 5436 1
5436 6728 1
467 6903 1
6903 2192 1
2829 3414 1
3414 2774 2
2774 6624 1
6624 1329 1
1329 516 1
1302 516 1
516 772 2
7598 1242 1
1242 3789 1
3789 6775 2
2510 2588 1
2588 1966 1
1966 7266 1
7266 3387 1
3387 2619 1
2619 2774 1
2774 316 1
316 2169 10
3671 6624 1
6624 2030 4
2030 1956 3
1207 316 1
6234 3550 1
2030 4861 3
4861 2192 1
2030 4496 1
4496 5802 1
5802 7598 1
7598 3472 1
3472 772 1
711 4307 1
4307 3431 1
3431 419 1
419 1378 1
2176 4957 1
4957 2192 1
2192 1777 1
1777 4796 1
4796 3414 1
3723 4520 1
4520 5732 1
363 1378 4
7598 4812 1
4812 2030 1
6645 1 1
1 6420 1
6420 3265 1
2360 775 1
775 5785 1
5785 7390 1
5832 1183 1
1183 4357 1
2030 6166 6
6730 3373 1
363 1804 3
1804 6681 1
5226 3673 1
3757 237 1
1491 4541 1
4541 678 1
4865 3673 3
3673 5014 1
5014 6626 1
6626 5970 1
5970 477 2
477 3387 1
3387 1680 2
1680 2910 1
2910 5300 2
5300 5147 1
5147 467 1
467 2171 1
2171 4828 1
467 6927 1
6927 467 1
467 2685 1
2030 2010 3
2010 4414 1
4414 7449 1
3671 4337 1
4337 3727 2
3727 363 1
363 5389 1
5389 2030 1
5226 5500 1
5500 1238 1
3671 3413 1
3413 6166 1
6166 5967 1
2030 4641 1
4641 7085 1
7085 5929 1
5929 4337 1
3727 4553 1
4553 1042 1
1042 6990 1
833 2030 2
3084 2932 2
2702 2293 1
336 4337 1
4337 3519 1
3519 6461 1
6145 3672 1
5832 2919 1
2919 4076 1
4076 2410 1
2410 7406 1
7406 1097 2
1097 5136 1
5136 2410 1
2410 5356 1
5356 2030 1
2234 2030 4
119 7010 1
7010 7302 1
7302 3671 1
2030 4838 1
4838 1118 1
1118 3387 1
3387 6004 1
6004 3671 1
718 6285 1
6285 5929 1
1414 3671 1
5300 7607 2
7607 5014 1
5014 467 1
2932 4859 1
4859 363 1
363 1605 1
1605 1146 1
1146 3387 1
3671 3349 1
3349 176 1
5468 3431 1
3671 4484 3
1238 6260 1
6396 4696 1
4696 7085 1
7085 711 1
711 5929 1
5929 3727 1
3727 2030 1
4754 6809 1
6809 5468 2
1087 3727 1
3727 3199 1
3199 4828 1
7598 3557 1
3557 914 2
914 3519 2
3519 678 1
678 3557 1
914 3387 1
3387 4828 1
7447 3727 1
3727 7598 2
7598 4897 2
4897 914 1
3519 275 1
275 364 1
36 3199 1
1088 7598 1
2046 7089 1
7089 2910 1
36 1087 1
6690 3727 1
3727 6142 1
6142 3727 1
3727 7297 1
7297 4828 2
7447 263 1
263 6781 1
6781 913 1
913 6725 1
3418 7598 1
7598 6142 1
6142 3500 1
3500 2046 1
2046 1171 1
1171 3728 1
3728 3850 1
3850 574 1
574 2030 1
2030 1556 2
1556 1045 1
1045 1854 1
1854 1760 1
1760 3853 1
3853 4338 1
4338 6641 1
2176 520 1
520 3727 1
7598 1577 2
1577 3850 1
3850 2099 1
2099 5389 1
5389 4339 1
4339 4900 1
363 2970 1
2970 2192 1
2192 2705 1
2705 3387 2
6866 7390 1
5832 273 2
273 4357 1
4357 5660 1
5660 3671 1
363 4712 1
4712 772 1
6872 1411 1
1411 1 1
1 7585 1
7495 1087 1
795 5751 1
5751 5489 1
6170 3391 1
3391 7598 1
7598 1010 1
1010 7007 2
7007 2410 1
2410 4996 1
4996 7050 1
7050 5341 1
5341 2568 1
2568 2030 1
7598 795 3
795 2684 1
2684 1491 1
2030 707 1
707 2842 1
295 7607 1
5360 5802 1
5802 1087 2
1087 1411 1
1411 795 1
7447 5503 1
35 795 1
795 263 1
263 1586 1
1586 4023 1
4023 7607 1
6168 795 1
795 295 1
4199 7008 6
7008 795 1
795 2880 1
2880 678 1
678 795 1
795 2510 1
2510 3414 2
6866 772 3
2176 1687 1
1687 6492 1
621 1411 1
1411 2030 5
6462 7124 1
7124 3671 1
2030 3548 1
3548 3671 1
2176 1010 1
1010 2932 1
2932 6328 1
6328 2556 1
2556 1406 1
1406 7447 3
1288 1010 1
2009 2171 1
2171 4244 1
1233 2192 1
2192 6241 1
6241 2176 2
2176 1957 3
1957 2030 1
5300 2030 2
2030 7065 1
3199 3750 1
3750 7454 1
7454 1010 1
7454 3331 1
3331 1280 2
1280 2030 4
5226 7561 1
2510 830 1
830 5967 1
1639 35 1
6641 6063 1
6063 4439 1
4439 3673 1
3673 1085 1
1085 2880 1
2880 2030 2
2030 2580 2
2580 119 1
1280 541 1
7523 6901 1
404 1411 1
1411 3491 1
381 3836 1
7607 381 2
381 1491 2
2176 7423 2
7423 1491 1
1491 1607 1
1607 1950 1
1950 795 1
795 2030 6
2030 6909 1
6909 3789 1
3315 1087 1
795 3797 1
3797 3789 1
2103 3380 1
3380 3538 1
3538 5832 1
7598 3212 1
3212 310 1
310 5832 1
3671 2042 1
2042 1171 1
1171 2030 1
1556 7617 1
3671 2641 1
2641 5847 1
5847 7610 1
7610 6626 1
5832 2546 2
2546 5403 1
5403 2108 1
2030 7195 1
7195 2431 1
2431 1030 1
1030 4417 1
4417 2030 1
795 5087 1
5087 3673 1
1639 1405 1
1405 1 1
381 3317 1
3317 1491 1
2431 6125 1
6125 352 4
7297 5474 1
5474 364 2
6645 482 1
482 4644 1
4644 1514 1
1514 795 1
795 2774 1
2774 7007 1
7007 795 1
2030 171 1
171 1491 1
1491 4760 1
4760 1600 1
7607 823 1
823 3921 1
3921 7598 2
7598 1586 1
1586 5248 1
5248 5300 1
5300 795 2
7598 6272 1
6272 2774 1
2774 907 1
907 2030 1
245 2192 1
2192 3672 1
2842 3802 1
3802 3672 1
6592 2790 1
5832 1302 6
1302 4350 1
1087 516 1
516 7600 4
2030 4632 1
4244 381 1
381 7117 1
7117 3789 1
3194 2108 1
2108 2842 1
2910 3369 2
3369 5631 1
5631 4826 1
3672 3478 2
3478 2410 1
2410 5832 1
1 6624 1
1207 5832 1
772 1928 1
1928 364 1
2030 1909 1
1909 3393 1
7447 4413 1
4413 3150 2
3150 340 1
340 1 1
2410 4412 1
2030 1115 1
1115 7050 1
7050 1411 1
1411 1087 4
1087 7298 1
7607 7067 1
7067 5802 1
3387 4947 1
4947 795 1
5046 711 2
795 363 2
363 6784 1
6784 4971 1
4971 3600 1
3600 669 1
669 3431 1
3431 3422 1
3422 1301 1
3671 851 5
851 2555 1
2555 1411 1
2410 712 2
352 3141 1
3141 2982 1
3673 6729 1
6729 2910 1
4753 1639 2
1639 795 1
364 308 1
2555 2312 2
5565 2410 1
6411 2774 1
2774 2176 2
3673 3522 1
3522 1298 1
2360 1364 1
1146 2030 1
1577 3600 2
3600 5927 1
5927 2360 1
2431 4423 2
4423 1551 1
1551 7010 1
3672 6253 2
6253 2360 1
2360 3279 1
3672 7141 1
7141 3672 1
1551 1010 8
1010 1 2
5844 4088 1
4088 364 1
2360 2169 2
2169 6011 1
2932 6068 1
6068 2473 1
2932 7404 3
7404 1577 1
1577 2702 1
2702 2208 1
2208 5832 1
2330 2410 1
7447 2208 1
2208 5021 1
5021 1364 1
3671 2564 1
2564 6725 1
7607 2774 1
2774 4287 1
4287 2910 1
2910 2953 1
3673 2360 2
2360 5316 1
5316 3387 1
3387 2797 1
2797 3672 1
2879 6923 1
6923 5929 1
5929 4217 1
1492 4497 1
4497 1575 1
3673 2789 1
2789 1551 1
1010 3387 1
7447 3377 1
3377 4217 1
4217 541 1
6471 2030 4
363 5064 2
5064 2335 1
2335 1796 1
1796 2431 1
2431 5920 2
1368 4559 2
6947 6507 1
6507 6461 1
6461 2325 1
2325 7395 1
7395 364 1
1491 7246 1
7246 3789 1
3789 1051 1
1051 2030 1
2030 768 1
768 363 1
2837 769 1
769 132 1
132 1225 1
1225 4265 1
4265 2192 1
2192 1280 1
1280 6916 1
2360 2410 1
7598 6922 1
6922 2360 1
2360 7190 1
7190 2030 1
2030 5176 1
5176 6641 1
3257 3671 2
3671 6822 1
6822 2360 1
2360 1042 2
1042 363 4
3970 2702 1
2702 3387 1
3387 691 1
691 7297 1
7297 6641 2
2842 2208 1
2208 364 1
476 363 1
363 7136 2
7136 275 1
275 6998 1
2893 2030 1
2030 1614 2
6507 1639 2
1639 6547 1
6547 2410 1
5118 3673 1
3233 5118 1
5118 3766 1
2774 6023 2
6023 1639 2
6486 2932 1
2932 4879 1
4879 2780 1
2780 5830 1
5832 6624 2
2192 3337 1
3337 4171 1
4171 2030 1
2192 4233 1
4233 6296 1
6296 2030 1
2192 6063 1
2030 1638 1
1638 7360 1
7360 6142 1
6142 467 1
467 6775 2
6775 7400 1
7400 2431 1
2431 1614 1
1614 718 1
7449 3105 1
3105 2932 1
2932 4849 1
4849 1 1
1 1146 1
1146 520 1
7447 6954 1
6954 4057 1
6330 2030 3
795 4617 1
4617 6645 1
6645 5806 1
5806 1166 1
1166 2030 1
6044 5460 1
245 1028 1
795 6962 1
6962 1455 1
1455 6645 1
6645 1777 1
1777 4181 1
4181 2030 1
4416 497 1
497 2009 1
2009 2431 2
2431 718 1
718 1088 1
1088 1639 1
1639 6998 3
6998 1 1
772 2383 1
2383 2910 1
5832 1956 1
1207 4844 1
4844 2932 1
2544 3773 1
3773 4521 1
4521 1492 2
1492 4644 1
4644 3233 1
3233 2917 1
2917 4799 1
4799 1956 1
1207 6462 1
6462 5662 1
3431 36 1
36 2030 2
2030 1569 1
1569 2115 1
3789 5192 1
5192 3672 1
3672 6409 2
6409 6872 1
520 2314 1
2314 2410 1
2192 7010 1
7010 7429 2
7429 3414 1
1600 7352 1
7352 7447 1
3671 1230 1
1230 7055 1
7055 3387 2
518 3414 1
3194 7352 1
7352 3672 1
2176 4789 1
4789 1225 1
4789 3671 1
3671 6053 2
6053 2176 1
5468 3106 1
3106 3194 1
3194 4244 1
6503 2250 1
2250 1 1
2658 3414 1
1579 1628 1
795 1628 1
7522 7607 1
7447 3713 1
3713 7607 1
5047 5959 1
7607 4348 1
4348 2531 2
2531 2423 2
2423 7449 1
7449 2103 1
2103 711 1
711 5032 1
2176 911 1
911 4826 1
3671 4789 1
4789 7285 2
7352 2312 2
2312 354 1
354 364 1
7522 7598 1
7598 354 2
354 6744 1
6744 2612 1
2612 2312 1
3671 5034 2
5034 6858 1
6858 5087 1
5087 2872 1
2872 374 4
374 3414 1
1087 7521 1
7521 407 1
6901 2870 2
2870 1 1
2870 3414 1
3414 2176 6
6872 5844 2
4466 3332 1
3332 1600 2
4416 3414 2
5034 298 1
298 2872 2
374 678 1
2555 2176 1
374 1575 1
2932 2870 2
2870 4760 1
2314 520 1
520 2213 1
2213 86 2
86 1225 1
6872 5154 2
5154 1568 2
1568 1639 1
364 2212 1
2212 3332 1
3332 2370 1
2370 3414 1
1600 7010 1
7429 3199 1
1568 2169 1
2169 2870 1
2870 7449 1
7449 5092 1
5092 2872 1
374 2176 1
3673 5087 1
5087 1225 1
2176 1968 1
1968 3118 1
3118 4616 1
4616 2213 1
86 364 1
285 6655 1
1265 364 1
7522 1577 1
1577 4173 1
4173 1 1
3671 2685 1
7449 586 1
363 1137 1
1137 3673 1
2879 727 1
727 6641 1
2833 586 1
2870 6655 1
6655 3332 2
3332 1364 1
7598 5123 1
5123 3414 1
7607 4663 3
7598 3186 1
3186 3199 1
352 6792 1
6792 6495 1
6495 6142 1
6142 2312 1
7447 911 1
911 2030 1
2030 4876 1
6234 2584 1
6872 6730 2
6730 7285 1
7352 1225 1
4789 1 1
6872 6023 1
1225 2932 1
3194 6053 1
6053 2932 2
2932 7386 1
7386 6053 1
3194 6672 1
6672 1551 6
1941 3671 1
6053 7449 1
7449 6023 1
6023 1 2
2176 1506 3
1506 1941 1
1941 7607 1
2932 2250 1
2250 65 1
2030 1660 3
3671 5287 1
5287 7607 1
7447 3723 2
3723 3713 1
3713 1 1
4828 7607 1
6234 4348 1
2423 2030 1
2030 5612 1
5612 2840 2
2840 1899 1
1899 1087 1
4262 3342 1
3600 5287 1
5287 1 1
1600 275 1
275 2176 1
2176 7449 1
7449 5288 1
5288 4073 1
4073 2410 1
6645 6517 1
6517 1280 1
1280 2176 1
6655 4244 1
4244 2712 1
2712 2770 1
2770 5990 1
5990 1141 1
1141 245 6
245 1225 2
3199 931 1
931 6495 1
6495 7303 1
5047 2964 1
2964 3839 1
3789 7327 1
3202 407 1
2949 5227 1
5227 3241 2
3241 2192 1
2192 1068 2
1068 3673 1
5289 772 1
3600 1301 2
6641 1 3
1294 3766 1
3766 3380 1
3759 269 1
269 2489 1
2489 7285 1
7285 5832 1
5832 4411 1
4411 2030 1
2030 6244 1
6244 1302 1
1302 641 1
641 1800 1
1800 7393 1
7393 5047 1
5047 3387 1
3387 273 2
6641 1364 2
1364 7447 6
3419 1225 1
1225 5313 1
5313 1364 2
1364 7203 1
7203 3343 1
3343 6872 1
6872 1233 1
1233 7598 1
7299 6645 1
1068 1 1
36 3508 1
5832 6154 1
6154 7297 1
3233 3332 2
3332 6154 1
6154 6655 1
6655 3382 1
3382 5832 1
3673 3508 1
3508 4233 1
4233 7393 2
7393 5832 1
3673 5489 1
3199 2578 1
2578 3898 1
3898 2176 1
2932 5771 2
5771 2030 1
2932 5938 1
5938 2030 1
364 3392 1
3392 1090 1
2030 7429 1
7429 2167 1
2167 678 1
678 6649 1
6649 6990 1
6990 4244 1
7600 2839 1
2839 6564 1
6564 7447 1
36 1225 1
1225 1956 1
1956 1206 1
1206 1225 1
1225 1329 1
1329 3673 1
3673 2487 1
2009 3830 1
3830 3370 1
3199 7285 1
7285 3356 1
364 7357 2
7357 3356 2
364 6675 1
6675 3356 1
2932 3235 1
3235 4940 1
4940 3374 1
3374 3356 1
7352 3356 1
7352 3387 1
1600 4789 1
6234 4680 1
4680 7607 2
7607 6154 1
6154 6449 1
6462 4224 1
4224 2191 1
2191 3546 1
3546 7447 1
7447 2564 1
2564 7598 1
7447 5316 1
5316 6154 1
6154 2030 1
7299 1419 1
1419 7285 1
7352 2030 2
6023 564 1
5832 5994 1
5994 7286 1
7286 4828 1
4562 4244 3
4244 1750 1
1750 3387 1
3970 1056 1
1056 772 1
2312 2382 2
2382 520 1
3672 6311 1
6311 3672 2
3414 1243 1
1243 7422 1
6142 7447 2
3199 2976 1
2976 7607 1
7607 2546 1
2546 702 1
702 7422 1
6142 1087 1
1087 3377 1
3377 3356 1
6142 3307 1
3307 1087 1
1087 4597 1
4597 5802 1
2030 4305 2
5313 6138 1
6138 6641 1
4305 5929 1
6142 524 1
6995 3279 1
3279 2702 2
2702 6311 1
7607 2322 1
2322 4277 1
4277 3387 2
3387 5406 1
6937 7327 1
3202 1575 1
1575 4277 1
4277 1342 1
1342 6044 1
6044 2774 2
2774 788 1
788 564 1
6624 3347 1
2030 3213 1
3213 5832 1
6672 6503 1
6503 6641 1
3671 6430 1
7467 2030 2
1425 2176 2
6872 4665 1
4665 1575 1
6641 3508 1
3508 6872 1
6641 2922 1
2922 763 1
763 1639 1
7390 5602 1
3673 6825 1
6825 7607 1
6866 2976 1
2976 5558 1
5558 103 1
103 2176 1
2173 1 2
3199 5199 1
5199 2030 1
6872 1368 1
1368 6780 2
6780 772 1
6044 6990 1
6990 6646 1
6646 5408 1
5408 3671 1
2879 6474 1
6474 7607 1
5455 5408 1
5408 7598 1
7598 2099 1
3671 6901 5
1966 7467 1
2030 3347 1
3347 7447 1
3671 2780 1
2780 6872 1
352 6554 1
6554 2030 1
2010 6872 3
1419 1087 1
1087 1492 1
482 3789 1
6462 6554 2
6554 3387 1
6044 2922 1
2922 772 1
6044 1298 1
363 1374 1
1374 2169 1
482 2431 3
2431 2879 2
2879 3094 1
3094 3671 1
5762 2030 1
5929 5994 2
5994 7607 3
678 6645 3
6645 1280 1
1280 7607 1
1227 6775 1
6775 6461 1
6461 1998 1
1998 3480 1
3480 4826 2
4826 6624 1
6624 6730 1
6730 566 1
7607 4277 2
4277 3672 1
3672 1702 1
1702 6799 1
6799 1956 1
1207 2030 2
4466 678 2
3600 2431 2
1227 3480 2
2774 1693 1
1693 4515 1
4515 2030 1
2030 3183 1
3183 3723 1
3723 2481 1
2481 2030 1
2574 2176 1
718 3387 1
3672 2382 3
2382 121 1
121 1956 1
1207 363 1
363 7072 1
7072 4875 1
4875 125 1
125 3773 1
3773 6866 1
3672 1849 1
1849 3414 1
3414 7298 1
7298 6044 1
6044 3432 1
3432 1280 1
1280 6872 1
7297 4698 1
3671 5369 1
5369 3672 1
7598 7460 1
7460 5959 1
6641 7460 2
7460 7447 1
1935 6268 1
6268 3672 1
3672 1579 2
1579 6875 1
5468 7449 1
7449 1579 1
5468 4760 1
3672 5300 1
5300 5369 1
5369 2030 1
678 1579 3
3480 1 1
2382 772 1
7470 364 1
2599 3199 1
3199 5703 1
5703 7449 1
1878 7607 2
2030 4277 4
4277 7447 3
7607 6430 1
6430 1491 1
6645 4402 1
4402 2030 2
2030 999 2
3364 7447 1
3414 5736 1
5736 7607 1
1 5869 1
5869 1302 1
1302 1364 1
7607 7112 1
7112 2046 1
2360 6044 1
7447 2043 1
2043 6370 1
6370 407 1
6370 5603 1
4510 3774 1
3774 3600 2
6462 5552 1
3199 4520 3
4520 2616 1
7607 5981 1
5981 4735 5
4735 2169 1
7600 1411 4
2030 5559 1
5559 3472 1
3472 3332 1
3332 7598 5
1091 3671 1
5657 2510 2
1042 1702 1
1702 7607 1
7607 1593 1
1593 2099 1
2099 4520 1
4520 6638 1
6638 6044 1
2774 3332 1
2634 1392 1
1392 1 1
1 407 5
407 1303 1
1303 6901 1
1600 7041 1
7041 5832 1
1575 1600 1
3672 4994 1
4994 4404 1
4404 6725 1
2370 5108 1
5108 2169 1
7600 1298 2
1298 5602 1
7393 3675 1
3675 2383 1
2383 3332 1
3332 1577 1
1577 6744 2
3600 7297 1
6403 2996 1
2996 2185 1
2185 861 1
861 7600 1
2996 3673 1
3673 861 3
861 6641 1
7449 6901 3
2030 4421 1
4421 3199 1
1966 1378 1
1378 4493 1
4493 2030 1
6924 4553 1
3199 843 2
606 6641 2
1579 4361 1
7026 1302 2
6413 1 1
363 1235 1
1235 2932 2
5722 3084 1
3084 4196 2
4196 2030 7
2030 7017 1
7017 2774 1
2774 1028 1
3673 6413 2
6413 3387 2
352 7026 1
7026 3673 2
1575 6962 1
6962 5970 1
3411 4828 1
7447 1411 1
1411 2879 1
7053 3671 1
1579 6415 1
6415 6775 1
6775 3921 1
3921 2162 1
2162 1506 1
1506 4520 1
4520 3554 1
3554 3673 1
2360 2954 1
2954 364 2
364 2397 1
2397 363 1
6684 7607 1
3026 2360 1
2489 3387 1
3387 742 1
7449 1383 1
1383 1302 1
1302 2367 1
2367 2479 1
2479 5967 1
7607 5188 1
5188 2169 3
7485 6655 1
6655 6866 1
7607 6904 1
125 5908 1
5908 3380 1
3387 4668 1
4668 3199 1
6191 1727 1
3581 6641 1
7297 5959 1
5959 2109 1
2109 1399 1
1399 3673 1
2030 4451 1
4451 6866 1
7116 7479 1
6245 7606 1
7606 4346 1
4346 2473 8
2473 5341 1
7449 3197 1
3197 3672 1
3672 3635 1
3635 3199 1
3199 6655 1
1506 1907 1
1907 7607 1
7607 1462 1
1462 5802 1
5802 1368 1
1368 1796 1
1796 2430 1
2430 363 1
5064 4217 1
4217 2774 1
7607 7544 1
7544 6858 1
6414 2755 1
2755 4217 1
5138 3673 1
620 2030 6
1414 1042 1
1042 3037 1
1691 4346 3
2473 6866 1
7607 4710 1
4710 7447 2
3026 2473 1
2473 2312 2
2312 2125 1
2125 3672 1
2009 1233 1
1233 2198 1
2198 1576 1
1576 5385 1
5385 4346 1
2312 1717 1
1717 5959 1
7452 5981 1
4735 4826 1
7108 2030 2
1298 1225 1
3199 5545 1
5545 4828 1
576 2030 1
2030 970 1
970 4244 1
4244 4540 1
4540 7393 1
7393 1227 1
1227 711 1
711 6562 1
6562 3431 1
3431 2910 2
7447 2218 1
2218 7607 1
7607 2198 2
2198 6798 1
6798 3199 1
5967 7600 1
1411 3199 1
980 6901 1
2046 1097 2
2009 6672 1
6672 4212 1
4212 6901 1
1577 2914 1
326 5589 1
5589 1 1
2192 1042 1
1042 7449 2
5651 6924 1
6924 3921 2
2910 1380 1
1380 6681 1
6681 263 1
263 7447 1
7447 1302 3
1302 2910 1
2584 1456 1
1456 3673 1
3825 2271 1
2271 2839 1
6044 5379 1
364 5820 1
5820 2312 1
2910 6744 4
6744 6245 2
6245 3673 1
861 7607 1
7449 3909 1
3909 4910 1
2030 7041 2
3970 3585 1
3585 7365 1
7365 2099 4
3017 363 1
352 1492 1
363 3585 1
3585 2030 2
2030 5572 2
5572 2410 1
2410 729 1
3199 5643 1
5643 3766 1
2107 7016 1
7016 2176 2
2176 3670 1
3670 7328 1
7328 3202 1
3202 2030 1
3763 2932 1
2932 656 1
2099 1284 1
1284 6875 1
6875 2107 1
2107 2431 1
2431 373 1
373 2021 1
5381 5301 1
5301 7449 1
3671 4984 1
4984 2169 1
2169 5802 1
5802 1225 1
1579 6645 1
6645 6979 1
6979 1364 1
1364 5218 1
5218 1374 1
1374 1042 1
6462 655 1
655 6044 1
7447 1389 1
1389 2030 1
2030 2790 1
5832 2014 1
2014 2030 3
7299 1855 1
1855 3199 1
7299 3586 1
3586 2546 1
2546 6034 1
6034 1368 1
3379 1225 1
6872 1574 1
1574 1087 1
2410 2910 1
1302 4791 1
4791 7390 1
2431 2529 2
2529 2107 1
2107 4828 1
6744 990 1
3675 2910 1
7598 990 1
990 2176 1
2910 7041 1
7041 5218 1
5218 5040 1
5040 3238 1
3238 2030 3
772 594 1
594 554 1
554 6672 1
6672 6034 1
6034 4618 1
3505 5929 1
2030 1389 3
1389 5832 1
3673 2852 1
2852 2030 1
2030 5205 1
5205 2030 1
691 2879 2
2879 1843 1
1843 5967 1
2932 1622 1
1622 3674 1
3674 3199 1
3199 4791 1
4791 1225 1
6744 4466 2
4466 407 1
1577 6875 1
2431 4233 1
4233 1569 1
1569 3673 1
7447 1590 1
1590 3414 1
3414 2410 2
2410 6269 1
6269 1693 1
1693 3671 1
3671 7141 1
7141 2030 1
2555 3387 3
7447 722 1
722 7415 1
1067 3762 1
3762 2312 1
2312 7600 1
1411 6483 1
6483 2982 1
1526 3387 1
1087 2169 1
7445 1411 1
1411 2192 1
2192 2910 3
2910 1298 1
1298 1368 1
3671 5489 1
5489 772 1
772 1511 1
5489 1511 1
1511 3199 2
3199 6344 2
6344 3589 1
3589 274 1
274 364 1
769 1128 1
3673 5025 1
5025 6234 1
6234 6289 1
575 6866 1
2173 2910 1
2910 4232 2
4232 6413 1
7607 4356 1
4356 1 1
6995 1506 1
3673 3369 2
3369 3068 1
3068 3199 1
7607 2410 1
4865 4828 2
7447 2774 3
2774 6690 1
6690 2990 1
2990 6793 1
6793 2030 1
2030 5587 1
5587 4949 1
467 5050 1
5050 3233 1
2431 4978 1
4978 2360 1
2360 7076 1
7076 7598 1
7598 6849 1
2030 6923 1
6923 3671 1
4561 2879 1
2616 3233 1
3233 3162 1
2932 1302 1
3199 4504 1
4504 2046 1
3673 2711 1
2711 6672 1
6672 107 1
107 1042 1
1042 6234 2
6234 5451 1
5451 2144 1
2144 1087 1
7485 4346 1
4346 1796 1
1796 364 1
6815 7245 1
6507 689 1
1313 6269 1
6269 6721 1
6721 7303 1
7303 467 1
998 7447 1
2851 1575 1
1575 3046 1
3046 7607 1
6448 5032 2
5032 7447 2
4519 3387 1
7121 1368 1
1368 7384 2
7384 1397 1
1397 2410 1
2410 1455 1
1455 2790 1
2790 1233 1
3199 1827 2
1827 7447 1
1966 3673 1
2030 1890 3
1890 2790 1
2790 6064 1
6064 5294 1
5294 364 1
364 6304 3
6304 2740 5
2740 2431 1
2431 2588 3
2588 4346 1
4346 4156 1
4156 2030 1
2030 1824 2
1824 2790 1
2790 7245 1
1246 364 2
364 6303 1
6303 2030 1
4735 4828 1
3233 760 1
760 6744 1
6744 4156 1
4156 1 1
1 6304 1
2740 4066 1
4066 5468 1
3199 7373 2
7373 6641 1
6690 1302 1
1302 364 3
142 3414 1
6990 4507 1
4507 7607 2
7121 1579 1
1579 3673 1
3673 6419 1
2606 2176 1
6995 963 1
963 2790 1
2790 7607 1
7607 3991 1
3991 5188 1
364 2208 1
2208 2030 1
6413 3671 3
6655 4521 1
6160 5105 1
5105 3671 1
3671 7297 2
7297 6413 1
3671 1029 1
1029 569 1
569 1425 1
3671 7256 1
7256 6725 1
6725 4132 1
4132 467 1
363 6907 1
6907 4826 1
2615 3199 1
5515 3387 1
3387 4971 1
1604 3199 1
2879 1874 1
1874 6641 1
6700 4543 1
1298 3265 1
711 6420 1
6420 7607 1
1042 4410 1
4410 4244 3
4244 2606 10
2606 2169 1
7593 3414 1
7607 6061 1
6061 5832 1
5929 2330 1
2330 2615 1
2615 4219 1
4219 6901 1
450 6549 1
6549 7405 1
7405 2606 1
2606 2030 9
5138 6462 1
1599 3199 2
6163 2616 3
6163 6641 2
2588 4553 1
4553 772 1
772 3409 1
3409 1964 1
1964 1903 1
1903 1 1
1 7165 1
7165 1579 1
3199 3187 1
3187 2030 1
6728 6079 1
6079 4244 1
2606 7607 1
3673 1256 2
6166 3673 1
3673 7311 1
220 6419 1
2606 2489 1
2489 3199 1
7607 1691 2
1691 6064 1
6064 7582 1
7582 1256 1
1256 364 2
364 6491 1
6491 2030 1
772 7390 1
2431 1285 1
6901 1175 3
1175 6370 1
6370 6120 1
6120 6313 1
6313 2932 1
5929 6547 1
6547 1256 1
1145 1028 1
1028 2588 1
2588 4540 1
4540 363 1
363 3813 3
3813 2030 2
3432 2360 1
2360 1122 1
1122 4244 1
4244 5908 1
5249 1238 1
1238 1256 1
1256 1143 1
1143 363 2
3813 3387 1
2479 3769 1
3769 4199 1
3387 789 1
363 1817 5
1817 2030 3
2030 2297 1
2297 6655 1
7600 2792 1
4503 7607 2
7607 2513 1
2513 6417 1
6417 5832 1
5832 2607 1
2607 2272 1
1145 2030 3
7447 1561 1
1561 2780 1
2839 6413 1
6413 2790 1
2790 7598 1
7598 1175 1
1175 2505 1
2505 363 1
363 5957 1
5957 5078 1
5078 2932 1
7245 6641 1
525 5064 1
5064 2843 1
2843 4216 1
4216 2634 1
2634 4540 2
2030 5833 1
5833 7607 1
7607 6579 2
6579 2790 1
1302 4346 1
4346 2505 1
2505 2176 1
5468 4346 1
4346 6100 1
2871 5249 2
2324 6645 1
363 7289 1
7289 1 1
5179 3505 1
4244 2360 1
1639 1256 2
1256 620 1
620 2774 1
2774 3672 1
3970 6721 2
6721 4423 1
1175 4826 1
4826 4408 1
4408 4216 1
4216 2169 2
2169 1057 2
4209 7303 1
6170 3672 1
6507 6385 1
935 2030 2
2030 5349 2
5349 7406 2
7406 6491 1
6491 5736 1
5736 6985 1
6985 7447 1
7447 1285 1
1285 7607 1
772 3635 1
4735 3673 1
3673 1233 2
4882 7607 1
7607 5304 2
5304 2169 2
364 4782 5
4782 7455 1
5967 1389 2
1389 1067 1
1067 2066 1
1298 6641 2
6641 2383 1
2383 4754 1
7607 6495 1
6495 6838 1
6838 2030 1
6641 5746 1
5746 3414 1
1506 1575 1
1579 1302 1
3673 5978 1
5978 6725 1
6725 2555 1
2932 6353 1
6353 2806 1
2806 575 3
2879 3084 1
3084 2774 2
3672 2879 3
2879 926 1
926 3671 1
1455 1302 1
1 6163 1
6163 6725 1
1302 3026 1
3026 2312 1
6462 5000 1
5000 2505 1
2505 6728 1
6234 1831 1
1831 3673 1
3199 6650 1
6650 2584 1
2584 3671 1
3671 1441 1
1441 7449 1
5468 6463 1
6463 7607 1
7607 4668 1
4668 7300 1
7300 5304 1
5304 575 1
4763 5832 1
5832 2171 1
2811 4980 1
6088 7600 1
7600 1286 1
1286 1419 1
363 1945 1
1945 2030 1
2879 4519 1
4519 5832 1
5832 7516 1
3199 4730 1
4730 3332 1
3332 1506 1
1607 568 1
568 364 1
1298 2312 1
7167 6419 1
6419 364 1
364 3361 3
3361 7593 2
7593 1143 1
2030 1286 1
1286 6995 1
1425 3199 1
363 3373 3
2479 5766 1
5766 2030 2
100 2030 1
3194 7480 4
7480 7607 1
7607 737 1
737 364 1
2634 6448 1
6448 6942 1
6942 3199 2
7384 3387 1
363 1775 1
1775 3647 1
4566 5046 1
5046 1176 1
1176 5832 1
5832 4650 1
3673 4779 1
4779 1175 1
1175 4775 1
2360 2932 1
6547 1 1
4826 6343 1
6343 772 1
3194 6547 1
6547 364 1
364 5829 2
5829 2030 1
1579 484 1
484 6901 1
6901 6332 1
6332 4553 1
3040 1830 1
1830 4079 1
4079 2030 1
2030 1145 1
2030 6491 1
6491 7607 1
7447 2505 1
2505 1175 1
1600 4595 1
4595 2176 1
4949 3387 1
5734 4423 1
4346 3672 3
3672 4971 1
467 1899 1
1899 6462 1
6462 6468 1
6468 3118 1
2030 2880 1
1280 5986 1
4057 5829 1
5829 6901 1
6901 2057 1
2057 1175 1
4621 7390 1
7390 2752 1
2752 5349 1
5349 435 1
435 4675 1
4675 5832 1
2811 1073 1
3265 5781 1
6767 6744 1
6744 1280 1
2030 4237 1
4237 5038 1
5038 4216 1
2030 6072 1
6072 1097 1
6721 767 1
767 3199 1
1964 2479 1
2479 7486 1
7486 3393 1
3393 4244 1
4559 1225 1
1225 6202 1
6202 4828 1
4858 7390 1
7390 6203 1
6203 7373 1
7373 7393 2
2780 2479 1
2479 7352 1
4638 363 1
363 4591 1
4591 1176 1
1176 364 2
5929 7476 1
7476 4160 1
4160 2926 1
3776 5188 1
5188 2489 1
5199 4755 1
4755 7557 1
7557 5549 1
5549 467 1
467 7435 1
7435 2030 1
2030 6978 2
6978 5167 1
5167 1259 1
1259 136 1
136 6141 1
2438 3671 1
3671 4077 1
4077 7390 1
7390 774 1
774 3696 1
3696 5700 1
5700 1443 1
7598 2638 1
2638 2266 1
2266 2030 1
2030 1260 1
1260 5802 1
5802 4826 1
3671 1805 1
1805 2780 1
6901 6471 1
6471 3671 1
5851 2925 1
2925 6078 1
6078 550 1
550 7390 1
7390 2192 1
7607 2313 1
2313 520 1
7393 6040 1
6040 3653 1
3653 3673 1
516 3103 1
3103 1016 1
1016 3387 1
6744 5617 1
5617 2312 1
1151 3600 1
3600 2852 1
1614 5985 1
5985 2030 1
3671 3495 1
3495 2030 1
1970 7313 1
7313 2030 1
2030 5324 1
5324 2030 1
772 4469 1
4469 2030 1
2030 1819 1
1819 2030 1
2030 4645 1
4645 7297 1
467 363 1
363 4199 1
4199 4826 1
4826 4965 1
1082 3851 1
3851 5929 2
5929 2550 1
2550 2030 1
3186 1087 3
6767 3387 1
5851 2792 1
2792 2046 1
2046 4336 1
4336 4762 1
4762 6524 1
6524 2563 1
2563 6655 1
3600 6241 2
3672 4412 1
4412 3938 1
3938 7560 1
1523 1389 1
1389 1415 1
711 5940 1
5940 3762 1
3762 6507 1
2914 4619 1
4619 6993 1
6993 3274 1
772 5379 2
1600 7600 1
7600 1362 1
1362 1176 1
1176 1294 1
1294 5940 1
5940 2001 1
2001 2176 1
352 1087 1
176 4598 1
4598 2932 1
3671 2974 1
2974 2030 1
6462 6077 1
6077 402 2
402 6471 3
3671 4227 1
4227 6771 1
6771 2982 1
3671 6077 2
6077 1 1
1 7560 1
2030 1006 1
1006 6447 1
772 263 1
263 3227 1
3227 3040 1
3040 5249 1
5249 402 1
402 1246 1
1246 6471 1
6471 2360 2
3671 6109 1
6109 364 1
4336 4826 1
3320 5982 1
7116 6960 1
6960 2030 1
6241 1752 1
1752 5929 1
5929 2376 1
2376 2183 1
2183 3290 1
3290 618 1
618 1 1
1899 3153 1
3153 2931 1
2030 5940 1
5940 3186 1
3186 5929 1
5929 6768 1
6768 270 1
270 5832 1
6775 5844 1
5844 2780 1
1028 3771 1
2811 6385 1
2030 4227 1
4227 1176 1
1176 6234 1
6234 1867 1
1867 402 1
6077 2030 1
2030 6077 1
402 6815 1
6815 6471 1
2360 1 1
4826 907 1
907 5125 1
5125 5802 1
2169 5788 1
5788 973 1
7523 2169 1
2169 5940 1
5940 7406 1
1097 6249 1
1087 2183 1
2183 7313 2
7548 3672 1
3672 4519 1
4519 2500 1
2500 4826 1
3723 5304 1
5304 402 1
6471 2932 1
2780 524 1
772 691 1
691 6981 1
6981 4828 1
1298 678 1
6645 2760 2
2760 3380 1
6483 1 1
5468 1639 1
2760 7390 1
7390 6927 1
6927 2030 1
2030 2685 1
2685 7600 1
7600 1176 1
1176 363 1
5851 4702 1
4702 7390 1
3414 2986 1
2986 6142 1
7297 3387 2
3387 7415 1
7415 1363 1
2030 6112 1
6112 1 1
4826 566 1
566 2410 1
2030 3089 1
3089 5929 1
5929 3557 1
3557 7400 1
7400 2030 1
3040 467 1
7600 2216 1
2216 3652 1
3652 2030 1
2030 1176 1
1176 6462 1
6462 4391 1
4391 2169 1
1175 5832 2
5832 3820 1
3820 7607 1
4804 315 1
315 2030 1
2932 1176 1
3671 3374 1
6462 1690 1
1690 1 1
5313 396 1
396 2505 1
2505 2932 1
2030 4999 1
4999 3672 1
3672 4230 1
4230 2030 1
359 678 1
2030 560 1
560 407 1
2009 6655 1
6655 1302 2
1302 2099 2
1506 1 3
2512 4821 1
4821 963 1
963 7600 1
7600 2790 1
2790 2176 1
2009 3084 1
2774 2099 2
3332 4932 1
3672 926 1
926 4540 1
3672 4466 2
7607 7445 1
4262 1506 1
1579 4519 1
4519 2030 3
6881 7297 1
7297 6990 1
363 6023 3
6023 6720 2
586 3360 2
3360 6788 2
363 4193 1
4193 772 1
772 6690 1
6690 6641 1
6641 6993 1
6993 1840 1
1840 7607 1
5422 2142 1
2142 2030 1
6744 5959 1
5959 364 2
364 6482 2
4233 2030 3
3789 1526 1
1526 1584 1
7447 566 1
566 364 1
363 3675 3
3675 6818 1
6818 5258 1
5258 3671 1
3671 4857 1
4857 2030 1
6462 6124 1
2634 7607 1
2879 6968 2
6968 3789 2
3177 5967 1
5967 4539 1
4539 3387 1
980 4244 1
2634 3380 1
524 477 1
477 2410 1
2410 1294 1
1294 530 1
530 363 1
3970 2681 1
2681 2030 2
467 7054 1
7054 2030 1
467 4446 1
4446 2030 1
3671 1227 1
3671 4032 1
4032 6655 1
36 4244 1
3282 6523 1
6523 6774 1
6774 6641 1
6091 7137 1
7137 1966 1
1966 772 4
2030 3897 1
1428 3671 1
7447 5154 1
5154 6641 1
6641 6382 1
6382 2030 2
772 6730 2
6730 3970 1
1584 3673 1
2879 3774 1
3774 1415 1
1415 3387 1
3673 6273 1
6273 7447 1
7598 3223 2
3223 2030 2
5832 7010 1
7010 516 1
516 1280 1
1280 5832 1
6730 3615 1
3615 4828 1
2010 1280 1
1280 363 1
7298 7137 1
7137 6430 1
6430 5766 1
2030 490 1
490 6641 1
7447 4500 1
5929 1121 1
1121 2030 2
3671 5642 1
5642 2107 1
2107 2312 1
3671 6946 1
6946 3673 1
3673 2844 1
2844 363 1
2169 3945 1
3945 121 1
121 363 1
6641 5459 3
5459 2030 2
2030 1391 4
7607 6004 2
6004 3005 1
3005 4971 1
518 6775 1
3673 1514 1
1514 2030 1
2030 3473 1
3473 3387 1
3369 143 1
143 6403 1
6403 566 1
1878 7600 1
7600 2896 1
2896 1965 1
1965 2932 1
2932 2116 1
2116 2552 1
2552 3414 1
1575 2410 1
3199 3021 1
3021 2169 1
2169 5218 1
5218 5832 1
61 2030 3
772 2107 1
2107 5832 1
364 2241 1
2241 7406 1
7406 1246 6
1301 4754 3
4754 4858 2
4858 2030 1
1579 1368 2
6775 467 1
467 1607 1
1607 5578 1
5578 363 1
363 4554 1
4554 7370 1
7370 3499 1
3499 2932 1
4858 3647 1
4566 5464 1
5464 1280 1
1280 6995 1
6995 4520 1
2932 6925 1
6925 4889 1
4889 1246 1
1246 5453 1
5453 2030 1
2410 5643 1
5643 3673 1
3673 3233 1
4244 6596 1
6596 7341 1
7341 4346 1
4346 6856 1
6856 3560 1
3560 2176 1
3896 3233 1
3233 1246 1
1246 6616 1
6616 386 1
364 2767 1
2767 1 1
3673 2743 1
2743 575 1
3731 7607 1
6901 119 2
3233 5313 1
5313 6004 1
6004 5570 1
5570 3789 1
1118 3673 1
3673 4209 1
4209 1491 1
1491 2982 1
2982 1491 1
6641 6912 1
6912 7447 1
363 520 1
520 1280 1
1280 1087 1
3199 6233 1
6233 7447 1
7447 5994 1
5994 5579 1
5579 2099 1
2099 5219 1
5219 364 1
364 7467 2
7467 2780 1
7600 3331 1
3233 541 1
541 1491 1
1491 6901 2
6901 1491 1
892 352 1
831 352 2
352 3194 2
7480 1575 1
7600 5218 1
5218 3238 1
7406 3240 1
3240 3233 1
3233 442 2
1428 7598 1
1298 846 1
846 364 1
1128 275 1
275 7560 2
2030 2831 3
2831 5379 1
2634 1954 1
5313 608 1
608 6641 1
6641 5543 1
5543 2743 1
2743 5832 2
5715 7598 2
7598 3320 1
3320 4300 1
4300 3472 1
3472 3387 1
1511 2591 1
2591 3107 1
3107 3199 1
3199 3507 2
3507 577 1
577 7447 1
352 1042 1
1042 3356 2
3356 1294 1
2030 4283 1
4283 7607 2
2932 2036 3
2036 2932 1
363 61 1
61 5603 1
7167 2410 1
1042 5153 1
7404 2030 1
2030 325 1
325 7607 1
2634 520 1
6163 7453 1
7453 3270 1
3270 2410 1
2360 4502 1
4502 477 1
477 3332 2
3332 381 4
428 7607 2
718 3671 1
3022 2312 2
2312 384 1
384 3199 1
2479 3194 1
6655 792 1
792 2099 1
2099 5970 1
3411 3332 1
428 1087 1
1087 3193 1
3193 3199 1
3199 706 1
706 7422 1
6142 381 1
238 3199 1
2169 381 1
381 2360 1
2360 5832 1
4707 2176 1
2176 2818 1
2818 2774 15
2774 5202 1
5202 6858 1
6858 795 1
2512 6858 1
6858 788 3
788 3332 1
5904 2173 1
2173 3332 1
3332 3132 1
4643 4330 1
4330 4466 1
4466 7607 4
2811 4466 3
4826 6316 2
7598 979 1
979 1364 1
520 3320 1
2176 3233 2
3233 6858 1
788 3673 1
3432 502 1
502 2030 1
3673 6226 1
6226 363 1
518 2176 6
326 3673 2
7598 3368 1
3625 1 1
4826 6645 1
3625 4826 1
3673 3332 3
3332 4244 1
2770 3199 1
6428 6725 1
1577 2173 1
6428 980 1
980 3926 1
3926 2479 1
5468 65 1
7447 1 2
2312 7598 1
1301 4858 1
4858 6955 1
6955 363 1
6995 4510 1
4510 7607 1
5309 7607 1
6462 6417 2
6417 4244 3
6937 3673 1
1238 7447 1
2176 4794 1
4794 3673 1
4794 4244 2
7362 6641 1
6428 1392 1
3673 5153 1
5153 7449 1
7449 4984 1
4984 2360 1
2360 381 1
7452 6645 1
6645 1506 1
751 1 1
4826 6936 1
6936 7447 1
3199 748 1
2030 4654 1
4654 7112 1
7112 3789 1
3789 3315 1
3315 3199 1
5487 795 1
795 1575 1
1575 6995 1
5487 65 1
7445 678 1
7598 2642 1
2642 6044 1
6044 2410 2
1970 6210 1
6210 2030 1
1389 1069 1
2811 5321 1
5321 5524 1
5524 2030 1
2030 4878 1
4878 1919 1
1919 1 1
1042 5574 1
5574 2183 1
7313 7263 1
7263 2030 1
1087 1803 1
1803 467 1
2176 7439 1
7439 3233 1
3233 6615 1
6615 5929 2
5929 5778 2
3673 5053 1
5053 7447 2
7447 1119 1
1119 4533 1
4533 7600 1
7600 2780 1
3673 1288 2
1288 1119 1
1119 2030 2
6872 4277 2
4277 2030 2
772 4277 1
4277 1087 1
1087 4754 1
6901 3233 3
3332 6600 1
6600 6651 1
6651 407 1
6641 6615 1
5778 7447 1
7447 3618 1
352 2510 1
6946 4645 1
5844 4244 1
5967 7337 1
247 363 1
7607 2219 1
2219 2030 1
2030 6675 1
6675 7607 1
352 3380 1
3199 4492 1
4492 1 1
1 2916 2
2916 3673 1
5219 3356 1
1639 1188 1
1188 3356 1
1639 5921 1
5921 3387 1
3387 4521 1
4521 6901 2
2234 472 1
472 5922 1
5922 2030 1
3970 3217 1
3217 7598 1
7598 4161 1
4161 6044 1
3199 4161 1
4161 1 1
1 414 1
414 364 1
89 1364 1
1364 3693 1
3693 1028 1
3414 6116 1
245 7302 1
7302 7598 1
6411 712 1
5832 5752 1
5752 518 1
518 7452 1
7452 3269 1
3269 2410 1
2410 2945 1
2030 5296 1
5296 3199 1
6672 1298 1
1298 1906 1
2030 1800 1
1658 7598 1
6744 5208 1
5208 7600 1
7600 4185 1
4185 2030 1
2030 5274 1
5274 3356 1
3356 1209 1
1209 678 1
678 3194 1
3194 2653 1
2653 2312 1
2606 1042 1
6234 1926 1
1926 2030 1
1087 4773 1
4773 2030 2
2030 5224 1
5224 826 1
826 1296 1
1296 3349 1
2410 1857 1
1857 2932 1
7630 407 2
407 5215 1
5215 3673 1
6641 6383 1
6383 7449 1
7449 7297 1
1575 565 1
565 102 1
102 4619 1
4619 6392 1
6392 6926 1
6926 6725 1
6725 5489 1
539 275 1
2910 4794 1
7607 6266 1
6266 6725 1
1579 1966 1
1425 1907 1
1907 2910 1
352 2410 1
2410 3591 1
3591 3132 1
3132 2879 2
4507 5967 2
4826 4100 1
4100 7239 1
7239 2030 1
6234 3032 1
3032 2932 1
3671 7420 1
7420 7607 1
7607 4877 1
4877 2021 1
2021 1639 1
520 3233 1
3233 980 1
3671 2360 1
2360 2171 1
2171 1511 1
1511 1087 1
1087 4670 1
4670 352 3
3673 7453 1
7453 1898 1
1898 1 1
4826 3723 2
3723 4088 1
6462 5797 2
5797 5844 1
1087 6163 1
6163 2066 1
3199 751 1
751 4509 1
4509 2030 1
3199 4658 1
4658 2176 1
6125 364 1
6725 7166 2
3671 5258 1
1622 6641 1
7016 4130 1
4130 1 1
7447 5880 1
5880 772 1
2932 3233 2
1 564 1
6681 3377 1
3377 3233 1
4300 3414 1
678 3040 1
3040 5046 1
748 7607 1
7607 5349 1
2807 2360 1
2360 1280 1
1280 1256 1
6023 2982 1
3671 5624 1
5624 2030 1
3672 7019 1
7019 6858 1
6858 482 1
482 1149 1
1149 2169 1
2169 4482 1
4482 364 2
36 3387 1
5468 6690 1
6690 3672 3
3672 5094 1
5094 6145 1
6145 4217 1
4217 2588 1
2588 6901 2
2336 1 1
4209 1761 1
1761 2634 1
2634 5802 1
5802 7607 2
6993 271 1
271 520 1
1087 2818 4
2774 795 1
2879 886 1
886 2312 1
7390 1119 1
2879 4875 1
4875 3370 3
3370 5657 1
1298 3672 2
364 3233 1
1506 3672 1
7600 7461 1
7461 4482 1
36 2839 1
6044 6260 1
6260 2141 1
2141 1364 1
5967 4938 5
4938 2176 3
6655 6602 1
6602 2009 1
7447 2743 1
5715 3370 1
3199 6938 2
6938 2030 1
4826 5583 1
5583 1579 1
1579 1120 1
1120 7393 1
4949 738 1
738 5802 2
245 4466 1
3673 3370 2
6938 1491 1
1491 3387 1
3673 6938 1
6938 3241 2
3241 7406 2
1246 7607 1
7598 2009 7
2009 1087 2
7607 1569 1
1569 7598 1
7598 919 1
919 6901 1
7607 4949 1
7121 4466 2
1 4949 1
7121 4882 1
4882 3672 1
7607 4305 1
7447 1693 1
1693 6137 1
6137 4774 1
4774 2030 1
6044 6137 1
4679 782 1
782 7607 1
4698 3672 2
3672 1243 2
7607 2811 1
6023 3970 1
3970 3334 1
3334 2030 1
2030 591 1
591 2030 1
2449 5832 1
6645 712 1
352 6602 1
6602 2030 2
1391 518 2
2431 918 1
918 2022 1
2022 3414 1
6462 3441 1
3441 2030 1
5967 2949 1
2949 6775 1
2510 2267 1
2267 3975 1
4892 2312 1
2312 5097 1
6472 3970 1
3970 5746 1
5746 6901 1
6866 3722 1
3722 3332 1
2950 3387 1
6641 2173 1
6681 678 1
678 6160 1
2312 1569 1
1569 6044 1
6044 4892 3
4892 4574 1
4574 1233 1
1233 143 1
143 7393 1
7393 6268 1
6268 2996 1
7607 7296 1
7296 7598 1
1832 2030 1
2030 2185 2
2185 4971 1
6160 3431 1
7598 4713 1
4713 6641 1
6516 2030 1
2030 3291 1
3291 7607 1
520 3380 1
1506 364 2
2369 4697 1
4697 2932 1
5468 516 1
4892 7303 1
7598 4645 1
4645 772 2
7447 6013 1
5832 4727 1
4379 1564 1
1564 7449 1
4321 2517 1
2517 4576 1
4576 7607 1
2774 1577 1
2616 6645 1
2780 1639 1
1128 2517 1
795 2879 2
352 4484 1
4484 2030 1
6655 1301 1
1301 6815 2
7430 1225 1
6901 2825 2
2825 2665 6
2665 1 1
1941 4521 1
5455 1941 1
1941 1575 1
795 3853 1
3233 6234 1
6234 6938 1
1246 1966 1
2030 1406 1
2009 4484 1
4484 795 1
795 6728 2
6728 2169 1
2169 2825 4
2665 2932 1
7430 1301 3
1301 1087 1
1151 5191 1
6655 7302 1
1090 2555 1
3380 3789 1
3789 795 2
7299 2479 1
2479 381 1
381 6142 1
275 438 1
438 7393 1
7393 1575 1
1575 2510 2
2510 1492 1
1492 4538 1
4538 2982 1
2982 195 1
195 3672 1
3672 7050 1
7050 2030 1
3970 2799 1
2799 4547 1
4547 1 1
613 7607 1
7607 1897 1
2030 1817 5
1817 2932 3
2932 1704 1
1704 4826 1
2471 6023 1
6023 6396 1
2030 5092 1
5092 7598 1
2176 2893 1
2893 7607 1
5978 6044 2
795 4892 1
795 1313 1
1313 2462 1
2462 2818 1
2818 2771 4
2771 4828 1
3672 3210 1
3210 6330 1
3672 6839 1
363 4064 1
4064 3387 1
3199 4374 2
4374 7600 1
7600 381 1
381 1551 3
1551 3369 1
3199 1551 1
7598 1263 1
1263 3472 1
3472 3150 1
3150 5248 1
5248 3414 1
678 5851 1
5851 4233 1
4233 6044 1
6044 3766 1
3766 6990 1
6990 795 1
795 2695 1
2695 363 1
363 884 1
884 2370 1
2370 3672 1
1970 761 1
761 3387 1
6995 4063 1
7406 5851 1
5851 3681 2
3681 2761 1
2761 2030 1
2030 4888 1
4888 3107 1
3107 3672 1
3672 1057 2
5889 772 2
772 7625 3
7625 2030 3
2030 7625 2
7625 1 1
2910 754 1
754 7598 1
7598 1516 1
1516 2431 1
3672 316 2
7523 2410 1
2410 6901 1
3671 4860 1
3672 7515 1
5990 5468 1
3672 729 2
2634 1122 1
1122 2176 2
364 3581 2
1087 65 2
65 3671 1
3671 6093 1
6093 2043 1
2043 5977 1
5977 1600 3
2811 5977 1
5982 3673 1
3673 880 1
1087 2370 1
2370 6744 1
6744 795 1
795 2176 3
1506 1368 1
795 4484 2
2665 2099 1
2099 3431 1
3431 1087 1
3723 5985 1
5985 1660 1
1660 2842 1
6142 4488 1
4488 407 1
3199 5652 3
5652 4892 1
4892 3672 1
3672 4597 1
4597 5929 1
5929 101 1
101 5811 1
5811 2932 1
2842 6641 1
6641 2574 1
2574 7447 1
7447 6087 1
6087 7055 1
7055 7598 2
851 3348 1
3348 7607 1
6641 493 1
493 1087 1
1087 3672 8
6690 5226 1
5226 2030 1
7598 2641 1
2641 2364 1
2364 7600 1
2880 1 1
5154 7299 1
7299 5411 1
5411 5832 2
564 1579 1
5658 4865 1
795 3110 1
3110 2932 1
1128 7598 1
7598 918 1
918 7607 1
3673 2317 1
2317 2030 1
363 2555 1
3387 1577 4
1577 1579 4
2431 795 2
273 115 1
1419 6366 1
6366 2030 2
3673 830 1
830 2312 1
1097 7297 1
1337 6962 1
6962 3827 1
3789 7600 2
7600 2880 2
2880 7137 1
7137 7449 1
3673 4740 1
4740 1966 1
6881 1 1
5844 6987 1
6987 3387 1
7300 4238 1
4229 1301 1
2103 4346 1
4346 260 1
260 3373 1
2879 3806 2
3806 2932 2
2932 769 2
769 5663 1
5663 6641 1
7600 4212 2
4212 3186 1
3186 904 1
904 4509 1
4509 477 1
2774 7607 1
5047 3762 2
3762 6641 1
1416 6901 1
2665 7598 1
7598 1235 1
1235 3279 1
2702 7430 1
2806 5379 1
6503 1639 1
1128 2555 1
2555 7598 2
4423 795 1
795 5978 1
5978 4484 1
4484 6858 3
3762 6655 3
6655 6395 1
6395 1368 1
1368 1284 1
1284 2099 1
2099 4592 1
4592 1320 1
1320 476 1
476 1 1
4826 4698 1
4698 3673 1
3673 3796 1
3796 795 1
795 3505 1
3505 1428 2
1428 6044 1
6044 7452 1
7452 366 1
366 742 1
742 1575 1
795 442 1
6626 1368 1
1368 3603 2
3603 7365 1
7365 4779 1
7598 3643 1
3643 5908 1
4889 4418 1
3603 2030 2
4523 7598 1
7041 2030 3
142 6728 1
6728 980 1
980 5657 1
1861 7600 1
2880 364 1
6881 7298 1
7298 1087 4
3199 6989 1
6989 1 1
1 4680 1
4680 564 1
795 1419 2
1419 957 1
6995 5602 1
5602 795 1
795 772 4
5657 2030 1
2030 1951 1
1951 7607 1
6025 2370 1
363 6872 6
6872 1951 1
1951 3673 1
4763 6826 1
6826 629 1
629 2932 1
2932 6672 3
6672 1097 1
1097 6044 1
3672 3397 1
3397 5527 1
1864 2312 1
6989 7607 1
6995 1966 1
7449 1406 1
3231 3199 1
3199 381 1
1551 1225 1
5959 1575 1
2879 5137 1
5137 7447 1
3673 5248 1
5248 2030 1
2030 3472 1
3472 678 1
772 7303 1
7384 1225 1
1225 6483 1
6483 3387 1
1577 1492 1
2431 6091 1
6091 4277 1
4277 7393 1
3673 3026 1
3026 1243 1
7607 2229 1
2030 2630 1
2630 336 5
336 678 1
678 7326 1
7463 305 1
305 6413 1
6413 7598 1
3199 4814 2
4814 2312 1
2312 6559 1
6559 1934 1
1934 989 1
989 7452 1
7452 3431 1
7600 1263 3
1263 5406 1
5406 4753 1
364 305 1
305 2030 1
4519 7390 1
2431 4941 1
4941 7326 1
7463 2030 3
7447 3419 1
3419 5912 1
5912 1225 1
1225 795 2
795 3578 1
3578 3199 1
7121 2176 1
2176 467 1
1128 363 1
1966 2818 1
399 3673 1
7610 487 1
487 7607 1
6125 5736 1
5736 2030 2
1087 5406 1
5406 61 1
61 5227 1
5227 2176 1
353 795 1
3199 3584 1
3584 3373 1
3199 3561 1
3561 4215 1
4215 1639 2
1639 2529 1
2529 482 1
482 5602 1
7393 2932 1
4754 61 1
61 1 1
3921 4553 1
6641 7137 1
7137 7447 1
7447 5218 1
5218 363 1
6605 3238 1
4618 3369 1
3369 1302 1
1302 6781 1
5832 3233 2
3233 7598 2
3150 5218 1
5218 2030 1
3233 6088 1
6088 442 1
1428 1225 1
1225 3673 5
1639 3233 1
3673 2489 1
2489 1840 1
1840 2818 1
2771 3414 1
6690 6595 1
6595 4501 1
4501 1 1
4826 5978 1
2665 3332 1
1091 2818 1
2774 1087 1
364 2329 1
2329 6160 1
6160 6988 1
6988 1368 1
1368 1681 3
1681 4865 1
4865 1 1
7607 641 1
641 7299 1
795 6989 3
6989 2818 1
2771 1225 1
2030 1288 3
1288 3199 1
4865 1225 1
3199 2046 1
2046 6741 1
6741 7390 1
7390 381 1
381 2634 2
2634 7297 1
7297 2689 1
2689 2303 1
2303 5379 1
5379 5836 1
5836 2030 1
7442 2176 1
2176 2494 1
2494 4170 1
4170 3342 1
3342 795 1
6207 6205 1
1057 381 1
381 1549 2
1549 2312 1
3673 1934 1
1934 4860 1
4860 795 1
4492 1378 2
2555 2861 2
2861 1225 1
6989 1368 1
1681 2030 3
6983 1 1
1600 3763 1
3763 6011 1
6011 5832 1
3414 795 3
176 3673 1
5047 3279 2
3279 4811 1
4811 1575 1
772 6989 1
6989 6775 1
6775 2879 2
2879 7452 1
7452 1827 2
1827 7607 1
7607 66 1
66 7299 1
6989 3199 1
3199 4289 1
4289 3356 1
3356 5832 5
5832 6011 1
5832 2510 5
1575 5970 1
5970 2512 1
2046 6332 2
6332 6411 1
2176 4494 1
4494 381 1
1549 381 1
2634 795 1
795 831 1
831 3332 1
3332 795 1
4484 2818 1
2774 1 1
2818 6624 1
6624 4076 1
4076 3789 2
795 4995 1
4995 1549 1
1549 2030 1
6989 2932 1
7365 7449 1
7449 3829 1
2030 5655 1
5655 2099 1
2099 4288 1
4288 4443 2
4443 2030 1
476 2099 1
2099 5603 1
7167 4288 1
4443 7598 1
2839 3387 1
3673 4074 1
4074 3789 1
7607 4995 2
4995 3414 1
2996 1570 1
1570 2839 1
363 115 1
115 7598 1
363 2760 1
2760 1 1
1 2760 1
2760 7297 1
467 5945 1
5945 5413 1
5413 7391 1
7391 2932 1
7598 5898 1
2879 7125 1
7125 2774 1
6483 4826 1
1087 1577 1
3600 1298 3
7598 2790 1
1302 3414 2
4739 1510 1
1510 2312 1
2312 740 1
4679 3332 1
3332 6866 1
6866 795 1
795 3985 1
3985 3671 1
3332 6641 1
7026 3671 2
7449 3825 1
3825 795 1
3671 6413 2
3387 288 1
6995 6655 1
7607 6993 3
6993 1592 2
1592 2818 1
6641 1592 1
2879 3387 2
6448 5959 1
7297 7422 1
6142 6448 1
6448 7607 1
7607 7471 1
7471 3199 1
5047 6579 1
6579 1302 1
4057 4680 2
4680 2780 1
6905 1 1
1 2780 1
363 3337 1
3337 3431 1
3431 3199 1
3199 536 1
536 5967 1
3199 1441 2
1441 6872 1
538 1028 1
6413 7607 1
7299 3093 1
3093 3672 1
3672 1121 1
5313 7617 1
7617 3199 1
3199 4297 1
4297 6044 1
3672 6725 2
3672 1878 1
1878 352 1
352 640 1
640 4540 1
4540 2588 1
5832 2790 2
2790 1302 1
2932 1620 1
1620 6641 1
2811 3380 1
795 2517 1
3673 4597 1
4597 2818 1
2774 1575 1
1575 5578 1
5578 3387 1
7607 3084 4
3084 795 1
2932 2630 2
5354 7598 1
1443 2169 2
2665 1575 1
1934 6272 1
6272 3431 1
3084 7607 1
1175 3673 1
6655 2312 1
795 4209 1
4209 6901 1
1175 4510 1
3411 7607 2
1592 795 1
795 2818 1
2774 6901 1
1057 2951 1
2951 6128 1
6128 2312 2
7607 742 2
742 2176 2
6655 4209 1
4209 3600 1
3600 3411 1
7600 7477 1
7477 364 1
6253 1425 1
1425 4512 1
4512 2030 1
2030 3458 1
3458 3672 1
7607 6145 1
6145 1823 1
3825 3672 2
1057 2932 2
2932 2843 1
2843 2780 1
2780 3672 1
3672 2462 1
2462 4490 1
4490 7607 1
1087 467 1
467 7297 1
772 5959 2
363 7372 1
7372 6872 1
6872 740 1
740 2030 1
6872 2848 1
2848 6730 1
7016 2848 1
2848 1639 4
6725 4670 1
4227 3387 1
3387 204 2
5455 7598 2
3672 4855 1
4855 6901 1
3672 7255 1
7255 352 3
352 1523 1
1523 2848 1
1639 2164 1
2164 1575 1
7598 5046 1
7447 6990 4
3918 1087 1
7447 6946 2
4645 7251 1
7251 6901 1
2689 1280 1
1280 2192 1
520 4645 1
4645 3672 1
7441 2014 2
2014 7598 1
7598 4855 2
2932 2608 1
2608 3387 1
3199 2608 1
2608 1 1
6990 3155 1
3155 2454 1
2454 2030 1
2030 1377 1
1377 6730 1
3672 467 1
467 4114 1
4114 7607 1
3370 6990 1
519 3672 2
3672 851 3
2360 3332 1
4707 3387 2
7607 740 1
740 3431 1
3672 2833 1
2833 2798 1
2798 5468 1
363 2848 2
2879 640 1
4623 1575 1
352 7302 2
6990 2848 1
2848 352 1
352 363 1
1575 2579 1
2579 3414 1
524 7544 1
7544 5832 1
7476 7284 1
7284 4828 1
3672 6989 1
6989 2312 1
754 6624 1
1207 7607 1
1957 7600 1
772 2115 1
2115 1568 1
1568 3673 1
1087 6655 1
3673 3320 2
3320 3387 1
2169 5260 1
5260 1225 1
5851 2108 1
6269 363 1
363 1813 1
1813 3414 1
2774 415 1
7607 4076 2
4076 795 1
3672 4484 2
6858 6523 1
6523 6383 1
6383 2513 1
2513 6901 1
3673 272 1
272 2510 1
3279 4500 1
4500 3387 1
7598 1141 1
1141 7607 1
3199 1009 1
1009 7607 1
1592 1087 1
7598 2102 2
2102 1009 1
1009 245 1
2842 1 1
6775 3241 1
3241 3672 1
6260 1971 1
1971 1 1
3672 4232 1
4232 1225 1
1225 2705 1
2705 6044 1
7447 4232 1
4232 467 1
3410 6023 1
6023 604 1
3199 5341 1
5341 4466 1
6744 1 1
5032 3380 1
3380 4472 1
4472 6641 1
6641 404 1
404 2030 1
1087 5917 1
5917 2879 1
69 5917 1
5917 2312 1
7390 5917 1
5917 604 1
604 3673 1
3410 1225 1
3342 678 1
678 2102 2
2102 7447 1
7447 6023 1
6023 2312 1
2312 6645 1
6645 5917 2
5917 7598 2
1492 5917 1
5917 2818 1
2774 6044 1
7598 3392 1
3392 6330 1
6330 4865 1
4865 3392 1
3392 4828 1
3671 6193 1
6193 5832 1
1492 7257 1
7257 5832 1
2192 1492 2
5832 2418 1
2418 2331 1
2331 5769 1
5769 7378 1
7378 1637 1
1637 2632 2
2030 662 1
662 2840 2
2009 5832 1
5832 7393 1
7393 1579 1
1579 1141 1
3022 5917 2
5917 6641 1
6044 2818 2
2774 5460 1
5460 467 2
467 5939 2
5939 4865 1
5917 1225 1
1577 5917 1
5917 5832 1
5832 5917 1
7598 3190 1
3190 3387 1
7598 1600 5
1600 186 1
186 7390 1
2879 7188 1
4001 2932 2
2030 898 1
898 7615 1
7615 2030 1
5967 7523 1
2030 5476 1
5476 403 1
403 1097 1
2512 5046 1
6411 3939 1
3939 3671 1
2030 2193 1
2193 1511 1
1511 6044 1
3671 7188 1
3393 5489 1
5489 364 1
6215 3332 1
7600 5917 1
5917 6730 1
6215 1 1
3672 5070 1
5070 2616 1
2616 6195 1
644 2839 1
2839 2616 1
2616 1940 1
1639 278 1
278 693 1
693 1575 1
3199 1940 1
3600 2022 1
2022 2010 1
2010 1940 1
1492 4892 1
6990 6728 1
7598 2022 1
2022 1 2
1 4806 1
4806 1639 1
5967 467 1
467 278 1
278 3414 1
5917 2839 1
6044 6730 1
278 1225 1
3199 1498 1
1498 2177 1
2177 278 1
278 1 1
1575 5157 1
5157 6725 1
6125 3414 1
3414 4645 1
6993 1087 1
1087 1956 1
1956 1208 1
1208 4520 1
2169 1551 1
352 4520 2
4520 3310 1
3310 4520 1
4520 352 1
352 6702 1
711 3414 1
1600 3332 2
4466 2812 1
2812 2030 1
6316 407 2
407 6672 1
6672 1549 1
1549 1419 1
1419 2176 1
6087 442 1
2030 3342 1
3673 6404 1
6404 2932 1
6645 3367 1
3367 2176 1
2176 6989 1
6989 125 1
125 795 1
795 7449 2
795 5047 1
5047 3600 1
3600 6262 1
6262 772 1
7598 5410 1
5410 6872 1
6872 3861 1
363 1599 2
1599 795 1
795 6641 2
6641 2555 1
2555 6672 1
1010 5940 1
5940 3199 1
678 6462 1
6462 5940 1
5940 3473 1
3473 2375 2
2375 2932 2
2932 5731 1
5731 4026 1
4026 6462 1
3671 3473 1
2932 3639 1
3639 4026 1
4026 7449 1
3673 4507 1
516 2818 1
2774 2932 1
280 6872 1
6728 5959 1
5313 3671 1
6044 3970 1
1592 3387 2
3387 2842 1
2842 7351 1
7351 1298 1
1298 5047 1
5047 3489 2
125 7607 1
2842 4220 2
4220 4360 1
4360 3680 1
3680 1649 1
1649 6994 1
6994 6345 1
6345 5917 1
5917 2030 1
6690 2842 1
2842 5941 1
5941 1414 1
1414 3762 1
2030 844 1
844 6815 1
6815 2782 1
2782 2431 1
2431 3419 1
7449 989 1
989 3199 1
3199 1846 1
1846 2616 1
2616 3672 2
3209 1575 1
6872 6605 1
7297 6044 1
6044 6672 1
1010 3414 1
2030 269 1
269 1966 1
4521 990 1
990 1846 1
1846 2774 1
3332 364 3
352 458 1
458 364 1
36 6872 1
6872 2857 1
2857 6781 1
6781 5832 1
5832 5428 1
5428 1057 1
6728 795 2
6044 2367 1
6332 4759 1
6872 5381 1
5381 5110 1
5110 1511 1
1511 3342 1
2030 5483 1
5483 1561 1
1561 4897 1
4897 5413 1
5413 7598 1
3373 3414 1
2030 4900 1
6872 4900 1
4900 3387 1
6160 2996 2
6044 1551 1
1010 7447 1
3000 6989 1
6989 7449 1
1225 2818 1
2774 7299 1
5959 3672 1
6044 416 1
416 3673 1
3673 4076 1
4995 2030 2
4861 1551 1
7607 4484 2
5722 4288 1
4288 2825 1
2825 2176 1
1957 6775 1
6775 248 1
248 5994 1
5994 2431 1
2431 381 1
1551 4199 2
4199 6641 1
2685 7607 1
5177 6775 1
2949 1087 1
5177 7592 2
7592 3414 1
2370 5195 1
5195 3673 1
7600 7198 1
7198 3673 1
3673 3223 1
3223 1832 1
1832 6080 1
6080 5832 1
3356 204 1
204 1225 1
4484 5014 1
5014 7592 1
7592 3310 1
3310 363 1
2932 61 1
2030 2529 2
3672 2173 1
7447 1551 4
352 5176 1
5176 7449 1
2529 3673 1
3199 2512 1
3199 4672 1
4672 5036 1
6137 7132 1
7132 442 1
1428 1 1
1575 7132 1
7132 6725 1
6160 363 1
1425 1680 1
1680 7167 1
7167 3672 1
7448 3380 1
1087 3155 1
3155 5260 1
5260 1 1
6744 5177 1
7592 2030 1
363 6261 1
6261 4892 1
4892 4828 1
3672 1288 1
1288 6610 1
6610 6858 1
6858 4327 1
4327 3431 1
3431 4555 1
4555 1425 1
2555 6044 1
6044 3673 2
4249 2125 1
2125 5929 1
5929 1549 1
1549 7449 1
7449 4076 1
4076 3673 1
3673 4995 1
4861 2030 1
2030 4731 1
4731 6011 1
6011 6690 1
4735 1280 1
1280 3380 1
5657 4828 1
7300 4484 1
36 1 1
2774 7274 1
7274 3431 1
3431 61 1
2030 3178 1
3178 1235 1
3789 1411 1
5751 7607 1
3970 6755 1
6755 772 1
7137 4487 1
4487 5844 1
5844 6775 2
7297 2370 1
2370 3671 1
3671 1838 1
1838 352 1
352 6626 1
6626 275 1
275 7203 1
7203 3387 1
7057 4828 1
3199 5150 1
5150 5832 2
5832 2708 1
2708 3414 1
678 61 1
61 363 1
7136 364 1
364 3536 1
3536 5834 1
5834 4346 1
476 2030 1
3671 6893 1
6893 2030 1
6893 1 1
6449 4304 1
4304 6258 1
6258 5832 1
5851 7616 1
7616 518 1
518 6771 1
6771 604 1
604 3966 1
3966 750 1
750 711 1
711 7233 1
7233 2046 1
2046 4192 1
4192 2099 1
2099 2179 1
2179 1375 1
1375 4758 1
4758 1 1
1042 3644 1
3644 604 1
604 2030 1
2030 2920 1
2920 2176 1
2879 7449 2
7449 846 1
846 6362 1
2030 770 1
770 2581 1
2581 3040 1
3040 1298 1
1298 1753 1
1753 2030 1
363 5219 1
2702 2539 1
2539 1981 1
1981 2932 1
2283 2030 1
6462 5876 1
5876 2030 1
6645 1625 1
1625 2176 1
2176 2410 1
352 1689 1
1689 772 1
1 4521 3
1800 5128 1
5128 4026 1
2811 4269 1
4269 6738 1
3118 5832 1
2469 618 1
6192 2030 1
2030 7565 1
2030 3726 3
3726 1 1
2030 2371 1
2371 6690 1
6690 1577 2
2932 803 1
803 1246 1
1246 4028 1
4028 3137 1
3137 6457 1
6457 4199 1
7008 4215 1
4215 1299 1
1299 2030 1
2030 799 1
799 3673 1
3673 416 1
416 3970 1
3970 6028 1
6028 6457 1
1492 2852 1
2852 5832 1
364 4314 1
4314 2030 1
2842 2176 1
2176 3118 1
3118 642 1
5832 7053 3
7053 6595 1
6595 3387 1
3380 6195 1
6195 2030 1
1042 6730 1
6730 714 1
2616 6937 1
7607 3625 2
3673 4255 1
3332 3674 1
3674 2030 1
4466 231 1
231 1042 1
3199 4420 1
7447 5245 2
5245 3671 1
3671 5693 1
5693 6602 1
2030 1211 1
1211 6781 1
364 2515 1
2515 6614 1
6614 334 1
334 7447 1
1600 2242 1
2242 2410 1
2410 6725 1
6744 1197 1
1197 1058 1
7600 3390 1
3390 6141 1
6141 6901 1
3671 1620 1
1620 265 1
265 3789 1
5898 1577 1
1577 6645 2
6645 3472 1
3472 2030 3
2030 3231 1
3231 3954 1
2176 1777 1
1777 3671 1
7598 5222 1
5222 2831 1
2831 2046 1
2046 525 1
525 1154 1
1154 6249 1
6249 621 1
621 2410 1
2410 7449 1
3671 6503 1
6503 4495 1
4495 1334 1
5036 2173 1
2173 6269 1
6269 3982 1
3982 5379 1
6189 4826 1
3671 1693 1
6428 6937 2
7447 3677 1
3677 5241 1
5241 2176 1
35 3199 1
6775 2720 1
2720 7447 1
2410 7303 1
7303 2410 1
2410 1970 1
1970 7298 1
7298 4439 1
4439 7607 1
2879 4305 1
4305 6142 1
6142 6457 1
2879 4439 1
3444 2169 1
2169 6738 1
6044 7453 1
712 7598 1
7598 1364 3
7607 3293 1
3293 2030 1
2030 3847 1
3847 5044 1
5044 7447 3
7607 6839 1
6839 7452 1
6044 6901 1
295 363 1
363 1993 1
1993 3671 1
3671 6149 1
6149 5802 2
1 3194 1
3194 70 2
70 792 1
792 3411 1
3411 4244 1
4244 3987 1
3987 828 1
828 364 1
1491 1128 1
1128 985 1
7607 295 1
7008 1010 1
7010 2431 1
2879 3549 1
3549 2001 1
2001 5978 1
5978 2312 1
2312 556 1
556 6744 1
5802 2910 1
2910 6775 2
6775 1639 1
1639 2510 2
2510 5967 1
5967 830 1
830 2030 1
7406 1301 1
1246 2312 1
5046 3194 1
70 7607 1
7598 1406 1
1406 1 1
1 4744 1
4744 364 1
364 1144 3
1144 2030 2
1599 2030 2
3392 1071 1
1071 1262 1
1262 5360 1
5360 1 1
2410 5697 1
891 6149 1
5802 3970 1
3970 4894 1
4894 3199 1
2616 2030 2
3970 6978 1
6978 1364 1
1364 2880 1
2880 2431 1
2431 2996 1
2996 5503 1
5503 2001 1
2001 1 1
7057 4814 1
4814 70 1
70 3970 1
3970 6965 1
6965 839 1
839 2030 1
3970 3782 1
3782 4971 1
4971 6689 1
6689 3521 1
3521 2030 1
6234 5660 1
3766 2479 1
2479 6812 1
6812 2099 1
363 4571 1
4571 7390 1
7390 3600 1
363 1411 1
1411 1492 1
363 674 1
674 1334 1
5832 6458 1
6458 2308 1
2308 1447 1
1447 6576 1
6576 3671 1
7447 6289 1
6721 5503 1
5503 5832 1
5832 1411 1
711 4324 1
4324 2932 1
2932 2410 2
1097 7598 1
363 2582 1
154 13 1
13 2431 1
2431 6988 1
6988 364 1
2672 2030 1
363 2194 1
2194 3297 1
3297 437 1
437 2431 1
2030 939 1
939 772 1
6044 6461 1
6690 6166 1
6166 2410 1
2382 7600 1
7600 437 2
437 851 1
1087 4760 2
4760 1575 1
795 1010 1
7007 2312 1
795 5036 2
1301 3029 1
3029 4858 1
4858 1491 1
2842 1087 2
2192 711 1
711 1301 1
1301 477 1
477 1639 2
1639 7365 3
1368 1931 1
5036 7607 1
7607 5036 2
5036 2932 2
2932 6624 1
6624 4042 1
4042 2046 1
7356 2176 1
2176 1580 1
1580 795 1
363 604 2
604 2913 3
2913 7167 1
7167 364 2
363 7167 1
7167 604 1
2913 7598 1
7598 2651 4
2651 3320 1
7390 316 1
6462 7093 1
7093 3671 1
5832 4495 1
4495 7390 2
5287 2192 1
7445 5287 1
5287 3671 1
3671 3472 1
2580 3671 1
2913 364 1
7166 7630 1
407 1628 1
1628 6655 1
7389 5832 1
5832 6714 1
6714 2342 1
2342 2030 1
2030 2183 1
2183 2715 1
2715 1411 1
1411 957 1
957 684 1
352 7005 1
7005 7598 1
7598 2715 2
2715 1575 1
3671 1001 1
1001 1506 1
3199 6930 1
6930 1225 1
7607 7004 1
7004 3671 2
2030 7018 1
7018 2932 1
7607 1411 1
1087 6332 1
6332 7607 1
2009 2880 1
2880 2616 1
2616 6775 1
6775 3392 1
3392 3387 1
1263 3199 2
3199 2880 2
2880 6725 1
7607 2041 1
2041 678 1
467 6042 2
6042 4645 1
4645 2910 1
1419 5305 1
5305 7449 1
3199 7041 1
7041 4521 1
3199 5561 1
2043 1001 1
1001 2043 1
2910 3801 1
3801 7600 1
2851 364 1
7137 3673 1
3673 3980 1
3980 6444 1
6444 5832 1
7384 1409 1
1409 7598 1
5047 4244 1
552 2479 1
2479 5489 1
5489 1491 1
1491 2410 1
2410 2162 1
3896 363 1
6995 476 1
476 1411 1
1411 465 1
465 7607 2
7607 1389 1
1389 2575 1
2575 3387 1
3199 909 1
909 2910 1
772 620 1
273 2360 1
1144 1727 1
1727 3320 1
3320 5908 1
6858 4994 1
4994 6775 1
1246 3392 1
3392 2030 1
467 1411 1
363 3324 1
3324 2169 1
7598 1246 1
3673 3472 1
363 6319 1
6319 5177 1
6725 407 1
407 6319 1
6319 2879 1
2879 6109 1
6109 5832 1
2790 2014 1
2014 2431 1
3774 4754 1
4754 4199 1
7008 7598 1
691 445 1
445 1575 1
2880 3673 1
363 613 2
7449 4753 1
2030 5954 1
5954 3673 1
2932 7308 2
7308 4553 1
3199 1406 1
1406 5929 1
5929 4901 1
4901 3199 1
2616 772 1
1298 3194 1
7480 1970 1
1970 4233 1
2410 6744 1
6744 6350 1
6350 1198 1
1198 2809 1
2809 2030 1
1087 1334 1
1302 3178 1
3178 1966 2
1966 4828 1
3199 3063 1
3063 6443 1
6443 4004 1
4004 364 1
364 2338 1
2338 7422 1
7422 3850 1
3850 4590 1
4590 5659 1
5659 7600 1
7600 1994 1
1994 2157 1
2157 3387 1
3387 6939 1
6939 1302 1
1302 3055 1
3055 3332 1
3332 2879 2
2879 4753 2
4753 4766 1
4766 1575 1
1575 1607 1
1607 1 1
2312 2842 1
4220 1243 1
7308 7607 1
6413 3673 2
3673 579 1
579 6304 1
2740 2932 1
2842 2473 1
2473 7607 1
7299 5951 1
5951 3673 1
89 2932 1
6775 3320 1
1301 2431 1
2910 1966 2
5191 2030 1
7447 2473 1
2473 3012 1
3012 2780 3
2169 3233 2
1600 7423 1
7423 2176 1
2176 6154 1
6154 364 1
36 3233 1
3233 7026 2
6127 1600 2
1600 7166 2
7166 2312 1
6419 575 1
575 1 1
5215 3233 1
7256 1302 1
1302 6641 2
6690 2030 2
5326 2842 1
6154 2879 1
2879 795 1
7598 5657 1
5657 1334 1
1334 1411 1
2831 1492 2
6044 7472 1
7472 2030 1
4277 3671 1
3671 691 1
691 3600 1
7390 6411 1
7362 851 1
2030 2439 2
2439 6905 1
1827 1 1
3673 3348 1
3348 5487 1
5487 2842 1
7286 2030 1
7299 7016 1
7016 4521 1
3199 1456 2
1456 3789 1
6411 4826 1
4826 1411 1
1411 4279 1
4279 2169 5
6730 35 1
35 7607 1
1492 1873 1
1873 2030 1
6044 497 1
497 1899 1
1899 3673 1
3673 1806 1
1806 3538 1
3538 5659 1
5659 2030 1
2910 3495 1
3495 402 1
402 2030 1
2030 4682 1
4682 7365 1
7365 1639 2
3431 6998 1
6998 524 1
524 1233 1
2030 2495 1
2495 2030 1
2030 446 1
446 2910 1
5851 1839 1
1839 7558 1
7558 2192 1
2839 5967 1
4938 3673 1
415 2410 1
2410 879 1
879 5929 2
5929 5786 1
5786 1 1
4826 415 1
415 6461 1
1334 7449 1
3671 879 2
769 2479 1
2479 6738 1
6738 4945 1
4945 1511 1
1511 6936 1
6936 352 1
7447 6461 1
1334 856 1
856 4892 1
2410 701 1
701 4659 1
4659 1373 1
415 5657 1
2410 315 1
7607 2421 1
2421 495 1
495 2030 1
2102 7607 1
2996 1087 1
7607 3186 2
3186 5658 1
5177 7521 1
7521 2030 1
6655 1628 1
5177 34 1
34 7009 1
1234 3387 1
3199 1235 1
1235 7016 1
2176 1411 1
1411 6462 1
154 1087 1
5836 6617 1
6617 7607 1
6672 2780 2
2780 3199 2
6641 7168 1
7168 5967 1
5967 6872 1
5007 2579 1
2579 6901 1
3199 1056 1
1056 2043 1
3419 4908 1
4908 6990 1
3970 3274 1
3274 6872 1
3971 599 1
599 3789 1
7598 2366 1
2366 3387 1
5458 7302 1
7302 6775 1
4539 1411 1
1411 3186 1
1087 7453 1
7453 4826 1
4826 4279 1
5832 5844 5
5844 3183 5
3183 363 1
1128 2582 1
154 2410 1
2410 4059 1
3671 5341 1
7598 6461 2
6461 1491 1
119 4541 1
295 3431 1
3431 2431 2
7371 4193 1
4193 3673 1
5832 13 1
13 4490 1
4490 1491 1
1491 5802 1
13 7048 1
2173 1391 1
3673 3279 3
3279 4327 1
4327 1 1
4826 3880 1
3880 364 2
364 6504 4
6504 2030 4
3040 13 1
364 723 1
723 7598 1
7598 5733 1
5733 1298 1
795 1823 1
2030 3884 1
3884 3672 1
3672 564 1
5832 1823 1
1823 381 1
381 295 2
4735 5086 1
5086 336 1
2030 4157 2
7108 3036 1
3036 1097 1
2940 4491 1
4491 1207 1
2030 7453 1
7453 3179 1
3179 4826 1
3673 1243 1
1243 4157 1
4157 1042 1
6866 364 1
5468 1042 1
1042 5959 1
5959 2278 1
2278 7215 1
7215 3387 1
516 4157 1
3084 6728 1
6728 13 1
13 4279 1
2169 5035 1
5035 6461 4
1087 363 2
1378 795 1
2030 381 2
295 3084 1
3084 6536 1
6536 2099 1
2030 4430 1
4430 6461 1
1334 3084 1
3084 3387 1
5354 13 1
13 524 1
524 1970 1
6971 2030 2
2046 2234 1
2234 2546 1
2546 6461 1
6461 4196 2
4196 6462 1
6462 3673 1
3673 5502 1
5502 4826 1
6462 5502 1
5502 4867 1
4867 6449 1
6449 4826 1
6234 4196 1
4196 3789 3
3789 1010 1
1010 7008 1
7008 1 1
678 4867 2
4867 7600 1
769 2879 1
3673 4193 2
4193 6901 1
6901 1042 1
1389 5681 1
5681 2030 1
2030 1069 1
518 2312 1
3673 4670 2
2176 13 1
13 3673 1
3673 4370 1
4370 1 1
4867 7598 1
769 2584 1
2584 2879 2
4193 364 1
364 6591 1
6591 3671 1
3671 2228 1
2228 641 1
641 3275 1
3275 3019 1
3019 4867 1
4867 1899 1
1899 6866 1
6866 1577 1
1577 3320 1
3320 4196 2
3789 5035 1
1087 5578 1
5578 7607 2
7607 3547 3
3547 3373 1
5560 2842 1
2842 4867 1
4867 2479 1
2842 295 1
3671 4111 1
4111 772 1
772 1364 1
3671 4867 1
4867 6901 1
795 1966 1
1966 1 1
2842 7298 1
1087 13 1
13 7598 1
6730 3546 1
3546 6901 1
1577 6642 1
6642 3320 1
4196 7010 1
7010 6641 1
795 4698 1
4698 3671 4
3084 7302 1
7302 6536 1
6536 2910 1
6207 5832 1
4193 2583 1
1087 6461 4
1334 1575 1
2879 556 1
556 5929 1
5929 4902 1
5802 795 1
6937 352 1
3671 4193 1
4193 5929 1
5929 6253 1
6253 4196 1
4196 1 2
1378 4321 1
1492 3673 1
3673 3084 2
3084 3600 1
2030 6681 2
6681 1600 1
1600 4867 1
4867 13 1
13 4766 1
6160 1966 1
1966 3970 1
3970 275 1
275 6597 1
6597 2932 1
7607 5602 2
3503 577 1
577 6641 2
2910 6990 1
6990 4875 1
5736 1703 1
1703 3387 1
3387 1298 1
1298 3935 1
3935 6326 1
6326 364 1
6160 3600 1
3600 1406 1
1406 7600 1
3671 2876 1
2876 1097 1
1506 7600 3
7600 7096 1
7096 6461 1
6461 3747 1
3747 2030 1
3199 5955 1
5955 2030 1
4466 3671 1
7447 2037 1
2037 466 1
466 3352 1
3352 7447 1
7010 417 1
417 7566 1
7566 2932 1
6448 4193 1
4193 2176 1
6125 3677 1
3677 4670 1
7447 7010 1
7010 6245 1
6245 855 1
855 3600 1
2046 5929 2
5929 7558 1
7558 364 1
6775 517 1
1639 4157 1
5565 2030 2
2030 5534 1
5534 6645 1
6645 6302 1
6302 7447 1
5844 3186 1
3186 438 1
728 5035 1
1334 4059 1
2323 742 1
742 1577 1
1966 2512 1
2510 4644 1
4644 7019 2
7019 2842 1
2842 289 1
289 4644 1
7019 4541 1
4541 4199 1
7008 364 1
1175 1225 2
6044 2513 2
2513 7607 1
2030 7584 1
7584 6694 1
6694 4644 1
4644 2910 1
1966 6728 1
1334 4279 1
7600 1334 1
363 3157 2
3157 2932 3
1194 6901 2
6901 4541 1
4541 7445 1
516 6866 1
6866 5047 1
5047 2410 1
2410 359 1
359 5612 1
2840 1 1
6725 6229 1
2176 7169 1
7169 4406 1
4406 5722 1
5722 6641 1
363 3292 1
3292 3414 1
4668 6645 1
6645 6960 1
6960 1225 1
125 4948 1
4948 2932 1
2030 5675 1
5675 7449 1
7449 4875 1
4875 769 1
769 5509 1
5509 364 1
2599 4828 1
2879 2009 1
7447 3157 1
3671 6122 2
6122 4255 1
4255 6866 1
4374 2030 2
2489 6462 1
6260 6721 1
772 3279 1
3279 2974 1
2974 684 1
2030 7128 1
364 7088 1
7088 3414 1
3671 5955 1
5955 275 1
6215 279 1
279 3414 1
7598 5379 2
5379 3215 1
3215 3387 1
4466 5952 1
5952 1419 1
7299 6892 1
6892 7598 1
1298 4521 1
4521 467 1
467 3199 1
3199 2999 1
2999 6641 1
6775 1734 1
1734 1 1
1042 6207 1
6207 807 1
637 2030 1
7041 364 1
353 4826 1
4826 7048 1
1087 1075 1
1075 3970 1
3970 6841 1
6841 644 1
644 3199 1
2616 1225 3
1194 5313 1
5313 2702 1
2702 6753 1
6753 6031 1
6031 6526 1
6526 678 1
772 1575 1
3199 389 1
389 2176 1
1774 3414 2
795 2932 2
6645 2734 1
2734 865 1
865 2176 1
6461 5348 1
5348 5035 1
1334 1618 1
1618 4297 1
4297 2169 3
2169 7586 1
7586 6695 1
6695 2030 1
3671 6727 1
6727 2030 1
3671 234 1
234 3671 1
524 5736 1
5468 4519 1
4519 2410 1
795 6170 1
6044 363 1
6645 2001 2
2001 2932 3
7008 3432 1
3673 3803 1
3803 2910 1
2910 6645 1
2001 3199 1
520 7298 1
1334 678 2
1194 2702 1
2702 1560 1
1560 1776 1
1776 3992 1
3992 2030 1
2030 66 1
66 7598 1
7598 3185 1
3185 329 1
329 3671 1
3671 779 1
779 2108 1
2108 2431 1
3671 315 1
315 1579 1
364 2853 1
2853 2030 1
6901 2030 1
3673 7478 1
7478 678 1
6641 4048 1
4048 2030 1
6641 3084 1
3084 3673 2
336 3414 1
3432 6234 1
6234 3803 1
3803 3332 1
3332 2910 1
3369 2001 1
2001 6866 1
772 6141 2
6141 486 1
486 2030 1
2030 1678 3
1678 1225 1
772 6393 1
6393 2880 1
2880 3666 1
3666 3673 1
3673 7160 1
7160 3673 1
3673 5253 1
7512 2030 1
564 4413 1
3150 6277 1
6277 3387 1
6866 13 1
13 729 1
2030 1757 1
1757 1334 1
1334 939 1
6142 6744 1
6142 5300 1
3600 6403 3
6403 4520 1
4520 926 1
926 6679 1
4766 7598 1
3673 4665 1
4665 7099 1
7099 1687 1
1687 772 1
6428 1262 1
1262 3387 1
3387 13 1
13 2030 1
1411 1757 1
1757 4790 1
4790 5949 1
5949 467 1
7600 7430 2
7430 2851 1
2030 2716 1
2030 465 1
465 3673 1
5967 440 1
440 1757 1
1757 772 1
7600 2001 1
2001 6725 1
6725 2624 1
2624 467 1
467 7480 1
7480 6866 1
1970 6541 1
6541 2879 1
3387 4663 1
4663 6906 1
6906 363 1
363 3223 1
3223 3673 1
467 6598 1
6598 2030 1
2030 4276 1
4276 2730 1
2730 5379 1
2283 364 1
1128 124 1
124 1639 1
5429 4828 1
2910 4738 1
4738 7561 1
7561 1 1
467 1284 3
1284 7365 1
476 2312 1
2807 3194 1
7607 4485 1
4485 7447 1
7447 3884 1
3884 2774 1
2774 2046 1
1128 4828 2
6690 2879 1
3672 2009 1
2009 3672 1
352 765 1
765 2030 1
2030 6366 2
6366 7607 1
352 2880 1
2880 3414 1
2910 1259 1
1259 467 1
467 6738 1
6738 402 1
162 173 1
1349 2438 1
1364 273 1
273 6522 1
6522 3205 1
3205 6462 1
2849 2793 1
2793 2030 1
2030 745 1
745 2030 1
472 1913 1
1913 6430 1
2629 7598 1
5851 6994 1
6994 2030 1
2030 5851 2
3681 4082 1
4082 364 1
6744 6162 2
6162 4266 1
4266 2030 1
2198 3984 1
3984 772 1
2043 6269 1
6269 2109 1
7607 4931 1
4931 1298 1
1298 7138 1
7138 3199 1
2879 5926 1
5926 5636 1
5636 5967 1
467 4817 1
4817 2030 1
2030 1853 1
1853 4369 1
4369 2774 1
2774 2431 1
7607 6366 2
2030 3742 1
3742 364 1
2811 565 1
6775 2755 1
2030 571 1
571 6189 1
6189 3199 1
3635 3380 1
3380 2932 1
5898 2479 1
7600 6664 1
6664 2030 1
7598 1506 4
2879 1506 1
1506 3356 1
1491 6447 1
772 6894 1
2030 6894 1
7449 7041 1
7041 3789 3
3789 6738 1
6738 3387 1
437 1001 1
1001 1311 1
1600 7123 1
7123 2839 1
352 5422 1
5422 6987 1
6987 3789 1
3789 1095 1
1095 3671 1
5379 631 1
631 7607 1
591 7607 1
5154 124 1
124 113 1
113 7449 1
3199 3913 1
3913 2312 1
3673 5115 1
5115 6725 1
6725 5536 1
5536 4244 1
4244 2283 1
2283 2176 1
2176 4622 1
4622 586 1
2169 2838 1
2838 6725 1
6725 3635 1
7447 2660 1
2660 5078 1
5078 364 2
5468 275 1
7393 3418 1
3418 1907 1
1907 7227 1
7227 3373 1
1392 1924 1
1924 3387 1
5093 7106 1
7106 5822 1
5822 4971 1
5898 2849 2
237 1425 1
1425 1639 1
1639 4585 1
4585 7449 1
516 2932 1
2932 711 1
711 7227 1
7227 3673 1
3673 5822 1
5822 2030 3
2030 5822 2
5822 2046 1
6025 6462 1
6462 6523 1
6684 4520 1
1400 472 1
472 5923 1
5923 2030 1
2030 7561 1
2030 1187 1
1187 1181 1
1181 3387 2
6738 3199 1
3507 2932 1
1804 7598 2
1298 6725 2
772 6447 1
6447 524 1
2171 2634 1
2634 364 1
7600 275 1
275 6738 1
2030 2660 6
2660 4590 1
4590 1981 1
1981 859 1
859 2046 1
2046 2838 1
2838 1 1
7406 5982 2
5982 6877 1
6877 4550 1
4550 772 1
3380 6995 1
6995 3275 1
5501 3040 1
3040 963 1
963 1175 1
3186 3808 1
3808 2505 1
2505 2030 2
4520 3219 1
3219 1229 1
1229 2030 1
2030 6737 1
6737 7449 1
7449 5330 1
5330 684 1
4321 364 1
6685 772 1
363 1635 1
1635 1001 1
1001 7607 1
5379 2124 1
2124 5802 1
3671 6665 1
6665 2030 1
2030 1553 1
1553 3672 1
3671 3192 1
3192 1660 1
7607 6590 1
6590 6641 1
3671 494 1
494 2030 1
2030 1841 1
1841 404 1
404 2849 1
2849 3740 1
3740 772 1
7625 156 1
2513 1678 2
1678 2663 1
1057 678 1
678 2790 1
1302 6901 1
1194 1001 1
1001 2149 1
2149 643 1
643 2176 1
2489 910 1
910 2842 1
2030 5742 1
5742 684 1
684 7449 1
7449 5183 1
5183 5967 1
6866 807 1
6685 2932 1
1443 7598 1
2030 3690 1
3690 3223 1
3223 7607 1
7607 2610 1
2610 585 1
585 6641 1
2176 1443 1
1443 363 1
7607 4927 1
4927 7334 1
6980 1575 1
6605 6685 1
2030 7373 1
7373 2849 1
2030 1630 1
1630 1400 1
2030 4733 1
4733 472 1
2030 6807 1
6807 1181 1
3387 6990 1
6990 4283 1
7607 7037 1
7037 364 1
2661 2312 1
7607 1369 2
7043 3373 1
363 2066 1
2066 1177 1
1177 6641 1
5182 1755 1
1755 1 1
4652 5379 1
4244 1054 1
1054 7043 1
7607 4982 1
4982 2169 1
6725 6462 2
390 364 1
3671 5898 1
524 467 1
364 6877 1
6877 7607 1
363 3687 1
3687 2030 1
5572 5844 1
4865 3387 1
3387 3040 1
3040 2176 1
7607 5178 1
5178 2807 1
2807 364 1
3643 2774 1
2774 746 1
746 5898 1
5898 6901 1
5464 7470 1
7470 6004 1
6004 3199 1
5982 1425 1
772 3774 1
3774 4503 1
2882 2030 1
1622 4073 1
4889 3672 1
7297 1280 1
1280 2932 1
5898 7441 1
2014 2176 1
7607 3792 1
3792 1454 1
2839 4121 1
4121 2932 1
3186 941 1
941 1028 1
4504 2644 1
7607 4971 1
2849 6937 1
6937 2644 1
3199 5009 2
5009 7348 1
7348 7607 1
1600 6592 1
2030 6490 1
6490 364 1
586 7598 1
363 7389 1
5009 5316 1
5316 455 1
455 4163 1
1970 1235 2
5313 5881 1
5881 7449 1
7449 3832 1
3832 1575 1
352 2839 2
7598 3275 2
363 4507 1
5374 2932 1
2030 2470 2
2470 980 1
2030 3819 1
3819 3671 1
245 2910 1
2910 3789 2
3673 3827 1
3827 1337 1
1337 936 2
936 2030 3
5644 3550 1
3550 6641 1
3671 4971 2
2849 6901 1
5434 2030 1
7607 4576 1
4576 2957 1
2957 364 1
6461 2410 2
2410 2626 1
2626 2030 1
2030 7163 1
7163 43 1
43 772 1
2030 4126 1
4126 1368 1
1337 975 1
975 7607 1
3186 363 1
363 3477 1
3477 1225 1
1225 225 1
225 7607 1
2910 3827 1
772 7122 1
7122 3763 1
2932 1764 1
1764 2932 1
1681 3933 1
3933 2030 3
2030 5397 1
5397 4229 1
4229 4244 1
2030 5982 1
5982 7406 1
1246 2910 1
4652 6077 1
6077 575 1
6641 7298 3
7298 7455 1
5967 3723 1
3723 5927 2
2030 5850 1
5850 2932 1
5722 125 1
125 2998 1
2998 6422 1
6422 7607 1
5313 3286 1
3286 363 1
363 4246 1
4246 4244 1
2030 4700 1
4700 2030 1
5468 5172 1
5172 2170 1
2170 5313 1
6700 3387 1
3387 5172 1
5172 5468 1
5468 6815 1
6815 7607 1
7116 7298 1
7298 2003 2
2003 1964 1
1964 2030 1
2030 1894 1
1540 5119 1
1288 2176 1
6744 2982 1
586 1728 1
1728 6127 1
6127 747 1
747 3673 1
6866 3050 1
3050 2932 1
2030 1076 1
1076 5929 1
5929 7621 1
7621 585 1
585 7598 1
363 2410 1
1042 3414 1
5379 5881 1
5881 2932 1
2030 5953 1
5953 7598 1
7449 6968 1
3789 6128 1
4229 2410 1
2410 517 1
7607 761 1
761 1639 1
7524 2030 3
1087 7299 1
7299 7041 2
1 7573 1
7573 6872 1
7447 2999 1
2999 3194 1
3194 3537 1
3537 7607 1
428 2910 1
1506 3633 1
3633 3199 1
2996 381 1
428 3414 1
6728 1618 1
1618 1087 1
6872 1794 1
1794 1 1
772 2282 1
2282 968 1
968 7422 1
363 381 1
428 7390 1
2431 1311 1
3970 2575 1
2575 5832 1
363 2715 2
2715 6645 1
1600 616 1
616 2176 1
3671 1592 1
1592 520 1
520 2715 1
2715 364 1
6645 6524 1
6524 4082 1
4082 2030 2
6641 6971 1
6971 6775 1
7447 3027 1
3027 2014 1
1175 3671 1
3671 3900 1
3900 7607 2
2030 7502 1
7502 6690 1
6690 7037 1
7037 1 1
6872 3310 2
3310 4286 1
4286 2030 2
4652 7607 1
6215 3762 1
3762 7607 1
4286 5468 1
2879 7041 1
7041 6641 1
7607 124 1
124 125 1
125 4084 1
4084 4553 1
1373 6626 1
6626 6725 1
6725 415 1
1337 1076 1
1076 4229 1
6087 2109 1
2109 7607 2
7607 3678 1
3678 7447 1
1042 6995 1
6995 3332 1
1197 2030 1
6993 3498 1
2910 795 1
6937 6411 1
6411 1337 1
1337 2339 1
2339 3199 3
438 1337 1
352 691 1
691 4894 1
4894 2030 1
6462 7607 1
7607 6851 1
6851 2030 3
4487 7160 1
7160 7607 1
1087 3763 1
3763 2716 1
2716 364 1
4539 6461 1
6461 2041 1
2041 1 1
4795 352 1
352 2109 1
2109 6872 1
6872 6411 1
6411 3431 1
3282 2312 1
2312 919 1
919 7453 1
7453 7607 1
4643 6728 1
2410 3900 1
5255 7600 1
3671 1626 1
1626 3387 1
4262 7297 1
6125 5256 1
5256 5844 1
5967 4828 1
467 1871 1
1871 5832 1
3183 6872 1
5959 3380 1
3380 2709 1
2709 3755 1
3755 5489 1
6744 2312 1
2312 6641 1
6641 7265 1
7265 2030 1
2030 2971 1
2971 957 1
957 5832 1
7600 639 1
639 6032 1
6032 6526 1
6526 7598 1
363 235 1
235 2724 1
2724 5379 1
5379 6236 1
6236 2030 1
6366 4828 1
3199 7598 1
2910 1640 1
1640 352 1
352 4553 1
4990 70 1
70 7600 1
7600 35 1
35 1 1
6728 6880 1
6880 1746 1
1746 363 1
6931 3387 1
7558 1878 1
2283 1 1
1 2014 1
2014 3634 1
3634 2910 1
1579 273 1
273 7114 2
7114 4828 1
7600 490 1
490 1511 1
315 352 1
3199 2272 1
2272 6205 1
6205 6725 1
6725 3423 1
3423 3411 1
2910 6368 1
6368 352 2
364 1005 2
1005 2030 1
1005 1111 1
1111 263 1
263 5359 1
5359 7393 1
2910 1606 1
1606 3673 1
2811 1903 1
1903 364 1
364 5525 1
5525 4826 1
5832 5654 1
5654 518 2
518 1075 1
1075 1 1
2916 1506 1
1302 7026 1
7026 3233 3
3233 6901 3
7607 2902 1
2902 4249 1
4249 4244 1
2324 1225 1
1042 2198 1
2198 2752 1
2752 2835 1
2835 2030 1
2030 3142 1
3142 2910 1
1506 7406 1
4586 2410 1
1087 5340 1
5340 4244 1
1506 1042 1
1087 6781 1
1600 3106 1
3106 7607 2
1506 2410 1
352 1933 1
1933 2030 2
1087 4759 1
4759 785 1
785 6872 1
7447 3062 1
3062 1042 1
1087 5719 1
5719 1575 1
1575 2932 1
4520 2879 1
795 5578 1
6411 2932 1
795 3062 1
3062 3356 1
2410 3970 1
3970 3142 1
3142 3387 1
6872 6368 1
3199 6283 1
1294 6866 2
1042 3989 1
3989 2030 1
3414 4959 1
7600 6803 1
6803 7400 1
7400 6872 1
7607 524 1
524 1639 1
1639 1511 1
1511 6605 1
6605 1506 1
2510 6413 1
5844 5959 2
2651 2030 2
1042 316 1
2410 1808 1
1808 6923 1
5802 3900 1
3900 1063 1
1063 7607 1
7607 298 1
298 772 1
772 3505 1
3505 1042 1
2555 6744 1
6744 6375 1
6375 5044 1
6872 6413 2
6413 6655 2
237 1301 1
1301 7041 1
2030 926 1
926 3673 1
772 5967 1
5967 4330 1
4330 2813 1
2813 1042 1
1042 3803 1
644 7421 1
5379 1575 1
6872 4597 1
4597 6858 1
6858 1302 1
1302 6725 1
6725 6641 1
4277 6872 2
516 3505 1
3505 772 1
6044 65 2
65 6872 4
6461 2880 1
2880 2370 1
438 3387 1
3387 3803 1
6744 1579 1
3199 170 1
170 6872 1
6245 1938 1
1938 1302 1
5105 3673 1
1042 3279 1
3279 4647 1
4647 1 1
1600 1575 1
1575 2030 2
3199 6744 4
6245 3387 1
5959 3199 1
3199 6289 1
6289 7607 1
2780 1575 1
5959 1042 2
1042 440 1
7299 7598 1
5959 7301 1
7301 7607 1
7299 3387 2
2513 3685 1
3685 7607 1
2651 6872 1
7598 5044 1
5044 2099 1
2099 2410 1
2410 6995 1
6995 3186 2
3186 7312 1
7312 2030 1
3671 843 1
7607 5044 1
5044 7607 2
5458 7598 1
7598 7116 1
7116 2030 1
5967 1111 1
7393 5602 1
5602 6728 1
6728 1042 2
1042 6923 1
1579 2314 2
2314 503 1
503 3890 1
3890 7607 1
6872 7160 1
7160 6872 1
6872 7298 1
7298 6023 1
6023 6866 1
7283 2176 1
2176 2826 1
2826 7598 1
6872 4471 1
4471 6564 1
4795 7607 1
6645 6457 1
6457 6521 1
6521 2431 1
7299 5208 1
5208 772 1
711 438 1
438 6141 1
6141 5766 1
3836 6872 1
352 4798 1
4798 6507 1
772 369 1
369 2932 1
3331 3233 1
3199 765 1
765 1639 1
5379 1350 1
1350 4466 1
6641 5553 1
4277 6645 1
6645 7400 1
7400 7445 1
6872 1478 1
1478 6690 1
4663 4865 1
6872 7300 1
7300 4689 1
4689 1326 2
1326 6872 1
7299 1380 1
1380 2030 1
6775 1302 1
7607 1843 1
1843 2932 2
2932 7326 1
6641 2099 1
2099 2109 1
2109 1696 1
1696 772 1
1087 5753 1
5753 2030 1
1579 767 1
767 1225 1
1600 1042 1
6872 4922 1
4922 4689 1
1326 1 1
7607 1906 2
1906 7607 1
1607 6872 1
6690 6205 1
6205 7447 1
7598 819 1
819 3673 1
4618 3017 1
3017 772 1
772 5929 1
2030 5893 2
6775 772 4
3194 2479 1
3320 1188 1
1188 6917 1
6917 6370 2
5929 1326 1
1326 4553 1
4553 7339 1
7339 3414 1
2410 5188 1
5188 364 1
1364 7150 1
7150 5074 1
5929 343 1
343 1 1
728 2030 1
1042 517 1
5929 342 1
7406 2179 1
2179 4621 1
4621 3673 1
363 586 1
3199 5535 1
5535 2030 1
2030 7393 2
7393 5428 1
5428 3673 1
6447 6681 1
6681 1496 1
6088 1936 1
1936 364 1
364 3550 2
3550 1491 1
6901 1495 1
1495 3673 1
3432 6269 1
6269 5553 1
5553 3387 1
3199 3147 1
3147 5553 1
5553 7449 1
7449 1660 1
3275 3723 1
3723 3890 1
3890 3155 1
3155 5106 1
5106 2790 1
3970 7125 1
7125 2030 2
2030 3497 1
3497 2370 1
2370 2312 1
3673 1936 1
1936 2910 1
1416 268 1
6708 2832 1
2832 1301 1
5734 3771 1
3771 3356 1
1128 4238 1
4238 772 1
5379 575 1
2910 6690 2
6995 2932 1
7602 1028 1
1028 1595 1
1595 4329 1
1425 2910 3
2910 3186 1
3186 4677 1
4677 1308 1
1308 4551 1
4551 2131 1
2131 2877 1
2877 2431 1
5920 5832 1
5832 471 1
471 2176 1
2176 1363 1
1363 5975 1
277 7607 1
3671 5684 2
5684 2030 2
3671 5028 1
5028 2601 1
2601 6768 1
6768 2030 1
2885 518 1
518 6866 1
6866 2880 1
2880 5736 1
3186 3495 1
3495 1128 1
1128 4057 1
1298 3673 1
3673 7137 2
7137 2594 1
2594 3431 1
3431 6801 1
6801 3387 1
3387 1843 1
6641 2705 1
7447 3346 1
3346 2932 1
2932 894 1
894 1364 1
1364 1263 2
1263 4826 1
4826 364 2
1491 1130 1
1130 3673 1
3673 3851 1
3851 7537 1
7537 6657 1
6657 3387 1
3387 6216 1
6216 3673 1
364 6657 1
6657 3199 1
7393 2263 1
2263 6641 1
3673 6062 1
6062 467 1
467 5388 2
5388 729 2
3673 7111 1
7111 2046 1
3673 4697 1
4697 1806 1
1806 3725 1
3725 2129 1
2129 3387 1
6744 3186 2
3186 5500 1
5500 2176 1
2176 6165 1
6165 2945 1
3673 2090 1
2090 585 1
2030 823 1
823 637 1
637 3673 1
3673 5185 1
5185 3733 1
3733 2820 1
2820 1049 1
1049 708 1
708 997 1
997 2030 1
467 4659 1
4659 3387 1
411 6641 1
2369 3673 1
6269 5149 1
2030 373 1
4229 4521 1
1506 2115 1
2115 4244 1
4244 4566 1
4566 4447 1
4447 3199 1
6142 6993 1
6993 7282 1
2030 1992 1
1992 4826 1
4826 2237 1
2237 2070 1
2070 2030 1
3673 3186 1
3186 7504 1
7504 364 1
7481 4244 1
1246 6815 2
7365 4447 1
4447 1097 1
1097 2169 1
2169 1097 1
1097 2910 1
1337 1643 1
1643 2910 1
3413 2910 1
3673 1898 1
1898 2199 1
2199 1544 1
1544 4233 1
4951 2910 1
2910 1505 1
1505 2030 1
3040 5736 1
6245 3490 2
3490 7387 1
7387 1425 1
1425 2099 1
2099 2698 1
2698 2099 1
2099 7299 1
7299 1806 1
1806 7192 1
7192 7197 1
7197 1302 1
1579 7394 1
7394 6728 1
4722 3356 1
3199 7181 1
2910 4361 1
4361 7302 1
7302 2712 1
2712 607 1
607 7041 1
3763 3673 2
2932 244 1
244 3414 1
678 3607 1
3607 5603 1
7167 2910 5
2777 2806 1
3364 2483 1
2483 1498 1
1498 1129 1
1129 4346 1
3018 3997 1
3997 1 1
467 3762 1
4229 4553 1
3199 4266 1
4266 364 1
364 1130 3
1130 2030 3
3199 4715 1
4715 5307 1
5307 2616 1
6655 2512 1
2512 3431 1
3431 7326 2
7463 1492 1
1492 6142 1
6142 6245 1
3490 1425 1
1425 4466 1
2312 4543 1
6725 442 1
6462 6974 1
6974 2517 1
2517 4371 1
4371 4229 1
3774 4971 1
4971 5929 1
5929 6972 1
4566 7598 1
363 3630 1
1419 5147 2
5147 2162 1
4229 1042 1
1042 626 1
626 2030 1
2784 483 1
364 3970 1
2278 3151 1
3151 3671 1
2910 5797 1
5797 1639 1
1639 772 2
2879 6736 2
6736 5959 1
3671 5030 1
5030 2169 1
2169 769 1
769 131 1
131 524 1
7447 1664 1
1664 2178 1
2178 2253 1
2253 7607 1
363 5465 2
5465 2312 1
2312 3145 1
3145 4566 1
4566 1 1
2010 363 1
2177 4099 1
4099 1 1
1 4487 1
4487 607 1
607 3150 1
3150 4099 1
4099 6641 1
1042 3896 1
1416 5594 1
5594 2410 1
3040 3136 1
364 2196 1
2196 1586 1
1586 1204 1
1204 6791 1
6791 3671 1
6260 5428 1
2546 134 1
134 4819 1
4819 2030 1
2030 1474 1
2030 6956 1
6956 3673 1
3673 585 1
585 1 1
5844 363 1
6641 5428 1
5428 7447 1
2879 6289 2
1511 1 1
2410 3590 1
3590 4521 1
7607 936 2
124 1225 1
1864 2030 1
4652 2176 1
2176 6525 1
6525 402 1
2910 4942 1
4942 6979 1
6088 2910 1
1369 6269 1
2470 3819 1
3819 4229 1
4735 3387 2
3387 3802 1
3802 3199 1
7481 3373 1
1337 2161 2
2161 7607 3
7607 1185 1
1185 3642 1
6462 111 1
2600 364 1
6503 2471 1
2030 1957 1
363 3101 1
3101 6454 1
2161 6728 1
1825 5313 1
6968 3387 1
3387 1416 1
1416 7607 1
7110 7406 1
3320 2811 3
1443 6448 1
1294 1238 1
754 2189 1
2189 2716 1
3671 7466 1
7466 3233 1
3233 6650 1
6650 2030 1
2030 6650 1
6650 3595 1
3595 2030 2
1087 520 1
520 1028 1
1028 1087 1
2932 7207 2
7207 5838 1
5838 7206 1
7206 364 1
7598 112 3
6872 3671 3
3671 2125 1
4302 3671 1
2600 7365 1
7302 4180 1
4180 3671 1
2046 7607 1
7607 2282 1
2282 910 1
910 2030 1
2615 2030 1
1259 7607 1
363 288 1
288 851 1
275 3349 1
3671 6598 1
6598 3671 1
3671 5867 1
5867 3854 1
3854 5832 1
5832 7602 1
7602 7598 1
7598 826 1
826 1298 1
3671 3021 1
3021 1257 1
7447 4417 1
4417 1302 1
1302 5379 1
7043 7598 1
3673 1456 1
1456 352 1
6460 7607 1
7607 4057 1
4057 3671 1
3671 937 1
937 7598 1
363 6453 1
6453 2030 1
3671 5219 1
5219 5929 1
4900 1639 1
1639 6328 1
6328 1421 4
1421 4828 1
2996 1578 2
1578 386 2
2879 1599 1
1599 4466 1
352 5234 1
5234 7302 1
7302 5991 1
5991 1090 8
1090 1225 1
3671 4900 2
4900 273 1
273 2030 2
6483 5468 1
6641 1555 1
1555 5219 1
5219 2879 1
7452 3352 1
3352 3332 1
3332 6655 2
4735 1298 1
1298 7441 1
7441 3199 1
3199 4390 1
4390 7607 1
5844 520 1
520 3544 1
3544 772 1
772 4471 1
6780 5379 1
5379 3671 1
3671 4729 1
4729 2030 1
6044 5832 1
3671 4213 1
4213 1639 1
1639 3731 1
3731 3332 1
6990 5832 1
4735 363 1
4541 6166 1
6166 1243 1
363 6630 1
7016 7607 1
2030 6013 3
7449 4466 1
4466 3387 1
3199 5153 3
7053 7607 1
1506 4521 1
3199 1914 1
1914 3387 1
3026 3369 2
3369 979 1
979 4754 1
7598 1415 1
1415 5413 1
5413 4754 1
3231 772 1
6289 3070 1
3070 772 1
772 5807 1
2030 5488 1
5488 4828 1
3673 7255 1
1523 6615 1
6645 7558 3
3671 5449 1
5449 2932 1
467 1622 3
1622 1225 3
1579 6430 1
7467 1639 1
1639 2180 1
2180 1204 1
1204 6328 1
1233 4466 1
4466 363 1
6990 1337 1
1337 6569 1
6569 363 1
363 5449 2
5449 6725 1
5468 7297 1
5449 6901 1
3199 3084 1
3084 2616 1
7607 4196 1
4196 6775 2
7075 1028 1
1028 1337 2
6088 3839 1
7598 4212 1
4212 4244 1
1246 5162 1
5162 3672 1
3672 5564 1
2030 3454 1
3454 2932 1
3671 3367 1
3367 2030 1
2030 3203 1
3203 7447 1
3671 124 2
124 3789 1
1600 3723 1
3723 5219 1
7602 1 1
5455 772 1
363 4952 1
4952 3204 1
3204 3233 1
1337 7455 1
7455 7598 1
5967 363 1
6605 3364 1
2030 4953 1
4953 1 1
7607 768 1
768 2489 1
7447 1033 1
7217 4649 1
4649 3233 1
3233 919 1
919 2932 1
5925 2030 2
7607 2314 1
2314 6937 1
6937 2316 1
363 6064 1
6064 1981 2
1981 5195 1
5195 3789 1
3789 6552 1
6552 6641 1
354 7390 1
7390 5959 1
5959 2199 1
2199 4401 1
4401 1 1
1 3326 1
3326 4757 1
4757 3671 1
7300 2030 1
5468 3373 1
2009 2010 1
2010 3349 1
2030 6553 1
6553 5832 1
7393 275 1
1506 6681 1
7607 1199 1
1199 6264 1
6264 2030 1
6681 4233 1
2030 3383 1
3383 7607 1
5967 2173 1
2173 2030 1
2312 3040 1
404 6316 1
7598 7612 1
7612 5802 1
5200 1243 1
7607 3694 1
3694 7449 1
6655 2954 3
3205 772 1
2842 1170 1
1170 3431 1
6459 3199 1
5163 7607 1
7607 3369 2
3369 1989 1
1989 2030 1
7447 5200 2
5200 6690 1
6690 4524 1
1577 2513 1
2513 2510 1
2510 718 1
718 3188 1
2030 4508 1
4508 6645 1
6645 4401 1
4401 1932 1
1932 6744 1
6744 678 2
678 1368 1
1368 7600 2
7600 4707 1
3199 3433 1
3433 3789 1
6522 7607 2
6448 3132 1
2879 3704 1
3704 4073 1
4073 5844 1
5967 1087 1
7607 666 1
666 364 1
6990 539 1
539 3387 1
3387 7453 1
7453 579 1
579 6670 1
6670 7607 1
7537 6872 1
2879 7285 1
7285 6858 1
1294 6872 2
6655 3547 1
3547 7447 2
2431 4794 1
4794 6641 1
3233 3512 1
3512 1031 1
1031 3579 1
3579 7607 1
7607 1716 1
1716 2030 1
5736 2848 1
4780 3199 1
275 2716 1
2716 712 1
712 6775 2
363 1368 2
4707 1 1
2336 3387 1
2043 4865 1
4865 3349 1
5422 6108 1
6108 7598 1
7598 3789 1
3789 5844 1
5967 6730 1
2043 7598 1
7607 2467 1
2467 1526 1
1526 4828 1
363 3351 1
3351 4828 1
7607 3401 1
3401 6594 1
6594 7607 1
7607 5053 1
7447 5605 1
1169 3387 1
364 1526 2
5226 6259 1
6259 417 1
417 1169 1
1169 7607 2
1878 7127 1
7127 6044 1
4795 4896 1
4896 2030 1
2030 7421 2
3084 555 1
555 7598 1
1028 3233 1
3233 3178 1
3178 3387 1
1064 1526 1
2312 2848 1
2848 3275 1
3275 2579 1
2579 7607 1
4590 6797 1
6797 467 1
1368 2380 1
2380 4001 1
1294 3040 1
1097 2914 2
6775 4705 1
4705 2848 1
2030 5382 1
5382 7607 1
5967 2695 1
5446 2030 1
2842 6797 1
6797 2161 1
7607 5517 1
5517 2630 1
2030 2229 1
5463 493 1
493 6013 1
3084 2818 1
7075 381 1
381 5867 1
5867 3233 1
1337 3178 1
3360 3997 1
3997 2030 1
2825 7205 1
7205 1654 1
1654 3671 1
3825 1639 1
610 1575 1
5115 1033 1
7217 7607 2
2030 3192 1
3192 3867 1
3867 3789 1
3789 1169 1
7598 7455 1
7455 364 1
6690 6207 1
6207 2848 1
3199 3186 1
3186 6428 1
6428 1 1
1 4597 1
4597 336 1
336 6013 1
6641 6163 1
238 7607 1
7449 4344 1
4344 5929 1
5929 1526 1
1526 2030 1
364 11 2
11 7607 1
5226 1506 1
3194 5410 1
5410 575 1
769 711 1
364 3409 1
3409 711 1
711 6725 2
6725 4971 1
4971 2677 1
2677 5898 1
5898 6725 1
364 340 1
340 2176 1
4238 564 1
564 268 1
2030 4483 1
7607 4866 1
4866 3199 1
7053 3380 1
3380 6645 1
6645 7449 1
7449 3622 1
3622 5332 1
3073 7607 1
7607 741 1
741 2176 2
3671 5310 1
5310 2842 1
380 4754 1
4754 5929 1
5929 565 1
7449 4505 1
7607 949 1
949 2030 1
2030 741 1
5458 2312 1
442 807 1
2932 266 1
266 6655 1
363 2476 1
2781 2030 1
1106 2030 2
2030 85 1
85 7607 1
5032 2030 2
6366 3671 2
6044 6681 1
7390 7447 2
4229 3760 1
6641 214 1
214 2030 1
2030 1561 1
1577 5978 1
5978 2030 2
7607 6161 1
6161 3578 1
2030 6936 1
6936 7600 1
7600 2630 1
336 7598 1
363 6841 2
516 336 1
2030 4377 1
4377 3672 1
1489 4828 1
5154 799 1
799 2932 1
2932 413 1
413 480 1
480 2755 1
1246 5413 1
4466 712 1
2176 1894 1
1540 1 1
2555 2339 1
6641 4520 1
11 2030 1
2030 5569 1
5569 337 1
337 7598 1
6994 2914 1
2030 6994 1
6994 6142 1
3774 2030 3
7449 2143 1
2143 7607 1
7607 855 1
855 772 1
1298 2046 2
7297 3723 1
3723 6462 1
6462 1172 1
1172 7598 1
275 4471 1
4471 4828 1
6641 5150 1
1492 7607 1
4471 2030 1
1364 3183 1
3183 7607 1
6234 861 1
861 1337 2
1337 2046 1
2046 5454 3
5032 7452 1
7452 1579 2
5959 4828 2
6990 4520 1
7600 5413 2
4520 721 1
721 6725 1
6725 3418 1
3418 2163 1
2163 1368 1
2369 4826 1
7108 7449 1
7449 3440 1
3440 2176 2
2176 1639 1
7598 5093 1
5093 2030 1
1416 652 1
652 364 1
1097 2833 1
2833 5558 1
5558 6403 1
3040 5032 1
5032 4472 1
4212 2431 1
7607 7134 1
7134 2030 2
7607 942 1
942 1848 1
1848 2600 1
2600 3780 1
3780 3279 1
3279 3360 1
4821 3934 1
3934 4434 1
7600 3780 1
3780 2030 1
6655 4229 1
5844 7039 1
5309 467 2
3410 751 1
751 1368 1
5651 4501 1
4501 2990 1
2990 4556 1
4556 2425 1
2425 1684 1
1684 3766 1
3766 4217 1
2030 2319 1
2319 482 2
364 7002 1
7002 6013 1
5160 3364 1
3364 6775 1
1028 4244 1
5701 3178 1
3178 7207 1
7207 7206 2
7206 6413 1
6413 7002 1
7002 364 1
2600 4826 1
4826 3090 1
3090 7389 1
7389 586 1
2030 2981 1
2981 2204 1
2030 7160 1
2879 6234 2
6234 3026 1
7607 4655 1
4655 4981 1
2806 3364 1
3364 2702 1
2702 4022 1
4022 2604 1
2604 2932 1
162 1899 1
2807 2604 1
2604 6937 1
3672 813 1
813 2605 1
1674 7206 1
7206 1 1
5249 1579 1
1579 1257 1
1257 2099 1
2099 6820 1
6820 7623 1
2169 7207 2
7207 6725 1
6462 1073 1
3373 4257 1
4257 3199 1
6937 7303 1
7303 363 1
6269 5903 1
5903 3387 1
5455 4828 1
7299 3373 1
3373 520 1
7299 3629 1
3629 5832 1
5832 2778 1
2778 4244 1
2842 4212 5
4212 7607 2
363 5147 1
5147 6858 1
6858 2046 1
2046 1130 1
5832 162 1
6744 496 1
496 2808 1
2808 2030 1
2030 1262 2
1262 1238 1
1238 5379 1
2169 1130 2
1130 3414 1
678 4057 1
4057 7390 1
6937 2312 1
5046 6858 2
6858 363 1
363 1042 1
3671 3034 1
3034 3544 1
7463 6815 1
6815 4940 1
4940 2176 1
6775 5468 2
3673 7254 1
7254 3174 1
3174 6901 1
6901 7600 1
3231 7607 1
7121 5891 1
3671 6971 1
1087 1970 1
1970 6872 1
3853 517 1
517 4826 1
1087 7594 2
7594 5462 1
5462 2030 2
2030 3333 1
3333 1028 1
1028 4229 2
4229 6872 1
364 3012 2
2176 407 1
407 3431 1
6245 6411 1
6411 381 1
5904 3671 1
3671 4321 3
4321 6990 1
6641 5462 1
4865 1087 1
1097 6409 1
7607 792 2
792 6937 1
6937 2410 1
7598 6791 1
6791 7607 1
6690 1416 1
1416 1428 1
1428 3199 1
3199 963 1
963 4553 1
5338 6641 1
4520 4884 1
4884 4244 1
7449 5199 2
2030 4418 3
4418 2194 1
2194 7390 1
7390 4505 1
4922 1321 1
7345 1575 1
4120 364 1
2030 3505 1
7449 1452 1
1452 93 1
93 2030 1
2910 6665 1
6665 3671 1
2169 2644 1
7390 3763 1
1311 455 1
455 1 2
5844 4520 2
4520 4459 1
4459 3671 1
6016 7607 1
6207 3671 1
3671 6967 1
6967 2030 1
3671 919 1
4249 1 1
2910 1639 1
363 6241 2
5047 1077 1
467 4572 1
4572 4521 1
6995 6470 1
6470 6728 1
2910 4065 1
4065 3671 1
3671 2161 1
4466 3673 1
5047 7082 1
7082 2030 1
7598 1561 1
1561 3233 2
7467 6503 1
3369 2107 1
3349 1628 1
1825 7607 1
2600 3387 3
1600 6163 1
6163 5832 4
1337 119 1
119 1337 1
1337 7445 1
7607 4441 1
4441 1575 1
1577 2517 1
2517 1325 1
1325 4229 1
4229 7600 1
1511 5959 1
5959 1296 1
1296 2030 1
4618 6328 1
364 6791 1
6791 772 1
134 6995 2
6995 4375 1
4375 5832 1
3673 1421 1
973 6901 1
772 1368 2
4755 7345 1
7345 2479 1
3671 4832 2
4832 2932 2
5139 3671 1
1428 792 1
792 4510 1
2161 6725 1
2910 4466 2
4466 7600 1
7600 2702 2
2702 3231 2
3231 7026 1
7026 3194 1
2030 6987 2
6987 575 1
2616 1561 1
5898 772 1
2842 2107 1
2107 2910 1
4466 4244 1
4244 4892 2
4892 1087 2
2910 5007 1
5007 6605 1
1225 2910 1
6641 6205 1
3671 245 1
245 5912 1
5912 2910 1
1454 5832 1
3673 4293 1
4293 2030 1
2910 6023 2
2932 2758 2
2758 2910 1
1492 3199 2
2176 1579 1
5468 5399 1
5399 364 2
7284 7326 1
309 6586 1
6586 2176 1
2176 843 1
843 2620 1
2620 1028 1
7345 1227 1
363 4736 1
4736 1302 1
3671 1321 2
7345 3387 1
3387 4698 1
4832 3673 1
2932 1559 1
3281 4828 1
3199 3803 1
3803 1 1
2811 2945 1
3671 7538 1
7538 6418 2
6418 2176 1
2879 1430 1
1430 5489 1
3199 5867 1
5867 3332 1
3332 7600 1
1511 5219 1
3199 4376 1
4376 5832 1
1302 7600 1
7600 5281 1
5281 5219 1
4209 7598 1
2842 1302 1
1302 1028 1
3233 3414 4
3414 6872 3
519 6672 1
6672 3233 2
6866 6641 1
7447 4959 1
7600 5831 1
5831 4759 1
4759 1 1
6245 1430 1
2910 7445 1
1246 6641 1
6744 1430 1
3671 1787 3
1787 3387 1
6645 1991 1
1991 495 1
495 7607 1
7299 3356 1
2510 1436 1
3332 711 1
711 1436 1
1436 7607 1
2163 2125 1
3233 3671 1
326 753 1
753 2030 1
1506 3176 1
3176 1 1
1 3544 1
3544 6805 1
6805 6901 1
3040 1087 1
2996 5191 1
5191 1966 1
1966 6815 1
6872 3448 1
3448 7447 2
1243 3233 2
3233 1430 1
1430 7607 1
6872 1028 1
1028 3026 1
7607 3448 1
3448 2030 1
1087 7208 1
7208 4244 1
2108 5838 1
5838 7191 1
7191 2030 1
3771 4663 1
4663 3184 1
3184 3671 1
7607 4892 1
4892 3387 1
6641 1787 1
1787 2030 2
3186 5552 1
5552 7607 1
3671 4083 1
4083 6641 1
3199 1386 1
1386 7607 1
7299 3827 2
2932 772 2
1087 7390 1
2529 3671 1
3671 1957 3
1957 8 1
8 7232 1
7232 995 1
995 7231 1
7231 2030 1
3921 364 1
1307 4244 1
364 2576 1
2576 2553 1
2553 7607 2
6858 364 1
3896 3423 1
3423 477 1
6872 3896 1
3896 5978 1
268 4244 1
1443 2462 1
2462 1311 1
2022 1225 1
1225 2043 1
2043 2517 1
2517 2996 1
2996 6728 1
3199 3016 1
3016 3789 1
115 6170 1
6645 5049 1
5049 7607 1
7299 7599 1
7599 7607 1
2030 1370 1
1370 7607 1
1243 4994 1
2134 2842 1
4212 3414 1
3414 6917 1
6917 1087 1
6044 2825 1
2825 7231 1
7231 772 1
7299 2879 1
6872 4275 1
4275 2030 1
1337 6672 1
3233 3265 1
3265 2041 1
2041 3199 1
6409 1412 1
1412 4244 1
7602 6645 1
6645 587 1
587 2030 1
5657 5177 1
5177 3544 1
2030 6846 1
6846 5832 1
5832 610 1
610 2879 1
3671 4277 1
3673 815 1
815 3414 1
3387 4643 1
4643 3199 1
3199 6804 1
6804 7617 1
7617 4244 1
1443 4628 1
4628 2030 3
3096 364 1
6503 3789 1
3199 3577 1
3387 2198 1
2198 7455 1
3671 6124 1
7447 4149 1
4149 3671 1
3768 5249 1
1443 5832 1
2806 4826 1
4826 4278 1
4278 3017 1
4520 2600 1
7206 7607 1
7297 5379 2
5379 5131 1
2169 901 1
901 2842 1
4212 2030 4
2021 4828 1
1087 2637 1
2637 4553 1
4553 7600 1
6924 7607 1
7300 5832 1
3673 5937 1
5937 7607 1
7607 1454 1
1454 2932 1
3673 3143 1
3143 2030 1
3673 3650 1
3650 2312 1
6858 6655 1
2030 138 1
138 2176 1
2030 1596 1
1596 2030 1
2030 6299 1
6299 5452 1
5452 7016 1
4572 364 1
601 6171 1
6171 6115 1
6115 1630 1
1630 1631 1
1631 2030 2
2030 2905 1
2905 3789 1
2431 6447 1
6447 6641 1
6773 6781 1
6781 772 1
2489 4310 1
4310 1 1
1575 5275 1
5275 473 1
2030 2628 1
2628 1716 1
1716 6447 1
6447 1197 1
1197 4828 1
6781 7504 1
7504 5045 1
5045 7056 1
7056 2833 1
5177 6872 1
6872 641 1
641 3789 1
7598 7300 2
7300 7297 1
7297 6730 1
6730 7055 1
467 6901 1
6901 7206 1
7206 363 1
2702 1937 2
1937 7273 1
7273 4213 1
4213 1 1
3601 320 1
320 3587 1
3587 621 1
621 1264 1
1264 5078 1
1246 18 1
18 4095 1
4095 2046 1
2046 2343 1
2343 3888 1
3888 3789 1
3789 302 1
4779 6484 1
6484 6549 1
6549 6141 1
6141 287 1
287 5558 1
5558 948 1
948 7449 1
7449 4096 1
4096 7406 1
7406 3587 3
3587 2030 3
1614 6447 1
6447 2312 1
3673 5836 1
2669 3320 1
3320 7376 1
7376 4602 1
4602 6788 1
7530 1264 1
1264 3387 1
7374 772 1
772 1096 1
1096 2030 1
2030 1056 1
1056 2176 2
6461 7540 1
5832 6557 1
6557 653 1
653 275 1
275 300 1
1246 7223 1
7223 1364 1
1364 156 1
156 6896 1
302 5832 2
5832 6814 1
6814 1771 1
1771 1060 1
1060 2099 1
2099 2055 1
2055 7600 1
7600 4600 1
4600 1060 1
1060 2315 1
2315 1230 1
1230 363 1
363 4250 1
4250 2544 1
2544 6145 1
6145 2046 1
2046 2487 1
2487 302 1
273 7530 1
7530 2503 1
2503 4150 1
4150 6278 1
6278 3672 1
1425 300 1
300 2390 1
2390 4503 1
4503 2544 1
2544 6815 1
6815 2702 1
2702 300 1
300 3235 1
3235 7259 1
7259 6508 1
6508 364 1
5829 4244 1
6503 2390 1
2390 2030 1
3600 7259 1
7259 3828 1
3828 6901 1
6901 1711 2
1711 6503 3
6503 3587 2
3320 4793 1
4793 1639 1
3672 604 1
604 2702 1
7259 7633 1
7633 1364 4
1364 2013 4
2013 2030 2
275 2432 1
2432 1364 2
1364 378 2
378 2911 2
2911 6901 1
2544 6052 1
6052 5832 1
5832 405 1
405 586 1
2030 7225 1
7225 6866 1
1600 6241 1
6241 6370 1
6300 1579 1
3320 6370 1
6370 6241 1
6241 6655 1
2030 6629 1
6629 364 1
6947 6815 1
6815 5493 1
5493 1308 1
6901 3587 1
3587 364 1
2780 3320 1
3320 2540 1
2540 6204 1
6204 2030 1
2030 2498 1
2498 4244 1
3587 5834 1
5834 2030 1
2030 45 1
45 1202 1
1202 1238 1
1238 3190 1
3190 7273 1
7273 4572 1
4572 1 2
1639 4572 1
4572 2600 1
2600 7607 1
2489 4097 1
4097 7406 2
3587 4244 1
4244 5132 1
5132 5832 1
5832 1711 2
6503 6901 1
6901 7633 2
2169 2544 1
2544 5249 1
5249 3279 1
3279 7607 1
7116 1070 1
1070 1212 1
1212 5377 1
5377 3672 1
6725 3189 1
3189 970 1
970 6725 1
6725 1786 1
1786 2030 1
7607 3709 1
3709 1935 1
1935 7055 1
5851 6773 1
6773 1964 1
1964 364 1
364 7337 2
7337 2816 1
2816 7607 1
2043 3167 1
3167 125 1
769 3065 1
3065 4212 1
4212 3387 2
3387 5313 2
5313 2991 1
364 3419 1
3419 2863 1
2863 561 1
561 364 1
2842 7127 1
7127 4472 1
4472 6142 2
2312 4928 1
4928 772 1
772 5200 1
5200 3675 1
3675 718 1
718 4449 1
4449 7607 1
7607 4472 1
5249 4570 1
4570 2176 1
2176 6226 1
6226 3600 1
1492 729 1
2030 4354 1
2370 3771 1
3302 7128 1
2030 1025 1
1025 1600 1
4412 7406 1
7406 7428 2
7607 5960 1
5960 2176 1
352 6550 1
6550 2338 1
2338 1028 1
1028 6390 1
6390 363 1
6241 7558 1
7558 5436 2
5436 3673 1
3673 5871 1
5871 621 1
621 7607 2
7607 2493 1
2493 5341 1
7607 2869 1
2869 2563 1
2563 2030 1
772 4890 1
4890 3392 1
3392 3673 1
3673 4123 1
4123 7406 1
2030 934 1
934 2066 1
6947 3874 1
3874 2046 1
2046 2544 1
2544 796 1
796 3234 1
3234 5832 1
5832 6050 1
6050 364 1
1678 6917 1
6917 6710 1
6710 6405 1
6405 65 1
65 7448 1
7448 795 1
795 6917 1
3672 3588 1
3588 3600 1
3600 4826 1
4826 1492 1
618 6905 1
2030 3766 2
3766 1639 1
3673 7406 1
5982 1378 1
1378 4592 1
4592 3673 1
3673 442 1
6462 534 1
534 7258 1
7258 621 1
6448 4446 1
4446 407 1
407 6241 1
3538 3199 1
3199 1992 2
1992 1 2
1 4503 1
4503 1614 1
1614 2043 1
2043 2702 1
2702 1279 1
1279 2030 1
2702 3236 1
3236 1246 1
2715 4875 1
4875 1094 1
1094 364 1
3600 7293 1
7293 5792 1
5792 2030 1
3673 7346 1
1639 4217 1
4217 2743 1
2030 5753 1
5753 821 1
821 2066 1
2066 3672 1
6866 2046 1
1425 796 1
796 156 1
156 1614 1
6328 5443 1
2099 5444 1
5444 5315 1
5315 2030 1
5832 436 1
436 364 1
3672 2043 1
2043 3672 1
2702 155 1
155 5712 1
2030 416 1
416 5967 1
5967 6781 1
2176 3236 1
3236 3672 1
3672 7048 1
7048 364 1
772 2634 1
2030 1889 1
1889 1087 1
6872 3041 1
3041 3199 1
7607 892 1
892 1225 1
2924 5602 1
4466 3672 1
3672 3531 1
3531 7607 1
2462 3478 1
3478 4826 1
4826 6592 1
6592 2842 1
2842 3432 1
3432 5802 1
6990 6851 1
3672 957 1
957 6128 1
2030 4818 1
4818 4244 1
4244 7570 1
7570 2030 1
2879 401 1
401 3072 1
3072 6851 1
6851 7607 1
2030 148 1
148 1087 1
6641 4856 1
2932 2743 1
2743 2176 1
3625 3387 1
520 245 2
772 5457 1
5457 6641 1
5459 6872 1
245 5379 1
5379 2173 1
2173 1721 1
1721 352 1
3550 5715 1
7598 381 1
381 2521 1
2521 6775 1
6044 6775 4
3671 1973 1
1973 3387 1
3673 3717 1
1890 4001 1
5226 2617 1
2617 124 1
124 6091 1
6091 2030 1
5024 3671 1
3671 1137 1
1681 1619 1
1619 2099 1
2099 6872 1
6872 4501 1
4501 2932 3
7447 4501 1
4026 6728 1
3672 3096 1
1425 465 1
5715 7346 1
7346 4503 1
4503 2312 1
5115 3672 1
3672 7104 1
7104 7607 1
5832 4226 1
4226 6022 1
6022 1 1
5844 5985 1
5985 2932 1
2932 3363 1
3363 6633 1
6633 3106 1
1311 3432 1
3432 2842 1
7302 4321 1
6125 245 1
7607 1230 1
1230 2788 1
2788 3431 1
7600 1415 1
1415 1090 1
2030 3041 1
3041 7598 1
7598 2137 1
2137 2910 1
2910 1599 1
1599 6872 1
1301 4865 1
6872 1708 1
1708 4026 1
4026 6013 1
2761 1225 1
2924 4026 1
2924 1087 1
1087 6900 7
6900 5841 45
5841 1 2
795 5986 1
5986 2932 4
2761 7607 1
6044 4828 1
2009 3853 2
3853 1419 1
5147 4026 1
4026 5894 1
5894 4244 1
5722 2099 1
2099 6230 1
6230 3387 1
3970 4562 1
2932 2118 1
2118 1 1
2842 2118 1
2118 1087 1
4026 2949 1
2949 2043 1
386 2046 1
2046 3366 1
3366 2780 1
2780 7447 1
604 3731 1
7598 697 1
697 7607 1
2705 4644 1
4644 4828 1
2009 3018 1
3018 4089 1
4089 2932 1
7598 5413 1
5413 6866 1
6866 520 1
2996 838 1
838 2193 1
2193 4089 1
4089 2099 1
2099 4500 1
4500 3018 1
3018 6775 1
6775 1028 2
2099 3387 1
2932 2914 1
6428 879 1
879 3672 1
3672 2910 1
2910 3696 1
3696 3199 1
3199 2066 2
7447 5986 1
2761 7598 1
6744 3279 1
3279 1707 1
1707 6901 1
2910 986 1
986 514 2
514 1098 2
1098 7355 3
7355 245 1
2802 2512 1
2512 4791 1
4791 3332 1
2924 6919 1
6919 3233 1
7598 6601 1
2115 4971 1
7598 4676 1
4676 7390 1
5771 363 1
1551 5838 20
5838 1578 1
5722 2046 1
2046 3731 1
3731 2932 1
2932 6461 1
6461 2565 1
2565 5802 1
6655 6730 1
6730 986 1
7355 2030 2
2030 2124 1
2124 3600 1
2173 4826 1
4826 7055 1
363 91 1
91 6672 1
5838 2009 1
2009 3600 1
3600 5994 1
5994 364 2
364 104 1
104 5799 1
5799 2431 1
2003 5832 1
5994 1225 1
1225 4643 1
4643 3671 1
7055 3187 1
3187 1008 1
1008 2030 1
2030 5047 2
5047 1294 1
1294 29 1
29 3387 1
363 1008 1
1008 678 1
2102 3671 1
467 4749 1
4749 2030 1
7055 7083 1
7083 3511 1
3511 480 1
480 229 1
229 1087 1
1087 1635 1
3671 6205 1
6205 6672 1
1551 772 1
1301 1568 1
1568 364 1
7449 754 1
4484 3199 1
275 7365 1
3017 3671 1
1419 442 1
2811 6872 1
2949 5550 1
5550 5832 1
1443 4495 1
5832 3332 1
520 6900 1
5841 4026 1
4026 5046 1
5046 2176 1
3763 5929 1
5929 70 1
70 2932 1
2932 5127 1
5127 2030 1
4520 4263 1
4263 4244 1
3279 4244 1
4244 3657 1
3657 7449 1
3199 5147 1
5147 6626 1
6626 6137 1
5603 6641 1
5249 3648 1
3648 1443 2
1443 2510 1
3825 70 1
70 3373 1
3373 1357 1
1357 1225 1
3671 7026 1
7026 3332 1
6413 6990 1
6990 2949 1
3199 7026 1
7026 1087 1
6872 6962 1
6962 6641 1
6641 5603 1
5603 4501 1
363 562 1
562 3387 1
1087 2220 1
2220 6937 1
7607 269 1
269 4244 1
4244 4026 1
4483 5602 1
7393 929 1
929 2932 1
162 3671 1
364 2256 1
2256 2169 1
2169 3953 1
3953 1681 1
2030 3042 1
3042 1459 1
1459 7607 1
3189 7455 1
6641 3274 1
3274 7447 1
6736 6166 1
711 5677 1
7300 6934 1
6934 3673 1
2030 4717 1
4717 3279 1
5585 2510 1
2879 7047 1
7047 2812 1
2812 2821 1
2821 7205 4
7205 6658 1
6658 2030 1
5226 5929 1
728 6901 1
2910 6866 1
6866 268 1
771 1 1
3356 6140 2
6140 3199 2
3431 6012 1
6012 2030 1
3431 2510 1
2046 381 1
381 6690 1
7607 4081 1
6872 3189 1
3189 5657 1
1577 5657 1
3431 2171 1
3673 4494 1
4494 2030 1
4076 2030 1
769 2760 1
2760 2192 1
6744 742 1
742 3414 1
7447 562 1
562 2030 1
1970 562 1
562 1368 1
4707 5200 1
5200 4644 1
4644 7607 1
3349 1590 1
7607 5358 1
5358 2030 2
1866 2932 1
2758 7607 1
5185 5226 1
5226 6866 1
6990 5154 1
5154 5952 1
5952 3414 1
1506 678 1
1579 6160 1
6160 1028 1
1028 7297 1
7297 5745 1
5745 6044 1
3851 5788 1
5788 7449 1
7449 3186 1
3186 3387 1
2030 1908 1
1908 1639 1
1639 2473 1
2043 3717 1
1097 3364 1
3364 6641 1
7298 6690 1
6690 6872 2
524 6023 1
4525 7607 2
7607 6615 1
3673 7558 1
7558 5715 1
5715 795 1
7447 4680 1
6483 176 1
176 3380 1
2176 4628 1
4244 6448 1
3199 5965 1
5965 2312 1
2312 5574 1
5574 340 1
340 7607 1
6744 2766 1
2766 496 1
2932 6457 1
1334 2312 1
620 4826 1
4826 2473 1
2473 1868 1
1868 3671 1
1 2821 1
7205 6775 1
6775 316 1
1087 5036 1
5036 3332 1
3332 3806 1
3806 3672 1
2889 245 1
2802 1087 1
6163 5379 1
4938 1087 1
1419 6044 2
6993 175 1
175 1087 1
5313 5832 1
7053 2879 1
6289 3671 1
2949 5036 2
5036 1 2
6872 5239 1
5239 3671 4
6141 7607 1
7607 2512 1
2512 7598 1
6872 5841 1
5841 7607 3
2879 5239 1
1443 6872 1
6044 6012 2
6012 3671 1
5036 6872 1
2949 5239 1
3199 5669 1
6641 5671 1
5671 7607 1
6269 5682 1
5682 2030 1
7421 5044 1
3199 6315 5
6315 3789 1
625 3387 1
3369 2988 1
5036 4828 1
363 7449 1
7607 5239 1
3671 5841 1
5841 7598 4
6993 5313 1
5313 6993 1
6993 2950 1
2950 7452 1
4026 5838 1
5838 4767 1
4767 6858 1
6858 2932 1
1443 2173 1
2173 6626 1
6626 2513 1
2513 2043 1
3671 316 1
3643 364 1
1097 2473 1
7598 1243 1
1243 2821 1
7205 607 1
607 5959 1
3672 7299 3
7299 3672 1
3672 359 1
359 2974 1
2974 6901 1
6901 2473 1
2473 364 1
3672 1554 1
1554 7607 1
874 2030 1
4279 3789 1
3789 3643 1
3643 3672 1
6507 5462 1
5462 6039 1
6039 2176 1
2176 1122 1
1122 1425 1
5832 1390 1
1390 1069 1
4804 6461 1
1334 7128 1
1579 2510 1
1506 2510 1
2103 3356 1
3356 2712 2
2712 4667 1
4667 2510 1
6286 7422 1
7470 6064 1
1981 3199 2
3199 5195 1
5195 3387 1
6866 3264 1
3264 363 1
613 6461 1
1334 6592 1
2030 6851 2
6851 3199 1
3199 4141 1
4141 1 1
1614 772 1
711 5099 1
5099 621 1
621 2910 2
6462 3788 1
3788 7607 1
7607 644 2
644 5177 1
5177 6021 1
3766 2364 1
2364 3387 1
5459 7598 1
7598 3382 1
7607 6141 1
6141 779 1
779 5468 1
5898 5764 1
5764 6641 1
3498 7447 1
3673 2625 1
2625 2169 1
7607 7365 1
1246 4447 1
4447 2030 1
2312 4346 1
2369 6901 1
7132 4357 1
4357 7447 1
275 1259 1
1259 3199 1
7121 5657 1
2842 5994 1
5994 6725 1
1577 3431 1
3431 5994 1
5994 6286 2
6286 275 1
7393 2879 1
6163 1639 1
1622 364 1
772 5313 1
7142 156 1
156 5722 1
5722 986 1
986 1098 1
2030 4655 1
4655 6815 1
7449 7131 1
7131 3672 1
2780 7598 1
363 691 2
691 6964 1
6964 2030 1
7298 6289 1
6289 4828 1
3199 7118 1
7118 7447 1
3418 6815 1
7607 3019 2
7598 1098 1
1098 267 1
267 772 1
5455 6289 1
6289 352 1
4233 6690 1
6690 1364 1
7607 4619 1
4619 5832 1
6503 3970 2
5175 1 1
3970 3314 1
3314 363 1
363 6745 1
363 2584 1
5175 2030 2
2030 2584 1
5175 3675 1
4026 575 1
5722 6728 1
6286 5036 1
7598 4026 1
2811 620 1
3019 7607 1
2108 5602 1
7121 2794 1
2794 3671 1
2861 3332 1
363 1441 1
1441 7598 2
1091 7607 1
1419 851 1
2030 4148 1
4148 3671 1
2996 6610 1
6610 364 2
4994 2842 1
2842 70 1
70 6461 1
1334 7299 1
7299 4484 1
7057 5844 1
5844 4899 1
4899 2669 1
2066 7607 1
7607 176 1
364 4294 2
4294 2030 4
2932 4569 1
4569 6725 1
7447 2965 1
2965 1578 1
1578 1492 1
1492 4294 1
440 364 1
6023 6775 1
4418 4553 1
3199 4475 1
4475 6728 1
6044 6483 1
6483 2030 5
3672 3771 2
3771 1 1
3671 5530 1
5788 1368 1
1368 7177 1
7177 1225 1
3671 1252 1
1252 5468 1
5468 5208 1
5208 6173 1
6173 2176 1
364 1125 2
1125 4140 1
4140 2030 1
6872 1518 1
1518 6872 1
2009 6641 1
2030 4967 1
3199 7060 1
7060 2312 1
3671 7116 2
7116 2842 1
3279 3484 1
3484 3387 1
6269 7126 1
3199 2063 1
2063 2996 1
5959 6044 1
6044 7422 1
3199 5045 1
5045 7422 1
6142 3332 2
2370 6728 1
712 3199 1
6269 4663 1
6872 5489 1
5489 584 1
3199 6911 2
6911 3332 1
6911 7607 1
7598 4456 1
4456 4423 1
2030 4885 1
4885 1575 1
438 3671 1
3671 7125 1
5458 6234 1
1600 2009 1
2009 772 2
363 1777 1
1777 5056 1
5056 2030 2
2030 6636 1
6636 1 1
4828 1709 1
1709 3671 1
1639 1619 1
1619 3387 1
7598 7122 1
7122 2030 1
3671 611 1
611 4418 1
4418 1 3
2910 3279 1
3947 2030 1
2192 1917 1
1917 7607 1
2910 6125 2
6125 1294 1
2812 4713 1
4713 2030 1
2789 3671 1
728 1087 1
3026 979 1
979 516 1
2842 7395 1
7395 2169 1
4294 2176 1
3671 6672 1
2030 4296 1
3505 6744 1
6744 4225 1
4225 2752 1
2752 7449 1
7449 5036 1
5036 1428 1
1428 583 1
3279 5233 1
5233 3505 1
1128 4826 1
6234 4278 1
5036 7406 1
2099 7406 1
7406 4621 3
4621 4754 1
4754 6872 1
3387 4418 1
2812 1577 1
1298 3431 1
2009 3373 1
2102 1966 1
1966 3600 1
6448 861 1
861 2046 1
1957 1337 1
1337 6461 1
2176 3387 1
407 1337 2
3771 7607 1
7598 1204 1
1204 3364 1
3364 1900 1
1900 3414 1
5844 3364 2
7607 6245 3
6245 861 1
861 3671 2
6872 4628 1
830 7607 2
7607 2555 1
1057 1646 2
1646 2030 2
6872 861 1
3414 6901 1
5313 5802 1
6141 1181 1
1181 4712 1
4712 7607 1
3199 1388 1
1388 6170 1
3380 5531 1
5531 2030 1
6286 6026 1
6026 7077 1
2842 2829 2
2829 6744 1
7600 4277 1
4277 3199 1
2879 6775 1
6286 4852 1
4852 3233 1
3414 1068 1
6872 7564 1
7564 3377 1
3199 7564 2
7564 3414 1
7607 7564 1
7564 6872 1
6872 2099 2
7564 3387 1
6872 7116 2
7116 2179 1
2179 5504 1
5504 3431 1
3431 112 1
3380 5177 2
2009 4826 1
2910 516 5
516 7395 1
2842 4294 1
4484 5929 1
5929 1443 1
1443 1 1
5929 3387 1
2370 4500 1
4500 7447 1
1578 2752 1
2752 4828 1
2833 3431 1
7393 1506 2
1506 6641 1
4679 1428 1
1428 6137 1
6137 6088 1
6088 1364 1
6645 1238 1
1238 4482 1
4482 6461 1
1334 6507 1
5379 6969 1
6969 2510 1
352 4466 1
2842 2305 1
2305 2932 1
7598 6404 1
6404 1592 1
3199 5197 1
5197 364 1
6782 711 1
6872 842 1
842 2030 1
3672 3377 1
3199 743 1
743 3377 1
3377 7598 1
7598 6969 1
6969 7607 1
5219 7600 1
7600 2669 1
1639 6482 2
6482 1421 1
1421 7422 1
5219 1 1
1 5602 1
352 5219 1
5219 3672 1
1639 5436 1
5436 2030 1
275 3672 1
6483 678 1
5851 1385 1
1385 1376 1
1376 6450 1
6450 2046 1
3199 6969 1
6969 4828 1
6744 7208 1
7208 3671 1
6655 1639 1
1639 4213 1
4213 2702 1
1937 300 1
300 7350 1
7350 2431 1
5844 4792 1
4792 1639 1
1639 6253 1
6253 6607 1
6607 7449 1
3672 6157 1
6157 7352 1
2030 7537 1
1639 5289 1
5289 1225 1
3673 273 1
7602 2833 1
2833 6645 1
6645 7209 1
7209 2030 1
4794 6781 1
1600 7406 1
4621 2169 1
2169 4095 1
4095 4079 1
4079 3587 1
3587 4475 1
4475 4294 1
4294 6745 1
2030 6900 5
5841 6937 2
6937 3672 1
3672 2046 2
3643 4828 1
7447 1368 4
467 7623 1
1087 6205 1
6205 2513 1
2513 5036 1
5036 2510 1
7598 2173 2
2173 2513 1
2513 3258 1
3258 1339 1
1339 7598 1
2046 5715 2
5715 5865 1
5865 2030 1
6044 2617 1
2617 5406 1
5406 4779 1
4779 1579 2
1579 4983 1
4983 2169 1
772 316 2
2169 789 1
1256 4828 1
7447 7629 1
7629 1298 1
1298 3258 1
3258 7390 1
1090 5034 1
5034 2030 1
4828 3673 1
5036 4244 1
7374 2120 1
2120 4092 1
4092 1233 1
1233 1637 1
2632 6775 1
6775 6995 2
6995 4097 1
1425 4294 1
4294 5931 1
5931 2932 1
1256 6775 1
363 3125 1
3125 364 1
364 4905 1
4905 2425 1
2425 2030 1
2030 3664 1
3664 2020 1
2020 1 1
1364 6745 2
6286 718 1
363 6120 1
6120 2930 1
2930 4971 1
6645 3521 1
3521 3671 1
6483 3110 1
3110 6495 1
6495 7203 1
7203 6080 1
6080 6796 2
6796 3199 1
363 2716 1
2716 7449 1
7449 4225 1
4225 4244 1
4244 1264 1
1264 6198 1
6198 2176 1
2176 3569 1
3569 3332 1
2043 6396 1
2030 365 1
365 2176 1
2176 93 1
93 2312 1
3671 5101 2
5101 7540 1
7540 6641 1
6641 2093 1
2093 2030 1
2030 2094 1
2094 6781 1
363 2505 1
2505 2404 1
2404 1028 1
1028 6370 1
6370 67 1
67 2030 1
3673 4834 1
4834 2030 1
1087 6191 1
6191 4561 1
4561 2825 1
2825 56 1
56 3371 1
3371 3332 1
2715 1087 2
3387 6672 1
6672 611 1
611 3470 1
3470 6872 1
6872 7207 1
7207 3371 1
3371 1579 1
1238 788 1
788 6775 1
6775 3578 1
3578 7406 1
1087 4510 1
4510 3671 1
518 1225 1
3671 6989 2
6989 6617 1
6617 2030 1
1419 620 1
2030 4671 1
4671 5832 1
2910 6224 1
6224 4294 1
2030 5888 1
5888 6872 1
6872 2169 1
2169 3371 1
3371 3431 1
6462 5164 1
5164 795 1
795 6495 1
6495 7277 1
7277 2176 1
2839 7607 1
4520 4175 1
4175 7607 1
6645 5668 1
5668 3199 1
3199 5390 1
5390 3387 1
5399 6872 2
6872 4175 2
4175 7604 1
7604 1142 1
1142 7598 1
4508 787 1
787 6091 1
6091 3414 1
2370 1087 1
3369 7277 1
7277 5756 1
5756 3369 1
3369 3310 1
3310 3762 1
3762 7598 1
7598 1363 1
1363 5421 1
5421 6815 1
2879 5399 1
4175 1225 1
1225 5146 1
5146 7607 1
6990 415 1
415 4779 1
3600 4983 1
4983 2312 1
6872 4475 1
4475 6641 1
1419 3583 1
3583 2910 1
2910 788 1
788 6087 1
6775 3970 4
3970 6000 1
6000 2030 1
2030 2799 1
2799 4254 1
4254 3673 1
1243 6944 1
6944 5967 1
620 1 1
2312 620 1
620 6725 2
6725 6044 2
3671 5035 1
5035 2046 1
2046 1047 1
1047 7556 1
7556 3570 1
3570 2030 1
1957 7010 1
7010 6751 1
6234 3800 1
3800 4537 1
4537 3414 1
3671 4224 1
4224 2030 1
2030 4224 1
4224 6360 1
6360 5177 1
5177 1047 1
1047 2030 1
467 6656 1
6656 1626 1
1626 2510 1
2879 838 1
838 1 1
6462 3281 1
3281 3318 1
3318 2030 1
4649 911 1
911 2046 1
2842 4082 1
268 4072 1
7406 6486 2
2030 7444 1
7444 6900 1
5841 364 1
5851 1207 1
1207 1 1
3723 7108 1
6547 2176 1
353 2030 2
6245 268 1
268 1238 1
729 3835 1
3835 5788 1
5788 2557 1
2557 2030 1
6872 1315 1
1315 7573 1
7573 3671 1
5092 3457 1
3457 518 1
7607 6973 2
6973 2924 1
6872 6976 1
6976 1225 1
1225 1639 1
7607 5087 1
5087 7607 1
6983 516 1
5832 7447 4
6872 504 1
504 7336 1
7336 7607 2
4321 712 1
352 1882 1
1882 2030 1
3199 504 1
504 2924 1
7299 3380 1
1506 795 1
5175 65 1
6872 1511 1
1511 6872 2
7595 3672 1
516 436 1
436 2030 1
2030 4855 1
4855 363 1
1571 5963 2
5963 7449 1
3199 6808 1
6808 3671 1
3671 4865 1
6872 640 2
5175 3414 1
2009 5313 1
5313 3673 1
2510 6641 1
6775 6645 1
1600 6573 1
6573 7607 3
6170 2510 1
1225 772 2
1087 2924 1
2924 3672 1
5963 2030 1
3672 5889 1
2030 4001 2
4001 7493 1
7493 6141 1
6141 3672 1
3672 7300 1
7300 2159 1
2159 3671 1
772 856 1
856 2176 1
3673 1957 1
1957 2099 1
5898 6462 1
6462 3600 2
3600 2041 1
2041 2702 1
2702 3671 1
6645 3585 1
3585 3671 1
3671 2928 1
2928 5929 1
1592 2030 1
3625 3673 1
6044 4861 1
4861 3672 1
5175 6641 1
6641 772 3
1368 3600 1
1592 2924 1
2924 2030 1
363 7422 1
4488 7607 1
2924 7422 1
363 4521 1
4521 795 2
4698 4521 1
4698 6872 2
526 364 1
1622 6872 1
364 2744 1
2744 4916 1
4916 1511 1
7595 5602 1
2099 2316 1
2316 712 1
712 6872 1
6973 7607 1
5313 2198 1
2879 516 2
364 6731 3
6731 3673 1
2752 3578 1
3578 6781 1
6781 2991 1
2991 1029 1
1029 3026 1
3026 6361 1
6361 513 1
513 2030 1
2030 755 1
755 495 1
495 5832 1
5832 6461 1
2030 1086 1
1086 795 1
1506 6625 1
5175 1575 1
3672 4861 1
4861 1225 1
3723 6641 1
1600 3578 1
3578 2932 1
5841 3851 1
5929 3550 1
6044 6021 1
6021 6286 1
6286 245 1
245 1087 2
2030 4058 1
4058 3671 2
2267 2169 1
3671 65 1
6872 188 1
188 3632 1
3632 2716 1
2716 6641 1
6641 1514 1
7299 3478 1
3478 3671 1
3671 3917 1
3917 3672 1
3332 6375 1
6375 4698 1
3477 2030 1
6234 1 1
4826 4076 1
4076 3671 1
3671 4691 1
4691 3773 1
3773 1 1
7126 3672 1
3387 245 1
2842 2192 1
7598 3293 1
3293 2910 2
2910 584 1
584 6872 1
1599 1 1
1 3600 1
3600 6745 1
6745 6012 1
6012 3199 1
3199 4193 1
4193 7447 1
5036 1579 1
2512 2479 1
2479 3671 1
6245 4753 1
4753 2479 1
2479 6745 1
6745 1087 1
7607 5300 2
5300 1225 1
1225 5300 1
6730 3900 1
3900 1 1
2910 1578 1
1578 4244 1
6745 4466 1
363 7527 1
7527 6627 1
6627 1575 1
1575 6226 1
6226 3671 1
7607 4889 1
4889 3279 1
4331 2030 1
518 326 4
326 7607 1
7607 7467 1
7467 3387 1
363 3987 1
3987 6900 1
5841 7467 1
7467 1966 1
1966 2879 1
4511 1225 1
1225 6021 1
6021 188 1
188 2716 1
2716 6125 1
352 3002 1
3002 6872 1
6872 7177 1
7177 7607 1
3199 6003 1
6003 6641 1
7598 6606 1
6606 7607 1
6272 884 1
884 7302 1
6645 7565 1
7565 2638 1
1966 4466 1
3431 6645 2
6645 2358 1
2358 5044 1
5313 4712 1
4712 2312 1
7607 7444 1
7444 2910 1
2910 3443 1
3443 364 1
7530 3850 1
3850 5347 1
2755 1425 1
2030 2544 1
363 769 1
769 6228 1
6228 2932 1
2932 1378 1
1378 5991 1
5991 5994 1
772 1137 1
1137 2169 1
3199 129 1
129 1638 1
1638 2927 1
2588 467 1
3410 2932 1
2932 4581 1
4581 364 1
364 6620 1
6620 4336 1
4336 2030 4
1301 2103 1
1600 552 1
552 2176 1
2176 2458 1
2458 6457 1
6457 1888 1
1888 2692 1
2692 1551 1
5838 5240 1
2548 3970 1
6990 1363 1
1363 222 1
222 3387 1
3387 3675 1
3675 6483 1
6483 6775 1
2030 2548 1
2548 3377 1
3199 3784 1
3784 2176 1
7607 7369 1
7369 526 1
526 4971 1
6645 4131 1
4131 364 1
1301 2833 1
363 5504 1
6745 363 1
711 3148 1
3148 3387 1
363 2021 1
2021 3673 1
3199 7087 1
7087 3356 1
3431 2192 2
2192 112 1
2910 288 1
288 2961 1
2961 3673 1
7600 5504 1
5504 3387 1
3387 477 1
6998 3600 1
2046 2702 1
4011 2839 1
2839 6775 1
6775 6021 1
4940 3332 1
6449 7607 3
3369 4940 1
795 3275 1
3275 2163 1
2163 4828 1
7600 112 2
3233 772 1
5657 169 1
169 2030 1
7598 6056 1
6056 4940 1
2030 169 1
169 6044 1
7447 467 1
467 5657 1
5657 6641 1
7447 1506 4
7600 2972 1
2972 134 1
6995 823 1
823 2046 1
1128 2010 1
7598 722 1
722 6544 1
6544 3387 1
2879 7600 1
7600 4636 1
6745 5047 1
5047 6370 1
3600 2360 1
3600 2473 1
2473 2910 1
6998 4492 1
1378 3410 1
4244 1186 11
1186 2030 7
2030 1261 2
1261 364 1
3199 4946 3
4946 2410 1
3199 4773 1
4946 3673 1
3673 2950 1
2950 4679 1
115 4244 1
1443 6775 1
6775 5657 1
3836 728 1
728 2161 1
4890 2030 1
363 625 1
625 2312 1
1337 5867 2
5867 1 1
5657 6775 1
5177 3194 2
3194 2880 1
2880 5832 1
5832 7326 1
7326 7465 1
7465 2030 1
7447 7121 1
7121 5177 1
5177 5410 1
5410 2932 1
2030 1373 1
1368 6007 3
6007 3671 1
6995 3647 1
4592 1283 1
1283 1074 1
1074 2043 1
2043 5591 1
5591 6738 1
5832 7193 1
7193 2030 1
6993 642 1
3726 2030 1
2030 203 1
6075 2030 1
2030 6834 1
6834 364 1
364 5758 1
5758 2030 1
2910 3912 1
3673 5349 1
3673 6665 1
6665 2410 1
1042 452 1
7512 6725 1
7607 1392 1
1042 7303 1
7303 3673 1
363 6393 1
6393 880 1
2103 7391 1
7391 518 1
518 1 2
1 2173 1
2173 1246 1
1246 7464 1
7464 6572 1
6572 5832 1
5832 6295 1
6295 2265 1
2265 3414 1
6462 3347 1
3347 2312 1
7598 6937 1
363 1592 1
7600 1995 1
1995 4237 1
4237 2030 1
2030 4523 1
6269 3370 1
6207 6003 1
6003 2932 1
363 6524 1
6524 2019 1
2019 7390 1
6993 1615 1
1615 1491 1
1491 2910 1
7447 3696 1
3696 2030 1
6207 5959 1
2910 5664 1
5664 3320 1
3320 7044 1
7044 1976 1
1976 2030 1
3673 5657 1
772 7610 1
7610 2932 1
4940 5832 1
5851 3220 1
3220 518 1
6396 4553 1
4553 3331 1
3331 6461 1
3199 5647 1
5647 2932 1
2513 1243 1
1243 6019 1
6019 2030 1
2910 4685 1
4685 1428 1
6645 255 1
255 2176 1
2176 5602 2
5602 1 1
1 712 1
352 3364 1
2030 5133 1
5133 2030 1
2030 6141 1
6141 539 1
539 7303 1
354 772 1
5455 4900 1
4900 7390 1
2099 539 1
539 6901 1
6901 6264 1
6264 3332 1
3369 5586 1
5586 2030 1
3671 2907 1
2907 363 1
7607 1266 1
1266 6645 1
1600 190 1
190 2176 1
2176 7391 1
7391 6264 1
352 3901 1
3901 3672 1
3672 6264 1
6264 1799 1
1799 275 1
7393 772 1
3766 578 1
578 1 1
1 4623 1
2932 1188 1
1188 2030 1
6286 6730 1
2910 4142 1
4142 268 1
5093 1506 2
1506 3279 2
4331 6775 1
1033 2192 1
2910 1511 1
7598 4949 1
4949 1314 1
1314 4018 1
4018 7447 1
3178 1337 1
3414 1028 1
7600 7259 5
7259 604 1
604 7633 1
2013 6872 1
4466 5844 1
5844 5489 1
3442 3199 1
2176 6858 1
788 3233 1
5832 1559 1
1559 1774 1
1774 1 1
1364 2510 2
2510 4807 1
4807 363 1
7600 1559 2
1559 1364 1
1364 6241 2
6641 4466 1
1225 6744 2
6744 3672 1
3199 1364 2
6241 4865 1
363 2538 1
2538 44 1
44 1225 1
1774 6969 1
6969 2176 1
7447 6241 1
1577 44 1
44 678 1
2176 354 1
354 7447 1
520 3414 1
2555 3233 1
3233 3885 1
3885 1784 1
1784 2312 2
2312 788 1
788 2030 1
1817 2312 1
2312 851 1
851 1 1
2910 748 1
748 2066 1
2066 6486 1
6486 3671 1
3671 5086 2
5086 1551 1
1551 2297 1
2297 204 1
1744 6775 1
5851 2297 1
2297 44 1
44 7018 1
7018 7447 2
7390 1784 1
1784 7018 1
7447 7006 2
7006 1 2
1 2963 1
2963 2616 1
2616 2879 1
1246 7006 1
7006 2932 1
2702 4213 1
4213 1225 1
1579 1028 1
1028 7390 1
6645 1378 1
7297 7600 1
7600 7006 1
7006 1337 1
1337 4913 1
4913 7607 1
2910 989 1
989 7598 1
7598 1322 1
1322 6403 1
6403 769 1
6403 1188 1
1188 2753 1
2753 3199 1
6483 6690 1
6872 4716 1
2030 5032 1
5032 4212 2
2176 861 1
6730 4466 1
806 6775 1
275 4665 1
4665 2192 1
2192 1097 1
6901 7598 2
7598 2706 1
2706 363 1
6645 1097 1
6901 6745 3
6286 7607 2
3199 5272 1
5272 352 1
1934 352 1
6462 3356 1
3356 1042 1
3356 4650 1
4650 2220 1
2220 2932 1
4026 3356 1
3356 2292 1
2292 364 1
3356 7393 1
7393 352 1
6462 5033 1
5033 4212 1
7449 7394 1
7394 1806 1
1806 7607 1
3853 5046 1
5046 4897 1
4897 4212 1
4212 728 1
728 6775 1
1087 1151 1
1151 1225 1
3414 856 1
856 2842 1
4212 6645 1
6645 1087 2
2910 2584 1
2879 811 1
811 694 1
694 2616 1
6655 1337 1
1337 4826 2
4826 1680 1
1680 3411 1
3411 1455 1
1455 2842 1
2842 7389 4
5832 3779 1
3779 4229 1
1600 6894 1
6894 3410 1
3410 7026 1
2297 2046 1
2046 7555 1
7555 6449 1
6449 2312 1
3671 7039 1
1262 575 1
1337 1301 1
5385 1 1
3411 4238 1
4238 2176 1
1337 1294 2
5602 3414 1
7447 4423 1
4423 6645 1
6645 4212 2
4212 4423 1
4423 2616 1
2370 4423 1
4423 2176 1
2932 1739 1
1739 3387 1
3671 6137 1
6990 7415 1
7415 5316 1
5316 7600 1
4212 364 2
3282 5756 1
6731 364 1
2431 2030 1
2030 176 1
176 3199 1
2043 1056 1
2176 4244 3
4244 2732 2
2732 4900 1
4900 1033 2
1033 3431 1
363 6731 1
6731 3199 2
7393 3431 1
3431 2440 1
2440 5832 1
5832 508 1
508 2932 1
2932 2912 1
2912 1674 1
6402 4828 1
1599 3380 1
1492 3387 2
3671 4212 2
4212 363 1
1151 5332 1
3369 4416 1
4416 614 1
614 3673 1
5929 4212 1
7447 7525 1
7525 364 1
3282 275 1
364 5436 1
5436 2842 1
5959 1337 1
1337 5927 1
467 6919 1
6919 6641 1
691 1391 1
363 7551 1
7551 4244 1
1966 3257 1
5658 4828 2
3774 6645 1
1298 2932 1
769 2552 1
2552 2071 1
2071 3671 1
7284 2030 1
2030 750 1
750 5558 1
5558 3392 1
3392 7226 1
7226 1028 1
1028 6744 2
851 3387 2
3387 3613 1
3613 6990 1
1301 524 1
6286 1087 2
1087 721 1
721 2030 1
2030 485 1
485 6245 1
6245 4649 1
4649 861 2
861 7598 1
5454 7598 1
5381 3199 1
4670 678 1
678 5072 1
5072 2715 1
7298 665 1
665 2030 1
2879 2636 1
2636 1378 1
1378 2108 1
3671 1425 1
1425 5766 1
5766 5832 1
5832 7297 1
7297 5729 1
5729 2030 1
3671 6404 1
6404 1 1
3199 6864 1
6864 2030 1
2030 3500 1
3500 1 1
2193 3344 1
3344 2030 1
1 7297 1
1600 3636 1
3636 6901 1
3356 1116 1
1116 3356 1
3356 4737 1
4737 3356 1
3356 1297 1
1297 1364 1
3199 7071 1
3199 3761 1
3761 5967 1
2192 2369 1
363 608 1
608 2030 1
7447 1419 1
1419 125 1
125 7349 1
7349 516 1
3671 5177 3
3671 3150 1
3150 1491 1
2030 6944 1
1600 315 1
6366 5967 2
1294 407 1
7607 3552 1
3552 2009 1
1294 1225 2
861 3233 1
1579 678 2
6044 180 1
180 363 1
1087 7452 1
1579 4828 1
6990 5468 1
7452 6641 1
6641 3559 1
3559 5959 1
3671 5737 1
5737 388 1
7558 6641 1
7607 2746 1
2746 5802 1
275 176 1
176 5468 1
3671 4636 1
4636 2312 1
442 364 2
7259 6901 1
3672 384 1
384 2910 1
2910 5249 1
5249 7406 1
7406 1264 1
1264 7449 1
1294 6241 1
7005 2030 1
7560 3199 1
7393 3552 1
3552 4409 1
4409 1306 1
1306 6241 1
6241 2312 1
2312 3411 1
3411 2043 1
2043 2512 1
2512 4423 1
2169 2577 1
2577 2910 1
2910 3754 1
3754 3672 1
3672 6376 1
5832 258 1
258 2030 1
6503 2431 1
2932 5969 1
5969 2910 1
6937 2258 1
2258 3655 1
3655 1389 1
947 5832 1
5832 4979 1
4979 4682 1
4682 6744 1
3600 6740 1
6740 1448 1
1448 7607 1
2030 979 1
979 1575 1
2910 3882 1
1448 1538 1
1538 363 1
1454 275 2
1337 5262 1
5262 1 1
6815 124 1
124 2030 2
2695 7393 1
7393 203 1
203 76 1
76 7607 1
2991 2910 1
2910 5032 2
6403 263 1
263 6148 1
6148 7393 1
7393 7600 3
7600 1033 1
6728 1087 2
5468 896 1
896 3671 1
3671 2560 1
2560 1364 1
1364 4245 3
4245 712 1
5959 4073 1
6990 7297 4
1288 6635 1
6635 2030 2
2030 7276 2
7276 2030 1
3026 6403 1
6403 397 1
397 263 1
263 6841 1
6841 2910 1
3199 2169 4
2169 6379 3
6379 1227 1
1227 1579 1
1579 4766 1
4766 2755 1
2755 7259 1
2030 1650 1
1650 5832 1
6503 363 1
363 1470 1
1470 5130 1
5130 1467 1
1368 5896 1
5896 2504 1
5855 3672 1
1600 1361 1
1361 2176 1
2176 7259 1
3387 7003 1
7003 467 1
467 3647 1
7529 1256 1
1256 3178 1
2932 7604 1
7604 2369 1
2932 543 1
543 1784 1
1784 6775 1
6775 4520 1
2169 2432 1
2911 4517 1
5086 1608 1
1608 7558 1
7558 2431 1
2431 4409 1
4409 2505 1
2505 3671 1
2176 5824 1
5824 2030 1
2030 834 1
834 3600 1
3600 6073 1
6073 7348 1
7348 7077 1
2910 3813 1
620 1897 1
1897 3672 1
1727 6391 1
7447 5130 1
5130 5313 1
5313 5083 1
5083 2169 1
3199 6317 1
6317 5832 1
364 5855 2
5855 3332 1
3356 4559 1
3380 6744 1
5739 3230 1
3230 1885 1
1885 2030 7
2660 2030 4
2030 2276 1
2276 2030 4
6149 4236 1
4236 6391 1
6391 5046 1
2369 1 1
2910 3505 1
3505 2169 1
1824 6073 1
6073 2932 1
6234 1817 1
1817 3199 1
4951 6775 1
4735 2910 1
3671 847 1
847 3926 1
3926 4389 1
4389 7598 1
7598 1805 1
1805 3647 1
3647 3241 1
3241 4826 1
3896 1428 2
620 7406 1
7406 1711 1
1711 1256 3
1256 1454 1
1454 363 1
363 4842 1
4842 5726 1
5726 1952 1
1952 3673 1
3199 1821 1
1821 3387 1
363 3246 2
3246 5779 1
5779 1364 1
6286 3671 1
4471 3369 1
6744 558 1
1186 3387 3
3387 4754 4
3671 6815 1
5468 1371 1
6007 1 1
6655 4727 1
4727 3345 1
3345 2030 1
2030 3676 1
3676 2030 1
2030 3993 1
3993 2030 1
5468 7470 1
3199 5702 1
5702 5967 1
5967 1097 1
7299 3839 1
2176 3829 1
3829 3671 1
5736 1579 1
5468 4704 1
4704 6601 1
6601 2030 1
5468 511 1
511 7167 1
7259 3233 5
3233 7449 2
7449 4564 1
4564 6241 1
2030 4446 1
4446 5832 1
2431 2401 1
2401 1337 1
1337 1575 1
6744 2401 1
2401 485 1
485 1337 1
3233 2176 1
5468 2377 1
2377 1682 1
1337 3033 1
3033 364 1
1616 7379 1
7379 7268 1
7268 2927 1
2927 2030 2
1579 7385 1
772 1492 1
3233 7179 1
1425 5086 1
5086 2297 1
2297 6901 1
363 1376 1
1376 1069 1
1069 2634 1
3671 7508 1
7508 627 1
363 4067 1
4067 3379 1
3379 2932 1
2759 5376 1
5376 7598 1
3822 408 1
408 3671 2
711 408 1
6993 4967 1
4967 4244 1
3671 521 1
521 769 1
769 6517 1
6517 7558 1
2030 6171 1
6171 6517 1
6517 6142 1
2030 7560 1
3671 1622 2
1622 2982 1
3199 2332 1
2332 3671 1
6641 2076 1
2076 2030 1
6641 2073 1
2073 3789 1
7600 3315 1
3315 7447 1
1294 6775 2
2510 7600 1
1559 363 1
363 2401 1
2401 6241 1
3233 7049 1
7049 5634 1
5634 4244 1
467 2634 1
2634 6781 1
6781 2204 1
2204 315 1
2670 2030 1
1225 2733 1
2733 6021 5
6021 6241 1
3970 2122 1
2122 6241 1
6241 399 1
399 7299 1
7607 6734 1
6734 6745 1
2030 7503 1
7503 4520 1
6858 5379 1
6641 1301 1
1301 407 1
364 4212 1
4212 7598 1
678 6044 1
2803 2910 1
4753 3387 1
3757 3413 1
3413 2312 1
2910 620 1
6937 6641 1
6641 363 4
6684 3387 1
3387 1340 1
1340 363 1
6655 7598 1
524 2910 1
3671 2471 2
2471 245 1
2842 1033 1
6744 407 1
7598 2825 1
2825 6775 1
7607 4920 1
4920 7447 1
7598 3625 1
3625 7607 1
1294 1 3
352 4828 3
3233 566 1
1334 6690 1
7298 524 1
524 6775 2
6775 4321 1
3233 5126 1
5832 6972 1
2510 2009 1
2009 2910 2
2910 1225 1
1097 489 1
489 2176 1
2176 5832 2
7447 5489 2
3199 2470 1
2470 6141 1
6141 2009 1
795 6775 1
5832 6975 2
6975 518 2
518 7598 1
3970 6516 2
6516 2510 1
2510 2470 1
2470 2312 1
2312 2470 1
2470 7447 1
7447 2470 1
2030 4297 1
2512 2470 1
2470 2370 1
2370 6866 1
6866 2839 1
363 3803 1
3803 6744 1
6170 6728 1
3671 4297 1
2030 3576 1
3576 3671 1
3393 6781 1
6781 3370 1
6872 2471 1
2471 3332 1
1087 6625 1
6625 3356 1
6142 6872 1
2314 5602 1
520 3332 1
6625 3132 1
4643 3332 1
3332 6728 1
6775 4279 1
6507 5832 1
1349 2030 1
2030 5681 1
5681 518 1
7594 6531 1
6531 1225 1
7598 5832 1
6872 3040 1
3040 6645 1
6645 4865 1
2513 2471 1
2471 7598 1
772 5258 1
5258 408 1
408 6625 1
6625 7297 1
352 6990 2
4631 4900 1
7297 3673 1
711 4967 1
6189 2907 1
2907 3199 1
3373 5177 1
7598 6625 1
6625 1 1
6725 6461 1
2733 5838 1
5838 363 2
363 290 1
290 7607 1
2030 584 2
584 3336 1
3336 678 1
678 1591 1
1591 7447 1
5978 1966 1
6044 3207 2
3207 3368 1
3368 352 1
6207 864 1
864 2932 1
6990 718 1
6641 354 1
354 2510 1
2510 1511 1
3762 3671 1
7299 5844 1
5844 5561 1
5561 1 1
6872 5561 1
5561 2030 1
4277 6775 1
3199 6040 1
6040 2030 1
3671 2529 1
2529 1579 1
1579 3379 1
7449 4068 1
4068 627 1
4826 4321 1
2121 6245 1
2616 1551 1
5838 4286 1
4286 7598 1
4519 3233 1
3233 3147 1
3147 3204 1
3204 7449 1
7449 6905 1
6905 7607 1
3199 6418 1
6418 3671 1
1 4286 1
4286 352 1
2312 3233 1
3233 3880 1
3880 2169 1
1256 5661 1
5661 2866 1
7449 5197 1
5197 3150 1
3150 2616 1
3671 1946 2
1946 1337 1
4524 518 1
7116 3411 1
3411 7447 1
7447 5822 1
5822 6725 1
6245 3742 1
3742 6872 1
1337 1560 1
1560 7121 1
7121 6592 1
6592 3194 1
3194 5802 1
4490 3673 1
4826 3233 1
2910 6044 1
5046 1579 1
1579 2185 1
2185 1575 1
7300 1 1
3970 3757 1
3757 2312 1
2312 6684 1
6684 4828 1
408 275 1
467 4967 1
4967 3671 1
6728 7298 1
7298 2103 1
2103 604 1
5967 7390 1
7390 1368 1
1681 3762 1
3762 1579 1
1579 4875 1
4875 7365 1
7365 6641 1
2910 7016 4
2030 1655 1
1655 364 1
2600 4828 1
4655 2193 1
2193 5898 1
363 5822 1
5822 1 1
1 7227 1
7227 1227 1
1227 6137 1
2833 5898 1
3671 3310 1
3310 1935 1
1935 2943 1
2943 1080 1
1080 2431 1
2431 3279 1
3279 5902 1
5902 1575 1
1575 4597 1
364 6894 1
6894 2780 1
2780 2910 1
2943 3673 1
7339 3955 1
3955 2030 1
6413 364 3
5832 2183 1
2183 3242 1
3242 518 1
518 7445 1
4262 3970 1
1298 2695 1
2030 5316 1
5316 3922 1
3922 6641 1
6641 1543 1
1543 6839 1
6839 6343 1
6343 2193 1
2193 6841 1
6841 4212 1
4212 1966 1
3332 7367 1
7367 2431 1
3418 3698 1
3698 3414 1
6866 3310 1
3310 1419 1
363 7367 1
7367 3332 1
3332 1233 1
1233 6241 1
6241 2431 1
3418 1243 1
1243 6239 1
6239 2030 1
1337 5058 1
5058 1639 1
1639 3393 2
3393 1317 1
1317 7348 2
7348 2169 1
2169 3396 2
3396 2473 9
2996 5959 2
7598 5101 1
5101 2473 3
6240 7348 3
7348 1 2
1 1551 2
5838 1386 1
1386 467 1
2171 3823 1
3823 2297 1
2297 5402 1
5402 3233 1
3199 4801 1
4801 3373 1
3373 6124 1
1337 1230 1
1230 2879 1
875 7406 1
3643 1225 1
5185 5411 1
5832 1317 1
7348 2932 3
3393 4900 1
1033 1069 1
1069 7598 1
7598 6160 1
526 772 1
772 1917 1
1917 5154 1
5154 5033 1
5033 5844 1
5844 3414 1
3414 3380 1
4374 2996 1
2996 7297 1
7297 2140 1
2140 6775 1
6775 2737 1
2737 7447 1
6044 3600 1
3600 6681 1
275 7424 1
7424 364 1
7449 3742 2
3742 3671 1
6064 2546 1
2546 6840 1
6840 2030 1
3680 2312 1
2312 3356 1
3199 1452 2
1452 6775 1
363 3561 1
3561 7598 1
5154 3673 1
3673 840 1
840 2046 1
1097 3102 1
3102 6645 1
5316 482 1
482 2176 1
2176 7227 1
7227 407 1
407 4244 1
5313 5154 1
5154 1294 1
1294 518 7
326 7227 1
7227 3681 1
3681 2910 1
1575 6946 1
6946 5451 1
5451 7302 1
7302 4971 1
4971 7194 1
7194 5352 2
5352 1225 1
1225 2509 1
2509 2910 1
2996 4971 1
6160 4517 1
4517 7452 1
2046 7447 2
5959 4182 2
4182 2932 2
2910 4182 1
2996 3888 1
3888 3396 1
2473 1337 4
7449 6240 1
7348 1225 1
1600 5844 1
2839 5101 1
7348 6336 1
6336 678 1
6782 2932 2
6872 4855 1
4855 1033 1
6872 6404 1
6404 5033 1
5033 5851 1
5851 5714 1
5714 6403 1
6403 5489 1
7442 3369 1
3369 2303 1
3356 5177 4
5177 99 1
99 6854 1
6854 3356 1
5177 2172 1
2172 3356 1
5177 161 1
161 7388 1
7388 3356 1
5177 1037 1
1037 7429 1
7429 2030 1
6645 1041 1
1041 6168 1
6168 2616 2
2616 7449 1
7449 1747 1
1747 3743 1
3743 6645 1
6645 68 1
68 6403 1
6403 3332 1
3332 5851 1
6403 2169 1
2431 4974 1
4974 772 1
772 2005 1
2005 7598 1
7598 5628 1
5628 2985 1
2985 3396 1
2030 5208 1
5208 3688 1
3688 7449 1
3136 2030 2
2030 1771 1
1771 5628 1
5628 2780 1
2780 1205 1
2030 5842 1
5842 6641 1
7449 5851 1
5851 2017 1
2017 6206 1
6206 3380 1
1774 2030 2
6605 7600 1
7600 3396 2
3396 6260 1
7339 4826 1
1151 6483 1
6483 1243 1
1243 4186 1
4186 7600 1
3396 2030 1
3672 5488 1
5488 6231 1
6231 7348 1
7348 2030 2
364 7540 3
7540 3762 1
6744 5009 1
2169 2023 1
2023 6471 1
6471 456 1
456 2606 10
2606 6129 1
6129 4244 1
3672 575 1
575 6149 1
6149 3393 1
3393 7077 1
364 5754 1
5754 4828 1
2009 456 1
2606 718 1
718 2412 1
2412 7245 1
2932 1282 1
1282 1 1
6655 6990 1
6990 2979 1
2979 6672 1
6672 2384 1
2030 443 1
443 379 1
379 2030 1
3673 4470 1
4470 6872 1
7490 4682 1
6872 2909 1
5360 364 1
364 5766 1
5766 2567 1
2567 2099 1
2099 2947 1
2947 2099 1
2099 2517 1
2517 6655 1
678 7525 1
7525 1033 1
2176 1592 3
621 7600 1
7259 3332 1
3332 5754 1
5754 1575 1
3774 711 1
3410 4245 1
4245 2910 1
2910 926 1
926 5754 1
5754 7607 1
2910 5754 1
5754 5468 1
2910 963 2
963 1337 1
1337 2086 1
2086 7259 1
3671 1660 1
5177 7607 1
3671 4427 1
4427 4357 1
4357 5802 1
1506 4826 1
4826 499 1
2030 6853 1
6853 1097 1
1097 4826 1
6234 499 1
1091 3332 1
6645 6990 2
6990 3287 2
3287 3431 1
1225 3431 2
7449 3888 1
3888 1337 1
1337 3393 1
3393 1087 1
3671 1141 1
3369 3287 1
3287 2030 2
6872 3418 1
3418 3887 1
3887 3671 1
3393 3414 1
3414 3265 1
2046 417 1
417 2005 1
2005 6641 1
2879 6240 1
4828 5313 1
5313 3902 1
3902 5967 1
1227 6883 1
6883 1 1
1 3393 1
3393 363 1
3387 5047 1
7598 1966 1
6775 1337 1
4670 1364 1
3418 2030 2
7447 6644 1
6644 3555 1
3555 364 1
1557 6641 1
2910 3489 1
7298 7302 1
7302 6725 1
3671 456 1
2606 2910 1
2879 2085 1
2085 3194 1
3194 5325 1
5325 2030 6
1389 2584 1
2584 363 1
3673 456 1
4753 3672 2
364 4190 6
4190 6641 2
6641 4875 1
718 1295 1
1295 7607 2
6162 1577 1
1577 4190 1
4190 2030 5
2030 4233 2
4233 7598 1
6286 7447 1
1337 584 1
3419 456 1
2606 3332 1
3332 3419 1
3419 7447 1
6044 7297 1
5379 7447 1
3380 364 1
3199 6216 1
6216 6901 1
363 456 1
2606 6901 1
467 354 1
354 1225 1
3672 1294 3
2879 6413 1
6413 3672 1
4782 6641 1
772 1294 3
1294 2010 1
1419 6872 1
326 1233 1
7299 4794 1
4244 4895 10
4895 6872 1
718 2996 1
2996 840 1
840 7452 1
7452 3392 1
3392 1441 1
1441 7447 1
3380 5832 1
407 3774 1
3774 1600 1
3671 4782 1
4782 4754 1
4754 4245 1
4245 2030 1
6207 6157 1
6157 6126 1
3673 6123 2
3199 4655 1
4655 2370 1
2370 4655 1
4655 1 1
6123 678 1
352 1970 1
1970 7607 1
3199 6169 3
6169 3414 2
4895 2030 6
1419 2103 1
2103 2606 1
2606 2555 1
2555 5406 1
5406 4618 1
4618 7607 1
7299 2163 1
2163 3077 1
3077 4895 1
4895 3387 1
6286 1575 1
6462 5709 1
5709 5325 1
5325 7449 1
5959 2606 1
2606 1364 1
363 3315 1
3315 5832 1
5832 6900 1
1243 3414 1
2173 2606 1
2606 2046 2
2046 2392 2
2392 3729 2
3729 1555 1
1555 6483 1
2996 4728 1
4728 2030 1
2839 1824 1
1824 364 1
2740 6641 1
1600 7298 3
7298 2176 2
769 6847 1
6847 2606 4
2242 1337 1
1337 6725 1
6725 6901 1
3332 3722 1
3722 2030 1
5455 2192 3
1068 1033 1
7217 1575 1
352 4628 1
4628 678 1
2616 1298 1
1298 7449 1
7449 1147 2
1147 4969 2
4969 5867 1
5867 4244 1
3729 1225 1
7598 2530 1
2530 3140 1
3140 3414 1
2555 6775 1
6775 1294 1
7299 4761 1
4761 2842 1
2842 6265 1
6265 6725 1
6725 1227 1
7607 4504 2
4504 5325 1
5325 5832 1
5832 158 2
158 455 3
455 3671 1
7598 2956 1
1087 4504 1
4504 1807 1
1807 2030 1
2030 5791 2
5791 1 2
1941 2910 2
2910 5791 1
5791 6775 1
1337 465 1
465 1365 2
1365 7445 1
1246 407 1
7057 4193 2
4193 3414 1
1580 7447 1
7057 5489 1
6207 1294 1
1294 2932 1
2932 5791 2
5791 2001 1
2001 1575 1
3671 4157 1
4157 2046 2
2046 6461 1
6461 3669 1
3669 2648 4
2648 2099 1
2099 2046 1
2046 2538 1
2538 1608 1
1608 3514 1
3514 5832 1
5832 285 1
285 6775 1
2879 918 1
918 4157 1
4157 6901 1
6901 1222 1
1222 2030 1
5959 4157 1
4157 1111 1
7297 1225 1
6087 6730 1
6730 1364 1
1364 7006 1
7006 621 1
621 1783 1
1783 109 1
109 3199 1
3199 111 1
111 1222 1
1222 7449 1
3673 4157 1
4157 925 1
925 82 1
82 6872 1
7595 7006 1
7006 718 2
1294 5967 1
5967 4157 1
2046 5844 1
5844 2461 1
2461 6674 1
6674 2030 1
2030 3339 1
3339 2538 1
2538 6457 1
6457 2753 1
2753 4448 4
4448 2099 1
5759 7447 2
4677 3673 1
3673 4346 1
2030 3241 1
3241 1639 2
1639 3241 2
2030 2782 1
2782 1639 1
1639 2782 1
2782 7179 1
7179 2932 1
7449 1809 1
1809 4157 1
4157 4828 1
3671 5154 1
5154 6779 1
6779 3431 1
3431 6471 1
6471 7006 1
7006 3199 2
352 7090 1
7090 1218 1
1218 4157 1
4157 1575 1
6655 1233 1
4895 3414 1
1 2046 2
5959 7410 1
7410 2831 1
2831 1294 1
3673 2046 2
2046 5738 1
5738 2030 1
6128 3387 1
4794 5318 1
5318 2030 1
1614 7297 1
7297 2008 1
2008 5076 1
5076 6253 1
6253 2477 1
2477 1337 1
6641 4795 1
4795 1 1
3671 4492 1
4492 3895 1
3895 2190 1
2190 5316 1
5316 3557 1
3557 6636 1
6636 4752 1
4752 7449 1
7449 4273 1
4273 2816 1
2816 1028 1
3671 6747 1
6747 364 1
364 1746 1
1746 3671 1
2879 3179 1
3179 3671 1
3671 532 1
532 2932 1
1301 3669 1
3669 6660 6
6660 2030 4
3643 1608 1
1608 2731 1
2731 718 1
6730 7415 1
7415 7297 1
6403 6901 1
1337 3332 3
3332 3669 1
6660 3671 1
3671 2401 1
2401 2046 1
2046 2817 2
2817 7598 1
3209 2910 2
3671 1455 1
1455 3387 1
3387 5489 1
5489 2512 1
2512 6207 1
6207 5354 1
3671 6660 1
6660 1298 1
1298 584 1
7217 3789 1
2030 6796 1
6796 7449 1
2932 6660 2
3672 584 1
2996 7449 1
7449 2839 1
363 5354 1
5354 1225 1
1225 4875 1
3275 5354 1
5354 6725 1
7006 4193 1
4193 2932 2
6660 2099 2
2932 7394 1
7394 3387 1
3387 2192 1
1600 6728 2
6728 6215 1
6215 2021 1
2021 4728 1
4728 6660 1
6660 65 1
4262 6661 1
6661 407 1
3199 7006 2
7006 3387 1
407 2367 1
2367 3673 1
5084 3199 1
1600 2192 1
2192 1298 1
1298 7006 2
7006 1368 1
6775 7386 1
7386 6866 1
1787 4828 1
7447 4762 1
4762 5772 1
5772 2431 1
2431 6017 1
6017 2169 1
1681 6641 1
5400 124 1
124 1428 1
7598 7166 3
4504 5832 1
455 5325 1
2030 156 1
156 5791 1
5791 3026 1
3673 6858 1
6858 1 1
4753 516 1
516 1080 1
1080 2030 2
6730 7046 1
7046 6858 1
6858 7607 1
7598 4504 1
4504 4828 1
3022 3387 1
3199 1737 1
1737 1 1
1 648 1
648 3671 1
2910 4937 2
4937 7006 2
1 7006 1
7006 772 1
2192 5414 1
5414 3673 1
7452 1450 1
1450 2638 1
6744 1455 1
1455 1225 1
3373 3673 1
3199 3787 1
3787 6775 1
1575 7006 1
7006 7026 1
7026 482 1
482 3419 1
3419 3671 1
4245 364 1
3332 4968 1
4968 7598 1
4900 2030 2
2010 5468 1
7006 6725 2
6725 2103 1
2103 4590 1
4590 4900 1
4900 2455 1
2455 1966 1
7302 6081 2
6081 2879 1
2910 5021 1
5021 7449 1
7449 5844 2
5844 807 1
2046 6881 2
6881 3671 1
363 7006 6
7006 7598 3
352 6269 1
999 7390 1
352 647 1
647 5468 1
7006 6641 2
5736 2455 1
2455 772 1
6744 4680 1
4680 4346 1
6681 3671 1
7339 6054 1
6054 2312 1
7607 728 1
7598 7026 1
7026 44 1
44 6901 1
5832 1203 1
1203 2030 1
2030 6613 1
6613 3671 1
3233 1321 1
7345 3199 1
6044 326 1
2103 364 3
364 518 3
2879 647 1
647 772 2
2910 3418 3
3418 3414 1
363 44 1
44 3387 1
3419 3199 1
7449 4971 1
4971 3671 1
3671 4651 1
4651 807 1
6881 678 1
7393 5554 1
5554 3671 1
7607 1934 1
1934 6413 1
3282 3394 1
2030 4119 1
4119 3671 1
3673 6206 1
6206 772 1
6402 7303 1
7303 3199 1
2192 6983 1
6983 4941 1
4941 7006 1
7006 1575 1
2030 5474 1
2546 6645 1
6645 6754 1
6754 5538 1
5538 769 1
2312 4361 1
6160 6463 1
6463 44 1
44 3414 1
7166 844 1
3199 1806 1
1806 5929 1
467 1264 1
1264 3716 1
3716 6728 1
6775 6229 1
6229 2790 1
2790 364 1
364 5130 4
5130 1 1
2030 2231 1
2231 728 1
4753 2030 2
2030 5986 1
1487 7449 1
7449 4251 1
4251 3671 1
4735 2479 1
2479 2119 1
2119 1 1
3673 2584 1
2584 1455 1
1455 2119 1
2119 1087 1
1225 2119 1
2119 1364 1
1225 7449 1
7449 5822 2
5822 4389 2
4389 3199 1
6462 1600 1
3671 829 1
829 2022 1
7600 2655 1
2655 1885 1
5353 6655 1
5855 5489 1
5489 3673 1
3673 3246 1
3673 926 1
926 4389 1
4389 1364 2
1364 2189 1
2189 3233 1
3233 1087 1
4766 5832 1
6645 6279 1
6279 7447 1
7302 4209 1
7217 6170 1
6170 2616 1
2314 7449 1
6901 7006 1
7006 2104 1
2104 5237 1
5237 1885 1
7600 3392 1
3392 5123 1
5123 7449 1
7449 5295 2
5295 4389 2
4245 6044 1
2803 1575 1
1575 364 1
1577 7302 1
2222 5586 1
5586 2192 1
3671 4754 1
363 1041 1
1041 6728 1
6990 5316 1
5316 467 1
467 1243 1
3671 2297 1
2297 2030 2
5832 2369 1
2369 1885 1
2660 1225 1
1233 4222 1
4222 2410 1
3419 1885 1
2660 7447 1
3418 1246 1
1246 6068 2
3394 7449 1
5822 3673 1
3673 1981 1
1981 4346 1
4346 7242 1
7242 7600 1
1600 1067 1
1067 6775 1
1067 7598 1
4897 6403 1
2030 3557 1
3557 2030 1
6168 3356 1
6403 1 1
7607 5354 1
5354 772 1
772 2303 1
2303 364 1
2431 2839 2
2839 7452 1
7452 7005 1
7005 3431 1
718 5822 1
4389 6068 1
5313 1981 1
1981 1774 1
1774 3556 1
3556 7598 1
354 6674 1
6674 2204 2
3241 7339 1
3241 125 1
2369 678 1
3102 3600 1
3600 7006 2
7006 2431 1
2431 6023 1
364 4359 1
4359 109 1
109 1784 1
1784 1358 1
1358 364 1
364 2728 1
2728 996 1
996 2030 1
2030 5295 2
5295 5967 1
5967 7284 1
7284 6645 1
6645 6403 1
1506 6080 1
1800 3199 1
3414 6942 1
2009 2782 1
2782 4607 1
4607 6817 1
6817 5991 7
364 2280 2
2280 678 1
3675 354 1
354 2176 1
4346 7600 1
7600 2463 1
2463 3199 1
3199 6674 1
2204 1225 1
3332 3373 1
3373 2003 1
2003 364 1
2280 3414 1
1580 2046 1
6775 4016 1
4016 6730 1
718 309 1
309 621 1
3647 4865 1
1313 1054 1
1054 6584 1
1298 2555 1
5455 1028 1
851 2638 1
352 851 1
851 1225 1
1506 3387 1
1337 6137 1
6137 6461 1
6461 7449 1
3671 852 1
852 6068 1
1402 3861 1
3861 1402 1
1402 407 1
407 7449 1
5295 7284 1
7284 6064 1
6064 5823 1
5823 1981 1
3199 4833 1
4833 6817 1
711 4833 1
4833 6775 1
6775 3414 2
2879 5746 2
5746 1800 1
1416 2176 2
5838 2879 1
2879 6088 1
6088 4618 1
4618 2052 1
2052 2046 1
2046 3425 1
3425 3671 1
3671 7005 1
3199 3926 1
3926 6728 1
1243 3544 2
3544 5177 2
5177 1337 2
1337 2099 1
5759 4887 1
5746 852 1
852 3671 1
4895 2910 1
352 1800 2
1090 1246 1
5468 772 1
6641 3294 1
3294 6725 1
7447 6266 1
6266 3186 1
3186 4656 1
4656 5822 1
5822 2176 1
6087 1 1
518 1364 1
1364 5967 1
5967 326 1
326 5822 1
5822 6817 1
6929 4971 1
1600 6797 1
6797 1225 1
6731 1087 1
518 3380 1
6483 1294 1
6344 6837 1
2169 7398 1
7398 4287 1
4287 7607 1
1151 1294 1
2910 5776 1
5776 7302 1
7302 4608 1
4608 1090 1
1090 2312 1
5007 7607 1
363 3377 1
3377 3335 1
3335 3414 1
7607 4880 1
2030 6556 2
6556 1246 1
3394 6556 1
6556 6815 1
6815 1087 1
2910 3419 2
4182 6775 1
6775 1575 1
363 5332 1
5332 4895 1
6269 126 1
126 6725 1
7607 4922 1
4922 352 1
352 678 1
1087 7631 1
7631 3301 1
3301 4346 1
2955 1639 1
1639 2389 1
2389 373 1
373 6457 1
6457 5739 1
5739 2590 1
2590 3789 1
3789 4182 1
4182 3671 1
3671 4766 1
352 7129 1
7129 2030 1
5832 3936 1
5422 3171 1
3171 6872 1
6872 7397 1
7397 1033 1
1033 3897 1
2030 6463 3
6463 6815 2
6815 3394 1
3394 7607 2
4244 3194 1
3194 5701 1
5701 772 1
772 1874 1
1874 2910 1
1186 1818 1
1818 364 1
5130 2030 2
963 3194 1
3194 2546 1
2546 1080 1
2030 5131 1
2169 5450 1
5450 2910 2
2910 6923 1
6923 772 1
772 2637 1
2637 7245 1
2932 5443 1
5443 402 1
402 6007 1
6007 3361 1
302 6775 1
6690 3178 1
3178 2176 1
5468 5332 1
5332 2473 1
2910 4287 1
4287 4389 1
4389 4346 1
2382 3373 1
1774 364 1
7259 3798 1
3798 4828 1
7447 3598 1
3598 1337 1
1337 5910 1
5910 4875 1
352 5101 1
5101 3671 1
2473 7449 1
7449 6937 1
6937 3798 1
3798 6641 1
2910 5822 1
5822 6068 1
3394 7470 1
1368 4613 2
4613 2030 1
2910 7132 1
2910 4552 1
622 1 1
1 769 2
769 363 1
5959 3040 1
6286 7598 1
5450 3199 1
2932 6817 2
5450 2932 2
6817 656 1
656 1090 1
1090 3671 1
3671 499 1
728 4142 1
4142 2387 1
2387 2030 2
3671 5552 1
5552 4826 2
1033 2046 1
851 1575 1
6725 851 1
6728 6901 1
352 6495 1
6495 1090 1
1090 6080 1
6796 2030 1
6379 2030 1
467 352 1
1364 2386 1
2386 353 1
353 6901 1
1301 4244 1
4244 3320 1
2811 4521 1
4521 6186 1
6186 7367 1
7367 2030 1
6641 3159 1
3159 5802 1
352 5226 1
5226 1090 1
1090 1639 1
1639 1090 1
4562 3387 1
5154 372 1
372 1511 2
1511 2910 1
2996 6382 1
2879 6792 1
711 2021 1
2021 1575 1
6641 4708 1
4708 1579 1
5047 3831 1
3831 3241 1
3241 7449 1
7449 1243 1
1243 5802 1
5802 1732 1
1732 5602 1
2030 5061 1
2169 3394 1
3394 7447 1
1600 364 2
6160 2910 1
5978 3547 1
3547 7598 1
3199 7421 1
7300 6641 2
6403 2910 1
3671 926 1
926 1885 1
1885 1 1
7598 6068 1
3394 678 1
4663 1087 1
6872 1097 1
1097 5451 1
5451 772 2
772 7297 3
7297 6775 2
7607 1885 1
1885 7598 1
1298 7421 1
7421 3675 1
3675 6655 1
6655 2099 1
2099 3350 1
3350 1 1
6655 7421 1
7421 7447 1
3332 2339 1
2339 7607 2
7299 7026 1
3233 2099 3
2099 44 1
2099 7183 1
7183 2046 1
2046 661 1
7537 6725 1
6462 5030 1
5030 2176 1
5959 2638 1
352 5959 2
7299 5517 4
5517 7598 1
2099 7607 3
5517 7600 2
7600 44 2
7600 7183 2
7183 2030 2
1575 1885 1
1885 6979 1
6979 467 1
467 6725 1
6725 1885 1
1885 7607 1
363 852 1
852 7598 1
2099 7600 2
7607 1465 1
1465 2500 1
2500 3199 1
7598 4466 1
4466 2008 1
2008 2555 1
6160 2176 1
326 1577 1
1577 3703 1
3703 2030 1
2030 1885 1
6744 1294 1
363 3703 1
3703 7607 1
352 6205 1
6205 6145 1
5802 2176 1
2176 3123 1
3123 4895 1
4895 4828 1
7447 4897 1
4897 718 1
718 4896 1
4896 1 1
1 3309 1
3309 718 1
718 3308 1
3308 2030 1
3349 7390 1
7390 4794 1
4794 3308 1
3308 1575 1
3199 3211 1
6125 4794 1
4794 6872 1
2030 1454 1
1454 926 1
926 1337 1
1337 1885 1
3199 5142 1
5142 4828 1
2009 1298 2
1298 1243 1
3394 604 1
2588 3671 1
6253 3394 1
3394 3387 1
7607 5341 1
5341 3671 1
5929 3671 1
3671 3942 1
3942 3671 1
1087 1243 1
6316 4734 1
4734 6430 1
6430 6461 1
6461 2119 1
2119 2030 1
3026 2276 1
6462 5451 1
5451 3199 1
6645 5031 1
5031 467 1
467 3087 1
3087 5091 1
5091 3414 1
6728 2030 1
516 2660 1
5093 5822 1
2030 2387 1
2030 652 1
652 6641 1
7447 5420 1
5420 6487 1
6487 4576 1
4576 2910 1
2910 5293 1
5293 4621 1
4621 6495 1
6495 6080 1
7255 6025 1
6025 3387 1
1907 6901 1
6995 4619 1
4619 4739 1
4739 7622 1
7622 6641 1
7393 4851 1
4851 5046 1
5967 2953 1
2953 7607 1
6775 2046 2
6025 5422 1
3671 265 1
265 5802 1
5802 4346 1
6448 3380 1
980 2176 1
4807 7447 1
1294 3342 1
3380 5032 1
5032 2879 1
4895 4413 1
1 5959 1
7598 1186 1
1186 3671 1
5959 2932 1
1301 6775 1
6775 6463 1
6463 1425 1
1425 3669 1
2648 2030 11
2030 2753 2
4448 7449 1
3320 4157 1
4157 1364 1
1579 7516 1
7516 5843 1
5908 1 1
7607 4280 1
4280 604 1
604 7259 1
3233 844 1
4521 4939 1
4939 6160 1
6815 3669 2
6660 6775 1
7598 2705 1
6937 6660 1
6660 2431 1
808 1337 1
3673 7077 1
364 2446 1
2446 2030 1
2030 6327 1
6788 4346 1
4346 3643 2
6207 5139 1
5139 3673 1
3673 3505 1
5399 3673 1
7284 6641 1
6775 7126 1
7126 4826 1
6690 2996 2
2996 3440 1
2176 1452 1
1452 7600 1
482 1337 1
1337 4076 1
4076 7406 1
7406 4389 3
4389 1087 1
2910 2382 1
2382 3671 1
3671 2387 1
2387 3671 1
6744 6001 1
6001 4766 1
2030 5187 2
3373 3905 1
3905 2030 1
6169 5177 1
5177 6645 2
6645 1513 1
1513 2914 1
2914 1 1
4331 3671 1
7447 2082 1
2082 1246 1
6815 6403 1
7447 4521 1
1579 3257 1
3257 5733 1
5733 2932 1
3771 6044 1
6375 2910 1
2996 6928 1
6928 1337 1
476 364 1
364 3183 1
3183 3602 1
3602 2910 1
2030 1924 2
5967 3600 1
2046 5908 1
2030 4760 1
4760 4346 1
1337 7311 1
7311 6641 1
2910 315 1
315 5908 1
3643 3387 1
5093 3733 1
3733 585 1
585 2276 1
2030 5078 1
4592 7365 1
7365 1298 1
2910 5262 1
5262 4346 1
3136 5908 1
1727 3672 1
2030 4790 1
4790 3279 1
2982 1337 1
3136 7447 1
1971 518 1
4826 3776 1
3776 3199 1
6428 5487 1
5464 7447 1
3022 2910 1
2910 1106 1
1579 769 1
769 2571 1
2571 2108 1
2108 2192 2
5300 2910 1
2910 5086 1
5086 6131 1
6131 2024 1
2024 7449 1
1600 4129 1
4129 7348 1
6987 3199 1
6775 3547 1
3194 4212 1
2839 364 1
364 6160 1
6160 6797 1
6797 364 1
2811 2069 1
2069 2030 1
176 4828 1
2910 3310 1
3310 4649 1
124 6728 1
772 7108 1
268 5177 1
5177 6461 1
6461 711 1
4826 6775 2
6775 1702 1
1702 2546 1
2546 769 1
769 644 1
1337 5657 1
5838 5153 1
1301 4646 1
4646 564 1
1 6900 4
5841 5153 1
5153 4321 1
4321 6978 1
6978 2616 1
2030 6623 1
6623 2616 1
6641 1378 1
1378 7447 1
2996 6775 1
7137 2910 3
5115 6872 1
6872 2319 1
482 7406 3
5851 2042 1
2042 2914 1
6744 756 1
756 3387 1
3503 2932 2
7607 577 1
577 2030 3
5226 3671 1
6641 465 1
5967 2312 1
2312 7452 1
7452 5736 1
5047 6638 1
6638 4139 1
4139 3671 1
3671 4190 1
4190 5832 1
5832 456 1
1492 2494 1
2494 482 1
7406 3427 1
3427 3233 1
2431 3404 1
3404 3671 1
3671 1559 1
3199 6974 1
6974 2030 1
3199 5576 1
5576 4190 1
4190 4971 1
4971 3427 1
3427 1 2
7447 2759 1
2759 482 1
2910 4596 1
4596 364 1
2234 1550 1
1550 2535 1
1419 3673 1
861 1 1
6962 6725 1
6725 3265 1
3265 482 1
2169 6706 1
6706 6899 1
6899 7201 1
7201 2099 1
2099 4596 1
4596 3672 1
2234 7201 1
7201 2030 1
3671 2192 2
363 482 1
2176 465 1
1365 2477 1
2477 2932 1
772 6648 1
6648 6775 1
1337 4875 1
4875 3356 1
3026 6215 1
3387 6271 1
2910 155 1
155 7390 1
7390 6725 1
6725 2009 1
6402 2030 1
2176 415 1
415 6775 1
6775 6901 2
363 4739 3
4739 1814 1
1814 6630 1
2030 6835 1
6835 2046 1
2046 2524 1
2524 4862 1
4862 6641 1
5175 5199 2
711 4826 1
2910 874 2
4389 2030 3
1428 6370 1
6370 1 1
1 5802 1
2910 820 1
820 6641 1
6141 3673 1
2512 1200 1
1200 6901 1
6745 3151 1
3151 363 1
5851 1803 1
1803 4935 1
4935 1639 1
5851 5589 1
5589 2030 1
1579 6044 1
6744 2009 1
1298 467 1
2030 1671 1
1671 352 1
3194 5715 1
5715 3742 1
3742 1337 2
275 363 1
363 3413 1
3413 363 1
7006 2312 1
7600 5007 1
5007 3671 1
6645 2720 2
2720 7598 1
2839 5691 1
5691 1090 1
1090 2932 1
2932 657 1
657 7447 1
7600 6436 1
6436 4252 1
4252 772 1
772 5723 1
5723 2030 1
2510 5073 1
5073 2169 1
6462 2006 1
2006 7167 1
2169 7554 1
6655 5580 1
5580 2753 1
4448 2932 1
2932 4472 1
4472 2538 1
6775 6413 1
2234 564 1
5832 3669 1
2648 4826 1
7607 3809 1
3809 577 1
577 3427 1
6775 364 2
711 766 1
766 2538 1
2538 4448 1
4448 364 1
2599 2431 1
364 2817 3
2817 1337 2
4753 564 1
5832 3428 1
3428 7449 1
7598 6289 1
6289 2030 1
6289 1777 1
1777 2312 1
1337 7299 1
7299 3855 1
3855 2538 1
2538 6725 1
6725 7470 1
3199 3466 1
3466 5967 1
5967 772 1
772 2022 1
2022 6641 2
6289 2176 1
6775 7598 1
5313 2205 1
2205 2099 1
2616 478 1
478 4676 1
7268 3387 1
6995 3380 2
3199 2536 1
2536 4949 1
3199 6724 1
6724 5468 1
5468 6821 1
6821 532 1
532 2030 1
6655 6507 1
364 4615 1
4615 404 1
404 2086 1
2086 2473 3
936 1246 1
772 4973 1
4973 4521 1
6462 3603 1
7259 5379 1
5379 3228 1
3228 363 1
363 4882 1
4882 7445 1
2910 1660 1
1660 1817 1
1256 5130 1
5130 3233 1
3233 3426 1
3426 6744 1
1678 408 1
2030 4239 1
4239 2932 1
4559 6430 1
6430 6241 1
3186 6499 1
6499 6141 1
6141 4971 1
4971 6189 1
6189 6775 1
6775 5626 1
5626 1256 1
315 2538 1
2538 2927 1
2927 5086 1
5086 1364 1
6241 2272 1
2272 1639 1
5844 364 1
1246 6607 3
6607 936 1
3671 1897 1
1897 2030 1
1492 1256 1
1256 6730 1
6462 3495 1
3495 3233 1
3233 2572 1
2572 2030 2
2030 7040 1
7040 3671 1
6409 3199 1
3199 4998 1
4998 2616 1
3723 7452 1
7452 6775 1
6775 4413 1
4413 1781 1
1781 1057 1
1087 2733 1
6021 795 1
3387 4631 1
4631 7607 1
2780 2339 1
520 2798 1
2798 6241 1
6241 2099 1
2099 7477 1
7477 2099 1
7447 2733 1
6021 7607 1
7455 3673 2
3673 7455 1
3673 6625 1
6625 3673 1
772 5249 1
5258 7299 1
7449 7302 1
7302 3600 1
3600 408 1
408 5566 1
5566 4680 1
5802 6744 1
3600 5566 1
5566 678 1
5300 1 1
1 275 2
3673 3763 1
4539 4900 1
4900 6142 1
3414 4760 1
4760 678 1
3673 7611 1
6626 2176 1
711 1681 1
1681 112 1
3233 4828 1
1101 678 1
6872 2133 1
2133 3673 1
3673 633 2
633 4191 1
4191 7447 1
5959 245 1
2842 2733 1
6021 2176 1
7607 6381 1
6381 3673 1
633 4190 1
4190 7607 1
3370 5177 1
5047 5844 1
5844 3671 1
7598 1106 1
1106 5959 1
7336 6123 1
6123 381 1
381 3393 1
3393 2555 1
5959 6744 1
6744 5460 1
5460 6872 1
6872 4828 1
2910 2681 1
2910 112 1
3970 3778 1
3778 2312 1
363 5153 1
5153 6626 1
6626 6872 1
6872 3812 1
3812 7447 1
3356 2286 1
2286 364 1
2817 1233 1
1233 518 1
4347 7447 1
7447 641 1
641 7452 1
7452 1774 1
6205 2312 2
363 885 1
885 1559 1
1559 2046 1
2817 1 1
6725 7452 1
7452 2879 1
6163 3358 1
3358 7447 1
1 1053 1
1053 3199 1
6822 1748 1
1748 482 1
482 6822 1
3673 2733 1
6021 1225 2
4001 3199 1
5061 3356 1
6482 6875 1
6875 2798 1
363 7033 1
7033 2910 1
2169 2904 1
2904 2546 1
1264 1028 1
1028 373 1
373 6461 1
6461 5853 1
2030 6849 1
2030 202 1
2030 3230 1
3230 1616 1
4799 2030 1
4416 7267 1
7267 4734 1
4734 6655 1
6461 1608 1
1608 6634 1
6634 2030 3
2030 2318 1
2318 1905 1
1905 364 1
3282 1538 1
1538 7449 1
7449 4173 1
4173 364 1
3282 4190 1
4190 1899 1
1899 4753 1
4753 5832 1
4336 7026 1
6655 4590 1
4590 6634 2
6634 2897 2
3896 1682 1
1682 4244 1
1443 3136 1
3136 1246 1
1246 2474 1
2474 1027 2
3673 5021 1
5021 7006 1
7006 7449 1
7449 3179 1
3179 5929 1
5929 1588 1
6471 6683 1
6683 3600 1
2910 1890 1
2234 541 1
6547 7201 1
7201 6900 1
1492 1905 1
1905 1639 1
1639 2596 1
2596 2932 1
2932 7540 1
7540 1551 1
5838 2588 1
2932 4195 1
4195 6486 1
6486 4828 1
2176 5715 1
5715 1087 1
7447 4011 1
2719 4520 1
4520 5970 1
1425 112 1
3233 4826 1
6775 6579 1
6579 3669 1
2648 364 2
2234 2535 1
2535 1551 1
5838 1 1
5841 1579 1
7447 5047 1
3279 4418 2
3672 5046 1
467 5507 1
5507 2453 1
2030 6002 1
6002 2030 2
2030 1572 1
1572 5306 1
5306 2845 1
2845 4826 1
5802 5533 1
5533 2433 1
2433 1 1
1492 7583 1
7583 3114 1
3114 4244 1
4244 2639 2
2639 6775 1
5715 2510 1
2510 4361 1
4361 4346 1
2125 768 1
768 1028 1
6744 606 1
606 2030 2
4670 2517 1
2517 1275 1
1275 6672 1
6672 779 1
779 5791 1
5791 6901 1
6004 7016 1
364 2695 1
364 4174 1
4174 2030 1
1579 2519 1
2519 1 1
7598 2398 1
2398 7268 1
7268 1884 1
1884 364 1
1443 755 1
755 5832 1
5832 2254 1
2254 2030 1
2030 5264 1
5264 7406 1
1057 3600 1
2046 2713 1
2713 2030 1
467 6090 1
6090 2176 1
2176 7403 1
7403 2932 1
2030 2149 1
2149 2046 1
5967 643 1
643 430 1
590 2289 1
2289 2030 1
6745 518 1
518 6462 1
6901 7161 1
7600 6577 1
6577 5227 1
5227 5832 1
2811 2099 1
1302 3199 2
4595 3387 1
6234 5046 1
5313 3293 1
6641 3573 1
3573 1 1
5838 6775 1
1087 1288 1
1288 7598 1
6240 3672 1
7447 4828 1
6872 2990 1
2990 6744 1
3600 1225 1
795 3671 1
6744 4760 1
6872 3672 1
6240 2030 1
2009 7297 1
5929 2531 1
2531 4009 1
4009 4828 1
3672 792 1
792 541 1
2932 455 2
455 7607 1
5844 3672 1
6655 520 1
3672 5281 1
5281 678 2
6042 2030 1
6872 5047 2
5047 3404 1
3404 2453 1
2453 7221 1
7221 7247 1
7247 4521 1
3199 6249 1
6249 6609 1
6609 6872 1
6872 3392 1
3392 5791 1
363 6809 1
6809 1639 1
1639 1246 1
1090 5379 1
5379 6025 1
6025 3345 1
3345 7534 1
7534 2932 1
6872 5791 1
3368 364 1
516 4707 1
4707 352 1
6872 2173 1
2173 3172 1
3172 7302 1
6081 3673 1
3673 167 1
167 364 1
364 6671 1
6671 1090 1
1090 7607 1
2009 5841 2
5841 2030 6
2176 2879 2
6990 2950 1
2950 3199 1
467 538 1
538 2842 1
2842 4828 1
1057 3199 1
2103 2479 1
3600 5790 1
5790 5832 1
5967 1225 1
538 2339 1
6702 5838 1
5838 2949 1
2949 4814 1
4814 352 1
5281 3199 1
6744 5790 1
5790 5281 1
5281 2030 1
2030 2648 4
2648 1225 1
363 1321 1
6744 1284 2
1284 2879 1
363 6680 1
6680 6556 1
6556 5790 1
5790 3387 1
3387 6680 1
6680 2949 1
298 2648 1
7607 6931 1
6931 1 1
1579 5281 1
5281 5841 1
5841 7516 1
7516 5908 1
5908 5281 1
7447 5908 1
5908 2879 1
2879 6463 1
6463 2500 1
2500 2030 9
1579 6974 1
3199 7068 1
7068 467 1
1416 6872 1
772 6245 1
6245 1905 1
1905 3673 1
3673 3400 1
3400 2030 2
2879 6249 1
363 7063 1
7063 6725 1
6725 6368 1
352 6901 3
1097 5838 1
5838 6872 1
3370 352 1
3387 2649 1
2649 3275 1
3275 5878 1
5878 2932 1
2932 2500 1
2500 7598 2
7598 7628 2
7628 3414 1
3414 5841 1
7607 539 1
539 2030 1
2030 5040 1
5040 7598 1
3199 4499 1
4499 3387 1
1680 1600 1
7607 3310 3
3310 1905 1
1905 772 1
772 3400 1
3400 1225 1
6382 364 1
364 2443 1
2443 6160 1
6160 5959 1
5959 2169 1
2169 327 1
327 1090 1
1090 2739 1
2739 7205 1
7205 7581 1
7581 3114 1
3114 2030 1
2030 1278 1
1278 2864 1
2864 3833 1
3833 2569 1
2569 3789 1
3789 5863 1
5863 2030 1
3369 2176 1
2811 788 1
788 3234 1
1087 2821 1
2821 6901 1
2910 5325 1
5325 5281 2
5281 5325 1
5281 6744 1
7598 3245 1
3245 7607 1
7607 5970 1
5970 1905 1
1905 7600 1
7600 1538 1
1538 1087 1
1087 1551 1
5838 5832 1
5832 539 1
539 518 1
518 1906 1
1906 5844 1
5844 7447 1
4807 2500 1
2500 7146 1
7146 5325 1
5325 2517 1
3672 1325 1
1325 2617 1
2617 1569 1
1569 3199 2
2009 2821 1
2821 5841 1
5841 3672 1
3672 541 1
541 792 1
792 2932 1
2932 158 1
455 2030 3
678 5281 1
5281 3672 1
6655 275 1
3332 524 1
524 5153 1
5153 2369 1
2369 5898 1
5898 364 1
1622 3370 1
519 3380 1
4416 5791 1
2030 5325 2
7516 5884 1
5884 2821 1
2821 788 1
788 2852 1
2852 2900 1
2900 5281 1
5281 2753 1
4448 6917 1
6917 3921 1
3921 5683 1
5683 2099 1
7607 5399 1
6872 2244 1
2244 3414 1
3414 3672 3
5379 2275 1
2275 7607 1
6462 3180 1
3180 2176 1
352 7047 1
7047 2863 1
7607 4467 1
4467 3275 1
2616 7041 1
2600 4553 1
4553 3300 1
3300 3199 1
3199 7154 1
7154 3672 1
5226 348 1
348 1 1
3766 6023 1
404 1551 1
5838 712 1
5832 1069 1
518 976 1
976 7600 1
7600 2648 1
2648 2046 1
2234 6900 1
5841 3771 1
3771 5832 1
5832 5530 1
7607 6725 1
1935 3981 1
364 2045 1
2045 2099 1
1579 1029 1
1029 3387 1
3000 4828 1
1506 2010 1
2010 3672 1
7447 1378 1
482 6655 1
4679 7607 1
7607 4900 1
5841 1087 1
352 2053 1
2053 2109 1
3310 6044 1
352 4073 1
7607 1923 1
1923 2842 1
2842 6677 1
6677 2046 1
2046 1327 1
1327 40 1
40 1052 1
1052 5989 1
5989 2030 1
2949 3348 1
3348 4597 1
2234 2648 1
2648 565 1
565 195 1
2370 7598 1
6641 4828 1
7447 195 1
195 364 1
2234 3332 1
1575 195 1
195 6655 1
3672 7442 1
7442 7607 1
3199 4597 1
363 3487 1
4597 195 1
6486 1 1
516 2648 1
3431 1141 1
1141 3763 1
4539 3414 1
6917 772 1
7607 4553 1
352 7116 1
7116 1575 1
1233 6044 1
7447 736 1
7607 4761 2
4761 352 1
2030 729 2
729 363 1
1233 2931 1
2931 2312 1
7406 1145 1
1145 6449 1
6449 516 1
2030 1027 1
1027 893 1
893 2932 1
5313 4412 1
2932 2206 1
2206 2030 1
851 6775 1
742 5177 1
5177 2648 1
6483 275 1
275 4801 1
4801 482 1
7406 3671 1
3275 4598 2
4598 2030 1
6160 5832 1
5832 2648 4
2648 3671 1
2910 3634 1
3634 273 1
7114 5844 1
2910 1907 1
1907 3634 1
3634 3671 1
3671 7114 1
7114 5177 1
363 1905 1
1905 3671 1
3671 2501 1
2501 3400 2
3400 3673 1
4739 2546 1
2546 576 1
2910 4832 1
1907 5959 1
5959 1298 1
1298 5358 1
6330 6866 1
2932 2606 1
2606 7479 1
2030 4840 2
6414 2030 1
678 5046 1
5046 6449 1
6449 5832 1
5832 7001 1
7001 769 1
769 1374 2
1374 364 2
6645 5654 1
518 6781 2
6781 2125 1
2125 793 1
2489 6141 1
6141 2676 1
2676 6375 1
6375 2169 1
2169 3600 1
3600 1538 1
1538 1 1
4826 2169 1
1492 4521 1
3199 3488 1
3488 772 1
772 4826 1
4788 2811 1
5443 3944 1
3944 4818 1
4818 5842 1
5842 5832 1
5929 5908 1
4826 2752 2
2752 2176 1
6313 4278 1
4278 2169 1
2169 2606 1
6044 7302 2
7302 6919 3
2879 742 1
742 2312 1
5959 6690 1
352 1406 1
1406 3672 1
7607 290 1
290 1639 1
2500 3414 1
1225 2554 1
2554 6483 1
6462 4410 1
2606 276 1
276 5967 1
4346 3403 1
7016 1368 1
7447 6119 1
6119 363 1
6449 1225 1
1225 6645 1
6690 6775 1
3970 176 1
176 2176 1
2648 3387 1
7447 3559 1
3559 2996 1
2996 3672 1
3672 1455 1
1455 2030 1
2312 5032 1
4212 6725 1
2996 6690 1
6690 1294 1
1294 6728 1
6462 845 1
845 6901 1
6901 2395 1
2395 5832 1
2648 4521 1
4423 6900 1
6775 6462 1
6462 6605 1
6605 2648 1
2030 3844 1
3844 3673 1
7607 3255 2
3255 1836 1
1836 3600 1
3600 2169 1
364 5803 1
5841 1966 1
1966 722 1
722 6744 1
1284 2648 1
2648 3672 1
1087 2043 1
2043 4513 1
4513 2030 1
7297 2009 1
5844 6352 1
6352 3387 1
5468 4144 1
4144 6897 1
6897 2030 1
7607 980 1
980 467 1
1284 3672 1
4814 769 1
769 6698 1
6698 3387 1
2370 5093 1
5093 4144 1
4144 769 1
769 5959 1
5851 2300 1
245 3673 1
1288 467 1
1284 1087 1
3673 3270 1
3270 4143 1
4143 6234 1
3255 4597 1
4597 6775 1
2431 516 1
2382 6605 1
6605 3672 1
2030 2216 2
2216 7241 1
7241 6872 1
6872 6690 1
3673 1321 1
1321 6901 1
6428 2030 1
2030 5518 1
5518 518 1
3332 6897 1
6897 4645 1
4645 1966 1
3332 1321 1
1321 678 1
678 1511 1
1511 5489 1
3673 6605 1
6605 1225 1
3387 3414 1
7607 6352 1
6352 1579 1
7607 6556 1
6556 3600 1
851 1284 1
1284 2176 1
5468 3414 1
3672 5709 1
2783 5379 1
467 6852 1
6852 3789 1
3789 194 1
194 3387 1
3672 6605 1
6605 2030 1
6605 4553 1
4553 6641 1
3199 3619 1
3619 7447 1
7447 6162 1
6162 2030 1
2030 2394 1
2394 6605 1
6605 1639 1
1639 2648 1
6641 6815 1
851 440 1
440 1 1
1 6815 1
5468 851 1
851 3214 1
3214 6728 1
6592 2394 1
2394 2030 1
2030 7489 1
2030 1812 1
1812 2438 1
2438 364 1
364 2583 1
2910 6917 1
6234 6580 1
3672 1368 1
1368 3442 1
3442 6725 1
2910 7538 1
6418 6641 1
7447 2637 1
2637 2648 1
2648 1456 1
1456 2910 1
2910 6579 1
6579 3672 1
2234 3672 1
3672 7201 1
7201 364 1
3672 1227 1
2910 5048 1
5048 3933 1
1337 4618 1
3672 7425 1
7425 564 1
5832 2474 1
1027 364 1
1600 1301 1
3199 2021 1
2021 6838 1
6838 4828 1
3672 7302 1
6207 1246 1
4447 4896 1
4896 6352 1
6352 2648 1
7447 6352 1
6352 3673 1
3673 4896 1
4896 772 1
5455 5844 1
6605 1301 1
6815 1368 1
1368 3620 1
3620 1 1
4826 2950 1
2950 3839 1
5027 6919 1
6919 769 1
2510 1934 1
1934 7449 1
5468 4143 1
3673 3411 1
2910 4286 1
4286 5325 1
5325 3505 1
6463 3600 1
3672 2362 1
2362 2030 1
1301 1246 1
1246 6725 1
6725 2286 1
2286 3672 2
3672 3505 1
3505 6725 1
6725 647 1
647 6234 1
3040 6900 2
5841 6995 2
3672 5325 1
5455 2030 1
6792 2932 1
7598 4755 1
4755 6025 1
275 4144 1
4144 3673 1
3673 7302 2
6428 4631 1
4631 6641 1
5832 5791 1
5832 5325 1
5908 6901 2
7034 4971 1
4971 4651 1
4651 6680 1
6680 2030 1
2030 2500 3
2030 5409 1
5409 6607 1
6607 1 1
7447 3155 1
3155 4448 1
4448 6725 1
363 3209 1
3209 2030 1
772 1419 1
363 4659 1
4659 7126 1
5832 4190 1
4190 363 1
363 1703 1
1703 6901 1
2369 612 1
612 5832 1
7598 4190 1
4190 2910 1
2910 1655 1
1655 1235 1
6655 6462 1
3671 4173 1
4173 2030 1
3040 2910 1
6962 3671 1
3671 6351 1
6351 2030 1
1233 1389 1
1389 5071 1
5071 3387 1
2910 2087 1
2087 6815 1
6815 4590 1
2897 5602 1
7393 6901 1
2910 7452 1
7452 851 1
2910 3449 1
3449 364 1
2910 4308 1
4308 1532 1
1532 4828 1
4663 2910 1
363 3419 1
3419 6744 1
6744 2398 1
2398 1 1
3199 6958 1
6958 4427 1
4427 3672 1
6125 3672 1
772 5194 1
5194 580 1
580 364 1
2369 2910 1
2370 5032 1
2176 4896 1
4896 5959 1
5959 2996 1
363 1807 1
1807 1820 1
1820 2030 1
2030 2606 1
2606 364 2
4190 2932 1
6127 3410 3
2910 7108 1
7108 564 1
1337 5563 1
5563 5325 1
5325 2932 1
2932 7003 1
7003 4602 1
4602 2030 1
5934 3673 1
2030 1712 1
1712 1368 1
5651 6901 1
363 7461 1
7461 455 1
455 2932 1
7302 7390 1
7390 4286 1
4286 2910 1
326 6901 1
7016 1284 1
1284 2782 1
2782 7449 1
3672 2059 1
2059 1 1
1 7167 1
2910 3868 1
3868 3672 1
4190 407 1
2046 7339 1
7339 5325 1
5325 6641 1
7447 455 1
455 7255 1
1364 6328 1
6328 4190 1
4190 1575 1
2910 6495 1
6495 4655 1
4655 2030 1
1579 3774 1
352 1454 1
1454 1364 1
1364 6581 1
6581 2099 1
2099 6333 1
6333 2099 1
2099 7447 1
6946 2839 1
5024 7339 1
7339 3442 1
3442 3387 1
3418 2910 1
2932 4190 1
7447 3766 1
2910 808 1
808 2910 1
3199 4173 1
4173 4190 1
4190 364 2
364 7066 1
7066 6634 1
6634 4828 1
7447 5096 1
5096 2879 1
2879 5632 1
5632 3387 1
6901 1551 2
7297 2753 1
2753 6634 2
6634 2431 1
3970 1446 1
1446 4828 1
5084 564 1
1363 1310 1
1310 5811 1
5811 3600 1
3671 4925 1
4925 2431 1
2431 4990 1
2046 36 1
36 5832 1
5832 533 1
533 1676 1
1676 2932 1
2932 2923 1
2923 2099 1
2099 2196 1
2196 2046 1
6775 6455 1
6455 4026 1
3671 7310 1
7310 2932 1
7404 564 1
1492 6461 1
6461 1132 1
1132 2030 1
2431 7343 1
7343 3199 1
2066 3673 2
3673 7341 1
7341 3673 1
363 1188 1
1188 7341 1
7341 1 1
3673 4663 1
4663 363 1
363 5724 1
5724 2030 1
3671 5981 1
3868 2169 1
3671 3749 1
3749 2932 1
2932 4057 1
4057 4190 1
4190 4828 1
2176 517 1
517 1907 1
1907 2932 1
4755 3671 2
3671 673 1
673 2910 1
2030 3988 1
3988 3671 1
3671 2078 1
2078 6704 1
6704 2030 2
2932 6950 1
6950 2030 1
2030 1700 1
1700 6847 1
6847 455 1
2030 4551 1
4551 2475 1
2475 2046 1
2046 6704 1
3717 2505 1
4597 5894 1
5894 1137 1
1137 6949 1
6949 2030 1
5844 6507 1
6507 3789 1
7245 215 1
215 1363 1
1363 5811 1
5811 6641 1
6978 2030 1
7406 5436 1
5436 2811 2
879 6645 1
6645 4190 1
4190 7447 1
7447 2688 1
2688 363 1
6205 3387 1
2431 6462 1
1577 4655 1
352 286 1
286 2026 1
2026 4828 1
7447 456 1
2606 1685 1
1685 352 1
3199 5469 1
5469 1225 1
2030 5721 1
5721 364 1
364 1620 2
1620 2907 1
2907 352 1
1368 779 1
779 5170 1
5170 3426 1
3426 3199 1
2910 2286 1
2286 1748 1
1748 4190 1
2910 4597 1
1367 2817 1
2817 4346 1
4346 1559 1
1559 6815 1
6660 6641 1
772 4618 1
364 2145 1
2145 2030 1
6744 3774 1
3671 509 1
509 4190 1
6413 456 1
2740 2030 3
2030 3179 1
3179 2180 1
2180 2001 1
2932 3669 1
363 3937 1
3937 6839 1
6839 1294 1
1294 7600 1
7600 4157 1
4157 6725 1
5832 4182 1
4182 1 1
1337 6933 1
6933 7447 1
7447 3001 1
3001 363 1
6841 467 1
2431 7006 1
7006 1419 1
1419 3179 1
3179 2932 3
6471 3387 1
363 3672 2
3672 2103 1
2103 6775 1
7447 2103 1
2103 3001 1
3001 3559 1
3559 3199 1
353 6160 1
6160 7449 1
4969 3199 1
3763 3179 1
6471 3001 1
5929 1039 1
1039 516 1
516 2587 1
2587 1333 1
1333 1163 1
1163 1087 1
516 1336 1
1336 1232 1
1232 516 1
516 6449 1
6449 3402 1
3402 4760 1
1033 1233 1
3970 7276 1
7276 7447 1
1294 3275 1
3275 6995 1
6995 3488 1
3488 7598 1
1337 3561 1
3561 5959 1
5959 3001 1
2030 1040 1
1040 7578 1
7578 5832 1
4891 772 1
772 2006 1
2006 7006 1
7006 1294 1
3387 2734 1
2734 6775 1
3332 4891 1
4891 6901 1
3332 2479 1
6461 5791 1
1419 465 1
465 2932 1
3672 1365 1
1365 1225 1
4663 1337 1
1337 1040 1
1040 4891 2
4891 7598 1
5455 1337 1
1337 4900 1
4900 2312 1
2312 1087 1
3332 1040 1
4891 407 1
2030 1039 1
1039 3332 1
363 1039 1
1039 5602 1
7121 851 1
851 3921 1
3921 4828 1
851 4244 1
467 4895 1
3671 4274 1
4274 363 1
363 149 1
149 2030 1
678 4521 1
1337 3527 1
3527 2171 1
2171 4157 1
4157 3431 1
3431 2277 1
2277 1337 1
1294 5929 1
5929 2046 1
2046 2754 1
2754 1 1
2046 2648 1
2648 6775 1
6775 1866 1
1866 5033 1
5033 1039 1
1039 7406 1
5032 6641 1
2833 7297 1
7297 1040 1
1040 7447 1
7447 5379 2
2431 806 1
806 3387 1
3600 2932 1
1506 3771 1
2932 7578 1
7578 363 1
363 2015 1
2015 4069 1
4069 364 1
4902 3649 1
3649 5396 1
5396 37 1
37 2465 1
2465 364 1
364 5653 1
5653 5832 1
5832 2588 1
2588 6241 1
2176 3538 1
3538 1040 1
1040 7214 1
7214 1 1
3672 2568 1
2568 2028 1
2028 7348 1
7348 364 1
2001 5454 1
5454 5832 1
5832 1980 1
1980 6535 1
6535 364 1
364 7211 1
7211 1052 1
1052 2030 1
6815 3503 1
3503 2622 1
2622 2932 1
2932 2561 1
2561 4572 1
5832 2043 1
2043 4661 1
4661 2932 1
2932 2494 1
2494 2023 1
2023 3195 1
3195 112 1
3233 7412 1
7412 5832 1
7002 7406 1
4227 364 1
364 4069 1
4069 557 2
2030 1263 1
1263 7402 1
7402 7579 1
7579 7598 1
7607 1276 1
1276 7607 1
2303 3671 1
3671 3630 1
3630 6720 1
6720 1578 1
1578 1238 1
1238 363 1
678 152 1
152 1087 1
772 2010 1
2010 2910 2
3264 2982 1
1506 1087 2
1419 772 1
772 5521 1
5521 2176 1
1087 3547 1
3547 7302 1
7302 7452 1
7452 7447 1
6645 5653 2
5653 6872 1
6872 3257 1
3257 2009 1
5653 7607 1
7598 2996 1
7598 1373 1
1373 7447 1
1639 497 1
497 6775 1
4645 6872 1
6645 4069 1
557 3414 1
3672 1419 1
3672 354 1
354 6901 1
467 2009 1
2009 678 1
6645 1575 1
1607 7452 1
7452 3547 1
3547 6641 1
7302 3241 1
3241 5124 1
5455 3048 1
3048 1298 1
5832 1039 1
1039 3671 1
6462 2377 1
2377 4755 1
4755 7374 1
7374 5450 1
5450 2083 1
2083 6085 1
6085 3001 2
3001 6044 1
1337 1419 3
1419 5959 1
6645 3001 1
3001 2176 1
5032 7339 1
2932 337 1
5354 736 1
736 6641 1
6641 1966 1
1966 5570 2
5570 4221 1
4221 6004 1
6004 1966 1
1966 119 1
119 7006 1
7006 4534 1
4534 5898 1
2030 1491 1
364 2897 1
2897 3651 1
3651 5929 1
5929 1120 1
1120 1622 1
1622 1966 1
1966 5477 1
5477 3604 1
3604 6004 1
2030 7126 1
7126 7130 1
7130 1526 1
1526 4754 1
4754 6817 2
1090 3606 1
3606 1746 1
1746 1966 1
1966 125 1
125 1425 1
125 1491 1
1491 4754 2
1090 6888 1
6888 3224 1
3224 4318 1
4318 2007 1
2007 2117 1
2117 4261 1
4261 6616 2
6616 2691 2
7432 4521 1
6775 7442 1
7442 7600 1
7600 3001 2
3001 3671 1
3671 1102 1
1102 1489 1
3199 1825 1
1825 2312 1
2382 6725 1
2879 5736 1
5736 2192 1
2192 2046 1
3673 1337 1
1337 3179 2
6471 3673 1
3040 3671 2
5736 7449 1
3179 772 1
772 1337 1
3671 4655 3
4655 7339 1
1090 7449 1
7449 1027 1
1027 3179 1
3179 6645 1
2546 7218 1
7218 2932 1
4193 329 1
329 3387 1
7447 3065 1
3065 3671 1
3671 329 1
329 2030 1
3671 5047 3
6744 3437 1
3437 3673 1
407 301 1
301 3199 1
4471 364 1
364 6683 2
6683 3199 1
354 300 1
300 6471 2
6471 2910 1
1419 920 1
920 7600 1
3001 2932 2
2932 2204 2
2204 2910 2
2910 5139 1
5139 2204 1
2204 6626 1
7447 2204 1
2204 1579 1
7393 302 1
7447 922 1
922 3001 1
2204 3873 1
6645 7446 1
7446 7015 1
7015 711 1
711 7447 1
3370 3921 1
3921 3199 1
7447 422 1
422 7607 1
1337 4364 1
4364 1298 1
5832 4157 2
4157 7598 1
363 139 1
139 3416 1
3416 6888 1
6888 5450 1
5450 3672 1
3970 2752 1
2752 4364 1
4364 684 1
1227 2842 1
5802 3369 1
3369 607 1
607 1732 1
1732 2030 1
5455 6901 1
980 6728 1
3419 2204 1
2204 1364 1
1364 1039 1
1039 2030 2
2030 6085 1
2204 2839 1
2839 6428 1
6428 1246 1
1246 1955 1
1955 6919 1
2932 2604 2
2604 1577 1
1577 7527 1
7527 275 1
275 6778 1
2910 6463 1
6463 3671 1
2030 920 1
2996 2030 2
3282 1600 1
1600 3164 1
3164 4157 1
4182 6730 1
6730 7598 1
1970 5032 1
5032 1225 1
2030 6778 3
2204 6730 1
363 1969 1
1969 3387 1
2910 4561 1
7447 7091 1
4613 6641 1
2604 3763 1
3763 1337 1
1337 1639 2
516 6778 1
5093 2246 1
2246 3671 1
7415 6839 1
6839 2116 1
2910 7302 1
7302 5570 1
5570 3199 1
4636 3671 1
3671 1663 1
1663 2030 1
3401 5509 1
5509 2910 1
2949 5152 1
5152 3600 1
2910 5602 1
1368 1425 1
2910 1460 1
1460 3671 1
1368 4570 1
4570 2030 1
1600 3192 1
3192 835 1
835 2030 1
364 6253 2
6253 4804 1
4804 2910 1
6408 7447 1
5047 4505 1
2473 6240 1
5832 3396 1
2473 7348 1
7348 3475 1
3475 3672 1
3672 3320 1
5468 621 1
621 7523 1
7406 3194 1
3194 4389 3
4389 3121 1
3121 2030 2
7600 2204 1
2030 4527 1
4527 2176 1
2732 1 2
6775 2356 1
2356 2176 1
2176 2355 1
2355 3671 1
2879 4114 1
4114 2689 1
2689 2716 1
2716 2192 1
6744 520 2
1294 3194 1
4389 363 1
3246 7530 1
7530 7450 1
7450 2879 1
2879 5262 1
5262 3387 1
516 2276 1
6088 5704 1
5704 4389 1
4389 4826 1
6775 3065 1
3065 1027 1
1027 772 1
7600 7218 1
7218 2030 1
7104 1337 1
5450 1027 1
1027 6157 1
6157 3671 2
3671 2024 1
2024 1 1
1 1608 1
1608 267 1
267 2431 1
3136 364 1
5130 6430 1
6430 7267 1
7267 6157 1
3671 2856 1
2856 2030 1
5451 4521 1
3199 1396 1
1396 5908 1
6413 6778 1
2204 4346 1
4346 2740 1
3282 4826 1
2910 4649 1
2990 7348 1
2932 3396 1
6249 5844 1
5844 2163 1
6866 6775 2
6775 742 1
7393 2030 1
1087 1966 1
1577 4040 1
4040 1337 1
6625 6116 1
245 3332 1
3332 2733 1
2733 6775 14
6775 2555 1
2555 2910 3
2910 6872 3
6872 1455 1
1455 1141 1
1141 5832 2
5832 795 2
795 1106 1
3418 7607 1
288 7607 1
7447 1164 1
1998 6775 1
6775 2814 1
2814 4466 1
2839 902 1
902 3672 1
3672 2996 1
2996 902 1
902 7598 1
7628 1225 1
7598 2040 1
2040 4057 1
6330 1028 1
1311 7447 1
7447 1311 1
1311 2733 1
6775 1225 4
1225 1164 1
1998 1225 1
795 1141 1
795 2733 3
1575 1966 1
1966 4889 1
4889 1164 1
7607 5363 1
5363 5379 1
5379 6064 1
6064 300 1
6471 4900 1
4900 1097 1
1097 3672 1
3672 5476 1
5476 7447 1
6872 6088 2
4142 3672 1
3672 288 2
288 6872 1
2879 5112 1
5112 3672 2
3672 5112 2
2584 2171 1
2171 1621 1
1621 213 1
213 1639 1
1639 2687 1
2030 2570 1
2570 2030 1
4466 5163 1
5163 1989 1
1989 7390 1
3671 2572 1
2572 7598 1
467 2303 1
2303 6044 1
6744 4697 2
4697 678 1
6872 5300 1
5300 6744 1
4697 1246 1
1301 1225 1
6088 6641 1
5112 7447 1
363 2685 1
2685 6872 1
6370 5832 1
3199 4535 1
4535 6872 1
2030 4507 2
4507 6872 1
6872 3563 1
3563 3672 1
3672 621 1
621 6672 1
6672 7523 1
2030 2286 1
5788 4488 1
4488 2733 1
7598 884 1
884 3672 1
7607 6257 1
6257 3672 1
5788 4466 1
4466 2803 1
2803 2192 1
2192 3414 1
1416 5234 1
5234 4521 1
3418 7449 1
3672 6368 2
6368 5832 1
3199 1520 1
1520 7006 1
7006 3561 1
3561 2103 1
2103 2188 1
2188 183 1
183 2682 1
2682 1 1
5832 1164 1
1998 1368 1
4707 3373 1
5185 6641 1
1580 6681 1
275 6116 2
6116 6872 1
6872 4057 1
4057 4697 1
4697 275 1
6116 7393 1
7393 3789 1
3789 2689 1
2689 6403 1
6403 2192 1
2192 352 2
3356 6366 1
5967 1622 1
3418 6645 1
6645 6116 1
6116 1998 1
1998 516 1
2030 3855 1
3855 1337 1
1337 4357 1
6116 3332 1
2996 6645 1
3414 7445 1
516 3342 1
2879 4697 1
7299 2638 1
2638 7449 1
6872 4697 1
4697 6872 1
3199 5226 1
5226 1575 1
1575 1298 1
2552 3387 1
3387 116 1
116 6995 1
6995 6544 1
6544 2030 1
6991 7607 1
363 5185 1
5185 3672 1
3672 2733 1
6272 5093 1
3970 145 1
145 3387 1
5832 1033 1
1033 5139 1
5139 6626 1
6626 1164 1
1998 7449 1
3672 5111 1
5111 7607 1
7607 5864 1
5864 363 1
6931 3414 1
2996 3199 1
2996 5468 1
6872 6645 2
6645 7096 1
7096 2910 1
2879 5086 1
5086 6872 1
6872 3320 1
3320 6990 1
6990 1 1
2879 5009 1
5009 3673 1
3673 5392 1
5392 2932 1
2932 7258 1
7258 2030 1
3673 1164 1
3675 6289 1
6289 2165 1
2165 7607 1
2879 884 1
884 2733 1
3673 440 1
6641 6839 1
7276 7598 1
7598 718 2
6641 1575 2
1575 772 1
1294 4244 1
4895 1 2
1 1966 1
1577 2500 1
2500 3332 1
520 2555 1
6872 5086 2
5086 3320 1
3320 7558 1
7558 1225 1
3418 2500 1
5851 5258 1
5258 6668 1
6668 2192 1
520 2789 1
2789 7390 1
7390 6235 1
6235 2489 1
2030 2536 1
2536 3671 1
3393 2312 1
3671 5185 1
5185 1874 1
1874 3332 1
6625 1243 1
7607 3561 1
3561 3673 2
1311 3387 1
7607 2500 1
6872 3561 2
3673 2103 1
2103 6901 1
467 7006 1
7006 3673 1
1577 6641 2
3349 6055 1
6055 1028 1
7598 519 1
519 7449 1
7449 7006 1
7006 363 1
125 2500 1
2500 5077 1
5077 6645 1
3673 1483 1
1483 2030 1
2030 2572 1
7185 5558 1
2500 6447 1
6447 6645 1
1600 3539 1
3539 2176 1
2905 3387 1
1419 2038 1
2038 3673 1
2932 2195 1
2195 2119 1
2119 6901 1
7393 2038 1
2038 6901 1
6744 5717 1
5717 1160 1
1160 1225 1
1225 336 1
336 1225 1
1225 375 1
375 3387 1
3673 375 1
375 3303 1
3303 1298 1
3332 4472 1
4472 3673 1
2192 2896 1
2896 1364 1
1364 2500 2
2030 375 1
375 1454 1
7297 772 1
772 1621 1
1621 2685 1
2685 2896 1
2896 1 2
6881 5313 1
5313 3485 1
3485 3757 1
3757 1198 1
1198 2896 1
2046 375 1
375 1492 1
843 3673 1
718 2121 1
2121 2030 1
3673 873 2
873 4766 1
4735 772 1
772 4913 1
4913 3048 1
3048 3411 1
3411 4073 1
2176 2615 1
2615 6370 2
2030 5603 1
5603 4846 1
4846 6872 1
2932 2473 6
2932 375 2
375 363 1
2038 5475 1
1959 7600 1
482 6087 1
6087 769 1
1492 5075 1
5075 2500 1
2030 4513 1
4513 2811 1
2811 1246 1
1246 6872 1
6872 6937 1
772 2500 1
2030 4040 3
4040 2030 4
5353 1643 1
1643 3431 1
3431 6872 1
874 3673 1
621 6872 1
363 4911 1
4911 2106 1
2106 363 1
363 459 1
459 2733 1
3387 2187 1
2187 363 1
1337 1569 1
7393 6866 1
6866 6983 1
6983 3414 1
3414 5468 1
5468 2996 1
2996 6641 1
6641 2996 1
7297 4780 1
4780 7449 1
7449 1960 1
1960 363 1
3199 3158 1
3158 7607 1
115 6775 1
7098 2616 1
518 1579 1
2030 4500 1
4500 2176 1
1506 6872 1
352 917 1
917 1966 1
1966 7332 1
7332 3199 1
6207 352 1
352 2733 1
1966 6269 1
3971 7057 1
7057 3508 1
5832 7330 1
7330 2030 1
4739 612 1
612 3414 1
6160 4697 1
4697 2831 1
2831 7006 1
1294 1577 1
6645 275 1
275 6465 1
6465 2407 1
2407 7447 1
7447 6180 1
6180 2932 1
2932 2435 1
2435 7258 1
7258 6775 1
6775 4487 1
4487 363 1
1966 5684 1
5684 2733 1
6483 603 1
6645 1499 1
1499 3380 1
5086 2702 1
2702 6466 1
6466 2030 1
6872 4740 1
2030 5684 1
3199 2407 1
2407 3022 1
3671 4204 1
4204 6641 1
4562 3671 1
5684 364 1
1419 4578 1
4578 3671 1
5929 6128 1
6128 1225 1
7607 6080 1
6946 2298 1
2298 586 3
586 2733 1
6775 2298 1
3419 2996 1
2996 4578 1
4578 7332 1
7332 6128 1
6128 6641 1
1225 1941 1
1600 2733 1
7607 299 1
299 364 1
6607 917 1
917 2407 1
2407 2932 1
2932 2298 1
586 4521 1
3186 3733 1
3733 6128 1
6128 3199 1
1298 6872 1
3561 4578 1
4578 6128 1
6128 3671 1
6728 4631 1
4631 6901 1
5802 2733 1
3310 4631 1
4631 4828 1
407 4875 1
3199 4218 1
4218 6866 1
6775 3349 1
615 3387 1
3671 3281 1
3281 4466 1
1337 5047 1
5047 3132 1
606 4649 1
4649 5967 1
5967 2674 1
2674 3671 1
3671 3448 1
7447 5188 1
5188 7167 1
7167 2169 1
2030 5981 1
4735 6418 1
6418 2674 1
2674 364 1
364 2434 1
2434 1337 1
7447 5397 1
5397 6990 1
7297 3156 1
3156 3671 1
364 2433 1
2433 6630 1
2030 1135 1
1135 1590 1
1590 2932 1
2932 5450 1
2932 612 1
612 2030 2
2030 7277 1
7277 1087 1
5047 5685 1
5685 2407 1
2407 2030 1
2038 1364 1
2500 2932 1
375 2030 1
2030 4398 1
4398 2030 1
2030 2573 1
2573 2169 1
2169 1998 1
769 6668 1
6668 2030 1
1579 4639 1
4639 1492 1
1492 5450 1
5450 5832 1
2030 3001 2
2030 1365 1
1365 2030 1
467 5357 1
5357 2030 1
7006 3635 1
3635 5851 1
5851 6841 1
6841 2030 1
2030 7275 1
7275 2030 1
2030 3804 1
3804 1298 1
5602 4933 1
4933 6641 1
6775 7470 1
4814 6698 2
6698 2030 2
1337 4991 1
4991 6495 1
6495 7482 1
7482 1380 1
1380 5967 1
5967 2108 1
2192 3356 1
353 1 1
7057 3673 1
3673 7342 1
7342 2030 1
6744 2021 1
2021 603 1
603 6641 1
1337 5610 1
5610 2030 1
6745 3896 1
6370 7167 1
2529 5204 1
5204 2502 1
2502 2030 2
6229 3672 1
2030 5618 1
5618 5851 1
7297 2501 1
7365 6901 1
363 5436 2
5436 7558 1
7558 4914 1
4914 2500 1
6901 6900 3
5841 4346 1
2473 3387 2
3387 4553 1
2910 7285 1
7285 1639 1
1639 4040 1
4040 2702 1
2702 6746 1
6746 7205 1
7205 3026 1
3026 2502 1
2030 3851 1
3851 1255 1
1255 7449 1
4766 851 1
851 2616 1
2616 2500 1
3673 851 3
711 620 1
620 6900 1
173 1 1
1 2500 1
2500 1294 1
3199 6338 1
6338 3414 1
2030 858 1
3432 5420 1
5420 5372 1
5372 2030 1
1579 7365 1
1246 5203 1
5203 4521 1
4519 1579 1
5436 2099 1
2099 7515 1
7515 7445 1
4262 7598 1
7598 3322 1
3322 2716 1
7600 363 1
363 2517 1
2517 4233 1
4233 4828 2
4057 7045 1
7045 363 1
5851 3794 1
3794 364 1
364 6445 1
6445 7607 1
520 263 1
263 1777 1
1777 2365 1
2365 2500 1
2500 7393 1
7393 4057 1
4057 3194 1
3194 7045 1
7045 2910 1
2910 6248 1
6248 5783 1
5783 4028 1
4028 3794 1
3794 4040 1
2030 1631 1
2030 2693 1
2030 1217 1
1217 2030 1
1374 2030 1
2910 7470 1
1455 1078 1
1078 7511 1
7511 1225 1
6962 772 1
772 5988 1
5988 363 1
6428 5955 1
5955 3387 1
3387 6502 1
2879 4828 1
3673 2072 1
2072 2099 1
2910 3387 3
3387 515 1
515 3673 1
5517 2614 1
2614 6788 1
2030 3159 1
3159 2128 1
2128 2780 1
6234 4875 1
772 5046 1
4735 6744 1
6744 5836 1
5836 363 1
363 271 1
271 6641 1
3896 1639 2
1639 1998 1
2030 2943 1
2943 1547 1
1547 1246 1
1246 6990 1
2030 130 1
130 1998 1
1890 3673 1
5086 2169 1
711 4425 1
4425 6998 1
2910 7339 1
1301 5293 1
5293 364 1
4804 2634 1
2879 4938 1
1101 2030 1
442 3356 1
1563 1997 1
1997 3199 1
3774 2910 1
4232 1684 1
1684 2790 1
772 2198 1
2198 807 1
2030 7084 1
7084 1225 1
275 115 1
363 4828 2
1579 3178 1
3178 1030 1
1030 364 1
2910 2991 1
7302 3265 1
3265 4519 1
4519 6234 1
6234 3414 1
3414 4754 1
6775 1415 1
711 3275 1
363 4486 1
4486 7449 1
1425 3345 1
3345 1998 1
1998 3673 1
1298 5879 1
5879 5832 1
5832 4824 1
4824 83 1
83 2030 1
2030 3874 1
3874 2030 2
3556 7543 1
7543 2367 1
2367 364 1
364 6660 1
2099 1639 1
7374 6260 1
6260 3268 1
3268 3414 1
1580 3673 1
2030 4601 1
4601 2030 1
3369 709 1
709 363 1
7339 2798 1
2798 3387 1
3387 6707 1
6707 5841 2
3672 3284 1
3284 1998 1
1998 2192 1
6655 3356 1
363 4724 1
4724 2030 1
3673 886 1
2312 2177 1
2177 1998 1
1998 7543 1
7543 2932 1
3672 5313 2
5313 313 1
313 5450 1
2030 6977 1
6977 7607 1
7607 6435 1
6435 3199 1
6645 1614 1
642 3672 1
364 2044 1
2044 363 1
6172 3672 1
3199 6273 1
6273 1233 1
1233 7577 1
7577 1462 1
1368 1998 1
1998 1 1
3672 4279 1
4279 3026 1
3026 1998 1
1998 6901 1
4782 6725 1
6725 934 1
934 2030 1
4409 6645 1
6645 528 1
528 6141 1
1425 4489 1
4489 3672 1
6641 2075 1
2075 6449 1
6449 7447 1
7447 4875 1
4875 1584 1
1998 641 1
641 6282 1
6282 2932 1
5898 4900 1
4900 1579 1
1579 3241 1
3241 6420 1
6420 4754 1
3600 1998 1
1425 6995 1
6995 2030 2
364 4640 1
4640 3199 1
363 6900 1
5841 772 2
7126 1575 1
6023 1718 1
1718 6725 1
6725 6483 1
6483 2422 1
2422 5446 1
5446 3672 1
3672 1919 1
3672 724 1
2176 6991 1
6991 7598 1
1802 3387 1
1614 6644 1
6644 3671 1
7137 2510 1
4865 3672 1
3672 1701 1
2910 491 1
491 2171 1
3672 4677 1
4677 3194 1
3194 1998 1
7600 491 1
491 3382 1
363 1575 1
2314 3110 1
3110 3673 1
1425 2351 1
2351 7607 1
3199 6524 1
6524 3199 1
3199 271 1
3387 6080 1
6080 7016 1
7016 7277 1
7277 7449 1
7449 6234 1
6234 6248 1
6248 6645 1
6645 4028 1
4028 2910 1
2910 722 1
722 6248 1
6248 3673 2
3373 3906 1
3906 3199 1
6645 469 1
469 7259 1
7259 2176 1
1337 2312 1
2932 2896 1
2896 2030 1
2030 3661 1
3661 3671 1
2685 4040 1
4040 3199 1
2685 1337 1
3970 4967 1
4967 2030 1
2030 1434 1
1434 2030 1
7447 2339 1
2339 364 1
4782 2030 3
2204 6725 1
6725 1364 1
3671 4870 1
4870 7447 1
2030 2780 1
3762 1 1
1575 1577 1
1577 2780 1
5455 3223 1
3223 6370 1
6370 6645 1
6655 3623 1
3623 1 1
1 3623 1
3623 6655 1
6655 1087 1
1087 718 1
718 4828 1
3600 711 1
3973 6641 1
2312 6370 1
6370 1998 1
6725 1285 1
1285 2500 1
2500 1 1
2312 7020 1
7020 2500 1
2500 6725 1
6725 380 1
380 1886 1
1886 1998 1
1998 6641 1
718 3600 1
3600 4028 1
4028 3178 1
3178 4346 1
2030 2789 1
2789 1 1
1492 4028 1
4028 7134 1
4940 2932 1
3671 5422 1
5422 5593 1
5593 3392 1
3392 2777 1
4971 4085 1
4085 2942 1
2942 4040 1
4040 3671 1
2314 851 1
851 3926 1
3926 6725 1
6725 3370 1
3199 6271 1
6271 363 1
7006 3356 1
3414 5249 1
364 4590 2
4590 4735 2
4735 5791 1
5791 5115 1
5115 1579 1
1579 5602 1
5602 364 1
1337 2536 1
2536 2500 1
2500 3671 1
3671 748 1
4193 3279 1
3279 364 1
5929 1365 1
1365 4521 1
4521 7410 1
7410 363 1
5887 4157 1
4157 363 1
363 2059 1
2059 3001 1
5353 6995 1
363 920 1
2932 6778 2
2204 3396 1
2473 363 1
363 5628 1
5628 4687 1
4687 1 1
1 3688 1
3688 2910 1
2910 6613 1
6613 2030 1
6993 5482 1
5482 1620 1
1620 2910 1
2910 1506 1
7447 7055 1
5851 3340 1
3340 3688 1
3688 2192 1
6775 6725 2
5851 1087 1
3040 5220 1
5220 467 2
467 5450 1
772 1970 1
1970 2076 1
2076 3387 1
364 3758 1
3758 1337 1
1337 6449 1
6449 6995 1
1246 4193 1
2932 4213 1
4213 4346 1
4346 3731 1
3731 7449 1
6775 7610 1
1654 5929 1
5929 112 1
3802 4828 1
6645 4213 1
4213 3199 1
1000 364 2
364 5998 2
5998 2030 1
364 3425 1
3671 7087 1
5177 1000 1
5998 6901 1
2871 5179 1
2910 3275 1
2996 5088 1
1639 38 1
38 4196 5
4196 7598 2
7607 4948 1
4948 7390 1
1966 2844 2
2844 7453 2
7453 1149 2
1149 2115 1
2115 7598 1
1295 3600 1
6403 2115 1
2115 1492 1
3387 718 1
718 7552 1
7552 2512 1
2510 4947 1
4947 2359 1
2359 1784 1
2312 2691 1
7514 7299 1
7041 2046 1
2046 6879 1
6879 7598 1
5959 6155 1
6155 7598 2
2030 38 2
4196 6730 1
2910 4975 1
4975 2030 1
3556 2743 1
2743 7006 1
7006 2769 1
2769 5832 1
3673 4217 1
4217 3672 1
3672 3762 1
3762 364 1
6683 1 1
3671 6977 1
6977 364 1
3672 4217 1
4217 2910 1
5959 1225 1
1225 4760 1
4760 6775 1
6775 1941 1
2910 4947 1
4947 2316 1
2316 7447 1
1149 5406 1
5406 5844 1
5844 1408 1
1408 7598 1
3673 1651 1
1651 1225 1
3673 3275 1
4598 3673 1
3183 6641 2
4794 1878 1
1878 2910 2
6645 1385 1
1385 2030 1
2030 5402 1
5402 7447 1
7447 6269 2
1778 6641 1
4946 3199 1
3380 7449 1
2910 4636 1
4636 2030 1
467 3194 1
3194 6888 1
6888 6837 1
467 612 1
612 7598 1
7598 114 1
114 5243 1
5243 6260 1
6260 3261 1
3261 3675 1
3675 3356 1
363 6483 1
6483 1575 1
755 3356 1
1563 4635 1
4635 3414 1
7299 497 1
497 1087 1
5832 3341 1
3341 2553 1
6462 613 1
613 7447 1
6872 7134 1
7134 6725 1
6725 7134 1
1506 7033 1
7033 3155 1
3155 6155 1
6872 3411 1
3411 6872 1
6872 5188 1
5188 2030 1
6556 4217 1
4217 7600 1
7600 2900 1
2900 1225 1
6775 3170 1
3170 363 1
363 6054 1
6054 4828 1
3672 2950 1
2950 6744 1
3600 4217 1
407 3418 1
2932 2179 1
2179 5436 1
7449 3868 1
3868 38 1
4457 3671 1
4346 789 1
1256 2555 1
352 3868 1
3868 3671 1
6253 2425 1
2425 6728 1
6728 6872 1
363 4856 1
2932 6155 1
6155 3199 1
407 772 1
5455 3373 1
6937 2192 1
1294 3600 1
3600 2138 1
1414 2030 1
3199 5524 1
5524 3431 1
2910 2512 1
3332 3342 1
3342 6901 1
6872 584 1
584 3332 1
3332 5091 1
5091 2555 1
2861 7607 1
7607 6155 1
6155 1 1
2510 2743 1
2743 1337 1
7607 6463 1
6463 4217 2
4217 6901 1
5841 2010 1
5047 3774 1
7259 2312 1
5867 3199 1
7607 2936 1
2936 6303 1
6303 4217 2
363 4941 1
4941 5967 1
3671 4105 2
4105 2743 2
2743 1 1
7607 4217 1
4217 6900 2
2030 2990 3
2990 3671 2
2910 6109 1
6109 772 1
564 2312 1
2312 6977 3
6977 2007 1
2007 7006 1
3023 6109 1
6109 3102 1
3102 2312 1
6977 2410 1
5851 2312 1
6977 2409 1
2409 6616 1
6616 772 1
5455 1751 1
1751 2099 1
2099 135 1
135 2030 1
678 6775 1
6775 3084 1
3084 38 1
7607 3411 1
3411 6463 1
4217 2900 1
2900 2030 1
4457 4196 1
4196 4346 1
4346 4014 1
4014 1256 2
1256 2176 1
415 6655 1
6044 168 1
168 1149 1
1149 115 1
115 1073 1
3432 3260 1
3260 1491 2
2910 5068 1
5068 2932 1
2932 4014 1
1256 2238 1
2238 2431 1
2431 6775 1
6775 3117 1
3117 2477 1
2477 7407 1
7407 2030 1
2030 6100 1
6100 2424 1
2424 1 1
5832 1175 1
1175 2932 1
519 5994 1
6645 6522 1
6522 3673 1
6641 3109 1
3109 6141 1
4587 4997 1
4997 2431 1
2431 4453 1
3673 3874 1
2030 2086 1
2030 2763 1
601 1575 1
1575 7272 1
7272 1256 1
1256 6900 1
5841 500 1
500 2030 2
2030 730 3
730 3633 3
3633 2030 1
7452 3993 1
3993 3672 1
3672 500 1
3633 1575 1
2512 3292 1
3292 1461 1
1461 1368 1
2879 6396 1
6396 6205 1
6205 4828 1
3672 7453 1
3672 2171 1
2811 404 1
404 3491 1
3633 1 1
7121 4279 1
1246 6810 1
6810 2176 1
2176 4297 1
4297 364 1
6234 730 1
730 2030 1
288 2647 1
6191 2030 1
2030 5299 1
5299 3410 1
3410 6641 1
1298 6962 1
6962 3134 1
3134 6775 1
7598 1407 1
1407 1087 1
5959 4244 1
2996 5131 1
2169 1054 1
1054 2932 1
7166 2932 1
5844 5651 1
2910 1695 1
1695 1492 1
1492 4196 1
998 2176 1
7297 4795 1
4795 4828 1
6998 7447 1
7447 4779 1
3410 2231 1
2231 6901 1
3432 1256 1
1256 4244 1
4244 3233 1
3233 6775 1
6775 6419 1
1186 7449 1
7449 3754 1
3754 772 1
2489 3233 1
1256 6368 1
1890 4196 1
364 4196 1
4196 363 1
795 1491 1
1491 3938 1
3938 7480 1
7480 1099 1
1099 5832 1
5832 2112 2
2112 6701 4
6701 6245 1
6245 5970 1
3411 861 1
861 381 1
381 112 1
3673 5422 1
5422 1837 1
1837 795 1
795 6023 1
6023 1425 1
2789 3673 1
6730 5084 1
2169 7480 1
7607 444 1
444 2030 1
7299 4535 1
4535 3672 1
2169 7422 1
7422 1622 1
831 3673 1
3673 15 1
15 1793 1
1793 3673 1
3673 5259 1
5259 5832 1
5969 6503 1
6503 402 1
402 1650 1
1650 5756 1
5756 364 1
364 4589 1
4589 5832 1
5832 4367 1
4367 2297 1
7449 6934 1
1419 6507 1
6503 2932 1
2932 6512 1
6512 2030 1
2030 1916 1
1916 364 1
1616 5772 1
5772 1575 1
1575 3476 1
3476 3680 1
3387 565 1
565 7598 1
7607 1647 1
1647 3569 1
3569 2176 1
6462 6834 1
6834 2030 1
363 6231 1
3671 7348 1
7348 795 1
1419 4392 1
1817 3673 2
4826 2879 1
2932 1458 1
1458 3673 1
3673 4059 1
4059 5959 1
1827 2030 1
2996 3369 1
3369 2980 1
2980 2479 1
2479 6284 1
6284 7447 1
7607 4795 1
4795 2176 1
7423 7390 1
7390 3260 1
7455 6269 1
3251 516 1
162 2640 1
6655 4567 1
4567 2030 1
711 4321 1
4735 1428 1
1428 442 1
442 4510 1
4510 2169 1
2030 1880 1
1880 467 1
6645 625 2
625 2030 1
2030 179 1
179 7447 1
5313 1097 1
1097 2043 1
2043 2489 1
2910 415 1
415 2864 1
2864 3897 1
3897 6370 1
6370 2176 1
6744 4844 1
4844 3387 1
3199 3474 1
3474 3431 1
3431 3392 1
3392 4196 1
2702 1492 1
6007 2606 1
5841 3797 1
3797 2910 1
4336 2943 1
2943 6655 1
6655 4736 1
4736 5201 1
5201 2030 1
2030 7068 1
7068 3672 1
2030 3647 1
4592 1253 1
1253 751 1
6775 2990 1
2990 4217 1
5841 2431 1
2431 6463 1
6463 2030 1
6995 2163 1
2163 3868 1
3868 5201 1
5201 3387 1
1087 1028 1
1028 2732 1
2732 7607 1
7607 3862 1
3862 275 1
275 2538 1
2538 1087 1
2932 2524 1
2599 3414 1
6872 3763 1
1028 4597 1
4597 1966 1
125 3671 1
1087 4520 1
1455 2732 1
4826 6417 1
6417 5379 1
5153 7607 1
4520 2934 1
2934 6303 1
7449 2079 1
2079 3671 1
2030 5025 1
5025 236 1
236 3569 1
3569 2030 1
2910 5867 1
5867 2176 1
6744 6872 2
4336 2538 1
2538 2732 1
2732 430 1
2525 2588 1
2588 1028 1
3763 6641 1
1924 2524 1
2599 564 1
5832 2732 2
2732 2932 1
4840 5908 1
6462 2439 1
2439 4410 1
220 4413 1
4413 364 1
4057 7593 1
6866 980 1
980 6900 1
5841 5832 1
6579 2842 1
2842 1374 1
2030 3113 1
3113 7540 1
5982 3672 1
4336 1225 1
2924 7447 1
6872 6655 2
1294 3380 1
6641 1941 1
6872 6858 1
6858 4660 1
4660 6641 1
3411 3199 1
2009 2924 1
2924 3199 1
3806 7607 2
2720 6775 1
1607 2009 1
1294 6655 1
6655 576 1
1294 6900 1
5841 678 1
678 3028 1
3028 7607 1
245 1575 1
1575 706 1
706 7607 1
7607 3900 1
3900 2030 1
364 3557 1
3557 711 1
2030 3900 2
3900 3387 1
3387 522 1
522 2489 1
2489 5245 1
5245 6641 1
2833 6517 1
6517 482 1
482 7447 1
5313 5390 1
5390 769 1
769 5408 1
5408 1575 1
7629 2176 1
2176 5905 1
5905 1301 1
3970 5735 1
5735 3897 1
3897 5379 1
6655 4553 1
6872 7453 1
7453 1901 1
1901 7447 1
3199 6125 2
3199 910 1
910 6872 1
6872 4553 1
3199 5584 1
3672 7016 1
7607 3813 1
1145 245 1
2842 3414 1
6738 1600 1
1600 6655 1
5436 7208 1
7208 2030 2
2171 5832 1
5801 6901 2
1057 4808 1
4808 2030 1
6722 5188 1
2169 6547 1
6013 3673 1
3673 6023 1
6023 4610 1
4610 3265 1
1233 5503 1
5503 690 1
690 2030 1
363 752 1
752 2030 1
2036 7303 1
7303 6448 1
6448 7598 1
4522 3387 1
711 6231 1
6231 7540 1
6234 3673 1
3673 2987 1
2987 2030 1
2030 6099 1
6099 364 1
364 1919 1
2030 4133 1
4133 5832 1
2030 6692 1
6692 5929 1
5929 5392 1
5392 7607 1
5844 6023 1
2036 3387 1
722 7540 1
7540 3199 1
3199 6231 1
6231 7607 1
7449 6900 2
6995 5046 1
2030 3878 1
3878 352 1
7607 2339 2
2339 7299 1
7299 2030 2
3900 352 1
2879 7016 1
2910 4060 1
4060 2030 1
7337 490 1
490 3748 1
3748 1078 1
1078 6641 1
2910 1389 1
1389 372 1
2996 6428 1
1600 6917 1
6917 564 1
1337 5602 1
7600 350 1
350 4814 1
5841 5046 1
6462 1701 1
1701 7607 1
644 3387 1
6641 1840 1
1840 7447 1
6315 4828 1
6994 625 1
625 7447 2
3600 7299 1
1600 2163 1
2163 2030 1
2030 4453 1
4453 88 1
88 2030 1
125 3320 1
2811 1254 1
1254 1 1
1492 6448 1
6967 3673 1
3673 1368 2
1368 3565 1
3565 6019 2
6019 1 1
6866 1579 1
1579 6898 1
6898 3129 1
3129 5832 1
5832 644 1
644 1 1
1526 7179 1
5434 3789 1
6522 2030 1
2360 6447 1
772 1595 1
1595 2030 2
2030 1595 1
2030 2732 1
2732 6462 1
6462 6667 1
6667 2030 1
2030 6467 1
6467 6901 1
4244 7523 1
1639 7177 1
2312 3600 1
7449 4520 1
4520 5978 1
1924 3673 1
7610 7607 1
5832 6547 1
2639 4818 1
4818 5810 1
5810 2732 1
3672 4255 1
4255 2176 1
2176 336 1
5939 7447 1
5715 6901 1
3671 662 1
2840 2176 1
2030 2840 1
2840 965 1
965 3121 1
3672 6325 1
6325 5832 1
7607 7540 1
6866 809 1
809 2599 1
3789 2732 1
2732 3672 1
6872 2147 1
2147 7607 1
7607 5459 1
6602 7447 2
6163 3380 1
2910 4755 1
407 115 1
5153 3600 1
7558 6725 1
6725 5736 1
4318 4828 1
4244 7329 1
7329 2030 1
5468 6645 1
6645 2192 1
352 6672 1
6672 2840 1
2840 1575 1
352 1141 1
245 3939 1
3939 6872 1
7598 7285 1
4336 7607 1
352 3377 1
5652 3414 1
7166 3199 2
3600 5982 1
5982 363 1
363 2954 1
2954 1 1
6127 6995 1
6995 6336 1
6336 4244 1
2030 2909 1
2909 364 1
6685 2169 1
2169 5130 1
5130 7607 1
2879 6142 1
6142 824 1
824 3387 1
362 7447 1
2996 5978 1
1600 124 1
124 3199 1
2811 6655 1
6655 1425 1
1425 4590 1
3414 3342 1
3342 4892 1
4892 678 1
678 6963 1
6963 3414 1
3414 1033 2
1033 1575 1
363 3186 1
352 6248 1
3673 1246 1
1246 6354 1
6354 1575 1
2879 3862 1
3862 1368 1
1368 6091 1
6091 1087 1
1337 5830 1
6872 1575 1
1575 5341 1
5802 6725 1
2879 1462 1
3671 3595 1
1243 3565 1
6019 3387 1
7116 6761 1
6761 7390 1
7390 4980 1
6462 603 1
5832 1784 1
1784 2030 1
2910 5046 2
5046 6137 1
5603 3673 1
3199 5115 1
5115 1256 1
1256 1817 1
1817 3414 1
7607 1817 1
1817 3320 1
3320 2046 1
795 4454 1
4454 3673 1
6919 2312 1
7610 1 1
795 3766 1
3766 5679 1
5679 2489 1
2043 2616 1
620 3387 1
2910 4521 1
2910 6733 1
7449 1767 1
1767 4346 1
220 1767 1
1767 2030 1
807 7406 1
4389 359 1
2030 3321 1
3321 6375 1
6375 1337 1
6775 4755 1
4755 2176 1
7299 6690 1
6170 6223 1
6223 238 1
238 6761 1
6761 6641 1
2910 4392 1
6775 3770 1
3770 2910 1
2030 5073 1
5073 1057 1
2169 7582 2
7582 3387 1
5501 6641 1
6684 3671 1
1946 6044 1
6166 3199 1
3199 6959 1
6959 2616 1
2616 7479 1
3671 6734 1
6734 2910 1
2910 2654 1
2654 1337 1
1419 980 1
980 4057 1
4057 1 1
3671 4755 1
3671 5073 1
5073 7177 1
7177 2169 1
7582 2030 1
711 6763 1
6763 6655 1
6655 2496 1
2496 2030 1
3671 4461 1
4461 2910 1
2910 935 1
2030 5019 1
5019 1560 1
1541 2030 1
2712 7560 2
2439 4465 1
4465 2169 1
2169 2058 1
2058 1223 1
1223 2030 1
1337 4097 1
4097 3672 1
3387 7555 1
7555 6745 1
6745 1940 1
1639 7574 1
7574 2932 1
450 318 1
318 2030 1
7447 7479 1
7479 4980 1
4980 6641 1
5047 5707 1
5707 2030 1
2030 7574 1
7574 4098 1
4098 5832 1
5832 6806 1
6806 2030 1
2030 1560 1
1560 3671 1
7121 6337 1
6337 2030 1
4652 734 1
2910 2513 1
1678 2510 1
6655 3806 1
3806 363 1
363 6528 1
6528 3387 1
6462 3806 1
3806 2910 1
4652 6641 1
1864 6866 1
3187 4334 1
4334 2030 1
2030 4202 1
4202 4043 1
4043 5395 1
5395 2176 1
2176 1865 1
1865 621 1
7116 643 1
643 678 1
5722 1639 1
3673 5711 1
5711 2030 1
2030 6416 1
6416 6241 1
2030 4590 2
4590 7284 1
7284 1639 1
3673 6170 1
6170 4828 1
364 5853 1
2471 3387 1
2471 2910 1
6829 406 1
406 2169 1
2169 2604 1
2604 2030 1
238 2910 1
2030 5292 2
4826 4249 1
4249 6126 1
6126 1639 1
772 6241 1
6241 363 1
1817 7449 1
3199 6415 1
6415 5479 1
5479 3387 1
6690 2513 1
2513 910 1
910 3673 1
3673 4889 1
4889 5832 1
6645 2563 1
2563 7447 1
7447 7255 1
2932 2798 1
2798 7558 1
7558 3387 1
3194 6241 2
6241 6641 1
2910 4418 1
2910 2973 1
2973 2030 1
3380 2122 1
2122 3673 1
6044 1973 1
1973 2030 1
2030 5707 1
5707 684 1
684 2932 1
2932 7560 1
6761 1 1
6728 6234 1
6234 5494 1
5494 4013 1
4652 4503 1
4503 3673 1
3199 1369 1
1369 4875 1
5844 2604 1
2604 1 1
4826 5891 1
5891 7406 1
7406 2541 1
2541 2169 1
5009 2842 1
1167 7447 1
1294 2637 1
2637 7560 1
7560 4826 1
3096 6396 1
6382 2169 1
3779 1028 1
2842 4229 1
3673 2471 1
2030 2578 1
2578 1491 1
1491 4244 1
467 162 1
162 4553 2
3947 6641 1
1964 6462 1
6462 1070 1
6269 1772 1
1772 2030 1
2910 764 1
6690 6454 1
275 6872 1
6872 5449 1
5449 3199 1
1970 6964 1
6964 1298 1
1298 6289 1
6289 1033 1
1033 3675 1
363 2448 1
2448 1717 1
1717 2030 1
2030 2448 1
2448 5959 1
6990 3373 1
5032 352 1
6645 1839 1
1839 2030 1
235 4212 1
7600 2910 1
2932 5976 1
5976 3205 1
3205 3789 1
5464 1 1
6775 4828 1
364 2096 1
2096 3393 1
3393 4679 1
4679 5395 1
5395 2312 1
1337 7115 1
7115 5177 1
6725 4876 1
6641 459 1
459 2176 1
1970 271 1
271 2030 1
2043 2477 1
2477 6641 1
2910 7046 1
2030 4719 1
4719 3600 1
2046 5791 1
5791 1042 1
7449 4067 1
4067 3671 1
1087 1227 1
1227 7600 1
7600 6848 1
6848 7607 1
6744 6690 1
3768 3199 1
3199 603 1
603 2021 1
2021 2312 1
2312 4245 1
4245 6641 1
7460 6962 1
6962 299 1
2030 3933 1
3933 3414 1
3414 5711 1
5711 2910 1
7598 7526 1
7526 7137 1
7137 7422 1
6142 2176 1
1456 2691 1
7514 6728 1
6728 352 1
364 197 1
197 3199 1
3084 6616 1
2691 5939 1
5939 663 1
663 364 1
364 1127 1
1127 3332 1
4541 2910 1
2910 4119 1
4119 352 1
7406 1156 1
1156 678 1
6641 7448 1
7448 2357 1
2357 3403 1
3403 3199 1
3199 4462 1
4462 299 1
462 299 1
462 3387 1
1337 6267 1
6267 2030 1
5552 2811 1
1033 4645 1
4645 6641 1
3671 3742 2
3742 1 1
1 2316 1
2046 5711 1
5711 4455 1
4455 3343 1
3343 3671 2
352 6365 1
6365 7607 1
3431 1411 1
1411 7449 1
7449 6366 1
6775 4855 1
4855 7598 1
2932 2733 1
2733 6745 1
6286 3343 1
352 3414 1
6641 3343 1
3343 1337 1
2780 125 1
125 1411 1
1411 7302 1
352 6328 1
6328 1090 1
1090 5249 1
5249 7607 1
1526 3671 1
156 7390 1
2030 5677 1
5677 7447 1
1639 1411 1
1411 3671 1
6226 6993 1
6993 6055 1
6055 3387 1
7299 1262 1
3671 4697 1
4697 900 1
900 2046 1
5844 3817 1
3817 4229 1
1243 6728 1
2910 879 1
879 7447 1
3199 4373 1
4373 2312 1
6995 5024 1
7389 6725 1
3310 7299 1
7299 1578 1
1578 7607 1
1128 1817 1
1256 2462 1
2462 1684 1
1684 1411 1
1411 1057 1
3671 4538 1
363 3282 1
3282 2176 1
2176 2838 1
5802 4590 1
4590 2436 1
2436 2014 1
2030 4287 1
4287 364 1
6685 3648 1
2030 1755 1
1755 2030 1
4826 4992 1
4992 3671 1
7389 2492 1
5414 2755 1
2755 3779 1
2030 3554 1
3671 2756 1
2756 2030 1
3199 3823 1
3823 3671 1
3671 4634 1
4634 2756 1
2756 4229 1
7449 4826 1
4826 5593 1
6744 1672 1
1672 1411 1
1411 5385 1
5385 364 1
7016 1411 1
1411 363 1
4412 5832 1
6119 2030 1
2030 1376 1
1376 6449 1
295 3960 1
3960 792 1
792 2169 1
476 2932 1
2932 2131 1
2131 3779 1
2030 5639 1
5639 2932 1
2932 3408 1
3408 2932 1
2932 3467 1
2431 3136 1
3136 1 1
4613 295 1
295 3969 1
3969 364 1
6313 1709 1
1709 3393 1
3393 5801 1
5801 4828 1
3675 953 1
953 2030 1
2030 5601 1
5601 3671 2
5300 3671 1
2030 4067 1
4067 3672 1
3380 3431 1
3199 5658 1
2910 7299 1
7299 5970 1
477 442 1
5766 6627 1
6627 2510 1
2510 381 1
381 5766 1
5766 1087 1
3671 7206 1
7206 6655 1
7207 1 1
3671 5601 1
3671 5122 1
3671 953 1
953 6517 1
3671 1727 1
1455 6576 1
6576 2030 1
6937 7389 1
3671 7600 1
3199 4665 1
4665 3671 1
1364 3600 1
3672 1454 1
275 3387 2
1263 2173 1
2173 3671 1
3671 3201 1
3201 7607 1
288 6625 1
2910 781 1
781 3970 1
7298 364 1
3672 1398 1
1398 5832 1
7598 781 1
781 1225 1
5801 678 1
3671 4779 1
4779 3393 1
4528 7389 1
2030 4839 1
4839 1097 1
7297 4517 1
4517 1492 1
1492 2644 1
2644 275 1
772 2644 1
2932 7348 2
7348 1817 1
2932 1784 1
1784 6641 1
3671 6013 1
415 4418 1
4418 3671 2
3671 596 1
596 2099 1
2099 5226 1
5226 4521 1
4521 3960 1
3960 2099 1
7297 4520 1
7300 4366 1
4366 3673 1
6655 2169 1
2169 6627 1
6627 3387 1
2176 3026 1
3026 4229 1
3896 728 1
6607 876 1
876 6775 1
6775 3393 1
3393 404 1
404 2932 1
7598 7016 1
7016 6815 1
1294 1599 1
1599 4553 2
5483 3332 1
4541 7607 1
7607 4418 1
2996 4484 1
4484 1579 1
6730 1373 1
6858 7302 1
7302 688 1
688 2030 1
1311 2030 1
1261 575 1
5722 1 1
2312 6775 1
6775 5832 1
3673 4543 1
4543 772 1
2910 1826 2
1826 3671 2
7447 6125 1
6125 2099 1
2099 772 1
6728 3900 1
3900 3671 2
7607 1767 1
1767 1639 1
1639 2546 1
2546 1448 1
1448 7449 1
7449 3279 1
3279 6341 1
6341 1 1
947 6901 1
7607 2982 1
1425 1411 1
1411 3387 1
6989 3411 1
2517 2030 1
1506 524 1
3970 4232 1
1600 2746 1
2746 2932 1
3779 6641 1
7607 1261 1
1261 2030 1
2030 1666 1
6945 1097 1
1620 1551 1
5838 3671 1
711 1498 1
1498 2716 2
7607 3359 1
1087 5313 1
5313 2910 1
5832 6021 2
6021 3960 1
1 2517 1
795 7285 1
7285 1087 1
3671 6900 1
6900 6523 1
6523 176 1
176 3101 1
3101 1087 1
2910 124 1
124 734 1
3673 124 1
124 6137 1
6137 359 1
2910 4814 1
4814 3673 1
2910 2173 1
6170 3673 1
2910 1455 2
1455 7389 1
4113 5722 1
2910 4207 1
4207 483 1
684 402 1
3199 7132 1
2030 5308 1
5308 467 1
467 7365 1
3017 6728 1
6728 5098 1
5098 6626 1
5585 3391 1
3391 2030 1
6021 5978 1
5978 2932 1
2932 4873 4
4873 4520 1
4520 4760 1
4760 3199 1
6655 7384 1
7384 1 1
5517 2910 1
2910 7384 1
1899 2910 1
4753 2932 1
4873 7449 1
7449 5593 1
5593 6021 1
6021 3387 1
2030 4420 1
4420 3671 1
3635 1 1
6449 4618 1
4618 2932 2
4873 4196 1
4418 3387 1
3387 6021 1
6021 6641 1
5046 6641 1
2555 4520 1
4520 5406 1
5406 6021 1
6021 5046 1
5046 4175 1
4175 2099 1
2099 5098 1
5098 364 1
3671 2999 1
2999 269 1
269 1 1
3896 7607 1
1372 3789 1
7607 3774 1
4418 6021 1
6021 3671 1
7598 3257 1
3257 2030 1
1419 4520 1
4520 7449 1
5841 520 1
4735 2312 1
1428 6900 1
5841 363 2
5459 7607 1
7447 3609 1
3609 6196 1
2030 3943 1
3943 7607 1
3672 7539 1
7539 3356 1
7447 6021 3
6021 6781 1
1600 1456 1
1456 2312 1
3671 5046 1
3442 2937 1
2937 4590 1
4590 1425 1
1425 7208 1
2030 7210 1
7210 1610 1
4413 6645 1
6645 6277 1
6277 2192 1
2192 1579 1
353 6459 1
6459 7306 1
7306 363 1
4233 467 1
7617 6901 2
3672 5451 1
3414 6012 1
6012 7205 2
7205 7607 1
7607 3534 1
3534 467 1
7259 5894 1
5894 1433 1
1433 2030 1
363 6573 1
6012 1546 2
1546 4643 1
4643 6012 1
1546 3671 1
1087 6573 1
6573 6641 1
3671 6573 1
6573 4653 1
6142 715 1
715 2932 1
7598 7018 1
7018 516 1
1087 7600 1
7600 6778 3
2204 3414 1
6462 2616 1
2616 2190 1
2190 5589 1
5589 6589 1
6589 920 1
2204 772 1
7600 1349 1
1349 3001 1
3001 7447 1
6901 2317 1
2317 1966 1
5570 6004 1
6004 1 1
1 2513 1
2513 6747 1
6747 1966 1
1966 6817 1
6645 4261 1
6616 2189 1
2189 2691 1
2691 2030 1
4416 3329 1
3329 497 1
497 3671 1
6260 6573 1
1087 1368 1
2369 5929 1
1622 7600 1
3233 6573 1
6573 2176 1
2176 2966 1
2966 1 1
7600 6847 2
2606 6012 1
6012 7306 2
7306 1087 1
1087 6459 1
6459 1546 1
1546 2932 1
2932 2329 1
2329 4910 1
4910 3672 1
4655 1579 1
2030 2811 1
1087 6012 3
6012 58 1
58 7600 1
6142 3672 1
3672 795 1
795 5844 1
6044 3421 1
3421 4321 1
4321 795 1
2606 1087 1
1087 4323 1
4323 795 1
795 1364 1
4655 3387 1
3673 7176 2
7176 773 2
773 6858 2
6858 7600 2
2510 5295 1
5295 7600 1
7600 4389 1
2510 6783 1
6783 2842 1
6142 296 1
296 4052 1
4052 7607 1
1087 4076 1
4076 7607 1
7600 4038 1
4038 6355 1
6355 363 1
363 6494 1
6494 2681 1
2681 7607 1
5468 6744 1
6012 1239 2
1239 2176 1
4651 1774 1
1774 125 1
4651 678 1
7393 1688 1
1688 2030 1
363 4651 1
363 6080 1
6946 4651 1
4651 1547 1
7390 4644 1
4644 7600 1
7607 4117 1
4117 352 1
467 3233 3
3233 1966 1
352 1403 1
1403 2510 1
1087 1547 1
1547 6328 1
6328 7390 1
352 6775 1
5959 516 1
7600 4184 1
4184 2046 1
2046 6068 1
5959 6080 1
6080 6837 1
6837 6483 1
6483 3673 1
3673 4110 1
4110 3396 1
2473 407 1
3241 1364 1
1364 7516 1
7516 7390 1
7598 6304 1
6304 3233 1
2473 516 1
516 679 1
679 2102 1
2102 296 1
296 1002 1
1002 2176 1
5851 7607 1
1087 296 1
296 7206 1
7206 5848 1
5848 3671 1
7598 6012 1
7306 3431 1
1506 296 1
296 7205 1
7205 1087 1
2176 5628 1
5628 3396 1
2473 7447 1
7607 1508 1
1508 7607 1
3199 5629 1
5629 1087 1
2513 3672 1
3672 5628 1
5628 1087 1
4561 2030 1
2030 6272 1
6272 795 1
795 2099 1
2510 7297 1
7297 4663 1
4663 6641 1
6775 525 1
525 1087 1
1239 3414 1
1057 6655 1
6655 2171 1
3410 1639 2
7430 3241 1
3241 363 1
4587 3233 1
2431 5220 1
7600 5450 1
5450 6012 1
7205 516 1
7600 5791 2
5791 2171 1
2171 1548 1
1548 4551 1
4551 2181 1
2181 5981 1
5981 64 1
64 2001 1
2001 3084 1
3084 2477 1
2477 3673 1
711 4591 1
4591 1225 1
1243 1246 1
1421 7449 1
7607 5356 1
5356 7600 1
7600 2228 1
2228 1 1
1368 3233 1
3084 6641 1
7607 4726 1
4726 352 1
4707 4553 1
4553 4644 1
4644 2616 1
3671 296 1
296 2727 1
2727 3414 1
795 6904 1
6904 352 1
7598 1575 2
352 3279 1
3279 4267 1
4267 1966 1
1425 1225 1
3673 647 1
4677 4346 1
2030 1774 1
711 6124 2
6124 3673 1
3673 7026 2
7026 7600 1
5791 5832 1
5832 455 1
7600 5325 1
5325 2046 1
2046 2431 1
2431 5959 1
5959 6847 1
2606 6641 1
3199 4137 1
4137 6080 1
6080 5468 1
3673 3672 1
3672 647 1
647 2030 1
2030 2897 2
2030 5908 1
2030 4448 1
4448 2030 1
6461 6634 1
6875 482 1
6995 6690 1
4643 2030 1
3392 2335 1
2335 4217 2
2030 5838 1
5838 2030 3
6124 1300 1
1300 2030 1
2030 3412 1
3412 2176 1
3380 1774 1
3414 7302 1
3600 1059 1
1059 6936 1
6936 2030 1
2811 5468 1
3673 7112 1
7112 6901 1
2910 5379 1
5379 2086 1
2086 3403 1
2030 3618 2
3618 2910 1
3618 3199 1
2030 5479 1
6701 2030 1
1288 5867 1
3233 1619 1
1971 2030 3
2312 7515 1
7515 7390 1
2030 1250 1
1250 1246 1
6241 3609 1
3609 1077 1
5429 6933 1
6933 795 2
795 6645 1
6645 3216 1
3216 482 1
6170 1225 1
1225 1523 1
363 5205 1
5205 1225 1
2030 2950 1
363 1523 1
1523 4828 1
795 407 1
2009 3194 1
6241 7297 1
6641 6241 1
5468 1233 1
2932 6123 1
3199 3075 1
3075 3547 1
6207 7303 1
7303 2512 1
795 1225 1
4711 7607 1
4670 3199 1
2879 1569 1
1569 2339 1
2339 1427 1
1427 645 1
645 564 1
5832 245 1
2802 7607 1
352 288 1
288 1628 2
6645 288 1
363 3109 1
3109 6012 1
6012 5740 1
5740 7447 1
5734 3356 1
3356 6370 1
6370 2163 1
2163 3356 1
3356 751 1
751 3356 1
3356 2615 1
2615 3356 1
3356 6013 1
6013 1225 1
2879 7026 1
7026 5851 1
5851 1141 1
2842 2879 1
4938 364 1
2192 6522 1
5366 3410 1
4613 7607 1
6990 3183 1
3183 288 1
7026 2316 1
6645 6346 2
6346 1404 1
1404 7447 1
6315 6691 1
6691 1301 1
2173 6195 1
6195 3387 1
3387 6728 1
119 2715 1
2715 6370 1
6370 6655 1
364 3824 1
3824 2360 1
2030 438 1
438 6264 1
6641 3323 1
3323 7447 1
3673 4900 1
2312 678 1
6641 288 1
7393 1238 1
1238 6681 1
6681 772 1
5379 7053 1
7053 1639 1
1639 5586 1
5586 1932 1
5959 2192 1
6946 1353 1
1353 2030 1
4784 3189 1
3189 1506 1
7447 678 1
678 2844 1
2844 1575 1
2954 2030 1
3199 1817 2
1817 3672 1
3771 2176 1
326 1718 1
1718 2030 1
2752 4278 1
495 7077 1
4520 5250 1
5250 7607 1
6207 7297 1
7297 3547 1
2360 1575 1
1575 3880 1
3387 1235 1
1235 7607 1
7016 4828 1
4753 352 1
1 4509 1
4509 772 1
772 7467 1
7467 5565 1
7447 7560 1
2030 6527 1
6527 5487 1
6021 1 1
2910 7300 1
7300 4766 1
5245 2030 1
3432 2910 1
2910 2703 1
2703 7189 1
4949 1551 1
7447 5368 1
5368 2910 1
3675 1233 1
1233 364 1
4735 482 1
1492 3789 1
3789 2716 1
3625 3199 1
6125 2479 1
2479 2176 1
2176 5252 1
5252 3132 1
3132 3672 1
3672 4663 1
6990 3380 1
7297 4710 1
2910 1619 1
6234 5832 1
3672 7393 1
7393 626 1
626 3431 1
3672 4860 1
4860 7607 1
2030 4319 1
4319 4244 1
4826 712 1
352 2884 1
2884 5039 1
5039 2030 1
1087 245 1
245 2801 1
2801 6995 1
4875 3410 1
1 6021 2
6021 772 2
1579 3332 1
5832 2715 1
2715 7607 2
5736 668 1
668 6159 1
6159 6326 1
5865 364 1
3774 6023 1
6023 1389 1
1389 7447 1
3600 5281 1
6998 1551 2
1551 4520 1
4520 1639 1
3414 2169 1
6998 3671 1
7447 6428 1
1551 3896 1
3896 3671 1
442 3647 1
7365 364 1
3265 179 1
179 3671 1
3026 6123 1
6123 6745 2
6745 6900 1
5841 1970 1
1970 5690 1
5690 3387 1
3387 1551 1
5838 6044 1
7447 176 1
176 3349 1
3349 2716 1
2716 718 1
718 2716 1
2716 1087 1
3671 3543 1
3543 7167 1
7167 2176 1
353 6641 1
3672 5047 1
5047 7598 1
7598 6982 1
6982 3387 1
7447 4748 1
4748 1579 1
1579 4418 1
3763 1727 1
5908 7449 1
2932 3582 1
3582 1 1
3672 4413 1
4413 564 1
5086 5908 1
2030 4426 1
4426 7607 1
7607 3598 1
2030 5067 1
5067 7607 1
5967 3970 1
3970 999 1
2879 6205 1
6205 3672 1
3672 5113 1
1416 5832 1
7607 5503 1
1087 2192 1
2192 6021 1
6021 7462 1
7462 2715 1
3282 125 1
125 3772 1
3772 2030 1
711 6409 1
3199 5281 1
5281 2616 1
2616 5832 1
3673 7384 1
7384 2099 1
7159 2616 1
2588 678 1
678 5978 1
5978 1029 1
1029 272 1
272 2099 1
2099 2931 1
3672 3332 2
3332 604 1
7449 4649 1
6128 6721 1
6721 6709 1
772 220 1
220 2030 2
3671 2950 1
2950 2169 1
7166 363 1
3672 4496 1
4496 7607 1
5802 2099 1
2099 6162 1
6162 7336 1
5300 4305 1
7598 7149 1
7149 3672 1
6645 1110 1
1110 2030 1
2030 4073 1
2176 7016 1
7016 3672 1
3672 4766 1
2574 2030 1
7607 1256 1
1817 6775 1
4826 1577 1
1577 3643 1
2030 1186 1
2715 4892 1
7016 5460 1
5460 7607 1
7016 1970 1
1970 7300 1
7449 7005 2
2192 219 1
219 3387 1
1506 5177 2
5177 6745 1
4887 6368 1
6368 3970 1
3970 3323 1
3323 2030 1
7607 6417 1
2030 7025 1
7025 5182 1
5182 2169 1
2169 7202 1
7202 1425 1
1057 3672 1
3672 7135 1
7135 2932 1
4590 6128 1
3672 7394 1
7394 4649 1
4649 3387 1
3387 3382 1
2879 6744 1
6744 253 1
253 7447 1
275 3382 1
3382 3672 1
3199 3585 1
2932 1858 1
1858 2030 1
6336 575 1
1579 6023 1
3672 5908 1
5908 4875 1
7447 1396 1
1396 2030 1
3672 5975 1
5975 1097 1
1097 3718 1
6368 4073 1
1681 6449 1
6449 6234 1
6234 3896 1
3369 6123 1
3432 6023 1
5832 1198 1
1198 518 1
3673 2433 1
2433 3785 1
3785 2030 1
4331 6449 1
6449 1087 1
3825 4196 1
4196 2192 2
2192 4196 2
792 4618 1
4873 3332 1
3369 4196 1
4196 3414 1
2010 1660 1
1660 3671 1
3671 4880 1
4880 364 1
4520 2519 1
2519 1028 1
3675 6901 2
363 4597 1
4597 2030 1
2046 5999 1
5999 3789 1
3789 6012 1
6012 7607 1
3199 710 1
710 1579 1
5468 5214 1
5214 3387 1
2879 4882 1
4882 3199 1
7121 3672 1
3672 732 1
732 4196 1
4196 2176 1
2176 921 1
921 3671 1
4249 4828 1
3672 2323 1
2323 6937 1
363 6775 2
6286 2932 1
2932 2740 1
7600 6452 1
6452 2030 2
3672 2335 1
5832 5933 1
5933 1639 1
6385 5802 1
2030 2546 1
2546 3118 1
3118 7607 1
7607 6413 1
6413 4196 1
4196 1639 1
4680 482 1
796 3672 1
6775 4209 1
6775 6122 1
6122 4278 1
7453 3222 1
3222 2030 1
5967 6728 1
3672 738 1
3671 1619 1
1619 275 1
3672 6529 1
6529 4860 1
4249 364 1
1425 7449 1
7449 5024 1
5024 4782 1
4782 2932 1
2171 7479 1
7479 5678 1
5678 3100 1
2030 3049 1
3049 5049 1
5049 3233 1
2510 5047 1
5047 6641 1
7447 7617 1
7617 1571 1
1571 4771 1
4771 7607 1
4520 734 1
7390 4766 1
1 6452 1
2030 1551 2
5838 4756 1
4756 1639 1
1639 6745 4
6745 364 1
1425 7390 1
3970 6002 1
7299 4286 1
4286 1337 1
364 5077 1
5077 467 1
364 3659 1
3659 7449 1
5422 124 1
124 2176 1
2030 1453 1
2546 7277 1
7277 2030 2
3411 1311 1
364 6188 1
6188 6522 1
6522 7339 1
7339 5994 1
3387 1492 1
1087 3275 1
3275 6641 1
1091 407 1
3199 3194 1
3671 554 2
554 3543 1
3543 2030 1
2030 3559 1
3559 1878 1
3279 3956 1
3956 4828 1
2510 275 1
467 6382 1
6382 4286 1
4286 3233 1
3233 2312 2
4233 6641 1
2102 6775 1
2510 2702 1
2702 467 1
467 1934 1
1934 4215 1
6995 4820 1
4820 2982 1
6983 772 1
1970 5797 1
5797 1337 1
2030 3899 1
3899 3671 1
711 1915 1
1915 3387 1
3671 3801 1
3801 364 1
5851 7259 1
6253 4217 1
3723 4740 1
4740 2932 1
5468 5062 1
5062 7348 1
7348 3199 1
275 6073 1
6073 548 1
548 364 1
2030 6074 1
6074 1579 1
2932 7268 2
586 4553 1
5036 3671 1
554 2099 2
2099 3671 1
61 1575 1
1575 554 1
554 3199 1
6708 3710 1
3710 711 1
1892 3194 1
3647 7259 1
7259 363 1
363 1285 1
1285 1246 1
1246 7208 1
7208 5832 1
1301 2169 1
5009 333 1
333 2030 1
772 3048 1
3048 2030 1
6995 3933 1
1579 5798 1
5798 712 1
2932 5367 1
5367 2030 1
6866 788 1
788 6449 1
6449 1411 1
3673 1191 1
1191 7393 1
7393 2996 1
2996 4828 1
3671 3299 2
3299 3233 2
5036 6858 1
3178 2715 1
3600 5395 1
5395 3199 1
3199 889 1
889 1 1
6346 7447 1
2879 3763 1
2030 4505 1
4505 2316 1
2316 2932 1
3671 6447 1
6447 4233 1
4233 1 1
6462 303 1
303 2030 1
2030 4142 1
4142 4437 1
4437 7607 1
5959 2756 1
2756 2001 1
2369 769 2
769 1068 1
1068 364 1
1600 5759 1
5759 7607 1
6408 6641 1
6044 736 1
736 7447 1
3310 3419 1
3419 7475 1
7475 4651 1
2811 3854 1
3854 873 1
873 7600 1
7298 5959 1
2370 4670 1
3410 3414 1
2030 4078 1
4078 1422 1
1422 7607 1
795 6901 1
3320 4046 1
4046 5832 1
5832 5323 1
5323 2030 1
2030 2370 1
352 3316 1
3316 363 1
363 6610 1
2030 496 1
3199 5737 1
5737 4828 1
352 5867 1
538 2030 1
3600 2644 1
5249 1454 1
1454 238 1
238 7449 1
3672 3642 1
3642 6641 1
5047 5337 2
5337 6655 2
6655 1368 2
1368 5972 2
5972 7166 2
519 263 1
263 1653 1
1653 2030 1
2030 4919 1
4919 3233 1
5746 5929 1
5929 5925 1
363 2074 1
2074 524 1
6269 1723 1
1723 7607 1
7607 4665 1
4665 7600 1
3233 6933 1
1334 6645 1
3233 6483 1
6483 6875 1
2030 1871 2
1871 7297 1
7297 3509 1
3509 3671 1
6655 6641 1
1425 4487 1
4487 1233 1
6396 3387 1
6655 1884 1
1884 2030 1
7166 6866 1
6866 5233 1
5233 2807 1
2807 2180 1
2180 7390 1
5468 6146 1
6146 6641 1
6641 6964 1
6964 7447 1
3233 6023 1
711 6901 1
6901 6882 1
6882 7156 1
6368 6641 1
7607 6721 1
6721 4419 1
4419 3673 1
3673 4392 1
7121 3671 1
3671 6316 1
3673 6592 1
3671 125 1
769 7277 1
2715 6730 1
364 1661 1
1661 2030 1
2910 3475 1
3475 462 1
462 6849 1
5009 4229 1
3970 2584 1
6721 5190 1
5190 3671 1
3199 4409 1
4409 3356 1
3233 1334 1
3282 1506 1
1225 1411 1
1411 2996 1
2996 5044 1
5044 7598 1
3970 4850 1
4850 6728 1
6730 3279 1
1970 214 1
214 7600 1
1411 1639 1
3671 3634 2
3634 1337 1
6645 7114 1
2829 3431 1
4057 2002 1
2002 5832 1
7390 7297 1
5832 1378 1
1378 6004 1
6004 6866 1
1337 3970 1
7298 4795 1
4795 2030 1
1871 7449 1
3634 577 1
2185 609 1
609 6641 1
3673 3448 1
3448 5379 1
3789 7441 1
7441 6004 1
6004 275 1
3199 5797 1
5797 4826 1
6271 6240 1
3671 3614 1
3614 7348 1
7348 4828 1
7415 6890 1
6890 2030 1
2169 7268 1
586 3279 1
3279 2927 1
2030 1979 1
1979 3387 1
7297 5978 1
5978 3199 1
3199 568 1
7607 2185 1
2185 4137 1
4137 6707 1
1411 2176 1
6744 2815 1
2815 340 1
340 2431 1
7607 4943 1
4943 7607 1
7607 2103 1
518 3546 1
3546 3155 1
3155 6775 1
4500 7087 1
7087 7447 1
6021 5601 1
5601 2312 1
2312 5658 1
5258 3410 1
3410 4207 1
5722 5594 1
5594 112 1
1454 711 1
711 6900 1
5841 6771 1
6771 1301 1
2360 6745 1
6745 1 1
5838 309 1
309 4257 1
4677 3671 1
6775 1111 1
5841 5069 1
5069 1874 1
6370 2910 1
2193 4472 1
4472 5656 1
5656 7449 1
7449 1693 1
1693 2022 1
2022 5768 1
5768 3387 1
3671 6368 1
6396 6368 1
363 232 1
232 1 1
3199 1122 1
2176 2312 1
5086 6641 1
5308 7406 1
4621 3776 1
3776 788 1
788 2932 1
7362 6900 1
6234 560 1
560 3672 1
3672 5959 1
2001 7449 1
2030 5985 1
5985 5830 1
6462 7503 1
7503 2030 1
772 2879 1
2879 5461 1
5461 4828 1
772 6029 1
6029 4057 1
6995 1416 1
1416 6641 1
6641 6370 1
2030 6397 1
6397 2030 1
1321 7482 1
7482 5332 1
3600 7447 1
5308 364 1
364 1974 1
1974 5673 1
5673 2030 1
3673 728 1
6122 4882 1
6269 4673 1
4673 3851 1
3575 2030 1
2176 1225 1
7607 1425 1
4229 772 1
4735 1087 1
6575 6044 1
7598 256 1
256 3387 1
7598 577 1
1087 7460 1
7460 1777 1
1777 6690 1
142 6872 1
6044 6898 1
6898 7607 1
6245 6044 1
3672 566 1
7393 6021 1
363 5220 1
5220 2192 1
2192 772 1
1298 6744 1
2910 3742 1
3742 112 1
6775 245 1
2842 3742 1
3742 110 1
110 3431 1
7600 2715 1
2715 6735 1
6735 245 1
3723 303 1
303 3332 1
3199 303 1
303 7607 1
3742 7607 1
6775 2910 1
2910 1717 1
1717 7598 1
2176 7526 1
7526 5959 1
3671 5565 1
5565 1 1
3199 4058 1
2030 6659 1
3671 268 1
7607 180 1
180 568 1
568 1225 1
2009 6897 1
6897 7598 1
7598 6483 1
6483 2910 1
2910 2733 1
2733 6837 1
6837 7339 1
3241 7365 1
7365 2171 1
5047 6663 1
6663 5908 1
381 4217 1
2030 3669 1
2030 6068 1
482 795 1
2176 6839 1
6645 795 1
640 3199 1
363 1802 1
1802 2030 1
5047 6351 1
6351 5747 1
5747 1039 1
5353 2030 1
3789 5479 1
2030 6417 1
6417 2030 1
4478 4244 1
4389 364 1
5959 456 1
3672 1820 1
1820 364 1
2030 4801 1
4801 2648 1
1492 2119 1
2119 364 1
2234 381 1
381 7201 1
7201 245 1
2802 2030 1
3090 7259 1
7259 2500 1
1234 7449 1
363 6111 1
6111 1 1
1416 5223 1
5223 1966 1
1966 6745 1
6745 5832 1
2732 364 2
7540 7447 1
3199 2141 1
2141 772 1
7447 3118 1
3118 6249 1
6249 4949 1
5047 124 1
3673 7115 1
7115 2910 1
7607 1456 1
1456 2030 1
2910 5891 1
2312 4976 1
4976 6241 1
3199 4321 1
4321 1 1
1 4249 1
4249 6858 1
1028 275 1
1455 3194 1
3194 7389 1
363 220 1
2910 5844 1
1970 5959 1
5959 6897 1
6897 3414 1
3414 6990 2
6990 364 1
6168 3380 1
795 2702 1
3231 7137 1
7598 6493 1
6493 2030 1
2171 1966 1
1966 1468 1
1468 5832 1
7053 5897 1
5897 2030 1
2030 3109 1
3109 467 1
467 2910 1
6189 6901 1
5802 7419 1
7419 5977 1
2811 3878 1
3878 795 1
6125 4466 1
6023 3410 1
1639 3411 1
3411 6141 1
6141 3414 1
6872 4695 1
4695 1498 1
7607 4309 1
4309 1520 1
1520 2046 1
3432 3387 1
6641 1117 1
2879 3771 1
2030 7617 1
5844 5451 1
6730 750 1
750 6143 1
6143 2030 1
2030 4397 1
4397 2732 1
3673 6658 1
6658 3609 1
3609 6781 1
6781 2438 1
2438 2312 1
3673 1227 1
1227 2376 1
2376 2030 1
6995 7121 1
7121 3158 1
3158 2879 1
6690 5461 1
5461 6080 1
6080 1526 1
1526 6946 1
6946 3387 1
3387 2103 1
518 1575 1
6744 1774 1
3723 587 1
587 5832 2
3673 587 1
2510 1087 1
125 7049 1
7049 2030 1
518 5832 1
1225 5832 1
5832 112 1
3233 2370 2
2370 5832 1
3970 6010 1
6010 4766 1
1600 5978 1
4735 5489 1
3199 6905 1
6905 3671 1
5841 112 1
4519 1619 1
3723 6655 1
7259 2932 1
364 7348 1
7348 4521 1
3199 441 1
441 554 1
5219 6775 1
6775 6641 2
2473 1057 1
3671 5889 1
3397 5523 1
5523 2176 1
2176 1582 1
1582 2030 1
2471 7607 1
4900 1821 1
1821 3671 1
3671 1259 1
1259 1619 1
2811 910 1
910 3671 1
3199 5449 1
5449 3671 1
1600 5927 1
2910 7447 1
2715 7299 1
7598 6010 1
6010 1087 1
1575 3373 1
3373 1492 1
4520 7607 2
6775 6730 1
6730 6461 1
7075 7055 1
2782 6775 1
6554 7447 1
7299 5219 1
7602 3672 1
5844 6641 1
5929 1670 2
1670 1243 2
3671 635 1
635 6641 2
1600 6044 1
2803 6872 1
3671 3743 1
3743 5468 1
5927 678 1
6641 644 1
644 3349 1
6044 6428 1
524 1614 1
1614 7607 1
363 5056 1
5056 1225 1
4520 7302 1
7302 4244 1
4244 7177 1
7177 364 1
2477 2638 1
2802 6900 1
4583 7607 1
2339 3672 1
3199 6507 1
6507 1966 1
1966 5379 1
1256 5832 1
5832 7059 1
7059 2030 1
6781 31 1
31 3015 1
3015 4190 1
4190 6900 1
5841 316 1
6641 3477 1
3477 3672 1
3199 3882 1
3882 3672 1
4209 2982 1
2982 3672 1
5967 6979 1
2777 4346 1
2473 4828 1
6462 1970 1
1970 1596 1
1596 7607 1
7607 821 1
821 3926 1
3926 2030 1
678 7406 1
3320 711 1
711 6750 1
4583 930 1
930 2030 1
3672 751 1
751 1073 1
2932 6745 1
6745 4281 1
4281 3979 1
3979 2009 1
2009 712 1
352 2132 1
2132 3671 1
7297 6872 1
6872 3797 1
3797 6775 1
2780 3797 1
3797 245 1
5841 3342 1
6641 2070 1
2070 407 1
3199 6775 1
6021 6775 1
1600 6775 1
1966 6872 1
7217 678 1
7600 1090 1
1090 5685 1
5685 6645 1
6645 6324 1
6324 2176 1
2176 2842 1
2842 6775 1
6641 3342 1
3342 7607 1
3199 7004 1
3671 7295 1
1298 872 1
872 2086 1
2473 1033 1
4761 3387 1
3387 7455 1
7298 6901 1
6645 3982 1
3982 518 1
518 2192 1
756 5489 1
5838 2312 1
363 2839 1
2176 5428 1
6315 2030 1
2030 477 1
477 2932 1
6247 6044 1
6044 6645 1
6645 5289 1
5289 2431 1
2431 6282 1
6282 3671 1
3671 1184 1
1184 6116 1
6116 4828 1
3600 2887 1
2887 364 1
2816 3356 1
7414 364 1
352 6900 1
4583 772 1
5047 957 1
6645 6841 1
6841 4595 1
4595 7447 1
2312 2821 1
7205 5092 1
5092 7607 2
6286 6866 1
3672 4059 1
4059 7607 1
3954 3332 1
3332 3022 1
7607 4696 1
4696 6900 1
6995 5007 1
7600 2030 1
3257 2768 1
2768 7447 1
2312 6900 3
5841 5092 1
5047 5832 1
7598 5080 1
5080 1492 1
979 3199 1
5652 4828 1
3671 7268 1
7268 3199 1
3199 2401 1
2401 2638 1
363 6635 1
3671 838 1
838 5056 1
5465 6641 1
3671 5141 1
5141 7447 1
3671 6021 1
2030 7033 1
7033 1364 1
4583 6775 1
6775 440 1
7075 364 1
1243 1337 2
1337 635 1
6286 1901 1
1901 467 1
7600 612 1
2216 7449 1
3742 5927 1
5927 3233 1
1 7630 1
7630 1368 1
7598 5504 1
5504 3199 1
6731 2176 1
3671 664 1
664 2879 1
2879 4644 1
4644 3743 1
3743 3233 1
4583 5657 1
5841 3084 1
3084 3672 1
6021 5036 2
5036 220 1
220 3672 1
4466 3414 1
678 3392 1
3392 1298 1
7598 4920 1
4920 5468 1
5468 3900 1
6641 3600 1
3600 125 1
769 2992 1
2992 1 1
5047 6666 1
6666 467 1
5413 6875 1
6875 6482 1
6482 2806 1
5468 964 1
964 4828 1
3199 4616 1
5841 2176 1
2176 6641 1
3084 6872 1
6872 1246 1
1246 4196 1
4196 7449 2
6872 4440 1
4440 1087 1
5036 3387 1
4618 6012 1
6012 6900 1
4583 2752 1
2030 6531 1
6531 4279 1
352 6001 1
6001 3199 1
6191 7607 1
7607 7383 1
7383 1315 1
1315 2716 1
2716 4350 1
4350 6626 1
6626 4196 1
6775 4196 1
4196 6166 1
5047 517 1
364 7395 1
7395 678 1
1600 518 1
5832 4873 1
4873 7607 1
1690 7607 1
7447 2066 1
851 3315 1
6379 6725 1
6872 6125 1
6125 3878 1
3878 364 1
7598 4165 1
4165 6312 1
6312 2030 1
3084 1579 1
3600 4196 1
7449 6318 1
6318 7447 1
7447 5034 1
5034 1419 1
3675 3332 1
3332 3675 1
3675 792 1
792 5046 1
3199 5356 1
5356 3387 1
2555 3675 1
7299 4922 1
4922 3672 1
3672 4253 1
4253 3431 1
1744 2932 1
1421 7447 1
7447 143 1
143 3199 1
3199 4921 1
4921 6641 1
6207 4327 1
6745 5981 1
363 7340 1
7340 2312 1
3671 7134 1
7134 4245 1
4245 7447 1
352 4245 1
4245 6962 1
3671 7176 1
7176 352 1
352 3742 1
3742 3233 1
2431 6995 1
5927 1 1
3183 1717 1
1717 1575 1
6962 6934 1
6934 1337 1
1337 7339 1
7339 2030 1
2030 3225 1
3225 6725 1
6725 6419 1
564 4244 1
2030 4086 1
4086 2546 1
2546 5056 1
5056 4553 1
3199 1398 1
1398 1368 1
1368 7142 1
7142 2030 1
3671 5927 1
2030 3796 1
3796 3671 1
1428 2932 1
4026 5832 1
5832 7525 1
7525 2030 1
1639 4813 1
4813 711 1
2030 1847 1
1847 3695 1
3695 467 1
467 4196 1
2030 6248 1
6248 467 1
3233 3660 1
3660 7449 1
5832 7194 1
5352 2030 1
2030 1524 1
1524 3730 1
3730 2030 1
352 1041 1
1041 2030 1
6730 3387 1
2176 6163 1
6163 2910 1
2910 5978 1
1600 3742 1
1337 3789 1
3789 7348 1
5841 7005 1
7005 2176 1
7298 4644 1
4644 1411 1
1411 7171 1
6745 3673 1
5093 6993 1
6993 5832 1
3673 3430 1
3430 2030 1
7137 3671 1
1227 3671 1
1577 7447 1
4492 2030 1
4507 3831 1
2910 4994 1
2030 733 1
733 2977 1
2977 6775 1
1337 6328 1
6641 6696 1
6696 6157 1
6157 2910 1
2910 7006 1
7006 2030 1
7298 2138 1
2138 2030 1
7055 3789 1
5464 1933 1
2932 1332 1
1332 3779 1
7607 628 1
248 3723 1
3723 2030 1
3675 3414 1
6735 5079 1
5079 7598 1
5079 4653 1
3723 363 1
6483 1966 1
1966 5978 1
5978 1 1
6775 268 1
268 1227 1
1227 1087 1
781 7041 1
7041 3921 1
3921 2518 1
2518 3411 1
1455 6225 1
6225 2030 2
4484 2125 1
2125 6524 1
6524 5056 1
5056 6901 1
6901 2111 1
2111 6655 1
2932 2112 2
6701 7302 1
7302 3239 1
3239 2932 1
1246 1 1
7598 4471 1
4471 6744 1
7449 4554 1
4554 6225 1
4618 4828 1
3836 3207 1
3207 6990 1
6990 442 1
973 3673 1
2030 5284 1
5284 3332 1
1579 6655 1
1421 2099 1
595 4244 1
2770 3671 1
7607 6988 1
6988 1 1
352 6767 1
6767 3671 1
442 1033 1
5455 4865 1
442 3387 1
6044 4643 1
4643 1425 1
363 7390 1
7390 5064 1
5064 1 1
2030 5624 1
5624 3671 1
3199 4438 1
4438 3414 1
678 2879 1
2879 4616 1
4616 5929 1
1302 2312 1
1934 4828 1
6775 6690 1
6690 4695 1
3404 5929 1
5929 5395 1
5395 2932 1
7523 2932 1
2932 7347 1
7347 565 1
565 7365 1
2811 6205 1
6205 2431 1
2431 7365 1
7393 4193 1
7415 5458 1
7600 4828 1
6080 7598 1
7598 612 1
612 4193 1
4193 2303 1
2303 6725 1
352 5937 1
5937 2030 1
5602 5355 1
5355 7036 1
7036 2932 1
6701 4828 1
5841 7299 1
7299 7143 1
7143 7607 1
2030 7354 1
7354 1 1
3199 884 1
884 7607 1
6995 5185 1
5185 2369 1
2369 5832 1
5832 4874 1
4874 1033 1
