4807 2548 1
2548 2358 3
2358 4586 3
4586 2934 3
2934 306 5
306 7296 38
7296 4150 1
4150 2784 1
2784 303 1
303 3665 1
3665 4206 2
4206 6313 1
6313 2548 1
306 3164 18
3164 2772 1
2772 303 1
303 6107 1
6107 2548 1
3164 6387 1
6387 303 1
303 5493 1
5493 4112 1
4112 4894 1
4894 9 1
9 933 1
933 3080 1
3080 53 1
53 6825 1
6825 3415 1
3415 306 1
306 7297 18
7297 2226 2
2226 2068 1
2068 3199 1
3199 1248 1
1248 1 1
1 2027 2
2027 3120 1
3120 1248 1
1248 7252 1
7252 2728 2
2728 5681 1
5681 5546 1
5546 6942 1
6942 1866 1
1866 1248 1
1248 3834 1
3834 1 1
1 6406 4
6406 7142 1
7142 3199 1
3199 6003 1
6003 5367 1
5367 7296 1
7296 4627 1
4627 3767 1
3767 980 1
980 705 1
705 3095 1
3095 3064 1
3064 1964 2
1964 3095 214
3095 3063 1
3063 1 1
1 2998 1
2998 3808 1
3808 6632 1
6632 4206 1
4206 2917 1
2917 5633 1
5633 4260 1
4260 2747 1
2747 2550 1
2550 1939 1
1939 5662 1
5662 401 14
401 7297 10
7297 6942 1
6942 5563 1
5563 7306 1
7306 1117 3
1117 7296 1
7296 3415 1
3415 4688 1
4688 7156 166
7156 108 5
108 3526 1
3526 2735 1
2735 7153 1
7153 4795 1
4795 293 1
293 7156 6
7156 684 29
684 2747 4
2747 4016 1
4016 6209 1
6209 306 2
306 980 1
980 4301 1
4301 3467 1
3467 1403 1
1403 1964 12
1964 7296 20
7296 3528 15
3528 3095 57
3095 6710 3
6710 9 1
9 700 1
700 5005 4
5005 7306 4
7306 3254 25
3254 3095 145
3095 1944 100
1944 1479 1
1479 3095 17
3095 7154 5
7154 2227 2
2227 4206 1
4206 2923 2
2923 4901 1
4901 6508 1
6508 6055 13
6055 3259 1
3259 7296 10
7296 3095 84
3095 99 2
99 7297 1
7297 2227 2
2227 2982 1
2982 2730 1
2730 2639 1
2639 6436 1
6436 1964 1
1964 306 83
306 3408 8
3408 3095 3
3095 3808 12
3808 2873 1
2873 2246 1
2246 3526 1
3526 4964 1
4964 3259 1
3259 306 10
3095 6405 23
6405 6736 11
6736 2873 1
2873 7296 1
7296 3254 14
3254 7306 7
7306 1482 32
1482 3095 41
3095 455 53
455 6412 6
6412 7099 6
7099 7158 2
7158 6044 3
6044 3095 17
3095 630 3
630 2413 1
2413 6655 1
6655 4458 10
4458 1964 2
1964 340 4
340 1114 1
1114 5306 8
5306 1482 1
1482 2828 1
2828 5005 1
5005 6655 1
4458 7296 1
7296 6538 9
6538 6055 33
6055 3527 1
3527 6655 1
6655 5005 1
5005 2828 2
2828 1964 3
1964 5005 26
5005 340 1
340 1414 3
1414 5474 1
5474 306 1
7297 5676 7
5676 2227 1
2227 1964 9
1964 6420 11
6420 4742 1
4742 684 9
684 4763 1
4763 6506 1
6506 2241 1
2241 4853 1
4853 7306 1
7306 6740 22
6740 5005 1
5005 7296 25
7296 981 5
981 1 29
1 2302 1
2302 2227 1
2227 603 1
603 7102 2
7102 2817 3
2817 5662 76
5662 6508 13
6508 3028 1
3028 1196 1
1196 1801 1
1801 1041 1
1041 306 1
306 4034 10
4034 1964 6
1964 5295 1
5295 4490 1
4490 2817 1
2817 4112 1
4112 7219 1
7219 6638 11
6638 1335 6
1335 2841 4
2841 236 3
236 1964 6
1964 684 98
684 1952 1
1952 6412 1
6412 303 7
303 2472 1
2472 1198 2
1198 5993 1
5993 6275 3
6275 3290 1
3290 6320 1
6320 6640 14
6640 684 1
684 7296 59
7296 450 1
450 1964 12
1964 4472 7
4472 306 7
306 77 3
77 1964 2
1964 2102 12
2102 200 2
200 1195 2
1195 2817 5
2817 6223 9
6223 4487 1
4487 4112 1
4112 1335 2
1335 4840 1
4840 1964 1
1964 6405 35
6405 2418 1
2418 985 2
985 3095 3
1944 2440 8
2440 2789 1
2789 6412 1
6412 6759 2
6759 2083 1
2083 340 1
1414 6868 1
6868 7306 1
7306 1964 147
1964 4554 3
4554 7156 3
7156 303 25
303 7306 24
7306 596 1
596 6506 1
6506 7306 46
7306 6656 5
6656 3527 34
3527 306 16
306 1340 31
1340 1539 1
1539 3102 1
3102 6736 1
6736 3808 35
3808 3527 2
3527 1347 1
1347 682 1
682 4615 1
4615 1964 6
1964 4914 1
4914 5131 1
5131 3107 1
3107 303 1
303 6464 1
6464 306 1
306 2295 42
2295 7306 6
7306 450 23
450 1114 34
1114 1964 95
1964 6733 8
6733 2904 1
2904 3565 1
3565 5754 2
5754 6221 3
6221 2584 1
2584 1699 1
1699 3565 1
3565 306 2
306 6538 52
6538 1502 25
1502 231 1
231 2011 1
2011 5693 1
5693 1964 4
1964 5831 16
5831 5281 1
5281 564 1
564 1537 1
1537 3477 1
3477 6538 1
6055 7306 4
7306 3794 2
3794 1964 2
1964 5470 9
5470 7156 8
7156 2846 1
2846 7181 1
7181 5297 2
5297 4931 1
4931 1964 2
1964 7306 136
7306 6494 44
6494 1479 1
1479 7306 23
7306 378 6
378 2097 4
2097 340 1
340 1964 5
1964 303 45
303 400 3
400 5779 13
5779 7015 1
7015 3290 1
3290 7306 12
1964 378 4
378 340 1
340 4563 1
4563 2906 1
2906 7306 9
7306 3364 1
3364 7306 3
7306 102 1
102 1563 1
1563 3430 1
3430 1964 1
1964 682 23
682 1403 8
1403 5938 1
5938 3259 1
3259 5400 1
5400 3254 1
3254 3327 1
3327 6656 1
3527 2841 9
2841 6788 4
6788 3095 2
3095 303 141
303 3565 6
3565 3527 2
3527 3464 1
3464 7306 1
7306 306 45
306 684 15
684 3263 2
3263 6405 1
6405 7156 125
7156 7306 150
7306 6506 22
6506 1964 19
1964 1944 12
1944 7156 74
7156 4677 1
4677 1964 1
1964 7054 4
7054 1195 15
1195 6996 2
6996 2107 1
2107 5759 1
5759 1964 2
1964 3565 30
3565 684 1
684 4386 1
4386 4648 1
4648 2097 1
2097 6741 3
6741 340 2
340 1901 1
1901 306 1
306 2273 2
2273 1964 2
1964 6626 28
6626 6736 6
6736 3240 1
3240 3161 11
3161 303 18
303 3534 1
3534 3189 1
3189 4990 1
4990 516 1
516 1 1
1 5820 1
5820 1550 1
1550 6246 7
6246 3240 1
3161 6186 1
6186 4927 1
4927 1550 1
1550 1464 1
1464 2906 1
2906 4280 1
4280 4387 6
4387 340 1
340 3095 2
3095 2886 1
2886 989 1
989 1964 17
3095 4124 1
4124 3163 1
3163 2896 1
2896 1464 1
1464 1 3
1 1464 1
1464 303 1
303 306 37
3095 4098 9
4098 3467 1
3467 6506 14
6506 4097 1
4097 7156 2
7156 2102 4
2102 414 1
414 5712 1
5712 5676 1
5676 4112 2
4112 5779 9
5779 6490 1
6490 2532 1
2532 1191 1
1191 2472 1
2472 682 1
682 3458 1
3458 1964 1
1964 3410 1
3410 294 1
294 3954 1
3954 3528 1
3528 7013 1
7013 3528 1
3528 5098 1
5098 6059 1
6059 1964 1
1964 5119 1
5119 3095 1
3095 306 19
306 4920 2
4920 2614 1
2614 306 2
306 3904 13
3904 1502 5
1502 1195 3
1195 4626 3
4626 6741 5
340 1371 1
1371 6504 1
6504 2226 1
2226 1964 2
1964 3079 3
3079 7154 1
7154 7306 3
7306 5005 7
5005 2746 1
2746 306 1
306 6591 1
6591 1 1
1 7306 110
7306 5131 8
5131 5396 2
5396 3634 2
3634 2608 3
2608 1263 1
1263 6538 49
6538 7017 2
7017 6748 2
6748 7102 1
7102 1191 19
1191 2306 1
2306 2107 1
2107 344 10
344 3527 4
3527 5038 1
5038 7156 1
7156 7297 15
7297 5681 32
5681 2746 1
2746 1123 1
1123 4510 2
4510 1964 4
7306 6186 14
6186 6223 5
6223 3147 1
3147 4079 1
4079 7306 1
7306 7016 20
7016 2841 2
2841 4409 4
4409 5890 1
5890 7306 7
7306 1868 7
1868 2460 1
2460 1964 3
7306 6171 9
6171 5390 1
5390 6656 1
6656 340 5
340 3259 1
3259 3527 5
3527 3095 38
3095 4371 8
4371 5848 1
5848 7156 227
7156 7296 104
7296 1429 1
1429 4857 1
4857 1964 1
1964 3808 10
3808 3196 1
3196 1964 1
7306 2906 13
2906 3634 1
3634 3527 4
3527 3775 1
3775 295 1
295 1502 1
1502 6412 3
7099 3003 1
3003 2841 1
2841 7159 3
7159 3302 1
3302 7102 18
7102 1964 2
1964 4549 1
4549 3095 3
3095 2029 8
2029 603 1
603 1964 24
340 6494 1
6494 3279 1
3279 5662 1
5662 5754 14
5754 2746 1
2746 2236 2
2236 3526 31
3526 3527 6
3527 1126 5
1126 3095 18
3095 5589 1
5589 1114 1
1964 570 24
570 2440 2
2440 3526 7
3526 3293 3
3293 1479 1
1479 1122 1
1122 1121 1
1121 4510 2
4510 5676 1
5676 4546 2
4546 1 1
7306 5626 3
5626 1550 1
1550 6490 12
6490 7156 29
7306 3286 3
3286 2460 1
2460 1 1
1 5676 49
5676 3101 1
3101 3301 1
3301 6392 1
6392 7296 2
3254 1475 1
1475 2744 1
2744 3527 1
3527 5818 3
5818 2725 2
2725 6811 26
6811 4615 1
4615 6849 1
6849 6221 1
6221 1170 1
1170 306 1
306 3815 1
3815 2107 1
2107 5287 35
5287 306 11
7296 634 10
634 3938 1
3938 2097 1
2097 3527 10
2841 1537 2
1537 1964 1
1964 6186 2
6186 1502 3
1502 4969 1
4969 2097 4
2097 7306 28
7306 5662 20
5662 273 1
273 7054 1
7054 7077 5
7077 3527 1
3527 2097 3
7306 4877 3
4877 3259 1
2295 340 1
340 356 2
356 3527 1
3527 3609 1
3609 7306 3
306 4408 11
4408 1114 2
1114 7306 22
7306 293 38
293 1322 1
1322 1964 1
3095 866 5
866 4686 1
4686 7054 2
7077 303 1
303 5910 2
5910 5976 1
5976 1964 1
7306 684 40
684 381 2
381 2841 1
2841 6297 6
6297 1 3
1 2725 3
6811 684 3
684 4966 1
4966 3095 1
3095 2212 1
2212 3264 1
3264 2841 2
6297 930 1
930 3095 1
3095 5899 1
5899 6405 1
6405 930 1
930 5831 1
5831 5987 5
5987 3095 1
3095 1915 1
1915 1964 3
3095 4704 1
4704 930 1
930 400 1
5779 2107 5
2107 5921 23
5921 4686 1
4686 3527 7
3527 6223 3
6223 5104 2
5104 3050 1
3050 4816 1
4816 1 1
1964 5848 87
7156 7015 4
7015 293 5
293 6618 1
6618 4558 6
4558 3527 2
3527 5131 1
5131 418 1
418 1 2
3254 4098 11
4098 3095 6
3095 1417 19
1417 2553 1
2553 293 11
293 6733 1
6733 2447 1
2447 1263 1
6538 7306 14
6656 3528 52
3528 2909 2
2909 1 1
1 2446 3
2446 684 1
684 5274 71
5274 2725 1
6811 5848 1
7296 3808 9
3808 1428 1
1428 5662 1
5662 2747 2
2747 6259 2
6259 7156 2
7156 3527 32
3527 5676 5
5676 3250 1
3250 293 2
293 6405 5
6405 3095 17
3095 5848 36
5848 3527 7
3527 6209 2
6209 3095 3
3095 1060 1
1060 7158 1
7158 4558 2
4558 306 9
306 5409 1
5409 3259 1
3259 7306 30
7306 3095 158
455 3254 2
3254 7014 3
7014 306 3
6538 7158 25
4558 6618 3
6618 1502 4
1502 2446 1
2446 3527 1
3527 4558 1
4558 1964 3
1964 5568 17
5568 7156 32
7156 1964 30
1964 6209 7
303 3259 5
3259 981 2
981 7306 55
7306 7296 37
3095 6223 53
6223 684 1
5274 3241 3
3241 6495 2
6495 3095 3
303 3467 7
3467 3191 1
3191 6626 1
6626 3527 8
3527 5221 2
5221 5473 3
5473 5005 10
5005 5409 1
5409 1964 1
1964 4386 25
4386 1964 14
4386 269 1
269 293 23
293 1187 1
1187 6420 1
6420 3254 1
3095 2906 25
2906 1944 1
1944 5041 1
5041 7054 1
1195 5662 1
5662 55 1
55 1114 1
1114 5438 1
5438 1964 1
6405 1263 1
1263 5885 1
5885 354 1
354 7306 1
7306 7160 5
7160 3095 10
3808 4547 3
4547 3259 2
7296 3566 1
3566 3095 2
6223 6171 1
6171 6506 1
6506 2107 4
2107 3527 14
3527 1417 1
1417 4558 1
4558 2532 2
2532 6618 1
6618 6538 1
6055 1 4
1 3527 25
3527 981 7
981 3207 12
3207 3226 4
3226 4206 1
4206 2122 1
2122 452 1
452 7306 4
7306 3808 16
3808 3378 7
3378 4688 1
7306 7017 5
7017 303 1
303 5662 19
5662 3528 86
3528 500 7
500 2725 1
684 2097 6
4877 6405 1
7156 306 31
7306 2909 1
2909 1964 3
1964 5774 1
5774 3808 3
3808 5912 1
5912 5890 1
5890 306 1
306 2286 28
2286 4369 1
4369 3116 1
3116 1964 14
1964 6223 42
6223 2753 2
2753 1 1
1 4626 27
4626 6538 43
6538 684 6
684 2531 2
2531 6135 5
6135 7306 3
7306 4275 2
4275 2097 3
2097 5779 14
5779 2865 2
2865 5662 1
5662 3436 1
3436 5737 1
5737 1964 8
1964 4645 3
4645 3526 1
3526 2841 23
2841 6246 8
6246 5820 1
5820 3925 1
3925 3501 1
3501 1964 8
1964 4579 1
4579 1417 1
1417 3302 7
3302 7103 2
7103 402 1
402 6506 1
6506 3254 10
3095 764 24
764 6412 2
6412 2974 2
2974 6535 1
6535 7018 1
7018 4521 3
4521 5726 1
5726 1897 1
1897 1964 2
1964 2543 4
2543 306 1
306 2517 44
2517 7202 1
7202 6405 1
6405 4026 1
4026 928 1
928 1130 1
1130 6892 1
6892 6928 2
6928 1947 1
1947 2442 3
2442 4510 1
4510 5968 1
5968 303 9
303 2107 13
2107 2403 1
2403 2252 1
2252 1964 1
1964 875 2
875 6017 1
6017 1947 1
2442 5890 1
5890 4510 1
4510 1 1
1 404 1
404 684 1
684 3092 1
3092 7160 1
7160 1964 2
7306 3240 10
3240 3095 33
3095 2789 150
2789 4552 11
4552 3302 1
7102 3526 3
3526 7209 1
7209 1964 1
1964 3634 12
3634 7296 18
7296 4112 1
4112 6145 5
6145 6656 3
6656 7306 110
7306 96 2
96 2807 1
2807 4686 1
4686 306 3
2517 2442 1
2442 1823 2
1823 635 1
635 6538 1
6538 2107 31
2107 6253 1
6253 4848 1
4848 2236 1
2236 3529 1
3529 7016 1
7016 5470 1
7156 6656 35
6656 3526 103
2841 1435 5
1435 1964 3
2789 1267 3
1267 7158 1
7158 3526 13
3526 4552 1
4552 1964 2
1964 3526 62
3526 3095 98
3095 2506 1
2506 6155 1
6155 306 1
306 2741 3
2741 603 1
603 3529 5
3529 5869 1
5869 4112 1
4112 3284 11
3284 1964 5
1964 6537 2
6537 7306 1
7306 6223 28
6223 6405 6
6405 6275 2
6275 1964 5
1964 6536 2
6536 6405 1
6405 1868 2
1868 7158 2
7158 2441 2
2441 303 1
5662 7306 28
7306 1 20
1 6626 13
6626 1482 2
1482 3889 1
3889 6180 1
6180 2097 3
7306 2841 33
2841 4086 2
4086 7306 1
7306 3526 65
3526 3333 1
3333 7268 1
7268 5198 1
5198 2841 9
2841 5737 1
3095 6851 30
6851 3550 2
3550 2107 5
2107 3526 34
3526 401 8
401 6368 1
6368 7306 1
1964 5676 35
5676 1944 8
3095 2097 8
2097 1270 4
1270 4098 1
3095 295 13
295 4922 1
4922 1964 1
1964 1910 3
1910 3979 1
3979 5131 1
5131 1435 2
1435 306 1
306 5254 6
5254 6760 1
6760 7306 3
7306 649 7
649 4143 1
4143 6575 1
6575 5287 3
5287 2841 3
2841 2098 1
2098 1964 1
2102 5287 12
5287 4832 1
4832 7296 3
7296 2395 1
2395 4686 1
4686 450 7
450 3253 1
3253 3919 1
3919 5779 1
5779 2217 2
2217 560 2
560 7158 1
7158 3641 2
3641 348 2
348 1964 2
1964 644 5
644 3095 11
3095 6855 3
6855 7296 2
7296 4524 1
4524 2236 1
2236 2934 1
2934 4254 1
4254 1964 1
1964 501 2
501 6538 9
7158 4837 1
4837 2896 1
2896 1152 1
1152 4676 1
4676 3527 3
3527 6506 3
3095 5964 16
5964 7157 1
7157 6412 1
6412 6161 2
6161 2744 1
2744 303 23
303 1983 1
1983 3634 5
3634 99 3
99 2236 1
2236 6668 2
6668 3889 1
3889 7306 1
7306 261 7
261 306 5
306 1401 3
1401 7306 1
7306 3565 11
3565 5820 2
5820 1964 7
1964 1371 2
1371 6595 1
6595 306 1
1340 6456 1
6456 303 5
303 6486 5
6486 2107 4
2107 306 20
306 1064 12
1064 1964 8
1964 1947 3
1947 340 1
340 3254 1
3095 6748 7
6748 5068 1
5068 1287 1
1287 2737 1
2737 634 6
634 7306 15
7306 6846 10
6846 2107 8
2107 1130 3
1130 306 3
306 1018 65
1018 3081 1
3081 165 2
165 7088 2
7088 278 1
278 5010 1
5010 1149 1
1149 1 1
6538 3565 4
3565 6223 6
6223 6486 1
6486 6485 1
6485 4811 1
4811 5890 1
306 6452 20
6452 4206 1
4206 1203 6
1203 6571 1
6571 406 1
406 7160 1
7160 6420 1
6420 1156 1
1156 7306 1
7306 5831 12
5831 3095 1
3095 7196 2
7196 1964 1
1964 4959 6
4959 1964 2
1964 344 24
344 2442 2
2442 2838 1
2838 1477 2
1477 5968 3
5968 2837 2
2837 603 1
603 1910 3
1910 7306 1
6494 2838 1
2837 1 1
1 4686 164
4686 4181 1
4181 5737 1
1964 779 5
779 7113 1
7113 3501 1
3501 2841 1
2841 2434 6
2434 5687 3
5687 3772 1
3772 7306 1
7306 6104 1
6104 2841 1
2841 1920 14
1920 1964 4
1964 5075 1
5075 4206 1
1203 968 1
968 6405 2
6405 1964 123
1964 1480 24
1480 6538 2
7306 1308 1
1308 2817 1
2817 4625 9
4625 2841 4
2841 7074 6
7074 4112 1
4112 1361 2
1361 2669 1
2669 1203 2
1203 306 1
306 5681 12
5681 2295 1
2295 5664 1
5664 2880 1
2880 3235 1
3235 7158 1
7158 406 1
406 3095 1
3095 1632 1
1632 4112 1
4112 989 6
989 5167 1
5167 2717 8
2717 2470 1
2470 7306 1
7306 6163 1
6163 3302 1
3302 2318 1
2318 1964 1
1964 2903 1
2903 7255 2
7255 2817 4
2817 4951 1
4951 2841 1
2841 2343 1
2343 1964 1
1964 1842 2
1842 219 1
219 3116 1
3116 2725 3
6811 3526 1
3526 1896 2
1896 1233 1
1233 5831 3
5831 2841 10
2841 4598 2
4598 2470 1
2470 2817 1
2817 3808 3
3808 7015 9
7015 3526 2
3526 455 6
455 4688 2
3526 1550 18
1550 6145 6
6145 6263 1
6263 5737 1
5737 3526 1
3526 649 5
649 1964 4
1964 3506 3
3506 2719 3
2719 4959 1
4959 877 1
877 7224 2
7224 4686 2
4686 981 12
981 2440 1
2440 6420 5
6420 3526 5
3526 1482 13
1482 4631 1
4631 4686 1
4686 4284 2
4284 2841 1
7074 1964 2
1964 3617 3
3617 2107 1
5287 2669 3
2669 2817 1
2817 2744 2
303 1263 5
1263 3526 7
3526 1376 1
1376 3840 1
3840 3290 1
3290 1333 3
1333 303 77
303 634 3
634 5068 1
5068 4616 1
4616 1964 1
1964 3254 14
303 5968 8
5968 1 3
1 2817 17
2817 684 22
684 303 25
303 6405 7
6405 186 4
186 1402 1
1402 3634 1
3634 1402 1
1402 1964 9
344 6656 2
7306 1878 2
1878 3467 1
3467 2693 8
2693 2841 6
2841 2564 1
2564 1 1
1 4733 2
4733 3526 1
3526 7306 22
7306 233 3
233 4686 2
4686 1878 2
1878 6896 1
6896 4686 1
4686 6145 1
6145 2107 2
2669 2578 1
2578 1417 1
1417 1479 4
3095 4734 2
4734 5131 1
5131 7018 1
4521 7306 1
7296 5882 1
5882 5287 7
5287 4686 1
4686 1719 1
1719 1479 2
1479 6633 9
6633 927 1
927 306 3
306 1033 5
1033 2021 1
2021 2841 6
2841 4724 2
4724 2021 1
2021 7016 1
7016 1814 1
1814 1964 2
1964 3240 6
2789 570 1
570 2236 1
2236 3240 1
3161 7133 1
7133 6656 1
6656 6633 28
6633 3189 1
3189 1878 1
1878 306 1
306 401 19
401 2693 1
2693 5383 1
5383 6626 1
6626 1233 3
1233 1964 21
1964 981 140
981 4631 2
4631 2440 1
2440 7296 14
7296 926 1
926 1502 13
1502 700 8
700 347 2
347 7306 19
684 5966 2
5966 5746 1
5746 2122 1
2122 2481 1
2481 7306 11
7306 1944 40
7306 1187 5
1187 5820 1
303 5831 7
5831 4387 1
4387 3565 1
3565 7159 1
7159 3095 1
3095 6846 4
6846 1964 2
3526 6838 1
6838 2841 10
1920 2107 1
2669 7306 2
1964 6508 2
6508 4955 1
4955 6145 1
6145 2097 3
2097 1203 2
1203 1964 8
1964 877 2
877 3264 1
3264 6405 2
7156 1466 4
1466 3095 1
3095 1636 3
1636 2747 1
2747 3264 1
3264 6656 3
1878 3276 1
3276 6405 1
6405 1878 1
1878 7156 1
7156 5924 1
5924 855 2
855 2841 2
2841 950 10
950 1 5
4733 7306 1
4686 3079 1
3079 7133 1
7133 306 2
306 3276 1
3276 4686 2
1878 4206 1
4206 3276 4
3276 7306 1
5131 3095 6
1944 2107 26
2107 6840 1
6840 2841 2
2841 2693 18
2693 6412 2
2974 5054 1
5054 2719 1
2719 7219 1
7219 2021 3
2021 5802 3
5802 1 2
7306 2104 8
2104 7156 7
7156 2737 1
2737 1322 1
1322 6456 1
6456 6656 5
7306 7133 1
306 3471 1
3471 2693 1
2693 6186 1
6186 7306 2
7306 5568 20
7156 219 6
219 2719 2
2719 3250 1
3250 3095 5
866 3259 1
3259 2242 1
2242 5776 1
5776 1417 1
1417 6736 2
6736 4647 4
4647 1964 1
6626 2107 12
5287 1233 2
1233 3081 3
3081 1074 1
1074 1449 1
1449 4686 1
4686 1870 1
1870 1964 1
1964 6656 12
684 6186 5
6186 5068 1
5068 6538 1
6538 4211 1
4211 7306 2
7306 1938 1
1938 1477 1
5968 4997 1
4997 1099 1
1099 1964 3
1964 2817 60
2817 2841 13
2841 7138 6
7138 4570 1
4570 5181 1
5181 2107 1
2107 6506 70
6506 2817 11
2817 3734 1
3734 7179 1
7179 2841 7
2841 1217 3
1217 6538 1
6538 7208 2
7208 7306 2
7306 7156 20
7156 7016 11
7016 1259 1
1259 5979 1
5979 4859 1
4859 1233 1
1233 2097 1
1203 1 6
7306 5848 66
5848 7014 2
7014 3095 9
2906 3526 3
3526 5125 4
5125 1964 5
1964 4274 3
4274 7255 1
7255 1964 7
1964 6493 13
6493 6683 1
6683 7156 25
7306 3207 6
3207 2841 3
2693 6538 1
6538 5848 22
3526 2625 1
2625 5736 1
5736 2906 1
2906 293 11
293 5016 1
5016 306 1
306 2470 3
2470 1964 2
1964 450 5
450 219 1
219 7306 9
3526 3613 1
3613 981 1
981 7156 66
7156 1233 9
1233 2789 3
2789 5125 1
1964 552 6
552 306 11
2470 3259 1
3259 6538 10
7017 5575 1
5575 2817 1
2817 1570 2
1570 6618 1
6618 450 1
450 6575 1
6575 5737 1
1964 6538 29
6538 3609 1
3609 2841 6
6246 5261 1
5261 7059 6
7059 306 3
306 6817 1
6817 4686 1
4686 2817 22
3528 764 4
764 7306 4
3095 6465 5
6465 5892 3
5892 6670 1
6670 1134 4
1134 1 8
1 6538 17
6538 437 1
437 4298 1
4298 2841 1
7138 2097 1
2097 1233 6
1964 6369 1
6369 5662 1
3528 2130 1
2130 7259 1
7259 7306 1
3526 1308 2
1308 1964 1
7306 4389 5
4389 7156 4
7156 1501 1
1501 4893 2
4893 3808 2
3808 1323 4
1323 6405 1
6405 303 8
303 2419 1
2419 5222 1
5222 1964 2
1964 2765 1
2765 2107 1
6506 6538 7
6538 378 1
378 2817 2
3528 4116 1
4116 4112 3
1361 2419 1
2419 5664 1
5664 1964 2
3808 5890 6
5890 3818 1
3818 2841 1
2841 5676 5
5676 387 1
387 1003 1
1003 4112 1
4112 6538 4
6538 6259 16
6259 1340 1
1340 6538 3
7156 6224 1
6224 7239 1
7239 5662 2
5662 1233 31
1964 4148 3
4148 3527 1
2841 6336 3
6336 2107 1
5287 2896 2
2896 3526 1
3526 989 2
989 1 7
1 1233 20
1233 3163 1
3163 1881 1
1881 3259 1
3259 6405 4
3095 5125 2
5125 2841 3
2841 1403 29
1403 1195 11
1195 1233 1
1233 5473 2
5473 269 4
269 348 2
348 3504 1
3504 3526 1
3526 6870 1
6870 1964 1
1964 2177 1
2177 2841 2
2841 3164 21
3164 4112 1
4112 401 25
401 7252 1
7252 1 2
4686 3565 8
3565 4618 1
4618 4206 3
4148 3526 1
3526 7239 1
7239 2841 1
6336 7158 1
7158 6186 1
6186 459 3
459 303 21
303 7094 1
7094 7296 2
7296 1191 28
1191 1 6
1 306 32
306 1403 15
1403 5287 7
269 3528 6
3528 1304 2
1304 2841 1
3164 1263 2
1263 3263 1
3263 3573 10
3573 4686 2
4686 6656 2
3526 5662 15
5662 2102 2
2102 5383 1
5383 4488 1
4488 684 2
684 1134 5
1134 1964 8
1964 1134 8
1134 6405 1
2295 3526 7
3526 6223 17
6223 981 7
981 269 8
348 3412 1
3412 2841 1
3164 553 1
553 5723 1
5723 1727 1
1727 3526 1
3526 7170 5
7170 3095 37
3095 1263 9
1263 5977 7
5977 1964 2
1964 6145 1
3526 303 73
303 401 11
401 6311 1
6311 2107 1
2107 4206 1
4206 5785 1
5785 1233 1
1233 6405 3
6405 1615 1
1615 4626 1
4626 7296 31
7296 7156 5
7156 2841 16
1403 3116 1
1964 5993 10
5993 3095 5
3095 7016 39
7016 3116 1
3116 4990 1
4990 1550 1
1550 2737 1
2737 2716 4
2716 4631 1
4631 2107 1
2107 1233 3
1233 303 6
303 5005 2
7296 5473 2
5473 1964 4
6223 4501 1
4501 6412 1
6412 6673 1
6673 2107 1
2107 3226 2
3226 3467 17
3467 3116 7
3116 306 3
306 3090 9
3090 2693 2
2693 4170 1
4170 1233 1
1233 7168 1
7168 3116 1
3116 3614 1
3614 5350 1
5350 5615 2
5615 1964 2
1964 968 16
968 2841 23
2841 3526 40
3526 5937 2
5937 2841 1
2841 2120 1
2120 7165 1
7165 2107 1
2107 6229 3
6229 3116 1
3116 640 2
640 6022 1
6022 2841 2
2841 2470 1
2470 6656 1
6656 3448 1
3448 1964 4
1964 5328 9
5328 5005 3
5005 348 2
348 3259 1
3259 2107 8
6506 2441 1
2441 1581 1
1581 3302 1
3302 7296 16
7296 5563 1
5563 1233 1
1233 5789 1
5789 1502 26
1502 502 1
502 1964 2
5848 970 1
970 3290 1
3290 7156 21
7156 6633 64
6633 2789 1
2789 1944 2
1944 5005 2
1964 7297 16
7297 3116 12
3116 6186 1
6186 4983 1
4983 1964 2
1964 1724 2
1724 5253 1
5253 2769 1
2769 1233 1
1233 2904 2
2904 2841 3
2841 390 1
390 1964 1
1964 640 10
640 3278 1
3278 2841 1
2841 7224 7
7224 3526 1
3526 5473 3
269 7297 1
7297 6418 1
6418 3526 1
3526 4210 1
4210 5676 1
5676 7125 1
7125 1964 2
7156 3528 52
3528 2744 1
2744 2530 1
2530 3634 1
3634 401 5
401 208 1
208 1964 1
1964 761 1
761 348 1
348 2236 1
2236 437 2
437 6245 1
6245 6506 2
6506 4755 1
4755 2896 2
2896 2769 1
2769 2046 1
2046 1233 1
1233 3242 4
3242 3095 29
3095 981 45
7156 3526 137
3526 6412 5
6412 7209 1
7209 3116 1
3116 6022 1
6022 5662 1
401 3515 2
3515 1964 1
1964 3664 1
3664 1233 1
1233 684 6
684 7156 27
3528 303 40
303 2553 1
293 429 1
429 2841 8
2841 7297 35
7297 2769 1
2769 3477 1
3477 3528 1
3528 3226 2
3226 1550 18
1550 7156 22
2841 5723 20
5723 3095 2
3095 1376 4
1376 293 1
293 1263 3
1263 3527 3
3527 4688 2
7156 2768 2
2768 4131 1
4131 306 2
306 5631 23
5631 6656 7
6656 7125 1
7125 5271 1
5271 3526 1
6223 6456 2
6456 3245 1
3245 3095 9
3095 987 1
987 6736 1
3808 531 1
531 7156 1
7156 455 2
455 7125 1
1964 536 1
536 2841 1
2841 5779 4
5779 348 1
348 4112 1
401 5723 3
5723 3290 1
3290 6405 19
6405 603 25
603 2236 4
2236 2817 33
6508 4284 1
4284 2097 11
2097 3393 1
3393 1964 1
1964 4187 3
4187 506 3
506 2841 1
2841 1020 1
1020 6420 1
6420 5727 1
5727 401 1
401 6575 1
6575 4090 1
4090 7142 1
7142 3449 1
3449 375 1
375 306 1
6538 1340 3
1340 926 3
926 2505 4
2505 215 2
215 332 1
332 2896 1
2896 2817 4
2817 6405 8
6405 7327 2
7327 5845 2
5845 1897 1
1897 1 1
1 3229 1
3229 1018 2
1018 6477 1
6477 5547 1
5547 306 7
306 7054 2
7054 2716 2
2716 7229 4
7229 7293 1
7293 362 1
362 1964 1
1964 4067 2
4067 2817 1
2817 6180 3
6180 5662 3
5662 1003 4
1003 5407 1
5407 1239 1
1239 916 2
916 5662 1
5662 129 1
129 5588 8
5588 1964 2
1964 1482 33
1482 1144 4
1144 4090 1
4090 6575 1
6575 2633 1
2633 3528 1
3528 5204 1
5204 2841 1
2841 6221 3
6221 2249 1
2249 1587 4
1587 2817 1
2817 3658 1
3658 7322 1
7322 1964 5
1964 6180 2
6180 4112 7
4112 5547 57
5547 2716 3
2716 2841 6
2841 1144 12
1144 5662 4
5662 4467 5
4467 1263 1
1263 219 2
219 3549 1
3549 2841 1
2841 1015 1
1015 6259 1
6259 1964 15
6420 829 1
829 2841 1
2841 131 34
131 2236 1
2236 4284 3
2097 2468 3
2468 6538 1
6055 1817 1
1817 401 1
401 2817 3
2817 4407 1
4407 7156 2
7156 2817 58
2817 3095 48
3095 741 4
741 6401 2
6401 1 1
4686 4388 1
4388 6995 1
6995 306 1
4034 6420 1
6420 926 12
926 2468 1
2468 5506 1
5506 1113 1
1113 401 1
401 4686 1
2817 1654 3
1654 5737 2
1964 4570 4
4570 2841 1
7138 306 2
306 5165 1
5165 5106 1
5106 2817 1
2817 1333 4
303 7179 1
7179 1154 1
1154 1964 1
6626 3691 1
3691 4034 1
4034 6538 1
6538 4682 1
4682 4112 1
4112 5165 1
5165 1964 1
1964 5890 8
5890 3299 1
3299 4206 4
4206 6232 1
6232 306 2
306 3467 27
2693 700 1
700 293 5
293 3242 1
3095 1715 11
1715 7156 16
7156 6420 12
6420 1480 2
1480 6995 1
6995 4112 1
4112 7297 7
7297 6746 1
6746 6995 1
6995 2817 1
2817 5079 2
5079 635 1
635 2107 8
2286 3808 2
3808 6378 1
6378 401 1
401 1777 1
1777 1964 1
1964 7005 1
7005 1964 3
6626 3617 1
3617 6538 1
5848 3290 20
3290 603 20
603 2817 11
2817 6025 1
6025 7181 1
5297 1964 3
1964 2924 3
2924 3527 2
3527 7181 1
7181 6508 1
1 2440 15
2440 1867 1
1867 5662 1
5662 2817 10
2817 5298 1
5298 6538 1
6538 1333 1
303 4925 1
4925 2225 1
2225 1964 2
1964 4292 1
4292 5754 1
5754 2410 2
2410 684 1
684 6046 5
6046 1964 2
1964 603 15
603 6538 1
6538 1371 1
1371 2546 1
2546 279 1
279 926 1
926 6656 5
303 2982 4
2982 2225 1
1964 5174 3
5174 3527 2
3527 4891 1
4891 401 1
401 2633 1
2633 1408 1
1408 6263 1
6263 1550 3
1550 7181 1
7181 1964 3
1964 3244 15
3244 3095 53
3095 738 5
738 3527 1
3527 6404 1
6404 1 1
1 1479 60
1479 2441 9
2441 3324 1
3324 2633 1
2633 1981 2
1981 3090 3
3090 7181 3
7181 6490 1
6490 6538 1
6538 2440 9
2440 356 1
356 6668 1
6668 3328 1
3328 1964 1
1964 401 22
401 3526 5
3526 5595 1
5595 1333 1
1333 3095 1
3095 1480 6
1480 1964 6
3095 6135 5
6135 4387 1
4387 3095 31
3095 6668 5
6668 3528 2
3528 401 9
401 1964 10
3095 820 1
820 6656 1
3528 2841 18
2841 1085 10
1085 2394 1
2394 1938 1
1938 3090 1
3244 1981 4
1981 4652 1
4652 3095 1
2029 4772 2
4772 6203 1
6203 7297 1
7297 1938 1
1938 6506 1
2440 4924 1
4924 2097 1
2097 7181 1
7181 1 2
2441 4645 1
4645 6490 2
6490 7181 1
7181 4211 1
4211 2841 1
3526 306 38
306 6313 4
6313 1479 1
1479 1502 2
1502 3526 21
3526 3565 11
3565 4645 1
6490 3526 12
3526 6668 10
6668 1 4
2441 1981 6
1981 7181 3
7181 741 1
741 3090 1
3090 6401 2
6401 6490 1
3526 3981 1
3981 1017 1
1017 1 2
6538 5824 1
5824 6602 1
6602 1964 1
1964 5315 1
5315 3902 1
3902 4112 1
4112 404 2
404 2409 1
2409 886 1
886 3526 1
3526 2034 1
2034 1981 1
1981 6148 2
6148 1964 2
1964 219 20
219 3095 34
6223 3302 1
3302 3164 4
3164 4520 1
4520 1 1
1 5072 1
5072 1964 1
1964 1575 1
1575 2874 1
2874 684 1
684 5848 4
7156 2225 1
2225 1718 1
1718 1964 1
1964 6171 11
6171 6508 1
6508 5676 1
5676 3526 4
3527 4878 1
4878 2021 1
2021 3207 25
3207 3494 1
3494 2253 1
2253 7156 1
3526 4878 4
4878 5676 1
5676 1 1
1 3612 6
3612 450 1
450 1981 2
1981 2227 2
2227 5005 3
5005 5297 1
1964 4045 1
4045 6656 1
6656 682 1
682 4617 1
4617 7181 1
7181 295 1
295 6412 5
6412 2225 1
2225 3152 1
3152 1417 3
1417 7156 73
293 6662 1
6662 5595 1
5595 6656 2
6656 6538 4
6538 2633 1
2633 2358 2
2358 741 1
6401 6538 1
7296 3134 1
3134 2821 1
2821 450 1
1964 610 1
610 3527 1
3527 2162 1
2162 6626 1
6626 129 1
1 603 17
603 6656 1
6656 929 1
929 6930 16
6930 3241 1
3241 5595 1
5595 3207 1
3207 2107 3
2107 5662 3
303 3290 5
3290 1964 31
1964 7156 25
7156 1483 39
1483 347 1
347 3671 1
3671 6656 2
3526 1480 2
1480 981 1
981 6538 12
6055 1114 1
1114 3672 1
3672 1480 1
1480 6506 1
6506 926 1
926 6633 6
6633 3526 11
3526 6456 5
6456 5407 1
5407 3526 3
3526 294 5
294 684 3
684 316 1
316 5249 1
5249 2841 1
2841 2249 2
1587 500 2
500 5662 41
5662 5748 2
5748 4112 1
4112 603 1
603 6740 1
6740 219 5
219 985 2
985 3526 2
3526 7160 9
3095 459 18
459 306 4
3090 2374 1
2374 4638 1
4638 3528 1
3528 2669 2
2669 5779 2
5779 1964 20
1964 6736 5
6736 6044 3
6044 6026 2
6026 7306 1
7306 886 1
886 4688 1
7156 981 10
981 6656 4
6656 2102 3
2102 2633 1
2633 1333 1
303 5595 1
5595 2021 1
2021 2441 1
2441 2440 1
2440 2744 1
2744 6668 1
1 6490 50
6490 1403 4
1403 303 1
303 3326 2
3326 3290 1
3244 3254 5
2789 4878 4
4878 684 1
684 6223 3
6223 306 5
306 6623 2
6623 1964 2
1964 2766 2
2766 7306 2
7306 6138 1
6138 7170 1
3095 1769 6
1769 1 3
4686 344 4
344 4878 1
4878 882 1
882 450 1
1964 4789 2
4789 3528 1
3528 2725 2
6811 5217 1
5217 3527 2
3527 6662 1
6662 684 1
6046 3290 3
1483 3527 1
3527 986 1
986 6456 1
6456 684 10
684 306 20
306 4615 19
4615 929 1
929 4931 1
4931 2744 1
2744 6626 2
6626 684 3
6223 2276 1
2276 5779 1
5779 3840 3
3840 276 1
276 1964 1
1964 5444 1
5444 2410 1
2410 1964 2
6494 4645 1
4645 5754 1
5754 1949 1
1949 2841 1
2841 279 1
279 3290 1
3290 1 29
1 7102 1
7102 1502 3
1502 7297 2
7297 7181 2
7181 303 1
303 1741 1
1741 6169 1
6169 129 1
5588 3255 1
3255 6506 1
6506 1043 1
1043 1964 1
1964 6663 1
6663 1 1
1 7156 28
7156 1502 57
1502 2817 13
2817 303 30
303 1042 1
1042 1340 1
1340 2021 2
2021 5894 1
5894 2021 1
2021 7107 1
7107 7296 1
3095 1043 1
1043 1479 1
1479 6704 1
6704 5894 1
5894 1964 1
6538 4277 3
4277 7296 1
7296 580 1
580 981 1
6055 2817 1
3095 578 1
578 306 1
306 580 1
580 3241 1
3241 181 1
181 3207 1
3207 2817 3
2817 5297 1
5297 2904 1
2904 2642 1
2642 1964 2
303 3613 1
3613 1250 1
1250 1964 1
1964 2163 1
2163 2841 1
2841 219 4
219 1357 1
1357 6662 1
6662 3880 1
3880 1964 2
1964 3636 1
3636 6656 2
3528 7088 1
7088 1964 1
1964 1196 4
1196 1964 11
1964 3189 1
3189 2906 2
2906 3528 3
3528 6662 1
6662 3290 2
3290 1482 3
1482 293 13
293 7296 14
7296 5681 12
5681 7014 8
7014 3152 1
3152 10 1
10 1417 1
1417 2035 1
2035 3259 1
3259 570 2
570 6358 1
6358 7014 1
7014 6662 1
6662 2413 1
2413 6538 12
2440 4847 1
4847 6386 1
6386 306 4
303 1206 3
1206 4387 4
3095 1141 8
1141 772 1
772 1 1
7296 6412 8
6412 3095 8
1944 6506 5
6506 6405 4
6736 4435 1
4435 7306 1
7296 7154 1
7154 306 3
306 2227 6
2817 2296 2
2296 6494 1
6494 4893 1
4893 6405 3
6405 1187 9
1187 1114 3
1114 2107 14
2107 1502 55
2817 5995 1
5995 2236 1
2236 3095 1
6412 3290 2
3290 2115 1
2115 6736 1
6736 4893 1
4893 981 2
981 6633 6
6633 306 11
401 2227 2
2227 6405 1
3095 5966 7
5966 7156 8
7156 2532 24
2532 6633 5
6633 7156 14
1502 7016 1
7016 1187 2
1187 684 4
684 4619 3
4619 3095 1
6405 2107 14
2227 7158 1
7158 2817 7
2817 6044 3
6044 1785 3
1785 3290 1
3290 1114 17
1114 6633 2
6633 7015 1
7015 981 5
1 2107 28
1502 3528 7
3528 6223 9
6223 774 1
774 7157 1
7157 3528 7
3528 5222 1
5222 303 1
303 1479 1
1479 2817 19
2107 7296 33
7296 1188 2
1188 1 2
1 6633 37
6633 5676 5
5676 2107 1
2107 1417 2
3290 6736 2
6736 3095 15
1944 5848 1
5848 2906 2
3528 1206 4
4387 3528 9
3095 776 2
776 2789 1
2789 7296 7
7296 1947 8
1947 7156 4
7156 2906 18
3095 4510 7
4510 603 1
603 7296 24
7296 1482 11
1482 2841 9
7159 4720 2
4720 7296 1
7296 2817 15
2817 4284 3
4284 7156 1
1502 6633 33
6633 5418 1
5418 6405 1
5848 303 2
303 3528 4
776 1263 1
1964 547 2
547 2862 1
2862 5662 1
3095 3360 2
3360 2327 1
2327 3528 1
3528 1114 3
1114 968 1
968 7158 1
7158 3095 12
3095 6733 1
6733 7156 1
7296 6633 26
6633 981 14
981 129 1
5588 2107 1
3528 2789 3
2789 6733 2
6733 2236 2
2236 4832 1
4832 3528 1
303 7080 1
7080 3526 1
3526 1824 5
1824 3528 1
3528 2107 7
6506 3528 15
3528 4754 1
4754 7080 1
7080 603 1
7296 2559 2
2559 1947 1
1947 2293 1
2293 4893 1
4893 5831 1
5831 1964 11
401 3284 14
3284 3095 5
6135 2002 1
2002 6538 7
6538 6506 4
6506 7156 23
3528 2906 3
2906 6234 1
6234 4525 1
4525 7296 3
7296 960 1
960 1 2
1 4729 10
4729 1502 17
1502 3161 1
3161 450 1
450 1412 1
1412 1114 1
1964 775 2
775 3528 1
3528 6186 1
6186 1412 1
1412 4112 1
4112 92 2
92 4688 1
306 2226 1
2226 7296 1
7296 3207 3
3207 4112 2
7297 4112 1
4112 5676 1
5676 603 1
603 7156 31
7156 129 1
5588 7016 1
7016 6633 4
6633 1187 1
1187 1191 1
1191 2107 1
5921 2021 1
2021 3095 5
1502 1417 2
1417 7099 1
7099 2358 15
2358 4051 2
4051 2227 2
2227 3095 1
2107 4540 1
4540 4435 1
4435 6906 1
6906 3528 1
3528 6633 4
6633 6022 1
6022 7156 2
2532 1964 2
3095 2700 1
2700 3207 1
3207 6385 17
6385 2817 2
2817 6736 2
6736 303 3
303 773 1
773 3528 1
3528 4112 8
401 4766 2
4766 3290 1
1964 2481 2
2481 2734 1
2734 7156 1
6506 981 2
981 4112 3
4112 1424 1
1424 4488 1
4488 644 1
644 5962 1
5962 1 3
1 1516 1
1516 2817 1
2817 6494 7
6494 303 17
303 6662 1
3290 129 1
5588 1479 1
1479 293 42
293 7306 26
7306 303 50
303 6412 17
6412 3215 2
3215 7306 1
293 219 1
219 2766 2
2766 6662 1
6662 1516 1
1516 5662 1
5662 2122 5
2122 1502 17
1502 7296 33
7296 6223 2
6223 2236 1
2236 306 5
2227 3254 1
3254 4277 11
4277 3207 1
3207 4849 1
4849 3528 1
3528 306 27
1964 3387 2
3387 5662 6
2107 2744 13
2744 351 1
351 1 1
1 6420 37
6420 3528 2
306 6633 2
6633 2628 1
2628 499 1
499 1964 1
6736 5676 2
5676 219 3
7016 1344 1
1344 3290 2
3290 1479 3
1479 6405 2
6405 6493 1
6493 7306 24
7306 6047 3
6047 6506 1
6506 5998 1
5998 306 1
455 5890 1
5890 6656 1
6656 2817 72
2817 306 25
4034 5068 1
5068 3161 1
303 6251 1
6251 2850 1
2850 1516 1
1516 1964 4
682 3011 1
3011 2358 1
2358 1308 1
1308 772 1
772 7156 1
7156 5676 7
5676 5297 1
1964 1172 1
1172 303 1
303 3155 1
3155 3290 2
1483 315 1
315 1134 1
1134 7306 7
981 2622 1
2622 6510 1
6510 86 1
86 6851 1
6851 6740 1
6740 1814 1
1964 2236 12
3526 5304 3
5304 2074 1
2074 1769 1
1769 1964 4
6223 5117 1
5117 1344 1
1344 2097 1
2097 2635 1
2635 5848 1
7016 303 15
303 5297 1
5297 684 1
684 4274 1
4274 3526 1
2841 5979 4
5979 1964 4
6223 1388 1
1388 4069 1
4069 1 1
1 3526 44
3526 2916 2
2916 1964 1
7156 5789 4
1502 4386 1
1964 741 2
741 684 1
684 3090 4
6401 3259 1
6538 1141 3
1141 3526 8
3526 5261 2
7059 7158 1
3526 2766 1
2766 1964 4
684 5789 1
5789 4386 4
4386 1344 2
1344 1 3
1 2841 24
2841 271 1
271 3127 1
3127 6026 1
6026 1964 2
6493 2239 1
2239 3455 1
3455 1964 2
1964 6668 6
6668 129 1
5588 5848 1
2789 7084 1
7084 6897 1
6897 1981 2
1981 1340 8
1340 5306 1
5306 6506 9
6506 4112 3
4112 589 4
589 1964 2
1964 3161 1
3161 2532 5
2532 3081 1
3081 5662 1
5662 270 1
270 589 1
589 3259 1
3259 684 5
684 2633 2
2633 5568 1
7156 4112 1
589 1062 1
1062 6662 1
6662 1964 2
1964 1042 1
1042 6405 1
7156 3302 2
2789 303 20
303 1964 27
1964 5563 1
5563 2817 1
2817 6697 1
6697 672 1
672 1964 1
1964 2926 1
2926 1195 1
1195 2107 4
2744 5889 2
5889 4686 1
4686 710 1
710 6508 1
6055 306 1
306 58 1
58 7181 1
1 1239 2
916 306 1
306 4531 1
4531 1964 2
1964 5380 3
5380 4112 3
4112 1340 2
1340 7306 8
7306 492 2
492 2841 6
5687 1 3
1 3772 5
3772 306 2
306 3501 16
3501 6740 1
6740 3925 1
3925 5681 2
5681 5462 2
5462 2747 1
2747 3263 2
3263 4076 2
4076 303 1
303 684 9
684 1670 1
1670 5737 1
1964 786 2
786 306 2
306 952 1
952 1964 2
5676 7306 5
7306 6858 2
6858 2107 2
2107 6017 3
6017 3290 1
1964 5015 1
5015 1502 1
1502 7306 21
7306 6889 1
6889 6221 1
6221 2725 5
6811 1550 1
1550 2747 3
2747 3485 1
3485 1844 1
1844 340 1
340 6044 1
3095 5627 1
5627 6506 1
6506 3787 1
3787 5738 1
5738 5673 1
5673 1964 1
1964 952 1
1964 6412 12
303 4027 1
4027 7156 1
5568 400 1
5779 7296 3
634 7014 1
7014 1479 2
1479 5995 1
5995 4686 1
4686 2725 1
6811 3649 1
3649 7306 1
306 7169 1
7169 1964 1
2753 3259 2
3259 3254 8
764 3527 1
3527 356 2
356 7306 9
7306 2753 3
2753 2102 1
2102 1195 7
1195 1964 19
7306 4581 4
4581 6490 1
6490 1964 30
1964 1142 1
1142 7306 1
7306 3259 6
3259 3095 19
3095 6627 3
6627 303 3
7306 5014 3
5014 3467 1
3467 5287 18
5287 788 1
788 5779 2
5779 6732 1
6732 6506 1
6506 108 1
108 2436 1
2436 1 1
2841 7156 19
3527 7306 18
7306 5769 1
5769 108 1
108 2437 1
2437 5287 1
5287 6575 2
6575 2021 3
2021 7142 3
7142 7306 1
5014 788 1
1964 2438 1
2438 3259 1
3254 4731 1
4731 3095 3
764 2129 1
2129 2841 2
2841 1195 4
1195 7306 9
4581 2725 1
6811 4526 1
4526 501 1
501 7306 2
3527 3364 1
7306 1422 3
1422 1964 3
1964 1126 17
5848 1550 2
7156 6405 14
6405 7306 28
4552 306 10
306 7102 27
1191 3467 1
5287 7306 18
7306 1323 5
1323 5831 3
5831 306 7
2517 684 1
684 1417 6
1417 5005 5
981 5779 12
5779 1479 3
1479 7099 4
7099 2789 2
2789 788 2
788 684 1
7156 6699 3
6699 6405 1
6405 3786 2
3786 1502 6
1502 1450 1
1450 6756 1
6756 3095 1
3095 788 1
788 3385 1
3385 5754 1
5754 1196 5
1196 2236 1
2236 5155 1
5155 2841 1
2841 5742 1
5742 4729 1
4729 340 1
788 5813 1
5813 6393 1
6393 2358 1
2358 6656 3
3527 6768 1
6768 4729 1
4729 2725 1
6811 3095 1
3095 4526 1
4526 7157 1
7157 3527 4
3527 4685 1
4685 3207 1
3207 1417 4
1417 6626 5
6626 7160 3
7160 3896 1
3896 6405 1
6405 4386 3
6171 6656 2
340 1 1
981 2744 2
2744 2753 1
2753 6506 2
6506 3302 3
3302 1434 1
1434 168 1
168 7296 1
7296 7306 57
4552 3290 1
3290 3527 3
7306 5509 1
5509 7296 1
1947 7306 8
7306 1333 12
1333 4524 1
4524 1403 1
1964 1187 7
1187 1259 4
1259 3528 5
3528 684 15
7156 2789 11
2789 1568 1
1568 3302 2
3302 3528 3
3528 4654 1
4654 1964 1
1964 6044 10
3302 5779 1
1964 3302 2
3302 2725 1
6811 6494 1
6494 1568 1
1568 6405 1
7306 4552 14
4552 7306 1
7306 4386 19
4386 306 9
2517 1964 14
1964 1323 4
1323 5425 1
5425 6788 3
6788 1964 2
1964 7293 4
7293 1964 2
684 3095 8
4552 2122 2
1502 3634 1
7296 4500 1
4500 5306 1
6506 1403 3
1403 7099 3
7099 1964 13
5568 306 1
2295 3095 2
3095 2573 1
2573 2896 1
2896 7296 2
7296 989 2
989 2789 1
2789 2115 1
2115 1964 1
6405 3369 1
3369 2041 1
2041 5287 15
5287 294 1
294 340 1
340 5676 1
5676 451 1
451 1550 9
1550 7306 26
1964 3081 21
3081 5473 3
5473 3302 1
3302 5086 1
5086 200 1
200 1114 1
1114 6405 19
7156 5198 1
5198 5970 1
5970 6477 1
6477 1 1
1195 968 2
968 2725 1
6811 3565 1
3565 1550 1
1550 5754 6
5754 1964 5
3565 5701 1
5701 7306 1
5662 6495 3
6495 7306 1
7306 6736 26
6736 6405 4
1964 5497 1
5497 7156 1
7156 1480 7
1480 1144 1
1144 193 1
193 5662 2
5662 193 1
193 340 2
340 3206 1
3206 1061 1
1061 1482 1
1482 2115 2
2115 4436 1
4436 1 1
1 6736 10
6736 1479 4
1479 4559 2
4559 306 3
306 2493 1
2493 193 1
193 2725 1
6811 6493 1
6493 6176 1
6176 3095 1
3095 1501 5
1501 684 2
7306 3313 2
3313 1964 2
7156 7014 7
7014 4386 1
4386 4206 1
4206 3079 1
3079 2097 1
2097 193 1
340 1479 1
3526 986 1
986 7019 1
7019 3240 1
4552 2841 1
3293 1964 2
1964 2122 10
2122 3634 1
3634 7306 12
7306 2789 13
303 4840 1
4840 2236 1
2236 7306 45
7306 6044 9
6044 3254 8
1944 1964 9
1964 400 5
5779 3102 1
3102 1964 2
1964 5587 1
5587 5676 1
5676 5133 1
5133 2747 1
2747 3671 3
1018 3095 3
3095 453 18
453 6740 1
985 1964 6
6044 6855 2
6855 7306 4
3526 1964 73
1964 457 1
457 219 1
7016 6566 1
6566 3526 1
684 7306 7
7306 2275 1
2275 4559 1
4559 6506 2
6506 3526 17
3526 4206 6
4206 5631 17
5631 7019 1
7019 7306 2
7306 4112 10
4112 217 2
217 7087 3
7087 6727 1
6727 3634 2
3634 3526 15
2517 2107 3
2107 6683 3
3526 3503 1
3503 4123 1
4123 6405 1
603 306 6
5681 634 2
634 3526 5
3526 783 2
783 1981 2
1981 5547 1
2716 306 10
306 1149 2
1149 889 1
889 1018 2
1018 7306 7
7306 5964 5
5964 7296 2
7296 3634 5
3634 7099 1
7099 306 6
306 682 10
682 5955 9
5955 5568 1
7296 3526 29
1480 5614 1
5614 6883 1
6883 303 1
5287 5662 1
5662 3526 9
306 2584 1
2584 1964 1
1964 560 1
560 1256 1
1256 684 1
3808 2841 1
2841 3671 1
3671 4720 1
4720 6506 1
6506 2548 1
2548 3240 2
303 5374 2
5374 3526 2
3526 6405 24
6405 1323 5
1323 5017 1
5017 306 2
306 520 23
520 7156 1
7156 3529 1
3529 1964 20
1964 2841 46
2841 2548 1
2548 3095 1
3808 303 3
303 4720 3
4720 981 2
3526 4101 2
4101 4112 10
5547 2548 1
2548 331 1
331 3526 1
1981 520 4
520 1964 19
1964 1687 1
1687 2841 1
131 3259 4
7306 3130 2
3130 5281 1
5281 4688 3
7156 657 1
657 3467 1
3467 7253 5
7253 7306 5
7306 3701 3
3701 1944 4
7156 2799 1
2799 1333 1
1333 4101 1
5547 3095 5
3095 331 1
331 2548 1
2548 1 2
1 506 2
506 603 1
603 4689 1
4689 7306 1
1964 1291 1
1291 7156 2
7296 303 70
303 517 3
517 3095 28
3095 3671 2
3671 1 3
1 2108 1
2108 6884 1
6884 306 1
306 2797 1
2797 3462 2
3462 1964 4
6223 141 2
141 7306 3
684 1501 1
1501 7156 5
7156 6211 4
6211 603 1
603 1890 1
1890 1 1
7306 517 7
517 7296 1
3095 7017 21
7017 4742 1
4742 7054 2
7054 2694 1
2694 2817 1
2817 1973 1
1973 306 2
306 5297 1
5297 1 1
4686 7306 15
261 1964 3
2633 6494 2
6494 3244 1
3244 2817 3
3095 3455 1
6668 6405 2
6405 6506 3
6506 1422 1
1422 315 4
315 701 1
701 1981 1
1981 2517 1
1964 260 2
260 2841 1
2841 4196 1
4196 5748 1
5748 2021 1
2841 1516 2
1516 2358 2
2358 353 1
353 2841 1
2841 5651 2
5651 1917 1
1917 1964 1
1964 3432 2
3432 3259 2
3259 3242 1
3242 3244 2
3095 6583 8
6583 6538 1
6055 2928 1
2928 5748 1
5748 5933 1
5933 1 1
1 5554 1
5554 1964 1
1964 1917 2
1917 1387 1
1387 1 1
4626 378 1
378 306 3
4034 2817 1
2817 6965 1
6965 6447 1
6447 7156 6
7156 5773 2
5773 1964 7
1964 5882 3
5882 7099 1
7099 6668 1
6668 1964 6
1964 5417 1
5417 3259 1
455 2122 2
2122 2817 5
2817 3634 5
7296 4840 1
4840 5287 1
5287 6538 1
6538 4625 2
4625 3467 1
3467 2633 3
2633 96 1
96 4112 5
401 1018 16
1018 5662 4
5662 1014 1
1014 3842 1
3842 2358 1
2358 3526 7
3526 2928 1
2928 3868 1
3868 1938 1
1938 1259 1
1259 401 1
401 7181 2
7181 6022 1
6022 500 1
500 1 3
4686 5848 7
5848 2817 1
2817 7156 2
3526 4490 2
4490 3634 1
3634 5754 1
5754 2487 1
2487 6403 1
6403 6087 1
6087 269 1
269 1593 1
1593 3506 1
3506 4034 1
4034 3617 1
3617 7054 1
7054 2159 1
2159 195 1
195 43 1
43 1964 4
1964 2059 1
2059 2455 1
2455 5662 1
5662 1144 1
1144 6118 1
6118 5946 1
5946 7219 1
7219 6118 1
6118 370 1
370 1964 3
1964 6638 2
6638 894 1
894 2803 1
2803 2894 1
2894 27 1
27 1 1
1 3806 1
3806 3528 1
401 2875 1
2875 7144 1
7144 6062 1
6062 6405 1
2817 6863 2
6863 1805 1
1805 3908 1
3908 3528 1
1964 1858 3
1858 1277 1
1277 3526 1
3526 356 5
356 3060 1
3060 2699 2
2699 887 1
887 5630 1
5630 1964 8
303 2890 2
2890 3526 1
3526 1126 10
1126 2841 2
2841 528 1
528 5662 1
5662 264 1
264 3095 1
2789 2974 2
2974 108 1
108 6538 1
3095 3060 1
2699 1964 1
1964 3087 1
3087 5630 1
5630 7019 1
7019 2122 1
2122 6495 5
6495 3528 1
3528 6542 1
6542 2236 1
2236 7296 3
303 5133 1
5133 3842 1
3842 1964 2
1964 5642 1
5642 3634 1
3634 7278 1
7278 5882 1
5882 3226 5
3226 6542 1
6542 3226 1
3226 2841 21
2841 560 2
560 7014 1
7306 2129 3
2129 3095 4
3095 374 5
374 7156 1
2817 2789 10
2789 4119 1
4119 6412 1
6412 2644 1
2644 2058 1
2058 1964 2
1964 43 3
43 7017 1
7017 6506 2
6506 4187 2
4187 2841 5
2841 370 1
1964 5946 4
5946 4760 1
4760 2841 1
1195 306 3
306 6312 1
6312 7306 1
303 6626 7
2107 6626 8
6626 1964 14
5831 500 1
5662 1403 8
1403 306 3
306 1805 2
1805 1964 1
1964 2107 36
6506 1141 1
1141 5827 1
5827 2817 1
2817 834 2
834 1981 6
1981 2468 3
2468 1964 5
1964 3497 1
3497 5662 1
1003 506 1
506 3259 2
3259 3241 1
3241 2058 1
43 6420 1
6420 3095 9
303 370 1
5946 6494 1
6494 3494 1
3494 7156 10
7296 641 2
641 7287 1
7287 590 1
590 7237 7
7237 1114 1
1964 6490 25
6490 3467 5
3467 3904 1
3904 2211 1
2211 2817 1
2841 3528 20
3528 2857 1
2857 1964 1
1964 5376 1
5376 5536 1
5536 4112 1
401 1334 1
1334 3259 1
3259 6506 26
6506 3241 2
3241 1277 1
1277 2817 1
3095 1372 2
1372 2413 1
2413 5202 1
5202 1964 1
1964 318 1
318 1114 1
1114 1482 46
1482 129 1
5588 4278 1
4278 6608 1
6608 2450 1
2450 1 1
1239 915 2
915 2751 1
2751 1964 2
1964 1436 1
1436 2228 1
2228 1 1
4686 1550 2
1550 2817 13
2817 4190 1
4190 6905 1
6905 1964 1
7296 4130 1
4130 1964 1
1964 107 2
107 3241 1
3241 27 1
27 7306 1
455 6405 5
5848 6538 3
3526 6679 1
6679 7156 1
3528 644 3
644 6420 1
6420 303 16
303 7054 2
7054 1003 3
1003 27 1
27 1964 1
5946 1964 2
1964 2737 5
2737 401 1
401 7306 1
7306 6169 2
6169 4729 2
1502 6493 4
6493 2817 13
2817 3254 4
455 1 8
3526 981 20
981 1479 6
293 6633 10
6633 7018 2
7018 7156 1
7156 3227 4
3227 1944 1
1944 7018 1
7018 5174 1
5174 293 1
293 2227 1
2227 2358 1
2358 2929 3
2929 1348 1
1348 6493 1
6493 293 2
293 3095 18
3095 6169 5
6169 6626 2
6626 981 1
981 684 4
684 1191 4
1191 306 4
306 2259 1
2259 1 1
5676 1191 6
1191 6420 1
303 6118 2
6118 6062 1
6062 1964 1
1964 6060 1
6060 1964 1
684 5173 3
5173 6506 1
6506 6656 3
2817 3494 3
3494 622 1
622 7076 1
7076 2107 1
2107 6538 3
6538 3528 4
3528 2924 1
2924 1964 1
3528 4784 1
4784 306 1
306 590 1
7237 2817 1
2817 2925 1
2925 7306 1
7306 981 29
981 2481 4
2481 6493 2
2817 2906 5
2906 2974 1
2974 2841 2
5681 7076 1
7076 6538 1
6055 3364 1
7306 206 1
206 1114 1
1114 7156 18
981 347 3
347 7076 1
7076 2789 1
2789 759 1
759 7052 1
7052 4498 1
4498 1433 1
1433 1964 3
1964 3528 23
6633 504 1
504 2014 1
2014 3095 1
6851 2635 1
2635 732 1
732 347 1
347 3528 4
3528 891 1
891 5662 1
5662 1203 5
1 6505 1
6505 5662 2
5662 7066 2
7066 3290 3
3290 981 8
6494 759 1
759 1433 1
1433 5779 1
5779 2841 7
2841 4532 3
4532 4119 1
4119 2817 1
2817 6538 2
6538 1403 2
1403 2021 1
6633 3528 4
3528 759 1
759 3095 1
1944 1 9
2107 761 1
761 2107 1
2107 4673 1
4673 6221 1
6221 1522 4
1522 2491 2
2491 2021 3
2021 1508 1
1508 2279 2
2279 1964 5
6493 5662 1
401 6259 2
6259 5928 1
5928 1433 1
1433 1070 1
1070 1052 1
1052 2754 1
2754 2419 1
2419 6405 2
1964 5715 4
5715 1440 1
1440 2221 1
2221 1964 1
7156 1433 1
1433 3226 1
3226 4896 1
4896 3528 1
3528 5789 1
1502 1187 3
1187 3528 3
3528 3254 7
3095 6245 19
6245 818 1
818 5662 2
5662 2318 2
2318 1396 1
1396 94 2
94 1964 2
1964 6560 1
6560 3527 1
3527 4112 2
989 1251 1
1251 590 1
7237 2021 1
2021 570 1
2440 6699 4
6699 1259 1
1259 2440 2
2440 1502 12
3528 6405 14
6405 6209 2
6209 1114 1
1114 1259 2
1259 682 1
682 2440 4
2440 4673 1
4673 2491 2
2021 2279 2
2279 3528 1
3528 4157 1
4157 6538 1
2440 6459 1
6459 2491 1
1964 1333 5
1333 1187 1
3526 361 3
361 1479 1
1479 3526 25
361 851 1
851 1162 2
1162 306 1
306 6097 4
6097 2716 2
2716 1255 4
1255 1981 1
1981 3467 2
3467 251 1
251 1964 1
1964 2986 1
2986 3526 1
3526 1281 1
1281 1503 1
1503 5545 1
5545 2021 1
2021 7102 1
7102 6633 1
6633 1867 1
1867 1964 1
1964 4715 1
4715 1384 1
1384 2205 1
2205 2031 1
2031 6633 1
306 1512 1
1512 3528 1
3528 637 3
637 7296 2
7296 1333 3
1333 5773 1
5773 1114 2
1482 1550 2
1550 3467 4
3467 3284 2
3284 4809 1
4809 7102 10
7102 446 1
446 6066 2
6066 2624 1
2624 6538 6
3528 1333 3
1333 6429 1
6429 7297 1
7297 1162 2
1162 4112 1
401 6269 4
6269 2446 1
2446 6506 2
6506 6633 5
6633 437 5
437 4546 1
4546 603 1
7306 4525 1
4525 684 1
684 3528 23
3528 5131 2
5131 3633 1
3633 1479 1
3095 3609 4
3609 7297 1
1162 5779 1
5779 501 1
7158 315 1
315 1422 3
1964 6829 1
6829 6412 1
6412 5955 8
5955 2624 1
6538 303 8
7306 1433 3
1433 7306 4
7296 5662 9
5662 2491 1
2491 4625 1
4625 2097 4
2097 7125 3
7125 6223 1
6223 7306 6
7306 3751 1
3751 3634 1
3634 1191 1
1191 1964 11
1964 2526 2
2526 2097 1
2097 3526 23
3526 2002 2
6538 7156 23
3526 6420 7
6420 4673 1
4673 2131 1
2131 1411 1
1411 4878 1
4878 6494 1
6494 929 1
6930 1114 1
1114 347 19
347 6633 10
6633 1333 3
1333 7309 1
7309 2236 1
3526 4673 1
2491 7016 1
6633 7296 7
7296 2021 5
3207 7156 3
7296 1479 1
303 5614 1
5614 5662 2
1964 6505 1
3290 2481 25
2481 6736 3
6736 7306 10
7306 2097 7
3526 7309 2
7309 6506 1
6506 5640 1
5640 7102 1
7102 7016 1
7016 7306 8
3526 1611 1
1611 2841 1
2841 5681 2
5681 841 1
841 1203 2
1203 2122 1
2122 2935 1
2935 306 1
6538 2693 12
2693 1 5
1 3290 2
3290 6633 5
6633 929 3
6930 7156 1
7156 6495 2
6495 5662 1
5662 6633 25
6633 5328 1
5328 6633 1
6633 6736 3
6736 2104 1
2104 6044 1
3095 4546 15
4546 269 1
269 2418 1
2418 1422 1
1422 1195 1
1195 1144 5
1144 2021 8
2021 6575 7
6575 7306 1
7296 1 3
4686 5568 1
5568 5676 1
5676 4636 1
4636 1480 1
1480 6626 1
6626 7018 2
7018 5883 1
5883 4763 1
4763 2021 1
3207 450 1
450 6221 3
2491 1964 1
1964 1508 1
2279 4386 1
1964 6459 3
6459 1964 1
6459 4387 1
3095 659 2
659 2107 1
2107 2036 4
2036 1417 1
1417 5779 6
5779 851 1
1162 1964 1
1964 5048 2
5048 6506 1
764 3241 1
3241 1433 1
1433 3095 1
3095 7309 3
7309 6405 1
7156 4525 2
4525 401 1
7297 7107 1
7107 6538 1
6055 750 1
750 2107 1
2107 640 4
640 751 1
751 3530 1
3530 2104 1
2104 4140 1
4140 1964 3
306 43 1
306 5946 1
5946 3290 1
7306 1191 1
1191 1403 3
1403 4112 3
401 303 6
303 453 2
453 7156 2
7296 590 1
7237 3290 1
603 5068 1
5068 2694 2
2694 6575 2
7142 1964 2
1964 1924 1
1924 6736 1
6736 1121 1
1121 3047 1
3047 7306 1
7306 4742 3
4742 7156 7
6996 306 13
306 7237 4
7237 3068 1
3068 5873 1
5873 5938 1
5938 7154 1
7154 1964 2
1964 4051 5
4051 3163 1
3163 1964 4
1964 881 1
881 6395 1
6395 6794 1
6794 2931 1
2931 1263 1
1263 7219 1
7219 5802 1
5802 6577 1
6577 5261 5
5261 1 2
1 1134 5
7306 6405 51
6405 1417 8
1417 7306 4
7306 3250 2
3095 3481 1
3481 7018 1
7018 1263 1
1263 6244 1
6244 985 2
985 6907 1
6907 1114 1
570 7306 2
7306 2649 1
2649 3095 1
3808 2601 1
2601 6138 1
6138 7306 1
7306 7297 12
5681 7237 1
7237 6464 1
6464 3095 3
2789 1 6
4686 3254 1
3254 6223 1
6223 4855 2
4855 4544 1
4544 2236 1
7306 294 2
294 6736 1
3808 2909 1
2909 7306 2
7306 6733 1
6733 5662 3
5662 6832 1
6832 1 1
2841 5923 5
5923 1195 5
1195 6904 1
6904 7306 1
7306 805 1
805 7296 1
7296 1979 1
1979 7306 2
2841 4500 2
4500 1964 1
1910 4213 1
4213 7102 1
7102 1322 2
1322 7306 1
7306 6996 3
7237 6447 1
6447 7306 2
7306 6208 1
6208 2614 1
2614 1964 3
1964 2097 7
2097 401 3
401 4615 1
4615 6656 1
340 7306 4
6494 2628 1
2628 4856 1
4856 2129 1
2129 4981 1
4981 401 1
401 6646 1
6646 303 1
303 4987 1
4987 1538 1
1538 306 8
1340 1964 19
1964 6135 5
6135 2841 4
2841 2404 9
2404 6506 1
6506 1263 1
1263 3048 1
3048 7003 1
7003 7306 2
7306 644 14
644 2041 1
5287 6727 2
6727 2841 1
2841 565 5
565 1964 2
1964 6134 3
6134 306 1
303 635 1
635 3667 1
3667 6216 1
6216 1537 1
1537 7306 1
303 219 8
219 4112 1
4112 484 4
484 3259 1
3259 1964 2
2097 3263 2
3263 7306 1
6494 6223 1
4855 3529 1
3529 7306 1
7306 3079 1
3079 1126 1
1126 3286 2
3286 340 1
340 981 1
7306 2073 1
2073 4544 1
4544 1964 1
5779 3095 11
6736 4097 1
4097 981 1
3527 1550 9
7306 2380 1
2380 3095 1
3095 4991 12
4991 2129 1
2129 6889 2
6889 7306 2
7306 6705 1
6705 3557 1
3557 1550 1
1550 1594 1
1594 6072 1
6072 7306 1
7306 5892 9
5892 6344 1
6344 7272 1
7272 6074 1
6074 7158 1
7158 3941 1
3941 3527 1
3527 7113 1
7113 2501 4
2501 4086 5
4086 1964 7
1964 3649 1
3649 99 2
99 3259 1
3259 6626 14
6626 2725 1
6811 4287 1
4287 3154 1
3154 1964 1
1964 3616 1
3616 7306 2
981 6669 1
6669 5631 2
5631 930 1
930 410 1
410 6633 1
6633 3034 1
3034 2419 1
2419 340 1
340 1550 1
7306 1827 2
1827 6506 1
6506 4374 1
4374 99 1
99 684 1
5274 6740 1
6740 3161 4
303 3649 1
3649 7296 1
1944 7306 9
7306 764 6
764 1981 9
1340 7161 1
7161 5779 12
5779 3808 5
3808 3102 1
684 2573 1
2573 989 1
989 926 1
926 7297 3
7297 99 1
99 2906 1
7306 6293 1
6293 1964 1
2122 3527 1
3527 303 29
306 3152 1
3152 5955 1
5955 2744 1
2744 3649 1
99 6506 1
6506 7296 22
303 3095 34
3095 6412 8
5955 6405 1
3095 5014 4
5014 3254 1
3254 1187 1
1187 1 7
1 5131 4
5131 7192 1
7192 4112 6
4112 1018 4
1018 306 6
306 5676 13
5676 6808 1
6808 3045 1
3045 1964 1
1964 1501 7
1501 99 1
99 7306 1
764 306 4
306 5664 2
1964 3910 1
3910 4112 2
4112 6300 1
6300 7113 1
7113 841 1
841 1205 1
1205 1566 1
1566 2841 1
1920 303 1
5662 1453 1
1453 6506 1
7156 796 1
796 6007 1
6007 1964 1
7306 6683 6
6683 2841 3
2841 6007 2
6007 5919 1
5919 2442 1
2442 1979 1
1979 3634 2
3634 2135 1
2135 4692 1
4692 3162 1
3162 3506 1
3506 1566 1
1566 4686 1
4686 4386 2
4386 1134 4
1134 6270 1
6270 303 1
303 7156 19
3095 1578 1
1578 306 2
5664 5138 1
5138 6251 1
6251 634 3
634 6656 3
6656 1566 2
1566 7306 1
1191 7160 1
7160 6736 3
3808 7163 1
7163 7306 1
303 4386 1
4386 4112 6
4112 5919 2
5919 3259 1
3259 6138 1
6138 2885 1
2885 7158 1
7158 5326 1
5326 3528 1
3528 6006 2
6006 7306 4
3254 3604 5
3604 3095 3
3095 1719 4
1719 1 1
4686 1715 1
1715 2841 1
2841 2501 4
2501 2098 1
2098 303 1
303 2848 1
2848 2394 1
2394 1981 1
1981 217 1
217 925 1
925 7158 1
7158 3655 1
3655 3222 1
3222 5835 1
5835 306 1
3467 2719 3
2719 7306 8
7306 2443 2
2443 5864 2
5864 5662 3
1003 634 1
634 3634 15
3634 634 15
7306 3443 1
3443 3259 1
3259 3244 4
303 459 20
459 7306 2
7306 4116 8
4116 2097 6
2097 6320 3
6640 3526 2
3526 5848 67
3290 2714 1
2714 6633 1
6633 6044 6
6044 1786 1
1786 347 1
6633 4892 2
4892 1550 2
1550 5170 1
5170 3207 1
6385 981 3
1 5306 1
5306 1259 1
1259 7306 12
3227 1480 1
1480 1114 2
1114 698 1
698 409 4
409 7306 2
7306 4490 4
4490 1550 2
1550 4437 1
4437 219 1
219 6244 1
6244 5262 1
5262 1335 1
1335 7054 1
7054 2151 1
2151 1259 1
1259 6633 2
6633 7306 30
7306 7014 9
7014 4472 1
4472 3528 4
5662 3612 1
3612 7219 1
6638 1 1
1 3095 28
3095 6490 23
6490 6633 4
6633 2083 1
2083 3528 2
3528 1479 1
1479 450 1
450 3207 1
7016 3528 3
3528 6556 1
6556 7306 1
7306 3528 28
3528 6044 5
2906 3226 1
3226 7219 1
6638 3254 1
7016 7158 10
7158 700 6
700 3528 3
3528 450 6
450 5779 5
1964 7219 2
6638 1964 3
684 3612 12
3612 3526 2
3526 2107 18
2107 459 3
459 6723 1
6723 1964 2
1191 4688 1
7156 6171 2
6171 2107 9
2107 7156 2
7296 7016 1
7016 5848 10
5848 7306 26
981 3095 18
6169 7306 4
7306 3226 10
3226 3302 10
7102 4350 1
4350 450 2
450 7014 1
7014 2747 2
2747 1196 4
1196 347 2
347 450 1
450 3526 3
981 4772 1
4772 3095 2
6633 5848 17
5848 1 5
7156 5959 3
5959 4350 1
450 3528 4
3528 981 8
7306 6493 6
3095 4893 5
4893 630 1
630 6320 1
6320 1645 1
1645 1 2
981 3531 1
3531 2104 1
2104 4546 1
4546 6633 1
6633 7016 7
7016 6866 1
6866 7306 1
7306 5754 5
5754 2151 1
2151 1 1
3095 4210 1
4210 603 1
7296 4767 1
4767 4686 1
4686 2982 1
2982 7160 1
7160 2841 2
2841 280 4
280 4010 1
4010 5005 1
5005 5779 7
981 603 17
603 455 4
455 6626 1
6626 5848 1
1550 545 1
545 7296 1
7306 4933 1
4933 6656 1
6633 6438 1
6438 2151 1
2151 1964 2
1964 1770 1
1770 1550 2
1550 7296 27
7296 603 2
603 6633 12
6633 1335 1
1335 5442 1
5442 6456 1
6456 7306 21
7306 5442 1
5442 1964 1
1964 6760 9
6760 6656 1
6656 1233 12
1233 3116 4
6811 303 1
219 562 1
562 7186 2
7186 365 1
365 5662 1
5662 2453 1
2453 3526 1
3526 792 1
792 1981 1
1981 304 1
304 6382 1
6382 1964 1
1964 6456 14
6456 900 1
900 2841 1
3164 1233 1
1233 981 5
306 7186 2
7186 269 1
293 5831 2
5831 1433 1
7297 1433 1
1433 684 1
684 1944 3
1944 603 1
603 7306 21
4386 409 1
409 2097 1
5470 3526 7
3526 7156 18
7156 3671 4
3671 3565 1
3565 1906 2
1906 7306 3
7306 455 12
455 3526 7
3526 5919 2
5919 2841 1
6007 7306 1
2906 303 32
303 1944 4
3526 6022 1
6022 1187 2
1187 1964 10
1964 3620 7
3620 1906 1
1906 2021 1
3207 1233 4
1233 1371 2
1371 7186 1
7186 7160 1
7160 4755 1
2896 3528 8
3528 1 14
4686 4218 1
4218 1964 1
1964 6833 1
6833 2841 1
2841 4432 25
4432 7186 1
7186 6813 1
6813 2107 1
2107 2136 1
2136 1964 2
1964 3676 1
3676 3095 1
3095 1134 2
1134 7102 1
7102 2841 2
2841 1453 1
1453 1233 1
1233 4579 1
4579 1482 2
1482 5287 21
5287 1964 10
5287 4488 1
684 6490 2
6490 1502 21
1502 5681 9
5681 1233 1
1233 6223 3
6223 2841 11
2841 2262 14
2262 4917 1
4917 6896 2
6896 2097 2
2097 7186 1
7186 1964 3
1964 4958 5
4958 3259 1
3259 6495 2
6495 684 1
3241 3095 8
303 1233 4
1233 5848 26
7156 7186 2
7186 3095 1
7016 981 3
981 295 1
295 2040 1
2040 7156 1
108 1196 2
1196 7186 1
7186 3250 1
7306 2935 1
2935 6221 1
6221 6915 1
6915 2768 1
2768 306 3
306 7140 2
7140 1335 1
1335 2358 2
2358 3245 1
3095 986 16
986 4688 1
7156 2667 1
2667 5112 1
5112 5867 1
5867 5812 1
5812 3259 1
3259 1126 1
1126 1964 36
1964 108 11
108 7296 8
7296 3527 8
3527 3161 1
303 5706 1
5706 5662 2
5662 5631 4
5631 6412 1
6412 3527 1
3527 5774 2
5774 5881 1
5881 6544 1
6544 5675 1
5675 2841 1
2841 3826 2
3826 6186 1
6186 453 2
453 306 3
1191 7306 4
5568 7014 1
981 5005 9
5005 1335 1
2358 7306 8
7306 1141 4
1141 6320 1
6320 7306 1
2768 4098 1
4098 3259 1
3259 2789 1
2789 7186 1
7186 3527 1
3527 450 4
450 3095 2
3095 684 14
684 2532 6
2532 3526 11
3526 5274 1
5274 1233 2
1233 4548 1
4548 3527 1
3527 4431 1
4431 4673 1
4673 1964 1
1964 3319 1
3319 5773 1
5773 6405 3
7186 4931 1
4931 3527 1
1550 3044 1
3044 2906 1
2906 5389 1
5389 6378 1
6378 2171 1
2171 4569 1
4569 4472 1
306 3527 23
3527 2768 1
2768 2841 1
2841 401 10
3284 1 5
1 3066 7
3066 2667 1
2667 6740 1
6740 3095 13
303 1717 2
1717 1964 1
3826 3527 1
303 5881 1
5881 6405 1
3527 1968 1
1968 1018 1
1018 2440 1
6699 450 1
450 5662 6
5662 6731 3
6731 1 1
7156 562 1
7186 1 1
1 347 25
1964 5418 9
5418 1944 2
7156 2172 1
2172 4524 1
4524 306 2
306 6412 26
5955 6506 1
6506 4362 1
4362 5005 3
7296 1233 5
1233 6329 1
6329 2768 1
2768 4206 1
4206 7186 1
7186 2531 1
2531 1964 3
3565 4958 2
4958 2841 1
7297 5287 19
5287 684 1
684 3494 2
3494 306 4
4615 3526 3
7156 6456 20
6456 7186 1
7186 7306 1
7306 401 14
401 6319 1
6319 4796 1
4796 1479 1
7306 1867 1
1867 315 1
315 981 1
603 7186 1
6223 3092 1
3092 1233 1
1233 1 9
1233 3990 1
3990 7306 1
5848 324 1
324 3854 1
3854 5676 1
5676 1482 1
3526 1187 3
1187 6490 1
6490 1417 2
7156 6760 1
6760 1 5
1 1403 29
5287 1417 2
7156 3620 3
3620 401 3
401 7014 4
7014 3226 2
7102 3095 5
3095 141 10
141 5217 1
5217 6211 1
6211 5676 1
5676 5568 1
5568 2107 2
303 3506 2
3506 3526 1
3526 1144 2
1144 32 1
32 3467 1
3467 401 1
401 125 1
125 6405 1
1964 5727 1
5727 1 1
1403 401 1
401 7177 2
7177 125 1
125 3526 1
3526 4711 1
4711 1270 1
1270 1 3
4686 4912 1
4912 7177 1
7177 1964 4
1191 2069 1
2069 4387 1
4387 1482 4
1482 3161 1
3161 5848 1
5848 2358 1
2358 3481 1
3481 306 1
2295 6656 1
6656 700 16
700 306 4
306 1530 21
1530 303 2
303 2737 8
2737 1011 1
1011 3290 1
1964 5284 1
5284 6494 1
6494 4616 1
4616 2041 1
1964 164 1
164 303 1
303 209 1
209 3259 1
684 3369 1
3369 306 1
2295 306 3
306 324 2
324 1530 2
1530 700 1
700 672 1
672 1144 1
1144 1516 1
1516 3467 1
3467 189 1
189 1 1
1403 265 1
265 3467 1
3467 195 1
195 1 1
1403 102 1
102 700 1
700 6138 1
6138 1514 1
1514 2841 1
2841 102 1
102 1 1
4686 1964 6
2841 195 1
195 1207 1
1207 2107 1
2744 1134 1
1134 3634 7
3634 520 2
520 7158 2
7158 7092 1
7092 3095 1
3095 5959 10
5959 4688 2
4688 700 1
700 2841 4
2841 5587 1
5587 2982 2
2982 7156 2
7156 700 35
700 2305 1
2305 1530 1
1530 2841 1
2841 473 1
473 2236 1
7306 409 1
409 1654 1
552 2097 2
5779 306 15
2286 3494 1
6420 5831 5
5831 2747 1
2747 5591 3
5591 6028 1
6028 4015 1
4015 7306 1
7306 1835 1
1835 1550 1
1550 5779 10
5779 1152 2
1152 4686 3
4686 4143 3
4143 5993 1
5993 603 1
603 3526 16
3526 3854 1
3854 7306 1
3526 640 11
640 233 1
233 6736 1
3808 1910 1
1910 3526 2
7306 1391 1
1391 7306 1
4389 269 4
269 7306 6
6456 2074 1
2074 1 1
4552 7156 23
7156 3821 1
3821 6490 1
6490 1480 19
1480 6139 1
6139 2296 1
2296 675 1
675 303 1
303 4617 1
4617 6656 1
7306 1126 27
1126 1433 2
1433 1858 2
1858 6405 1
6405 3526 11
3526 3172 2
3172 4761 1
4761 6506 1
1502 3550 1
3550 1964 2
1964 6683 11
7156 517 1
3095 233 8
233 1126 3
3095 3302 2
7102 3671 2
3671 303 2
303 985 3
985 3506 1
3506 5262 1
5262 1964 4
2841 452 7
452 3095 7
3095 2622 10
2622 6538 1
6538 560 1
560 6656 2
3526 1257 1
1257 3224 1
3224 1964 1
1964 1096 1
1096 474 1
474 2349 1
2349 1964 1
1964 6506 12
6506 950 3
950 5727 1
5727 5867 1
5867 3528 1
3528 5937 1
5937 5867 1
5867 2468 3
2468 560 1
560 7177 1
7177 6044 1
6044 108 1
108 5784 1
5784 1964 1
1964 1257 4
1257 5710 1
5710 71 1
71 6494 3
6494 7177 1
7177 306 1
306 2548 5
2548 7018 1
7018 3526 2
3526 4742 3
4742 3095 3
459 2002 1
2002 560 1
560 3207 1
3226 2406 1
2406 3529 1
3529 6044 3
6044 180 1
180 3259 1
6412 180 1
180 2107 1
2107 6656 7
6656 1403 2
7099 1 7
1 6412 3
6412 7156 7
7156 5993 3
1964 5147 1
5147 2107 1
2107 5645 1
5645 266 1
266 2021 1
2021 2107 1
2107 2612 1
2612 1 1
1 3485 1
3485 6152 1
6152 5533 1
5533 968 1
968 3095 4
3095 2841 11
7156 3467 8
3467 3264 6
3264 3526 1
3526 1642 1
1642 2841 1
2262 5685 1
5685 2841 1
7297 3264 2
3264 2579 1
2579 3772 1
3772 6534 1
6534 1144 1
1144 3840 2
3840 1964 3
3526 3528 5
3528 4751 1
4751 634 1
634 7239 1
7239 316 1
316 6626 1
6626 1502 17
1502 2841 3
4432 6221 1
6221 7177 1
7177 5662 1
5662 7230 1
7230 4443 1
4443 1964 2
1964 5020 2
5020 512 1
512 386 1
386 6544 1
6544 2176 1
2176 5662 1
5662 2435 1
2435 7306 2
7306 6263 6
6263 1964 2
3526 1 18
3526 968 2
2841 7306 24
7306 5918 1
5918 4398 1
4398 2841 1
6297 5736 1
5736 7306 1
7306 4645 3
4645 2841 3
4432 7306 1
7306 1715 8
7156 3501 1
3501 3688 1
3688 1947 1
1947 3526 3
3526 1570 2
1570 6006 1
6006 2841 2
2841 5687 1
2286 3526 2
3526 3601 1
3601 7306 1
5662 989 6
989 1263 4
1263 5254 2
5254 4686 1
981 2092 1
2092 6633 2
6633 2107 7
2107 827 1
827 6955 1
6955 3297 2
3297 3101 1
3101 1417 2
6633 6456 3
6456 309 1
309 5207 1
5207 6405 1
2532 2789 1
2789 1417 1
1417 1 10
1 2789 11
2789 1964 14
1964 3207 4
3207 981 8
7306 6633 32
6633 5993 4
3095 3809 7
3809 1081 1
1081 981 1
981 3526 25
3526 4537 1
4537 1430 1
1430 4387 1
4387 7306 11
6633 1526 2
1526 5339 2
5339 6030 1
6030 5662 1
6633 6142 1
6142 6494 1
6494 3381 1
3381 6223 1
981 7154 1
4051 6791 1
6791 1417 1
1417 3671 1
3671 6633 1
6633 1964 18
306 4269 2
4269 6456 1
6456 3095 2
986 5287 1
5287 3526 9
3526 3117 1
3117 7296 1
7296 684 14
7306 1981 9
1981 6633 2
6633 768 1
768 2440 1
2440 6633 2
6633 356 3
356 2847 1
2847 1425 1
1425 176 1
176 5848 1
5848 2440 1
356 340 2
340 603 1
3529 2107 2
2107 1 6
7296 340 2
340 4371 1
4371 6031 1
6031 3276 3
3276 3095 5
306 5754 15
5754 1191 8
1191 3244 3
3095 4372 2
4372 2481 1
7306 3527 23
3527 4388 3
4388 2107 2
2107 6032 1
6032 2446 1
2446 3095 3
3095 5116 5
5116 1 1
5993 7237 1
7237 5754 1
5754 261 1
261 5966 1
5966 7306 4
3528 4388 1
4388 881 1
881 2634 1
2634 1637 1
1637 3276 1
3276 3925 1
3925 5595 1
5595 3671 3
3671 308 1
308 2841 1
5779 3002 1
3002 2122 1
2122 3290 1
1479 6506 6
6633 3503 1
3503 538 1
538 7297 1
5676 7237 2
7237 1207 1
1207 6656 1
7306 6438 1
6438 2656 1
2656 3226 1
3226 7154 3
7154 3226 3
3226 4051 2
4051 3095 5
3095 6791 11
6791 6405 1
6405 3117 1
3117 1964 1
1964 4510 2
684 6438 1
6438 5595 3
5595 6405 1
4510 3117 1
3117 7306 1
6791 1 4
3526 5993 3
5993 6633 4
6633 2122 1
2122 6947 1
6947 827 1
827 3095 1
3095 6410 2
6410 7306 1
7306 7099 1
7158 7296 2
7296 6236 1
6236 5966 1
5966 1 5
1 3294 2
3294 4737 1
4737 7306 1
7306 4631 1
4631 7306 2
450 2227 1
3081 7154 2
7154 7160 1
7160 6412 2
6412 5005 1
5005 932 1
932 325 1
325 1964 1
5005 550 1
550 3095 1
3095 5068 9
5068 1964 5
1964 4460 1
4460 2107 1
3526 6968 3
6968 4112 1
4112 2227 2
2227 2453 1
2453 1964 1
1964 3527 11
3527 4450 1
4450 7113 2
7113 401 1
401 2286 4
2286 4767 1
4767 7154 1
7154 6633 1
6633 6791 3
303 6633 4
6633 3095 44
3095 4140 5
4140 6633 1
5993 6656 1
261 1625 1
1625 7306 1
3095 4674 2
4674 5920 1
5920 1550 4
1550 6633 5
6633 303 8
303 6947 1
6947 7294 1
7294 1964 1
1964 1471 1
1471 6506 1
6506 4385 1
4385 3506 1
3506 7297 2
7237 401 1
401 7238 2
7238 6179 2
6179 681 1
681 6633 1
6633 3550 1
3550 3095 1
6851 7014 1
7014 6372 2
6372 3219 2
3219 5848 4
5848 3526 27
3526 450 16
450 306 3
5631 5840 1
5840 5662 1
5662 1547 1
1547 2170 1
2170 926 2
926 303 10
303 3010 4
3010 2633 1
2633 5662 1
5662 2333 1
2333 1964 2
6171 7296 2
1482 7156 9
7156 6412 23
6412 7296 2
1141 1550 1
7306 7015 1
7015 6907 1
6907 3526 1
3526 5377 1
5377 2170 1
2170 1964 2
6633 6494 6
6494 1141 2
1141 2246 1
2246 5551 1
5551 7014 1
7014 3526 4
3526 1323 1
1323 221 1
221 1964 1
1964 583 1
583 7160 1
7160 5779 1
5779 4206 2
5848 4332 1
4332 2122 1
2122 3135 1
3135 1964 1
1964 2404 1
2404 6656 1
1964 5140 2
5140 1964 5
1964 1923 1
1923 1964 1
1964 2235 1
2235 2841 2
4432 1 4
1 5595 2
3671 1333 2
1333 316 1
316 2841 4
5748 7014 1
5339 401 1
401 1430 2
1430 4175 1
4175 2092 1
2092 3002 1
3002 2841 1
5779 308 1
308 5295 1
5295 981 1
1 7296 13
7296 2122 2
1502 3379 2
3379 637 1
637 630 1
630 603 1
603 2122 9
2122 5962 1
5962 6633 2
7306 5328 3
5328 7306 5
7306 6464 1
6464 1 1
1 219 5
219 6464 1
3095 2965 1
2965 6405 1
3095 1081 1
1081 1144 1
1144 1195 5
7306 5017 1
1018 1964 24
1964 5966 6
7156 5005 2
5005 6438 3
6438 194 1
194 1964 1
1964 3229 1
3229 4112 3
5547 7306 9
6494 5005 2
7296 5964 3
5964 4688 1
4688 1964 2
1964 4883 3
4883 6633 1
7297 1196 15
1196 1371 1
1371 2097 1
2097 1596 1
1596 3528 1
3528 7306 23
7306 3293 6
3293 3207 1
3207 6656 3
7306 3241 7
3241 1196 3
1196 630 1
630 3528 1
3528 6656 7
6656 6320 5
6640 6633 1
3293 981 1
981 700 3
700 3207 1
1196 6171 1
6171 5676 1
5676 6656 1
3526 700 5
700 6490 4
1502 5848 4
5848 2481 3
3526 6171 8
6171 6736 1
3526 1817 3
1817 5848 1
3526 6656 8
7306 5432 1
5432 1 1
3526 4388 4
4388 3294 1
3294 5882 1
5882 6656 3
306 2166 17
2166 7306 2
3293 1196 1
1196 401 1
401 3467 5
3467 1335 2
1335 1964 8
7306 5676 15
5676 3293 1
3293 7306 2
7306 2122 1
2122 1191 3
1191 7156 3
3526 6633 7
6633 3293 1
3293 1117 1
1117 1964 1
684 6626 3
6626 3526 6
450 2768 1
2768 1964 2
1964 2465 1
2465 3527 1
3095 6915 2
6915 2532 2
2532 4686 1
3526 2906 7
2906 306 1
1018 2456 1
2456 5779 1
5779 475 1
475 1 1
6490 6656 1
3526 7054 3
1195 3226 1
3226 2154 3
2154 306 1
306 5615 6
5615 3095 2
303 3526 13
3526 6740 9
6740 779 1
779 2841 5
5687 3259 1
6626 3565 3
3565 5141 2
5141 989 3
989 306 7
1964 4932 9
4932 5626 2
5626 7306 1
7306 1550 20
7306 2855 1
2855 682 1
682 1430 1
1430 1964 1
1944 3095 9
7016 5595 1
3671 4626 1
6736 1417 4
1417 303 3
3526 6044 1
6044 6760 2
1964 356 8
261 7237 2
7237 3095 1
7306 4319 1
4319 1964 1
1964 438 1
438 2107 1
5921 2841 2
1195 3671 1
3671 2983 1
2983 5249 3
5249 4386 1
4386 2097 13
6640 3749 1
3749 3526 1
1964 4694 1
4694 7158 1
7158 6538 4
6538 3665 1
3665 2747 3
1196 3259 2
3254 1981 2
1981 7296 13
764 6493 1
6493 3526 11
3526 4873 3
4873 7156 2
7156 1817 1
1817 3665 1
3665 1196 2
1196 4112 1
4112 6313 2
6313 340 1
340 5662 3
5662 6320 2
6640 4211 1
4211 5143 1
5143 306 1
6313 7158 1
7158 7306 27
6656 3671 3
3671 3714 1
3714 1964 1
1964 2239 1
2239 1981 4
1981 3528 18
3528 2926 1
2926 306 1
306 3539 1
3539 6506 1
6506 6320 1
6320 303 1
303 3263 1
3263 3526 1
3526 3122 1
3122 4883 1
4883 1964 2
1944 2747 1
2747 6211 6
6211 3526 3
7156 6313 1
6313 3095 1
3095 5921 2
5921 108 1
108 3606 1
3606 2907 1
2907 503 1
503 306 1
306 5798 1
5798 1191 1
1964 5361 1
5361 5591 1
5591 5662 1
5662 5538 4
5538 1 4
1 1482 33
1482 3526 5
7017 293 7
293 3711 1
3711 6656 2
3671 1468 1
1468 5538 1
5538 6405 1
7156 340 4
6640 4893 1
4893 7296 4
1191 261 2
261 3671 1
3671 6405 2
6405 3378 2
3378 7156 6
7156 6809 1
6809 3526 1
303 3241 4
3241 541 5
541 3526 1
3526 3319 3
3319 3717 1
3717 7306 1
7306 5551 1
5551 1263 1
1263 4486 1
4486 1479 1
3095 1371 1
1371 3526 2
3526 1196 1
1196 7306 2
7306 1747 1
1747 6575 1
6575 1335 1
1335 6656 1
6320 1 1
1 6211 6
6211 3528 1
3528 3713 1
3713 1964 1
1964 2983 1
5249 1964 3
306 5249 2
5249 452 2
452 7192 1
1018 3567 1
3567 115 1
115 5627 1
5627 1964 2
1964 2274 1
2274 306 1
306 5878 3
5878 7170 1
7170 2532 6
2532 3095 7
1263 4485 3
4485 3526 2
3526 4385 10
4385 1964 5
1964 4618 3
4206 1723 4
1723 1 2
3066 4138 1
4138 306 1
6313 1964 3
3565 1806 1
1806 2841 1
2841 3127 3
3127 3259 1
3259 3526 14
7156 3808 2
3808 1289 8
1289 5754 1
5754 6370 1
6370 3526 1
6456 6999 1
6999 1964 6
1964 4388 4
4388 3526 2
3526 926 1
926 5411 1
5411 1925 1
1925 4626 1
3526 764 3
1981 6643 4
6643 3263 1
3263 6320 1
6320 3413 1
3413 7156 2
7156 2965 1
2965 5773 1
5773 1981 2
1981 3526 5
3526 7099 3
7099 3526 4
3526 4847 2
4847 6211 1
6211 2097 2
1340 3464 1
3464 3526 1
1263 3264 2
3264 306 5
684 7152 1
7152 1964 1
1964 4916 1
4916 4618 1
4618 1550 1
6246 500 1
5754 5805 3
5805 1964 3
1964 1595 1
1595 1964 1
1964 3316 1
3316 1964 2
1964 6742 1
6742 2744 1
2744 5848 7
5848 4931 1
4931 3526 2
2107 5595 2
5595 1 2
6741 3526 2
3526 1581 3
1581 5329 1
5329 3050 1
3050 6565 2
6565 1964 2
1964 5173 5
5173 1114 1
6211 5924 1
5924 5184 1
5184 1964 1
3526 6054 1
6054 7156 2
7156 6251 1
6251 985 2
985 400 1
5779 1422 1
1422 1 4
1 6456 26
6456 7016 2
7016 3081 1
3081 3263 1
3263 1530 2
1530 7158 1
7158 3244 1
3095 6307 3
6307 303 1
400 5662 1
3528 1939 1
1939 1964 2
1964 2905 2
2905 7156 2
7156 6320 1
6320 3526 1
7296 4530 2
4530 3095 1
3095 3710 1
3710 2097 1
5662 4813 2
4813 6320 1
6320 5848 2
7156 5131 3
5131 1037 1
1037 3357 1
3357 3526 3
1550 6412 4
6412 5938 3
5938 1964 7
1964 4832 2
7296 5124 1
5124 1964 1
1964 1512 3
1512 3526 3
3526 6494 12
6494 1769 1
1 3671 1
3671 5848 1
7156 3244 7
3244 1263 1
1263 5788 9
5788 4589 9
4589 3095 3
4546 2122 1
2122 3526 8
1964 6320 3
6320 3651 2
3651 7156 11
3526 7297 4
7297 373 1
373 6211 1
6211 5848 4
7156 7099 4
2358 306 3
1530 3095 10
3095 4137 6
4137 3291 1
3291 306 1
306 6126 1
6126 1964 2
7296 6033 1
6033 375 1
375 1964 6
1964 3303 8
3303 3528 12
3528 3565 6
3565 5124 1
5124 1 2
1 3925 2
3925 6447 2
6447 2107 2
2107 1979 1
1979 6135 2
6135 6211 1
6211 666 1
666 1964 7
5848 5159 1
5159 5631 3
5631 4636 1
4636 2841 6
7297 5631 2
5631 1025 1
1025 1964 2
1964 1135 3
1135 450 1
450 3527 3
3527 1964 27
1964 4352 2
4352 7297 1
5631 4809 1
4809 303 3
303 5631 2
5631 1096 1
1096 5748 1
5748 3259 1
3259 6456 5
6456 1403 1
1403 1191 6
1191 6456 1
6456 7296 2
7296 5631 1
5631 2524 1
2524 7099 1
2358 3085 1
3085 3263 1
1530 1964 3
1964 7014 8
7014 6789 2
6789 1 3
6736 1550 2
1550 6216 1
6216 3095 1
3095 451 2
451 4572 1
4572 2747 3
2747 5938 5
5938 3095 8
3095 1574 3
1574 7156 2
3528 5848 8
5848 6456 6
7296 7152 1
7152 5631 1
5631 4352 2
4352 3527 2
233 1964 4
3528 3467 5
3467 1550 7
1550 1403 9
4112 3810 6
3810 4352 1
4352 3526 2
3526 5631 4
5631 1964 45
1964 5124 1
1 1512 2
1512 6320 1
6320 6405 1
6405 1126 1
1126 4725 1
4725 3526 3
5631 4626 1
7296 3671 1
3671 1141 1
1141 1796 1
1796 3095 1
3095 4060 2
4060 1964 2
501 4294 1
4294 2394 1
2394 4645 1
4645 6320 1
7296 2081 1
2081 5763 1
5763 2719 1
2719 7160 1
7160 635 3
635 7296 1
7296 6211 2
6211 3649 1
3649 306 1
7014 2286 1
2286 2358 2
2358 133 1
133 1259 1
1259 1033 2
1033 1 2
1 3285 3
3285 3526 1
3526 344 2
344 1263 1
5977 1868 1
1868 799 1
799 3526 1
3526 779 1
2434 6180 1
6180 506 4
506 4112 42
4112 6247 1
6247 2841 1
2841 2429 2
2429 3349 1
3349 3263 1
3263 6391 1
6391 2841 1
2841 289 1
289 6098 1
6098 492 1
492 3385 1
3385 1964 4
1964 1117 15
1117 4047 1
4047 1964 1
2841 5462 9
5462 3565 1
3565 4448 1
4448 306 1
3501 5249 1
5249 2107 2
2107 6228 2
6228 5864 1
5662 2434 1
2434 5943 1
5943 5779 4
5779 2501 1
2501 5631 3
5631 306 9
306 1144 15
1144 2693 1
2693 1964 19
1964 7170 6
7170 303 1
3095 1732 1
1732 3031 1
3031 2442 1
2442 3526 1
3526 4278 2
4278 6740 1
6740 2841 4
5462 1 1
1 2236 74
2236 4625 1
4625 4636 2
4636 7156 7
7156 1188 8
1188 306 2
2286 1259 1
1033 6405 1
6405 4893 2
4893 2686 1
2686 955 1
955 2581 1
2581 4809 1
7102 5219 1
5219 611 1
611 6320 1
6320 1910 1
1910 5373 1
5373 3526 1
6211 4349 1
4349 2744 1
2744 2071 1
2071 7014 1
7014 5216 1
5216 1981 1
1981 5630 4
5630 1 3
1403 6161 4
6161 3526 1
455 3290 3
603 648 1
648 4626 1
6538 2747 1
6211 4575 1
4575 1964 2
1964 4211 1
4211 306 1
6313 1489 1
1489 2841 1
2841 6320 1
6640 7157 1
7157 3526 5
3526 3665 3
1196 1 6
4686 4932 1
4932 1964 1
1964 1550 15
7306 4688 3
3095 261 2
7237 5287 1
5287 1144 5
1144 3526 1
7306 4385 7
1964 3705 1
3705 6506 1
5274 6996 1
7237 1 2
1 3634 5
3526 684 22
684 634 42
634 5204 1
5204 2021 1
2021 6659 1
6659 2447 1
2447 5418 1
5418 7306 3
3095 216 3
216 3286 1
3286 6907 1
6907 1 1
7156 3189 2
3189 303 2
303 6996 2
7237 3671 1
3671 2925 1
2925 6313 1
6313 684 1
684 3679 1
3679 4720 1
4720 303 6
7156 3242 6
3242 1964 2
3095 3081 3
3081 6405 4
7306 634 1
634 1740 1
1740 6656 1
6640 1335 1
1335 1147 1
1147 1259 1
1259 6211 1
6211 7158 2
7158 1983 2
3634 4597 1
4597 682 1
682 5287 5
5287 4490 1
4490 1196 5
1196 3526 4
3526 2980 1
2980 5249 1
5287 2983 1
2983 7192 1
1964 292 1
292 1964 1
5287 2107 10
3526 2844 1
2844 3526 1
3526 5667 1
5667 306 1
306 6643 11
6643 3526 2
303 3808 36
1289 6412 3
6412 1530 2
5287 4112 3
4112 1435 1
1435 3526 2
3808 4132 1
4132 3503 1
3503 553 1
553 1340 2
1340 340 1
1964 2942 5
2942 6538 1
6538 3526 10
7156 1479 16
7297 4857 1
4857 3095 1
261 3526 2
3526 4893 4
4893 4097 3
4097 3290 1
1964 418 1
418 1502 1
3319 7156 2
7156 4388 1
4388 2440 1
2440 929 1
6930 6999 1
603 2129 3
2129 398 1
398 3526 1
3526 836 2
836 7306 1
1964 6674 2
6674 306 1
306 2562 13
2562 2716 1
2716 1550 7
1550 6575 4
6575 331 1
331 4112 19
5547 1 15
6420 3973 1
3973 2841 7
2841 6538 18
6259 306 3
6412 2693 5
2693 926 19
926 131 1
131 303 3
303 2519 1
2519 1964 1
1964 1534 1
1534 6044 1
303 2413 2
2413 6221 1
6221 242 1
242 6973 1
6973 306 1
5676 7086 1
7086 2517 2
2517 6405 1
1964 2934 2
2934 3527 2
303 3107 1
3107 1479 1
1944 926 7
926 3527 1
3527 6245 2
6245 3526 3
3095 3738 2
3738 3226 1
2841 2719 7
2719 1964 4
6733 3095 2
541 1538 1
1538 2817 1
7297 6221 7
6221 6973 2
6973 1964 1
640 1763 1
1763 2841 1
2841 3284 2
3284 1152 1
1152 1 6
1 2222 2
2222 2212 1
2212 5779 1
4206 989 2
989 6656 7
303 5630 2
5630 6768 1
6768 2862 1
2862 927 1
927 1964 1
3528 6996 2
6996 2841 1
2841 3803 2
3803 6728 1
6728 5644 2
5644 7296 1
7296 1964 24
1964 2328 1
2328 7082 1
7082 3526 1
3526 1763 1
1763 7306 1
2841 1723 6
1723 1964 3
1964 6734 1
6734 306 1
306 2476 3
2476 2716 1
6575 2097 1
2097 3917 1
3917 6420 1
6420 2681 1
2681 5644 1
5644 1964 4
1964 1254 1
1254 2841 1
2841 475 1
475 4850 1
4850 287 1
287 1344 1
1344 2980 1
2980 4024 1
4024 4019 1
4019 1 1
4686 2274 1
2274 7306 1
7306 340 2
340 644 1
644 5399 1
5399 926 1
926 7306 14
7306 3076 2
3076 1964 1
1964 4954 1
4954 7306 1
2841 825 1
825 7099 1
7099 3259 3
3259 3671 1
3671 5037 1
5037 3526 1
4873 5630 1
306 5892 1
5892 634 2
5676 4856 1
4856 6626 1
6626 1538 1
1538 1964 3
3286 684 1
684 2413 3
2413 5551 1
5551 1539 1
1539 3254 1
3254 5779 4
5779 7018 1
7018 7054 2
1195 3254 3
3095 1187 10
1187 1944 1
1944 4430 1
4430 1114 1
1114 2556 1
2556 5644 3
5644 3226 1
3226 6633 1
6633 2226 1
2226 3226 1
3226 6903 1
6903 6405 1
6405 5068 2
2694 1144 1
1144 1 2
219 1964 14
401 3373 1
3373 6996 1
6996 1096 1
1096 1964 1
1964 6740 4
4546 2107 1
3286 1538 1
1538 6656 2
340 306 1
926 2906 1
303 6800 1
6800 1964 1
1480 5662 1
5662 6428 1
6428 1964 5
1964 5000 1
5000 1964 2
1964 2566 1
2566 1964 3
1964 663 3
663 516 1
516 1964 2
1964 410 2
410 2342 1
2342 2896 1
2896 2227 1
2227 1114 1
1482 6221 3
6811 294 1
294 6633 1
6633 4044 1
4044 684 1
6736 219 2
7017 6618 1
6618 7306 1
261 303 1
303 5627 2
5627 4688 1
340 7296 1
3095 2601 7
2601 1 2
6456 3565 1
3565 3081 2
3081 5287 1
5287 2747 2
6211 3254 1
3254 5145 1
5145 3095 2
2029 570 1
570 981 3
981 2817 4
2517 1539 1
1539 517 1
3095 4097 1
4097 3259 2
3259 2628 1
2628 6211 1
6211 5459 1
5459 4132 1
4132 1392 1
1392 3842 1
3095 6236 3
6236 7306 3
401 306 9
306 5621 1
5621 1964 1
1964 1340 8
1340 3526 3
3526 219 7
3095 5832 4
5832 6735 1
6735 294 1
294 1 1
7306 1779 1
1779 3467 1
3526 1758 2
1758 7306 1
5676 6735 1
6735 1964 5
3095 530 4
530 6575 1
6575 1195 9
1195 6412 1
5910 7306 1
1964 1417 19
3526 4690 1
4690 1964 1
7306 3242 9
3242 3764 1
3764 3095 4
3095 711 2
711 7306 1
6223 6275 1
7156 2116 1
2116 1 1
1 2906 3
303 6733 3
6733 7306 1
7306 2737 3
2737 5287 3
5287 5014 2
5014 711 1
711 1981 5
1340 6506 1
6506 684 8
2789 2934 2
2934 2484 1
2484 3501 1
3501 303 1
1964 6017 3
6017 3095 4
3095 5079 1
5079 4112 1
4112 6593 1
6593 7306 1
6494 4275 1
4275 3095 1
2789 3527 1
3527 3494 1
3494 7116 1
7116 6746 1
6746 1152 1
1152 303 4
303 5879 2
5879 1981 3
1981 6504 1
6504 1964 1
1964 5180 1
5180 1413 1
1413 1364 2
1364 3671 1
3671 2236 2
2236 6734 1
6734 6209 1
6209 3242 1
3095 3610 3
3610 306 1
306 6974 1
6974 3265 1
3265 1964 6
570 3254 3
3254 3628 1
3628 7306 1
303 5287 2
5287 6097 1
6097 3422 1
3422 684 1
684 2419 8
2419 1964 9
1964 2744 3
5848 4742 1
634 6506 3
1964 1741 3
1741 4688 1
219 1187 1
5274 303 2
303 3219 6
3219 3477 1
3477 2841 1
644 2934 1
2934 2246 1
2246 6221 1
6221 5571 1
5571 4042 2
4042 108 1
108 5642 2
5642 1829 1
1829 2669 1
2669 6286 1
6286 1964 1
1964 2405 1
2405 1390 1
1390 7306 1
3527 5971 1
5971 1964 1
4932 1550 6
1550 5269 3
5269 306 2
306 1133 2
1133 6700 2
6700 6973 1
6973 1550 1
6246 303 2
303 4837 1
4837 2097 2
2097 6230 3
6230 925 1
925 6221 1
6221 4573 1
4573 7158 1
7158 404 1
404 3095 1
3095 1431 1
1431 306 1
306 7269 1
7269 1964 2
3095 921 2
921 5737 1
5737 7306 4
7306 1699 2
1699 4206 2
4206 6246 2
6246 4941 1
4941 4573 1
4573 1964 2
3081 3725 1
3725 2466 1
2466 6502 1
6502 3230 1
3230 243 3
243 6412 1
6412 7158 3
7306 2744 1
303 5079 1
5079 634 1
634 7296 1
7296 3713 1
3713 4616 1
4616 3259 1
3259 1191 1
1191 6740 1
6740 1979 1
1979 2097 1
2097 2295 3
2295 2236 1
6846 306 1
2517 3781 1
3781 5630 1
5630 7306 5
5892 6806 1
6806 684 1
684 5919 1
5919 2747 1
2747 5269 1
5269 3560 1
3560 4573 1
1964 6173 11
6173 4042 1
4042 1 3
1 5890 1
5890 1964 1
1964 3671 2
3671 7309 1
7309 3526 2
303 5837 2
5837 3095 2
306 1433 3
1433 6490 1
1480 6412 3
6412 2107 6
640 5470 1
684 6420 1
6420 1979 1
1979 7125 1
7125 1944 1
2107 15 1
15 5848 2
7156 762 1
762 5171 1
5171 1964 1
1964 4490 3
1196 1479 1
1479 3528 16
3528 6715 1
6715 1284 1
1284 1191 1
1191 1263 1
1263 6313 1
6313 3259 1
3259 1480 1
1480 2737 1
2737 6161 1
6161 3774 1
3774 5289 1
5289 1964 1
6640 6324 1
6324 7296 1
7296 6863 8
6863 1 2
1482 6996 1
6996 5953 1
5953 269 1
293 1838 1
1838 3263 1
3263 5171 1
5171 1259 1
1259 6538 15
7158 3714 1
3714 7306 1
3671 1964 8
1964 3665 7
4206 3538 1
3538 340 1
5287 2905 1
2905 3526 1
3526 762 1
762 7306 1
3808 5495 2
5495 4688 1
7017 219 1
219 1538 1
340 7158 1
3565 4982 1
4982 1114 1
1114 596 1
596 2107 1
7296 6656 7
3528 6420 7
6420 2929 1
2929 6626 1
6626 6211 1
6211 4386 1
4386 5627 1
1964 5626 3
5626 401 1
2102 2440 1
2440 6506 3
6506 2841 5
2841 7317 1
7317 4559 1
4559 1 2
4686 1482 2
5287 821 1
821 401 1
401 4308 1
4308 1259 1
1259 376 1
376 7157 1
7157 6736 1
6736 3244 1
3095 5108 1
5108 1 1
7296 5628 1
5628 401 1
401 570 1
570 1259 1
1259 3516 1
3516 1126 1
2440 3095 2
1944 4112 3
4112 2034 6
2034 3364 1
3364 2107 1
2107 3161 3
3161 4098 1
4098 1964 3
4386 5779 1
5779 7129 1
7129 1134 1
1134 3526 3
3526 3567 1
3567 7156 1
7156 1482 5
1482 4636 2
4636 2107 4
7306 3714 1
3714 7156 1
303 968 1
968 306 8
306 3303 8
3303 1964 2
1964 1479 21
3528 4579 2
4579 6863 1
6863 3526 5
6412 3838 1
3838 6490 1
3526 1944 12
1944 3467 3
7306 6173 3
6173 2716 1
306 7219 6
5802 3764 1
3764 1964 4
1964 5217 6
5217 6493 1
6493 2051 1
2051 7018 1
7018 6244 1
985 684 1
5274 3095 10
3095 2934 15
2934 7296 1
7306 3566 1
3566 5494 1
5494 3259 1
3259 3167 2
3167 1417 1
303 1502 1
1964 1308 4
1308 4387 7
4387 3526 16
7306 6674 1
6674 6211 1
6211 4625 1
4625 7306 2
2097 7322 1
7322 3956 1
3956 414 1
414 2358 2
3526 4845 1
4845 2702 1
2702 2452 2
2452 2802 2
2802 6954 1
6954 2841 1
2841 5262 3
5262 219 1
219 2466 1
2466 2314 1
2314 1083 2
1083 4605 1
4605 1964 3
1964 1397 2
1397 289 1
289 475 2
475 306 2
306 7142 4
7142 904 1
904 1 1
6221 2227 1
1964 1144 9
1144 903 1
903 1259 1
1259 5240 1
5240 1964 1
1482 3837 1
3837 7306 1
7306 790 2
790 684 1
7296 2841 4
131 1 11
4686 378 2
378 1964 7
1964 5820 2
5820 2841 10
2841 3276 1
3276 2562 1
2562 3666 1
3666 7306 1
3313 684 1
684 2107 8
5921 1964 5
7156 2236 6
2236 6661 1
6661 1981 3
1340 450 1
5662 5779 23
2517 5630 1
1964 6732 2
6732 5831 1
2841 3467 19
2693 7306 8
303 1 14
1 4386 2
4386 257 1
257 4112 1
6269 7014 1
7014 4112 1
3284 5097 1
5097 303 1
303 1275 1
1275 3803 1
3803 1964 2
1964 5646 1
5646 2560 1
2560 1964 1
6760 6405 1
6405 1130 3
1130 7156 1
7156 3226 11
3226 6211 1
6211 3226 1
3226 340 1
7306 219 13
219 3226 5
7156 3095 45
2934 7306 4
5568 798 1
798 243 1
243 1964 7
6733 3298 1
3298 1502 1
1502 3285 2
3285 1479 2
1479 6211 1
6211 2983 1
2983 1 1
6736 3004 1
3004 3526 1
3526 3426 1
3426 7306 1
6405 1645 1
1645 7156 1
1715 5882 1
5882 5068 1
5068 634 1
634 4387 4
4387 6211 2
6211 3095 3
3095 3500 1
3500 7306 3
3095 6171 2
6171 7156 1
7306 6420 8
6420 6135 1
6135 2021 1
2021 6881 1
6881 4387 1
7306 4005 1
4005 414 1
414 306 4
306 6973 6
6973 4742 1
4742 6044 3
6044 6229 6
6229 7306 7
6223 1035 1
1035 6741 1
6741 1 2
6211 6447 1
6447 634 2
634 6851 1
6851 6980 1
6980 5382 1
5382 1981 1
1981 287 2
287 1433 1
1433 6656 1
3526 4834 1
4834 1964 1
3565 5380 1
5380 3526 1
3526 799 1
799 1482 1
1482 306 5
1018 5021 1
5021 401 1
3284 306 1
306 2143 1
2143 1964 1
6456 2841 2
3526 5131 8
5131 5993 1
5993 303 3
303 6275 4
6275 3226 1
3226 1141 3
1141 3226 3
3226 450 3
450 14 1
14 6152 1
6152 952 1
952 2236 1
294 5309 1
5309 4626 1
4626 797 1
797 3526 1
640 4927 1
4927 5626 1
5626 4769 1
4769 1964 3
5287 6494 1
6494 1 6
1482 2929 3
2929 4769 4
4769 3290 2
3290 2841 1
7296 4720 4
4720 4503 1
4503 6506 1
6506 603 6
603 6405 13
6405 1685 1
1685 3636 1
6656 7099 3
7099 6370 1
6370 5595 1
5595 6370 1
6370 1 1
347 7099 2
3526 5507 1
5507 1568 1
1568 1196 1
1196 2841 4
3526 6556 1
6556 1114 1
1114 1 4
6506 816 1
816 306 1
2295 7296 1
7296 6370 1
6370 1417 1
1417 4589 1
4589 293 2
293 1964 18
1964 3666 1
3666 5217 1
5217 6456 2
6456 6370 1
6370 4590 1
4590 4530 1
4530 3671 1
3671 7103 1
7103 6626 1
6626 1685 1
1685 3526 1
1964 7040 1
7040 1964 1
7296 2929 2
4769 1114 1
1482 2624 2
6538 1685 1
1685 4524 1
4524 6320 1
6640 3773 1
3773 6656 1
7306 2151 2
2151 603 1
603 2107 12
2107 7297 3
7297 1685 1
1685 4659 1
4659 240 1
240 7099 1
7099 5662 10
5662 2151 1
2151 306 1
1335 1126 1
1126 219 3
219 4061 1
4061 3526 1
3526 603 4
306 7294 1
7294 6221 1
6973 635 1
635 1753 1
1753 1964 1
1964 1818 2
1818 3278 1
3278 6412 1
6412 2584 1
2584 7156 1
7156 5748 1
5748 303 1
303 293 31
293 6307 2
6307 1 1
4769 7099 1
7099 6656 2
6656 6412 1
6412 4769 1
4769 5754 1
5754 4772 2
4772 1267 1
1267 3095 2
2789 1114 4
1191 2041 1
1417 603 5
603 450 2
1964 6735 4
6735 1981 1
1981 7297 2
7297 6269 1
6269 2874 1
2874 1114 1
5848 5198 1
5198 306 6
306 950 9
950 6211 1
6211 6640 1
6640 6405 1
5848 2735 1
2735 5964 1
5964 1964 2
1964 2789 6
2789 4173 1
4173 2747 1
5938 981 1
981 1114 15
1550 1079 1
1079 261 1
261 293 1
293 7297 7
7297 5073 2
5073 6269 1
6269 1964 1
219 306 2
3095 1610 2
1610 293 1
293 603 2
603 7297 10
5681 5938 2
5938 429 1
429 981 1
981 2841 5
2841 2747 8
2747 7239 1
7239 1479 1
1479 4135 1
4135 7296 1
7296 7239 1
7239 382 1
382 3756 1
3756 1 1
1 684 11
3612 6157 1
6157 3229 1
3229 4216 1
4216 6405 1
2841 7239 2
7239 517 1
517 3186 1
3186 989 1
989 5831 1
5831 2107 4
306 4031 2
4031 6593 2
6593 4187 1
2841 3527 22
2122 7239 1
7239 4991 1
4991 3278 1
3278 1 1
7306 3467 9
3467 1981 19
1981 3904 3
3904 196 1
196 306 1
1018 6506 3
603 3240 1
1267 5754 1
4772 1114 2
1114 1718 1
1718 6656 2
2817 4769 1
4769 5131 1
5131 1718 3
1718 6633 1
6633 6506 4
6506 4631 1
4631 6420 1
3467 564 1
564 3116 3
3116 1981 3
1981 3435 1
3435 2804 1
2804 4742 1
4742 6412 1
6412 1502 14
1502 125 1
125 2107 3
2107 124 1
124 7099 1
7099 5619 1
5619 2841 1
3164 126 1
126 6007 1
6007 7239 1
7239 6405 2
1964 182 1
182 1964 1
1964 3463 3
3463 3526 3
6405 7015 5
7015 2107 2
2107 3244 1
3244 306 1
1018 7088 1
7088 5662 1
5662 7061 1
7061 2841 1
3164 1953 1
1953 3842 1
3842 5662 3
5662 5813 2
5813 2842 2
2842 5131 1
5131 6955 1
3297 309 1
309 4015 1
4015 1964 1
2107 293 26
6633 1417 14
1417 981 3
269 3526 4
3526 6904 1
6904 306 1
306 2126 1
2126 2269 1
2269 6791 1
6791 981 4
2841 5372 1
5372 7317 1
7317 1964 1
684 2841 5
5723 1944 1
1944 1114 2
6538 981 7
3526 2029 1
4772 995 1
995 6656 1
6656 5779 6
2841 5590 3
5590 3290 1
3290 7296 8
6236 1417 1
1417 1263 2
1263 7156 14
1483 2817 2
2817 7293 1
7293 1310 1
1310 2107 1
5287 303 5
303 1195 2
1195 709 1
709 7306 1
5676 7016 2
7016 1979 2
1979 995 1
995 1479 1
1479 65 26
65 3095 3
3095 6980 1
6980 2552 1
2552 1 2
2236 6748 2
6748 7156 12
1480 6656 2
306 29 5
29 6412 1
6412 7252 1
7252 926 1
3116 4371 1
4371 995 1
995 7306 1
3095 4386 7
4386 5848 1
3242 219 6
219 995 1
995 3095 2
6405 5198 3
5198 1964 3
5848 1964 4
7306 5966 8
5966 1114 1
1114 5095 2
5095 5093 1
5093 401 1
6269 684 1
5274 7306 3
219 3242 7
3242 306 9
1530 995 1
3116 3069 1
3069 5779 1
5779 400 4
400 3526 2
3526 293 7
1964 1357 1
1357 3095 3
3095 6866 1
6866 1479 1
65 7306 5
3095 3730 1
3730 306 1
306 6259 10
6259 6170 1
6170 4729 1
4729 7296 2
7296 3116 11
3116 3095 7
3095 5048 5
5048 5662 2
5662 60 3
60 603 1
7306 1507 1
1507 293 1
293 1944 4
7306 3651 5
3651 3526 3
981 3161 1
3161 5048 2
5048 4387 1
3095 5058 5
5058 306 3
7296 7252 1
7252 4437 1
4437 1 1
1482 6251 1
6251 3095 2
5058 3290 1
1964 4920 2
4920 2122 1
7296 4769 1
4769 1479 1
1479 3161 1
5048 564 1
3116 4387 1
306 7252 2
7252 7219 1
7219 2694 1
2694 1 2
1964 738 1
738 5779 2
5779 1550 4
1550 4769 1
1964 567 1
567 269 1
269 3529 1
3529 4769 1
4769 1 1
1 7054 1
7054 4437 1
4437 5662 1
5662 2693 17
2693 3095 7
2789 5772 1
5772 7157 1
7157 1569 1
1569 7296 1
7296 1543 1
1543 7296 1
7296 256 2
256 564 1
306 125 2
125 5619 2
5619 1964 5
1964 3854 1
3854 1263 1
6538 5380 1
5380 7156 1
7156 6736 6
1719 2446 1
2446 3526 5
3526 3203 2
3203 3264 1
3264 1 3
1 3528 13
3528 3526 5
216 5963 1
5963 6405 1
3526 4450 1
4450 331 1
331 6532 1
6532 3059 1
3059 2841 5
2841 232 3
232 5662 4
5662 5743 1
5743 3363 1
3363 5779 1
5779 2260 1
2260 1964 1
4932 5627 1
5627 2841 1
2841 7102 8
7102 5723 4
5723 6245 4
6245 219 3
219 401 5
401 1372 1
1372 3116 1
1964 4769 1
1964 232 1
232 6494 1
6494 2669 1
2669 5177 5
5177 493 1
493 4615 1
3526 1287 2
1287 1323 5
1323 5851 1
5851 4112 3
4112 2286 2
2286 6006 1
3264 4686 1
4686 2841 5
1403 6967 1
6967 6490 1
6490 1550 4
3467 2260 1
2260 6490 1
1403 1 7
4686 2107 5
2107 1157 1
1157 1981 1
1981 401 7
401 5835 6
5835 2501 1
2501 3264 1
3264 4112 2
4112 232 1
232 6506 1
6506 2994 2
2994 3526 2
3526 7296 14
7296 5773 9
5773 4688 1
7156 2107 4
3264 5685 1
5685 6656 1
3526 5110 1
5110 1964 1
3840 6534 1
6534 3016 1
3016 3526 1
6405 426 1
426 7156 1
6656 2440 6
6699 4275 1
4275 293 1
293 560 1
560 1439 1
1439 4134 1
4134 1964 2
6223 2177 2
2177 4112 4
4112 1096 1
1096 4432 1
4432 1207 1
1207 1550 2
1550 6909 1
6909 3840 1
3840 1 3
1 5627 1
5627 3526 2
6456 6405 1
7156 4811 1
4811 5625 1
5625 5131 1
5131 306 2
306 6361 3
6361 3095 1
3095 1979 5
1979 4626 1
4626 3526 4
5676 7296 2
3526 4991 2
4991 5966 2
5966 6211 1
6211 6119 1
6119 7037 1
7037 306 1
306 3526 17
3526 7014 5
7014 1195 1
1195 6405 1
6405 269 5
293 3526 26
3526 4782 1
4782 3259 1
3259 4525 1
7296 6736 17
6736 3526 4
6968 7113 1
7113 2374 1
2374 4626 1
6741 3671 1
3671 451 1
1550 289 2
289 1964 1
7156 475 1
475 3526 1
6968 2841 3
1144 4568 1
4568 1964 1
1964 3467 4
3467 125 1
125 1023 1
1023 7296 1
6412 4192 1
4192 7306 1
7156 7113 1
7113 2123 2
2123 7077 3
7077 3526 1
3526 2983 1
2983 343 1
343 1964 1
1964 6847 1
6847 1 3
1 6493 3
7306 6768 2
6768 2222 1
2222 2021 1
2021 798 1
798 2466 3
2466 243 3
1964 711 3
711 3016 1
3016 2533 1
2533 6490 1
6490 2533 1
2533 1403 1
1403 3526 4
684 4060 1
1964 4060 1
4060 1 2
4686 4134 1
4134 2841 3
2841 5754 10
5754 3466 1
3466 6506 1
4137 3526 3
3095 6847 2
6847 2389 1
2389 1 1
684 581 1
581 6253 1
6253 2824 1
2824 1964 1
1964 2696 3
2696 306 2
684 6259 3
6405 5054 1
5054 3808 1
1323 4206 2
4206 2295 4
1868 6135 2
6135 7156 2
7156 950 2
950 5676 2
5676 5779 18
5779 1691 2
1691 1964 1
6851 7306 6
7306 3550 3
2107 2389 1
2389 6847 3
1 5736 2
5736 3620 1
3620 1014 1
1014 3095 2
1944 5882 2
5882 634 5
7306 5126 2
5126 2107 1
344 5335 1
5335 6276 1
6276 2399 1
2399 1964 7
649 2841 6
2841 3264 6
3264 3671 1
3671 2107 1
2107 6322 1
6322 2696 1
1964 2403 8
2403 1936 1
1936 3526 1
3526 1492 1
1492 7156 1
7156 1936 1
1936 4451 1
4451 6656 1
3526 4112 10
4112 3264 3
344 4312 1
4312 1114 2
2107 424 1
424 981 1
269 3467 1
3467 6774 1
6774 3526 2
306 7267 1
7267 3259 1
3241 1936 2
1936 3095 2
3526 3081 5
3081 96 1
2286 684 4
2419 1 1
5676 2403 1
2403 6015 1
6015 3527 2
3527 6015 3
3527 2464 1
2464 7306 1
306 7224 1
7224 7306 1
3095 462 17
462 7158 3
7158 6656 1
7099 303 3
6412 1249 1
1249 950 1
950 5890 1
5890 3526 5
3526 707 1
707 1981 5
1981 5835 5
5835 6813 1
6813 2841 4
5676 1649 1
1649 4686 1
4686 6223 9
4112 4432 2
4432 299 1
299 5526 1
5526 414 1
1964 2761 1
2761 4112 1
4112 533 1
533 2453 1
2453 2403 1
2403 1964 4
1964 575 2
575 7156 1
3526 6344 4
6344 7178 1
7178 2628 1
2628 3526 1
3526 6810 1
6810 1964 1
1964 3152 2
3152 634 5
634 2505 1
2505 5987 1
5987 6506 1
6506 6253 1
6253 4686 1
4686 6044 1
6044 1842 1
1842 1964 1
1964 3226 7
3226 5287 7
5287 1126 1
3095 4040 2
4040 7306 1
2517 6892 1
6928 1964 1
875 555 1
555 1964 1
7296 6489 1
6489 6223 1
6223 1482 3
1482 6276 1
6276 3671 1
3671 316 1
316 306 2
306 6700 8
6700 344 1
344 3526 5
3526 4942 1
4942 2841 2
2841 2571 2
2571 4958 1
4958 2940 1
2940 989 1
989 2851 2
2851 1964 2
981 1466 1
1466 5968 3
5968 6527 1
6527 7296 1
7296 2687 2
2687 6527 1
6527 3528 1
3528 1550 3
7306 1979 7
1979 6506 2
6506 7333 4
7333 5662 1
4386 3797 1
3797 603 1
603 3528 4
3095 6587 7
6587 7306 4
6587 5631 1
5631 5181 2
5181 3528 1
3528 7004 1
7004 5220 1
5220 3797 1
3797 3609 1
7306 3206 1
3206 306 1
4408 4686 1
4686 3526 15
7138 1964 1
4570 1964 1
684 5116 2
5116 2687 1
2687 7157 1
6583 1579 1
1579 306 2
306 3466 2
3466 1964 4
1964 4448 4
4448 4206 2
6246 1 2
5676 684 9
5116 4686 1
2107 1769 1
1769 1126 1
1126 5867 1
5867 3466 1
3466 303 1
5968 5890 1
3526 5705 2
5705 3466 2
3466 649 1
3264 2107 1
2107 4479 3
4479 6683 1
6683 7306 4
1117 1550 1
7306 1002 1
1002 3526 1
3526 1002 1
1002 1550 5
2286 5662 1
5662 5872 1
5872 3265 2
3265 1896 1
1896 7306 5
7306 31 1
31 5977 1
5977 2403 1
2403 7156 3
7306 6668 8
3095 4892 9
1550 3528 37
3526 5116 1
5116 6855 1
6855 981 1
7306 929 1
929 1 4
3526 6506 8
6506 5985 1
5985 1114 1
684 5627 2
5627 3567 1
3567 1964 1
1964 96 2
96 1550 1
5287 2236 3
7306 1984 1
1984 1964 1
1964 3299 4
3299 3526 1
5631 3526 3
6344 7306 7
7306 5825 1
5825 1550 1
1550 2463 1
2463 1964 2
6740 1417 1
7156 6626 5
6626 7306 26
1964 2435 1
2435 3477 1
3477 834 1
1981 2463 1
2463 5662 1
5662 301 1
301 2754 1
2754 1964 4
7296 6133 1
6133 5890 1
5890 6211 1
6211 6044 1
6044 748 2
748 5820 1
4432 4844 1
4844 6145 1
2097 1152 10
1152 1964 11
7156 3666 1
3666 2720 1
2720 1 3
4686 6736 1
6736 6668 1
6668 7306 6
7306 3265 1
3265 3526 1
3526 4322 1
4322 4206 1
4206 5779 2
7156 4639 1
4639 6006 1
6006 2855 1
2855 5835 2
5835 1 3
6420 4636 1
4636 2440 2
2440 6626 3
6626 1480 3
1480 3526 4
3526 3808 9
5890 1643 1
1643 6493 1
6221 6297 2
6297 5662 2
5662 5020 1
5020 5830 1
5830 492 1
2744 3625 1
3625 7157 1
7157 3095 1
3095 2903 1
1964 6015 1
6015 5662 9
5662 6230 1
6230 5630 1
7306 1829 1
1829 306 1
3526 7244 1
7244 7158 1
7158 5022 1
5022 1804 1
1804 3529 1
3529 2021 1
3207 4686 3
4686 4971 1
4971 5630 1
5630 2841 1
5662 5554 1
5554 1 1
5676 6778 1
6778 1550 1
1550 232 1
232 3078 1
3078 306 1
306 3854 1
3854 1964 5
6223 1308 5
1308 2236 2
1964 1263 15
1502 2663 1
2663 1964 3
6536 4706 1
4706 634 1
634 663 1
663 7156 1
6633 750 1
750 7306 1
7306 3690 3
3690 950 2
950 1964 10
1964 3444 3
3444 5836 1
5836 4552 1
4552 926 2
3076 6066 1
6066 6740 2
6740 446 2
446 1947 1
7306 6134 2
6134 1323 1
1323 2906 1
6263 3671 1
3671 2548 1
2548 6656 5
303 1287 7
1287 6992 1
6992 1964 2
2097 6538 14
1502 3562 1
3562 3526 1
6633 1840 2
1840 5662 1
5662 5630 9
7306 6086 4
6086 7156 8
3526 3254 14
3095 4523 6
4523 1981 1
1981 6538 4
7156 863 1
863 3285 1
3285 1964 3
5848 2442 1
2442 2097 1
2097 2817 10
2817 2574 1
2574 603 1
1964 4318 1
4318 3526 1
3095 5304 3
5304 7306 4
5014 1114 1
1114 3254 5
764 3095 2
2789 700 6
700 5508 1
5508 3290 1
2481 1114 2
1114 3095 9
6245 6626 1
6626 108 1
108 6495 2
6495 3219 1
3219 7317 1
7317 7132 1
7132 4250 1
4250 4187 1
4187 3095 2
3095 4559 2
4559 2532 1
2532 2841 1
2841 6732 1
6732 5644 2
5644 2097 2
2097 1594 4
1594 7306 4
7306 7113 1
7113 2719 1
2719 4892 1
4892 3526 1
3526 3723 1
3723 1152 1
2097 5547 13
7156 506 1
4112 6476 23
6476 4101 1
4101 3342 1
3342 406 1
406 682 1
682 6094 1
6094 1964 2
1126 2466 1
2466 2316 1
2316 1947 1
1947 5547 1
5547 3079 2
3079 4272 1
4272 7306 1
7306 4332 13
4332 7156 15
7156 1538 2
1538 293 1
293 4935 1
4935 303 1
7306 6456 6
6456 306 3
306 2094 1
2094 4469 1
4469 7306 1
7306 640 6
640 353 1
353 4688 1
6506 3529 1
3529 3082 1
3082 506 1
5547 4101 1
4101 1398 1
1398 1964 2
7054 1898 1
1898 4093 2
4093 2041 1
5287 243 1
243 4112 1
4112 1149 1
1149 500 1
500 6506 1
1964 1191 21
7156 2556 1
2556 3528 2
1114 5043 1
5043 2841 2
2841 1399 1
1399 5870 1
5870 1964 1
2841 2521 2
2521 7306 1
1979 4112 3
4112 131 10
131 1964 17
3467 950 1
950 684 1
684 838 1
838 3671 1
1403 5920 1
5920 3095 1
3095 4925 2
4925 2532 2
2532 5547 1
5547 7159 1
7159 4336 2
4336 1964 2
344 968 1
968 4101 2
4101 7098 1
7098 1114 1
1114 2122 2
2122 5131 1
5131 7165 1
7165 6955 1
6955 6579 1
6579 2021 1
2021 7146 1
7146 306 1
306 1255 2
1255 3204 1
3204 518 1
518 2107 1
2107 2708 1
2708 7306 1
7306 262 3
262 306 3
520 989 1
989 506 1
506 4504 1
4504 5198 1
306 3462 2
1964 4565 8
4565 2097 3
2097 7098 2
7098 7306 5
7156 2441 5
2441 306 3
3164 2505 2
2505 6656 2
2817 7084 1
7084 6405 3
1187 7259 1
7259 5280 1
5280 1 2
2236 4296 2
4296 4742 1
4742 2097 1
2097 5676 4
5676 7098 2
7098 645 1
645 1964 2
1964 4271 4
4271 7099 1
7099 2841 7
5979 3259 1
3259 2841 2
5287 764 1
764 4303 1
4303 7098 1
7098 1964 22
1191 303 2
303 5223 1
5223 7306 1
492 306 6
1964 4867 1
4867 2097 1
2097 131 20
131 1417 1
603 6211 1
6211 3378 1
3378 2236 4
2236 6683 3
6683 1335 1
1335 1217 3
1217 6412 1
6412 7253 2
7253 6245 1
6245 3259 2
3259 2236 3
7306 1268 5
1268 1263 24
1263 131 7
131 3671 1
3671 1482 1
7306 1581 1
1581 7098 1
7098 306 4
306 6867 3
6867 5561 2
5561 1791 1
1791 1969 2
1969 1964 1
1964 1249 1
1249 471 2
471 1964 2
7306 4892 6
4892 306 10
306 989 19
989 1403 1
1403 1417 1
1417 6173 1
6173 3526 3
7014 1 4
4686 501 1
6538 7157 1
7157 6661 1
6661 306 1
2517 6180 1
1964 4359 1
4359 1322 1
1322 2841 1
7156 5280 3
5280 106 1
106 6430 1
6430 4033 1
4033 3634 1
3634 6973 1
6973 7296 1
303 6044 4
6044 186 5
186 1964 2
684 2104 3
2104 269 3
269 1979 1
1979 2747 2
6211 3259 2
644 6173 1
6173 7098 5
7098 1 6
1964 728 1
728 2002 1
2002 2468 4
2468 968 1
968 3671 1
3671 6736 1
6736 6180 1
5547 4112 1
4112 6590 1
6590 1964 1
1964 7049 1
7049 1981 1
5630 306 2
306 2131 1
2131 5207 1
5207 1947 1
455 2236 1
3526 4284 2
4284 7306 1
7306 6837 1
6837 6598 1
6598 860 1
860 2517 1
2517 3526 2
3526 4610 1
4610 7306 1
7306 3163 1
3163 1550 1
6405 2310 1
2310 3259 1
3526 2873 1
2873 269 1
293 5709 1
5709 306 3
520 3769 1
3769 1964 2
1964 5031 1
5031 6405 1
1323 7306 2
1944 3854 1
3854 1715 1
401 2748 1
2748 1964 1
3081 5480 1
5480 2817 1
2817 6015 3
5662 6732 2
6732 5261 1
5261 6080 1
6080 1964 1
1964 4625 12
4625 1344 2
1344 3303 1
3303 2817 2
2817 1713 1
1713 1964 1
1964 2531 6
2531 4626 1
4626 1594 7
1594 6109 1
6109 1964 1
7306 4932 1
4932 3314 1
3314 2107 1
7306 3641 1
3641 340 1
3671 7158 1
7158 3528 13
3095 2051 1
2051 7296 1
293 2446 1
2446 379 1
379 7102 1
7102 4435 2
4435 2841 3
2841 6716 1
6716 5306 1
5306 6851 1
6851 6661 1
6661 1130 1
1130 4387 1
6633 6969 1
6969 2624 1
2624 2532 10
2532 7156 7
2789 5959 4
5959 7306 3
1323 3254 2
4878 1 3
4686 3671 1
3671 666 1
666 2841 2
2841 2720 4
2720 2983 1
2983 520 1
303 7192 1
7192 553 1
1340 5304 1
5966 7297 2
7297 7099 5
7099 3095 5
3095 5662 9
5662 1274 1
1274 6386 1
6386 4990 2
4990 7306 1
1824 1479 2
1482 4892 2
4892 6633 3
7306 5304 4
5304 5966 1
5966 3526 1
3526 4134 1
3565 6847 2
6847 1844 1
1844 3526 1
3526 5938 2
5938 2912 1
2912 7306 1
2906 1187 4
1187 3290 4
3290 1417 11
1417 6456 3
6405 6863 2
6863 7156 3
3244 1964 7
989 3095 8
4892 7306 2
7306 5408 1
5408 7077 1
7077 2097 5
2097 1149 2
1149 2817 1
2817 666 1
131 5547 4
5547 298 1
298 4272 1
4272 1964 3
1964 4112 14
4112 3527 5
3527 4101 1
4101 2737 1
2737 682 5
682 2517 1
2517 5890 1
5890 4389 2
4389 1898 1
4093 1180 1
1180 243 2
243 5759 1
5759 500 2
500 2817 1
2817 450 9
450 2562 2
2562 1964 12
1964 4326 1
4326 3528 1
3528 2097 3
131 4686 2
4686 4553 1
4553 682 1
682 2841 4
2693 3854 1
3854 5115 1
5115 293 1
293 2841 12
2841 5547 5
5547 401 2
401 1195 3
1195 7158 4
7158 2960 2
2960 219 1
219 3259 1
3526 3423 1
3423 1180 1
243 2841 3
5287 1259 1
1259 3526 8
1287 3526 1
3526 1617 2
1617 1481 1
1481 306 2
1018 5043 1
5043 3526 1
7306 1758 2
1758 450 1
3506 4467 3
4467 7141 1
7141 4669 1
4669 4093 1
4093 2841 6
2841 275 3
275 306 1
7297 3284 4
3284 3526 5
3526 1344 4
1344 3095 1
3095 378 14
378 4280 1
4387 4112 1
4112 2747 7
2747 5525 1
5525 3526 2
3526 3792 1
3792 1134 2
1134 4686 1
4686 861 1
861 4042 1
4042 1964 3
3565 4932 3
4932 4044 1
4044 6490 1
6490 243 1
243 4809 1
3671 3973 1
1403 131 2
131 7306 9
6740 711 1
711 2841 4
565 2562 1
2562 500 1
5662 4093 7
4093 2104 1
2104 5131 1
5131 5259 1
5259 2841 1
2841 520 6
520 928 1
928 1131 1
1131 7306 1
450 2702 2
2802 1964 2
1964 3709 5
3709 3526 1
3526 6618 2
6618 926 14
303 6173 5
7098 5337 1
5337 403 1
403 1964 1
1964 6179 1
6179 306 1
3526 2802 1
2802 4686 1
4686 3709 1
3709 6618 1
1502 5745 1
5745 1083 1
1083 4686 1
4686 289 1
289 5662 2
5662 475 2
475 7306 1
7306 1569 3
1569 401 2
401 5693 1
1964 2361 2
2361 1964 1
5882 2935 1
2935 4605 1
1397 1569 1
1569 5240 1
5240 1569 1
1569 346 1
346 1964 1
1964 6938 1
6938 1981 1
1981 6636 1
6636 1569 1
1569 2234 1
2234 1964 1
1964 1522 3
1522 2421 3
2421 5754 1
6221 4042 2
4042 1144 1
1144 3466 1
3466 2356 1
2356 1964 1
1964 2363 1
2363 7306 1
7306 6801 1
6801 1964 1
6732 1964 4
1964 6150 2
6150 1964 2
1964 3612 3
3612 414 2
414 684 1
7156 6245 1
6245 7019 1
7019 293 5
293 7059 1
7059 1569 1
1569 684 4
684 1382 3
1382 7306 1
3293 303 2
303 6523 1
6523 6506 1
1403 6523 1
6523 3095 1
3095 2935 1
2935 2413 1
7156 2505 2
2505 306 6
306 1398 1
1398 1 2
6736 1944 5
1944 4729 4
4729 3526 1
2906 3609 1
790 5630 1
303 1037 4
1037 7306 1
7306 5837 3
5837 4307 1
4307 6230 1
6230 2236 1
2236 5078 1
5078 306 1
306 1445 4
1445 1964 5
1964 860 1
860 6251 1
6251 414 1
414 5919 1
5919 7306 2
7306 7013 3
7013 1830 1
1830 5720 1
5720 1920 1
1920 7158 3
303 3541 1
3541 4686 1
4686 664 1
664 798 1
2841 6216 3
6216 2693 3
2693 4262 1
4262 4206 1
4206 3526 1
1144 2136 1
2136 1 1
1 3467 4
3467 2136 2
2136 4984 1
4984 5703 1
5703 4688 1
7296 2693 5
2693 243 2
243 303 2
303 730 1
730 1964 1
3095 6044 7
6044 1381 1
1381 1263 3
1263 1920 2
1920 7179 1
7179 1550 2
1550 5261 1
5261 3634 1
3634 6230 1
6230 1479 1
7156 2466 1
243 798 1
798 3226 1
7156 3161 1
303 7296 5
7296 1715 2
1715 1114 2
1482 1964 21
1964 6231 1
6231 1638 1
1638 636 1
636 2532 7
2532 2441 2
2441 6223 2
6223 6420 3
6420 7192 1
7192 1964 1
1964 5327 1
5327 1263 1
1263 5676 10
4112 6549 2
6549 7158 1
3610 5919 1
7306 4653 1
4653 2841 1
1964 4636 6
1188 2841 1
5547 684 4
684 6155 1
6155 6493 1
450 5630 2
1964 1667 1
1667 956 1
956 306 2
2517 7016 1
7016 4320 1
4320 2130 1
2130 5207 1
5207 1 1
4686 6683 4
6683 1249 1
1249 4604 1
4604 306 2
306 1907 1
1907 2693 1
2693 5748 1
5748 298 1
298 1253 1
1253 1479 1
1479 5956 1
5956 1555 1
1555 6386 1
6386 5662 1
5662 2123 1
2123 2589 1
2589 6924 1
6924 7306 1
6668 7296 2
7296 4604 1
4604 1964 3
1964 4545 5
4545 3526 3
3526 2097 9
2097 6973 1
6973 7306 1
450 6523 1
6523 1964 4
1964 442 1
442 1152 1
1152 4998 1
4998 4647 1
4647 2014 1
2014 3527 1
3527 4621 1
4621 4925 1
4925 4604 1
4604 4326 1
4326 3526 1
3526 185 1
185 2097 16
2097 6246 1
6246 3982 1
3982 3526 1
3526 7224 1
7224 6523 1
4472 3526 5
7158 869 1
869 2410 1
2410 7306 1
1920 4688 1
6973 3095 1
303 1385 1
1385 4432 1
5131 1920 1
1920 6441 1
6441 5837 1
5837 6885 1
6885 3290 1
3290 4686 2
6221 2702 2
2702 2961 1
2961 306 1
3526 217 1
217 2136 1
2136 5882 1
5882 2789 4
2789 6008 1
6008 1964 1
1964 4163 1
4163 3526 1
3526 3634 3
3634 6667 1
6667 4604 1
4604 2097 1
4686 4112 1
4112 2517 5
2517 2097 1
5547 1964 22
1964 261 4
520 3526 2
3526 4386 3
2097 1262 1
1262 1964 1
1964 5905 4
5905 1981 5
1981 452 6
452 6186 1
6186 260 1
260 306 1
950 7156 1
7156 1906 2
1906 7160 1
7160 6432 1
6432 4112 1
4112 1920 1
1920 7306 2
3808 7017 4
7017 7158 6
7158 6626 1
6626 303 9
303 6538 5
6412 1191 5
1191 3526 3
3526 1666 1
1666 1964 1
1964 6324 1
6324 4878 1
4878 7159 3
7159 7164 1
7164 306 1
6412 5587 4
5587 1191 1
3095 6324 2
6324 293 1
293 5312 1
5312 7014 1
7014 6508 1
6055 2988 1
2988 7306 1
7306 818 1
818 6656 2
560 7013 1
7013 2969 1
2969 6523 1
6523 306 2
306 2410 3
2410 4911 1
4911 560 1
560 2097 1
2097 2507 1
2507 1964 1
1964 1880 1
1880 6523 1
6700 4686 1
450 4604 1
3526 1578 1
306 2463 1
2463 7158 2
3095 2147 1
2147 2410 1
2410 1 1
2236 3719 2
3719 1134 3
3634 1340 8
1340 506 2
6476 5547 1
5547 6490 3
6490 261 1
261 4604 1
306 5547 18
5547 6626 3
989 1482 1
1482 3467 15
7306 1371 1
1371 1981 2
1981 7098 2
7098 2702 1
2702 5662 13
5662 2802 1
1964 6221 1
3709 3528 2
4645 2702 1
2702 2841 2
1964 5109 1
5109 306 1
3164 6010 1
6010 1445 1
1445 4042 1
4042 4688 1
7156 3265 1
1964 465 1
465 6656 1
3095 521 2
521 3671 1
2236 6292 1
6292 6826 1
6826 3467 1
3467 5872 1
3265 4686 1
4686 5144 1
5144 2702 1
2702 7179 1
7179 6244 1
6244 4112 1
6549 1964 5
1964 7113 7
7113 1970 1
1970 2468 1
2468 2097 2
2097 600 1
600 3634 1
303 2673 1
2673 3488 1
3488 2716 1
306 5261 3
5261 7229 1
7229 684 1
684 1791 1
1791 6591 1
6591 6878 1
6878 6420 1
6420 6494 2
6494 4206 1
4206 3591 1
3591 294 1
294 3808 1
3808 2737 7
2737 5662 1
1403 6259 9
6259 1981 2
1981 3488 1
3488 864 1
864 1565 1
1565 5561 1
5561 2021 1
2021 5641 1
5641 2358 1
2358 6650 1
6650 2841 2
2841 2737 2
2716 3095 2
1944 2446 1
6506 3095 22
3095 607 1
607 306 2
5547 2802 1
2802 5822 1
5822 401 1
401 1357 5
1357 6405 3
7156 4491 2
4491 6515 1
6515 125 1
125 6238 1
6238 1263 1
5676 3488 1
3488 7306 1
1482 261 1
261 6420 1
6420 3856 1
3856 6541 1
6541 2136 1
2136 7158 1
7158 4720 1
303 269 2
7296 5956 1
5956 4686 1
4686 1599 1
1599 1445 1
1445 306 3
306 2702 4
2702 390 1
390 7158 1
7158 2802 1
2802 219 1
3095 6374 1
6374 1964 1
3709 2702 2
2702 500 1
5662 4042 1
4042 3385 1
3385 306 9
306 7098 24
7098 2236 2
2236 4742 1
7306 6179 1
6179 7098 1
7098 506 1
5547 1263 2
1263 6412 3
926 1967 1
1967 2870 1
2870 2896 1
2896 520 6
6223 1501 5
1501 4387 3
4387 446 1
446 2594 2
2594 7306 1
7306 4859 4
4859 3526 2
3526 4420 1
4420 2097 1
2097 1967 1
1967 4686 1
4686 3944 1
3944 2629 1
2629 1 1
6538 6778 1
6778 2841 2
2841 1262 6
1262 777 1
777 6596 1
6596 1964 4
1964 3313 2
3313 5754 1
5754 4071 3
4071 1417 1
5779 3528 1
3528 4386 2
5919 2702 1
5662 2136 1
2136 1263 1
4686 3081 3
3081 2051 1
2051 2747 1
2747 6445 1
6445 306 1
6420 4386 1
4112 2814 1
2814 5919 1
5919 1263 1
1263 3488 1
3488 1964 1
4112 864 1
864 1981 1
3526 5561 1
5561 2051 1
2051 4830 1
4830 2358 1
2358 6668 1
1964 6768 5
6768 414 2
5547 3528 4
3254 2051 1
2051 3095 2
6223 2413 1
2413 2747 2
2747 2839 1
2839 6445 3
6445 5890 1
5890 3528 3
3528 7296 7
7296 2909 2
219 3528 2
3528 141 1
141 3302 1
3302 7306 3
1964 3701 1
3701 1 1
7306 5995 1
5995 1538 1
1538 6420 2
1868 3626 1
3626 1230 4
1230 7306 1
7306 614 1
614 4335 1
4335 7306 1
7297 3626 1
3626 7015 1
7015 1944 1
6420 3242 1
295 1 3
1 4112 10
3284 2744 2
303 3974 1
3974 306 1
1018 4748 1
4748 6420 1
6420 1964 18
1964 4328 1
4328 7156 1
7306 3292 4
3292 3626 1
1230 5681 1
5681 1259 2
7306 4336 1
4336 2693 2
7306 1910 5
1910 6858 2
6858 1964 7
2107 6847 1
6847 5125 1
5125 7306 2
3095 6186 3
6186 4552 6
926 3076 4
3076 7306 1
7306 5820 6
1964 3442 2
3442 4112 2
4112 6259 5
6259 1126 1
1126 2074 1
2074 3162 1
3162 4686 2
4686 657 2
657 5547 1
5547 2104 1
2104 3808 2
3808 7230 2
7230 306 1
306 2737 1
7229 2594 1
2594 5725 1
5725 6405 1
7327 7156 1
7156 2744 5
303 6116 1
6116 684 1
684 243 1
243 2358 1
2358 4101 2
4101 2717 3
2717 7177 1
1964 5662 32
5662 452 7
452 3182 1
3182 3808 1
3808 1130 2
1130 3634 7
3634 131 6
131 2419 1
2419 6263 2
6263 2839 1
2839 6489 3
6489 4112 1
7156 4374 1
4374 1964 2
1964 3891 1
3891 4567 1
4567 700 1
700 4546 1
4546 7156 7
5848 3095 10
7296 813 1
813 5938 1
5938 7306 6
7013 4706 1
4706 1916 1
1916 1964 2
6506 7016 2
303 3658 1
3658 7098 1
1964 5221 2
5221 1134 1
1134 2107 2
344 4112 1
4112 520 5
520 1263 3
1263 7306 3
7306 1346 1
1346 7255 1
7255 7306 1
7306 4958 1
4958 1964 2
5890 4552 1
1191 7296 3
6538 964 1
964 5586 1
5586 6294 1
6294 2122 1
2122 5966 1
5966 2236 1
2236 397 1
397 581 1
581 306 1
306 6764 2
6764 6485 1
6485 3285 1
3285 7306 2
7306 4187 4
4187 5867 1
5867 2544 4
2544 1967 1
1967 6405 1
1480 1130 1
1130 3506 1
3506 6538 7
6538 131 3
131 4101 1
4101 2562 1
2562 7306 2
2789 5326 2
5326 5882 1
5882 306 1
3527 7099 1
7099 1417 2
3671 2532 1
2532 7018 1
7018 7306 2
1501 3526 3
3526 6180 1
6180 3229 1
3229 7306 1
6476 1 4
4686 4230 1
4230 2097 2
131 4112 1
4112 6485 2
6485 520 4
520 4998 1
4998 5102 1
5102 6405 3
186 3634 2
2789 293 15
293 1376 1
1376 1263 6
3526 1416 2
1416 5630 1
1964 4763 3
4763 7296 1
303 3671 1
3671 1114 1
1482 6566 1
6566 6316 1
6316 4112 1
3526 5270 4
5270 397 1
397 7306 2
6223 6467 3
6467 634 5
634 306 2
306 5923 8
5923 2719 2
6740 2526 1
2526 506 2
6476 108 1
108 7255 3
7255 3259 2
3259 298 1
298 1207 1
1207 306 2
306 6455 3
6455 131 2
7306 5773 2
5773 2716 1
2716 1144 4
4467 4686 1
4686 711 1
2841 7140 3
7140 2716 10
2716 185 1
2097 5814 5
5814 5547 11
5547 4688 2
7156 5890 4
5890 1333 1
303 4389 1
4389 4969 1
4969 1964 2
1964 7099 3
7099 3772 1
3772 2789 1
2789 6683 2
6683 1964 5
1964 3500 1
7306 6209 5
6209 1207 2
1207 6190 1
6190 4101 2
4101 243 3
243 1 2
4686 2531 4
2531 2841 3
1262 7098 3
1964 5220 1
5220 3526 1
6476 7306 2
7306 2505 4
2505 3668 1
3668 1964 3
1964 4430 1
4430 6596 1
306 3099 2
3099 3226 1
3226 3336 1
3336 2841 1
3164 3099 1
3099 2104 1
2104 6412 2
6412 956 1
956 2236 1
2236 2505 1
2505 2841 7
2841 6145 4
6145 306 1
306 2595 1
2595 3284 1
3284 5418 1
1130 5968 1
5968 4112 1
520 306 4
6412 3284 3
3284 7306 1
5966 2107 7
2107 7099 1
7099 5328 1
5328 2841 1
2841 4968 3
4968 5966 1
5966 1126 1
1126 684 1
684 1263 7
1263 1469 4
1469 5938 5
5938 3467 2
3467 5848 2
6456 1195 1
1195 6208 1
6208 684 6
684 1257 1
1257 1 3
1 3284 1
3284 684 2
684 2341 1
2341 1403 1
1403 3651 1
3526 1418 1
1418 3095 1
3095 1981 2
1981 2340 1
2340 1964 1
6626 3528 3
3528 1813 1
1813 3526 2
3526 4173 1
4173 5754 1
5754 5938 5
3565 1813 3
1813 4686 1
4686 5304 1
5304 6572 1
6572 1964 5
5662 5979 3
5979 3989 1
3989 3526 1
3095 1813 1
3526 282 1
282 7160 1
7160 3752 1
3752 1964 1
5848 7157 4
3526 3609 3
3609 306 5
4408 3904 1
3904 1715 1
3526 3189 3
3189 7296 1
7296 5470 2
5470 5754 1
5754 6218 1
6218 3527 1
3527 2862 3
2862 3808 1
7296 6342 3
6342 5228 3
5228 4112 1
4112 6182 3
6182 5662 3
5662 6538 16
6538 7261 1
7261 2122 1
3526 3738 1
3738 306 1
5754 634 3
2107 3467 3
5789 3506 1
3506 6575 1
6575 7077 2
7077 1964 6
3526 2905 3
2905 5462 1
5462 1634 1
1634 3095 1
3095 219 5
219 7102 10
3127 4626 2
7296 994 1
994 6223 1
6223 637 1
637 6711 1
6711 1964 2
1964 6711 1
2789 5374 5
5374 5938 1
5938 5966 1
5966 6506 1
6506 3225 1
3225 980 2
980 1114 1
1114 634 1
634 5979 1
6490 2104 1
3808 2000 1
2000 6456 1
2737 3229 1
3229 4968 3
4968 7306 1
7306 4854 1
4854 1964 1
6683 2716 1
4467 3229 1
6476 3626 1
1230 401 1
401 1791 1
1791 2517 1
3526 6263 4
6263 4643 1
4643 5547 3
5547 219 1
219 6651 1
6651 1964 1
1964 2645 1
2645 5937 1
5937 3871 1
3871 108 2
108 3448 1
3448 889 1
889 3626 2
3626 3095 2
1964 5919 2
5919 3706 1
3706 401 1
401 3527 3
303 6456 3
6456 4206 1
4206 520 4
1263 3626 1
3626 7306 4
1268 306 2
1144 6361 4
6361 7306 1
7306 6277 2
6277 5089 1
5089 2717 1
2717 383 1
383 3526 1
3526 7087 1
7087 6412 1
6412 302 2
302 303 1
303 6476 2
6476 4686 3
4686 552 1
306 6264 1
6264 520 2
1964 4969 1
4969 5662 2
6259 2358 1
2358 185 1
2097 2023 3
2023 131 7
7306 2989 1
2989 7098 1
306 956 1
956 754 1
754 131 1
131 2358 1
2358 1944 2
1944 1121 1
1121 7306 1
7306 4893 5
4893 5337 1
5337 406 1
406 1967 1
1967 7157 1
7157 4558 1
6618 1 3
4859 7098 5
7098 6005 1
6005 3526 1
3526 3244 3
1715 293 1
764 2841 10
131 5820 1
2841 243 8
243 306 2
306 383 3
383 7087 2
7087 3626 1
3626 1964 13
6223 5993 7
5993 2841 15
2841 7230 2
7230 5547 3
5547 2841 2
2841 7177 3
7177 4101 1
2841 1018 1
306 6575 9
6575 2716 4
2716 3764 3
3764 926 1
926 1482 1
1482 2689 1
2689 6581 1
6581 3449 2
3449 3457 1
3457 4093 1
4093 4101 1
5547 5789 1
5789 3526 3
303 2716 5
2716 889 3
1964 4643 1
4643 4093 1
4093 1014 1
1014 6941 2
6941 7306 1
7306 5993 2
5993 2107 4
3526 4297 1
4297 684 1
684 185 1
185 1 1
3526 4591 1
4591 5662 6
5662 6447 9
6447 2693 2
6263 2442 1
2442 6420 2
6420 2400 1
2400 7286 1
7286 2841 1
2841 2326 1
2326 240 1
240 4765 1
4765 7306 1
5966 7296 2
7296 6405 10
6405 7331 2
7331 2107 1
2107 269 23
269 7099 1
7099 6263 1
6263 5662 1
7306 5660 1
5660 3099 1
3099 6223 1
6223 4543 1
4543 5728 1
5728 7306 1
2531 6109 1
6109 3925 1
3925 1594 3
1594 2236 2
7306 5125 7
5125 6066 2
6066 4275 1
4275 6405 1
6405 843 2
843 7156 1
7156 2862 1
2862 303 1
303 6740 14
219 584 1
584 7077 1
7077 7306 1
2841 6549 3
6549 306 1
306 5162 1
5162 6455 1
6455 1417 1
3302 5372 1
5372 5370 1
5370 1964 1
1964 7161 3
5779 1287 4
1287 5003 1
5003 4688 1
7015 3666 1
3666 306 1
306 5111 1
5111 2669 1
2669 2544 1
2544 459 1
303 6066 1
6066 3259 1
570 6626 1
6626 5506 1
5506 684 1
684 219 7
219 841 1
1964 4206 5
4206 3528 2
3808 2793 1
2793 6420 1
926 6065 1
6065 5723 1
5723 5114 1
5114 5867 1
2544 2841 1
1920 2505 2
2505 5259 1
5259 635 1
635 399 1
399 1964 1
7297 5259 1
5259 5918 1
5918 1156 1
1156 1947 1
1947 2866 1
2866 303 1
303 405 1
405 1144 1
1144 122 1
122 6838 1
6336 1964 1
7306 1833 1
1833 3808 1
3808 1405 1
1405 7306 1
7306 5353 1
5353 7306 1
7015 1964 6
7017 663 1
663 1964 2
1964 1035 2
1035 1594 1
3565 1643 1
1643 2107 1
344 7306 5
7306 4633 1
4633 7156 1
7156 928 1
928 889 2
889 4112 4
5547 5422 1
5422 964 1
964 278 1
278 7306 1
5125 4942 1
2571 1964 2
4958 7113 1
7113 3152 3
634 5966 1
5966 3565 2
3565 6490 1
5681 7306 4
649 4116 1
4116 2841 3
4636 5867 1
2544 968 1
968 4112 1
520 5446 1
5446 2220 1
2220 1440 3
1440 1287 1
1287 1130 3
4742 3006 1
3006 5662 1
5662 4968 2
4968 1 2
5547 1979 2
1979 3872 1
3872 163 1
163 2848 5
2848 3011 2
3011 6457 1
6457 7306 2
1191 278 1
278 5993 1
5993 125 1
125 2220 1
1440 3721 1
3721 3634 1
3634 3871 1
3871 7296 1
3528 4546 1
4546 2532 2
2532 6280 1
6280 1981 3
1981 5237 3
5237 2896 1
520 7157 1
7157 2747 1
2747 6602 3
6602 655 1
655 2865 1
2865 7306 1
1910 5039 2
5039 6506 1
6506 5318 1
5318 2354 2
2354 7306 2
303 3240 3
3161 4688 2
6683 1440 1
1440 7306 2
5831 968 1
2841 4606 1
4606 1440 1
1440 1964 1
4959 2097 2
2097 848 1
848 5547 1
2693 1381 1
1263 2716 1
306 7229 1
7229 1 1
306 2527 1
2527 6888 1
6888 5993 1
3527 640 2
640 5003 1
5003 6405 1
7306 5029 2
5029 293 1
293 634 2
634 3808 1
3808 3133 3
3133 968 1
968 2107 4
2107 2556 1
2556 2747 1
6602 1479 1
293 6506 5
6506 303 3
7156 4346 1
4346 1964 4
7306 344 1
344 657 1
657 7156 2
7156 4832 2
7296 640 6
640 2954 1
2954 5617 1
5617 306 1
306 2230 2
2230 6979 1
6979 1964 7
1964 5218 1
5218 4112 1
520 4688 1
7156 6979 1
6979 640 1
640 4101 1
4101 5201 1
5201 6618 1
2505 6883 1
6883 1964 2
1964 3614 1
3614 2896 1
3528 3290 4
1417 2906 2
2906 5993 1
5993 306 3
3303 2107 1
3095 5061 3
5061 1479 1
1479 2108 1
2108 2230 1
2230 4296 1
4296 2097 3
7306 185 1
185 7306 2
7306 3910 2
3910 2841 3
2841 2023 4
2023 2374 1
2374 3626 1
3626 1417 1
1417 2789 7
2789 7306 9
1964 4137 1
4137 1964 1
3095 3821 1
3821 968 1
4101 217 1
217 2230 1
2230 1964 2
6740 303 2
303 4337 1
4337 3527 1
3527 1257 1
1257 3842 1
3842 1114 1
1114 4624 1
4624 1964 1
3527 5102 1
5102 2717 3
2717 2296 1
2296 7306 4
926 6476 2
6476 185 1
185 401 1
401 4335 1
4335 2097 10
131 3041 1
3041 7306 1
7306 5999 1
5999 7113 1
634 4295 1
4295 1403 1
1403 2230 1
3095 6830 2
6830 7306 1
7306 861 2
861 1856 1
1856 874 1
874 3100 1
3100 7187 1
7187 5617 1
5617 1783 1
1783 306 2
2230 1959 1
1959 6979 1
6979 303 1
303 125 1
125 2122 1
2122 6506 2
6506 1025 1
1025 1480 1
1480 3095 3
7156 5128 1
5128 2452 1
2452 2516 4
2516 7306 1
7306 710 2
710 7012 1
7012 2692 1
2692 926 1
926 2544 2
2544 303 2
303 1110 3
1110 1964 3
1964 6838 2
243 3808 1
1289 1504 1
1504 6979 1
1964 4189 1
4189 2841 2
2841 3872 1
3872 1964 1
7306 3590 3
3590 981 1
5779 6736 1
6736 2862 1
2862 340 1
340 2021 2
2021 3885 2
3885 2021 1
2021 1482 15
1482 2441 2
2441 2753 1
2753 7158 2
7158 7297 1
7297 6979 1
6979 7306 2
1502 6405 5
6405 3529 14
1964 764 13
764 1947 1
1947 4767 1
4767 2750 1
2750 1381 1
1381 6490 1
1480 306 2
6538 5955 1
5955 2236 2
2236 2753 2
2753 6412 1
7099 2107 1
2107 340 1
3885 1 1
1 2747 2
2747 2750 2
2750 3095 2
3095 4238 1
4238 1964 1
1964 4525 3
4525 3527 1
6656 4764 1
4764 1964 1
1964 1183 1
1183 7306 1
7306 1694 1
1694 6596 2
1964 1287 4
5831 2460 1
5993 7156 2
1188 3872 1
3872 1979 1
1979 506 5
6476 1964 3
4284 185 4
185 2744 1
303 5326 4
5326 2440 1
6420 2841 6
2841 225 5
225 1 3
1 3871 1
3871 1333 2
303 4284 1
4284 6044 2
186 2097 2
131 306 8
2693 2446 1
2446 4837 1
4837 6979 1
6979 2107 1
6506 3872 1
3872 4284 1
7306 768 1
768 6595 1
6595 1964 2
1964 4116 11
4116 6618 2
7306 783 1
783 6979 1
2531 1550 1
1550 243 1
131 2841 3
2841 3689 2
3689 2693 3
5662 5316 2
5316 1964 1
3527 5993 3
5993 5890 1
5890 3872 1
3872 4591 1
5662 131 1
131 3526 3
3526 1979 5
1979 6405 1
3634 3626 3
3626 7156 1
303 3941 1
3941 6348 1
6348 1964 1
1964 6057 2
6057 2841 3
2841 3871 17
3871 303 2
303 4742 1
684 2440 5
2440 7306 9
1944 3671 1
3671 6320 1
6640 118 1
118 6640 1
6640 1239 1
915 6538 1
6055 5662 1
5662 6218 2
6218 6655 1
4458 5829 1
5829 1964 4
1964 2828 1
1482 2737 5
2737 1403 1
1403 684 5
684 5328 1
5005 6663 3
6663 3259 1
6626 502 2
502 2152 1
2152 1964 2
6456 5993 1
5993 7013 1
7013 1906 1
1906 6476 1
6476 4335 1
4335 401 1
401 185 2
131 2789 1
2789 6445 1
6445 712 1
712 2841 1
1964 3529 2
3529 1825 1
1825 927 1
306 2468 5
2468 6656 1
6656 5676 7
5676 520 1
5955 303 1
303 2905 1
2905 3290 1
7306 2905 2
2905 6044 1
6044 2841 1
3528 6249 1
6249 2841 1
225 1964 3
1964 2941 1
2941 2896 1
2896 4011 1
4011 6209 1
6209 518 2
518 968 1
968 7170 1
5681 2548 1
2548 7306 1
7306 7333 1
7333 3528 1
3528 3701 2
3701 455 2
4686 2152 1
2152 5884 1
5884 3634 1
3634 225 1
1964 5237 1
5237 795 1
795 5198 1
306 7306 2
7306 3438 1
3438 3634 1
3634 1077 1
1077 1964 1
3095 3598 1
3598 3634 1
3634 1440 1
1440 1417 1
1964 2295 1
2295 1479 1
293 5237 1
5237 6656 1
303 1804 1
1804 7315 1
7315 6490 1
6490 3528 9
3528 2864 1
2864 4490 1
4490 293 1
293 6490 5
6490 5681 1
5681 2839 1
6445 1550 1
1550 2358 2
2358 1002 1
1002 3290 1
3290 3550 1
3550 968 1
968 3254 1
3095 5774 1
5774 7054 1
7054 5915 1
5915 193 8
193 3871 1
3871 5068 1
5068 2717 6
2717 1964 2
452 3362 1
3362 2820 1
2820 634 1
5966 848 1
848 3259 1
2107 5068 2
5068 3506 3
3506 7077 3
6223 5968 1
5968 3626 1
3626 303 2
1255 7306 1
1304 1263 2
1263 2295 5
2295 3626 10
1964 2659 2
2659 5631 1
5631 2841 4
2841 7296 30
1191 3494 2
3494 3477 1
3477 7156 1
7156 4387 3
1482 3207 4
3207 3528 3
3528 3362 1
3362 3626 1
4625 4206 1
4206 3857 1
3857 331 1
4112 2729 2
2729 5632 1
5632 2013 1
2013 6280 1
5237 7306 1
6259 3626 2
3528 5993 3
5993 4591 1
5662 383 1
383 2295 4
3626 3872 1
3872 3999 1
3999 6280 1
6280 4142 1
4142 2097 1
2097 2729 2
2729 131 5
4386 3385 1
6456 2789 1
2789 6855 4
6855 219 1
219 3244 4
3244 7306 6
7306 2051 1
710 5754 1
5754 4358 2
4358 1981 1
1964 6863 5
6863 5779 1
5779 6911 1
6911 1534 1
1534 306 1
306 7086 2
2517 1981 1
1981 3466 1
3466 7306 1
7306 6090 1
6090 7160 1
635 3839 1
3839 1259 1
7158 414 2
414 3095 2
3095 2788 1
2788 1307 1
1307 7306 2
4385 6081 1
6081 5448 1
5448 3526 1
3526 266 1
266 4042 1
2841 1671 2
1671 5314 1
5314 2354 3
2354 1964 4
1964 4708 2
4708 4686 1
4686 1677 1
1677 6732 3
6732 7158 1
2960 5644 1
2236 6229 2
7306 6838 1
6838 6656 1
6656 2354 1
2354 5662 1
5662 6595 1
5779 6006 1
6006 3808 1
3133 1 1
2236 6106 2
6106 6490 1
6490 4386 2
4386 2841 7
1964 5962 6
5962 2107 5
2107 4082 1
4082 5547 1
5547 6357 1
6357 1897 1
1897 243 1
1964 4093 6
4093 2358 2
2717 1 2
6135 3207 1
3207 7014 3
7014 6161 3
6161 5026 1
5026 634 4
634 2236 2
6106 6847 1
6420 968 4
968 2446 1
2446 1964 2
1964 5908 1
5908 1172 1
1172 6405 1
5068 6575 1
1964 6575 4
6575 3284 4
3284 3241 1
3241 5369 1
5369 684 1
684 3467 2
3467 1964 11
1502 1844 1
1844 2841 1
2841 7141 2
7141 1195 1
7306 3368 2
3368 2419 2
2419 401 1
401 3626 4
3626 2077 1
2077 3526 1
3526 342 1
342 1964 1
1964 4561 1
4561 7306 1
6626 6999 2
6999 401 1
3626 4924 1
4924 7306 1
6405 5848 4
2906 1502 6
1502 303 7
303 6748 2
6748 3302 2
3164 219 1
219 1 5
1 947 2
947 2906 1
303 6668 1
6668 634 2
7306 2934 6
2934 2737 1
2737 1921 1
1921 2424 1
2424 6044 1
6044 6137 1
6137 1919 1
1919 471 1
1964 1919 1
1919 2623 1
2623 1 1
1 1470 1
1470 6507 1
6507 3079 1
3079 1600 1
1600 684 1
5662 634 3
634 4893 1
3808 2439 1
2439 4332 1
4332 7306 1
7306 3290 4
4386 7192 2
1964 1571 1
1571 306 1
5681 958 1
958 2862 1
2862 2097 1
2097 3230 1
3230 2295 4
3626 5662 2
5630 6506 1
3095 4320 1
4320 7306 1
450 1259 1
1259 1888 1
1888 1 1
1 2130 1
2130 1254 1
1254 5568 1
5568 1276 1
1276 185 1
2097 1340 4
7306 7170 7
3095 3047 2
3047 2841 3
2841 1908 1
1908 1936 1
1936 3259 2
3527 6842 1
6842 3634 1
7306 1989 1
1989 6190 1
6190 6549 1
1964 7046 2
7046 1 2
7306 5221 2
5221 1550 4
1550 3527 7
6209 4320 1
4320 3527 1
5221 98 2
98 1964 2
344 3047 1
3047 5198 1
2841 991 1
991 2354 1
2354 2358 1
2358 1482 2
1482 1441 1
1441 5811 1
5811 6656 6
7306 1684 1
1684 7306 1
6223 3603 1
3603 5327 1
5327 3623 1
3623 6179 1
6179 2462 1
2462 4142 1
4142 1964 1
1964 5204 2
5204 4116 1
4116 5662 1
401 3264 2
3264 3385 1
3385 634 1
7306 3614 1
3614 2841 3
2719 6420 1
4959 3259 1
3259 1449 2
1449 6405 1
6405 1074 1
1074 7156 1
7156 3254 8
2789 5477 1
5477 5075 1
5075 1482 1
1482 1134 1
4958 1 1
6420 3565 1
3565 1964 2
3565 1479 1
455 3900 1
3900 6490 1
6490 4926 1
4926 3526 1
1550 7099 3
7099 1479 2
1479 6336 1
6336 6574 1
6574 6656 1
7306 4206 4
4206 3264 1
3264 7306 1
7306 7161 6
5779 6405 4
269 1448 1
1448 7306 1
7306 2442 2
2442 3950 1
3950 4569 1
4569 1964 1
7306 3620 1
3620 2340 1
2340 4468 1
4468 2236 1
1263 1340 4
303 1910 3
1910 3095 2
3095 4112 13
5779 1435 1
1435 6656 5
6760 306 7
5254 3477 1
3477 1417 2
1417 5789 4
5789 3095 1
3095 634 1
634 315 1
1422 7306 2
5892 6025 2
6025 5754 1
4358 1964 1
7098 7158 1
303 2841 14
452 1605 1
1605 3448 1
1964 5303 1
5303 1951 1
1951 2419 1
2419 7158 2
7158 2354 1
2354 303 1
303 4721 3
4721 2841 9
2841 5185 1
5185 1 1
4686 1699 1
1699 2841 5
2841 1203 3
1203 7306 2
303 5115 1
5115 2841 2
7296 1203 2
1203 7077 1
7077 1144 5
1144 3259 1
6405 3254 10
3254 1964 8
3095 6683 12
6846 7306 1
6506 7162 1
7162 269 4
5966 1964 4
1964 455 11
455 2737 1
682 683 2
683 3290 1
3290 3095 3
3095 5831 6
5831 1502 1
1502 6420 1
6420 7054 1
7054 354 1
354 306 1
1964 5924 1
5924 1809 1
1809 306 1
7086 1964 3
634 1207 2
1207 3042 1
3042 4346 1
4346 7306 1
7306 6715 3
6715 6506 1
6506 7314 1
7314 1114 1
1114 6538 2
3620 3634 1
3634 1594 1
1594 2097 1
6538 634 3
634 2107 3
5039 1964 2
2236 6223 4
6223 6044 2
6044 6451 5
6451 7306 1
7306 4681 4
4681 6180 2
1964 4387 3
4387 2594 1
2594 3095 1
3095 446 1
446 3973 1
131 1550 1
1550 7140 1
2716 3634 6
3626 6420 1
6420 7306 4
7306 1570 2
1570 306 4
2517 5712 1
5712 5779 1
5779 6741 1
6741 1964 2
6044 303 2
303 5568 3
5568 3620 1
3620 2841 4
3284 2107 3
344 5966 7
5966 7071 1
7071 1964 1
1417 7296 1
7296 2587 1
2587 107 1
107 1 2
4686 5966 2
1964 994 1
994 7306 1
6025 684 1
684 3565 2
5676 2372 1
2372 4386 2
2517 3095 2
3095 6747 2
6747 2532 1
2532 7092 3
7092 3719 1
3719 7306 1
1130 1964 2
5966 994 1
994 2817 1
2817 7014 5
7014 3617 1
3617 1906 1
1906 1479 1
1479 2934 1
2934 6730 2
6730 2693 2
2693 2587 1
2587 6044 1
748 1117 1
1117 4636 1
4636 7306 2
1308 3770 1
3770 3634 3
1964 6487 2
6487 3973 1
3973 3385 1
3385 7098 1
4859 2841 1
6221 2693 1
7156 3957 1
3957 306 1
3164 6134 1
6134 7306 2
7306 3102 1
3102 4731 1
4731 3240 1
2789 6847 1
6847 684 1
1417 1964 6
2107 5142 1
5142 7306 1
684 7162 2
269 2442 1
2442 6344 1
1550 7225 5
7225 6405 1
7156 6082 1
6082 3095 1
4386 7306 4
4500 306 1
2295 981 1
5779 3207 1
3207 6405 2
6405 3107 1
3107 2906 1
2906 6748 1
6748 2440 6
1480 2841 4
2841 3626 9
3626 500 1
7306 7018 2
7018 6571 2
6571 1114 2
1114 6747 1
6747 1964 1
1964 4626 10
6223 2129 1
2129 2614 2
2614 7306 2
450 397 1
397 3770 1
3770 7179 1
1144 1964 4
1964 4151 2
4151 7098 1
7098 342 1
342 131 1
131 3608 1
3608 684 1
6455 446 1
2594 6420 1
926 3095 1
303 6455 1
6455 303 1
303 5729 1
5729 4742 1
4742 2107 1
2107 1195 2
7306 1055 4
1055 7170 1
3095 7054 1
7077 352 1
352 303 3
6486 1964 6
684 6134 4
6134 2839 1
2839 6082 1
6082 1550 1
7306 6851 3
6851 1268 3
3626 4333 1
4333 5162 1
5162 405 1
405 4271 1
4271 5658 1
5658 1947 1
1947 3284 1
3284 303 3
2841 2084 1
2084 7306 1
7306 7197 1
7197 397 1
397 1964 6
1964 4142 1
4142 7098 1
7098 3276 1
3276 2097 1
4686 779 2
779 1964 5
1964 2372 1
2097 3564 1
3564 2517 2
2517 6420 1
5993 5867 1
2544 7306 1
6683 2107 2
2107 2594 1
2594 6760 1
6760 5662 1
5662 323 1
323 1964 2
1964 5547 3
3079 1590 1
1590 6639 2
6639 4686 1
4686 2896 1
2896 1203 1
1203 1556 1
1556 5731 1
5731 4476 2
4476 1964 2
5890 5461 1
5461 6493 1
2841 2102 5
2102 7179 3
7179 3614 1
3614 1964 3
4959 4386 1
7306 3047 1
2841 1951 1
1951 3634 1
3634 2354 3
2354 3259 1
3095 353 5
353 3240 1
2934 6490 2
6490 2693 2
2693 4686 2
4686 5993 3
5993 6405 1
1480 5867 1
5867 1203 1
1203 2676 1
2676 3449 1
3449 7306 5
6223 4258 2
4258 3623 1
3623 1964 1
3095 6533 3
6533 4284 1
185 5993 1
2505 7099 3
7099 7306 4
3095 6789 4
6789 5662 3
5662 6274 3
6274 989 1
303 1695 1
1695 3466 1
3526 6879 1
6879 3276 1
3276 7170 1
5681 2354 1
5831 1550 5
1550 2468 1
2468 6955 1
6955 306 5
7219 3634 1
3095 5753 1
5753 5662 1
3526 950 1
950 6456 1
6456 6740 4
6740 6223 1
6223 5728 1
5728 3925 1
3925 1794 2
1794 5890 1
5890 7099 1
7099 1916 1
1916 4706 1
4706 1964 1
1964 5705 1
3466 968 1
968 1 2
6811 3290 1
1964 3378 3
3378 1502 2
3526 1913 1
1913 1233 1
779 1981 2
2468 3526 1
2107 4312 1
2107 859 1
859 2841 1
7306 950 1
950 4686 1
4686 262 1
262 2841 5
2262 5939 1
5939 5631 3
3081 6827 1
6827 3095 1
3242 2687 1
2687 3095 2
3095 3329 1
3329 7306 1
3528 640 4
640 2601 2
2601 684 1
2789 1259 1
3528 1187 3
1187 6299 1
6299 3385 1
5547 3692 1
3692 4892 1
4892 3609 1
4408 6211 1
6211 1233 8
1233 3526 4
6633 640 4
640 1407 1
1407 3290 1
3130 4893 1
4893 3526 1
3526 3417 1
3417 7156 1
3095 2687 1
2687 6736 1
3808 7306 3
7306 3378 5
3378 1233 1
1233 6456 4
6405 6536 1
6536 7306 1
233 7156 8
6223 2440 1
2440 3227 4
3227 5473 1
5473 926 1
7306 5204 1
5204 7306 1
3526 5831 4
7306 57 1
57 684 1
684 2766 2
2766 2942 1
2942 7306 4
6740 6044 3
6044 5461 3
5461 1115 1
1115 1595 1
1595 5314 1
2354 7014 1
1 2122 1
6495 3526 1
3526 5318 2
5318 2236 1
2236 319 1
319 684 1
5274 3219 1
3219 2413 2
2413 1921 1
1921 1964 2
682 1411 4
1411 1114 2
347 6656 2
6633 1480 6
1480 5630 1
5630 375 1
375 1947 1
1947 2744 1
2744 5342 1
5342 7092 1
7092 1964 1
7014 1921 1
1411 981 1
1964 4057 1
4057 3254 1
3254 1403 6
1403 3095 5
2789 1371 2
1371 981 1
3526 1114 4
1114 5662 2
1502 4589 2
4589 6633 1
6633 2841 3
3626 1233 1
1233 5662 3
6538 5681 8
5681 4589 1
4589 2107 2
2107 6633 15
6633 6668 4
6668 3213 1
3213 684 1
634 3290 1
1480 2413 1
2413 7297 2
7297 1411 1
1114 6385 5
6385 6044 1
3254 1114 2
6633 375 1
375 5662 2
5662 992 1
992 4521 1
4521 5131 1
5131 2587 1
2587 6367 1
6367 293 2
293 375 1
375 6367 1
293 1 2
6633 1121 1
1121 2841 1
6538 3284 5
2107 7306 37
6668 1114 4
1114 3290 5
1480 64 1
64 1114 1
6633 5630 2
5630 1124 1
1124 6656 1
5630 7296 1
7296 7015 4
7015 6633 1
6456 4320 1
4320 7159 1
7159 1 1
7306 5314 1
2354 2817 1
3528 4625 4
4625 6618 1
1964 4426 2
4426 3526 1
2354 2841 2
2841 4505 1
4505 4206 1
7306 4925 2
4925 2802 1
2802 1083 1
1083 2361 1
2361 2363 1
2363 5878 1
5878 5693 1
2421 6405 1
1233 5198 2
5198 3622 2
3622 3634 1
3634 2016 1
2016 3526 1
3526 1417 7
7296 2259 1
2259 1114 1
1482 7306 3
4385 4617 1
4617 6075 1
6075 1 1
1233 806 1
806 3526 1
3526 5754 4
5754 3265 1
1964 4244 2
4244 2236 1
2236 1594 1
1594 303 1
1037 2817 1
2817 5305 1
5305 2841 1
1964 6367 3
6367 3526 2
5662 5241 1
5241 1022 1
1022 1233 1
1233 1480 1
1480 6405 1
7156 1550 8
1550 6896 2
6896 6574 1
6574 6736 1
3808 3526 5
3526 1996 1
1996 2817 1
2817 2919 1
2919 1263 1
1263 3643 1
3643 1 1
2531 3668 1
3668 3162 1
3162 4195 7
4195 1233 1
3081 4629 1
4629 929 1
2440 1483 3
1483 7296 3
7296 6668 1
6668 306 2
6538 6973 1
6973 1479 1
3095 6633 2
6633 6626 2
7306 5470 7
2107 1480 3
1480 1 3
981 2559 1
2559 1126 1
1126 6538 2
6055 7014 1
3095 4878 6
4878 7306 1
6171 1 5
2107 6386 1
6386 4558 2
4558 1233 1
1233 1874 1
1874 6633 3
6633 4925 1
4925 3526 3
3526 1731 1
1731 1964 1
2719 2766 2
2766 4686 2
5848 2789 3
2789 7014 2
981 4729 2
4729 1233 1
1233 2624 1
2532 4729 2
4729 6506 1
6633 5005 4
7306 3244 7
347 3095 17
5848 929 1
929 5020 1
5020 7306 5
7306 1479 5
1479 5848 1
6633 373 1
373 929 1
929 7306 5
7306 6661 2
6661 1233 1
1233 5993 1
5993 1502 2
6633 3319 2
3319 3095 2
738 5676 1
7156 3319 1
3319 929 1
929 1114 4
1114 6736 3
6736 2481 2
2481 3319 1
738 1964 2
741 7135 1
7135 2037 5
2037 3095 1
741 5217 1
5217 684 4
7306 2924 1
2924 4264 1
4264 5 1
5 5217 1
5217 4812 1
4812 1550 1
7296 2984 1
2984 7306 1
5848 1114 6
7306 6618 2
6618 219 1
378 6405 1
7156 315 1
315 5473 1
5473 3290 1
455 2532 9
2532 2107 2
2107 303 9
303 1191 4
1191 6221 1
6221 7000 3
7000 6490 1
1480 2725 1
4877 5131 1
5131 1538 2
1538 3095 1
3095 1117 5
1117 1 1
1 644 15
644 3319 1
306 3573 4
3573 7306 2
5048 3259 1
7156 4627 1
4627 634 3
634 3506 1
3506 1340 1
1340 684 2
381 3467 1
3467 5272 1
5272 1964 1
141 4374 1
4374 409 3
7306 4259 3
4259 2097 4
1 1153 1
1153 303 1
6044 4909 1
4909 1964 1
5966 6221 1
7000 981 1
981 340 1
340 7156 1
7156 6022 2
6022 5048 1
5048 7306 1
3573 2841 2
2841 7301 7
7301 3527 1
3527 293 2
7017 3259 1
6506 1550 1
1117 586 2
586 1335 2
1335 1 2
1 5145 1
5145 6412 1
6412 2472 4
2472 1196 1
1196 926 1
1502 6859 1
6859 340 1
340 3079 1
3079 3527 1
3527 6695 1
6695 7157 1
3095 5043 1
5043 6506 1
7333 3095 3
1308 7102 1
7102 6656 4
3528 2306 1
2306 450 1
1964 1141 4
1141 6645 2
6645 6180 1
6180 7306 1
1003 1417 1
1417 6310 1
6310 2562 1
2562 927 1
927 2841 1
5547 889 1
1018 3011 1
3011 1482 1
3095 6134 2
6134 6405 1
7306 6174 2
6174 306 5
306 6221 3
6221 230 1
230 2841 1
4387 684 4
684 5380 4
5380 6405 1
1964 5115 1
5115 401 1
634 2441 1
2441 7192 1
7192 4123 1
4123 7077 1
7077 3506 4
3506 7219 1
7219 6888 1
6888 2717 1
2717 3081 1
3081 5101 1
5101 2562 1
2562 1 5
306 584 1
584 2021 1
2021 1180 1
1180 306 1
306 2102 2
2102 2562 1
2562 6506 1
6506 5005 1
5005 6490 9
7156 6438 2
6438 3854 1
3854 4883 1
4883 306 4
1964 5473 2
269 6633 2
2562 5831 1
5831 1135 1
1135 1964 1
1964 1025 1
1025 3528 1
3528 1481 1
1481 3600 1
3600 2693 1
2693 6663 1
6663 2041 1
5287 2562 1
2562 4966 1
4966 2097 2
131 1259 1
1259 3667 1
3667 4809 1
7102 3973 1
6259 603 1
603 1981 1
1981 5329 2
5329 7306 1
1964 6748 3
6748 5005 2
6663 7306 1
3808 1493 3
1493 7156 2
6668 929 3
929 3290 2
3290 6457 1
6457 2296 1
2296 3095 7
3095 1488 2
1488 7306 2
7306 5077 1
5077 4206 1
4206 6289 1
6289 7054 1
1195 1480 1
1480 3808 1
7017 1 1
1 233 1
233 7306 2
5662 6221 2
7000 6186 1
6186 4626 1
1594 4386 1
2841 2752 4
2752 6024 8
6024 1964 2
6420 5017 2
5017 7054 1
1195 1 3
1 5005 3
5462 6760 1
6760 3883 1
3883 2333 1
2333 6405 1
7156 6969 1
6969 7306 1
6506 409 1
409 2107 1
6229 3612 1
3612 4956 1
4956 7306 1
6494 3095 15
3095 6969 1
6969 7296 1
1944 3528 3
684 6779 1
6779 1106 1
1106 4387 1
4387 6218 1
6218 1340 1
1340 3210 1
3210 3290 2
2481 2107 1
6506 6229 3
7306 779 4
131 5145 1
5145 6476 6
6476 5068 1
5068 1333 2
219 6420 2
6420 6736 2
6736 1964 3
1340 3241 1
303 6493 3
1187 4546 1
4546 1479 1
4386 4033 2
4033 7306 1
7306 836 1
836 293 1
293 6017 1
6017 1479 1
1502 6768 1
6768 2562 1
1964 3965 1
3965 2841 1
6259 2562 1
2562 6969 1
6969 6747 1
6747 926 1
7306 4969 1
4969 2841 1
2934 2747 1
2747 5919 1
5919 3207 1
1417 1259 2
7306 5681 2
5681 4336 3
4336 1191 1
1191 4093 1
4093 3526 4
5919 3095 1
3610 5890 1
5890 455 1
455 2002 1
2002 4166 1
4166 4389 1
4389 3449 3
4565 1 2
5676 6496 1
6496 3925 1
3925 5779 7
5779 243 1
243 6405 1
7306 1772 1
1772 2841 1
2841 5814 7
5547 6174 1
6174 6190 1
1 989 2
989 1209 1
1209 3235 1
3235 1964 2
1964 1055 2
1055 5145 1
6476 1501 1
4387 4093 2
4093 4284 1
4284 4686 1
4686 4296 1
2097 2326 2
2326 1964 2
1964 6898 1
6898 1550 1
3527 6626 2
6626 3028 1
3028 3335 1
3335 6223 1
6451 6405 1
2841 4093 40
4093 7099 1
7099 6420 1
6420 6026 2
6026 2841 1
5814 185 1
2097 6941 1
6941 5547 1
684 4272 2
4272 6476 1
6476 303 1
303 5838 1
5838 1964 3
7156 2097 3
2097 7142 1
7142 7077 2
7077 5100 1
5100 5662 1
3528 2716 1
2716 1145 2
1145 5261 4
5261 506 1
6420 3925 1
3925 5462 2
5462 5924 1
5924 306 2
520 1352 1
1352 1263 3
2517 2841 6
2023 6259 2
6259 6506 1
4137 2817 1
2817 4742 1
7156 4591 1
5662 3626 3
344 5993 1
2841 2325 2
2325 1979 1
1979 7099 1
5662 6941 4
6941 455 1
455 1308 1
1308 3219 1
3219 6172 1
6172 1550 1
1550 225 4
225 1114 1
2097 3626 3
7306 1417 58
7156 926 1
926 6699 2
6699 779 1
779 1114 1
5306 6626 1
6626 779 1
779 131 1
131 6736 1
3808 2426 1
2426 4893 1
4893 7306 3
7306 4101 1
4101 1263 1
1263 3230 2
3626 4387 1
2934 4336 1
5568 2841 1
4093 219 2
3095 5666 4
5666 5287 1
5287 6420 1
6420 5516 1
5516 5662 1
6941 416 1
416 1964 5
1964 609 5
609 6595 1
6595 3894 1
3894 6392 1
6392 1964 4
6150 303 1
303 6656 16
306 7185 1
7185 3528 1
3095 5083 2
5083 6405 1
4615 1947 1
1947 684 1
634 6633 1
1480 3226 2
3226 6979 1
6979 3226 1
3226 2835 1
2835 7156 2
3095 4385 4
4385 5779 1
5779 7115 1
7115 2107 1
1502 3527 4
3527 4385 2
4385 2841 1
3527 347 1
3095 262 2
262 1964 1
3095 6344 1
6344 1 1
1 2136 1
2136 3527 1
3527 5306 1
5306 6668 1
3285 3528 1
3528 2556 2
2556 1 1
1 1195 4
131 3095 1
3095 883 7
883 1114 1
1114 7296 6
7296 375 6
375 6633 1
6633 2296 1
2296 4893 1
4893 684 1
634 5831 1
2517 6633 1
6633 5966 2
2107 6280 2
5237 1482 1
6633 2051 1
2051 7306 2
455 2107 17
2107 3528 18
3528 4101 3
2717 968 1
3528 2002 1
2468 2111 1
2111 5206 1
5206 4612 1
4612 2717 1
2717 5080 1
5080 1144 1
1144 7179 4
7179 1964 4
5820 1233 1
7296 2097 4
2097 1307 1
1307 1480 1
6412 4922 3
4922 1479 1
1479 7072 1
7072 3962 1
3962 5662 1
2693 1947 1
1947 303 2
303 1307 1
1307 3290 1
5662 5206 1
5206 2862 1
2862 6490 1
7016 4385 1
4385 3199 1
3199 7253 1
7253 6506 2
6506 1233 5
1233 3095 11
4371 3526 3
2097 5977 2
5977 6656 1
3526 3671 4
3808 215 1
215 2442 1
2442 1981 1
1981 5538 1
5538 4385 1
4385 5207 1
5207 1964 1
1964 6218 3
6218 67 1
67 5848 1
3671 6789 1
6789 6405 4
764 1 3
1482 1233 1
2906 4002 1
4002 5882 1
5882 7156 1
7156 1036 2
1036 2097 3
2097 3315 1
3315 4688 1
1270 6490 1
5681 1479 1
1479 873 1
873 5863 1
5863 4626 1
4626 1864 2
1864 6066 2
6066 1 2
1482 1479 1
1479 6656 3
7099 1480 1
1480 5239 1
5239 1964 1
7099 6789 1
6789 6490 1
6490 5239 1
5239 3189 1
3189 3292 1
3292 3302 1
7296 5848 6
5848 2841 4
5923 6888 1
6888 1263 1
2107 446 1
3528 3596 1
3596 3999 1
3999 5270 1
5270 1964 2
1964 3933 1
3933 1233 1
5848 269 2
269 5239 1
5239 3095 1
3095 1486 1
1486 1422 1
1422 6506 2
7297 3095 3
3095 373 11
373 7306 2
5676 5882 1
5014 1964 2
3095 2464 2
2464 2246 1
2246 1981 1
5418 6506 1
684 1233 1
1233 1944 2
1944 2737 1
2737 4931 1
5676 981 8
7156 4742 2
1944 4525 1
4525 883 2
883 7156 2
684 4922 1
4922 3095 1
1270 1964 1
1964 4688 9
4688 7306 5
6171 1233 2
295 2532 1
2532 6355 1
6355 4931 1
5848 6044 1
6044 2624 1
2624 1964 1
6490 3634 2
3634 3528 10
3528 3241 4
3241 3207 1
3207 4500 1
4500 1874 1
6633 1944 7
5890 6354 1
6354 4843 1
4843 6633 1
6633 7158 1
5848 1479 5
6633 561 2
561 5631 2
1964 561 1
561 1085 1
1085 7296 1
7296 379 1
379 4922 1
4922 7156 2
7156 5295 1
5295 3290 1
3290 3634 1
3634 6412 3
4922 1482 1
1482 1480 2
1480 2124 2
2124 5069 1
5069 4688 1
7156 2238 1
2238 3529 1
3529 303 2
303 4546 1
4546 2789 1
2789 6633 6
6633 6006 2
6006 1323 2
1323 303 2
303 102 1
102 1964 1
2789 5662 3
5662 1011 1
1011 450 1
1964 4149 1
4149 1479 1
7156 4686 2
4686 5295 1
5295 1 1
1 6656 8
1964 1085 1
1085 1233 1
1233 7156 5
1483 6633 9
6633 6169 4
6169 3095 2
455 5306 1
5306 5676 2
5676 7156 2
7156 561 1
561 3290 1
6633 195 1
195 3207 1
3207 1844 2
1844 3467 1
303 195 2
195 1964 3
1482 2236 2
2236 3227 2
3227 5295 1
5295 3467 1
5287 6656 2
303 7146 1
7146 1335 1
1335 6506 2
6223 6528 1
6528 1964 1
1964 5387 1
5387 7102 1
6633 6528 1
6528 1233 1
1233 1114 4
1114 6006 1
6006 5893 1
5893 2122 1
2122 5893 1
5893 3290 1
3290 1987 1
1987 2122 1
2122 1527 1
1527 2456 1
2456 1550 1
1550 1217 3
1217 1335 3
1335 2333 1
2333 3259 1
6506 219 3
1196 6405 3
6405 260 1
260 3095 1
6223 2334 1
2334 450 1
1964 5778 1
5778 6656 1
2841 5631 9
5631 1947 1
1947 6633 4
6633 4676 1
4676 1217 1
1335 3207 1
3207 4675 1
4675 7306 1
7306 4676 1
4676 3506 1
3506 1180 1
1180 1335 1
1335 7238 1
7238 1964 1
1964 5673 2
5673 7306 1
7306 5048 2
5048 1550 3
1550 1335 1
1217 7059 13
7059 6223 1
6223 303 1
6633 3620 2
3620 5261 1
5261 1335 5
7059 3290 1
6633 3565 5
3565 3528 4
3528 5220 2
5220 306 4
306 3375 3
3375 2107 1
1502 1944 3
1944 3479 1
3479 3116 2
3116 1482 1
1482 6656 1
3526 6999 4
6999 6221 1
6221 2730 2
2730 263 1
263 6405 1
1581 77 1
7156 2440 2
2440 505 1
505 3467 1
1335 7113 1
7113 985 1
985 4490 1
4490 1482 1
1482 7142 1
7142 1335 4
1335 684 1
684 3116 2
3116 5773 1
5773 480 1
480 6506 1
6506 1196 2
1196 6656 6
303 2624 2
2624 6656 1
3467 303 3
2737 603 1
1964 1868 2
1868 4490 1
4490 219 1
219 7142 2
7306 6251 2
6251 2841 1
2841 1141 1
1141 7306 8
5676 3686 1
3686 77 1
77 3290 1
1 7297 7
3116 2296 3
7017 7157 2
7157 7306 8
6494 1588 1
1588 77 1
77 4688 1
7156 1144 1
1144 77 1
77 6656 1
2817 1187 4
1187 3219 1
3219 3526 1
7306 495 1
495 5261 1
1335 6490 1
6490 306 10
2295 985 2
7306 800 1
800 6577 1
5261 6405 1
1964 5773 16
5773 1417 1
1502 5220 1
5220 1964 1
7297 6577 2
1335 306 5
3375 7157 1
7157 1196 1
1196 1958 2
1958 3095 1
3095 2505 2
2505 3467 1
3116 2358 9
2358 1896 3
1896 192 1
192 4385 1
4385 217 1
217 4092 1
4092 1 1
6999 5005 1
3527 2456 1
2456 1964 2
7156 1141 1
985 6577 4
6506 4092 1
4092 6768 1
6768 306 1
1502 3284 2
1195 3479 1
3116 3413 1
3413 2817 1
7156 77 1
77 2579 1
2579 6405 1
6405 3244 1
1981 2817 5
2817 1964 24
3095 4490 8
2446 1502 4
6633 1171 1
1171 1217 1
7059 1233 1
1233 6006 2
3528 2083 1
2083 1 1
6683 6082 1
6082 1964 2
306 6082 7
6082 994 1
994 5848 2
7306 7157 2
3528 3665 1
3665 3467 1
1896 311 1
311 1 1
1479 4582 1
4582 311 1
311 3592 1
3592 3526 1
1964 617 6
617 4880 1
4880 2906 1
2906 6633 2
5848 1844 1
1844 981 1
3526 6355 1
6355 1 1
455 684 1
684 7160 1
353 994 1
5848 5217 3
5217 311 1
311 5220 1
5220 1217 1
306 5614 1
5614 1 1
1 4840 1
4840 3665 1
3665 6633 1
6633 3290 2
3290 311 1
311 1196 1
1196 450 3
450 1 5
306 7066 10
7066 6845 1
6845 3634 1
3634 5103 1
5103 7156 1
2440 1117 1
1117 102 1
102 6538 2
6538 1117 1
1117 193 1
193 1964 5
7296 532 1
532 6255 1
6255 3526 1
1196 3258 1
3258 1 1
5676 6223 2
7156 1981 2
7296 764 6
764 3290 2
1502 1981 1
764 1233 2
2789 4490 2
1196 3385 1
1964 311 1
311 6494 1
4490 6456 1
6456 6736 3
7306 1196 1
1196 306 5
306 1321 2
1321 3244 1
1141 5306 1
6506 4206 3
4206 1705 1
1705 1 1
1 5103 1
5103 1482 1
1482 981 3
3189 4490 1
4490 306 2
306 6244 4
6244 5287 4
5287 219 2
293 7018 2
7018 5754 1
5754 1217 1
7059 4490 1
4490 3385 2
3385 7306 1
6490 303 5
293 5278 1
5278 1964 1
293 2481 1
2481 3290 1
3290 1233 4
1233 7296 5
99 5287 1
5287 6633 2
6633 684 7
5274 2237 1
2237 5295 1
5295 1114 1
7306 347 11
347 1964 4
6456 195 1
195 1479 1
1479 5497 1
5497 7306 1
347 5676 1
5779 6999 1
6999 1 2
1 1550 8
1335 2099 1
2099 7306 1
5116 219 1
1868 1482 2
5287 4386 1
4386 429 1
2693 2358 1
7306 4923 1
4923 4643 1
4643 3626 1
3626 2236 1
3526 3600 1
3600 603 1
1964 3735 6
3735 1964 2
5890 6618 1
6618 1268 1
1268 4688 1
7156 3626 1
1255 1964 2
7229 7296 1
1287 1257 1
1257 1964 3
1964 2426 1
2426 7002 1
7002 2021 1
2021 1016 1
1016 6955 1
6097 844 1
844 2817 1
2817 1478 1
1478 646 1
646 2841 1
2841 388 1
388 6412 1
6412 6420 1
303 2426 1
2426 5874 1
5874 1964 1
1964 3193 1
3193 2469 1
2469 2817 1
2817 2085 1
2085 1964 1
1964 2003 1
2003 684 1
2295 3028 1
3028 7014 1
7014 5136 1
5136 4034 1
4034 4742 1
4742 2841 1
5676 382 1
382 2841 1
7156 185 1
2097 2022 1
2022 4034 1
4034 303 1
303 217 3
217 2107 2
2107 1144 1
1144 6575 2
6575 2286 1
2286 500 1
500 1964 3
1964 1233 20
2789 6263 1
6263 306 6
3527 808 1
808 511 1
511 303 1
303 5161 1
5161 1233 1
1233 5568 1
5568 5789 1
1502 3956 1
3956 6618 1
6618 3090 1
3090 414 3
414 3259 1
7156 3142 1
3142 684 2
634 2485 1
2485 331 1
331 1964 1
1964 506 2
506 1233 2
1233 1417 3
2817 6173 6
306 6771 3
6771 2693 3
1964 4004 2
4004 684 1
684 4358 2
4358 306 2
4034 6490 1
6490 5995 1
5995 5204 1
5204 1906 1
1906 2236 1
2236 2441 1
2441 3973 1
108 6017 1
6017 2817 2
2817 3250 1
2934 1 1
1 2413 9
6538 5206 1
5206 3124 1
3124 4797 1
4797 1307 1
1307 6405 2
6405 3212 2
3212 7306 3
7158 684 6
684 5083 1
5083 2817 1
2817 378 10
378 450 1
450 7098 2
7098 4296 1
5676 4034 1
4004 6618 1
6618 684 1
414 4686 1
4686 3028 1
3028 6412 1
2693 4123 1
4123 926 1
926 2744 2
7098 4206 1
4206 1110 1
1110 1967 1
1967 2817 1
6015 3199 2
3199 5644 1
5644 5662 1
5662 2436 1
2436 3565 1
3565 1677 1
4625 1035 1
1035 3315 1
3315 695 1
695 306 1
4034 3494 1
3494 1370 1
1370 7230 1
7230 1259 1
7158 479 1
479 306 1
3527 232 1
5662 3467 6
3467 6259 9
6259 695 1
695 4432 1
4432 3163 1
3163 4940 1
4940 1964 1
303 5586 1
5586 2693 1
2693 3808 1
3808 6730 1
6730 1259 1
1259 3807 1
3807 2817 1
2817 5314 1
5314 6420 2
6420 3448 1
1964 5712 1
5712 3315 1
3315 5489 1
5489 3466 1
3466 5198 1
4432 2817 1
2817 6838 3
3528 1964 31
1964 4553 2
4553 684 1
414 2817 1
2817 5363 1
5363 306 1
306 955 4
955 4034 1
4034 6405 1
6405 7157 3
303 4206 3
5631 5890 1
5890 4672 1
4672 1964 1
3079 5715 1
5715 2754 1
2754 1620 1
1620 1070 2
1070 1947 1
1947 5208 1
5208 3494 1
3494 4773 1
4773 5789 1
1502 4454 1
4454 1964 1
1964 1306 1
1306 5838 1
5838 2107 1
2107 1981 2
1981 346 2
346 1 1
6412 404 1
404 7306 1
1482 3242 10
462 7296 1
303 5681 5
5681 3044 1
3044 2527 1
2527 1066 1
1066 6223 1
6405 6451 2
6451 7156 2
2419 2104 1
2104 7121 1
7121 1964 1
3808 2378 1
2378 1 2
1 1307 1
1307 6981 1
6981 6405 1
6405 5837 2
5837 1964 1
6405 7084 4
7084 7156 1
7156 1203 2
1203 7170 1
7170 1134 1
1134 458 1
458 5997 1
5997 1964 1
269 5867 1
5867 3890 1
3890 1 1
6490 344 2
344 2952 1
2952 478 1
478 4868 1
4868 1203 1
1964 716 1
716 2543 1
2543 5731 1
5731 6259 1
6259 2930 1
2930 1 1
6538 4275 1
4275 6412 1
6412 1911 1
1911 404 1
404 7156 1
1203 2658 1
2658 403 1
403 2107 1
2107 154 1
154 1 1
2236 6639 1
6639 5774 1
5774 401 1
401 7123 1
7123 1964 1
1964 1113 2
1113 344 1
344 6953 1
6953 1964 1
6223 5729 1
5729 2107 1
1195 6223 1
6223 459 3
459 2841 1
2841 6118 1
6118 7179 1
7179 1134 2
1134 4811 1
4811 6223 1
459 2107 2
2107 977 1
977 2841 1
2841 404 1
404 387 1
387 1203 1
1 7113 3
7113 5793 2
5793 3565 1
3565 5774 1
5774 6451 1
6451 2107 2
306 5095 1
5095 1964 5
5662 6276 1
6276 5835 1
5835 1622 1
1622 1070 1
1070 1 1
4686 5422 1
5422 4112 1
4112 3099 1
3099 684 1
684 3229 1
3229 5937 1
5937 5223 1
5223 231 1
231 4112 1
4112 2522 9
2522 1944 1
1944 2236 4
2236 2522 1
2522 1257 1
1 231 1
231 5837 1
5837 4311 1
4311 603 1
7296 1910 3
1910 1233 1
293 3245 1
3245 3764 1
3095 6760 4
6760 1127 1
1127 7306 2
1482 2466 1
2466 5644 1
5644 1114 1
1114 1022 1
1022 2452 1
2516 3290 1
1 108 1
108 1233 1
1233 6633 5
6633 4893 2
4893 293 3
293 4097 2
4097 5831 1
5831 293 4
2517 108 1
108 3315 1
3315 1114 1
1482 5083 1
5083 293 1
1263 2352 1
2352 1114 1
1114 6372 1
6372 2458 1
2458 6736 1
2236 1306 1
1306 4386 1
1964 5207 1
5207 306 1
2517 6494 1
6494 1195 1
1195 1217 1
1217 2021 1
2021 1149 1
1149 4308 1
4308 520 1
1964 4272 1
2942 764 1
1981 131 1
306 3234 1
3234 3626 1
3626 1703 1
1703 520 1
520 2841 3
2841 6581 1
6581 6955 1
6955 1964 2
1964 2023 1
131 6494 1
6494 4112 1
7297 6259 3
3626 5547 1
5547 6223 1
6223 7230 1
7230 2841 1
2716 1 2
1 2729 1
2729 6259 1
6259 2107 1
3620 306 5
306 4459 2
4459 7229 2
7229 4688 1
7156 2729 1
131 7296 2
7296 6152 1
6152 6230 1
6230 6890 1
6890 1195 1
2817 1473 2
1473 4112 2
3626 2841 1
2841 7098 2
955 2517 1
2517 303 3
3808 5161 1
5161 1964 1
1964 6453 1
6453 1126 1
1126 2236 1
2236 6066 1
6066 1496 1
1496 518 1
518 2817 1
2817 5009 1
5009 2242 1
2242 2669 1
1 2693 1
2693 1249 1
471 1771 1
1771 684 1
684 6405 17
6405 1109 3
1109 7156 1
7156 4991 2
4991 4208 1
4208 2922 1
2922 1964 3
1964 2051 1
2051 1403 1
1403 1357 1
1357 3290 1
2102 4133 1
4133 1203 1
1203 5831 2
5831 2412 1
2412 1936 1
1936 1964 6
1964 5175 7
5175 1525 3
1525 1 1
2107 520 2
520 4653 1
4653 1197 1
1197 3528 1
3528 3634 7
3634 992 1
992 5774 1
5774 6412 1
6412 5988 1
5988 7156 1
7156 4339 1
4339 1964 1
1964 5198 2
5198 7018 2
7018 5631 1
5631 3528 2
3528 240 1
240 2440 1
2440 7017 1
6506 2296 1
3095 1936 1
3095 7115 1
7115 7297 1
7297 6103 1
6103 306 1
2841 1003 2
1003 926 1
303 3090 3
3090 4034 2
4034 3528 1
3528 2208 1
2208 2206 1
2206 1479 1
293 2817 13
2817 1867 1
1867 6490 1
6490 2789 4
293 1581 1
1581 5779 2
5779 5882 1
5882 6699 4
6699 5643 1
5643 1899 1
1899 2129 1
2129 409 1
409 2817 3
2817 4385 2
4385 3100 1
3100 1898 1
1898 3634 1
3634 4093 4
4093 7014 2
7014 6108 1
6108 1364 1
1364 1898 1
1898 303 1
1149 6955 1
6955 7229 1
7229 1964 1
306 5256 2
5256 7218 1
7218 6955 1
6955 1255 1
1255 1 2
1 2896 2
520 739 1
739 1453 1
1453 2841 1
2841 7219 2
7219 2841 1
2841 5802 2
5802 5180 1
5180 5586 1
5586 3038 1
3038 2041 1
5287 2817 5
2817 455 2
455 1195 1
2107 2717 2
2717 5101 1
5101 243 1
243 6506 1
3095 2556 2
3528 4832 1
4832 1261 1
1261 5723 1
5723 2817 2
2817 3276 1
3095 4390 4
4390 1981 1
1981 4034 3
4034 306 1
5287 3925 1
5462 2817 4
2817 4996 5
4996 2097 12
2097 383 1
344 455 2
455 5662 1
5662 1752 1
1752 6259 1
6259 4101 1
4101 2097 2
2817 7054 1
7054 1340 1
1340 303 6
303 1168 1
1168 1964 1
1910 2945 2
2945 2817 1
2817 4340 1
4340 1964 1
1964 445 1
445 2841 1
3526 492 3
3501 383 1
383 7292 1
7292 3259 1
3259 303 3
303 1482 18
1482 6044 2
6451 3254 1
459 6493 1
2817 779 1
779 4859 1
1964 5797 2
5797 1308 1
2236 5461 1
5461 3095 1
6851 2817 1
2817 1268 2
3626 2107 2
2107 3079 1
3079 5724 3
5724 2817 2
2817 1610 1
1610 306 7
3501 2817 1
2817 5326 2
5326 2404 1
2404 6246 1
6246 1144 1
1144 6221 1
6297 1964 3
4432 316 3
316 2737 1
2737 5372 2
5372 414 1
414 1 3
2841 6230 8
6230 474 2
474 3462 1
3462 306 1
6700 2505 1
2505 7160 1
635 7099 1
7099 1233 1
1233 3500 1
3500 7286 1
7286 6633 1
6633 3259 1
6538 3095 8
3095 4754 3
4754 6493 1
6493 1964 5
6494 3500 1
3500 3526 1
4686 1233 1
6135 3526 1
3526 2839 1
2839 6633 1
3095 6996 2
6996 7306 1
5676 4386 3
4386 4187 2
4187 3526 1
3501 4284 1
2097 2505 1
7099 2885 1
2885 4187 1
4187 1964 3
981 7296 5
2687 1114 1
1482 2097 1
1502 1964 13
1964 998 1
998 3526 2
1824 5825 1
5825 1333 1
6575 2107 1
3526 6789 6
6789 4250 1
4250 6386 2
6386 929 1
929 6506 1
3095 5993 2
5993 3526 2
2548 6736 1
3808 6275 1
6275 7306 1
5993 1233 1
1233 4909 1
4909 3526 2
3526 2113 1
2113 6221 1
6221 6610 1
6610 6506 1
303 3226 7
3226 2097 9
2097 7156 13
1964 969 1
969 2841 1
316 6221 3
6221 1712 1
1712 2168 1
2168 5223 1
5223 287 1
287 1981 1
1981 4206 1
4206 475 1
475 1964 4
1144 2642 1
2642 1981 1
1981 7177 1
7177 6321 1
6321 1 1
684 6230 1
6230 303 1
303 6153 1
6153 2062 1
2062 5681 1
5681 5866 1
5866 5938 1
1964 5392 1
5392 6702 1
6702 2841 1
474 1144 1
1144 1743 1
1743 5844 1
5844 4076 4
4076 6069 1
6069 7240 2
7240 2111 1
2111 7300 1
7300 1964 2
1964 5619 3
5619 2797 1
3462 2817 1
2817 2737 2
2737 2245 1
2245 6008 1
6008 306 1
7098 2789 1
2789 4870 1
4870 2841 1
6221 6069 1
6069 7239 2
7239 2122 1
2122 3278 1
3278 2634 1
2634 7306 2
3527 6494 7
6494 1858 2
1858 1 1
1482 6420 4
6420 2505 2
2505 287 1
287 2011 1
2011 2760 1
2760 1843 1
1843 6609 1
6609 7157 1
7157 5538 1
5538 6100 1
6100 2817 1
2817 293 4
293 450 1
450 287 1
287 1114 1
1114 6506 3
6506 3527 3
303 5292 1
5292 303 1
1482 3406 1
3406 6221 1
6221 6327 2
6327 1964 3
1964 7104 1
7104 5662 1
5662 5943 1
5943 1828 1
1828 1964 1
6538 1964 21
1964 1403 9
1403 6263 1
6263 5435 1
5435 3259 1
3254 6265 1
6265 306 1
306 3528 7
3095 3620 6
3620 4112 1
303 5303 1
5303 414 1
414 459 1
7156 6999 1
6999 6661 1
6661 691 1
691 1964 1
2789 6801 1
6801 5662 1
5779 684 3
4358 2817 1
2817 1372 2
1372 6221 1
1522 6941 1
6941 219 1
219 3265 1
3265 108 1
5642 3260 1
3260 2167 1
2167 3266 1
3266 6933 1
6933 85 2
85 6412 1
6412 3266 1
3266 3226 1
3226 306 7
3467 2476 1
2476 3095 1
3095 2456 2
2456 1224 1
1224 7102 1
7102 1550 1
1550 4439 1
4439 2737 1
2737 5675 1
5675 5736 2
5736 1522 1
1522 4309 1
4309 6939 1
6939 1522 1
2421 5532 1
5532 322 1
322 3466 2
3466 1136 1
1136 6326 1
6326 5662 1
5662 1971 1
1971 276 1
276 3252 1
3252 2466 1
2466 587 1
587 5213 1
5213 1964 1
5175 7107 1
7107 6524 1
6524 1964 1
1964 925 2
925 6732 1
6732 6504 1
6504 2747 1
2747 2707 1
2707 5662 1
5662 220 1
220 2438 1
2438 5756 1
5756 306 1
306 6595 1
6595 3520 1
3520 7238 1
7238 6019 1
6019 3819 1
3819 4254 1
4254 5215 1
5215 2011 1
2011 2510 1
2510 108 1
108 7329 1
7329 1 1
2817 6026 2
6026 6740 2
6740 6897 1
6897 7306 2
2934 1287 1
1287 4916 2
4916 5896 1
5896 1 1
1233 6221 2
6221 6001 1
6001 3634 1
3634 5900 1
5900 1964 1
1964 1205 1
1205 3264 1
3264 5551 1
5551 603 1
603 6506 6
6506 3721 1
3721 1 2
1 6405 3
6405 6044 1
6044 7014 1
7014 3264 1
3264 5306 1
303 1257 1
1233 2340 1
2340 1 1
1403 2096 1
2096 2817 1
3095 3028 2
3028 5882 1
3226 2051 1
2051 6405 1
7156 570 1
981 6783 1
6783 303 1
303 3178 2
3178 2236 1
6026 3782 1
3782 3634 1
1340 6044 1
6044 6740 1
6740 5461 1
5461 2817 1
2716 3229 6
3229 3626 1
7306 356 4
356 1233 3
1233 2531 1
1964 4909 2
3526 322 1
3466 1 2
6490 1479 3
65 3526 4
5831 1999 1
1999 303 1
293 459 1
459 7156 8
3116 7306 4
6223 4770 1
4770 2097 1
131 5662 2
5662 6412 9
6412 5525 1
5525 7158 1
2817 3709 2
3709 2841 1
2841 4459 2
4459 506 1
4686 1207 1
1207 4206 1
4206 5681 2
5681 131 1
306 4474 1
4474 6264 1
520 2817 2
378 2841 5
3626 108 1
108 682 9
682 4901 1
4901 3244 1
3095 4170 1
4170 4626 1
4892 3803 1
3803 4191 1
4191 5005 1
5005 2687 1
2687 1964 1
6490 2107 16
6668 6506 1
3095 1867 4
1867 3526 1
7296 2744 7
2744 2939 1
2939 99 2
99 1 1
293 2687 1
3095 4132 1
4132 2097 1
2817 6430 1
6430 4112 1
3284 347 1
2358 3095 3
3095 4723 1
4723 5892 1
5892 6223 1
6223 352 1
352 7241 1
7241 7102 1
7102 6538 1
6538 2358 9
2358 6862 1
6862 1964 1
1964 2505 3
2505 5779 1
5779 6155 1
6155 2841 1
5754 2693 5
2693 7296 3
7296 4349 3
4349 303 1
303 375 3
375 6405 1
7306 6160 1
6160 3095 2
6223 6506 1
7306 2607 1
2607 303 1
1824 1964 1
1964 1259 6
1259 7156 18
2817 7013 1
7013 3601 1
3601 3462 1
3462 2358 2
2358 2817 6
1372 1964 1
1964 3028 1
3028 584 1
584 1335 2
1335 5812 1
5812 1885 1
1885 306 1
306 4253 1
4253 6216 1
6216 3846 1
3846 1981 1
1981 4573 1
4573 1233 1
7099 2862 1
2862 6768 1
6768 3846 1
3846 347 1
347 1479 5
65 3528 1
3528 1944 3
5005 1885 1
1885 1196 1
3609 293 2
3526 1906 3
7156 375 2
375 3528 1
3528 1502 1
1502 6668 1
1964 6999 1
6999 6506 1
1867 5005 1
7296 5328 1
5848 603 3
981 4364 1
4364 2236 1
4925 1935 1
1935 2247 8
2247 2358 1
2358 2934 2
2934 2841 1
2841 382 2
382 1003 1
1003 6633 1
269 4098 1
4098 3207 1
3207 4922 1
4922 2107 1
2107 450 1
5631 1935 3
2247 1 1
7156 4098 3
4098 5959 1
5959 2817 2
2817 603 1
603 5882 1
5882 401 2
401 2854 1
2854 1114 1
1482 584 1
306 4876 1
4876 7016 1
7016 293 4
7157 6656 3
2817 2102 1
1195 295 1
6412 99 1
99 1233 1
1233 3254 2
3095 1947 3
1947 6372 1
6372 3254 1
3809 5519 1
5519 99 1
99 1482 1
1482 608 2
608 4572 1
5938 3527 2
3527 1482 2
608 6405 1
764 7297 1
7297 5329 1
5329 303 1
306 689 1
689 1 1
306 5257 1
5257 4626 1
4626 3315 6
3315 2817 3
2817 2505 2
2841 6550 2
6550 6656 1
6656 3393 1
3393 6656 1
2817 764 2
764 401 2
401 6392 1
4034 1550 1
1550 6392 1
1964 3059 1
3059 6420 1
2841 1053 1
1053 1936 6
1936 7306 3
3527 6668 1
6668 5717 1
5717 2279 1
4472 1233 1
1233 2841 5
2841 3466 2
3466 1417 1
603 303 3
303 4678 1
4678 2236 1
2236 1233 6
1233 2934 2
2934 6656 1
2841 4649 1
4649 1936 1
3259 2296 3
2296 2097 1
2097 408 5
408 7306 1
5005 3527 3
3527 6044 2
6044 4362 7
4362 1233 1
1233 262 1
3466 4387 1
7306 5318 1
5318 3448 2
3448 1 2
6420 3494 2
3494 4305 1
4305 6667 1
6667 1936 1
1964 6774 1
6774 1233 1
1233 649 1
649 1114 2
2107 1750 2
1750 1964 1
1964 3904 3
3904 7156 2
2817 6683 3
6683 4832 2
4832 5723 4
5723 303 1
303 7297 2
7297 901 1
901 3527 1
3527 5718 1
5718 2279 1
6740 4872 1
4872 3565 1
3565 262 1
2841 1233 3
1233 7306 11
2719 6765 1
6765 3842 1
3842 1 2
1233 6344 1
6344 3856 1
3856 289 1
5662 522 1
522 1964 1
1117 6981 1
6981 3526 1
303 226 2
226 1964 2
1964 1936 2
1936 6774 1
5254 1 1
684 3769 1
3769 7156 7
1422 4362 1
4362 1479 1
1479 927 2
927 3609 1
3609 2839 1
2839 1936 1
1936 4305 1
4305 3426 1
3426 6618 1
6618 4943 1
4943 1964 1
1964 3309 1
3309 553 1
553 3527 1
3527 1233 1
1233 356 2
7306 3748 1
3748 1935 1
1935 989 1
1964 712 4
712 1 1
4686 6015 2
5662 1936 1
1936 2247 1
2247 1964 1
4244 2467 1
2467 2835 1
2835 7306 1
5773 3526 6
3526 6367 1
6367 1964 2
3526 1333 7
1333 782 1
782 1964 1
7306 6015 2
5662 3527 11
3527 2279 1
1964 4859 4
2097 5631 2
5631 4686 4
4681 764 1
1964 1572 1
1572 3303 1
3303 1936 1
1936 1134 1
1134 306 3
2468 7306 2
7158 1233 4
1233 6748 1
7296 2002 2
2002 7306 2
684 4703 1
4703 1114 1
1114 4703 1
4703 1981 1
287 1964 2
1964 634 3
634 2841 2
7160 3075 1
3075 3526 1
344 3085 1
3085 381 1
381 1964 1
1964 3569 5
3569 2107 3
4479 1 1
4686 3550 1
1964 6014 1
6014 4932 1
289 6303 1
6303 6656 1
3526 1910 2
1910 5460 1
5460 1964 1
3264 889 1
889 6303 1
6303 6494 1
4686 2628 1
2628 3079 1
3079 1183 1
1183 522 1
522 3290 1
6456 1191 1
1191 4386 2
2841 4576 1
4576 7019 1
7019 4112 1
4112 7306 8
7014 1935 1
1935 6773 1
6773 7102 1
7102 3856 1
3856 522 1
522 1233 1
1233 5077 1
5077 7142 1
7142 1195 2
1964 7142 3
7142 3284 1
3284 4626 1
6538 3563 1
3563 6134 1
6134 1964 3
3526 760 1
760 7306 2
1550 2122 3
2122 2231 2
2231 219 1
1263 1935 2
2247 347 1
347 566 1
566 7156 1
7296 4488 2
4488 1233 1
5923 5287 4
2906 4434 3
4434 4140 1
4140 240 1
240 306 2
2247 7296 1
6736 6412 1
6412 1429 1
1429 4922 1
295 2789 2
3095 2295 1
6244 2385 1
2385 7014 1
7014 6683 1
6683 2757 1
2757 2694 2
2694 7113 4
4086 7102 1
7102 1376 1
2247 3290 1
5676 6456 1
6456 3081 1
1417 7019 1
7019 5418 1
5418 640 1
640 6357 1
6357 7156 3
7156 3207 8
3207 3254 5
3254 959 1
959 1964 1
1964 3174 1
3174 2107 1
2107 968 1
2841 2757 1
4086 6221 1
6221 7038 1
7038 78 1
78 3467 1
5287 4187 1
4187 603 1
6405 1114 2
1964 4714 1
4714 1964 1
1502 3095 9
5068 1144 3
1144 985 3
985 2107 1
452 5709 1
5709 5662 3
5662 1396 1
1964 5529 1
5529 2744 1
5848 306 3
306 2516 2
2516 3526 1
3526 678 1
678 2669 1
2669 1144 2
1144 1152 1
1152 501 1
501 1064 1
981 6405 7
1964 4722 1
4722 5676 1
1 5964 1
5964 3634 1
3634 3671 2
3671 3259 1
3259 6736 2
6736 2296 1
2296 764 1
764 7296 1
7296 3769 2
2841 2694 1
4086 2107 1
2107 1422 3
1422 6405 1
603 1195 1
1195 5167 1
5167 1550 1
1550 1195 2
5547 3565 2
3565 6134 1
306 131 1
131 2817 1
2817 6493 2
6493 3904 1
3904 1191 4
1191 3020 1
3020 2841 1
219 2438 1
2438 3363 1
3363 2412 1
2412 1677 1
1677 2517 1
2517 306 1
1964 4385 2
4385 6075 1
6075 5614 1
5662 7099 2
7099 1255 1
1255 3526 1
7219 6955 1
1144 1453 1
1453 1 1
1 396 1
396 6954 1
6954 1154 1
1154 2817 1
2296 1126 1
1126 861 1
861 3526 1
2789 3526 11
2817 1880 1
1880 306 1
306 2022 1
2022 2817 1
2817 5131 1
5131 5831 2
3526 5535 2
5535 1964 2
2696 4387 1
3095 4288 1
4288 306 1
306 1511 2
1511 6656 1
3526 2817 9
2817 3028 2
3028 2666 1
2666 5213 3
5213 2418 1
2418 7186 1
1411 2817 1
2817 5394 1
5394 7186 1
7186 6523 1
3164 3494 1
3494 2179 1
2179 1233 1
7156 1333 3
303 3527 6
3527 5077 1
5077 6656 1
1511 3808 1
1323 1479 1
1479 6851 1
6851 6405 1
6405 3383 1
3383 1964 1
1964 4785 1
4785 306 1
7186 4525 1
4525 2423 1
2423 7297 1
7297 5644 1
5644 3242 1
2556 306 1
306 2727 2
2727 1233 1
6412 219 2
219 6075 1
6075 3526 1
462 306 1
1018 3526 1
3526 5048 5
5048 293 1
1550 7014 2
7014 1196 1
1196 6412 1
6412 5644 1
5644 6420 1
5651 5043 1
2841 6954 1
6954 1964 1
1964 2735 1
2735 4428 1
4428 2835 1
2835 6656 1
6656 6075 1
6075 125 1
2107 6007 1
6007 3526 1
3526 7015 1
7015 1496 1
1496 2841 1
1403 6888 3
6888 7306 3
7160 6223 1
6223 5912 1
5912 1964 1
1868 2115 1
2115 5317 1
5317 7306 1
5848 1233 4
7156 4349 1
4349 3973 1
3973 1550 3
1550 5547 9
1964 5398 1
5398 7156 1
6420 1188 1
1188 1233 1
1233 7297 1
7297 2821 3
2821 4893 1
4893 4112 2
484 3526 1
3526 4637 1
4637 6506 1
6506 7157 1
7306 4280 2
4280 1263 2
1263 6452 2
6452 1 3
1018 1206 1
1206 293 1
293 6896 1
6896 601 1
601 4332 1
4332 1482 1
1482 3163 3
3163 3526 1
3095 450 7
450 2532 1
2532 7306 17
7306 7159 1
7159 1981 4
1981 6222 1
6222 1964 2
3095 3961 1
3961 2532 1
2532 1175 1
1175 7296 1
7296 6494 5
303 7014 12
7014 2821 2
2821 2817 1
2817 6766 1
6766 3467 1
3467 5844 1
4076 7306 1
7306 1672 1
1672 7251 2
7251 1263 2
1263 2262 2
2262 1964 6
1964 492 2
3526 1233 6
1233 1820 1
1820 5825 1
5825 684 1
684 2438 1
2438 1964 2
3529 4893 1
7306 2107 17
5287 615 1
615 7306 1
7306 2904 1
2904 6069 1
6069 2155 1
2155 1599 1
1599 2513 1
2513 4206 1
4206 4216 1
4216 1964 2
6493 1610 1
1610 7306 1
2548 6223 1
6223 3095 3
3095 6415 2
6415 5131 1
5131 684 1
5274 7156 11
6593 1233 1
7306 636 1
2532 2440 2
2440 6748 1
6748 1126 1
1126 1195 1
7306 4780 1
4780 7054 1
7158 4856 1
4856 2097 2
2097 1515 1
1515 4076 1
4076 1964 11
1964 4544 1
4544 6223 1
6223 5779 1
5779 7161 6
7161 306 1
3164 1287 1
1287 6729 1
6729 6506 1
6656 1175 2
1175 4719 1
4719 3095 1
6412 1 5
261 4857 1
4857 1637 1
1637 4076 1
1964 1816 2
1816 5631 1
7306 4632 1
4632 1964 1
2841 2478 1
2478 2107 1
7306 4347 6
4347 306 5
7098 331 1
331 2046 1
2046 6476 1
6476 1207 1
1207 2023 1
7306 3973 1
3973 306 1
1018 3162 1
3162 3229 2
4968 1964 2
1964 6476 2
7306 6008 1
6008 2097 1
2097 3513 1
3513 4859 1
306 2622 2
2622 6973 2
6973 926 1
926 3808 1
3808 1121 2
1121 3244 1
3095 1538 3
1538 6456 1
6456 1014 1
1014 5723 2
5723 1964 11
1868 6748 2
7296 6420 2
6420 4620 1
4620 7306 1
4259 185 1
185 1964 6
1964 1610 4
3501 1516 1
1516 985 2
985 6097 2
6097 5831 1
1550 5133 1
5133 6108 1
6108 6246 1
6246 1964 6
1964 895 1
895 4832 1
4832 5736 1
5736 2548 1
2548 303 1
303 3144 1
3144 3527 1
3527 1333 2
303 3122 1
3122 6386 1
6386 4883 3
4883 4688 2
7156 401 6
401 1021 1
1021 7306 1
1944 2841 2
7306 4137 1
4137 4688 1
6740 3085 2
3085 6605 1
6605 1874 1
1874 1417 1
4386 347 1
347 4112 3
4112 994 1
994 2789 1
2789 6748 1
7306 6412 16
1479 7297 2
7297 1516 1
1516 7018 1
7018 1144 1
1195 5058 1
6412 2622 2
2622 1019 2
1019 3527 1
3527 2296 1
2296 5995 1
5995 5470 1
5470 684 7
3292 7306 2
7306 4662 1
4662 306 1
306 1152 9
1152 1141 1
1141 5779 3
5779 5938 1
5938 3226 1
2719 3095 4
7306 1177 1
1177 552 1
552 5848 1
5848 1516 1
7306 552 4
552 5666 1
5666 2841 2
7297 6297 1
6297 7306 2
5820 3527 1
3527 3441 1
3441 7306 1
5662 3264 3
3264 1263 1
1263 989 1
989 5754 1
5754 2622 1
2622 183 1
183 951 1
951 1964 1
6633 1896 7
1896 5686 1
5686 6755 1
6755 1 2
1 926 9
6633 1538 2
1538 1906 1
1906 927 1
927 4123 2
4123 3207 1
3207 306 3
306 1105 2
1105 7296 1
7296 1550 6
1550 5802 1
5802 2716 1
3764 506 1
1357 1979 3
1979 4033 2
4033 1964 1
3808 6858 2
1964 5039 1
5039 6494 1
6494 7306 6
5789 4381 1
4381 7092 1
7092 3207 1
3207 3095 17
6405 5039 1
5039 7156 1
7156 1667 1
1667 2841 1
2841 6924 2
6924 306 4
1144 2716 8
1964 5789 6
5789 7306 1
7306 1480 6
7017 603 1
603 4729 9
4729 7306 6
6405 4374 1
4374 2747 1
2747 2656 2
2656 2505 1
215 1196 1
2817 3207 5
3207 1964 10
3254 3207 2
3207 7306 12
2097 2747 1
2747 1456 2
1456 4 1
4 2806 1
2806 2656 1
2656 5848 1
3526 1538 4
1538 2841 5
6538 2295 2
2295 1018 3
7306 6626 13
6626 3242 1
3242 1482 3
295 700 1
700 3526 2
1944 3207 3
3095 401 2
401 1944 2
1944 2817 2
2817 6626 7
1144 3127 2
3127 3095 2
5058 1263 1
6415 186 1
186 3608 1
3608 6656 1
2817 3281 1
3281 1114 1
1114 6015 2
6015 7239 3
7239 3207 1
7014 3162 1
3162 3666 1
3666 5848 1
7306 6452 1
6452 3095 1
233 3527 1
3527 5848 8
3467 7306 4
3095 3739 2
3739 1 1
603 4892 1
4892 3527 1
3527 2796 1
2796 7079 1
7079 7113 1
7113 4482 3
4482 6493 1
5029 4686 1
3527 3079 3
3079 5473 1
5005 5754 6
5754 2796 1
2796 5005 1
5005 6538 3
6538 5597 1
5597 2358 1
2358 1538 2
1538 331 1
1538 506 1
7156 5418 1
5418 3528 1
3528 5662 16
5662 2796 1
2796 1538 1
1538 1004 1
1004 7014 2
7014 1964 14
7156 2994 1
2994 3528 1
3528 3938 1
3938 306 1
3090 1018 3
1018 2906 2
303 5131 4
3095 3386 8
3386 3226 1
7156 508 1
508 1964 2
6405 1129 6
1129 1964 2
1129 7306 1
6736 3081 2
3081 1417 2
1417 3095 8
3095 2994 1
2994 2532 1
2905 6656 1
3527 5399 1
5399 7156 1
1018 3259 2
2295 1191 1
1191 644 1
644 1310 1
1310 1263 5
1263 2747 2
6668 6626 1
1417 5217 1
3527 212 1
212 3527 1
3527 5470 3
5470 7306 6
2107 2817 18
6055 3028 1
3028 1149 1
1149 6638 1
6638 6506 1
3527 5938 2
5938 883 1
883 1145 1
1145 5005 1
5005 2747 1
2747 3854 3
7099 5096 1
5096 1964 1
6494 5096 1
5096 2942 1
2942 1268 1
1268 1964 1
5773 2817 1
2817 5005 3
7296 6663 1
6663 5964 1
5964 306 1
1105 6506 1
603 3095 1
2440 6668 1
6930 3290 2
3290 4525 1
4525 1964 2
6626 2935 1
2935 2737 1
2737 6412 2
6412 2358 1
2358 7016 3
293 6748 1
6668 3152 1
5676 6211 2
6211 6930 2
6930 6668 1
700 6006 1
6006 4742 1
6748 3242 1
3242 7156 1
3526 7171 1
7171 3095 7
3095 2541 1
2541 6506 2
6506 2097 2
2097 3284 1
3284 3936 1
3936 1964 1
7156 6668 2
6668 97 1
97 3116 27
3116 4112 2
2034 1233 1
347 3526 9
7306 3617 2
3617 5568 1
7014 303 3
303 4527 1
4527 1 2
3527 684 10
684 981 5
981 1964 16
7160 5848 2
5848 7297 2
3116 5697 1
5697 306 1
5681 3284 1
3284 2236 4
6930 6405 1
1550 3526 7
3319 2892 1
2892 6580 1
6580 1335 4
1550 6211 1
6930 6494 1
6494 2926 1
2926 2892 1
2892 1154 1
1154 1335 2
1335 3526 1
2532 7309 1
7309 306 1
1018 6889 1
6889 5470 1
5470 5005 2
6663 1964 1
1964 500 1
401 1473 1
1473 2051 1
2051 6445 1
6445 1 1
6538 450 1
5905 3526 1
1502 408 2
408 6022 1
6022 2541 1
2532 6733 1
6733 3290 1
1195 3494 1
1964 3116 10
3116 6494 2
6494 6733 1
6733 3526 1
455 4626 2
4626 1217 1
1217 7077 1
7077 408 2
408 306 1
2236 303 2
303 6036 1
6036 6663 1
6663 6405 1
7156 6223 2
6223 1417 7
1417 2841 2
1195 2236 2
2236 401 2
981 344 1
344 530 1
530 6221 1
6221 6930 1
6930 1979 1
1979 5198 3
5198 2097 3
6640 1964 2
4271 7255 1
7255 6562 1
6562 7158 1
1141 1196 1
6863 3334 1
3334 2841 1
401 2022 1
2022 6320 1
6320 1141 1
1141 3162 1
3162 1964 3
1964 6211 2
6211 306 1
408 2983 1
5249 1978 1
1978 4485 1
4485 7241 1
7241 4112 1
4112 6781 6
6781 5662 1
5662 2112 3
2112 1144 1
1144 4283 1
4283 2549 1
2549 1 1
4686 5905 1
5905 500 1
603 5662 1
6538 4589 16
4589 3526 1
530 1964 1
6626 1417 1
378 4387 1
3095 6778 1
6778 3101 1
3101 5676 1
5676 6668 1
1 4321 1
4321 684 1
6405 7158 4
7158 1417 1
2841 76 2
76 1 2
968 1872 1
1872 5779 1
5779 931 2
931 1194 2
1194 1964 2
6313 6430 1
6430 3095 1
303 7099 3
7099 981 2
981 926 1
926 3526 11
6668 3526 5
986 1 3
1417 3797 1
3797 1964 2
1964 6976 1
6976 1502 1
1502 1479 1
1482 985 2
378 6490 2
6490 3254 2
3254 3526 2
303 1313 1
1313 347 1
347 4551 1
4551 1191 1
1191 3254 1
3254 3161 5
3161 684 1
684 6493 1
6493 6855 1
6855 1964 6
3526 1569 2
1569 5779 1
1194 108 1
682 6988 1
6988 1114 1
1114 4349 3
4349 2440 1
1483 3526 4
3526 4516 1
4516 1 1
3116 6668 1
1114 3207 7
1417 1482 3
1482 2735 1
2735 644 1
644 6357 1
6668 3259 1
6456 3116 1
3116 1333 1
1333 5890 1
5890 4385 1
4385 6405 1
1964 1267 1
1267 3634 1
3526 4763 1
4763 2107 1
2107 5306 1
5306 3526 6
5789 2556 1
2556 4097 1
4097 1502 1
6633 6084 1
6084 2107 2
4187 347 1
347 6580 1
2841 1357 12
3095 316 1
316 3152 1
7156 3116 5
5789 927 1
927 3123 1
3123 7306 1
6494 6405 4
1417 6506 2
6506 4508 1
4508 2841 1
5328 5662 2
5662 6211 1
6211 1964 3
6218 7156 1
1538 5660 1
5660 306 1
306 242 1
242 5687 1
5687 1964 3
5848 2669 1
5177 7156 1
3244 3242 2
295 2841 1
6538 566 1
566 3626 1
3626 2358 1
2929 3626 1
1230 5306 1
5306 6420 1
6420 3244 1
1538 6169 1
981 3244 1
1538 7306 2
219 3254 5
3254 3528 2
5848 6506 4
6506 4886 1
4886 1550 1
1195 2021 1
2021 1550 5
1550 1144 6
1144 1263 2
6420 2107 2
269 455 1
455 1440 1
1440 2841 1
2841 383 2
3626 3290 1
5779 7297 1
3116 5889 1
5889 401 1
401 6420 1
6420 5204 1
5204 306 1
5955 1417 1
1417 6245 1
6245 293 1
293 401 4
3626 3422 1
3422 5662 1
4589 7306 3
219 1440 1
1440 3095 1
2789 3116 1
3116 3772 1
3772 6740 1
6740 6760 1
6760 1479 1
1479 7296 6
3526 2747 1
2747 2796 1
2796 6364 1
6364 1964 1
4636 500 1
3467 6101 1
6101 3526 1
3526 6734 1
6734 331 2
1 5782 1
5782 378 1
378 1144 1
1144 7077 4
7077 2922 2
6223 1263 2
5779 5131 1
5832 2841 3
2693 2906 1
303 7103 1
7103 1747 1
1747 5631 1
5631 7306 5
5662 6246 2
6246 1971 1
1971 1964 2
3081 339 1
339 306 1
3527 3252 2
3252 5631 1
7306 1400 1
1400 1964 3
1191 3095 6
3095 2480 1
2480 1516 1
1516 1724 1
1724 1964 7
7306 429 1
2129 6270 1
6270 1964 1
1964 5918 1
5918 6785 1
6785 7306 3
7306 4472 6
4472 2841 8
2693 1971 1
1971 5662 1
5662 3252 1
3252 269 1
293 3808 2
3808 1666 1
1666 3527 1
5938 1114 2
5848 6580 1
1335 7296 1
7296 6759 1
6759 1196 1
1196 7015 1
293 3528 11
3528 1372 1
1372 2747 1
2656 1 3
1 324 2
324 2796 1
2796 4347 1
4347 6618 3
6618 3298 1
3298 3285 4
3285 3290 1
1018 500 1
6447 6101 1
6101 5005 1
5005 2358 1
981 1550 2
1550 2562 1
1550 690 1
690 5630 1
5630 1479 1
1479 6715 1
6715 6656 1
6656 2239 1
2239 1371 1
1371 3528 1
3528 4347 2
4347 4626 1
4626 4485 4
4485 1 1
7014 459 2
459 1479 1
3528 4280 1
1263 6888 2
6888 1482 1
459 4626 1
3526 2862 4
2862 1814 1
1814 1 1
3528 5075 1
5075 306 1
6452 6186 1
6186 6683 3
6683 2354 1
2354 1479 1
1479 3116 1
3116 3526 4
3526 5314 1
5314 7306 2
7306 3302 2
3095 4332 9
4332 1516 1
1516 684 1
6405 1502 16
1502 6270 1
6270 5993 1
7306 5774 5
3808 3095 7
5779 4686 2
3527 6171 5
5848 6633 6
1896 1220 1
1220 2732 1
2732 6755 1
6755 2104 1
2104 306 1
3904 5287 16
3095 2828 1
2828 1 1
1 2129 2
2129 4303 1
4303 6405 1
2104 5848 1
5848 5686 2
5686 3527 1
7306 635 3
2107 4936 1
4936 2097 2
6230 1964 2
4112 950 1
950 7296 1
459 603 1
1964 233 4
233 2841 1
3527 429 1
429 7306 1
7158 6218 1
6218 1482 1
1482 7159 5
7159 5848 2
5848 7102 1
1322 3527 1
3527 2766 1
2766 6447 1
6447 4098 2
4098 7306 5
7306 5779 1
7161 6626 1
981 1220 1
1220 4525 1
4525 6633 2
6006 5848 1
5686 2236 1
2236 552 2
552 1114 1
1114 375 4
375 5689 1
5689 6755 1
6755 2747 1
2747 3904 1
3904 2034 1
2034 5686 1
5686 3467 1
3467 1896 1
7306 5686 1
5686 1 1
1403 2828 1
2828 64 1
64 603 4
2107 1114 3
1114 6456 4
6223 2614 1
2614 3259 1
3259 644 6
644 7017 2
7017 6733 2
6733 429 1
3095 5564 1
5564 3290 1
3290 6626 9
3079 981 1
981 2122 1
2122 3298 1
3298 6648 1
6648 634 1
634 1964 9
3528 4097 1
4097 1539 1
1539 1964 1
7156 2430 1
2430 3353 1
3353 1964 1
1964 5333 1
5333 4112 1
401 1340 7
1340 5937 1
5937 3528 1
3528 6626 2
2737 5473 2
5473 6405 2
6044 4444 1
4444 3050 1
3050 2430 1
2430 7296 1
3527 375 1
375 5848 2
5848 3467 3
3467 6490 3
1191 839 1
839 3276 1
3276 1981 1
1981 1445 1
6700 1516 1
1516 5848 1
3527 3013 1
3013 1206 1
1206 4206 1
5631 682 2
682 414 1
414 7158 1
7158 259 1
259 306 1
306 2430 3
2430 2236 1
2236 3608 1
3608 3467 1
3467 1 3
3528 3527 1
3527 4408 1
4408 3095 3
1117 3527 1
4388 7306 4
7306 5747 1
5747 4474 1
4474 5902 1
5902 6743 1
6743 1715 1
7156 571 1
571 3527 1
3527 4555 1
4555 2697 1
2697 6506 1
6506 722 1
722 5631 1
1944 4558 1
2532 6456 1
6456 757 1
757 5955 1
5955 3527 1
3527 7194 1
7194 7297 1
7297 7253 6
7253 306 1
2430 3259 1
3095 4558 4
1964 3801 1
3801 6405 1
6405 214 1
214 3527 1
4686 4581 2
4581 7306 2
7306 7194 1
7194 1482 1
5287 1479 1
1479 2430 1
2430 857 2
857 7306 1
7017 5892 2
5892 6760 1
6760 4387 1
378 3259 2
1964 452 8
3095 4207 3
4207 7306 2
450 7297 5
7253 1964 4
6506 2430 1
857 3078 1
3078 1964 1
1964 7194 1
7194 1964 1
65 2430 1
2430 5831 1
2693 6405 3
6405 3527 4
3095 4376 3
4376 6218 1
6218 5848 1
7156 6712 1
6712 3903 1
3903 7156 1
7306 3189 1
3189 4558 1
3527 666 1
1964 4925 5
4925 3385 1
3385 5741 1
5741 1 1
4686 1371 1
1371 2785 1
2785 5196 1
5196 1964 1
1964 4581 3
4581 7158 3
3527 4530 1
4530 5364 1
5364 7306 1
7306 5484 1
5484 5631 2
5631 3527 4
3527 2904 1
3528 5196 1
5196 1 1
684 5473 1
1191 344 1
3527 4824 1
4824 5469 1
5469 1964 1
6633 4189 1
4189 1550 1
1550 2430 1
2430 7014 1
7014 1206 1
1206 5741 1
5741 2841 1
2262 7158 1
7158 303 6
1502 261 1
261 7306 1
7306 2466 1
2466 5741 1
5741 7306 2
7306 5771 1
5771 2262 1
4385 3526 2
684 5053 1
5053 5328 1
5328 3259 2
2719 4686 1
6015 5196 1
5196 6656 1
5631 4187 1
4187 7306 2
7306 5198 3
950 3808 1
3808 2495 1
2495 1964 2
981 3290 22
1896 4540 2
4540 6616 1
6616 1480 1
1480 2107 3
7296 2107 4
6633 4540 1
4540 1896 1
1896 157 1
157 6538 1
6538 2021 3
2021 192 1
192 2021 1
2115 7306 1
1126 401 3
401 1854 1
1854 1964 1
5198 3095 2
303 3477 2
3477 5848 1
5848 4350 3
4350 3095 3
3095 5985 1
5985 2896 1
2896 102 1
102 1175 5
1175 1479 1
7306 700 31
700 2701 1
2701 6490 1
4277 5820 1
5831 7306 2
3095 3324 2
3324 1964 1
3244 5005 1
5005 6633 3
6506 1280 1
1280 7306 1
3690 5754 1
5754 5790 1
5790 7306 1
741 2624 1
6633 4530 1
4530 1964 5
1964 2747 7
6211 4530 1
4530 1479 1
1479 2906 6
6633 347 4
347 1333 1
303 97 2
97 4265 1
4265 6506 1
401 7296 7
1483 6626 3
6626 6412 4
6412 5662 8
6633 3387 1
3387 4097 1
4097 603 1
5568 6733 1
6733 193 1
6633 6372 3
6372 7306 2
5848 3244 1
3244 3290 1
6456 766 1
766 7306 1
303 6792 1
6792 6493 1
219 4980 1
4980 7014 1
7014 7306 7
6736 684 4
5848 3089 1
3089 6506 1
6506 5217 1
5217 1964 1
3527 5775 1
5775 5754 1
5470 3527 2
3527 7156 5
3671 5662 2
5662 2656 1
2656 6656 1
7306 6789 1
7306 3665 1
3665 2841 1
2841 593 1
593 306 1
306 1202 3
1202 2097 1
2097 6221 1
6221 5907 1
5907 6925 1
6925 306 1
306 6577 1
6577 2716 2
3634 5547 2
5547 3526 2
3526 3387 1
6405 4097 1
7306 6462 1
6462 1964 1
866 3526 1
3526 6735 3
6735 2448 2
2448 1195 1
1195 2841 4
1144 603 1
1964 597 1
597 7296 1
7296 5954 1
5954 6224 1
6224 6216 1
6216 4076 1
4076 6656 3
3526 1383 1
1383 1964 1
6733 1964 3
3284 5068 1
5068 7297 1
2716 1263 1
1263 5547 1
1979 3285 1
3285 1 2
1195 926 1
926 3227 2
3227 5204 1
5204 1964 1
1964 3763 1
3763 5662 1
5779 6656 1
303 2702 1
5662 6979 2
1964 2835 1
1550 950 2
950 6968 2
1357 2747 2
1456 3 1
3 2806 1
2806 4361 1
4361 2862 1
2862 3302 1
7306 603 6
1964 4892 2
4892 6386 1
306 1024 2
1024 306 1
1024 6375 1
6375 7296 1
3095 1024 1
1024 7296 1
7296 5684 1
5684 1024 1
1024 6245 1
6245 1217 1
1217 2716 1
7296 1024 1
1024 5848 1
3467 7099 7
3526 671 1
671 5782 1
5782 2841 1
5462 2236 1
2236 6022 1
6022 5717 1
5717 306 4
2517 7158 1
7158 846 1
846 3526 1
7156 3634 4
3634 3943 1
3943 2906 1
2906 4142 1
4142 2993 1
2993 1964 2
7113 5261 3
5261 2716 2
2716 303 2
303 1024 1
1024 5249 1
5249 303 1
303 2862 1
2862 3526 1
5848 2107 2
5287 2973 3
2973 3526 1
2107 5249 1
5249 3290 1
5274 2906 2
2906 1979 3
306 1040 1
1040 1263 1
1263 5462 4
5462 4194 1
4194 2720 5
2720 7306 3
1141 6633 1
6633 4346 1
4346 1 1
6633 5039 1
5039 3527 1
3527 2944 1
2944 7306 1
1964 6169 14
6169 1 5
3294 5848 1
1479 2333 1
2333 2505 1
2505 6490 1
3527 4272 1
4272 5662 2
5662 1920 3
1920 3932 1
3932 2021 2
2021 1639 2
1639 3652 1
3652 1527 1
1527 3095 2
3095 5346 1
5346 3932 1
1639 6405 1
6405 1 2
1 2587 4
2587 3932 1
3932 5662 1
2122 6259 1
6259 1203 1
1203 3382 1
3382 2787 1
2787 5662 1
5662 5781 1
5781 6259 2
6259 1479 1
1479 5256 1
5256 2333 1
2333 3884 1
3884 2841 1
2841 2351 1
2351 6490 1
6490 5882 2
5882 1981 1
6259 684 1
684 5256 1
5256 3290 1
3290 2104 1
2104 6633 1
6633 1181 1
1181 1538 1
1202 7306 1
3565 7306 3
7016 2915 1
2915 6405 1
4540 1244 1
1244 4059 1
4059 6314 1
6314 6405 1
6405 6633 2
1574 7296 1
7296 1244 1
1244 1 2
6490 1482 4
7156 1274 1
1274 5848 1
1896 25 1
25 1 1
4686 2236 7
6633 4385 1
4385 3081 1
3081 724 1
724 1964 1
6633 1245 1
1245 1964 1
3095 4391 1
4391 1516 1
1516 306 3
7296 5844 1
5844 6222 1
6222 1175 1
1175 6656 1
6633 4488 1
4488 4097 1
3259 2798 1
2798 6633 1
6633 4349 1
4349 6324 1
6324 5026 1
5026 1026 1
1026 5662 6
6372 5306 1
5306 6405 1
6405 339 1
339 3252 2
3252 306 2
306 1971 1
1971 6633 1
6633 1206 1
1206 3252 1
3252 3181 1
3181 1964 2
1964 3021 1
3021 2841 1
3527 1971 1
1971 1 1
2906 1971 1
1971 1206 1
1206 3181 1
1964 6031 1
6031 306 1
3252 1516 1
1516 640 1
640 6405 14
1 2798 2
2798 640 1
640 2973 1
2973 1 1
2236 7195 1
7195 3842 1
3842 306 1
2430 2021 1
306 2239 1
2239 666 1
2841 7073 1
7073 1964 1
1964 1737 1
1737 5631 1
5631 2896 1
2896 989 6
989 1114 3
1114 4647 1
4647 7158 1
764 2107 2
2744 3198 1
3198 1964 1
1964 5081 1
5081 7293 1
7293 7179 1
2841 5261 1
5261 2841 1
7219 259 1
259 877 1
877 5631 1
401 1255 2
1255 269 1
269 3527 5
3527 6656 2
2841 7191 1
7191 2107 1
2107 259 1
259 684 1
684 1175 1
1175 1 3
3095 2203 1
2203 1964 1
1964 2571 1
2571 847 1
847 2501 1
4086 609 1
609 2107 1
2107 2634 1
2634 1964 1
1964 1776 1
1776 2236 1
2236 1175 1
1175 259 1
259 7159 1
7159 2841 2
2262 3527 1
3527 3528 2
3528 5485 1
5485 1 1
3095 5770 1
5770 500 1
500 2107 2
6633 5771 1
5771 2236 1
2236 2556 1
2556 5741 1
347 1715 2
6633 2633 1
2633 1482 1
2236 6633 4
6633 339 1
3252 1 1
3612 7306 1
7306 5220 1
306 6995 3
6995 1259 1
1259 5023 1
5023 3290 1
3290 6456 6
6456 3737 1
3737 2097 1
2097 5754 3
5754 1456 1
1456 5690 1
5690 1200 1
1200 4059 1
4059 1 1
1479 4558 2
306 99 3
99 1141 1
1141 1944 1
1944 2726 2
2726 1246 1
1246 2583 1
2583 6490 1
1480 7306 6
4647 6633 1
6633 824 1
824 684 1
1207 131 1
5287 5221 1
5221 306 3
306 95 1
95 1858 1
1858 5662 6
5779 93 1
93 1964 1
1964 3280 1
3280 1357 1
1357 4112 1
131 2134 1
2134 7306 1
1417 6633 2
684 3264 1
3264 5701 1
5701 4387 1
4387 1268 1
1263 1024 1
1024 7306 1
7306 5068 5
5068 4112 2
131 7179 1
7179 5662 1
5662 4481 1
4481 1 1
4686 4142 2
4142 3385 6
1964 7243 1
7243 6618 1
926 6263 5
6263 2747 1
2747 7098 6
7098 1287 1
649 306 2
1964 5892 3
5892 4275 1
4275 331 2
2236 4591 1
3626 5221 1
5221 2976 2
2976 7306 1
6015 2155 1
2155 6456 1
6456 3526 5
6506 2701 1
2701 2236 1
7306 755 1
755 2841 2
6490 6846 1
2107 3081 1
7088 7306 1
3617 1964 3
4958 201 1
201 1346 1
1346 4112 1
520 7019 1
7019 1964 3
1964 5914 1
5914 3259 1
3259 7331 1
7331 3471 1
3471 1268 1
1263 383 1
3095 3617 2
3617 3933 1
3933 7019 1
7019 6044 1
6044 707 1
1 4116 1
4116 306 5
2517 926 1
926 4809 1
303 2747 2
2747 6262 1
6262 1964 1
1964 5314 1
6420 7014 1
7014 2354 1
2841 6334 1
6334 841 1
841 2693 1
4686 6172 1
6172 306 2
1117 1981 2
5835 1055 2
1055 2097 4
2097 3090 3
2693 2716 1
2841 4482 1
4482 506 1
7306 4996 2
131 5892 1
5892 5016 1
5016 5867 2
2468 331 1
4112 1003 1
1003 1964 2
1964 330 1
330 306 1
4034 1233 1
1233 2505 1
1964 2389 2
2389 6134 1
5304 3526 1
3526 663 2
663 5889 1
5889 1964 1
1964 6022 3
6022 1233 1
1233 3161 1
3161 6467 1
6467 3226 3
3226 2719 7
2719 2817 1
2817 2051 1
2051 1550 1
2817 4197 1
4197 1233 1
6223 3226 1
7102 5480 1
5480 3226 1
3226 5938 16
5848 3259 2
3259 4112 1
5270 459 1
3526 3979 1
3979 7113 1
4482 7077 1
7077 684 1
3090 4358 2
4358 303 1
303 5941 1
5941 2841 1
4093 1964 26
4093 2744 1
303 720 1
720 1981 1
1981 1588 2
1588 4206 1
4206 1967 2
1967 926 1
6173 3904 1
1191 2817 4
2817 4701 1
4701 2354 1
2354 306 1
6538 1126 4
1126 5736 1
5736 3095 2
3095 1657 2
1657 7306 1
7306 3792 3
3792 3634 1
6259 3259 3
3259 1479 6
4123 1964 2
303 2562 1
2562 6490 2
6490 7306 11
1715 4688 1
6452 4832 1
4832 1897 2
1897 3095 1
3095 2737 1
2737 5326 1
5326 4686 1
2817 720 1
720 4093 4
4093 1981 2
1588 1964 1
1964 6488 1
6488 4565 1
4565 306 1
131 3437 1
3437 3230 1
981 3226 8
3226 1469 6
5938 303 2
375 6740 1
6740 3506 2
7077 3284 2
2295 2718 1
2718 3626 1
3626 2817 1
634 2104 1
7156 4093 4
4093 1478 1
1478 1156 1
1156 1479 1
2817 2876 1
2876 4559 1
4559 2562 1
2562 2817 3
2817 3988 1
3988 293 1
293 306 9
4565 293 1
293 2097 3
1964 7015 5
7015 7156 3
3467 2562 2
3095 4171 1
4171 4688 1
2817 4362 1
4362 4472 1
7098 5630 1
5630 2021 1
2021 6732 1
6732 2021 1
2021 7018 2
7018 7159 4
1981 6366 1
6366 2817 1
6405 6143 4
6143 7156 2
3302 401 8
1964 4332 10
4332 303 1
303 3150 4
3150 1 1
1 1206 1
1206 414 1
414 2841 2
4093 2296 1
3809 6793 1
6793 1479 1
7099 4347 1
4347 2051 1
2051 1233 1
1417 6490 2
6490 2863 1
2863 3028 1
3028 6420 2
6420 5314 1
7306 2354 1
3284 1501 1
1501 293 1
293 1233 3
1233 538 1
538 3526 1
5955 2817 1
2817 3244 4
455 1964 8
1479 2747 1
2747 2354 1
2354 3528 1
3095 3346 2
3346 6490 1
3095 470 7
470 7306 2
5835 6209 2
6209 2915 1
2915 3528 1
6506 4389 3
4389 3904 2
3904 5012 1
5012 1195 1
2817 4969 2
2097 2346 1
2346 306 1
306 3079 2
3079 219 1
219 2004 3
2004 2841 2
131 3014 1
3014 6523 1
6523 1919 1
1919 406 1
406 1964 2
4909 3528 2
3528 4093 1
4093 6405 2
4720 2841 7
2841 1791 1
1791 7324 1
7324 306 1
306 132 1
132 2346 1
2346 2347 1
2347 7296 1
7296 4021 1
4021 3706 1
3706 1791 1
1791 2468 3
2468 6405 1
1109 5937 1
5937 223 1
223 1959 1
1959 4112 1
131 1979 1
1979 1003 1
1003 1 1
4112 2023 1
6259 841 1
841 2517 1
1964 6917 1
6917 1906 1
1906 5167 1
5167 185 1
131 4760 1
4760 2817 1
233 2239 1
2239 4170 1
4170 2817 1
2817 5138 1
5138 6420 1
6420 401 2
2107 4101 2
6476 2717 1
2717 2729 1
131 4093 1
1964 3871 2
3871 1964 9
2107 224 1
224 5662 2
5662 6476 2
6476 3871 1
3871 1979 3
1979 331 3
7306 3928 2
3928 1233 1
1233 5754 1
5754 5329 1
5329 5662 1
6218 1964 2
7296 2558 1
2558 150 1
150 1964 1
65 3527 2
5676 5221 1
306 4197 3
4197 6490 1
6490 3095 2
3284 968 1
2841 2354 1
2354 3207 1
6385 3527 1
450 293 2
293 5662 8
5779 6017 3
6017 6405 1
6405 4729 4
6493 5848 2
3095 356 3
356 2796 1
2796 1858 1
1858 6017 1
6017 1233 1
303 4892 2
989 3925 1
2107 2798 2
2798 3735 1
3735 1550 2
5547 603 2
3528 375 3
4625 306 6
1018 1550 3
1550 6017 2
6017 1964 8
1964 4676 2
4676 6405 1
6405 2737 3
634 1 4
6490 2817 5
293 6626 2
6626 2841 2
2841 3706 2
3706 306 1
306 7218 1
7218 2021 1
2021 5801 1
5801 2716 1
3634 1018 5
1018 3207 1
2817 3565 6
3565 4558 1
4558 293 1
5681 1018 2
1018 1 8
3095 307 6
307 4729 1
4729 3528 4
3095 6715 4
6715 2817 1
4385 947 1
947 3528 1
3528 2817 12
4385 2107 1
6506 3079 1
3079 6449 1
6449 2817 1
2817 856 1
856 989 2
989 1981 1
506 1964 2
1964 331 1
6259 3477 1
3477 3254 1
6683 6493 1
6493 1233 2
1233 6015 1
3199 383 1
383 1364 1
1364 5662 1
6863 2841 2
3164 6911 1
6911 7183 1
7183 7158 1
7158 3754 1
3754 306 1
306 1495 1
1495 1964 1
306 1307 1
1307 1964 3
1964 7158 6
5083 1233 1
1233 5773 1
5773 306 2
306 7183 15
7183 1964 7
1964 4432 2
4432 2841 1
2841 6955 1
6955 889 1
889 401 1
401 3612 6
3612 4093 1
6456 3466 1
5175 4358 1
4358 3095 1
3095 1701 1
1701 556 1
556 2358 1
2358 5318 1
5318 3871 1
3871 4643 1
4643 7183 1
7183 2817 1
2817 4472 2
4472 5942 1
5942 952 1
952 1453 1
1453 306 1
5802 6505 1
6505 1964 1
1964 3307 2
3307 3526 1
3526 225 1
225 7158 1
7158 952 1
952 1207 1
1207 4420 1
4420 7296 1
7296 1259 6
7158 5318 1
3448 306 1
306 7005 3
1964 6378 1
6378 4193 1
4193 306 2
7183 3448 1
3448 3095 1
459 2817 2
2817 5773 5
5773 1482 2
1482 1754 1
1754 397 1
397 4688 1
7156 6538 9
2358 303 7
303 640 3
640 2789 2
2789 5944 1
5944 3302 1
3302 2345 2
2345 2021 1
1482 3302 1
3302 7159 1
7159 4686 1
4686 6770 1
6770 2841 1
4093 2340 1
2340 3842 1
5316 7158 1
7158 412 1
412 2841 1
3527 3090 1
3090 6221 3
6221 6941 1
6941 4688 1
7156 4435 3
4435 1657 1
1657 6941 3
6941 2236 2
7156 3871 4
2789 2841 1
2841 6633 6
6633 3027 1
3027 1 1
1 1259 5
1259 3871 1
3871 2358 4
2358 1979 3
303 1657 1
6941 5306 1
6506 1479 6
4558 2841 2
2841 6490 6
7156 2929 3
2929 3940 1
3940 520 1
5547 6263 1
6263 1482 2
1482 843 1
843 131 1
131 6420 1
926 3235 1
3235 303 1
1482 4206 1
3871 2236 2
2236 1979 1
3095 640 1
640 1207 1
1207 6917 1
6917 1 1
1 2051 1
2051 926 1
6476 3095 1
5837 306 1
7297 690 1
690 3284 2
3284 2817 7
2817 4101 5
4101 7077 1
7077 5802 1
1964 584 1
584 4832 1
4832 5891 1
5891 6476 1
6476 219 1
7142 2716 3
306 7077 2
7077 2817 1
2817 6728 1
5644 5328 1
5328 1964 6
634 3518 1
3518 306 1
7158 5376 1
5376 6082 1
6082 6405 2
7015 303 3
303 4101 1
4112 7230 1
7230 6485 1
6485 5547 1
1964 2615 1
2615 2841 1
6145 968 2
2841 1897 1
1897 2817 1
7017 1126 1
1126 1074 1
1074 5328 2
5328 1114 1
1964 5985 5
5985 2817 1
3808 5543 1
5543 1964 2
6490 4681 2
4681 4193 1
3408 6263 1
6263 7014 1
2817 5585 1
5585 3254 8
5959 3226 1
3284 3226 1
1403 3226 1
2841 6572 2
6572 2102 1
2102 3284 3
2817 5101 1
5101 2717 2
2717 1018 4
1018 3152 1
3152 1981 2
3528 6263 8
6263 843 2
843 2841 2
2841 6651 1
6651 131 1
131 6506 2
1964 460 1
460 303 4
303 183 1
183 1095 1
1095 3448 1
3448 3226 1
3467 1340 1
1340 3254 1
3254 219 4
219 2841 2
2841 5260 2
5260 3284 2
2817 2718 1
2718 5807 1
5807 2896 1
6263 7052 1
7052 1792 1
1792 6656 1
306 5683 1
5683 4022 1
4022 981 1
269 306 4
306 5807 2
5807 1538 1
1538 1145 1
1145 1 2
1964 6577 1
6577 6638 1
6638 7099 2
373 4387 1
4387 5676 3
5676 3095 12
6683 306 2
3284 6412 1
6412 2740 1
2740 3448 1
3448 3284 1
303 6485 1
6485 1981 1
1981 1018 6
3095 1350 1
1350 3226 1
3226 1902 3
1902 684 1
6134 2102 1
2102 408 3
408 7077 1
3506 1217 2
1217 7306 1
7306 778 1
778 2841 1
131 6656 2
6656 2123 1
2123 1204 1
1204 1964 1
1964 4428 1
4428 7059 1
7059 2841 2
1217 2841 1
2841 5256 1
5256 2802 1
2802 2314 1
1083 2021 1
1482 7092 2
7092 1259 1
1259 1464 1
1 2041 4
7306 1859 1
1859 306 1
306 2461 1
2461 2358 1
2841 3022 1
3022 3671 1
3671 640 1
640 981 3
4559 4206 2
5631 2461 1
2461 240 1
240 3527 1
5676 3527 3
3095 3293 3
3293 6490 1
6490 4870 1
4870 2293 1
2293 1403 2
1 1274 1
1274 1191 3
1191 3242 1
3095 5092 1
5092 7296 1
6412 6656 3
303 4192 1
4192 3259 1
5287 3095 10
7158 2461 1
2461 3095 1
3095 4870 2
4870 5676 1
5676 3854 1
3854 6889 1
6889 2841 1
5462 7306 2
7306 1558 1
1558 2841 1
2841 2452 1
2452 4443 1
1964 240 1
240 417 2
417 44 1
44 2021 5
2021 1444 1
1444 2021 1
2021 6636 1
6636 2021 1
2021 2757 1
2757 2451 2
2451 2021 1
7159 3854 1
3854 640 1
3095 1058 2
1058 240 1
417 1479 2
1479 6022 1
6022 3665 1
3665 2237 1
2237 1 1
3634 340 2
7296 6490 2
1502 580 1
580 6506 1
6506 4303 1
4303 2929 1
2929 1964 1
3467 4617 1
4617 7099 1
7099 6405 3
6223 1187 2
1187 1233 2
7156 3784 1
3784 4772 1
4772 3854 1
3854 1 1
1 3784 1
3784 340 1
340 6405 1
7014 712 1
712 2110 1
2110 1147 1
1147 4790 1
4790 1981 1
1964 3242 4
3095 240 3
240 3528 1
3528 417 1
417 6493 1
6493 4112 1
4112 3526 3
3526 2733 1
2733 3095 1
1058 303 1
303 1665 1
1665 4832 1
4832 5955 3
5955 684 1
3612 2817 2
2817 3400 1
3400 7297 1
7297 577 1
577 7054 1
7054 3284 1
3284 2997 1
2997 4101 1
684 6209 2
6209 5568 1
5568 3634 1
3634 7156 1
7014 3673 1
3673 3634 2
3634 1443 1
1443 3634 1
3634 44 1
1482 3634 1
3634 7092 1
7092 3259 1
3259 2097 1
2097 5462 1
2817 7296 9
7296 173 1
173 6775 1
6775 1964 1
5568 3673 1
3634 2520 1
2520 7307 2
7307 1964 1
1964 6929 1
6929 5930 2
5930 4809 1
4809 2817 1
2817 5779 1
7161 2129 1
6044 7015 1
7015 1 2
6456 2817 12
6223 2446 2
2446 2614 2
7306 5281 1
5281 7156 2
6405 2559 4
2559 764 1
764 4688 1
7156 2520 1
7307 570 1
570 3245 1
1 6929 1
5930 4640 1
4640 1482 1
3095 5890 6
5890 2694 1
7113 1144 8
1144 7113 1
7113 6575 3
6575 634 1
634 2817 2
2817 6710 1
6710 4320 1
4320 6878 1
6878 2358 1
2358 5142 1
5142 5934 1
5934 5419 1
5419 6889 2
6889 2021 1
2021 3737 1
3737 2841 2
2841 3282 1
3282 5934 1
5934 4374 2
409 570 1
2817 1539 2
1539 3808 1
3808 3177 2
3177 2841 1
3284 3229 1
3229 5807 1
5807 2817 1
2817 1858 1
1858 5838 1
5838 1066 1
1066 5662 1
5662 1070 1
1070 2754 1
1964 2534 1
2534 2107 1
346 2817 1
7183 1 1
1 4093 4
4093 4793 1
4793 6028 1
6028 565 1
565 2236 1
2236 660 2
660 2754 2
2754 2817 1
2817 460 1
303 7230 1
7230 5199 1
5199 5547 1
5547 608 1
608 1964 1
1964 841 1
841 5854 1
5854 6890 1
6890 4112 1
4112 3303 4
3303 3527 2
3527 6259 1
6259 344 1
5848 7286 1
7286 1233 2
1233 4188 1
4188 566 1
566 6618 2
6618 608 1
608 303 1
303 3871 1
2358 5294 1
5294 3302 1
3302 5852 1
5852 2817 1
2817 3203 1
3203 6476 1
6476 5198 1
3526 4832 2
5723 2754 2
2754 3871 1
303 460 4
460 3808 1
3808 7331 1
7331 3526 1
3526 5837 1
5837 2945 1
2945 7087 1
7087 383 1
383 3844 1
3844 6534 1
6534 2896 1
4832 2102 3
2102 3263 1
3263 662 1
662 2107 1
2107 2841 5
2841 2482 2
2482 459 1
303 2102 1
2102 2622 1
2622 7247 1
7247 538 1
538 219 1
219 2273 1
1964 2393 1
2393 5662 1
5662 4148 1
4148 2841 2
3526 6146 1
6146 6221 1
6221 7239 2
7239 3284 1
6412 964 1
964 1964 1
1964 3180 1
3180 1964 1
684 726 1
726 6405 1
6405 6398 1
6398 7156 1
2107 1964 12
1403 2634 2
2634 2841 1
2747 2693 4
2693 4832 1
4832 452 1
452 5292 1
5292 3871 12
2358 6534 1
6534 6405 1
6405 6708 1
6708 1964 1
1964 3473 1
3473 4643 1
5547 1868 1
1868 2841 1
1570 1964 1
4187 7156 4
6420 6412 5
6412 7306 3
5848 1117 1
1117 4996 1
6006 3226 1
7016 3526 7
453 2841 2
2841 5292 7
3871 2817 5
6626 3177 1
3177 1964 1
7014 6736 2
6583 3609 1
1114 6420 2
6420 2862 1
2862 1964 2
1964 6256 2
6256 1480 1
1480 67 1
67 293 1
293 6438 1
6438 6256 1
6256 981 1
1964 6235 1
6235 3219 1
2413 2586 1
2586 268 2
268 1114 1
1114 2181 1
2181 1 1
1 3213 1
3213 6633 4
3284 5576 1
5576 1530 1
1530 5280 1
5280 2586 1
268 1964 1
1964 2181 1
2181 2236 1
2236 3871 2
3871 2102 1
2102 2719 5
2719 2789 1
2789 5305 1
5305 1964 4
1964 1845 2
1845 1233 1
3254 5848 1
2789 1126 3
5014 1 1
7306 2817 2
293 4366 1
4366 7159 1
7159 6265 1
6265 1981 1
1981 2153 1
2153 2181 1
2181 5826 1
5826 3101 1
3101 1480 1
1480 7059 1
7059 4112 1
4112 5261 2
5261 1550 1
1550 7253 1
7253 2958 1
2958 3873 1
3873 2152 1
2152 640 1
640 196 1
196 4487 1
4487 7220 1
7220 1335 1
306 2694 2
2694 3528 2
3528 2984 1
2984 5882 2
5882 293 1
293 414 1
414 3226 1
3226 6245 1
6245 3528 2
5274 2456 1
2456 1479 1
1479 3527 7
3528 4547 1
4547 6329 1
6329 306 1
2166 5737 1
5737 1233 1
6855 4387 1
4387 2817 8
3095 3422 1
3422 401 2
401 3871 1
3871 3212 1
3212 6633 4
6055 6830 1
6830 293 1
293 6412 3
5955 1114 1
1114 3226 1
2231 3526 1
7296 2924 1
2924 4901 1
4901 603 1
1964 7018 4
4521 293 1
293 1114 4
1114 1699 1
1482 5049 1
5049 293 1
5662 7226 1
7226 6736 1
4647 293 1
293 4878 3
7159 7294 1
7294 6633 1
6633 293 7
293 4332 2
7296 5676 9
5676 7029 1
7029 2277 1
2277 3687 1
3687 7043 1
7043 3096 1
3096 7299 1
7299 1488 1
1488 7156 3
7156 6508 1
6055 1906 1
1906 3210 1
3210 1233 1
1233 4167 1
4167 3163 1
3163 3477 1
3477 5769 1
5769 3526 1
981 2906 2
2906 2107 1
2744 2622 1
2622 1964 1
4681 2754 1
2754 2107 1
5287 516 1
516 4388 1
4388 2817 2
2817 5292 1
2097 4341 1
4341 6277 1
6277 5662 1
5662 4773 1
4773 225 2
4859 2097 1
3527 4093 1
4093 3844 1
3844 6626 1
6626 1910 1
2945 1964 1
3808 4395 1
4395 306 1
6452 2817 1
2817 2242 1
2242 3910 1
4112 6763 1
6763 2841 1
2501 225 2
225 2097 1
2097 2153 1
2153 5624 1
5624 3623 1
3623 3093 1
3093 1357 1
1357 3264 1
3264 1964 5
1964 5511 1
5511 5631 1
5631 7158 2
7158 3259 1
3259 2987 1
2987 2841 1
2841 6419 1
6419 4688 1
7156 616 1
616 3095 1
459 3226 1
3226 1904 1
1904 5890 1
5890 2817 6
2817 3059 2
2841 1821 1
1821 2611 1
2611 1964 1
4448 1134 1
1134 1482 2
3467 7179 1
2817 3818 2
3818 3925 1
3925 1152 1
1152 3689 1
3689 3037 1
3037 1964 2
603 700 8
700 5681 2
5681 7135 1
7135 5938 9
5938 6683 1
955 5674 1
5674 5723 1
1502 2719 7
2719 6846 1
6846 994 1
994 1233 2
1233 7208 1
7014 3764 1
3764 6760 1
2481 1964 1
6740 7016 1
303 378 1
4093 2107 1
5966 2442 2
1823 1 2
981 3797 2
3797 3095 1
7306 5536 1
5536 7306 1
7306 1474 1
1474 3095 3
3095 1345 4
1345 1403 1
1403 994 1
994 3651 1
3808 1074 1
1074 630 1
630 1233 1
1233 6460 2
6460 7296 1
5418 5964 1
5964 6633 1
640 2906 1
2906 219 1
219 1403 1
1964 6633 4
640 4487 1
4487 5882 1
5882 7016 2
7016 1 4
6490 2749 1
2749 1345 1
1345 2841 5
2841 700 2
700 1479 2
1141 3259 1
2817 6633 10
4140 2994 1
2994 6633 1
6633 6209 1
6269 3095 1
3095 6380 1
6380 4786 1
4786 1964 1
1964 5265 1
5265 4264 1
4264 6633 1
6633 2097 2
2097 7297 7
7297 634 2
634 1233 2
1233 1268 1
1263 4093 5
4093 7306 5
2608 3101 1
1417 6538 3
6055 3226 1
6760 293 1
293 6456 2
6456 3290 1
6494 3620 1
3620 4187 1
6412 6626 2
6626 1188 1
1188 7306 2
306 6745 1
6745 2322 1
2322 1964 1
4570 2097 2
1964 4452 1
4452 1263 1
4589 4387 10
4387 2669 1
1964 5674 1
5674 3095 1
3467 2181 1
2181 455 1
455 306 3
306 5674 2
5674 2505 1
4432 7099 1
7099 5759 1
5759 4112 2
4112 5631 6
1964 3264 4
6263 2111 1
2111 1159 2
1159 3467 1
1206 306 3
5631 6625 1
6625 6941 1
6941 1 2
1403 5542 1
5542 7049 1
7049 306 2
989 7099 1
4432 1964 4
981 7299 1
7299 5631 1
5631 7133 2
7133 1114 1
1964 5921 5
5921 293 1
293 4970 1
4970 6633 1
6633 4261 1
4261 7099 1
4432 6506 1
6506 7335 1
7335 1964 1
684 4174 3
4174 3095 1
2906 157 1
157 7306 1
7306 1502 8
1345 1964 2
5287 7099 1
6941 5985 1
5985 1964 3
1964 3652 2
3652 2841 2
375 3095 4
1345 603 1
603 6736 5
6736 7296 5
6633 4763 2
4763 981 2
2744 5640 1
5640 1 1
5848 5993 1
2107 2223 1
2223 1 1
2817 3526 22
3095 3593 1
3593 1114 1
3095 5760 2
5760 3526 1
2817 3303 6
3303 6668 1
6405 1958 1
1958 4688 1
4688 6506 1
2817 5754 1
5754 6829 1
6829 3095 1
7016 603 2
603 1550 2
7156 3259 1
7306 4434 1
4434 6633 1
6633 3244 3
3244 219 1
219 1067 1
1067 3095 1
6223 1233 1
6460 6669 1
6669 5754 1
5754 5542 1
5542 157 1
157 3651 1
3651 1964 2
4332 1227 1
1227 3836 2
3836 7306 2
6490 7157 2
1964 2906 7
2906 5306 1
3526 5676 6
6668 6211 1
6211 7039 1
7039 1114 1
1114 7333 1
3526 6662 1
6662 6736 1
4729 6131 1
6131 6633 1
6633 1550 3
5938 1227 1
3095 1575 9
1575 4387 1
4387 1527 1
1527 5848 1
5848 7099 2
1964 635 1
293 679 1
679 3836 1
3836 3095 1
3386 2841 3
3526 508 2
508 4148 1
4148 6941 1
6941 2841 3
2841 6232 2
6232 1964 1
4386 2107 1
5287 6618 1
5676 5773 2
5773 157 1
157 1938 1
1938 1979 1
1979 1550 5
5892 4588 1
4588 2922 1
2922 7179 1
1144 6506 1
6506 3844 1
3844 6736 1
3808 2945 1
2945 6405 1
6851 4651 1
4651 516 1
1964 7157 3
3095 3059 1
3059 1964 2
4385 1699 1
1699 306 2
306 2181 2
2181 2107 1
2896 6447 1
926 3528 5
6263 6538 1
1403 1156 1
1156 3827 1
3827 6967 1
6967 1550 1
1550 6232 1
2236 3836 1
3836 1268 1
2747 2181 1
2181 5848 1
3526 6386 2
6386 696 1
696 6386 1
6386 3526 1
552 1 1
1 157 2
157 1550 1
3528 3259 5
6851 3528 1
3528 552 2
552 2107 1
6740 1570 1
1570 2841 2
383 2254 1
2254 1560 1
1560 306 2
5681 6700 1
6700 1964 3
3808 1485 3
1485 7156 3
6263 6044 1
6044 5660 2
5660 6894 1
6894 5631 1
5631 1550 3
1550 2374 1
2374 2254 1
2254 1964 2
455 3259 1
3259 1944 2
6263 4688 1
3528 4060 1
4060 475 1
3528 3891 1
3891 7306 1
7306 4593 1
4593 7156 1
4060 6506 1
6506 5366 1
5366 303 1
303 3100 2
3100 3528 1
3528 293 2
3095 6908 1
6908 4688 1
3095 1449 2
1449 6736 1
7306 3979 1
3979 1114 2
1964 2440 5
2440 293 5
293 2789 4
2789 1449 1
1449 5962 1
5962 6412 1
6412 5329 2
5329 3528 1
981 6486 1
1964 5816 1
5816 157 1
157 7016 1
7016 6668 1
6668 6461 1
6461 3526 1
7156 1345 1
1964 3426 2
3426 1345 1
1345 1126 1
1126 1479 4
3303 3665 1
3665 3526 2
3526 3090 2
3090 1339 1
1339 7296 1
3095 4530 3
4530 4626 1
2817 4644 1
4644 1114 1
6405 1910 2
3526 6706 1
6706 3526 2
2817 741 1
741 7296 1
6736 379 1
379 7306 1
981 4525 1
4525 7014 1
3526 6669 1
6669 1964 1
4525 6494 1
6494 3808 3
3808 6486 3
6486 5848 1
5848 3836 1
3836 4781 1
4781 6633 1
6633 450 1
6633 5145 1
5145 3290 1
1483 6493 2
6493 684 5
4615 1979 1
1979 4905 1
4905 3526 1
3526 4194 1
5848 837 1
837 7306 2
7306 6280 1
6280 7015 1
7015 3259 1
3259 2744 1
2744 5773 3
5773 1191 1
7255 1479 1
2906 603 1
5848 3219 1
3219 6405 1
6736 1002 1
1550 389 1
389 2841 1
7224 2236 1
2236 2744 3
5773 6490 1
1840 4303 1
4303 3251 1
3251 3095 5
306 6490 6
1502 634 4
634 3255 1
3255 3095 4
3095 5576 1
5576 347 1
347 375 3
375 1482 2
3095 375 2
375 1 2
6863 603 1
1417 2817 4
2817 4747 1
4747 6626 1
6626 4112 2
4112 2181 1
2181 1964 1
1964 1569 5
1569 414 1
414 2122 2
2122 1482 3
1482 3620 1
3620 1 2
6173 6491 1
6491 1 1
6538 4280 1
4280 7306 1
981 5068 1
5068 3095 2
219 1144 1
7077 2107 2
2107 3871 2
3871 5305 1
1845 4552 1
4552 6460 1
6460 6494 1
6494 6881 1
6881 1964 1
7296 470 2
470 2413 1
2413 3526 1
2747 7296 1
7296 2446 2
2446 7014 2
7014 7102 5
7102 6662 1
6662 2097 1
7156 6662 1
6662 7099 1
7099 2236 1
2744 3369 1
3369 1964 3
7296 6662 1
1964 1062 1
1062 1964 1
1964 960 1
960 3290 1
3290 2107 7
2107 4772 1
4772 7306 1
7306 2021 2
3207 1114 2
4349 6633 1
6633 4772 2
4772 1 1
1 344 7
344 3871 1
3871 3095 3
3095 5305 1
3095 1845 1
1845 7156 1
2789 4280 1
4280 7077 1
1144 6420 1
6420 459 1
2532 3290 2
2481 4625 2
4625 3528 1
3528 3735 2
6494 779 1
779 401 1
7005 4667 2
4667 1964 1
2097 3276 1
3276 6420 1
303 6451 4
306 4200 10
4200 3259 1
3259 1466 1
1466 7306 1
7306 732 1
732 7027 1
7027 7264 2
7264 1233 1
1233 2107 3
3526 3801 1
3801 538 1
538 2747 1
2747 2571 1
3526 5892 1
5892 1233 2
1233 3150 1
3150 315 1
1422 1114 1
1114 3799 1
3799 2841 1
3871 7054 1
7054 7181 4
7181 6664 1
6664 1964 2
3095 3794 2
3794 926 2
3528 2562 1
3095 5220 5
5220 3527 1
3527 506 1
5547 7157 1
2789 6057 1
6057 5662 2
5662 3871 7
3871 3467 1
7181 4893 1
4097 1 1
2817 2934 1
2934 2562 1
401 2435 1
2435 7214 1
7214 3528 1
3528 1569 1
1569 1527 1
1527 4165 1
4165 7306 2
7306 3422 1
3422 2501 1
6633 4773 1
4773 3085 1
3085 3634 1
1964 3797 1
3797 1026 1
1026 3634 1
4093 3210 2
3210 219 1
219 4093 1
3526 3659 1
3659 1964 1
1964 6819 2
6819 1 1
6626 3620 3
3620 6656 2
1858 1964 2
3264 4257 1
4257 3620 1
3871 5662 2
6412 7181 1
7181 3477 1
3477 5457 1
5457 5969 1
5969 303 1
3150 6456 1
6736 306 1
306 7156 1
7156 293 8
6490 3226 5
3226 6223 1
6223 2906 1
303 2934 3
2934 7297 1
7297 2562 1
2817 5676 4
303 3293 1
6223 5009 3
5009 4112 3
4112 4773 1
5676 6612 1
6612 1400 1
1400 1478 1
1478 1268 1
1263 2326 1
2326 2104 1
7156 5068 1
2622 3127 1
3127 3241 1
3241 1964 3
1964 4888 1
4888 2562 1
2562 1233 1
7156 1134 2
3526 2104 1
2104 1979 1
1979 3095 1
6405 233 2
1964 5835 1
5835 219 1
219 3207 8
3207 6044 1
6044 3597 1
3597 1 1
5848 684 2
1979 4688 1
3620 6490 1
2817 4893 3
4097 7296 1
6736 375 3
4625 1134 1
1134 2817 1
6223 2051 3
2051 2329 1
2329 7087 1
7087 5624 1
5624 3028 1
3028 3527 1
3527 1 10
4686 3023 1
3023 5016 1
5016 3827 1
3827 2097 1
2097 5734 1
5734 2611 1
2611 7060 1
7060 1550 4
1550 853 2
853 4688 1
3467 2374 1
2374 3526 1
6740 306 2
520 6506 1
2817 4279 1
4279 612 1
612 2097 1
1152 5993 1
5993 1964 1
1964 2562 2
2562 6626 1
7306 1466 2
1466 5326 1
5326 3527 1
6452 3290 1
1482 5793 1
5793 1964 2
3527 1570 1
1570 3259 1
5287 3691 1
3691 1152 1
1152 3467 1
1981 76 1
76 856 1
7179 3634 2
7306 2435 2
2435 1 1
3565 6669 1
6669 989 1
981 3914 1
3914 1134 1
1134 7297 1
7297 7128 1
7128 6941 1
6941 157 1
157 7157 1
459 3526 1
3526 261 1
2562 2702 1
2112 414 1
414 492 1
5676 1964 5
6838 7296 1
303 3836 1
3836 4686 1
4686 764 1
764 157 1
157 1964 1
1964 6494 9
6494 5820 1
5820 306 6
2562 3836 1
3836 5848 1
5848 6485 1
6485 994 1
994 1037 1
1037 3782 1
3782 7306 1
1466 6720 1
6720 1550 1
853 1263 1
6538 344 1
344 3596 1
3596 3259 1
6626 157 1
157 5848 1
5848 4194 2
4194 1 1
6633 3422 1
3422 3207 1
3207 1 7
6494 3207 3
3207 1947 2
3526 1339 2
1339 4832 1
4832 3164 3
3164 1964 2
3620 3290 1
4386 2122 1
6495 240 1
240 82 1
82 1 1
1 1196 2
1196 3610 1
3610 4631 1
4631 1 2
3095 1291 4
6788 2789 1
1291 3259 1
3259 2906 1
2817 1569 1
1569 7297 2
1196 1979 1
1979 1964 2
3528 779 1
1981 2562 1
4625 3385 1
2181 1152 1
1152 1550 1
3528 1862 1
1862 4688 1
7156 2387 1
2387 303 1
6259 7113 1
7113 4480 1
4480 7306 1
7306 3818 2
3818 306 4
1233 6494 8
6494 330 1
330 652 1
652 1550 1
7306 6344 1
6344 3265 1
3265 3981 1
3981 389 1
389 1964 2
2817 3783 1
3783 1263 1
1263 402 1
402 2817 1
1376 3095 1
3095 5084 1
5084 3226 1
5938 1126 1
1126 7264 1
7264 233 1
1126 432 1
432 2817 1
2817 298 1
298 5880 1
5880 506 2
6476 306 2
306 2839 1
6489 5102 1
2717 2251 1
2251 1964 1
1964 2717 1
2717 3873 1
3873 2326 1
2326 1482 1
1482 5794 1
5794 1964 1
3818 7179 1
1550 6244 2
6244 3634 1
3634 5292 1
3871 6639 1
6639 4186 1
4186 3526 1
3254 6740 1
5326 6456 1
306 116 5
116 1964 1
1944 7296 1
7296 2236 2
2817 3732 2
3732 4112 1
6476 7179 2
2841 6580 1
6580 7144 1
7144 306 1
1152 5624 1
5624 2841 1
2841 5793 1
5793 5716 1
5716 2053 1
2053 6941 1
6941 1964 2
2817 4552 1
7156 2790 1
2790 6969 1
6969 5754 1
5754 2562 1
6456 3085 1
3085 4546 1
3528 4893 3
1502 4097 2
4097 2107 1
1964 6461 1
6461 6626 1
1233 451 1
1550 397 5
2817 5221 2
5221 341 1
341 1550 1
5754 4093 1
4093 6506 1
6506 6456 2
5287 4348 1
4348 7297 1
7297 2790 4
2790 5418 1
3150 7306 2
4332 2107 5
7296 6275 1
6275 1126 1
1126 1259 2
1259 6664 1
6664 3818 1
6412 111 1
111 4470 1
4470 1417 1
1417 4745 1
4745 1944 9
1944 2789 5
5676 2237 1
2237 303 1
303 76 1
76 3101 1
3101 7306 1
7253 6494 1
3095 4547 5
4547 1964 2
6506 6683 5
6683 3449 1
3449 6490 2
6490 5789 1
1964 4996 1
131 843 1
843 2021 1
2021 3235 1
3235 7179 1
2841 6244 2
6244 306 1
303 7013 1
7013 6173 1
6173 6633 1
6633 500 1
5662 2562 1
7306 4878 2
7159 4386 1
4386 2051 1
2051 7099 1
7099 5217 1
5217 1569 1
1964 6132 4
6132 3528 1
401 7158 2
7158 2744 3
303 4148 1
4148 4686 1
2236 4892 1
4892 3528 1
3528 634 1
634 3259 1
303 3211 1
3211 2821 1
2821 5890 1
5890 3565 1
3565 3082 1
3082 1066 1
1066 2841 1
5287 5238 1
5238 4811 3
4811 1307 1
1964 6981 1
6981 1964 1
1964 3228 1
3228 3095 4
3226 3449 2
3449 1333 1
6134 2817 2
2817 3204 1
3204 506 1
3095 4389 3
4389 2532 3
2532 926 3
926 3449 2
3449 2021 1
2021 3090 1
3090 4093 4
4093 5068 1
5068 3808 1
634 3828 1
3828 1307 1
1307 2942 1
2942 3999 1
3999 3259 1
3259 6631 1
6631 684 1
3095 5519 1
5519 1964 1
1964 2754 2
2754 684 1
684 4122 1
4122 2107 1
344 306 3
306 634 2
634 3467 1
3467 6412 2
6412 662 1
662 455 1
455 608 1
608 7160 1
7160 7118 1
7118 2841 1
2817 5889 2
5889 6618 1
6618 7296 2
4093 1263 3
2817 3378 2
2236 3565 1
3565 3910 1
603 608 1
608 2841 1
2841 4772 1
4772 131 1
131 1721 1
1721 3449 2
1502 6618 1
6618 1964 8
3735 2562 1
2562 303 2
1263 4467 4
4467 1577 1
1577 1274 1
1274 2358 1
2358 578 1
578 2891 1
2891 2841 1
2817 5708 1
5708 684 1
306 2472 3
2472 2841 1
1233 4101 1
4101 4681 1
4681 1134 1
1964 1654 1
1654 6941 3
3526 6683 6
7156 6740 2
6740 5102 1
5102 2716 1
921 3448 1
3448 4387 1
378 4686 1
7306 451 2
1964 2990 1
2990 6618 2
926 1014 3
5723 2236 1
7306 4296 1
4296 185 2
185 4389 1
4389 1482 1
1482 6581 1
3449 843 1
1003 7296 1
303 1020 1
1020 7306 1
7306 3999 1
3999 1055 3
1055 3162 1
3162 889 1
889 6538 1
1014 3448 2
7306 4545 1
4545 4112 2
6476 5101 1
2717 7306 4
7296 1014 1
219 3869 1
3869 7306 2
7306 3412 2
3412 3869 1
3869 553 1
553 3795 1
3795 926 1
1502 6135 1
6135 6256 1
6256 306 1
2934 3526 1
2841 162 1
162 3526 1
3526 6134 3
6134 5721 2
5721 989 2
989 2841 5
2262 7306 2
7306 5287 2
6575 6498 1
6498 3526 1
306 4086 2
3081 5648 1
5648 3526 1
649 2107 1
2107 669 1
669 4686 1
4686 455 4
455 7156 16
7306 4706 1
4706 7013 1
7013 1916 1
3095 4068 2
4068 2633 1
2633 7156 2
981 3853 1
3853 1964 2
1964 2635 2
2635 1964 2
1964 5819 1
5819 1964 1
3565 679 1
679 3526 1
3290 303 1
6633 6405 6
6405 5445 1
5445 6656 1
6656 401 7
401 295 1
295 3191 1
3191 3369 1
3369 2115 1
2115 7156 1
1502 5662 3
3528 6412 4
6412 5959 3
5959 3528 1
7296 700 20
700 6256 1
6256 2841 1
2841 3869 2
3869 1114 1
981 6256 1
6256 3808 1
1289 6514 1
6514 7306 1
1964 2152 1
1964 487 1
487 1964 1
3904 4531 1
1964 2585 1
2585 1964 1
6256 1964 1
1964 6220 1
6220 2654 1
2654 1 1
5287 295 1
295 7156 4
1964 1086 1
1086 1964 1
1964 3880 1
3880 7306 1
6405 195 1
195 2107 1
2107 6221 1
6221 1233 1
1233 7009 2
7009 1964 1
2789 7195 1
7195 1196 1
1196 2993 1
1964 2949 1
2949 2102 1
2102 674 1
674 1964 1
1964 4560 1
4560 2107 1
3526 7195 1
7195 3259 1
3526 2737 1
5287 981 1
3095 4509 1
4509 293 1
3528 2693 2
2693 2655 1
2655 1530 1
1530 2107 2
1 1538 2
1538 1550 3
1018 926 1
926 3207 3
3254 2045 1
2045 1964 1
5662 2440 6
2440 5938 1
5938 5848 3
6223 1126 1
1126 1550 4
1550 684 7
684 3526 6
3526 2709 1
2709 7306 1
981 6626 1
7306 3908 1
3908 3526 1
5848 3528 3
3528 4558 2
6412 6739 2
6739 99 1
99 2440 1
7296 1114 4
1114 3528 5
3528 3853 1
3853 2635 1
2635 5818 1
5818 1964 3
1964 2725 2
2725 1104 5
1104 1964 1
65 700 1
700 4340 1
4340 6618 1
6618 5662 1
5754 3869 1
3869 2446 1
2446 7296 2
7296 6618 1
3871 2841 1
2841 2122 1
2122 7296 6
1114 6626 3
6626 6506 1
6506 3467 11
2107 3213 1
3213 2841 1
2841 314 1
314 5895 1
5895 1114 1
1114 1026 3
1026 2107 3
3528 6618 3
4558 5848 1
2841 2713 2
2713 3290 1
3290 5400 2
5400 3095 2
3095 3013 1
3013 1482 1
293 1026 2
1026 6633 3
6633 2747 7
2747 193 4
193 347 1
303 1527 3
1527 1479 1
3528 3772 5
3772 3095 3
711 2107 1
2744 5892 2
5892 1114 3
4558 3808 1
3808 5131 2
5131 2725 1
1104 303 1
1033 306 1
306 286 1
286 3290 1
303 6420 2
6420 306 7
1 2097 3
408 4347 1
4347 5662 2
5754 3119 1
3119 2841 1
2841 2298 1
2298 3869 1
3869 3281 1
3281 2097 1
5754 4302 1
4302 2725 1
2725 2107 1
3527 1575 1
1575 6916 1
6916 3528 1
3528 4676 2
4676 2329 1
2329 397 1
3528 3709 1
3709 6476 1
6476 2716 1
1144 5198 1
3871 2326 1
2326 609 2
609 1964 7
1964 3870 1
3870 5662 1
5662 3119 1
3119 1964 2
1964 2587 3
2587 4690 1
4690 1 2
1104 1550 1
1550 7160 1
7160 6898 1
6898 1964 1
5681 3871 1
3871 7113 1
7113 7077 2
7077 4626 2
6066 2817 1
2817 4347 2
4347 2841 6
2841 3090 5
3090 7182 1
7182 3259 1
6740 6405 1
1715 5292 1
6494 2952 1
2952 2841 3
684 6133 1
6133 2413 1
2413 157 1
157 6757 1
6757 6412 1
7014 2633 4
2633 7014 1
7014 293 5
7306 6881 1
6881 501 1
501 3526 1
3526 4772 2
4772 1026 1
1026 193 2
193 7306 4
1530 3254 1
4277 3095 7
3095 5965 5
5965 1 1
4686 7156 1
700 6223 1
3290 2817 4
2817 2402 1
2402 6506 1
6506 5547 1
5547 6420 4
6412 7230 1
7230 3244 1
5964 603 1
603 3853 1
2906 2293 1
2293 1268 1
131 7157 1
7157 2817 1
2817 4530 1
4530 7306 4
3467 6791 1
6791 4066 1
4066 4760 1
4760 7306 2
1104 5848 1
3244 5418 1
5418 3095 1
6490 1906 2
1906 6656 2
3527 1480 2
1480 1456 1
1456 6405 1
3526 5407 1
684 6863 2
6863 7306 1
131 2716 1
3229 1964 2
1964 5116 1
5116 674 1
674 7159 1
7159 5773 2
5773 1 5
981 2107 7
6412 6448 1
6448 1964 1
6476 6412 1
6412 5838 2
5838 3095 1
6245 1964 5
1964 5014 4
5014 6299 1
6299 2097 1
2097 3869 1
3869 6405 1
6405 1479 3
1479 700 11
700 6456 3
6456 4347 2
4347 7306 2
1964 4347 6
4347 1474 1
1474 1114 1
1964 4893 4
4893 4349 1
4349 1 1
1502 4781 1
4781 450 1
450 1770 1
2789 6438 1
6438 3671 6
3671 3095 1
141 2691 1
2691 1104 1
1104 7306 1
3527 1456 3
1456 7009 1
7009 64 1
64 6633 7
6633 7125 2
7125 6405 1
1456 4631 1
4631 6299 1
6299 566 1
3772 5717 1
5717 2097 1
2097 1751 1
1751 7113 1
7113 7140 2
303 6963 1
6963 5848 1
5848 6420 3
6420 7158 1
7158 5722 1
5722 6633 1
6633 5892 1
5892 2097 2
7009 3526 1
684 1770 1
1770 1964 2
3095 2310 2
2310 3526 1
3526 1867 2
1867 6748 1
5959 5848 1
3526 4080 1
4080 824 1
824 1964 1
1964 1368 2
1368 306 1
306 117 1
117 2693 1
2693 5418 1
5418 7102 2
3526 6851 2
1263 1018 3
4116 267 1
267 3090 1
3090 2698 1
2698 7306 1
2841 3449 1
3449 1 1
6506 6256 1
6256 5905 1
5905 1550 2
1550 6700 3
6700 7306 1
7306 4142 5
3385 5820 1
2562 5056 1
5056 331 1
7179 7221 1
7221 3506 1
3506 131 2
4686 6174 1
6174 2669 1
2669 1399 1
1399 84 1
84 7306 1
7306 6855 1
6855 6506 1
6506 6493 1
6493 2236 1
2236 3869 1
3869 3719 1
3719 3634 2
3634 4968 1
4968 3259 2
3259 571 1
571 981 1
3808 5003 2
5003 7156 2
6405 6986 1
6986 2002 1
2002 7297 1
7297 76 1
76 347 1
347 2624 1
2624 2440 1
2440 6223 2
6223 293 11
293 3302 1
3528 1568 1
1568 7306 1
7158 340 1
340 5005 2
7296 6748 1
6748 3527 1
2862 1007 1
1007 293 1
293 6447 1
7306 4524 1
4524 6412 1
6412 2685 3
2685 4688 1
570 684 3
684 1274 1
1274 7099 1
7099 2601 1
2601 4524 1
4524 682 1
682 2685 1
2685 1114 1
1114 2790 1
2790 3290 2
3290 306 1
306 6621 7
6621 6223 1
459 1964 6
1964 5292 1
3871 3526 3
3526 2663 1
2663 4202 1
4202 684 1
684 956 1
956 1964 1
1964 956 1
956 7306 1
7306 6006 2
6006 1126 1
1126 306 3
4667 261 1
261 1 3
6223 1055 1
2097 3871 4
6044 1845 1
1845 1964 1
1466 2532 2
3620 1527 1
1527 7306 1
3412 2419 2
2419 3871 1
3871 4423 1
4423 3162 1
3162 3259 1
3095 3651 4
3651 684 1
2741 7306 1
6223 1488 2
1488 76 1
76 3259 1
4332 1479 1
3528 3244 2
3095 1485 3
1485 6490 1
3528 1485 1
1485 4686 1
4686 4389 1
4389 3869 1
3792 2841 1
5547 2992 1
2992 482 1
482 1964 1
2236 5568 1
459 5662 1
5662 3869 1
3869 3999 1
1055 1964 4
3444 455 1
455 3528 2
3528 1473 2
1473 553 1
553 3871 1
3871 794 1
794 926 1
926 6626 1
6626 3615 1
3615 2725 1
1104 1 1
344 1455 1
1455 7009 1
7009 3528 1
3528 4539 1
4539 5890 1
5890 4380 1
4380 4820 1
4820 1964 1
1964 3869 1
3869 2990 1
2990 2097 1
7306 2953 1
2953 2841 2
2841 397 4
1964 6277 1
6277 4450 2
4450 506 1
5547 5068 1
5068 2738 1
2738 634 1
634 4809 1
7102 4389 1
4389 6941 1
4093 6656 1
2236 4389 2
4389 6490 1
7306 2716 1
1550 6638 4
6638 2236 1
7306 1352 1
4093 3099 1
3099 3085 1
3085 6740 1
6740 5728 1
5728 2841 1
2841 600 2
600 2817 1
3626 6173 1
6173 4093 4
4093 4691 1
4691 2562 1
1964 1814 3
1814 2107 1
2107 6667 1
6667 5125 1
5125 2817 2
2817 3995 1
3995 684 1
684 1270 1
1270 2891 1
2891 7181 1
7181 2841 2
3871 6420 1
3494 1964 2
1964 5685 1
5685 1964 5
1964 3466 1
1964 4076 1
1403 414 2
2737 2226 1
2226 4249 1
4249 6593 1
6593 1964 1
6575 7334 1
7334 5826 1
5826 6412 1
6412 196 1
196 2817 1
1233 1482 2
303 5826 1
5826 3494 1
3494 3904 2
3904 6099 4
6099 1263 1
1263 408 2
408 2817 3
2817 316 1
7306 7154 3
570 2817 1
2817 3133 1
3133 5026 1
5470 1233 2
1233 3302 1
401 7156 7
7156 5064 1
5064 2841 1
3869 1964 1
1964 6088 1
6088 3526 1
3526 2439 1
2439 7156 1
1964 2929 1
2929 4901 1
4901 1 1
3526 3651 4
3095 1507 9
1507 219 1
219 3241 1
3241 4901 1
4901 1233 1
1233 5470 1
6538 2719 2
2719 2236 2
306 5624 1
5624 1 1
3526 5075 1
5075 3385 1
3385 2097 3
2097 4093 9
3207 3526 4
6274 6405 1
6456 2435 1
2435 7102 1
7102 293 2
293 1191 1
1191 3226 1
3226 2306 1
2306 4688 1
3095 6132 1
6132 6405 2
3526 6881 1
6881 1 1
2441 3526 1
3526 6132 2
6405 3645 1
3645 1344 1
1344 7157 1
7157 4490 1
3526 2892 1
2892 1 1
6420 2725 1
6811 2862 1
2862 5048 1
5048 3526 3
7301 7156 1
303 4772 1
4772 3526 1
4742 640 3
640 295 3
295 4772 1
4772 989 1
5270 1910 3
1910 1259 1
1259 3116 1
1323 7154 2
7154 1233 1
1233 5005 2
5005 2338 1
2338 5005 1
5005 940 1
940 1964 18
5005 1046 1
1046 5005 1
2107 5246 1
5246 3528 1
3528 3461 2
3461 306 2
306 2122 6
2122 1538 1
1538 5613 1
5613 1964 1
2107 2928 1
2928 1402 1
1402 324 2
324 364 10
364 324 1
324 5730 9
5730 1964 1
1964 324 3
324 2713 2
2713 501 1
501 2730 1
2730 1233 1
1233 6506 1
950 6427 1
6427 6405 1
6405 684 8
7296 2104 2
2104 3526 2
3526 2607 1
2607 1 1
2737 7306 2
1126 3226 2
3226 5005 2
5005 2440 2
2440 1981 2
5965 3242 1
3242 2413 1
2413 2107 1
2107 5005 1
5005 7045 1
7045 6070 1
6070 1114 1
1482 4349 1
4349 455 1
455 2338 3
2338 306 3
306 2173 1
2173 2271 1
2271 1479 1
3528 1979 4
1979 306 4
6361 1 1
1 5882 3
5882 2338 1
2338 4487 1
4487 1491 1
1491 5882 1
5882 4487 1
4487 5848 1
7306 1114 4
1114 7018 2
7018 6638 1
1335 1479 2
3526 437 2
437 5882 1
7016 6251 1
6251 1964 1
1964 4487 1
4487 637 1
637 3526 1
1910 1 1
1187 929 2
2906 6494 1
6494 750 1
750 5831 1
5831 5779 1
2841 6586 2
6586 603 1
684 3207 1
3207 375 1
375 5131 1
6586 3290 1
3290 2789 2
2789 1479 1
1479 550 1
550 6405 1
6405 4347 1
2841 550 1
550 1 1
306 3612 3
3612 634 2
634 3254 2
1187 2021 1
2021 3804 1
3804 2021 1
2021 7263 1
7263 5966 1
1550 7255 1
2817 649 1
4116 968 1
968 3259 1
1550 2820 1
2820 6304 1
6304 3873 1
3873 2264 1
2264 1964 2
2841 4811 1
4811 2693 1
2693 1114 2
1114 981 5
634 1479 1
3528 5912 1
5912 3528 1
3528 1837 1
1837 1389 1
1389 5662 1
5662 3865 1
3865 1 1
1479 1187 1
1187 3095 3
3095 4383 1
4383 6405 1
6405 2338 1
2338 5131 1
5131 361 1
361 5622 2
5622 401 1
401 989 3
6490 219 1
219 5163 1
5163 306 2
306 910 2
910 926 1
926 5163 1
910 1 1
6412 910 1
910 7296 2
926 2338 2
2338 1206 1
1206 5754 1
5754 1512 3
1512 3213 1
5964 5005 3
5005 910 1
910 6656 1
6656 6070 1
6070 3526 1
1512 6656 2
303 7170 1
3095 2709 1
2709 1114 1
375 7306 1
1964 4362 3
4362 910 1
7296 7159 1
7159 635 1
635 3852 1
3852 4525 1
4525 3290 2
1964 7255 4
7255 1502 1
1502 6656 4
306 1221 1
1221 1114 1
1417 7297 3
5681 1512 1
1512 684 1
634 5627 1
5627 1 1
7296 7255 1
7255 6506 1
7156 6070 1
6070 303 1
303 3904 2
3904 2795 3
2795 2841 3
5723 7306 3
7297 3226 1
2841 1079 2
1079 3095 2
373 1964 1
4729 1114 2
5306 6795 1
6795 7099 3
7099 6223 2
6223 1538 1
6412 2101 1
2101 3207 1
6223 6795 1
7099 450 1
1964 4658 1
4658 2357 1
2357 1587 1
1587 1 1
1 1868 1
1868 3526 1
3526 6489 1
6489 1964 3
1964 4408 1
4408 3526 1
1964 1693 2
1693 3526 1
644 3526 2
5723 7296 2
7306 3634 6
3634 5676 1
5676 340 1
340 5964 1
5964 7306 1
293 6420 3
6420 340 1
340 3226 1
3226 981 2
303 2795 1
2795 4659 1
4659 3526 1
3526 2041 1
5287 6044 1
6044 960 1
960 4523 1
4523 2107 1
356 5394 1
5394 2731 1
2731 4569 1
4569 3290 1
5473 604 1
604 959 1
959 3254 1
4878 6633 1
6506 4636 5
7156 4488 3
4488 5217 1
5217 7297 2
7297 3900 1
3900 303 1
3467 1516 1
1516 1 4
303 1403 3
1403 1516 1
7306 6070 1
6070 1 1
7297 1335 1
1335 2731 1
2731 700 1
700 3303 2
3303 981 1
3526 324 3
324 7156 1
1187 7306 1
293 2906 1
2906 6171 1
6656 6101 2
6101 7094 1
7296 1335 1
3526 3044 1
3044 6999 1
6999 306 1
306 7053 1
7053 1964 1
1964 6123 1
6123 6795 1
5773 293 3
6405 3207 3
3207 1502 2
7306 240 1
240 1335 1
1964 5393 1
5393 3526 1
3526 4569 1
4569 3467 1
3467 4467 1
4467 3664 1
3664 6633 1
6633 1 4
1403 6538 2
6538 1516 1
1516 603 1
6438 6070 2
6070 7016 1
7016 5773 3
5773 5662 1
5538 7306 1
6169 2446 1
2446 986 1
986 4468 1
4468 1335 1
1335 347 1
347 2841 2
3527 3254 2
2456 1 1
7156 986 1
986 4467 1
4467 5538 1
5538 1114 1
1550 2709 1
2709 4468 1
4468 3254 1
1141 293 1
293 3290 2
3095 4552 6
7102 303 5
3527 193 1
193 3095 1
4552 2440 1
7306 6499 1
6499 5005 3
6438 303 2
303 2236 3
2236 1480 1
1480 5998 1
5998 6405 1
6412 4661 1
4661 3241 1
3241 5998 2
5998 3207 2
3207 6159 1
6159 347 1
3095 2002 2
2002 4468 1
4468 1 1
1 2002 2
2002 7052 1
7052 2731 1
2731 1 1
7297 6158 1
6158 2789 1
2789 6775 1
6775 3467 1
3467 4468 1
4468 6405 1
6405 1947 3
1947 306 1
3164 3226 1
2154 2745 1
2745 3207 1
3207 6633 7
3095 5473 1
6070 929 1
108 6633 1
1944 981 4
3527 6438 1
1944 6490 2
6490 1944 1
2747 3044 1
3044 303 1
7296 1134 1
1134 2906 1
2906 968 1
968 303 1
6538 2122 2
2122 6656 9
6656 7296 3
7296 6070 1
6070 4857 1
4857 450 1
450 2996 1
2996 7099 1
6656 2358 1
2358 401 2
3467 5538 2
5538 2021 1
2021 1144 10
1144 3213 1
3213 6412 1
6223 5538 1
5538 260 1
260 3207 1
6223 3526 5
3526 5779 2
2789 4371 1
7156 5538 1
5538 2906 1
2906 1360 1
1360 1 1
5261 2709 1
2709 5538 1
5538 96 1
1340 6493 1
6493 2296 2
2296 1191 1
7156 2731 1
2731 5394 1
5394 2899 1
2899 7156 1
7156 2360 1
2360 684 1
5274 2737 1
2737 3620 1
3620 3467 4
5538 219 1
219 3467 1
3467 2622 2
2622 1259 1
1259 6070 1
6070 7296 1
3467 7125 1
7125 7306 1
462 6412 3
6412 3116 3
3116 1479 4
1479 421 1
421 3526 1
3526 7159 3
7159 306 2
989 6405 3
6405 7296 10
6736 3255 1
3255 3772 1
3095 706 1
706 3226 1
3226 3634 1
3634 3467 3
3116 6070 1
6070 6405 1
3095 1367 1
1367 6493 1
7306 3915 1
3915 5329 1
5329 2841 1
1403 2338 1
2338 1 7
1 6070 1
6070 3609 1
4408 5470 1
3526 5005 2
5005 2609 1
2609 2358 1
306 1120 2
1120 634 2
634 3748 1
3748 989 1
306 6948 1
6948 1964 1
5005 3526 8
3526 2622 2
2622 6370 1
6370 6405 1
6405 2928 2
2928 1378 1
1378 2358 1
2358 6494 1
6494 1333 1
303 7044 1
7044 1 1
4618 306 2
6643 981 1
1964 6789 5
6789 103 1
103 1 2
1403 981 2
3526 6661 4
6643 1964 1
1964 6133 1
6133 269 1
293 6735 1
6735 306 4
29 603 1
7015 6506 3
3526 6626 9
6626 3095 12
2440 1407 1
1407 2338 1
2338 6656 1
2817 347 2
347 3207 1
3207 4763 1
4763 929 1
929 3207 1
1947 1964 3
1964 1332 1
1332 1259 1
303 1187 5
7306 4745 6
1944 3152 1
3528 4659 1
4659 306 1
306 4455 1
4455 1 1
1403 6906 1
6906 7099 1
981 4712 1
4712 7156 1
5306 6949 1
6949 981 1
4112 3090 1
3090 1114 1
1114 1233 1
293 3226 4
4552 1981 1
5938 603 1
1114 3786 1
6405 4488 1
4488 3095 1
1944 3786 1
3786 6506 1
2227 7154 1
7154 5005 1
5005 2091 1
2091 6424 1
6424 1 1
603 1479 3
1479 4284 1
2097 6633 3
6633 7099 1
6171 3866 1
3866 693 1
693 6946 1
6946 6633 1
7156 4332 1
4332 3254 1
4332 450 1
1964 6571 1
6571 3526 1
92 6490 1
1480 1479 1
3095 125 1
125 4371 1
4371 7306 2
7306 3116 2
3116 6405 4
5626 1114 1
3095 5625 1
5625 7296 1
7296 5131 5
5131 1947 1
1947 981 1
981 2532 1
2532 700 1
700 4712 1
4712 6405 2
6171 4728 1
4728 3526 1
6169 6506 1
6506 4712 1
4712 5985 1
5985 6633 1
6633 219 5
7016 7173 1
7173 2109 2
2109 5962 1
5962 1233 1
1 2369 3
2369 6791 1
981 4541 1
4541 3207 1
1 2333 2
1964 2333 3
2333 3095 2
2369 981 2
981 4414 1
4414 2021 1
2021 2333 1
2333 4112 1
4112 2367 1
2367 3207 1
6405 4435 7
4435 7156 1
981 4595 1
4595 375 1
375 347 1
347 2296 1
2296 375 1
4435 7158 1
7158 2369 1
2369 1964 2
2333 981 1
3095 4541 1
4541 3290 1
293 2296 2
2296 6405 3
1964 6949 1
6949 3161 1
3161 981 1
4112 1403 6
2817 981 1
7156 5848 7
2369 5306 1
5306 7099 2
7099 3207 1
6405 1874 2
1874 1502 5
1502 2369 1
981 4728 3
4728 1 1
2333 5306 1
7099 2021 2
2021 3527 1
3527 2369 1
2369 2296 1
2296 3226 1
3226 6490 1
3226 1403 1
1403 6405 1
4728 2021 1
2021 4417 1
4417 1 1
1 6949 1
6949 7099 1
3207 7099 1
7099 3290 1
1502 7125 1
7125 3526 1
4728 603 1
5848 6626 1
7156 3219 1
3219 4585 1
4585 6499 1
6499 5662 1
5662 3116 3
3116 684 2
5274 3526 1
3526 3255 1
3255 5233 2
5233 3095 2
3095 881 2
881 450 1
1964 4102 1
4102 2817 1
2817 1417 4
3284 1268 1
1263 2105 2
2105 2841 1
2841 1045 1
1045 7252 1
7252 2022 1
2022 926 1
926 3435 1
3435 607 1
2727 6506 1
1964 7016 12
7016 4093 1
4093 2817 4
2817 5048 1
5048 5820 1
4347 331 1
4112 3435 1
3435 6420 1
6420 5752 1
5752 7252 4
7252 1964 3
233 2817 2
3219 3290 2
2841 690 1
3284 6180 1
6180 6621 1
6621 1964 3
2817 5568 5
5568 4996 1
2097 1791 2
2468 3627 2
3627 3095 2
3095 1481 1
1481 1502 1
1502 1134 1
6621 1 1
7306 4340 3
4340 306 1
7098 2097 2
2468 1206 1
1206 2890 1
2890 389 1
389 968 1
7156 1126 5
1964 4861 2
4861 4093 3
4093 6534 1
6534 3467 1
3467 6515 1
6515 5192 1
5192 7306 1
7306 3352 1
3352 389 1
389 553 1
553 3467 1
3467 2468 1
2468 185 1
2097 520 1
520 3259 1
3259 6476 1
6476 1906 3
1906 303 4
5838 7156 1
7156 2468 1
2468 818 1
2318 3828 1
3828 4093 1
4093 4545 2
4545 1134 2
7156 6621 1
6621 6208 1
684 1113 1
1113 1964 2
6405 3190 1
3190 1964 1
1964 1546 1
1546 7156 1
2104 5662 1
5662 4460 1
4460 3095 1
2789 1158 2
1158 5662 2
4093 6740 1
306 1145 5
1145 7179 1
7179 3254 1
5326 7306 1
7098 3905 1
3905 2841 1
2325 6344 1
6344 397 1
3081 3729 1
3729 7098 1
7098 3095 1
3095 4231 1
4231 7306 1
7156 4362 1
4362 3526 1
3526 3658 1
3658 4275 1
4275 5662 2
7306 3081 4
3081 5323 1
5323 389 1
389 6506 1
6506 5631 3
7306 6612 1
6612 3634 2
3634 557 1
557 1964 2
2789 4239 2
4239 3783 1
3783 7306 1
7306 5789 9
1502 5221 2
5221 1298 1
1298 4093 1
4093 1207 1
1207 342 1
342 3706 1
3706 684 1
684 1979 2
1979 7015 1
7015 4387 1
4387 3527 3
3095 2306 1
2306 4112 1
4112 306 1
1964 7220 1
7220 7179 1
7179 306 5
7306 493 1
493 306 1
306 1110 2
1110 125 2
125 6621 2
4676 682 1
682 4802 1
4802 3302 1
3302 6538 3
6538 926 1
3076 1055 1
1055 1417 1
986 6538 1
6538 968 2
968 2952 1
2952 3829 2
3829 3706 2
3706 2021 1
5987 1964 3
5217 7306 2
7306 3203 2
3203 4112 1
644 3106 1
3106 303 2
5831 5939 2
7306 2400 3
2400 1964 3
4958 3694 1
3694 2000 3
2000 1346 1
1346 1466 1
5968 2399 1
6223 392 1
392 7306 1
4450 306 1
6259 1 8
5676 4959 1
4959 3095 1
3095 5335 1
5335 2532 1
2532 2399 1
2399 6014 1
6014 3565 1
3565 5966 1
5966 2399 2
1964 3496 1
3496 7306 1
7306 1464 2
1464 6044 1
3095 6618 1
1 1569 1
1569 618 1
618 1 1
5287 968 1
968 7306 1
1569 490 1
490 1964 2
3565 3123 1
3123 6735 1
6735 4688 1
684 2420 1
2420 6490 1
1 2401 1
2401 303 1
5968 684 1
634 5198 1
5198 3925 1
3925 7306 2
1417 7018 3
7018 293 7
7297 1422 1
1422 1291 1
1291 165 1
165 306 1
5878 1114 1
1114 2274 1
2274 293 1
293 684 5
634 4112 1
1291 1964 1
7297 5082 1
5082 6489 1
6489 2669 1
2669 2399 1
2399 5699 1
5699 7306 1
6495 1 1
684 1055 1
2399 4365 1
4365 5779 1
5779 6626 1
1785 2021 1
2021 7296 1
7296 2441 1
2441 1403 1
1403 2403 1
2403 2021 1
2021 7306 2
4142 2419 1
2419 7306 1
261 397 2
397 5966 1
3565 2403 1
2403 3565 1
3565 4365 1
4365 7306 3
6506 306 7
306 1402 5
1402 2693 1
6456 2399 1
2399 3095 2
3095 6797 3
6797 6506 1
684 2681 1
2681 2693 2
7306 3681 1
3681 4387 1
4387 2399 1
2399 4112 1
4112 4633 1
4633 3565 1
3565 608 1
608 7306 1
7156 2562 1
2562 4142 1
4142 3276 1
3276 506 1
6476 3828 1
3828 1947 1
1464 2446 1
2446 2906 1
2906 1479 3
1233 2403 1
2403 1 2
3095 2123 1
2123 4096 1
4096 2236 1
2236 6621 1
6621 7306 1
7306 4097 2
4097 5291 1
5291 306 1
306 994 1
994 4688 1
6621 3095 2
3095 5968 3
5968 4540 1
4540 684 1
2104 1403 1
1964 1903 1
1903 4303 1
4303 2399 1
2399 684 1
6797 1964 1
7113 2130 2
2130 2719 2
7306 2952 1
2841 2426 1
2426 131 2
5662 217 1
217 1203 1
1203 4721 1
4721 306 1
6621 2841 1
2841 2220 1
7306 3640 1
3640 490 1
1134 2669 1
2669 2345 1
2345 926 1
926 283 1
283 520 1
520 6412 1
302 6420 1
6476 7113 1
7113 5795 1
5795 7306 1
7306 6014 1
6014 4558 1
6621 2419 1
6263 6489 1
6489 6456 1
5831 3181 1
3181 5962 1
2107 166 2
166 2747 2
2747 5811 2
5811 1964 4
1964 2104 4
2104 1126 1
1126 3259 1
1449 4387 1
4387 3529 1
3529 3095 2
3095 3761 1
3761 6118 1
6118 6712 1
6712 1964 2
2659 2841 2
2841 684 6
684 5631 3
5631 7297 2
7297 2426 1
303 3626 1
303 4112 4
3526 6259 3
6259 7296 1
700 3095 24
3095 3706 1
3706 2358 1
2358 2744 1
2744 3362 1
3362 1550 1
1217 2719 2
2719 2841 3
3626 5506 1
5506 3044 1
3044 219 1
219 2517 1
1964 4435 1
2841 6412 6
6412 3626 1
3626 3526 1
303 2789 1
2789 306 1
306 5263 1
5263 2716 1
7102 306 1
7229 2719 1
2719 1333 2
303 5256 2
5256 7306 1
5831 6486 3
6486 3043 1
3043 6896 1
6896 7306 1
7306 5400 1
5400 6807 1
6807 506 1
6476 5662 1
5662 5891 1
5891 7143 1
7143 2716 1
7077 3259 1
7296 3419 2
3419 3095 1
1719 2998 1
2998 2104 1
269 2562 1
2562 6245 1
6245 3829 1
3829 520 1
520 3181 1
3181 1 1
1479 2677 1
2677 2717 1
2717 2345 1
2345 6490 1
6490 1126 1
1433 1859 1
1859 1417 1
1910 2526 1
2526 2345 1
2345 1 1
5676 2526 1
2526 7296 1
3095 4990 2
4990 1479 1
700 1417 9
7156 3285 1
3285 2841 1
6621 3256 1
3256 3095 2
3095 6275 1
3095 3473 1
3473 4579 1
4579 5676 1
5676 7018 1
7018 5381 1
5381 6493 1
6493 6748 1
6748 3506 1
3506 4495 1
4495 7306 1
684 2403 1
2403 634 1
634 2942 1
2942 5966 1
5966 3694 1
2000 1350 1
1350 3680 1
3680 7306 1
7306 4579 2
4579 4101 1
4101 2841 2
2841 994 1
994 6506 1
1502 4558 1
4558 1333 1
306 7052 1
7052 973 1
973 3627 1
3627 4688 1
7156 5997 1
5997 455 1
3303 6259 2
6259 7098 1
7098 6490 2
6490 2676 1
2676 6746 1
6746 5153 1
5153 2669 1
2669 3528 3
6490 7018 1
7018 1964 2
7156 3706 1
3706 186 1
186 4688 1
7156 5968 1
520 4082 1
4082 3302 1
3302 6338 1
6338 1964 1
682 2808 1
2808 4837 1
131 6627 1
6627 6190 1
6190 3706 1
3706 7306 1
7306 5702 1
5702 1964 1
5966 219 1
219 2399 1
2399 6006 1
6006 4579 1
4579 1294 1
1294 3526 1
3526 2046 1
2046 7296 1
303 4098 1
4098 7102 5
7102 1002 1
1550 190 1
190 3449 2
455 7158 5
7158 1902 2
1902 6405 1
6405 2696 1
2696 1964 1
1964 2681 2
6405 298 2
298 1964 1
7084 7306 1
1207 1134 2
1964 5287 3
5287 5263 2
5263 7306 1
4893 5837 1
5837 3770 1
3526 7158 1
3095 2952 1
2841 3627 3
3627 7306 2
4093 1333 1
303 6490 2
1191 3054 1
3054 2841 1
1 3259 1
3259 6490 1
3526 1121 3
1121 6819 1
6819 293 1
293 609 2
1964 2399 2
293 5968 1
5968 3526 1
3203 302 1
302 7098 1
7098 3162 1
4195 7306 1
269 3565 1
3565 790 1
790 3829 1
3829 3689 1
2693 6506 1
3241 2399 1
2399 7306 1
219 3249 1
3249 3095 1
1233 2952 1
3829 2345 1
2345 1964 1
3526 2435 1
5568 2531 1
2531 3829 1
3829 1262 1
1417 1830 1
1830 7306 2
7306 2296 10
3095 6022 10
6022 6506 1
6405 7017 2
7017 6135 1
1691 3290 1
5779 434 1
434 7018 1
7018 2841 1
303 1643 1
1643 3095 1
3467 2720 1
2720 4688 1
5125 1897 1
1897 7327 1
5845 6621 1
6621 5468 1
5468 1964 1
3203 2326 1
609 4112 4
4112 219 2
2004 5547 2
5547 6006 1
2789 4587 1
4587 926 1
6082 1 1
2236 3081 1
3081 7160 1
7160 4944 1
4944 6490 1
6490 5997 1
5997 5937 1
5937 5187 1
5187 3127 2
3127 5547 1
6275 7230 1
7230 1964 4
1964 2517 2
2517 4112 1
3303 131 1
131 5506 1
5506 1111 1
1111 1964 1
1964 842 1
842 6230 1
6230 3026 1
3026 7306 2
2789 5478 1
5478 4832 1
1897 7306 1
6683 7177 1
7177 5258 2
5258 2841 1
520 7306 3
7306 4190 1
4190 1550 3
2236 1294 1
1294 6490 1
6490 7296 4
7296 3494 2
3494 641 1
641 5759 1
500 1144 2
1144 243 1
243 4686 1
6683 1482 1
1482 5258 1
5258 1964 2
3528 6494 5
6494 4190 1
4190 4686 1
5287 6692 1
6692 4767 1
4767 7296 1
303 4093 1
4093 2236 1
4093 1233 5
989 3829 1
3829 2262 1
2262 1 3
1 4773 1
4773 5631 2
5631 4472 1
397 1403 1
1403 397 1
397 303 1
303 5943 1
5943 1964 1
401 4093 2
4093 1737 1
1737 496 1
496 2543 1
2543 1964 2
1964 6336 1
6336 1947 1
6494 4558 2
306 3930 1
3930 7306 1
7098 6778 1
6778 3829 1
3829 4093 8
4093 4206 1
5681 3276 1
3276 6656 1
3081 1915 1
1915 4704 1
4704 4686 1
981 7286 1
1233 5306 2
5306 7306 2
7306 6847 1
6847 7156 1
5304 1026 1
1026 4518 7
4518 3240 2
3240 7296 1
929 1964 2
3095 6881 1
6881 6633 1
1906 1126 1
374 6375 1
6375 5131 1
374 1127 1
6633 6375 1
6375 4698 1
4698 3207 1
1191 6633 1
4510 378 1
378 1527 1
1527 1964 7
1964 1911 5
1911 6412 1
1502 2107 5
684 6412 3
1502 5915 1
193 7156 3
6633 1233 3
1233 799 1
799 6633 1
2532 799 1
799 926 1
7306 799 1
799 2236 1
2789 799 1
799 6405 1
6633 3203 2
3203 6412 2
6412 7107 1
7107 2107 2
2107 7107 1
6633 212 1
212 269 1
7156 378 1
1964 269 1
303 929 1
6930 4188 1
4188 6633 1
950 4187 1
950 5306 1
5306 6633 3
6633 3245 1
3095 6897 2
7306 6897 1
6897 1114 1
7296 3245 1
3245 7306 1
6897 2446 1
2446 7306 3
6996 4631 1
4631 929 1
929 6626 2
6626 1476 1
1476 7160 1
3095 2481 1
1114 2789 2
3095 7306 5
3095 6626 2
6626 1 2
1482 927 1
927 603 1
5848 4525 1
6633 1906 5
1906 1191 1
1191 7332 1
7332 1 1
603 2745 1
2745 6656 1
6633 2845 1
2845 6221 1
6221 1423 1
1423 6656 1
2440 6656 3
3651 5306 1
3095 1473 1
1473 306 5
7098 5662 1
5662 389 4
389 4861 1
4093 2097 3
2468 3829 1
3706 3207 1
4112 1473 1
1473 2097 3
2097 2122 1
1482 2468 1
2468 3241 1
3241 2468 1
453 6633 1
453 2468 1
2468 2841 2
3706 3290 1
1502 347 1
347 389 1
389 6096 1
6096 4093 1
1964 5095 3
5095 306 1
6621 306 2
2122 6621 1
2122 306 1
6538 5676 4
5676 2358 2
6633 2403 1
7306 2403 2
2817 1785 1
1785 6190 1
6190 3627 2
3627 1964 1
2817 5702 1
5702 5662 3
5662 1357 4
1357 1 1
7156 5702 1
5702 4688 1
3076 347 1
347 6405 1
1502 3059 1
3059 3829 2
3829 7054 1
7054 2472 2
2472 7297 1
5681 3626 1
1964 1477 1
1477 3772 1
3772 711 1
711 7171 1
3095 4690 1
4690 5306 1
5306 3095 4
1191 6372 1
6372 3095 1
6405 5306 1
5306 603 3
6626 3254 1
4546 3241 1
3241 7306 1
455 6621 1
6621 3226 1
3226 3626 1
570 3241 1
3241 5230 1
5230 3095 1
303 5585 1
3254 2817 4
6633 5831 2
5831 401 2
1964 642 1
642 5068 1
5068 2719 1
2719 1217 2
1217 2107 1
6633 6847 1
6847 1114 1
1114 1333 2
6494 2983 1
2983 6633 1
634 3095 2
2789 1947 1
7296 4962 1
4962 1114 1
1502 684 2
7296 2789 6
2789 4962 1
4962 306 1
306 1217 2
2719 1 4
644 4962 1
4962 1502 1
1502 5287 2
5287 3254 2
3254 7296 5
303 1114 5
1502 929 1
929 347 3
7331 455 1
455 3095 5
2532 5274 5
5274 7331 1
7331 2021 1
3095 7331 1
7331 3254 1
303 7333 1
7333 1944 4
1944 4688 4
634 303 5
1233 2766 1
2766 2719 1
2719 5261 2
5261 1333 1
303 3314 1
3314 4686 1
2481 929 1
929 2789 1
1964 4962 1
4962 6506 1
6506 6668 1
7306 193 2
193 1479 1
7306 2237 1
2237 455 3
6412 6722 1
6722 6082 1
3242 7306 3
3095 6856 1
6856 306 1
6082 2107 1
5287 7156 1
6412 295 2
6082 6494 1
6494 6856 1
6856 6506 1
303 413 1
413 6082 2
6082 3294 1
3294 5470 2
684 4112 4
4112 4615 2
4615 1233 1
1233 5221 1
5676 2295 2
2295 6506 2
6506 1910 1
1910 4906 1
4906 4686 1
6456 2906 2
2906 2080 1
2080 6082 1
6082 4688 1
3526 4625 1
4625 2817 1
306 4794 1
4794 3904 1
3904 3706 1
3706 7296 1
7296 7099 1
7016 2817 1
2817 1270 1
1 6476 1
6476 7296 1
7296 1403 1
3526 6209 2
6209 3649 1
3649 2399 1
2399 7296 1
7296 4794 2
4794 2358 1
2358 634 1
634 4666 1
4666 2817 1
2817 5758 1
5758 1964 1
3095 4647 1
4647 4587 1
4587 3528 1
2817 4925 1
4925 3205 1
3205 501 1
7158 1982 1
1982 3634 1
99 2472 1
2472 3627 1
3627 7296 1
7296 3191 1
3191 2358 1
2358 1067 1
1067 2817 1
2817 1479 1
2817 5761 1
5761 5662 1
5662 3216 1
3216 7099 1
570 5662 1
5662 682 4
1411 4112 1
4112 1479 1
303 6032 1
6032 3095 1
1191 3259 7
3528 3983 1
3983 1964 1
1964 1388 2
1388 3528 1
3528 6493 5
2817 711 2
1981 6621 1
6621 3829 1
3829 5731 1
5731 7230 1
306 5752 2
219 6656 2
2817 3241 3
3241 3191 2
3191 4112 1
4112 303 1
7306 3946 2
3946 2841 2
4093 303 2
6451 3634 1
3634 6631 1
6631 3259 1
6456 3099 1
3099 3565 1
3565 5523 1
5523 3290 1
2481 1233 1
684 7015 2
7015 5509 1
5509 981 1
7253 7156 1
7156 1947 5
7306 4388 2
3526 3829 2
3829 6094 3
2543 2841 1
1964 3829 3
3829 5943 1
5943 397 1
397 6456 1
6456 3528 3
3701 303 1
459 1233 1
1233 4187 2
4187 3829 1
6094 4686 1
7306 4686 2
3565 3829 2
6094 413 1
6405 2389 1
2389 1809 1
1809 6656 1
6656 3898 1
3898 306 1
989 7156 1
3526 3240 3
3240 2499 1
2499 2789 1
2789 706 1
706 3526 1
3526 3772 1
3772 1964 3
1964 6086 1
6086 306 2
1233 6086 1
6086 3526 1
3526 4187 1
7306 4967 1
4967 6740 1
3095 6785 2
6785 1964 2
7253 1947 1
5848 2236 2
6858 1055 1
1964 1896 1
1896 6633 1
1814 6656 1
5131 5811 1
5811 5396 2
5396 303 1
303 1488 1
6633 5095 1
5095 1 1
3565 6626 2
6626 1527 1
1911 7306 1
7156 7170 3
1769 1037 1
1037 303 3
303 6223 1
3264 6633 1
6633 7051 1
7051 1 1
6506 630 1
630 1114 1
1114 2778 1
2778 989 2
989 6211 1
684 2808 1
2808 1411 1
1411 1964 1
1964 1411 1
1411 6538 1
6538 7099 1
2358 5754 1
5754 1402 1
1402 6373 1
6373 1097 1
1097 3829 1
3829 989 1
4271 3528 1
3528 3829 1
3829 5979 1
5979 3526 1
3526 666 2
1964 4564 1
4564 306 2
7183 1699 1
1699 6618 1
219 5662 1
3095 5328 3
1287 7306 1
7306 4743 4
4743 5779 2
5779 6412 2
6412 4261 1
4261 7156 1
7156 1037 1
303 7051 1
7051 3526 2
3526 3264 3
3264 2553 1
450 5754 3
5938 3385 2
3385 5068 1
303 2719 2
2719 5256 1
5256 4809 1
7102 7306 6
7306 3950 1
3950 5779 1
4386 6802 1
6802 3925 1
3925 3116 1
3116 3477 1
3477 7306 1
1126 3256 1
3256 3302 1
1485 1964 1
1485 219 1
3095 5406 1
5406 1114 1
293 2778 1
2778 3526 1
989 1479 1
6405 3325 1
3325 2817 1
2817 5126 2
5126 4742 1
1964 6588 1
6588 306 2
306 5234 4
5234 4374 1
409 5108 1
5108 6006 1
6006 609 1
609 1257 1
1257 4093 1
2358 6433 1
6433 2717 1
2717 108 1
108 2295 2
2295 5937 1
5937 4723 1
4723 5172 1
5172 2841 1
2102 2295 1
2295 4093 2
4112 7142 1
7142 1257 1
1257 397 1
397 1947 1
1947 4096 1
4096 1333 1
2622 6577 1
6577 7099 1
7099 2817 2
2817 3049 1
3049 2841 1
3164 5261 1
5261 217 1
217 7183 1
7183 1287 1
1130 3467 1
3467 3634 1
3634 1403 1
1403 4643 1
4643 1014 1
1014 2354 1
2841 3303 2
3303 2295 1
2295 6263 1
6263 4112 2
4112 7216 1
7216 5662 1
5662 6935 1
6935 726 1
726 3526 1
1718 7296 1
3095 7259 1
7259 5270 1
5270 4096 1
4096 2841 1
6412 4093 3
2817 1345 2
1345 6476 1
6476 1263 1
2004 1964 2
6626 2843 1
2843 3335 1
3335 1964 1
1964 3284 5
3284 5774 2
5774 1437 1
1437 5547 1
5547 1906 2
3527 131 1
131 6230 1
6230 6263 1
6263 1110 1
1110 2517 1
3467 5035 1
5035 3226 1
3467 3449 2
3449 2817 1
2817 5328 2
5328 3050 1
3050 2105 1
2105 6748 1
6748 2817 1
3526 2021 2
3207 2236 1
2236 1263 1
3526 1352 1
1352 7306 1
6748 981 1
981 6420 1
401 3506 1
3506 1215 1
1215 1340 1
1340 1 2
1479 3448 1
3448 4181 1
4181 6490 1
2107 6748 1
7156 5055 1
5055 2717 2
1018 1233 1
6420 5931 1
5931 500 1
1144 217 2
217 5547 2
603 4760 1
4760 1964 1
459 1 2
2789 4389 1
269 2817 3
2817 5055 1
2717 3626 1
3565 4555 1
4555 306 1
5681 5547 1
5547 7296 2
7296 667 1
667 1233 1
6494 6170 1
6170 7156 1
1187 4525 1
4525 2906 3
303 4996 1
131 2107 2
3449 1964 4
6420 7156 2
7156 2747 7
3671 3620 1
2841 7182 2
7182 4112 1
4101 3904 1
7306 6748 3
6748 1130 1
1130 2532 1
2532 1263 1
2105 1233 2
2934 7156 2
7296 3178 1
3178 2821 2
2821 6405 2
2817 777 1
777 4112 1
4112 6596 1
1501 1187 1
1187 303 4
3219 6506 3
6506 968 2
3303 2236 1
4389 1018 1
5061 3526 3
6736 3530 1
3530 2862 1
2862 3095 2
5061 347 1
347 2107 2
6683 2105 1
2105 6405 1
6405 306 2
2719 6223 1
6223 5752 1
5752 7099 4
1479 5061 1
5061 6490 1
6490 3565 3
3565 3818 1
306 5268 1
5268 7252 1
6420 5188 1
5188 5750 1
5750 7170 1
3095 2102 5
2719 3526 2
3526 645 1
2403 603 3
3526 2105 2
2105 3259 1
3095 2156 1
2156 6490 1
7296 3496 1
3496 190 1
6490 5732 1
5732 1964 1
3565 6836 2
6836 6257 1
6257 2105 1
3526 259 1
259 6490 2
306 1494 2
1494 6490 2
306 7003 2
7003 3769 1
6405 5890 1
5890 303 3
2841 5750 4
5750 1964 1
6494 5848 2
700 259 1
6456 6086 1
1191 5890 2
303 5752 2
5752 1 2
2440 306 4
2296 6038 1
6038 6656 1
303 3222 1
3222 1964 1
6405 1728 1
1728 7156 1
3095 3075 1
3075 5779 1
5779 4408 1
1126 6840 1
2693 1263 1
6412 1187 1
6456 603 1
603 4552 1
2789 3226 2
2719 1575 1
1575 7306 1
7306 1523 1
1523 2107 1
2107 3448 1
3448 7306 1
6209 5779 1
5779 515 1
515 7156 1
470 347 1
7306 6680 1
6680 1233 1
1233 3634 3
3526 1686 1
1686 7000 1
7000 6506 1
3095 4524 3
4524 6038 1
6038 684 1
684 6437 3
6437 1964 1
1964 6437 1
6437 7306 2
3526 97 2
97 2789 1
293 1268 1
2562 1263 1
5848 2293 2
2293 7296 1
303 4767 1
4767 1964 1
1964 3647 1
3647 7306 1
2789 603 2
303 1606 1
1606 6038 1
6038 7209 1
7209 7306 1
6633 5773 3
5773 102 2
102 2725 1
6811 347 1
6633 455 2
2107 6727 1
6727 3527 1
3527 3116 1
5848 3226 3
5938 7156 1
102 6218 1
6218 1550 1
6633 3527 5
3527 6405 8
6405 3324 1
3324 3527 1
3527 6633 4
6633 6906 2
6906 1044 1
1044 6906 1
6906 2107 1
2107 2906 6
2906 5779 1
400 303 1
303 2097 3
6633 1270 2
1270 2107 1
2107 6791 2
6791 3254 1
4098 3527 1
3095 5773 8
5773 7306 3
6405 6307 1
6307 7156 2
7156 7018 1
7018 4510 2
4510 7306 3
96 416 2
4112 4093 7
5626 5779 2
6494 96 1
4093 2717 1
2693 2102 1
3526 4311 1
4311 1964 1
2105 7306 3
7306 5183 1
5183 3025 1
3025 6544 1
6544 5216 1
5216 1964 2
7296 306 5
3494 2105 1
1502 6789 1
5662 6305 2
6305 1233 1
1233 1074 1
5328 684 2
5779 3526 1
7252 3526 1
3526 3904 3
3904 1321 2
1321 3081 1
3081 2312 1
2312 1196 1
3095 2083 1
2083 1958 1
1958 3226 1
1469 7059 2
7059 1 2
2236 2943 1
2943 5882 1
5882 3292 1
3292 6490 2
6490 775 1
775 5754 1
1512 5662 1
5662 6924 1
926 1538 2
1538 2725 1
6811 1 1
4686 3528 15
3528 338 3
338 5662 2
303 5270 1
775 3303 1
3303 5538 1
1479 6999 2
6999 3095 2
1867 3528 1
3528 5048 2
5048 6490 1
3526 4228 1
4228 2118 1
2118 5 1
5 7158 1
3528 770 1
770 3634 1
5329 6656 1
6145 2807 1
2807 96 1
96 4809 1
4809 3526 1
3526 3242 3
3095 4634 5
4634 293 1
6405 5328 1
5328 700 1
700 4636 1
4636 6506 1
3526 3953 1
3953 3634 1
3467 2821 6
2821 7156 2
5752 3124 1
3124 981 1
981 6221 2
6221 4628 1
4628 1141 1
1141 3116 1
3116 3840 1
3840 3526 1
401 5631 1
5631 603 3
7156 1417 6
1417 883 1
883 1479 1
1479 1183 1
1183 5765 1
5765 108 1
108 6085 1
6085 7297 1
5681 3116 5
7156 4524 1
4524 107 1
107 344 1
344 2855 1
2855 7024 1
7024 1964 1
1964 1891 1
1891 7156 1
3526 6768 5
6768 5754 1
5754 5538 2
3528 6999 1
1964 3241 5
3241 7034 1
7034 3634 1
453 7306 2
3326 5966 1
3634 1233 1
1233 6412 3
6259 3239 1
3239 6038 1
6038 3079 1
3079 7306 2
7306 2813 1
2813 5238 1
4811 4387 1
4387 2942 3
3527 1114 4
1114 3609 1
3609 6633 1
4408 347 1
347 1482 1
3095 4374 2
4374 7306 2
2789 4347 1
1964 1889 1
1889 7306 1
6186 6855 1
1964 4146 1
4146 1964 1
1435 6223 1
2614 684 1
2747 3453 1
3453 5937 1
5937 5631 1
5631 6015 1
6015 7306 2
6223 968 3
1126 7160 1
7160 2975 1
2975 5005 1
5779 2942 1
2942 1721 1
1233 2400 2
2400 2817 1
2817 6132 1
6132 929 1
929 6132 1
6132 5851 1
5851 1964 2
1964 4108 1
4108 3634 2
3634 5284 9
5284 7296 2
7296 1274 1
1274 6221 1
6221 2105 1
7098 4187 1
4187 6006 1
6006 1944 1
1944 1233 2
2789 1482 2
3095 2105 1
2105 3526 1
649 4871 1
4871 7098 1
7098 4472 1
1262 5754 2
6221 2463 1
303 2831 2
2831 5831 1
5831 4211 1
7306 397 1
397 1 2
7306 3782 1
3782 2400 1
2400 652 1
652 5890 1
5198 4386 1
4386 4108 1
5284 303 1
303 2403 1
684 2002 1
2002 929 1
6456 5752 2
926 1483 3
1483 7306 5
303 3586 1
3586 1479 1
3095 3526 5
684 929 1
929 5773 1
5773 1233 3
3242 6633 1
1575 929 1
929 6412 1
6412 1402 1
1402 6656 2
6456 6633 3
1964 517 3
517 1468 1
1468 1402 1
6656 6211 5
1055 6209 1
6209 1981 1
5835 6143 1
6143 1345 1
3526 3259 2
5848 6656 1
1964 5631 3
5631 3561 1
3561 6456 1
1055 1478 1
1478 1964 1
1944 5278 1
5278 7306 2
7156 4347 1
4347 2021 1
3095 5278 1
5278 2236 1
3792 7179 1
5262 1233 1
2400 566 1
566 3526 2
3526 1481 6
1481 379 1
379 6221 1
6221 929 1
929 1468 1
1468 125 1
125 1232 2
1232 2358 1
3346 6211 1
1233 3290 1
5131 3217 1
3217 6223 1
6223 3477 1
5773 3161 1
3161 3653 1
3653 1 1
5287 4101 1
4101 7322 1
3164 1144 1
1144 7099 1
5630 3528 1
3528 3614 1
6494 3467 1
6169 7156 2
4093 981 1
6494 5662 2
5662 7296 15
7296 4093 3
4093 1114 3
6385 2798 1
2798 2841 1
3164 1480 1
1480 401 1
3467 6385 1
6385 455 1
2532 3298 1
3285 5697 1
5697 5251 1
5251 3116 1
3116 566 1
566 3772 1
3772 7170 1
7170 843 1
843 2004 1
2004 6656 1
6633 2440 2
6420 125 1
125 2021 1
2021 7177 1
7177 7306 1
6186 3651 1
3651 7016 1
303 6506 4
6506 5938 2
5938 3240 1
1979 5662 2
5662 7317 3
7317 5662 1
5662 2719 8
7306 5836 1
5836 6026 1
6026 5662 3
5662 1433 1
3528 5470 2
5470 6506 1
6506 7024 1
7024 3095 1
3095 6968 1
6968 6290 1
6290 4098 1
4098 1892 1
1892 3259 1
3259 455 1
3254 6656 6
764 2659 1
981 125 1
125 3290 1
5676 4347 1
4347 4636 1
4636 1114 1
6736 4350 2
4350 981 3
347 6420 1
6420 2747 1
3854 4530 1
450 4093 1
275 1263 1
926 6941 2
6941 1014 2
1014 2841 1
3526 215 1
215 1964 2
2635 6494 1
6494 1964 6
1964 2830 1
2830 64 1
7125 450 2
450 2817 2
2817 3150 1
3150 2633 1
2633 3290 1
1417 4530 1
4530 2906 1
2906 7060 1
7060 5754 1
5754 397 1
397 4347 1
7306 4994 1
4994 1964 1
3528 2953 1
397 4626 1
3528 5773 5
5773 1147 1
1147 444 1
444 397 1
5848 3854 1
3854 303 1
303 700 4
700 3808 2
3808 170 3
170 684 1
684 6734 1
6734 2107 1
6506 4581 3
4581 1377 1
1377 4093 1
3095 4206 1
4206 5835 1
5835 4263 1
4263 2122 1
2122 3207 1
3207 644 1
644 7163 1
7163 7160 1
7160 1 2
1 5847 1
5847 2633 1
5662 6438 2
3604 3528 1
3528 3999 1
1055 1263 1
4093 6456 2
6456 3608 1
3608 6044 3
6044 3162 1
3162 3904 1
3904 5848 1
5848 2633 1
2633 6633 2
6633 630 1
630 7156 1
6656 6438 3
3671 981 1
981 4763 4
4763 6633 1
6633 1502 5
5848 6385 1
6385 7135 1
3095 259 1
259 2817 2
2817 5280 1
5280 193 4
193 6656 1
2906 4339 1
4339 186 1
4093 700 1
700 6506 4
6506 450 1
275 4350 1
4350 7306 1
700 261 1
261 389 1
389 4164 1
4164 3385 2
3385 1242 1
1242 4164 1
4164 1527 1
1527 981 2
981 3467 1
3467 3528 2
3528 4142 1
4142 2922 1
2922 1207 1
1134 2633 1
2633 5145 1
5145 404 1
404 7125 1
450 233 1
233 2107 5
3095 2972 1
2972 1788 1
1788 404 1
404 6656 1
6438 3853 1
3853 7124 1
7124 3607 1
3607 603 1
7156 2633 2
2633 1964 1
7296 4817 2
4817 1944 1
6633 2817 3
2817 6186 1
6186 3095 2
5848 7016 1
684 3939 1
3939 1114 1
5676 680 1
680 7306 1
7306 5418 2
5418 401 1
401 6405 1
6493 6734 1
6734 1964 1
1964 259 1
2817 103 1
347 7296 13
4349 4763 1
4763 2817 1
6633 3808 1
3808 1488 6
1488 6506 1
2122 7253 2
7253 4546 1
4546 2817 2
2817 3607 1
3607 209 1
209 3095 1
7017 5962 1
5962 7306 3
7156 1187 8
1187 6633 1
5014 4996 1
6490 5293 1
5293 684 1
684 343 1
343 5102 1
5102 1482 1
1482 2716 3
1145 506 1
6420 6683 1
6683 1018 1
1018 2841 3
2501 131 4
131 6493 1
6493 303 4
6740 5729 1
5729 1 1
6223 5116 2
5116 7158 3
700 4530 3
4530 981 1
5595 3489 1
3489 1964 1
1964 1494 1
1494 3095 1
303 1422 2
3565 1291 1
1291 306 1
1270 7016 1
7016 6405 3
6736 3791 1
3791 3634 1
3634 2817 4
2817 1482 5
2841 1145 1
1145 303 1
303 2600 2
2600 6618 1
6245 1481 1
1481 7296 1
641 2520 1
2520 5870 2
5870 5962 1
5962 6438 1
3671 2862 1
2862 102 1
102 7306 1
6736 455 2
4137 603 1
603 5993 1
5993 7306 2
7306 2212 1
2212 1953 1
1953 2768 2
1145 1335 3
7297 1364 2
1364 450 1
450 2236 1
185 2296 1
2296 5662 2
5662 3090 3
3090 6259 1
6259 4263 1
4263 6633 1
6633 3610 1
3610 1114 1
5662 3607 1
3607 6494 1
6494 7259 1
7259 4098 1
4098 5676 1
1944 4194 1
4194 3864 1
3864 5848 1
5848 1403 2
1403 603 1
603 1482 3
1482 1145 2
1145 3634 2
2841 1364 1
1364 5188 1
5188 2633 1
5773 2107 6
2107 2730 1
2730 3864 1
3864 6633 1
981 6493 2
4615 1114 1
1114 2633 1
2633 375 1
375 3290 6
3290 5188 1
5188 401 1
1479 926 1
926 6683 1
6683 97 1
3116 1896 1
1896 2841 1
4532 1964 1
1964 6966 1
6966 3526 1
7296 1196 1
1196 1141 1
1141 5188 1
5188 6385 1
1 97 1
4647 3095 1
6830 3528 1
4347 1134 2
4093 7161 2
3808 5866 1
5866 347 1
7156 4659 1
4659 3217 1
3217 1964 4
1964 4546 1
3095 3068 4
3068 3242 1
3242 4659 1
4659 6405 1
5662 2630 1
2630 985 2
985 7297 1
3068 6490 1
6490 6736 1
6736 4626 1
3095 1817 1
1817 3240 1
3240 1964 2
1114 3526 5
3095 4491 3
4491 4686 1
4332 5662 3
5779 4655 1
4655 1 1
65 6633 1
6633 4660 1
4660 2107 2
2906 1964 1
741 293 1
6633 7014 4
7102 5789 1
5789 3207 2
4097 7306 1
4097 5779 1
7161 293 1
293 2107 2
5789 2122 1
1502 6495 1
6495 6209 1
6209 1187 1
2107 4435 7
4435 2236 1
2236 3634 1
6633 3467 2
6506 143 1
143 1 1
2236 4659 1
4659 2107 1
2107 3095 3
2906 6490 1
6490 143 1
143 3241 1
3241 1 2
1 2892 1
2892 684 2
5274 3467 1
1964 3650 1
3650 3095 2
2934 3290 2
1964 989 5
989 219 1
219 2573 1
2573 3095 1
6223 1 2
1 303 3
640 1183 1
1183 2107 1
2107 4389 2
4389 6154 1
6154 7306 1
7306 1610 2
7183 1233 1
1233 6420 2
7306 3441 1
3441 401 1
303 3228 1
3228 7306 2
2400 1233 1
7306 1906 3
1906 929 1
929 3528 1
3528 219 4
459 981 2
981 6485 1
6485 3526 1
5547 1550 1
1550 2326 1
2326 3467 1
6506 3276 1
3276 6534 1
6534 1981 1
347 684 2
5892 6104 1
6104 306 2
520 7016 1
7016 6740 2
6740 4101 2
131 1479 1
3528 4996 1
4093 1 3
4686 1417 1
1417 3565 1
3565 4939 1
4939 2236 1
2236 3528 9
3528 6735 2
6735 1 2
1 1910 1
1910 6633 1
3528 2915 1
2915 929 1
929 2558 1
2558 764 1
764 7253 1
6633 603 1
5848 6372 1
6372 4525 1
4525 6506 1
6132 6211 1
3242 7296 3
1575 997 1
997 4686 1
5005 1196 1
1196 3808 1
3133 1787 1
1787 4112 1
4112 1145 1
236 1233 1
2789 1481 1
1481 2841 4
3871 6572 1
6572 2211 2
2211 1964 1
1196 2817 1
2817 614 1
614 6968 1
1357 1263 1
1263 5752 1
7156 1145 1
1145 2716 1
2716 1259 1
1259 4093 1
4093 6342 1
5228 6506 1
3526 7017 3
293 7158 1
6740 6420 1
6209 6173 1
7014 4686 1
1195 6691 1
6691 3090 1
306 6743 1
6743 1964 1
570 1036 1
6044 5487 1
5487 5662 1
4093 409 1
409 7077 1
1217 2817 2
6683 3448 1
3448 2119 1
2119 1018 1
306 2004 3
7098 6748 1
1550 1018 5
1018 3808 1
7306 4171 1
4171 7099 1
306 7322 2
7322 2358 1
2358 2556 1
5644 2841 1
2841 1361 1
1361 7306 1
4340 185 5
6171 5848 1
5848 2730 2
2730 7296 1
7296 2105 1
2105 3207 1
3207 3484 1
3484 6633 1
2532 6405 2
6405 2122 1
7296 1018 1
1018 1479 2
6633 7017 1
7017 1944 1
1944 4347 2
4347 1114 1
1114 6171 1
6626 3503 1
3503 1114 1
1114 2908 1
2908 6405 1
6405 5993 3
6633 6656 2
4490 7306 1
1233 6738 1
6738 5495 1
5495 3259 1
7156 5923 1
5923 1018 1
1018 2862 1
303 2105 1
2105 3925 1
2817 4559 3
4559 1482 1
3467 1018 1
3565 7016 1
7016 4347 1
2841 5308 2
5308 6506 1
6506 131 1
131 6626 1
303 841 2
841 1964 1
3095 4347 1
4347 1233 1
7156 2105 1
2105 3095 1
2841 841 1
841 131 2
7296 4362 1
4362 1259 1
1259 1261 1
1261 3618 1
3618 2817 1
2817 710 2
710 1791 1
3627 185 1
2097 2501 2
3081 2253 1
2253 3302 1
7102 1293 1
1293 1964 1
2789 2817 3
2817 5061 1
5061 2105 1
2105 306 1
6621 6493 1
6493 3285 2
3285 1233 1
1233 3651 1
3651 3095 1
303 981 11
7296 929 2
929 102 1
102 3116 1
640 3095 2
353 7306 1
7156 1935 1
2247 1482 1
1482 1141 1
5779 1944 1
1944 7014 1
950 3095 3
453 1233 1
1233 7014 1
293 3527 8
3095 4556 1
4556 6633 1
470 929 1
929 6633 2
3095 5626 2
2236 6044 2
5461 6405 1
1964 3494 3
3494 185 1
131 6477 1
6477 5731 1
5731 520 1
520 5547 1
5547 3435 1
3435 1 2
1134 2097 1
5814 3086 1
3086 2810 1
2810 520 1
520 5676 1
5676 6221 1
6221 2727 1
2727 6405 1
7156 5662 8
5662 2105 1
2105 684 1
303 2303 2
2303 2817 2
2817 4683 1
4683 2107 1
131 3219 1
3219 303 3
1964 6032 1
6032 400 1
400 4093 1
4093 5145 1
6476 2817 2
2789 6506 2
1964 3608 3
3608 1305 1
1305 6452 1
6452 3737 1
3737 3385 1
7098 303 1
303 2817 3
5126 401 2
2468 7157 1
7157 2855 1
2236 4626 1
4626 6323 1
6323 764 1
764 2097 1
4093 3494 1
7156 7098 1
7098 2088 1
2088 2817 1
2817 1323 3
1323 2766 1
2766 1114 1
1964 983 1
983 303 1
3219 3303 1
2817 3701 2
7296 1935 1
2247 1183 1
1183 1114 1
6495 2789 1
303 3634 2
3634 5329 1
5329 3565 1
3565 4349 1
4349 2939 1
99 2107 1
7296 2624 2
2624 1 2
6420 3529 1
4386 3467 1
1403 4387 1
3068 1206 1
1206 7317 5
7317 1550 5
1550 1959 5
1959 4686 1
2817 3399 1
3399 7156 1
3095 3608 3
3608 2107 1
4101 506 4
6476 2841 1
4093 4387 1
3095 4221 3
4221 5955 5
5955 2456 1
2456 7098 1
1964 1481 4
3164 3385 1
3385 3671 1
3671 450 1
293 7098 1
7098 417 1
65 4123 1
4123 3244 1
5959 3259 1
3259 2817 11
7296 1187 3
6022 7158 1
7158 1550 2
303 4197 1
4197 2236 1
6229 2817 1
5234 2841 1
4093 682 1
2440 1482 2
373 2107 1
2107 3536 1
3536 240 1
2247 1126 1
1126 4626 1
4626 401 4
2817 5959 1
5959 3426 1
3426 4140 1
4140 2236 1
2236 4738 1
4738 1134 1
1134 7156 2
3527 5662 3
2817 3056 1
3056 7098 1
7098 3419 1
3419 4428 1
4428 5662 1
4093 6265 1
6265 2841 1
2841 4995 1
4995 6656 1
6656 131 2
3259 4387 1
4387 7156 1
2817 6412 2
4093 3095 4
1481 5779 1
5779 1114 1
1114 1481 1
1481 1333 1
219 6575 1
7077 4308 1
4308 1964 1
5774 2109 1
2109 5815 1
5815 3808 1
3808 1110 1
1110 1 1
6494 902 1
902 3095 1
3095 7014 3
7014 6621 1
3095 5374 3
5374 2122 1
2122 131 1
6656 5547 1
1964 337 1
337 6494 1
6494 3254 5
303 6736 3
3808 4374 1
6044 6486 2
6486 344 1
5966 331 1
1979 3871 2
6941 1417 1
2817 1715 1
1715 3419 1
3419 3237 1
3237 3871 1
3871 5167 1
5167 1130 1
2817 3528 7
3528 3437 1
3437 3706 1
3706 1964 2
3095 224 1
6476 2051 1
2051 6485 1
520 4206 1
4206 841 1
3284 3528 1
5198 4112 2
4112 6917 1
6917 5145 1
2817 5966 4
2107 5245 1
5245 3871 2
3871 3259 2
3526 4387 2
3095 4284 1
186 3526 1
2841 2817 8
2817 3871 1
3871 7084 1
1187 7158 1
7158 4636 3
4636 3026 1
3026 186 1
186 2744 1
2744 5068 1
5068 3634 1
1636 3526 2
3526 2040 1
2040 2264 1
2264 3697 1
3697 2295 1
2295 397 1
4686 2585 1
2585 840 1
840 1964 1
1964 7021 3
7021 6965 1
6965 603 1
3526 2122 1
2122 2557 1
2557 2817 1
3871 4647 1
4647 5068 1
5068 185 1
185 3095 1
1636 4093 1
4093 3259 2
1979 5201 1
5201 2841 1
1964 3204 1
3204 298 1
298 5937 1
5937 7177 1
7177 6631 1
6631 6839 1
6839 5659 1
5659 5733 1
5733 4112 1
4112 202 1
202 1964 3
3526 2858 1
2858 2841 2
2817 219 2
1964 6276 1
6276 1964 1
1257 5659 1
5659 3689 1
3689 6520 1
6520 1807 1
1807 2107 1
2107 5420 1
5420 1317 1
1317 1959 1
1959 1 2
1 3457 1
3457 3276 1
3276 1964 2
1964 2251 1
2251 2870 1
2870 5198 1
5198 2896 1
2817 3772 1
3772 1750 1
1750 2841 1
2817 1660 1
1660 306 1
2273 7158 1
7158 3616 1
3616 2660 1
2660 4275 1
4275 5625 1
5625 1884 1
1884 3857 1
3857 1964 1
6851 1233 1
1233 6172 1
520 5662 1
1403 2107 1
5662 6569 1
6569 5068 1
5068 5198 1
7306 3299 1
3299 1964 1
3299 2107 1
2744 956 1
956 6405 1
7158 1371 1
1371 1263 1
1263 1262 1
1262 4688 1
303 5068 1
5068 6576 1
6576 2264 1
6209 3609 1
3609 3526 5
219 2693 1
2693 3419 1
3419 7306 2
2789 5115 1
5115 4206 1
520 2719 1
6626 1333 2
303 5017 1
5017 2719 1
2719 4482 1
4482 4686 1
4686 5892 1
5892 793 1
793 2865 1
2865 1964 5
6490 7170 1
3095 1641 1
1641 7306 1
7306 834 3
1263 4268 1
4268 3776 1
3776 1964 1
1964 802 1
802 520 1
520 6476 1
1906 2296 1
2296 303 1
303 6738 2
6738 5838 1
1964 2296 2
2296 3871 1
3871 6588 1
6588 5793 1
5793 7113 2
7113 1217 1
1217 4626 1
2107 3617 1
3617 4688 1
2841 4096 1
4096 3528 1
3528 3424 1
3424 3095 1
3386 508 3
508 6456 1
3526 5245 1
5245 928 1
6452 7306 1
459 7018 1
5966 5244 1
5244 7306 1
5287 1145 2
1145 3499 1
3499 1233 1
1233 3259 4
1267 3650 1
3650 6493 1
7306 6894 1
6894 1550 3
1550 3904 1
3904 1364 1
1364 2122 1
2122 4559 2
131 6496 1
6496 7297 1
1364 3925 1
5779 3259 1
3259 5890 2
7306 5374 1
5374 7156 3
7156 6476 1
1906 4179 1
4179 2097 1
7296 1948 1
1948 7156 1
7306 4558 2
2841 3940 1
3940 1964 1
7306 5717 1
5717 490 1
490 7296 1
6538 3940 1
3940 2358 1
1979 2932 1
2932 1964 1
1964 6650 2
2841 7054 5
7054 1144 2
2716 6405 1
7306 3974 1
3974 3808 1
7306 173 2
173 1352 1
779 608 1
608 4742 1
4742 3254 1
5326 3259 1
4386 2999 2
2999 108 1
108 1357 1
1357 1964 5
1964 5068 3
3506 7140 1
2716 3059 1
3059 616 1
616 2841 1
219 6214 1
6214 242 1
242 1340 1
303 4681 1
4681 5068 1
1964 5717 1
834 6017 1
6017 1598 1
1598 1964 1
1964 1698 1
1698 1964 1
7306 6968 1
6968 1292 1
1292 3095 1
3095 1156 2
1156 5662 1
2693 5068 1
1964 2442 1
2442 2400 5
2400 1981 1
1981 3501 5
3501 3095 2
3095 839 1
839 989 1
989 6485 1
6485 700 1
700 2440 3
5848 7296 5
7306 2440 1
7306 1244 1
1244 1230 5
1230 6385 2
6385 7156 1
700 3292 1
3095 3292 7
3292 6385 1
6385 7306 6
7016 5068 1
1 6017 2
6017 7306 1
3095 5218 3
5218 6405 1
5280 6633 1
6633 7192 1
7192 6626 1
3095 7192 1
7192 6385 1
6385 1 2
7306 6813 2
6813 1550 1
225 5662 1
3871 64 1
2107 6813 1
6813 3294 1
3294 831 1
831 3448 1
3448 2440 1
3227 2107 1
1896 4173 1
4173 1244 1
1482 2633 1
2633 4631 1
4631 1479 1
4763 6490 1
6633 3219 1
3219 233 3
233 3244 1
3244 6633 1
6587 6506 1
7196 6245 1
6245 5987 1
5987 926 1
926 6245 1
6245 5304 1
5304 192 1
192 1964 1
6508 2441 1
2441 1964 1
4925 5630 1
5630 1244 1
1230 1480 1
1480 1482 5
2441 5662 1
3244 3207 4
1340 1554 1
1554 7099 1
6683 5723 1
5723 6538 1
1502 7099 1
7099 2400 1
2400 6669 1
6669 5736 1
5736 153 1
153 6221 1
6221 6633 1
6633 1421 1
1421 306 1
306 6788 3
6788 2532 1
6633 4645 1
4645 3527 1
4432 1550 1
1550 1152 4
1152 192 1
192 1479 1
700 5662 5
6508 1037 1
1037 1747 1
1747 5755 1
5755 2693 1
2693 2817 1
2817 1037 1
1037 3290 2
3290 1244 1
1230 1944 1
1944 6633 3
6633 7206 1
7206 3207 2
6385 3242 1
3242 5005 1
5005 3528 6
5964 7156 3
1483 2789 2
4763 1 6
3207 3290 3
3290 684 4
684 1037 4
1037 696 1
696 1244 1
1230 1114 1
1114 5993 2
6533 1979 1
1979 2663 1
2663 1479 1
1479 5662 3
6633 2441 1
2441 1480 1
1480 5227 1
5227 3620 1
3620 4365 3
4365 1479 1
3526 4389 2
4389 3526 1
1824 4335 1
4335 6456 1
6456 4335 1
4335 2663 1
2663 3656 1
3656 1152 3
1152 5676 1
5676 5585 1
5585 3040 1
3040 7158 1
7158 5079 1
5079 5966 1
3095 6143 3
6143 1114 1
293 6143 1
6143 4832 1
4832 401 2
401 1506 1
1506 7306 1
7306 3623 1
3623 4335 1
1152 306 7
306 4464 5
4464 6489 3
6489 6506 1
6506 5968 1
5811 6405 1
2104 6017 1
6017 2766 1
2766 6405 1
3259 1979 1
4112 5250 2
5250 1310 1
1263 2429 1
2429 5662 1
5662 6575 4
6575 868 1
868 1981 1
1981 243 1
243 6300 1
6300 7306 1
1340 3727 1
3727 1152 1
1964 3716 1
3716 1815 1
1815 7306 1
1550 5642 1
5642 1964 1
6487 2920 1
2920 2841 1
2841 1152 1
1152 1482 1
1482 4387 2
4387 2442 1
2442 3095 1
5848 6405 5
6405 6456 2
6456 1287 1
1287 5141 1
1152 5141 1
5141 7306 1
7306 5141 1
5141 1 1
5676 1417 3
5789 3527 1
3527 3748 1
3748 5736 1
5736 6263 1
6263 2841 6
3528 6026 3
6026 553 4
553 1964 1
5662 7140 2
7140 2719 3
2719 968 1
3528 6585 1
6585 449 1
449 2798 1
2798 7049 1
5630 6405 1
1126 1659 1
1659 5848 1
5848 4112 5
4112 4763 7
4763 5681 1
5681 6221 1
6221 985 1
985 7220 1
7220 6740 1
6740 5787 1
5787 1159 1
1159 1403 1
1403 985 2
985 4112 1
4112 6577 1
6577 2021 2
2021 219 1
219 684 2
684 6585 2
6585 4800 1
4800 2378 1
1482 3808 1
3808 2714 1
2714 5786 1
5786 6219 1
6219 1964 1
1964 4365 1
4365 3527 1
3527 1144 1
1144 2757 3
2757 1516 4
4097 5326 1
5326 6211 1
1417 684 2
4615 696 1
696 2107 1
552 6221 1
6221 1232 2
1232 5676 1
5676 1758 1
1758 1152 3
1152 1630 1
1630 1815 1
1815 1964 2
356 2757 1
2757 7099 11
5630 1979 1
684 4625 1
306 217 3
217 1031 1
1031 5662 1
5662 3263 1
3263 2580 1
2580 2235 1
4432 6026 1
6026 306 1
6700 7158 1
303 1981 3
3501 6919 1
6919 306 1
306 203 1
203 6230 1
6230 3501 1
303 5736 1
5736 4274 1
4274 843 1
843 684 1
7306 5327 1
5327 1964 1
1981 7206 2
7206 306 1
3164 3207 2
3254 7207 1
7207 4686 1
4686 6211 1
7306 375 1
375 3254 1
303 2029 1
2029 5145 1
5145 3421 1
3421 3526 1
7306 3324 2
3324 6506 1
6506 5022 1
5022 3207 1
3207 2532 4
2532 4832 1
4832 7306 1
7306 3577 1
3577 3526 1
6223 2485 1
2485 4112 1
4112 2166 1
2166 1 2
1 6506 5
6506 5026 1
5026 5631 1
5631 4145 1
4145 4076 1
3095 6237 2
6237 303 1
2107 1340 3
5470 2440 2
6412 3259 2
502 6219 1
6219 1026 1
6633 5692 1
5692 104 1
104 3025 1
3025 5083 1
5083 1 1
1964 993 1
993 2107 1
4772 5656 1
5656 7306 1
4362 6493 1
6493 6219 1
6219 5848 1
5848 153 1
153 7296 1
7296 3119 1
3119 5695 1
5695 1964 1
3526 104 1
104 7092 1
7092 4346 2
4346 5892 1
5892 1 3
1 700 13
700 1175 1
1175 6299 1
6299 5304 1
5304 71 1
71 1964 3
3526 64 1
5676 71 1
71 450 1
450 7296 1
7296 7167 1
7167 2633 1
2633 6015 1
3526 2748 1
2748 4076 1
1981 5754 4
5754 6334 1
6334 72 1
72 2841 1
452 2104 1
2104 6251 1
6251 1502 1
1502 5882 1
5882 1964 1
7306 985 2
985 6579 1
6579 7146 1
7146 2021 1
2021 3506 5
6538 7019 2
7019 3526 1
303 3163 1
3163 889 1
889 7306 1
7306 5614 1
5614 3526 1
306 3283 2
3283 5619 3
5619 401 2
401 443 1
443 3526 1
764 1915 1
1964 5151 1
5151 2453 1
2453 950 1
1403 5631 2
5631 6432 1
6432 1550 1
5779 5630 2
5630 3526 1
6171 5306 1
5306 7206 1
7206 6626 1
3207 7296 7
303 2569 1
2569 6564 1
6564 3290 1
2481 5848 1
65 6330 1
6330 7306 1
7018 3467 3
3467 4320 1
4320 684 1
684 1813 3
1813 1964 6
1964 192 1
192 5848 1
5848 926 5
6633 71 1
71 3528 1
3528 6851 2
6851 293 1
293 6015 2
2817 5856 1
5856 4387 1
4387 6633 2
6633 6420 6
6420 5423 1
5423 2296 1
2296 3244 1
3095 4369 1
4369 7296 1
5131 5746 1
5746 640 1
640 7306 1
7306 1841 1
1841 6405 1
3242 5779 2
3095 4388 1
4388 3254 1
3254 71 1
71 5848 2
5848 6211 1
6211 1482 1
1482 6851 1
6851 5779 1
5779 4388 1
4388 684 1
141 1 3
6456 6299 3
6299 1187 1
1187 7156 3
7156 2656 2
2656 6633 1
356 2817 5
5662 71 4
71 4275 1
4275 2865 4
2865 306 2
3526 2286 2
3526 1141 4
5754 5619 1
5619 2463 1
1964 7251 1
7251 1964 1
7296 2904 1
2904 4387 1
7306 3958 1
3958 3526 1
7306 1896 3
1896 3259 1
3259 4809 1
6851 3526 2
3526 5221 3
5221 7306 1
7306 5473 2
5005 6056 1
6056 1964 1
5005 2412 1
2412 2358 1
4385 306 1
2517 4364 1
4364 1 1
4686 6171 1
6171 926 1
303 2746 1
2236 4182 1
4182 5737 1
1944 3242 1
3242 1126 2
7296 3290 2
6405 6692 1
6692 981 2
7306 6692 1
7306 2236 4
7306 3904 4
5287 5005 1
7296 5966 2
1 1291 1
1291 6633 1
2789 347 1
7296 6044 4
6044 5131 1
5131 2122 1
2122 5737 1
5737 981 1
5274 2122 2
2122 981 1
3290 5848 1
926 306 2
6452 603 1
603 926 1
926 1 1
6169 1114 2
7296 1502 5
1502 1602 1
1602 3213 1
3213 3095 1
4546 5848 1
303 1032 1
1032 3608 1
6044 2817 1
6633 1910 1
1910 4147 1
4147 6832 1
6832 6656 1
2817 5789 3
3207 1480 1
6633 6017 1
6017 6656 2
1480 261 1
520 7271 1
7271 3527 1
3527 2508 1
2508 1964 1
1964 1366 1
1366 6633 1
6633 2601 1
2601 4112 1
589 5000 1
682 6420 2
6420 962 1
962 7333 1
7333 2296 1
2601 6506 1
6506 2656 1
2656 7306 3
7306 1818 1
1818 7125 1
7125 293 3
293 4127 2
4127 7297 2
7297 7251 1
7251 4349 1
4349 2906 1
2906 2904 1
2904 6506 1
7017 6736 2
3808 1498 2
1498 6633 1
6633 1037 1
4625 6211 1
6211 7005 1
7005 2452 1
2516 7005 1
7005 6071 1
6071 5714 1
5714 2643 1
2643 3892 1
3892 603 1
7102 3528 1
7306 6707 1
6707 507 1
507 1964 1
3254 486 1
486 7306 1
3095 1465 1
1465 71 1
71 3526 1
3526 2635 1
3612 2460 1
2460 2339 1
2339 6596 1
6596 2413 1
2413 1144 1
2757 1176 3
1176 1964 2
1964 3119 1
3119 2358 2
2358 6760 1
6760 684 1
684 2460 1
5328 1 2
6494 5328 1
5328 3303 1
3303 1176 1
1176 5831 1
5831 1579 1
3466 5662 1
5662 5458 1
5458 560 1
560 684 1
7306 5480 3
5480 1 1
3528 5473 1
5473 2107 3
5662 3854 1
401 5799 1
5799 1538 1
2841 2622 2
2622 6924 2
5676 967 1
967 49 1
49 1964 1
2107 5818 1
5818 2830 1
2830 6661 1
764 1726 1
1726 1964 1
219 2817 1
5964 1 2
157 4347 1
4347 3527 1
3527 5408 1
5408 1964 1
6494 5095 2
5095 108 1
108 400 2
400 1 2
1964 2780 1
2780 6789 1
6789 1964 1
3620 2413 1
2413 2817 2
5662 3671 1
2841 3207 1
3207 3634 1
3634 1567 1
1567 1964 1
1964 1011 1
1011 1 1
7306 4626 3
3526 5977 1
5977 6025 1
6025 2122 1
2122 3620 1
3620 4358 1
4358 4688 1
7156 6924 1
6924 303 1
3095 3090 5
3090 1964 1
3735 331 1
5547 3845 1
3845 3880 1
3880 1 1
4686 5709 2
5547 5662 3
3871 603 1
2122 3379 1
3379 7306 1
4558 6386 1
6386 3528 1
5848 6493 2
6493 7156 3
2789 6656 2
3528 1538 3
1538 5882 1
5882 1867 1
1867 4626 1
7296 3079 1
5724 1964 1
4112 5754 2
5754 6128 1
6128 1964 1
6494 4386 2
4386 6135 1
6135 500 1
71 1 4
2236 5125 2
5125 4709 1
4709 6490 1
6490 4250 1
4250 1483 1
4362 2107 2
2505 3506 1
684 4944 1
4944 1 1
2236 71 1
71 5125 1
6171 6633 4
6791 4051 2
4051 71 1
71 6791 1
603 2747 3
2747 2034 1
2034 3101 1
3101 3095 1
2107 4052 1
4052 981 1
4098 6438 1
6438 981 1
3526 2481 2
2481 981 4
7306 315 1
315 1244 1
1244 1505 1
1505 603 1
6633 984 1
984 5578 1
5578 3526 1
3526 4767 2
4767 1944 1
6412 2034 2
2034 7158 1
7158 682 1
682 2789 3
4767 2982 1
2982 3095 2
881 2978 1
2978 7306 1
5676 1765 1
1765 3526 1
3526 4681 2
4681 344 1
344 6171 1
2107 3529 1
3529 4052 1
4052 1 1
1964 3635 1
3635 108 1
108 1762 1
1762 269 1
269 1259 1
1191 4858 1
4858 5805 1
5805 303 2
3808 7014 10
1340 6494 1
1202 6412 1
6412 7014 1
7014 1340 2
1340 5662 3
6412 4916 1
4916 3397 1
3397 3858 1
3858 1152 4
1152 1764 1
1764 3095 1
2841 1508 1
1508 1815 1
2841 1205 1
1205 5662 1
5662 2248 1
2248 5553 2
5553 1 1
303 4179 1
4179 2666 1
2666 7235 1
7235 684 1
5274 2107 4
306 1021 1
1021 1340 1
1340 306 2
306 1029 3
1029 3095 1
3095 6263 3
6263 3226 1
3467 2404 2
2404 3254 1
3254 4721 1
2404 1 4
347 1126 1
306 2736 1
2736 1031 1
1031 6263 1
6263 2404 1
2404 2139 1
2139 303 1
219 784 1
784 507 1
507 2201 1
2201 1 1
1 7158 1
7158 2201 1
2201 303 1
640 7152 1
7152 3528 2
3528 4453 1
4453 520 1
6459 1403 1
1403 2201 1
2201 2040 1
2040 3528 1
3528 4424 1
4424 2841 1
2841 1021 2
1021 2636 1
2636 5942 1
5942 2381 1
2381 2379 1
2379 2358 1
2929 2059 1
2059 2323 1
2323 6396 1
6396 303 1
303 2666 1
2666 1964 1
219 7156 1
1964 243 1
243 744 1
744 293 1
293 4643 1
4643 2140 1
2140 1364 1
1364 6263 1
6263 7088 1
7088 4206 1
4206 6227 1
6227 1964 1
2841 3230 1
3230 4467 1
4467 6227 1
6227 303 1
3010 1018 1
5662 2422 1
2422 501 1
501 6066 1
6066 1964 2
1964 459 1
2107 1550 1
1550 6227 1
6227 6996 1
6996 2661 1
2661 5003 1
5003 303 2
303 5962 5
3528 6479 1
6479 1 1
1 2040 2
2040 306 1
1340 1865 1
1865 258 1
258 7081 1
7081 7151 1
7151 3528 1
1964 4849 1
4849 306 1
6493 3528 3
3528 165 1
165 5287 1
5287 1154 1
1154 4308 1
4308 4387 1
3095 707 2
5835 6999 1
3095 3665 3
3665 293 2
7297 7077 2
7077 3226 1
2122 1196 1
1196 6165 1
6165 1964 1
1964 5917 1
5917 3634 1
3634 7077 2
7077 6263 1
219 1725 1
1725 4584 1
4584 1981 1
1981 7093 1
7093 635 1
635 2671 1
2671 1964 1
5676 5266 1
5266 5433 1
5433 5660 1
5660 5662 13
3467 4584 1
4584 6263 1
6263 953 1
953 2369 1
2369 1 2
1 5660 1
1403 953 1
953 6017 1
3528 2920 1
2920 3528 1
3528 4065 2
4065 6506 1
6506 5615 2
5615 6656 1
3095 5434 1
5434 1964 1
1964 2774 1
2774 303 1
1502 5276 1
5276 3528 1
4065 6010 1
6010 5825 1
5825 401 1
7297 7254 1
7254 303 1
303 1829 1
1829 1144 1
217 5311 1
5311 350 1
350 1981 1
1981 2428 1
2428 1249 1
1249 2039 1
2039 2841 1
6246 4642 1
4642 2286 2
2286 6263 1
6263 217 1
217 2319 1
2319 5662 1
5662 7054 2
7054 1082 1
1082 7307 1
7307 38 1
38 4014 1
4014 1964 1
1964 471 1
471 1004 1
1004 2378 1
2378 1964 3
1964 5635 1
5635 3044 1
3044 6506 1
6506 459 2
3528 3169 1
3169 4688 1
7156 2693 1
2693 3528 2
3528 3343 1
3343 1964 1
4206 2379 1
2379 120 1
120 944 1
944 2021 1
2021 2671 1
2671 1981 1
1981 7156 3
303 5773 2
5773 6246 1
303 4425 1
4425 2378 1
2378 2214 1
2214 5662 1
5662 3010 1
3010 2381 1
2381 1964 2
1964 5841 1
5841 2379 2
2379 3578 1
3578 1964 1
1964 2106 1
2106 553 1
553 7306 3
7297 2214 1
2214 4845 1
4845 1981 1
1981 5676 1
5676 6927 1
6927 4112 1
401 7142 4
7142 6700 1
6700 6246 1
6246 5586 1
5586 6254 1
6254 303 1
303 5358 1
5358 2226 1
2226 3467 1
217 5798 1
5798 155 1
155 5662 1
5662 2170 2
2170 1403 1
1403 6272 1
6272 4043 1
4043 5005 1
5005 3467 3
2358 261 1
261 5754 2
5805 6506 1
6506 6420 1
3095 982 1
982 4729 1
5287 1550 3
3527 4927 1
4927 306 1
306 5372 2
5372 634 1
634 2982 1
2982 303 2
303 2044 1
2044 6506 1
3808 4550 1
4550 1482 1
303 1139 1
1139 1404 1
1404 5662 1
682 2045 1
2045 5471 1
5471 1964 1
1964 6243 1
6243 6506 2
6506 6241 1
6241 7306 1
7154 1482 1
1482 303 3
303 5563 1
5563 934 1
934 2213 1
2213 1964 1
1964 1341 1
1341 2529 1
2529 1318 1
1318 908 1
908 1981 1
3526 2744 1
1187 1479 2
2441 1564 1
1564 2021 1
2021 6789 1
6789 303 2
1482 2751 1
1964 5372 2
5372 1403 2
1403 2227 1
2227 1 1
6420 6263 2
6263 2378 1
2378 4085 1
4085 6297 1
6297 6044 1
6044 2388 1
2388 3095 1
6490 7158 5
7158 2110 1
2110 5045 1
5045 2021 1
2021 1447 1
1447 635 1
635 6221 1
6221 2320 1
2320 2841 1
6230 6656 1
3528 474 1
474 2169 1
2169 219 1
684 325 1
325 1114 1
1114 2497 1
2497 1114 1
1114 682 1
682 161 1
161 1114 1
1114 7246 1
7246 2336 1
2336 2638 1
2638 6309 1
6309 1 1
3467 2169 1
2169 2929 1
2929 4290 1
4290 1185 1
1185 303 1
1482 6412 1
6412 2170 4
2170 2358 2
3528 2929 2
2929 3882 1
3882 7296 1
7296 3467 4
1981 1384 1
1384 5676 1
5676 3010 1
3010 2236 1
2236 3527 6
5256 985 1
985 6456 1
6456 3527 2
3527 6740 2
6740 6789 1
6789 6412 1
2170 7306 1
1482 3228 1
455 6736 1
3808 3528 2
303 7177 1
7177 2841 1
3010 1516 1
306 6746 1
6746 7177 1
7177 4076 1
4076 6617 1
6617 4299 1
4299 4206 1
4206 2826 1
2826 5662 1
5662 5632 1
5632 635 1
635 2158 1
2158 2365 1
2365 1964 1
306 219 2
219 7177 1
7177 7239 1
7239 635 1
635 6042 1
6042 5662 1
5662 7177 5
7177 694 1
694 1 1
1 2011 1
2011 4076 1
4076 460 1
303 6515 1
6515 124 1
124 3267 1
3267 306 1
306 7177 2
7177 6745 1
6745 2107 1
2107 1338 1
1338 6628 1
6628 5662 1
7177 6474 1
6474 2396 1
2396 3527 1
3527 6263 2
6263 4206 1
4206 4070 1
4070 1968 1
1968 1646 1
1646 3542 1
3542 4773 1
4773 2571 1
2571 2841 1
2841 2742 1
2742 3849 1
3849 1 1
306 2501 1
5631 1206 1
1206 125 1
125 4074 1
4074 1964 1
1964 6326 1
6326 1964 1
4206 2170 3
2170 303 6
2982 64 3
64 3212 2
219 6633 2
1403 2757 1
1176 5662 1
5662 560 1
560 1877 1
1877 2841 1
2841 2621 1
2621 1964 1
5662 1049 1
1049 306 1
306 4999 1
4999 217 1
2107 6146 1
6146 6297 1
6297 4068 1
4068 306 1
306 4074 1
4074 1206 1
1206 2841 1
2482 2839 1
2839 5209 1
5209 2494 1
2494 331 1
331 1 1
1 4206 4
64 7306 1
6846 6438 1
6438 402 1
402 7265 1
7265 303 1
926 2757 1
2757 1174 1
1174 6263 1
6263 6656 1
6656 3501 2
3501 968 1
2841 2594 3
2594 1 1
4112 7267 4
7267 6656 2
3527 6477 2
6477 5924 2
3467 5631 5
3527 1206 1
1206 5439 1
5439 2294 1
2294 5662 1
7177 4029 1
4029 1403 1
5631 4885 1
4885 2097 1
2097 1099 1
1099 2662 1
2662 2841 1
2841 7061 2
7061 1 1
1114 6689 1
6689 6633 1
3207 2170 1
7014 3259 2
3528 2129 1
3808 3286 1
3286 4688 1
1479 294 3
294 430 1
430 3163 1
3163 6490 1
3528 1188 1
1188 1482 1
1482 4098 2
4098 684 1
684 3808 1
7297 1175 2
1175 6789 1
6789 4688 2
303 3081 1
3081 1482 1
1482 3259 1
3259 3467 1
6740 4112 1
4112 1037 1
1037 2170 1
2170 682 1
682 303 1
2107 2737 1
2737 4676 2
3527 5595 1
1 4525 4
4525 5662 1
3527 6962 1
6962 3527 2
3527 2863 1
2863 2446 1
2446 392 1
392 2841 1
2841 2209 5
2209 3925 1
3925 208 1
208 3527 1
3079 1482 1
3467 2170 1
2170 981 1
981 5681 1
1964 1195 7
1964 3285 2
3285 6506 1
1964 2753 4
6789 4387 1
3095 2305 2
2305 3527 1
3527 3259 1
4137 6405 1
6789 3095 1
2305 2841 1
7297 2170 3
2170 2757 1
306 1257 1
1257 125 1
125 4076 1
4076 6022 1
6022 262 1
262 5662 1
5662 2782 1
2782 560 1
303 5458 1
5458 3527 1
3527 968 1
2594 4112 1
5924 1144 1
1144 5631 1
3527 5939 1
5939 2841 1
1085 1144 1
1144 5159 1
5159 3925 1
5779 1 6
1144 5129 1
5129 2097 1
2097 2594 1
2594 7035 1
7035 7016 1
7016 6006 2
6006 4636 1
4686 6233 1
6233 2552 1
2552 5631 1
5631 6506 1
6740 981 4
981 3527 10
3527 6789 2
6789 4809 1
7102 6851 1
6851 2841 1
7102 3227 2
3227 3509 1
3509 3617 1
3617 1 2
5595 4148 1
4148 7297 1
2170 6656 1
3527 2896 1
2896 2404 1
2404 1964 7
306 1195 2
1195 3527 1
3527 5599 1
5599 640 1
640 6665 1
6665 7047 1
7047 1 1
1403 634 1
634 2170 1
2170 1650 1
1650 2622 1
2622 1735 1
1735 6656 1
6656 2757 2
1516 2841 1
1287 5004 1
5004 2548 1
2548 6506 1
5631 6736 1
2737 1964 3
3527 4525 1
4525 5974 1
5974 2841 1
2841 3889 1
3889 2236 1
2236 7297 3
1175 303 2
1482 1527 1
1527 3527 2
3527 1581 1
5779 28 1
28 1964 2
1964 2938 1
2938 6618 1
6618 1981 2
1981 4825 1
4825 903 1
903 3414 1
3414 3302 1
3302 4724 1
4724 1716 1
1716 3302 1
3302 3206 1
3206 5955 1
5955 1964 2
1964 1328 1
1328 6266 1
6266 1964 1
5676 6125 1
6125 5005 1
3528 6241 1
6241 303 1
7014 603 2
3527 2982 1
2982 5005 1
2633 4112 1
2034 6239 1
6239 1143 2
1143 228 1
228 2358 1
2358 6813 1
6813 306 3
306 2272 2
2272 1964 2
1964 6881 1
6881 3460 1
3460 2841 1
2841 2304 1
2304 6239 1
1143 606 1
606 6970 1
6970 2532 1
2532 7304 1
7304 6239 1
6239 1964 1
6789 2532 1
3634 6971 2
6971 1964 1
1964 5648 2
5648 2599 1
2599 1402 1
1964 5595 3
5595 3095 1
4523 5779 1
5779 3634 1
3634 1011 2
1011 3302 1
3302 3207 1
3207 6319 1
6319 4625 1
4625 5595 1
5595 2041 1
2041 1003 1
7018 3528 2
3528 5648 1
5648 3259 1
3259 6789 1
6789 3526 4
3095 3634 1
6971 3095 1
3095 5744 2
5744 3526 1
3526 5348 1
5348 1964 1
1964 6376 1
6376 3095 1
3095 2344 2
2344 4425 1
4425 3207 1
3207 517 1
2344 1964 2
5744 103 1
103 229 1
229 5767 1
5767 3206 1
3206 2604 1
2604 3095 1
3090 228 1
228 6185 1
6185 3411 1
3411 6378 1
6378 2776 1
2776 3634 1
3634 2268 1
2268 3095 1
2097 6319 1
6319 3206 1
3206 229 1
229 5875 1
5875 4027 1
4027 5953 1
5953 5709 1
5709 2841 1
1262 2272 1
2272 2097 1
2097 3099 2
3099 592 1
592 3526 1
3526 1433 1
1433 1371 1
3526 3677 1
3677 3259 1
3259 6740 1
6740 4374 1
4374 303 2
303 6618 1
3207 4025 1
4025 1435 1
3526 592 1
592 1479 1
1479 7290 1
7290 1094 1
1094 6791 1
4051 6412 1
6412 6241 1
6241 2236 1
1482 7146 1
7146 985 1
985 6490 1
2789 1981 2
1981 3527 3
3527 4491 2
4491 5662 1
634 71 1
71 981 1
7156 6125 1
6125 6241 2
6241 1259 2
1259 3527 4
303 4110 1
4110 1191 1
1191 3527 1
3095 1647 1
1647 294 1
294 4878 1
4878 3467 3
3467 6287 1
6287 1 2
2789 4278 1
4278 2097 1
3527 5579 1
5579 6490 1
6490 1876 1
1876 2982 1
2982 3263 1
3263 6287 1
6287 1964 2
1964 1496 1
1496 1134 1
1134 3527 1
3527 3603 1
3603 3095 1
3095 5291 2
5291 1964 2
6731 4051 1
4051 6241 1
6241 3302 1
7102 6699 1
6699 2553 1
303 7159 1
7159 1089 2
1089 6245 1
6245 2293 1
2293 6789 1
7296 2798 1
2798 1516 1
1516 2021 1
2021 5538 1
5538 4409 1
4409 1482 1
1964 3631 1
3631 3095 1
6851 1 2
3527 6736 1
6736 6626 5
6626 5662 2
5754 6241 1
6241 3527 1
3527 2928 1
2928 3528 1
3528 1138 1
1138 4410 1
4410 6101 1
6101 981 1
7156 3904 3
3904 7310 1
7310 1318 1
1318 4686 1
4686 7290 1
7290 1 1
4686 6740 2
6740 1065 1
1065 3467 1
6506 5287 1
5287 1065 1
1065 3540 1
3540 7290 1
7290 1964 1
6490 3527 3
3527 1634 1
1634 2002 1
2002 5579 1
5579 2097 1
2097 6916 1
6916 4410 1
4410 1 1
1 1896 4
1896 3526 7
3526 6758 1
6758 3634 1
7296 6712 1
6712 3527 1
2789 3555 1
3555 684 1
684 7089 1
7089 1114 1
1114 7089 1
7089 1964 1
1964 5058 1
5058 4626 1
7296 3130 1
3130 104 1
104 5882 1
7306 1865 1
1865 2097 1
2286 1964 13
3527 2170 1
2170 5491 1
5491 7306 2
7306 3195 1
3195 1964 1
7306 3085 1
3085 2841 1
3527 5810 1
5810 6490 1
6490 1366 1
1366 3527 1
3527 6210 1
6210 28 1
1964 7154 3
7297 5805 1
5805 3286 1
3286 1964 1
1964 4409 1
4409 1964 3
1964 1527 1
7016 3226 1
3226 5662 6
3528 6202 1
6202 2236 1
2236 102 1
102 7290 1
7290 303 1
3527 6125 1
6241 401 1
401 4409 1
2104 3202 1
3202 7156 1
3095 2982 4
2982 6241 1
3527 6456 2
6456 2236 2
6789 7306 3
4579 6124 1
6124 7018 1
3467 6243 1
764 2286 1
2286 7290 1
7290 640 1
640 7150 1
7150 6665 1
6665 1964 1
684 414 1
414 303 1
303 5484 1
5484 6405 1
3527 3286 1
3286 4832 1
4832 1530 2
3242 6420 1
6134 6219 1
6219 5676 1
5676 2871 1
2871 4615 1
4615 306 1
2286 7019 1
7019 6656 1
2737 3116 1
3116 7084 1
7084 5831 1
5831 6420 5
6420 5662 2
5662 7234 1
7234 1964 1
1964 155 2
155 6494 1
6494 4742 1
640 7154 1
7154 6420 1
6420 6405 1
6740 5473 2
5005 1031 1
1031 2841 1
2841 3501 1
3501 6420 1
6420 474 1
474 2378 1
2378 1734 1
1734 124 1
124 5662 1
2170 1723 1
1723 6153 1
6153 3308 1
3308 4107 1
4107 1964 2
1964 6205 1
6205 2841 1
2841 524 1
524 6420 1
1482 6210 1
6210 4036 1
4036 2848 1
2848 4525 1
4525 1522 1
1522 5878 1
5878 1964 3
3904 6731 1
6731 303 1
2107 1383 1
1383 4024 1
4024 5487 1
5487 2817 2
2817 2021 1
2021 1973 2
1973 2841 3
3164 161 1
161 4206 1
4206 4774 1
4774 6230 1
6230 306 1
2286 303 1
303 3823 1
3823 2841 1
4432 4742 1
4742 352 1
352 2505 1
2505 2235 1
2235 1 1
1 6005 1
6005 401 1
303 703 1
703 3526 1
1144 6937 1
6937 1 1
1 2669 2
2669 6937 1
6937 303 1
303 3039 1
3039 4433 1
4433 1964 1
5773 2434 1
2434 6405 1
7156 2040 1
2040 6420 1
6420 2946 1
2946 6246 1
6246 306 1
306 5814 3
5814 1195 3
1964 2693 1
5681 6911 1
6911 1964 2
1964 5162 1
5162 3254 1
7014 1114 3
1482 6292 1
6292 6656 1
3528 3808 4
3808 485 1
485 1964 1
1964 1464 1
1464 4208 1
4208 7054 1
1003 4457 1
4457 1094 1
1094 303 2
2929 1232 1
1232 3044 1
3044 1232 1
1232 5662 2
5254 1964 1
3526 5805 1
1502 175 2
175 2107 1
2107 982 4
982 306 1
3164 303 2
460 4599 1
4599 1 1
1259 7099 1
7099 3808 1
3808 307 1
307 684 1
2107 1259 4
1259 2587 1
2587 7306 3
1414 1 1
3904 48 1
48 6656 1
7296 3244 4
3244 1126 2
3095 6160 3
6160 1964 2
3854 6494 1
6494 640 2
6405 981 6
981 7019 1
7019 5680 1
5680 3526 1
3095 4600 1
4600 1164 1
1164 4457 1
4457 303 1
3808 841 1
841 5614 1
5614 7036 1
7036 5996 1
5996 3259 1
3259 180 1
180 108 1
108 1469 3
1469 2154 1
2154 5636 1
5636 2102 1
2102 6888 1
6888 3526 3
3526 252 1
252 3088 1
3088 684 1
684 2548 1
2548 1099 1
1099 6656 1
3808 6516 1
6516 3276 1
3276 5662 1
5662 1005 1
1005 1964 1
1964 1110 1
1110 253 2
253 1 1
1 950 2
950 7122 1
7122 7177 1
5831 3528 2
6405 957 2
957 7156 1
700 2107 2
269 1981 1
4034 2555 1
2555 6656 1
841 1 1
1 560 2
560 5787 1
5787 1964 1
1257 1263 1
1263 5681 1
5681 4086 1
4086 5631 1
5631 7036 1
7036 5662 1
5662 1257 4
1257 3840 1
1195 3526 4
3526 2901 1
2901 7152 1
7152 5619 1
1964 4478 1
4478 2353 1
2353 6412 1
6412 121 1
121 7156 1
5993 214 1
214 1 1
589 3461 1
306 5840 1
5840 6944 1
6944 5662 1
5662 2666 2
5213 3526 1
3526 3278 1
3278 6592 1
6592 2381 1
2381 1203 1
1203 5662 1
2842 7258 1
7258 3526 1
2601 3248 1
3248 1964 1
981 640 1
640 6486 1
6486 1 1
1 1273 1
1273 303 1
5848 3161 3
3161 682 1
682 6186 2
6186 7296 1
7296 455 4
7161 2097 2
3526 1279 1
1279 6785 1
6785 3526 2
3526 5543 1
1964 6786 1
6786 303 1
303 5004 1
5004 3259 1
294 808 1
808 2107 1
2107 2618 1
2618 7216 1
7216 1964 1
1964 3085 5
3085 2695 1
2695 2754 1
2754 2011 1
2011 1110 1
253 6490 1
6490 6006 1
6006 7017 1
5892 1699 2
6740 6747 1
6747 306 1
4991 3244 1
3244 3486 1
3486 4832 1
3164 684 2
684 357 1
357 5779 1
5921 684 2
684 2601 1
2601 3526 1
3526 3407 1
3407 2236 1
3526 295 1
295 306 3
303 7015 7
2107 4832 1
4832 6067 1
6067 2236 1
3526 6991 1
6991 2107 1
2107 1069 1
1069 6631 1
6631 6490 1
6490 1066 1
1066 5054 1
5054 2110 1
2110 4460 1
4460 1964 1
684 2302 1
2302 1964 1
1964 4686 4
7054 3127 6
3127 684 1
303 6155 2
6155 2236 1
3526 500 3
5754 6219 1
6219 696 1
696 6889 1
6889 306 1
306 6248 3
6248 684 1
684 5538 1
5538 663 1
663 5662 2
5662 6297 1
6297 1507 1
1507 3528 1
3528 1274 2
1274 6888 2
6888 1964 2
5666 1263 1
3095 5820 2
5820 6211 1
6211 4626 1
6538 5662 4
5662 192 1
192 4335 1
2097 290 1
290 926 1
6263 1047 1
1047 5980 1
5980 5662 1
5662 520 1
520 6207 1
6207 475 1
1964 4207 2
4207 3671 1
3526 1501 1
1501 5662 1
5662 6206 1
6206 306 1
5631 4387 1
3095 2956 1
2956 5779 1
3528 2210 1
2210 1964 1
1550 324 2
324 1912 2
1912 6315 1
6315 1550 1
1912 6314 1
6314 1 1
6211 5918 1
5918 2188 1
2188 989 2
1964 169 1
169 1964 2
6585 4060 1
4686 192 1
192 5662 1
6508 2954 1
2954 2567 1
2567 520 1
2841 5693 1
1964 2149 1
2149 475 1
475 2021 1
2021 7308 1
7308 2841 1
5754 6206 1
6206 1964 1
1117 2817 1
6494 4060 1
4060 1550 1
1550 1912 1
1912 6211 1
6211 192 1
192 303 1
5681 6220 1
6220 1 2
6538 690 1
690 3303 1
3303 841 1
841 7231 1
7231 2756 1
2756 1616 1
1616 5662 1
1257 7177 2
7177 560 1
560 1964 3
1964 7177 2
7177 950 1
950 3528 1
3461 5662 1
684 125 1
1964 4457 1
4457 1964 1
1964 3278 2
3278 7232 1
7232 3851 1
3851 1482 1
303 2725 1
2725 7190 2
7190 985 1
985 1145 1
5261 841 1
841 1010 1
1010 363 1
363 3259 1
3259 6412 1
6412 1274 3
1274 7156 1
3161 1479 1
3095 5809 1
5809 1 1
2236 5465 1
5465 6490 1
6490 429 1
429 294 1
294 3095 1
4098 3671 1
3671 5131 1
1435 6760 2
5254 5779 1
5779 3527 1
303 2376 3
2376 3527 1
2725 6120 9
6120 6494 1
2376 6506 1
6506 6044 6
6044 306 1
1402 5587 1
5587 2414 1
2414 1964 1
1964 6485 1
6485 2107 1
2107 996 1
996 3527 1
401 1145 1
1145 985 2
985 6656 1
2102 1981 2
303 5754 3
5754 3116 3
3116 1259 1
1259 6844 1
6844 1964 1
6656 71 1
6494 2747 2
2747 3116 4
3116 1187 1
3219 4688 1
3095 4856 3
4856 7158 1
7306 4957 1
4957 1844 1
1844 3116 1
3116 71 1
71 3095 1
4991 5831 1
7156 3608 2
3608 6456 1
6456 3634 1
3634 5805 1
5805 1 4
1 4809 1
1482 6575 2
6575 6370 1
6370 3528 1
401 6585 1
6585 6668 1
1482 7290 1
7290 2358 1
2358 6789 1
6789 6656 1
6211 303 2
2737 6924 1
6924 1964 1
3506 6118 1
6118 3116 1
3116 2040 1
2040 2918 1
2918 7054 1
7054 6501 2
6501 1033 1
1033 386 1
386 1550 1
1217 1550 1
1550 5256 2
5256 2716 1
2716 1032 1
1032 5263 1
5263 1195 1
1195 4047 1
4047 2177 1
5547 1195 1
1195 6860 1
6860 4039 1
4039 306 1
2517 1 1
1 409 3
409 6423 1
6423 306 1
1340 4112 1
7087 7296 1
303 637 1
637 5597 1
5597 2798 1
2798 4881 1
4881 306 1
1033 5662 1
5630 1025 1
1025 684 1
460 2744 1
7297 2693 3
2693 1538 1
3467 47 1
47 5592 1
5592 5805 1
5805 5261 1
5261 2021 5
2021 7219 2
7219 4742 1
4112 6916 1
6916 7206 1
7206 7296 1
175 594 1
594 195 1
1964 1943 1
1943 1025 1
1025 2107 1
1964 1094 2
1094 6656 1
6656 7206 2
7206 1964 1
303 3408 1
3408 3873 1
3873 4969 1
4969 1144 1
889 3090 1
3090 1340 3
2236 295 2
295 5662 1
3090 2841 1
4968 7082 1
7082 455 1
455 6420 1
6420 7206 1
7206 920 1
920 2841 1
2841 2378 1
2378 2587 1
2587 2129 1
2129 1195 1
71 4625 1
5966 2298 1
2298 6525 1
6525 1 2
2817 2107 2
5287 4009 1
4009 1357 1
1357 71 1
71 1688 1
1688 5892 1
5892 107 1
107 306 4
2517 2817 1
2817 4116 4
4116 1 2
5993 2002 1
1357 5890 1
4389 2378 1
2378 2757 1
7099 4721 1
2841 527 2
527 3526 1
1481 5652 1
5652 4112 1
4112 1357 17
1357 3739 1
3739 4159 1
4159 4561 1
4561 5785 2
5785 6656 1
3526 2505 1
2505 5630 1
5418 455 2
455 7296 2
303 2757 1
2757 914 3
914 7206 1
7206 344 1
344 5630 1
5630 71 2
71 849 1
849 2896 1
2896 5681 1
5681 2747 1
2747 6896 1
6896 1964 2
989 914 1
914 5929 1
5929 7239 1
7239 3526 1
3526 6345 1
6345 1550 1
1550 5630 2
1964 4623 1
4623 5198 1
926 2817 1
2817 5204 1
5204 3259 1
1308 1 2
1 5221 1
5221 107 3
107 7113 1
7113 2517 3
3095 1110 1
7306 6490 4
1191 3443 2
3443 7157 1
7157 6677 1
6677 3634 1
3634 5216 2
5216 7306 1
7306 1144 1
1144 5287 8
5287 455 5
2107 914 1
914 4992 1
4992 306 1
306 71 1
71 1981 1
6259 3692 1
3692 4883 1
4883 1333 1
303 1550 4
5754 7239 3
453 2817 1
3095 3614 5
3614 4387 1
3095 1265 1
1265 1263 1
1340 6006 1
6006 950 1
950 6656 9
6656 6216 1
6216 1232 1
1232 1617 1
1617 7306 1
1417 3634 1
5284 4686 1
4686 2548 1
269 5325 1
5325 1964 1
5848 1287 1
1287 2495 1
2495 7306 1
3095 3286 2
3286 7297 1
7297 6279 1
6279 2002 1
2468 4729 1
4729 6633 4
2747 2633 2
2633 7206 1
7206 3242 1
883 3671 1
3671 3528 1
3528 4501 1
4501 682 1
682 4815 1
4815 2725 1
7190 4274 1
4274 989 1
989 2107 2
2107 2336 1
2336 5962 1
5962 5469 1
5469 71 1
71 3268 1
3268 6656 2
3527 5344 2
5344 950 1
950 5715 1
5715 2757 1
7099 3074 1
3074 3259 1
5938 2725 1
6120 4121 1
4121 1 2
2236 6846 2
6846 7156 4
7156 914 1
914 3620 1
3620 7054 1
7054 3565 1
3565 4603 1
4603 2107 1
6715 759 1
759 71 1
71 2097 1
2097 2330 1
2330 4206 1
2817 3620 3
3620 5662 1
338 7306 1
6171 3213 1
6668 71 2
1502 7156 1
6405 1550 2
6668 3226 1
7156 2002 1
2817 2408 1
2408 623 6
623 1 2
6412 2408 2
623 7156 1
6906 3212 1
623 3904 1
5287 5966 2
5966 3294 1
5470 3290 1
603 5848 3
5848 71 1
71 2408 1
623 7296 1
7156 295 1
7099 4644 1
4644 5662 1
6493 236 1
236 7296 1
7296 6667 1
6667 450 1
6668 3904 1
3904 4686 1
3528 236 1
236 4707 1
4707 1402 1
1402 4686 1
3528 677 1
677 1165 1
1165 236 4
236 1 1
401 3908 1
3908 6493 1
1964 623 1
623 2295 1
7296 1322 1
1322 4019 1
4019 634 1
634 5167 1
5167 2737 1
2737 1 1
324 623 1
623 1121 1
1121 3082 1
3082 1482 1
3095 1121 1
1121 985 1
303 2109 1
2109 6201 1
6201 1 1
4686 2002 2
2002 3527 2
3527 6317 1
6317 1964 1
2358 5062 1
5062 5171 1
5171 4386 1
1964 1824 1
1824 6538 1
2358 762 1
762 1114 1
5921 2296 1
2296 682 1
3526 2693 3
2693 5773 1
1502 1114 2
1114 2002 1
2002 7156 3
1502 764 1
764 6201 1
6201 71 1
71 2002 1
2002 1920 1
1502 3904 1
3904 6280 1
6280 1094 1
1094 2021 1
2021 7206 1
7206 1026 1
1026 3290 2
3290 4745 1
4745 7306 2
1944 347 2
6405 1121 2
1121 303 1
3207 3853 1
3853 7306 1
1417 1944 1
1482 2244 2
2244 1981 2
1981 6211 1
6211 1944 1
3528 6506 4
1944 2002 2
5681 3904 1
5287 3082 1
3082 6201 1
6201 1964 1
2737 303 3
303 6667 1
6667 71 1
71 1114 2
1114 6490 2
1191 2239 1
2239 7011 1
7011 3259 1
401 1502 1
1502 6662 1
6662 6656 1
6656 3853 1
3853 306 1
306 3264 3
3264 5831 1
5831 2424 1
2424 1397 1
1397 6506 1
508 3095 2
684 192 1
192 6494 1
6494 1910 1
1910 4477 1
4477 3265 1
303 5417 3
5417 5287 1
1144 7 1
7 7296 1
7296 985 1
985 2239 1
2239 6668 1
1114 6656 3
2817 3467 2
3467 2694 1
6575 2922 1
2922 2747 1
2747 2449 1
2449 69 1
69 4347 1
4347 7113 1
6259 5547 2
1 3577 1
3577 5662 1
3095 1858 2
1858 6412 1
6412 962 3
962 1964 1
3467 964 1
964 2693 1
2693 5966 1
5966 1550 1
5779 6525 1
6525 5993 1
5993 1550 1
3528 5851 2
5851 4087 1
4087 7206 1
7206 5662 1
5631 5851 1
5851 1 1
1 5787 1
5787 560 2
560 5307 1
5307 4112 1
404 70 1
70 2906 1
293 6105 1
6105 5662 3
5662 2587 5
2587 1114 1
1114 6174 1
2468 1 1
3526 5568 2
3095 1294 1
1294 1964 3
6405 3528 6
5851 2716 1
2716 5261 1
5261 306 1
401 1433 1
1433 1 2
6211 684 2
684 2889 1
2889 2942 1
2942 69 1
69 455 1
7156 1191 3
1191 4097 1
4097 3616 1
3616 2587 1
2587 1964 7
1964 4143 1
4143 2548 1
2548 2097 2
2097 6211 1
7158 5216 1
5216 4558 2
4558 3095 1
306 6145 2
6145 1 3
306 1085 2
1085 1 2
6211 4340 1
3526 2985 1
2985 6506 1
6506 3130 2
3130 3526 1
4893 5281 1
5281 3095 2
1964 3127 1
3127 2107 1
2107 3090 1
3090 3526 1
3526 6784 1
6784 4525 1
4525 7297 1
7297 6211 2
303 6604 1
6604 71 1
4525 3207 1
3207 603 3
6736 3207 1
3207 6190 1
6190 7206 1
3207 6604 1
6604 3226 1
3467 3207 1
1964 6190 1
6190 1094 1
1094 6494 1
6494 3528 1
3528 3207 6
3207 3467 1
5287 7297 1
6211 7134 1
7134 1392 1
1392 5662 1
6575 1094 1
1094 1964 1
306 4495 1
4495 3481 1
3481 3528 1
303 386 1
386 1 1
3526 6105 1
1964 1809 1
1809 1550 2
1550 2472 1
2472 1398 1
2587 4645 1
4645 3925 2
5779 7158 1
7158 1618 1
1618 3634 1
5216 1094 1
1094 5662 1
2587 3095 1
3095 5926 1
5926 684 1
684 920 1
920 553 1
553 6211 1
1964 3841 1
3841 306 2
3526 3841 1
3526 2587 1
2587 378 1
378 1344 13
1344 2012 1
2012 1964 1
2410 1844 1
1844 1094 1
1094 4925 1
4925 1344 1
1344 3467 1
3467 6667 1
6667 1 2
1403 5415 1
5415 3526 1
6789 2841 1
1195 3207 1
6385 1479 1
1479 2440 5
2440 3293 2
3293 6604 1
6604 6405 1
6405 3219 1
3219 1964 2
634 6556 1
6556 2051 1
2051 3528 1
7206 6420 1
521 306 1
5923 589 1
589 2817 2
684 4347 1
7066 2716 1
6575 1964 1
684 386 1
386 2798 1
2798 450 1
6494 450 1
1964 1206 2
1206 3528 2
2669 2262 1
2262 2021 1
2021 6203 1
6203 2097 1
2097 6232 2
6232 7158 1
1964 7206 1
7206 6494 2
1187 5105 1
5105 303 1
5681 3420 1
3420 3050 1
3050 239 1
239 2604 1
2604 1964 1
5173 6538 2
4277 6412 1
6412 684 1
684 5910 1
5910 981 1
7156 5105 1
5105 7014 1
2236 1481 2
1481 1344 3
1344 637 1
637 6499 1
5005 368 1
368 1114 1
1114 5005 2
5005 1274 1
1191 5005 1
5005 171 1
171 1964 1
1964 4792 1
4792 1964 1
1944 1482 1
1482 5005 1
5005 7156 6
269 6412 1
6412 5913 1
5913 589 1
589 6656 1
303 7113 1
3315 2021 1
684 1643 1
1643 2440 1
306 2393 1
2393 2440 1
1482 5911 1
5911 71 1
71 5662 1
5754 6017 1
6017 6778 1
6847 2841 1
2841 6067 3
6067 7306 1
3090 2286 2
303 434 1
434 5993 1
5993 6485 1
6485 2725 1
6120 6245 1
6245 2841 2
4598 5754 1
5754 2286 5
2286 7156 1
7156 5660 1
3090 3527 1
3527 4369 2
4369 7306 1
2286 6487 1
6487 1835 1
1835 1152 1
6169 2601 1
2601 2532 1
7156 2601 1
6171 2789 1
2789 2532 3
7306 2066 2
2066 3467 1
3467 3527 1
3527 5143 1
5143 1964 1
3244 3302 1
2789 6493 1
6493 3527 4
7156 1575 1
1575 5754 1
5754 1460 1
1460 306 1
7066 3609 1
2841 5859 2
5859 2669 1
1144 1403 1
1403 2226 1
2226 6405 1
3095 6346 1
6346 2532 1
4681 1550 1
1550 7297 4
2532 3527 1
3527 6386 1
6386 6506 1
6506 3244 3
7156 4925 1
4925 1964 2
4681 711 2
1357 5994 1
5994 7066 1
7066 3244 1
3244 6740 1
6740 3207 2
3207 2413 5
2413 3467 2
3467 2021 3
1144 5748 1
5748 1152 1
1152 3242 1
3095 1764 1
1764 1 1
1 5748 2
5748 2528 1
2528 2601 1
2601 316 1
2841 6472 1
6472 4432 1
4432 4688 1
3526 5162 1
5162 1479 1
700 1715 1
1715 218 1
218 7099 1
7099 6996 1
7066 6506 1
4112 3170 1
3170 3290 1
5748 1191 1
1403 3797 1
3797 1417 1
7160 3156 1
3156 3095 1
303 7158 5
7158 3527 5
6405 5495 1
5495 2002 1
2002 1460 1
1460 7306 1
7306 4700 1
4700 2227 1
2227 5993 1
5993 1981 1
3527 834 1
834 2622 1
2622 2219 1
2219 279 3
279 1 1
3164 2982 1
2982 2161 1
2161 306 1
306 4467 2
4467 6572 2
6572 7306 1
1482 2051 1
2051 3259 1
4552 450 1
4472 280 1
280 3385 1
3385 1 1
2236 378 1
1344 1964 8
1964 4275 3
2865 2725 1
6120 6263 1
1152 5754 1
1501 7306 1
3527 685 1
685 7306 1
1693 1152 3
6223 3948 1
3948 1460 1
1460 4387 1
2934 1766 1
1766 1 2
2236 5174 1
3527 6490 4
6490 3808 1
3378 1964 4
3527 6344 6
1550 4086 3
4086 3357 2
3357 1964 2
2633 2841 2
981 950 1
3527 1808 1
1808 3527 1
3527 401 5
401 4418 1
4418 1964 1
6223 3808 3
3808 7012 1
7012 7306 1
5837 5290 1
5290 2608 1
2608 1964 1
1964 3915 1
3915 1433 1
1502 6171 2
6171 3302 1
303 1766 1
6171 7154 1
3527 2021 3
7154 6493 1
6171 6791 1
6791 2532 1
7154 4562 1
4562 1 1
6791 5306 1
1479 2982 1
2982 4028 1
4028 272 1
272 1964 1
3527 6493 2
306 1766 1
1766 3254 1
5131 1678 1
1678 1964 1
1979 1973 1
1973 7306 1
5547 5346 1
5346 3302 1
344 1715 1
3116 2236 2
2817 3719 1
1340 3040 1
3040 7156 1
2817 3161 1
303 6683 1
6683 1981 1
3501 3526 1
3526 3444 1
3444 4112 3
4686 4215 1
4215 2097 2
981 2730 4
2730 1244 2
1244 3095 2
7016 2532 3
2532 4386 1
4386 5662 5
2841 210 3
210 7306 1
700 4388 1
4388 7054 1
2472 525 1
525 1936 3
1936 1417 1
7160 1191 1
1191 3221 2
3221 3526 1
1964 698 1
698 6490 1
1502 981 4
3290 2440 1
3293 525 1
1936 7158 2
3528 96 1
96 3095 1
1944 3526 3
2532 2044 1
2044 7156 1
6788 981 1
2481 6299 1
6299 609 1
609 7306 1
5068 1550 1
3528 3506 1
3506 4484 1
4484 4686 1
2976 7113 1
7113 210 2
210 1964 2
1482 4459 1
4459 247 1
247 4112 1
4112 7273 1
7273 306 1
520 5890 1
2097 3100 1
3100 3627 1
3627 6334 1
6334 1920 1
1920 1109 1
1109 1791 1
1791 1203 1
1203 2468 2
1964 4107 1
6626 3116 1
3116 5848 2
5848 700 4
700 6299 1
6299 6618 1
7296 401 4
401 1144 1
7179 3528 1
5418 453 1
3526 4142 1
3385 3565 1
3565 1886 1
1886 4112 1
4112 210 1
1550 1203 1
2999 1964 2
5890 3059 1
2622 4506 1
4506 5662 1
5662 2286 1
2286 365 1
365 401 1
401 6686 1
6686 4107 1
4107 344 1
455 5198 1
1920 6135 1
6135 7099 1
1964 7135 1
5938 7296 2
5304 1964 2
3808 6723 2
6723 2236 1
6683 3259 1
1769 1263 1
3378 3259 1
3259 3226 1
2154 3095 1
3095 6723 1
6723 5848 1
634 4101 1
4101 4365 1
2403 6506 1
6506 233 2
233 3681 1
3681 3095 1
4278 1964 2
3565 5048 3
5048 306 1
306 5273 2
5273 7306 1
981 3163 1
3163 6910 1
6910 3828 1
3828 3095 2
2789 298 1
298 4101 1
4101 6405 2
7156 1910 1
1910 3757 1
3757 3634 1
3634 6633 3
6633 4206 1
2295 1 2
6633 779 1
131 6324 1
6324 2115 1
2115 6633 1
6633 1294 1
108 2399 1
2399 1 1
6683 6538 1
1340 6490 1
6490 3999 1
3999 6143 1
6143 1964 3
4386 2664 1
2664 7306 1
1482 1130 1
6017 6494 1
6494 233 1
233 1 1
2236 684 8
684 6855 1
2517 1308 1
4387 5461 1
5461 5419 1
6889 3116 1
3116 5167 1
2717 2841 1
2841 5269 1
306 4443 3
4443 450 1
450 7306 2
2693 6626 1
6626 520 1
7306 6908 1
6908 1964 1
408 3528 1
3528 4928 1
4928 7306 1
7306 7092 1
6420 1538 2
1538 4729 1
5848 5418 1
5418 2747 1
2747 1229 1
1229 7158 1
4847 7306 1
7306 6386 1
6386 1874 1
6633 140 1
140 929 1
929 4387 1
1482 3254 4
1037 4832 1
5955 7306 2
7306 4428 1
4428 2176 1
2176 1964 2
1964 5878 2
5878 1 1
3284 7147 1
7147 4093 1
4093 2122 1
2122 4093 1
1233 3090 1
6221 4093 1
3095 5528 2
5528 343 1
343 3207 1
5528 3526 1
1910 4697 1
4697 7296 1
375 3467 1
3467 2295 1
2295 6044 1
6044 3721 1
644 99 1
99 3095 2
6405 219 1
219 6506 1
6506 3090 1
414 4742 1
684 4690 1
4690 1479 1
4893 3300 1
3300 6405 1
957 1964 1
1964 4101 2
520 1114 1
1482 3284 1
6412 6651 1
6651 2817 1
293 6683 2
6683 4093 1
6633 3979 1
989 4676 1
4676 2107 1
982 3290 1
3254 6456 1
6223 2107 2
2107 3263 1
3263 1964 2
1964 414 1
414 6656 1
2737 3263 1
3263 501 1
2358 4690 1
1 3692 2
3692 1502 5
6633 451 2
451 4093 1
4385 7156 1
4385 6626 1
6626 306 3
2517 3207 1
3207 3116 1
3526 3028 1
3028 3526 2
6626 3123 1
3123 1873 1
1873 1550 1
1550 2345 1
2345 306 1
3526 6173 6
6173 306 3
306 5561 1
5561 4206 1
1967 1 1
4686 4274 1
4274 6412 1
6412 2399 2
2399 2002 1
3526 1372 1
1372 7156 1
7306 5890 1
5890 1310 1
1310 1964 2
7296 6186 1
6186 4819 1
4819 5848 1
3528 7156 5
4093 3244 1
1372 4688 1
3090 5662 1
6169 3213 1
3213 3528 1
3528 7016 2
7016 1858 1
1858 2033 1
2033 6656 2
6656 125 1
1232 7157 1
7296 493 1
493 4686 1
4686 1141 1
1141 3528 3
4112 1217 2
303 1290 1
1290 1417 1
1417 7086 1
7086 293 1
293 4093 1
4093 4938 1
4938 7158 1
3528 5295 1
5295 3528 1
3808 1274 2
1274 1964 4
7156 3292 3
6490 1144 1
5287 5116 1
5116 3095 1
4991 6372 1
6372 7297 1
7297 1229 1
1229 7014 1
7014 3116 2
3116 6044 2
3095 963 1
963 1114 1
3095 1422 1
1422 3526 1
3526 347 3
1906 5131 1
5131 4369 1
4369 6386 1
6386 269 1
269 7016 3
4388 525 1
1936 1479 1
1479 7159 2
7159 5959 2
5959 6405 1
3526 3226 7
3095 1720 1
1720 2789 1
2789 5848 4
2817 500 2
500 3095 1
453 1964 1
303 4763 1
4763 7306 5
7017 2737 1
5005 5923 1
1195 4647 1
4647 2340 1
2340 7306 1
2841 5463 1
5463 7016 1
303 3913 1
3913 2841 1
1403 202 1
6847 2107 1
344 3384 1
3384 508 3
508 7156 1
1340 3808 1
6486 3244 1
5968 7296 1
7296 3242 1
3095 294 3
294 4686 1
1964 71 2
71 6740 1
6740 666 2
6760 3290 1
6494 666 1
666 1 2
1417 1979 1
506 3244 1
1964 352 1
352 6486 1
306 2825 1
2825 3272 1
3272 6490 1
5681 1964 2
2841 1161 4
1161 1417 1
5779 7156 4
2789 1948 1
1948 3506 1
3506 1398 1
1398 673 1
673 5754 1
5754 1229 1
1229 1964 1
5959 3526 1
700 5306 1
1944 2730 1
1244 3207 1
1944 2725 1
6120 5697 1
5697 1474 1
630 5697 1
5697 6190 1
6190 3284 2
3244 7013 1
7013 3095 1
2236 5697 1
5697 7158 1
7158 3306 1
3306 1944 1
1944 5662 1
5662 2757 2
914 7205 1
7205 4112 1
4112 2375 4
2375 2683 4
2683 684 1
1417 5594 1
5594 6748 1
401 4495 1
4495 2922 1
2922 2789 1
2789 3163 1
3163 219 2
2906 5848 4
5848 634 1
634 6467 2
6467 3095 1
6223 5789 1
1502 1550 2
5630 1114 1
2841 2587 10
2587 2817 1
3444 3095 1
6851 1516 1
1516 2195 1
2195 4271 1
4271 5596 1
5596 1 1
1 6221 2
6221 6999 1
6999 5662 1
5662 6370 1
6370 4623 1
4623 2097 1
5547 7158 2
7158 4008 1
4008 4112 1
1357 2757 1
3095 3973 1
5662 2725 1
6120 1417 1
7156 3935 1
3935 303 1
217 71 1
71 6760 1
6760 1964 2
7306 267 1
267 3290 1
7016 621 1
621 700 1
1191 2730 1
2730 71 1
71 1804 1
1804 5630 1
981 7018 2
1114 1824 1
1824 2239 1
7206 3290 1
1417 3528 3
6420 2737 3
6736 3478 1
3478 2864 1
2864 1824 1
1479 4221 1
3095 2665 1
2665 3226 1
2719 5890 1
6846 2000 1
2000 5629 1
5629 848 1
848 2107 1
7306 1584 1
1584 2477 1
2477 6656 1
6656 3873 1
3873 4968 2
1964 7249 1
7249 1398 3
1398 7306 1
5009 4206 1
1964 2468 1
2468 4387 1
6420 1699 1
2841 5316 1
5316 472 1
472 6522 1
6522 2446 1
3095 1330 1
1330 5216 1
5993 3925 1
3925 6522 1
6522 6044 1
186 303 1
1403 7249 1
1398 306 1
7142 6955 1
6955 844 1
844 1964 1
6006 6174 1
6174 1550 2
3259 4349 2
4349 7014 3
7014 5773 1
5773 7156 2
3095 6174 1
6174 2841 1
2693 3925 1
3925 2476 2
2476 5662 1
5662 2399 2
1964 5625 1
5625 920 1
920 7139 1
7139 2021 1
2021 5251 1
5251 384 1
384 6209 1
6209 4558 1
2757 1094 1
1094 5831 1
1550 4449 1
4449 5660 1
5662 3873 1
3259 3528 2
6710 2102 1
2107 2441 1
1981 384 1
384 753 1
753 2002 1
2002 7249 2
1398 2097 1
3526 6280 1
6280 2633 1
2633 5831 1
1550 1398 1
1398 6145 1
2097 6145 1
6145 6405 1
3528 459 1
6259 5890 1
5890 638 1
638 3999 1
3999 5851 1
575 3528 1
3528 4340 1
2097 2476 1
2476 6493 1
6493 3467 1
1981 2633 2
2633 666 1
666 4992 1
4992 7013 1
7013 2002 1
7249 1964 1
1964 706 1
706 3467 1
3467 638 1
638 1981 1
1981 5785 1
5785 384 1
384 6105 1
2587 4334 1
4334 5415 1
5415 1964 1
2476 1964 2
2719 3303 1
3303 2633 1
2633 5221 1
107 3528 1
2841 4440 1
4440 2097 1
6538 1203 1
1203 2841 1
2841 2358 5
5831 2236 1
3528 1715 2
1715 2107 2
6506 2798 1
2798 3528 1
3528 6683 1
6683 3528 3
3565 649 1
1964 4190 1
6223 3528 2
3528 2889 1
2889 6506 1
764 2633 1
2633 644 1
644 702 1
702 2967 1
2967 5418 1
5418 6851 1
6538 7249 1
7249 2358 1
303 3925 1
3925 2747 1
2747 1203 1
1203 1809 1
1947 6656 1
3565 303 3
303 763 1
763 3925 1
3925 7206 1
7206 3467 1
2633 303 1
303 71 1
985 1178 1
1178 7033 1
7033 3526 1
3526 1165 2
236 638 1
638 4144 1
4144 6626 1
6626 3152 1
634 4686 2
4686 6735 1
2448 2107 1
3528 5905 1
7306 3500 1
3500 71 1
684 6006 3
6006 3526 1
4552 2236 1
6846 2747 2
2747 994 2
994 5662 1
1964 6738 1
6738 6723 1
6723 3526 1
3526 2236 1
2236 638 1
638 3565 1
3565 4389 1
4389 3528 1
375 1837 1
1837 2130 2
2130 4263 1
4263 1964 1
6735 3167 3
3167 7306 1
1868 6670 2
6670 5662 1
1203 6506 1
7306 4126 1
4126 5926 1
5926 71 1
71 3081 1
3081 4068 1
4068 1964 6
1964 234 1
234 1964 1
5662 1239 1
1239 7296 1
1403 2633 1
2633 3526 1
236 1482 1
1482 3731 1
3731 1550 1
7297 1195 3
1964 1159 2
1159 236 1
236 6668 1
1159 2021 1
2021 6585 1
6585 7206 1
6494 7206 1
7206 4318 1
4318 3528 1
1805 71 1
1964 236 2
236 2906 1
293 4280 2
4280 1403 1
1403 5597 1
5597 7206 1
7206 303 1
303 5934 2
5934 2737 1
6171 3526 3
6223 5662 4
914 1964 1
6120 3526 1
6851 3973 1
116 3259 1
3259 1263 1
1502 71 1
71 883 1
883 1981 5
1981 5779 4
6715 6668 1
6668 914 1
914 6538 1
6538 5287 3
2517 7306 2
5131 3254 2
5965 1964 1
344 90 1
90 5335 2
5335 6575 1
7142 848 1
848 7206 1
7206 3412 1
2419 7113 1
2517 6144 1
6144 1964 1
1964 4259 1
4259 5825 1
5825 2633 1
2633 262 1
262 2097 13
5547 3303 1
5417 1964 1
4565 506 1
1 7206 1
7206 107 1
107 1550 3
131 6280 1
6280 3828 1
3828 2403 1
2403 6668 1
3528 6668 1
5774 6405 1
6405 3217 1
3217 7156 2
3095 5709 2
1203 684 1
5473 3095 1
1479 3081 1
3081 7306 1
6223 3217 2
3217 6736 1
6736 7014 3
3285 3095 1
3095 778 1
778 1906 1
1906 2841 1
131 7102 1
7102 6412 1
6412 455 2
455 1263 1
4589 684 1
7296 6245 3
6245 6656 2
7306 3925 2
3925 950 2
950 1126 1
1126 6013 1
6013 5882 1
1203 4387 1
3095 6229 1
6229 684 1
684 233 1
233 5926 1
5926 634 1
5966 1130 1
2517 848 1
848 1 1
1 1144 3
5287 2622 1
2622 3753 1
3753 384 1
384 5662 1
5630 5090 1
5090 2717 1
2717 2476 1
2476 7306 1
1964 4552 3
684 2306 3
2306 7306 1
5837 4985 1
4985 1964 1
5568 219 1
3095 4335 5
7297 1340 3
1340 347 1
2747 684 1
3226 380 1
380 2219 1
2219 280 1
280 1333 1
303 1259 3
303 495 1
495 7158 1
7158 2725 1
6120 927 1
927 672 1
672 5662 2
5662 914 1
914 306 1
1964 6661 5
6661 5662 1
303 5470 1
3527 3671 1
3671 5005 1
5005 7297 3
7297 280 2
280 1964 2
2107 6270 1
6270 400 1
5779 2725 1
6120 6493 1
3526 2789 8
2789 4618 1
4618 293 1
3527 4206 1
5959 293 1
6739 3205 1
3205 7306 1
7306 5924 1
5924 5662 1
1203 3623 1
3623 5075 1
5075 2097 1
5890 2934 1
520 6656 1
5676 131 1
131 1144 1
1144 2839 1
6445 1323 1
1323 537 1
537 4387 1
3095 861 1
861 3528 1
2841 4020 4
4020 4686 2
4686 4909 1
3528 2548 1
2548 1964 3
6760 5892 2
5892 7306 3
1126 1769 1
1769 2236 2
2236 4908 1
4908 2548 1
2548 71 1
71 347 1
7306 1407 1
1407 1964 1
1274 6456 1
6456 6044 1
6229 2097 1
1964 186 1
186 3095 1
4335 1 1
1 3368 1
3368 3526 1
3526 2517 1
210 1233 1
7306 4128 1
4128 7113 1
210 2097 1
2097 5561 2
5561 1964 1
1964 5079 1
5079 7113 1
7113 1969 1
1969 7306 1
7296 6276 2
6276 2693 1
2693 4093 1
303 3492 1
3492 1263 1
7306 2074 1
2074 5662 1
1126 1449 1
1449 3095 1
2789 4686 3
2107 1688 2
1688 994 1
994 7179 1
7306 3718 1
3718 1026 1
1026 7296 1
6372 6506 1
3095 7256 2
7256 7296 1
303 994 1
5964 3254 1
3254 5004 1
5004 7306 2
1964 3992 1
3992 2841 1
1233 6893 1
6893 7306 1
1117 3355 1
3355 1263 1
3378 3526 1
5848 5915 1
193 6372 1
6372 1 1
303 1417 2
6494 4510 1
4510 1229 1
1229 6386 1
4990 5848 1
6668 4688 1
7156 1344 1
1344 6633 1
378 7306 2
7306 5788 1
5788 2719 8
2719 6022 1
6022 6180 1
6180 2841 1
2097 6867 1
5561 7158 2
2890 1964 1
1964 3783 1
3783 2107 1
6506 1229 1
1229 4892 1
4892 3565 1
617 6789 1
6789 1026 1
1026 1263 1
7306 5278 1
5278 7156 2
6633 378 2
378 6372 1
2481 7296 2
7015 3528 1
2934 1964 1
6668 3828 1
3828 2747 1
6602 6819 1
6819 506 3
6420 3829 1
3829 131 5
131 2246 1
2246 2868 1
2868 3528 1
6412 2821 2
3095 6467 4
1233 5892 3
5892 723 1
723 4093 1
2841 217 2
217 520 1
6855 1263 1
3095 3818 1
3818 3829 1
3829 5814 1
5814 2727 1
2727 1144 1
4968 6626 1
6626 2817 5
2817 718 2
718 3090 2
3090 5828 2
5828 6941 2
3565 5752 2
5752 1964 2
116 5662 1
5662 699 2
699 1195 2
1195 6656 1
7306 4035 1
4035 2416 1
2416 306 1
1371 2452 1
2516 3892 1
3892 5743 1
5743 5662 1
5662 2157 1
2157 1964 2
1917 3254 1
3207 486 1
486 1479 1
1479 684 2
7296 4871 1
4871 2107 1
4426 7306 2
7306 6742 1
6742 2817 1
7015 7306 2
303 5285 2
5285 6670 1
3634 2408 1
5662 210 1
210 2817 1
1340 7102 1
7102 4093 1
4093 352 1
352 2104 1
2104 1437 1
1437 1964 1
1964 6470 1
6470 1 1
4093 3207 1
1964 5751 3
5751 1964 1
1964 2502 1
2502 1964 5
1964 6729 2
6729 5068 1
2744 4349 1
4349 5848 1
3528 5102 1
6405 6155 2
6155 949 1
949 1964 2
1964 5003 3
5003 3528 1
1979 603 1
2817 5029 2
5029 634 1
634 5547 1
303 3171 1
3171 7229 1
7229 6412 1
6412 1071 1
1071 2693 1
2693 7229 1
7229 2716 1
306 4482 1
4482 2817 1
1195 3668 1
5204 294 1
294 2107 1
6506 3284 1
3284 4335 1
2295 2817 2
2817 3614 1
4093 4742 1
640 6420 1
3207 6540 1
6540 2047 1
2047 3706 1
3706 4686 1
4686 3009 1
3009 1970 1
1970 1964 1
1964 6521 1
6521 406 1
6173 2024 1
2024 4206 1
3528 4626 1
6538 1677 1
1964 2508 1
2508 306 3
7158 3583 1
3583 3163 1
3163 1 2
4686 5820 1
2841 4021 1
4021 1262 1
1262 926 1
926 520 1
520 4112 1
4112 2262 2
2107 5724 1
5724 3228 1
3228 3226 1
1902 4464 1
6489 401 1
401 2722 2
2722 6544 1
6544 6847 1
6847 5544 1
5544 1675 1
1675 927 1
927 2613 1
2613 3904 1
455 1479 1
1479 5993 2
5993 337 2
337 2896 1
2896 5547 1
7296 6651 1
6651 4474 1
4474 2517 1
219 6006 1
6006 3254 1
3254 3259 1
3259 5374 1
5374 4686 1
4686 5728 1
5728 2374 1
2374 3099 2
3099 1 2
6420 5731 1
4476 5446 1
5446 684 1
684 7230 1
1964 7230 2
5547 1479 1
337 6740 1
3095 7177 1
7177 1 1
1 5815 1
5815 455 1
2107 1131 2
1131 4101 1
3527 3100 1
3100 7177 1
5258 7296 1
7296 7182 1
7182 1964 1
1403 6313 1
7177 4474 3
4474 7296 1
4093 2040 1
2040 5967 1
5967 5898 1
5898 402 1
402 306 1
6764 2021 1
2021 3225 1
980 2236 1
2236 6405 1
6405 6486 1
6486 1902 1
1902 1350 1
1350 2000 1
2000 2628 1
2628 6208 1
6208 460 2
460 1964 2
1964 5658 1
5658 2841 1
7297 5658 1
5658 6748 1
6626 302 1
302 6476 1
6476 5288 1
5288 3302 1
2345 3769 1
3769 306 1
1964 5657 1
5657 4686 1
2107 2221 1
2221 6621 1
6621 2896 1
520 2380 1
2380 3099 1
3099 2841 2
600 2380 1
2380 5547 1
2744 6740 1
6740 5326 1
5326 1131 1
1131 2841 1
131 242 1
242 1342 1
1342 2841 2
2841 3564 1
2517 1333 1
303 6258 1
6258 4832 1
4832 2520 1
5870 1 1
1 5879 1
5879 1342 1
1342 2242 1
2242 7269 1
7269 6412 1
7156 2369 1
2369 5079 1
5079 4686 1
4686 4272 1
4272 2831 1
2831 405 1
405 1964 2
1964 415 1
415 6633 1
2548 5160 1
5160 1964 1
1964 5713 1
5713 1964 1
1964 1756 1
1756 2517 1
2040 1964 1
1964 2253 1
2253 7102 1
7102 4098 1
4098 4688 1
131 316 1
316 1379 1
1379 5644 1
3527 1910 2
1910 4018 1
4018 6630 1
6630 1 1
1964 5731 1
5731 1195 1
1964 637 3
637 553 1
553 5937 1
5937 5985 1
5985 2841 1
2841 6066 1
1964 3897 1
3897 5207 1
5207 1702 1
1702 518 1
518 6456 1
6740 2614 1
2614 1442 1
1442 3634 1
2354 6044 1
6044 3141 1
3141 1964 2
2817 6011 1
6011 5662 2
1035 5779 1
5779 1022 1
1022 1594 2
1594 1 2
6538 3668 1
1964 2602 1
2602 2841 2
2841 5562 1
5562 5135 1
5135 3668 1
3668 1 1
968 1964 3
1814 5125 1
5125 4626 1
4626 1964 1
1502 3879 1
3879 5304 1
1964 2041 1
455 4272 1
4272 5145 1
1964 5245 1
3871 1130 1
1130 6656 1
6656 5150 1
5150 131 1
2744 5374 1
5374 2329 1
2329 6656 1
3526 2264 1
2264 2021 1
2021 204 1
204 1964 1
6538 7054 1
7077 3254 1
3254 4112 1
4112 5968 1
5968 1964 1
459 3044 1
3044 523 1
523 5226 1
5226 4686 1
1131 4112 1
5547 6650 1
6650 4093 1
1964 2123 1
2123 5351 1
5351 2265 1
2265 3829 1
4093 1398 1
1398 3528 1
640 3274 1
3274 2276 1
2276 1398 1
1398 2841 1
4093 455 1
2107 5715 1
5715 3559 1
3559 6523 1
6523 4112 1
4112 3254 1
5966 455 1
2107 3565 2
3565 4272 2
4272 6523 1
6506 2236 2
3526 1737 1
1737 2896 1
989 5967 1
5967 6559 1
6559 6405 1
634 3292 1
3292 7158 1
1902 1331 1
1331 3259 1
3259 520 1
520 603 1
6405 2817 3
1964 5029 1
5029 1195 1
1195 316 2
6550 1964 1
2097 6489 1
6489 3467 1
1110 6621 1
2562 5167 1
2717 2275 1
2275 306 2
306 5877 1
5877 7158 1
7158 3871 1
3095 3027 1
3027 2841 2
3467 7182 1
7182 1 1
4093 5102 1
186 7156 1
5966 980 1
980 5979 1
1964 235 1
235 7011 1
7011 5966 1
1 455 3
7156 2777 1
2777 4112 1
4112 2247 2
2247 4251 1
4251 4720 1
269 3634 1
3634 1433 1
1433 5328 1
5328 1233 1
7296 1433 1
4112 6046 1
3290 3207 1
3207 1433 1
1433 6405 1
981 7125 2
5073 6621 1
6621 2817 1
2817 3782 1
3782 2107 1
6229 720 2
5547 261 1
397 3526 1
6476 2107 1
437 4686 1
4686 1694 1
1694 6595 1
6595 6179 1
6179 3264 1
5328 3302 1
401 3829 1
3829 5723 1
634 6996 1
6996 999 1
999 1964 1
1479 3879 1
3879 3095 1
3095 1351 1
1351 2781 1
2781 306 1
306 3263 5
3263 3462 1
2358 4210 1
4210 7306 1
7306 5595 1
5595 71 1
71 7306 1
5779 2129 1
2129 3159 1
3159 3769 1
570 3095 1
3095 3805 2
3805 3019 1
3019 5958 1
5958 7156 2
401 5547 1
5547 1326 1
1326 3095 1
303 3244 2
3244 2413 3
2817 336 1
336 6656 1
131 458 1
458 3706 1
1964 3627 1
3627 1114 2
1114 2241 1
2241 2677 1
2677 2041 1
5287 3449 1
3449 5736 1
5736 306 1
3501 2123 1
2123 6973 1
6973 1 1
520 6683 1
6683 2054 1
2054 2841 1
4093 2021 1
7182 2021 1
2021 6846 1
2107 6420 3
6420 4024 2
4024 2021 1
2841 5900 1
5900 7015 1
7015 2817 2
1539 2841 1
4093 294 1
684 3099 1
3099 2896 1
989 6839 1
6839 1897 1
968 3829 2
3829 3528 2
1964 6160 2
6160 7156 1
3528 6117 1
6117 2021 1
2021 5676 1
5779 3012 1
3012 1233 1
7156 6117 1
6117 1 1
5676 3012 1
3012 6736 1
2737 4539 1
4539 293 1
634 7158 1
7158 2903 2
2903 6251 1
6251 1897 1
1897 1233 1
2789 3528 3
3528 2596 1
2596 2695 1
2695 2107 1
2107 2613 1
2613 2020 1
2020 7156 1
2841 4763 2
6160 5662 1
7306 453 1
453 5882 1
6656 2613 1
2613 295 1
295 2020 1
2020 6405 1
7156 5400 1
5400 7296 1
7296 414 2
414 542 1
542 2817 1
2817 5920 1
5920 1964 1
1550 3831 1
3831 1897 1
1897 2107 1
3528 7126 1
7126 3099 1
3099 1964 3
6538 1897 1
1897 2358 1
2358 2070 1
2070 1964 1
1964 765 2
765 1981 1
1981 973 1
973 3467 1
306 3284 3
2717 306 2
6452 5167 1
5167 3871 1
3871 634 1
634 5500 1
5500 1981 1
1981 6593 1
6593 6631 1
6631 2055 1
2055 3528 1
3528 1307 1
1307 3830 1
3830 306 1
3808 2377 1
2377 4686 1
4686 3871 1
3871 5903 1
5903 1550 1
1550 4166 1
4166 3448 1
3448 2704 1
2704 1482 1
1964 922 2
922 7255 1
7255 1722 1
1722 1964 2
3829 5547 1
3565 6208 1
6208 6486 1
6486 4686 1
4686 1263 1
1263 2817 2
2817 1315 1
1315 1964 1
1964 556 2
556 1323 1
1323 6181 1
6181 4626 1
5068 3871 1
1964 4397 1
4397 4093 1
4686 193 1
193 1944 3
3254 3288 1
3288 303 1
5968 2413 2
2413 2184 1
2184 2613 1
2613 4626 1
4485 1536 1
1536 306 1
1340 3829 1
131 6762 1
6762 6135 1
6135 1964 6
1964 7077 4
7077 2841 1
2841 6575 5
6575 6208 1
6208 6044 1
6451 306 1
3501 1343 1
1343 3226 1
3449 7297 1
7297 3449 1
3449 5952 1
5952 2817 1
2817 501 2
501 7077 1
3904 3449 2
3449 1947 1
1947 6888 1
6888 186 1
2817 3085 1
3085 2051 1
2051 2693 1
926 293 4
293 6174 1
6174 1964 1
4859 4093 1
4093 2129 1
6889 3925 1
1794 7306 1
2934 5223 1
5223 7098 1
7098 3910 1
3910 7113 2
7113 3940 1
3940 2841 1
3626 401 1
306 1154 1
1154 7325 1
7325 1964 1
4112 5561 2
5561 6190 1
6190 2197 1
2197 2517 1
2841 2716 1
2716 2021 1
6538 4636 4
4636 3095 2
3095 2854 1
2854 2532 1
6420 7314 1
7314 2107 1
926 7113 1
7113 5561 1
5561 1979 1
1979 2335 1
2335 254 1
254 5993 1
5993 4112 1
4112 6589 1
6589 2097 1
2097 254 1
254 107 1
107 3558 1
3558 2111 1
1159 2798 2
2798 7306 2
2435 294 1
294 1479 1
1479 1550 1
1550 2440 3
3227 972 1
972 7306 2
640 2104 1
1550 1233 3
6733 3634 2
3528 5892 1
7306 4591 1
4591 3500 1
3528 6132 1
6132 981 1
981 3528 3
3254 6412 7
1187 4688 1
4688 1550 1
1964 972 1
972 5662 1
5662 6017 3
6017 3528 2
6740 5194 1
5194 2097 1
7098 6506 1
4194 3095 1
3095 5193 1
5193 7306 1
5966 3226 1
3226 2587 1
2587 3226 1
3226 6017 1
700 1480 1
1480 634 1
634 5016 1
5068 3163 1
3163 1134 1
1134 331 1
5561 603 1
603 6493 2
6493 2508 1
1964 6299 1
6299 329 1
329 2097 1
7296 5701 1
5701 6017 1
6017 5662 2
5662 5919 1
5919 3528 1
3528 492 1
492 2097 1
5221 3385 1
3090 3627 1
3627 1 1
1 2719 2
2719 7113 3
2021 1217 2
2817 6846 5
6846 1999 1
1999 2399 1
1964 6019 1
6019 2488 1
2488 2817 1
2107 4197 1
4197 4952 1
4952 2097 1
5561 3259 1
455 3527 2
3527 384 1
384 1333 1
303 4692 1
4692 3829 1
131 4381 1
4381 1 1
6223 4097 1
4097 5968 1
5968 2817 1
2817 3791 1
3791 684 1
2236 2517 1
2517 3620 1
4365 1964 1
6740 6486 1
6486 6493 1
2817 4230 1
2097 3627 1
3627 6174 1
306 6521 1
6521 1797 1
1797 1964 1
1964 3537 4
3537 2718 1
2718 3467 1
1981 256 1
256 303 2
452 985 1
985 5803 1
5803 1 1
219 3526 4
303 2598 1
2598 1964 1
5662 5787 1
5787 71 2
71 2841 1
2841 2679 1
2679 303 1
303 6221 3
6221 5532 1
5532 7239 1
7239 5840 1
5840 1096 1
1096 7215 1
7215 5618 1
5618 5532 1
5532 7007 1
7007 7251 1
7251 1778 1
1778 306 1
306 841 1
841 5685 1
1964 4331 1
4331 1341 1
1341 896 1
896 3207 1
3207 4331 1
4331 6656 1
303 641 2
641 3467 2
3467 2841 5
5631 6211 1
6211 3203 1
3203 1482 1
1482 1327 1
1327 6221 1
6221 6978 1
6978 1981 1
1981 5841 1
5841 7006 2
7006 5662 1
5213 1 1
6538 3303 1
3528 563 1
563 6648 1
6648 163 1
2848 2232 1
2232 5670 2
5670 1403 1
1403 256 1
6577 1964 1
303 6494 2
6494 3102 1
3102 4626 1
1594 2817 2
2531 3666 1
3666 1964 2
1964 1981 4
5329 3904 1
1191 893 1
893 7156 2
7156 3303 2
3303 7297 2
7297 2758 3
2758 1402 1
1402 6044 1
6044 3259 1
700 764 1
764 3191 1
3191 6171 1
6171 2598 2
2598 6656 1
7156 2757 1
2757 1114 1
1114 603 7
603 5043 1
5043 7306 1
3467 6004 1
6004 1259 1
7158 6359 1
6359 468 1
468 2136 1
2136 5662 1
5662 1959 1
1959 6360 1
6360 3529 1
3529 4471 1
4471 6359 1
6359 4112 1
4112 6506 2
1964 7289 1
7289 500 1
3528 6346 1
6346 1964 1
1964 1634 1
1634 2841 1
3467 408 1
408 1322 1
1322 7102 1
7102 5921 2
1964 6507 1
6507 6026 1
6026 6779 1
6779 2107 1
2107 4170 1
4170 700 1
2841 3513 1
3513 1018 1
1964 700 10
700 7306 5
1550 700 2
700 4197 1
4197 1964 2
4581 700 1
4530 1 2
6494 3191 1
3191 1964 2
4789 6727 1
6727 500 2
500 228 1
228 1964 1
401 2747 2
2747 2082 1
2082 1 1
700 7156 1
6626 3506 1
3506 3127 1
3127 5104 1
5104 6565 1
684 1516 2
1516 7306 1
7306 3071 1
3071 3095 1
1964 2755 1
2755 4688 1
7156 5248 1
5248 7306 1
7306 6407 1
6407 1627 1
1627 1495 1
1495 2789 1
700 5848 11
7306 2846 1
2846 2102 1
408 1335 1
1335 5261 1
7219 4112 1
7059 5662 2
5662 3276 1
3276 5538 1
5538 1964 5
3116 139 1
139 1964 1
1191 6656 3
1979 684 1
684 7014 1
1114 7014 1
7014 2107 1
344 698 1
409 2442 1
2442 5220 1
5220 5953 1
5953 7156 1
5676 4681 1
4681 4900 1
4900 2097 1
2097 288 2
288 3467 1
3116 5304 1
7306 3298 1
3298 6889 3
6889 1964 1
7156 1907 1
1907 3867 1
3867 6022 1
6022 4681 1
4681 1964 4
3528 6386 4
6386 7309 2
7309 5662 3
2587 1141 1
7306 4495 1
4495 7158 1
7306 3719 1
6420 5221 1
1479 4385 2
4385 6490 1
6490 786 1
306 1457 1
1457 3305 1
3305 306 2
306 5235 2
5235 1964 1
1964 4013 3
4013 1964 7
1964 5070 1
5070 3829 1
3829 7216 1
7216 7306 1
1308 1594 1
1594 7160 1
7160 40 1
40 5095 1
5095 6213 1
6213 5848 1
5848 2757 1
5662 700 13
700 4349 1
4349 2789 1
293 3409 1
3409 1964 1
1964 3576 1
3576 500 1
2107 4135 3
4135 7306 1
3095 5181 1
5181 1 1
700 7102 1
7102 5087 1
5087 948 1
948 3379 1
3379 4112 1
4112 5552 1
5552 7306 1
7306 2853 1
2853 5958 1
5958 6528 1
6528 3887 1
3887 2510 1
2510 854 1
854 2841 2
2841 6352 1
6352 7306 1
1944 2532 9
2532 6552 1
6552 4832 1
5955 1741 1
1741 513 1
513 2821 2
2821 6693 1
6693 6962 1
6962 4112 1
5631 1259 1
1259 5369 1
5369 1117 1
1117 6832 1
6832 3899 1
3899 1964 1
1964 936 1
936 295 1
295 1964 3
1964 2511 1
2511 5174 1
5174 1114 1
1114 2624 6
1482 241 1
241 1550 4
3226 4221 1
4221 2553 1
3095 5270 1
5270 1 2
700 4112 3
4112 2122 1
2122 7087 1
7087 306 1
2737 1741 1
1741 632 1
632 2087 1
2087 539 1
539 5631 1
5631 3859 1
3859 5412 1
5412 3563 1
3563 1964 1
5173 7296 1
7014 6710 1
6710 2789 1
2789 3133 1
3133 900 1
900 1479 1
1479 5398 1
5398 3634 1
3634 2239 1
2239 401 1
401 4273 2
4273 5104 1
5104 6494 1
6494 3386 1
3386 306 1
306 7028 1
7028 3290 1
1964 2752 1
6024 4112 1
2747 7087 1
7087 1287 1
1323 3528 1
3528 3303 3
3303 2766 1
4686 2757 1
7099 432 1
432 1964 1
5848 6689 1
6689 7296 1
700 3050 2
3050 7156 2
2598 4332 1
4332 6506 6
7306 1284 1
1284 5779 2
5779 1263 2
1964 6803 1
6803 1263 1
6412 3407 1
3407 1964 1
3526 4932 3
4932 6459 1
6459 6701 1
6701 950 1
950 6609 2
6609 5848 1
4350 7102 1
7296 3407 1
3407 1259 1
1259 700 2
700 4097 1
4097 6169 1
6169 2598 1
2598 7293 1
7293 5757 1
5757 1964 1
1964 2916 1
2916 1114 1
7306 3529 1
3529 1370 1
1370 7015 1
7015 3254 1
1403 7306 2
3095 1811 2
1811 2440 1
2440 470 1
470 306 2
7306 3886 1
3886 6405 1
6405 3236 3
3236 2236 1
2236 6263 1
6263 6405 1
843 3244 1
2413 7306 3
3095 467 3
467 1025 1
1025 517 1
517 4024 1
4024 7306 1
467 7306 1
7296 1811 1
1811 5227 1
5227 5276 1
5276 5723 1
5723 1316 1
1316 7306 1
3467 927 1
927 7306 1
2934 5779 2
5779 2741 1
2741 5217 1
5217 5723 1
5723 1283 1
1283 5754 1
1191 5217 2
5217 3713 1
3713 6656 1
2747 185 1
185 2747 1
2747 1374 1
1374 684 1
684 5566 2
5566 3259 1
3526 3740 1
3740 3095 1
3095 5995 3
5995 2237 1
2237 7306 1
7306 2531 5
2531 306 2
2741 1575 1
1575 3302 1
2747 102 5
102 5292 1
5292 5811 4
5811 2942 1
2942 6855 1
6855 1 1
684 6459 1
6459 950 1
6609 1 1
4386 700 1
5662 324 4
324 5292 2
5811 981 1
3526 2598 1
2598 7156 1
700 2817 1
2817 6634 1
6634 4206 1
3276 324 1
5811 2822 1
2822 6626 1
6626 4832 1
4832 7102 3
7102 1114 1
700 6626 2
6626 3226 1
3226 4832 1
467 700 1
700 1025 1
1025 7306 2
5676 6405 3
3236 3886 2
3886 1114 1
1114 5676 1
5676 1284 1
1263 7296 6
5921 6267 1
6267 4112 1
4112 6166 1
6166 5921 1
5921 7306 2
3095 1492 1
1492 3692 1
700 6405 3
3886 1947 1
303 3692 2
3692 3830 1
3830 700 1
4140 7099 1
7099 3242 1
373 3259 1
3259 1287 2
1287 3302 1
6245 6401 1
6401 2747 1
2747 5599 1
5599 6401 1
6401 324 2
324 5599 1
5599 7296 1
7156 1025 1
1025 3808 1
3808 6530 3
6530 3081 2
3081 2757 1
2757 7306 1
700 3686 1
3686 2747 1
2747 6404 1
6404 7306 1
2097 700 2
700 1279 1
1279 4112 1
4112 5065 1
5065 7306 1
7306 940 1
940 1233 1
1233 859 2
859 950 2
950 6846 1
6846 7296 1
1 2598 1
2598 5848 1
700 303 4
1114 2747 2
2747 4775 1
4775 6220 1
6220 6370 1
6370 940 1
940 249 3
249 306 1
2295 5186 1
5186 354 1
354 107 1
29 7158 1
7158 1449 1
1449 7152 1
7152 533 1
533 5750 1
5750 3526 1
3526 1514 1
1514 6626 1
6789 3609 1
3609 1468 1
1468 6370 1
6370 1964 1
1964 4742 3
4742 306 1
634 6789 1
3671 690 1
690 6370 1
6370 4410 1
4410 940 1
940 1858 1
1858 6484 1
6484 1964 1
1964 4514 1
4514 1 1
1 2626 1
2626 3029 1
3029 3620 1
306 1553 1
1553 7306 1
7306 5199 1
5199 4687 1
4687 2626 1
2626 940 1
940 7306 4
7306 1686 1
1686 940 1
249 3259 1
3259 603 1
1906 3472 1
3472 2554 1
2554 5682 1
5682 1000 1
1000 7099 1
7099 4812 1
4812 7005 1
7005 5723 2
5723 306 1
306 5623 2
5623 2007 1
2007 5662 1
5662 5292 1
5811 4929 1
4929 7321 1
7321 5662 1
2112 1543 1
1543 3829 1
3526 1488 2
1488 1964 3
6494 2817 2
2817 4579 1
4579 3526 1
3526 6873 1
6873 3259 1
7296 144 1
144 6873 1
6873 3526 1
3526 3107 1
3107 3259 1
2817 6047 1
6047 4889 1
4889 3526 1
1550 940 1
940 7296 3
401 1359 1
1359 1964 1
1964 3743 1
3743 2817 1
2817 5848 2
7156 6047 2
6047 5227 1
5227 6506 1
2817 3067 1
3067 2107 1
2817 640 2
640 1333 1
1333 3387 1
3387 2097 3
5662 4405 1
4405 1964 2
1964 2928 1
2928 3526 1
5730 2711 1
2711 4090 1
4090 324 1
2713 3259 1
1479 1126 2
1126 2924 1
2924 3526 1
5131 248 1
248 3526 1
3095 3325 4
3325 4688 1
7296 6484 1
6484 1 1
3095 6916 1
6916 1964 1
1964 2441 2
1333 4207 1
4207 3526 5
3526 2475 1
2475 1550 1
1550 3315 2
3315 1964 1
570 3495 1
3495 5372 1
5372 6844 1
6844 2122 1
2122 4695 1
4695 3290 1
303 3209 1
3209 1964 2
2817 6046 1
6046 1550 1
3315 1233 1
1233 4957 1
4957 940 1
940 6261 1
6261 1964 1
634 6169 1
2532 324 1
5730 6538 1
2021 1403 2
2789 6186 1
6186 1715 1
7156 940 3
3808 4771 1
4771 1844 1
1844 6211 1
6211 2916 1
2916 6044 1
6044 3999 1
3999 5328 2
1964 1717 1
1717 303 2
7297 547 1
547 5662 2
5662 940 28
940 3526 6
484 459 1
3526 7105 1
7105 5494 1
5494 603 1
603 3162 1
4195 4626 1
3315 3526 1
981 4630 2
4630 940 1
2296 700 1
1488 4112 1
3095 700 4
700 3467 4
3467 4831 1
4831 6412 1
6412 3205 1
3205 1114 1
3467 3095 3
3467 6319 1
6319 1520 1
1520 3232 1
3232 5662 1
5662 844 1
844 6689 1
6689 1114 1
3095 6656 2
3467 2030 1
2030 6401 1
6401 5599 1
5599 1964 1
6211 6494 2
6494 3085 2
3085 5648 1
5648 7135 1
5938 4655 1
4655 7156 1
700 940 3
940 2789 1
700 6122 1
6122 2747 1
2747 6401 1
6401 981 1
981 6211 3
6211 1 1
684 5648 2
5648 1263 1
5676 5977 1
5977 940 1
940 450 2
450 6211 1
6211 1550 1
1550 5631 8
981 5470 1
5470 1502 1
7306 6401 1
1530 324 1
5730 7306 1
7306 4410 1
4410 1378 1
1378 3290 1
3303 5662 1
1 940 7
940 981 2
2440 700 2
700 6412 5
6412 1114 1
2747 1402 1
1402 7296 2
7296 2079 1
2079 4763 1
4763 700 1
700 455 4
455 3925 3
5779 3206 1
3206 108 1
400 5095 1
5095 1378 1
1378 2609 1
2609 5800 1
5800 6370 1
6370 2609 2
2609 7217 3
7217 1964 1
1964 2637 1
2637 700 1
306 326 1
326 985 1
985 1114 1
3207 700 4
700 375 1
375 4410 1
4410 2164 1
2164 358 1
358 700 1
5681 2630 1
985 7221 1
7221 5804 1
5804 684 1
3634 3205 2
3205 940 1
940 684 2
684 3634 1
3205 4601 1
4601 7297 1
7297 5787 1
7297 4810 1
4810 4089 1
4089 1114 1
1114 1232 1
1232 700 1
5779 1686 1
1686 2338 1
2338 6948 1
6948 306 1
306 5841 1
7006 1964 1
306 3257 1
3257 1994 1
1994 6268 1
6268 1964 1
1964 4812 1
4812 401 1
3526 5397 1
5397 1114 1
1187 1263 1
6538 2817 3
1488 4932 1
4932 303 1
303 6871 1
6871 3526 1
2107 5418 2
5418 6871 1
6871 940 1
940 3259 1
7296 3226 4
6506 5977 1
5977 4472 1
4472 401 1
401 2295 1
2295 1964 4
1964 6854 1
6854 3526 1
3526 7019 1
7019 2040 1
2040 3526 1
3526 644 6
644 1188 1
1188 2129 1
2614 1479 1
3528 3387 1
3387 6091 1
6091 3526 1
3526 5682 1
5682 6208 1
6208 3925 1
3925 3528 3
3467 2262 1
2262 2928 1
2928 324 1
364 1550 1
6246 4207 1
3904 1964 2
5666 306 1
3526 4975 1
4975 4387 1
4371 3290 1
3081 1896 1
3526 364 1
364 4207 1
3526 6490 1
5666 4387 1
3095 361 1
361 7296 1
3808 4530 2
4530 3526 2
3526 5890 2
5890 6044 1
6044 5313 1
5313 1964 1
1964 6874 1
6874 1844 1
1844 940 1
940 3325 1
3325 1964 3
3809 1289 1
6412 3375 1
3375 1191 1
644 2338 1
2338 3387 1
3528 4304 1
4304 1964 1
1126 5470 1
3526 3855 1
3855 303 1
7014 2733 1
2733 3302 1
3302 4776 1
4776 940 1
570 3302 1
401 940 1
249 1964 1
1964 7084 1
7084 4864 1
4864 3528 2
306 1162 3
1162 3477 1
3477 940 1
940 1323 1
1323 1482 2
1482 1432 1
1432 4387 1
2942 2338 1
2338 3095 6
3526 4720 1
4720 7156 1
700 1323 1
1323 4893 1
4893 5115 1
4093 940 2
940 6405 1
7156 2122 1
2122 700 1
700 5998 1
5998 3330 1
3330 6506 1
6506 4098 1
4098 303 2
470 7156 2
3095 5592 2
5592 940 1
5592 2338 1
2338 1874 1
1502 5492 1
5492 2906 1
2906 640 1
640 4501 1
4501 5954 1
5954 1964 1
1964 6861 1
6861 7014 1
981 6412 2
7306 4766 1
4766 3177 1
3177 7156 1
700 6386 1
4558 1464 1
1464 6626 1
6626 2737 1
2737 1530 1
1530 4852 1
4852 303 1
940 1117 1
1117 324 1
324 5631 1
1964 4522 1
4522 940 1
940 4352 1
1233 3808 1
3808 7297 2
7297 3378 1
3378 401 1
401 3160 1
3160 6186 1
6186 5095 1
6223 1004 1
1004 2614 1
2614 4688 1
4098 2107 1
2107 6202 1
6202 3829 1
4093 5681 1
5681 947 1
947 2236 1
2236 4101 1
4101 3829 1
4093 7296 1
7296 7158 3
303 1289 5
1289 3095 1
3095 6202 2
6202 1964 1
3095 1927 1
1927 1402 1
1402 2841 5
2841 1402 6
1402 7306 3
7306 1287 3
1287 5890 5
5890 6086 1
7297 256 1
256 3241 1
3095 940 1
3095 2338 1
1 5134 1
5134 3347 1
3347 1964 1
1964 2790 2
2790 5676 1
5676 4627 1
4627 5301 1
5301 3259 1
5848 1126 1
3095 4211 3
4211 1 1
1 4508 1
4508 1964 2
7014 6405 1
1964 622 1
622 3095 1
3095 2921 2
2921 1964 1
4558 7016 1
3528 1896 2
1896 2338 1
2338 1964 17
1964 940 13
940 3290 3
5217 5779 1
5779 2553 1
293 2669 1
6202 1126 1
1126 3828 1
3828 1233 1
6245 6405 1
3068 3634 1
3671 3255 1
3255 7014 3
7014 1844 1
1844 3068 1
3068 2479 1
2479 5662 1
3526 5681 2
5681 5401 1
5401 7296 1
3095 2701 7
2701 3528 2
3528 5217 2
5217 1187 1
6223 2817 1
2817 1624 1
1624 5372 1
5372 577 1
577 637 1
637 1355 1
1355 1259 1
6405 6772 1
6772 4093 1
1964 4729 1
4729 6245 1
6245 1195 1
1195 501 1
7158 4101 1
4101 1134 1
1134 2789 1
2789 1233 1
1233 97 1
97 7306 1
5848 1026 1
700 1114 1
5306 97 1
3116 4116 1
7301 3528 1
3528 6046 2
6046 7156 3
3095 4116 1
4116 7306 2
303 2115 1
2115 717 1
717 1964 1
5473 2747 1
2747 5595 1
5595 1538 1
306 3514 1
3514 3833 1
3833 306 1
2728 6420 1
1964 5592 1
5592 6506 1
3528 6789 1
6789 2413 1
7306 3854 1
236 19 1
19 3854 1
3854 5568 1
5568 684 1
684 261 1
1964 3938 1
3938 2841 1
1537 2097 1
2097 1456 3
1456 129 1
129 6656 1
6097 7142 1
3229 3263 1
3573 3854 1
3854 6044 1
6044 3317 1
3317 1964 1
1964 1321 1
1321 6656 1
303 4615 2
4615 6405 1
3526 3509 1
3509 5662 1
401 5499 1
5499 6656 1
3526 3620 4
3620 641 1
641 7218 1
7218 1335 1
1335 1114 2
1114 3090 1
3090 3116 2
3116 1233 2
6412 1196 1
1196 3240 1
303 1304 1
1304 1550 1
6638 7144 1
7144 2716 1
2716 7019 1
1964 6572 1
2211 3290 1
2236 5547 1
5547 4275 1
4275 3854 1
3854 344 1
344 4137 1
4385 603 1
5681 4093 1
5568 1268 1
1268 2841 1
1263 3573 1
3573 6506 1
6506 3856 1
3856 6354 1
6354 3130 1
3130 5052 1
5052 3285 1
3285 3871 1
3871 3027 1
2841 3931 1
3931 2295 1
684 4583 1
4583 306 1
4206 2264 1
2264 2822 1
2822 5662 1
3254 801 1
801 1 1
1 5249 1
5249 3854 1
1964 237 1
237 19 1
19 2358 1
7142 985 2
985 3528 1
3303 6405 4
1964 4690 1
4690 3290 1
3290 5923 1
1144 6656 1
2737 6988 1
6988 4688 1
7156 682 2
682 7099 1
7099 4295 1
4295 2097 1
7016 1569 1
1569 6656 1
7306 1233 2
3116 6456 1
2817 1195 1
1195 684 2
219 6245 1
6245 1 2
3285 2817 2
6583 940 1
940 5848 18
5848 4793 1
4793 7296 1
2934 2123 1
2123 6161 2
6161 7158 1
4101 1195 2
1195 1479 3
1479 4539 2
4539 7306 2
684 3313 1
2841 5782 1
5782 5217 1
684 3620 1
3620 6405 2
1480 2817 1
2817 5400 1
6022 4101 1
1195 2717 1
1018 2817 3
2789 3095 2
4376 2097 1
408 3074 1
3074 4720 1
6022 1307 1
1307 1795 1
1795 6490 1
1191 660 1
660 2841 1
2841 2374 2
2543 1849 1
1849 6186 1
6186 303 2
7156 1979 2
1979 1066 1
1066 940 1
1964 2338 15
2338 3735 3
3735 5662 1
5662 5541 1
5541 306 1
7183 4187 1
4187 2122 2
2817 6420 3
6420 4649 1
4649 6656 1
303 6069 1
6069 6644 4
6644 7014 1
6134 2841 1
2841 2617 3
2617 1 1
306 2617 2
2617 6644 3
6644 640 1
640 4556 1
4556 2366 1
2366 1964 1
1964 214 1
214 2276 1
2276 202 1
202 1 1
2236 3922 1
3922 6490 1
6490 2617 1
2617 6068 1
6068 7257 1
7257 5937 1
5937 2177 1
4112 2472 1
2472 6334 1
6334 2543 1
7255 6412 1
7156 4542 1
4542 5142 1
5142 6405 1
603 940 1
940 5568 1
5779 2747 1
2747 6644 1
6644 3259 1
3259 2338 3
2338 3526 6
3526 1715 1
1715 7306 1
2104 700 1
293 5676 1
5676 1333 2
303 4552 2
2747 5682 1
5682 889 1
889 1964 1
3095 4276 1
4276 6135 1
6644 324 1
5730 450 1
5779 2617 1
6644 2817 1
1233 3565 2
303 2074 2
2074 1417 1
1417 344 2
344 3528 1
3528 6014 1
6014 4644 1
4644 1964 1
2236 940 1
5848 2747 1
2747 6319 2
6319 303 1
303 688 1
688 306 1
306 1097 3
1097 1508 1
1508 5260 1
5260 1211 1
1211 3205 1
3205 6061 1
6061 2747 1
2747 3150 1
3150 1010 1
1010 1433 1
7306 6865 1
6865 1964 1
1964 4415 1
4415 6409 1
6409 2747 1
2747 1540 1
1540 7306 1
1964 3389 1
3389 6267 1
6267 7156 1
7296 3956 1
3956 2817 1
2817 1158 1
1158 306 1
5234 2107 1
6229 2338 1
2338 356 3
2817 1207 1
1207 185 1
6941 4387 3
3095 5102 1
1018 5890 1
2817 1584 2
1584 2622 1
2622 2474 1
2474 3448 1
3448 7296 1
303 1018 1
1018 1968 1
1968 6452 1
6452 173 1
173 5120 1
5120 2717 1
2717 3526 1
3526 5100 1
5100 1482 1
6575 7140 3
2716 2817 2
1 7077 1
2097 1217 2
1217 4275 1
4275 404 1
404 4454 1
4454 1307 2
1307 1620 1
1070 1964 1
2754 1807 1
1807 518 1
518 1 1
1 2338 14
3303 6263 1
2841 323 4
323 4387 1
4387 1066 2
1066 3095 2
5068 4686 1
940 1570 1
1964 6778 2
6778 6135 1
303 6257 1
6257 4626 1
4485 6506 1
3095 2531 1
2531 293 2
293 1126 2
293 6656 4
303 4649 1
4649 4688 1
1195 4991 1
4991 455 1
6412 1066 1
1066 1026 1
2107 291 1
291 404 1
404 1964 3
2102 5793 1
5793 2021 1
1144 660 1
660 6412 1
6412 2754 1
2754 7156 1
7156 6208 1
460 124 1
124 1050 1
1050 556 1
556 2841 1
4459 2419 1
1964 3626 1
3626 5937 1
5937 5243 1
5243 5867 1
5867 5821 1
5821 1307 1
1964 1203 1
1203 2358 1
2358 977 1
977 3634 1
3634 404 2
404 1 2
2107 6560 1
6560 278 1
278 90 1
90 6555 1
6555 1070 1
1070 6713 1
6713 5422 1
5422 1964 1
1842 1 2
4686 5616 1
5616 3565 1
3565 661 1
661 2754 1
3565 6712 1
6712 1070 1
1070 7306 1
7306 3199 1
3199 5287 1
5287 7170 1
3095 6000 1
6000 556 1
556 5662 1
7306 5341 1
5341 1297 1
1297 1964 1
303 3250 1
3250 3050 1
3050 2345 1
2345 2817 2
2817 141 1
141 6494 1
4991 2754 1
2754 6490 1
1191 5715 1
5715 1964 2
1964 3584 1
3584 684 1
7156 2345 1
2817 1287 1
1287 7015 1
640 6850 1
6850 4142 1
4142 4093 1
4093 306 9
1964 3368 1
3368 3528 1
2532 303 1
303 3283 1
3283 323 1
323 3259 1
1910 1868 1
7156 4650 1
4650 1550 1
3904 4467 1
4467 3284 1
3284 2841 2
7297 6361 3
6361 3526 2
640 303 5
303 2756 1
2756 981 1
981 3219 2
3219 7306 2
7306 1775 1
1775 306 1
7183 3259 1
3259 940 4
940 5662 4
5662 2338 5
2338 6405 3
6405 5305 1
1964 5426 1
5426 3264 1
3264 7156 1
7306 3155 1
3155 303 1
303 1172 1
1172 7306 1
2531 3925 1
3925 7183 2
7183 2841 1
2841 1307 1
3386 3241 1
3241 508 1
508 4688 1
303 6458 1
6458 1964 1
556 6456 1
6412 841 2
841 7077 1
3506 1144 1
1144 3477 1
3477 3565 1
3565 4275 1
4275 557 1
1233 7016 1
5304 1 1
4686 3936 1
3936 3526 1
7156 556 1
556 6223 1
6223 3229 1
1964 99 1
99 3634 1
3526 3821 1
3821 4688 1
7156 344 1
344 3073 1
3073 845 1
845 556 1
556 1964 1
1964 6000 1
6000 7306 1
225 1233 1
1233 7170 1
4510 5662 2
5979 6736 1
303 5982 1
5982 1403 1
1403 6412 2
462 7306 1
323 1 1
1233 6778 1
6778 1964 1
1964 1870 2
1870 5890 1
5890 1066 1
1066 6044 1
6044 5068 1
306 1342 1
131 1655 1
1655 3904 1
5304 1233 1
3528 333 1
333 4093 1
2841 1261 1
1261 6262 1
6262 4626 1
1594 2338 2
2338 1371 1
1371 6221 1
6221 1729 1
1729 2271 1
2271 2168 1
2168 1964 1
940 6838 1
6838 1973 1
306 4401 1
4401 4112 1
7059 1550 2
1550 3876 1
3876 1 1
2909 1973 1
1973 3528 1
3528 4932 3
4932 6111 1
6111 4071 1
4071 2142 1
2142 2107 1
2929 940 1
940 4614 1
4614 306 2
5754 5670 1
5670 861 1
861 7054 1
7054 2199 1
2199 2622 1
2622 4028 1
4028 62 1
62 1964 3
6223 7154 1
7154 2817 2
2817 653 1
653 306 1
3467 62 1
62 982 1
982 7156 3
7156 1942 1
1942 1318 1
1318 51 1
51 1169 1
1169 2771 1
2771 1981 1
1981 3862 1
3862 5174 1
5174 2511 2
2511 3302 1
3302 3065 1
3065 6951 1
6951 6421 1
6421 1964 1
6420 6490 2
6490 6411 1
6411 7149 1
7149 6411 1
6411 2694 1
2694 695 1
695 1217 1
7059 1964 3
303 6111 1
6111 3556 1
3556 6962 1
6962 1550 1
1550 1145 2
7099 940 2
1480 7297 2
5681 1318 3
1318 306 1
1403 62 1
62 3526 2
3526 2028 1
2028 643 1
643 1988 2
1988 6552 2
6552 2065 1
2065 7201 1
7201 5247 1
5247 919 1
919 1981 1
1981 2576 2
2576 6442 1
6442 1409 3
1409 306 2
3612 62 1
4206 1403 2
1403 6916 1
6916 6494 1
6494 5050 1
5050 5372 2
5372 6722 2
6722 414 1
414 2996 1
2996 3795 1
3795 520 1
1964 1952 1
1952 5662 1
5662 4532 1
4532 3572 1
3572 5191 2
5191 6011 1
6011 1681 1
1681 1964 1
1129 306 1
644 6553 1
6553 2800 1
2800 7306 1
401 2716 1
2716 700 1
4991 854 1
2841 6351 4
6351 324 1
364 3207 1
981 2338 8
2338 3290 1
4893 324 1
324 296 1
296 364 1
364 1964 1
2107 7113 1
1195 981 1
981 940 7
940 306 3
1502 4336 1
4336 1018 1
6015 1696 1
1696 1964 1
1964 4798 1
4798 4343 1
4343 1981 1
1981 5580 2
5580 6572 3
1964 6351 1
6351 2841 2
2841 74 3
74 1981 2
1981 5608 2
5608 1964 4
1964 1247 3
1247 2107 1
2107 700 5
700 7296 8
7296 3286 1
3286 7306 2
2296 6245 1
6245 1550 2
1550 682 2
682 4841 1
4841 1191 1
6506 1944 1
347 3254 2
3095 5999 4
5999 306 1
306 24 1
24 1972 1
1972 1114 1
455 23 1
23 7306 1
4991 2236 1
2236 2747 1
2747 3853 1
3853 4864 1
1162 7306 1
6044 2634 1
2634 1 1
1417 700 2
700 6715 1
6715 7306 1
7306 3067 1
3067 1482 1
7296 2614 3
2614 3290 1
3290 6493 4
6493 2481 1
2481 6656 1
7306 1121 1
1121 6740 2
6740 5631 1
7133 7017 1
7017 4579 1
4579 7159 1
7159 3260 2
3260 1117 1
1117 5789 1
3081 6626 1
6626 940 2
940 5470 1
4435 2440 1
2440 6412 4
303 5608 1
6412 1247 1
1247 1964 1
1964 4833 1
4833 7156 1
3526 4856 1
4856 1973 1
1973 5608 1
5608 6405 1
7156 2338 6
2338 4893 1
4893 303 1
303 1247 1
1247 6405 1
6405 347 2
1479 1247 1
1247 6044 1
6044 2755 1
2755 3095 1
2532 644 1
644 6270 1
6270 7156 1
3527 6412 3
6412 2597 1
2597 1964 1
1964 5787 1
71 3290 1
141 7296 1
7296 1201 1
1201 3522 1
3522 1964 1
4892 6848 1
6848 1 1
4686 700 2
700 1502 3
306 2353 2
2353 7296 1
6044 1403 4
1191 1247 1
1247 2841 1
74 764 1
764 3925 1
3925 6082 2
6082 4503 1
4503 2841 1
2594 3527 1
1964 7108 1
7108 5662 1
5662 3374 2
3374 1 1
1964 2353 1
2353 1259 1
1259 7297 2
7297 5607 1
5607 3526 1
3526 861 1
861 1147 1
1147 2353 1
2353 1981 1
1981 1736 2
1736 5843 2
5843 1964 1
7296 6191 1
6191 1365 1
1365 1259 1
1259 5580 1
3526 5146 1
5146 1964 1
1482 1257 1
1257 3283 1
5619 1981 1
1981 125 1
125 2261 1
2261 1964 1
1964 7106 1
7106 5662 1
3374 2338 1
2338 6855 1
6855 6493 1
6493 940 1
940 1371 1
1371 5754 1
5754 2227 1
7154 5607 1
5607 5681 1
5681 514 1
514 1964 1
1964 6531 1
6531 994 1
994 5516 1
5516 4112 2
3526 4390 1
4390 2107 1
7296 2906 2
2906 1973 1
1973 4686 1
4686 3665 1
3665 2338 1
2338 2227 1
356 3526 7
3526 881 1
881 5607 1
5607 2931 1
2931 2716 1
2716 6575 2
6575 3229 1
3229 2004 1
2004 6263 1
6263 2124 1
2124 2622 1
1019 1964 2
3315 940 2
2789 4101 2
4101 1964 2
1195 3251 1
3095 3535 1
3535 1550 1
1233 2906 2
2906 6506 7
6506 6364 1
6364 306 2
684 4229 1
4229 2338 1
2338 5568 2
5568 6494 1
6494 4347 1
4347 1964 1
4221 2532 1
2532 7159 1
4336 6656 1
401 2361 1
2361 4760 1
4760 1233 1
7157 1964 1
1964 2456 3
2456 2236 1
1018 6420 1
6420 684 2
684 5937 1
5937 787 1
787 2841 1
2841 6781 4
6781 303 2
303 5222 2
6486 269 1
306 589 2
2817 5407 1
5407 928 1
928 2841 1
2841 1631 3
1631 215 1
215 3116 1
2358 1057 1
1057 2841 1
6067 1964 1
6748 3634 1
1018 2413 1
2413 215 1
215 1114 1
1114 6221 1
6221 1964 1
1964 2630 1
2630 3735 1
6024 2338 1
2338 6171 5
2107 6618 1
6618 5068 1
7156 4647 2
4647 768 1
768 1981 2
7296 2752 1
6024 684 1
2744 1964 1
6494 4371 1
4371 4386 1
3528 940 2
3526 3292 2
3292 306 2
306 6481 3
6481 2817 1
2817 3527 4
3527 5890 1
5890 3028 2
3028 306 1
2622 4517 1
4517 2896 1
2896 4095 1
4095 2648 1
2648 684 1
684 4094 1
4094 1964 2
1964 2853 1
2853 6760 1
6760 2841 1
1126 1152 1
1152 3095 3
3095 1758 2
1758 4517 1
4517 303 1
303 1096 1
1096 1577 1
1577 682 1
682 6977 1
6977 2841 1
6230 352 1
303 7120 1
7120 5258 1
1964 3414 1
3414 3050 1
3050 97 1
1964 5047 1
5047 2587 1
2587 940 1
940 6015 2
6015 4037 1
4037 1964 1
3292 6493 1
3735 2841 3
6024 2817 1
2817 4558 1
6618 7077 1
7077 7113 2
4482 2748 1
2748 7018 1
7018 756 1
756 4688 1
7156 1195 1
1195 303 3
6738 1497 1
1497 6420 1
6026 3095 1
2622 6638 1
3515 2735 1
2735 4883 1
4883 2716 1
1145 306 1
303 4466 2
4466 2587 1
2587 1782 1
1782 306 1
306 4161 1
4161 1964 1
4859 926 1
926 4893 1
4893 3528 1
3528 1504 1
1504 3434 1
3434 1981 1
1981 2330 1
2330 1964 1
1964 165 3
165 2315 2
2315 3663 1
3663 2811 1
2811 4206 1
4206 2867 4
2867 6090 1
6090 1981 1
1981 2257 1
2257 1964 1
1964 4425 1
4425 1919 1
1919 403 1
403 5044 1
5044 2026 1
2026 5202 1
5202 2538 1
2538 7054 1
1003 44 1
44 2757 1
2451 1964 1
5175 1917 1
1917 5105 1
5105 5962 1
5962 4206 1
4206 6412 1
1502 2867 1
2867 6506 1
1964 163 1
3011 5858 1
5858 6420 1
1981 1006 1
1006 5662 1
5662 3230 1
3230 2418 1
2418 6259 1
3528 5024 1
5024 1445 1
1964 328 1
328 6618 1
6618 3842 1
3842 501 1
501 3267 1
3267 6146 1
6146 6656 1
6656 5859 1
5859 3095 1
1259 5103 1
5103 4206 1
4206 2102 1
2102 2867 1
2867 6863 1
6863 841 1
841 4529 1
4529 1516 1
1516 303 2
306 6069 3
7240 3152 1
3152 306 1
306 4492 1
4492 4076 1
4076 1403 1
306 281 1
281 1 1
2440 2757 1
2757 306 1
306 5844 2
5844 2244 1
1981 2757 1
7099 4892 1
4892 226 1
226 1 1
1 5537 1
5537 96 1
96 306 1
3467 7007 2
7007 5619 1
5619 6218 1
6218 895 1
895 2759 1
2759 4681 1
4681 3955 1
3955 4206 1
4206 3904 2
3904 2867 1
2867 2097 1
2097 2358 2
4284 5103 1
5103 7154 1
7154 2750 1
2750 5174 1
5174 1144 1
1144 6287 2
6287 3828 1
3828 684 2
684 4334 1
4334 3528 1
3528 7010 1
7010 1964 1
1964 883 3
883 3808 1
6530 6251 1
6251 303 1
303 3011 3
3011 1964 4
684 4024 1
4024 5662 1
6412 572 1
572 4686 1
4686 5103 1
5103 5174 1
5174 5923 1
5923 1144 1
1 7008 1
7008 3528 1
3528 4173 1
4173 1964 1
1129 2753 1
2753 573 1
573 684 1
1964 4024 1
4024 684 1
684 1073 2
1073 1964 3
1964 1073 1
2295 3152 1
3152 1823 1
1403 1591 1
1591 6626 1
6626 5103 1
5103 3081 1
3081 5104 1
5104 1964 1
3095 2115 1
2115 1 1
1 5662 4
5662 6687 1
6687 6006 1
6006 3924 1
3924 2841 1
6259 4529 1
4529 4686 1
1403 4686 1
4686 2941 1
2941 609 1
609 1155 1
1155 5631 1
401 6620 1
6620 1964 1
1964 771 2
771 2102 1
2102 5938 2
5938 306 2
684 1017 4
1017 634 1
3526 4271 1
4271 2185 1
2185 5435 1
5435 155 1
155 1964 2
1964 4179 1
4179 3527 1
6259 6490 1
1403 771 1
771 603 2
603 2666 1
2666 1937 1
1937 306 1
306 5226 1
5226 534 1
534 2841 1
1964 2086 1
2086 1964 1
684 3681 1
3681 5915 1
5915 6633 3
6633 193 1
193 2 1
2 4686 1
5104 1134 1
1 5961 1
5961 2440 1
2440 5648 1
5648 2440 1
2440 4068 1
4068 2440 1
2440 588 1
588 30 1
30 4892 4
4892 2841 1
5859 2182 2
2182 4892 1
4892 3523 1
3523 1058 1
1058 30 1
4892 215 1
1964 6268 1
6268 30 1
4892 7030 1
7030 5927 1
5927 1964 1
1964 6681 1
6681 30 1
4892 3291 1
3291 1964 1
1964 3388 1
3388 4204 1
4204 306 1
306 6305 1
6305 2 1
2 4892 1
4892 684 1
684 6857 1
6857 2007 1
2007 1964 1
1964 3331 1
3331 4892 1
4892 3832 1
3832 1433 1
1433 4892 1
4892 6061 1
6061 5811 1
5811 4892 1
5623 3095 1
3095 3525 1
3525 3634 1
3634 1058 3
1058 6989 1
6989 520 1
520 3814 1
3814 629 1
629 5410 1
5410 3691 1
3691 3925 1
3925 700 1
700 552 1
1964 6855 3
6855 2 1
2 26 1
26 5915 1
1129 2002 1
2002 2399 1
1964 5647 1
5647 6740 1
981 5103 1
5103 6490 1
6490 6420 1
1906 7099 1
7099 4272 1
6209 5011 1
5011 2097 1
2097 5859 1
2182 1702 1
1702 5924 2
5924 1 5
684 2182 1
2182 6026 1
6026 2097 1
2097 3931 1
3931 5858 1
5858 3528 1
3528 3081 2
3081 4024 1
4024 767 1
767 1964 1
260 4078 1
4078 2841 1
2841 6068 1
6068 2107 1
4479 3095 1
2107 2338 3
2338 6494 3
6494 4963 1
4963 2097 1
2097 2182 1
2182 1964 1
2403 1073 1
1073 401 1
401 1 3
4686 4448 1
4448 2841 1
2841 4529 1
4529 5103 1
5103 4581 1
4581 3526 2
3526 4191 1
4191 5662 2
5662 3011 1
2338 2018 1
2018 6045 1
6045 3526 1
3526 5470 5
303 4045 2
4045 6577 1
6577 985 1
985 303 1
4045 1964 2
1964 4066 1
4066 306 1
306 2038 1
2038 3498 4
3498 3259 1
3259 7297 2
7297 398 1
398 217 1
7087 3526 1
3526 7181 1
7181 3908 1
3908 306 1
306 6308 1
6308 603 1
4883 2841 3
5590 2854 1
2854 3263 1
3263 7099 2
7099 1114 2
1114 5915 1
193 3526 2
3526 3370 1
3370 698 1
698 3285 2
1964 828 2
828 5662 1
2166 1964 3
7297 5278 1
5278 7014 1
7014 7296 5
6456 3263 1
1964 6355 2
6355 3904 1
3226 102 1
102 3526 1
3526 4647 1
4647 3565 1
3565 1268 1
1263 2038 2
3498 1964 2
401 5754 2
5754 1530 1
1530 4472 1
7158 3386 1
3386 4045 2
4045 2841 2
2841 5234 2
5234 2078 2
2078 3526 1
2614 7102 1
7102 2292 1
2292 1403 1
1403 4688 1
684 4046 1
4046 7181 1
2841 2038 1
3498 3526 1
1944 2977 1
2977 1964 1
1964 7019 1
7019 108 1
3526 1268 1
1268 6618 1
6618 3095 1
5890 684 1
684 1502 1
4558 3189 1
3189 1964 1
5287 3384 1
3384 4045 1
4045 303 1
3095 169 1
169 7306 1
1811 684 1
5773 1274 1
1274 1536 1
1536 4400 1
4400 236 1
1964 172 1
172 5587 1
5587 7100 1
7100 1964 1
1274 5103 1
5103 379 1
379 1402 1
1402 682 1
682 4045 1
3526 1704 1
1704 5924 1
1 500 1
3528 1769 1
684 5175 4
5175 4686 1
4686 2442 1
2400 6863 1
6863 1259 1
3526 5704 1
5704 6863 1
6863 5704 1
5704 7099 1
7099 1217 2
1217 6096 1
6096 303 1
2693 3259 1
3259 2442 1
2442 5848 2
5217 3526 4
5676 3368 1
3368 401 2
401 5662 1
5662 7239 2
7239 684 1
6046 2841 1
1964 5103 2
5103 6494 1
603 2338 1
2338 4386 1
306 3402 1
3402 5662 1
7239 6875 1
6875 5924 1
1357 177 1
177 401 1
401 169 1
1964 5517 1
5517 1550 1
6405 1274 1
1274 2097 1
2097 102 2
102 4045 1
4045 306 1
306 1134 1
1134 2775 1
2775 1964 1
1964 5681 1
5681 7012 1
7012 1176 1
1176 6490 1
1191 663 1
5662 5924 4
5924 2841 2
950 5116 1
5116 4370 1
4370 4725 1
5131 6405 6
6405 2841 1
2841 3850 1
3850 1 1
640 6048 1
6048 1964 1
3152 3355 1
3355 1964 2
1964 7051 2
7051 5287 1
5263 4308 1
4308 684 1
3526 4864 1
4864 4199 1
4199 6656 1
1018 1482 1
1482 3126 1
3126 1896 1
3526 4359 1
4359 2097 1
7156 6356 1
6356 7296 1
1550 7137 1
7137 3259 1
3526 3652 2
3652 7156 1
7156 3255 1
303 4447 1
4447 5287 1
5287 5782 1
5782 2302 1
2302 2752 1
6024 1 1
5892 1268 1
6420 3386 1
2078 2236 1
2338 6223 1
6223 4323 1
4323 825 1
825 3494 1
3526 6025 1
6025 585 1
585 5802 1
5802 1335 1
1335 5803 1
5803 5261 1
7059 1114 1
1482 4112 1
1357 4989 1
4989 217 1
217 289 1
6575 904 1
904 2358 1
2517 4206 1
4206 4161 1
4161 2338 1
2338 5848 7
7156 1471 1
1471 684 1
7296 5939 1
5939 500 1
500 6490 1
3467 1195 3
3242 6251 1
3095 1275 1
1275 5105 1
5105 3526 1
5328 3219 1
3219 7318 1
7318 5131 1
5131 3245 2
986 4112 1
5662 4045 1
4045 2236 1
2236 3292 1
3292 3377 1
3377 2752 1
6024 4387 1
7309 2338 1
2338 940 1
940 6494 7
6494 2104 1
3526 1787 1
1787 3133 1
3133 3259 1
3259 4626 4
3526 3952 1
3952 2733 1
2733 3526 1
3526 2854 2
2854 1964 1
1964 3724 1
3724 306 1
6481 1144 1
1144 2622 2
2622 3414 2
3414 1259 2
1259 6925 1
6925 3302 1
3302 5046 1
5046 2587 1
1964 4931 2
4931 1196 1
1196 7142 1
1335 2413 1
3526 4931 2
4931 1482 1
1335 3414 1
1259 903 1
903 1964 1
7156 2979 2
2979 3528 1
1550 7142 1
3526 6818 1
6818 609 1
6046 4292 1
4292 2841 1
2841 903 1
903 6245 1
6245 1144 1
1144 1335 3
306 985 3
985 1 1
6575 4293 1
4293 4112 1
4112 4439 1
4439 5662 1
3526 1770 2
1770 609 1
609 4293 1
4293 7016 1
7016 1770 1
1770 2107 1
640 1398 1
1964 2592 1
2592 3259 1
7156 6506 8
7156 2456 1
2456 6481 1
6481 1964 1
1964 6009 1
6009 5521 1
5521 5882 1
6456 6022 1
6022 400 1
400 1191 2
1191 1550 1
1550 2959 1
2959 5525 1
2854 1482 1
1482 6241 1
6241 2358 1
2358 6124 1
6124 5676 1
5676 1981 1
5754 989 1
989 6575 1
6575 2457 1
2457 3808 1
3808 1089 1
1089 1964 1
1964 6582 1
6582 1 1
1 3086 1
3086 3528 1
6405 5293 1
5293 7005 1
5723 2747 1
2747 215 1
215 5811 1
5811 2854 1
2854 3609 1
3609 3528 1
3528 2852 1
2852 1037 1
1037 1259 1
1259 4029 1
4029 1964 2
3254 1550 2
450 6405 1
4490 1180 1
1180 5662 1
4467 1335 1
5280 7297 1
4893 2841 2
2841 6038 2
6038 4574 1
4574 7054 1
1195 4686 1
2817 1403 1
1403 2622 1
3414 1550 1
450 4688 1
2979 3526 1
3526 1259 3
1259 2817 4
2841 2170 1
3010 97 1
3116 5662 1
5662 6743 1
6743 2841 1
2841 3842 1
3842 7113 1
7113 4086 3
4086 1 3
1 507 3
507 303 1
303 2979 2
2979 1335 1
1335 2892 2
2892 1134 1
1134 5474 1
5474 5005 1
5005 1233 3
3526 4922 1
4922 303 1
303 3543 1
3543 6543 1
6543 306 3
306 6543 3
6543 6420 1
6420 982 1
6661 5187 1
5187 1926 1
1926 5662 1
5662 4072 2
4072 5806 1
5806 306 1
3634 3263 1
3573 1964 2
4434 7156 1
7156 107 1
107 2841 1
2841 5780 3
5780 1 1
1368 3385 1
3385 6538 1
6538 4490 1
4490 2892 2
2892 1964 1
1964 5518 1
5518 3526 1
303 3544 1
3544 3290 1
5848 940 3
940 6456 2
6456 1479 1
4539 2817 1
1584 7156 1
2441 2097 1
2817 4339 1
4339 5789 1
1502 5760 1
5760 1233 1
1233 4112 2
3264 389 1
389 4471 1
4471 3526 1
7183 4388 1
4388 603 1
7296 3414 1
3414 1964 2
4385 889 1
3871 1196 1
7297 4093 1
4093 417 1
417 4112 1
4112 1939 1
6456 1481 1
1481 4487 1
4487 2892 1
2892 2144 1
2144 1964 1
1964 7062 1
7062 303 2
1482 7014 3
7014 6506 2
2097 2548 2
2548 4832 1
4832 3090 1
3090 101 1
101 635 1
2107 1952 1
1952 1964 2
1964 5812 1
5812 1 1
1 389 1
389 7296 1
5287 6490 1
7156 6563 1
6563 2906 1
2906 745 1
745 6240 1
6240 2107 1
982 6656 1
6351 684 1
684 2817 6
3028 7156 2
940 3808 1
3808 2559 2
2559 4878 1
4878 6456 1
2817 108 2
682 4515 1
4515 2744 1
303 1481 1
1481 1964 3
1195 1550 1
2817 6851 1
6851 5056 1
5056 1370 1
1370 7158 1
7158 6670 1
3634 7255 1
7255 2358 1
2358 4275 1
4275 306 2
7296 1020 1
1020 4626 1
4626 5269 1
5269 940 1
6481 1 1
3095 5204 2
5204 1479 1
1479 1867 2
1867 2817 1
2817 4978 1
4978 1964 1
2693 7077 1
7077 1263 1
1263 1217 1
1217 408 1
408 1 1
4686 4681 1
4681 3783 1
3783 1964 1
1964 801 1
801 2841 1
5547 1134 1
3095 721 2
721 6941 2
4387 1018 1
1018 6044 1
3095 5905 2
452 2236 1
6223 267 3
267 7306 3
7077 6888 1
6888 3829 1
3829 323 1
323 3526 1
6171 929 1
929 2107 1
1417 4559 1
4559 2817 1
1482 2338 1
2338 4112 1
1357 3207 2
7156 636 2
6493 1482 2
3254 981 3
3526 3467 3
1144 6619 1
6619 7296 1
2817 1550 4
6968 3090 1
3090 640 1
640 5249 1
6228 1114 1
6494 7014 1
7014 3496 1
3496 1233 1
1233 5116 1
5116 940 1
5848 7159 2
7159 4712 1
6506 7158 1
7158 4631 1
4631 2841 1
4720 3259 1
1121 1538 1
29 1964 1
1964 6251 1
6251 3956 1
3956 3205 1
3205 7156 1
7156 6044 5
4362 6950 1
6950 7317 1
7317 6066 1
446 3259 1
4101 684 1
2841 4842 1
4842 5890 1
5890 666 1
2338 5662 18
940 2202 1
2202 1964 1
1964 6992 1
6992 5662 1
5662 4717 1
4717 3259 1
3528 3519 1
3519 306 1
1964 774 1
774 3528 1
6223 2737 3
2737 2614 3
2614 4626 1
2338 6838 2
2374 4093 1
4093 5402 1
5402 1672 1
2262 3560 1
3560 3264 1
520 5164 1
5164 5280 1
5280 1964 1
1964 1694 1
6596 6223 1
6223 6906 1
6906 2931 1
2931 5608 1
1247 4626 1
3526 862 1
862 5754 1
5754 5607 1
5607 3528 1
940 6223 1
6223 5557 1
5557 500 1
500 940 1
940 6906 1
6906 2338 1
1818 3526 1
3526 4174 1
4174 2102 1
2102 5558 1
5558 439 1
439 4899 1
4899 5631 1
5631 2097 2
2097 5811 1
2295 5848 2
4488 3133 1
3133 6506 1
981 2994 1
2994 700 1
700 5539 1
5539 2107 1
2107 297 1
297 5609 1
5609 7293 1
7293 700 1
700 1333 1
1333 981 1
981 3137 1
3137 1964 1
1964 6511 1
6511 603 1
6405 5611 1
5611 347 1
347 1247 1
1247 2414 1
2414 2714 1
2714 1176 1
1176 6044 1
6044 1482 1
1482 5538 1
5538 3527 1
2789 5540 1
5540 2107 1
2107 3592 1
3592 1 1
3528 861 2
861 1144 1
1144 1257 1
1257 2699 1
2699 2358 1
2358 940 1
940 850 1
850 1981 1
1981 1413 1
1364 1964 1
3081 5557 1
5557 4343 1
4343 940 1
303 5580 1
5580 1964 1
1964 4772 2
4772 6245 1
6245 4636 1
3528 6519 2
6519 4112 1
4093 3264 1
1964 3024 1
3024 1402 1
1402 1287 1
5890 2338 1
2338 3629 1
3629 1964 1
1964 6813 3
520 4626 1
5773 3937 1
3937 1964 1
6223 1402 1
1402 5473 1
5473 2122 1
3528 295 2
306 4811 1
4811 634 1
634 4901 1
4901 2841 1
5676 5547 1
5547 4626 1
3290 2150 1
2150 4802 1
4802 1944 1
2532 6656 4
1333 4491 1
4491 3903 1
3903 4760 1
4760 2906 1
1417 7159 1
7159 2097 1
3526 1264 1
1264 306 1
5955 2906 1
2906 4871 1
4871 7159 1
2841 160 3
160 1 1
1947 2841 1
160 940 1
940 3416 1
3416 3526 2
2066 2841 1
160 7246 1
7246 2021 1
2021 2655 1
2655 4109 1
4109 1 1
700 4655 1
4655 2906 1
2906 4332 2
4332 11 1
11 603 1
3529 700 1
700 2789 5
2789 5176 1
5176 2770 1
2770 906 3
906 7156 1
7296 906 1
906 2770 1
906 3290 1
5681 5121 1
5121 2693 1
2693 1981 1
1981 7200 1
7200 841 1
841 414 1
414 640 1
640 1859 1
1859 1957 1
1957 306 1
2227 6656 1
3526 3207 5
3467 6538 1
6538 3259 2
4349 7306 1
2789 599 1
599 3526 1
4112 3850 1
3850 4718 1
4718 3163 1
3163 4112 1
4093 4636 1
4636 3161 1
2532 759 1
759 7297 1
7297 6285 1
6285 1981 1
1981 955 1
955 598 1
598 1964 1
4932 5516 1
4093 416 1
609 6275 1
6275 6991 1
6991 1964 1
6490 4271 1
4271 253 1
253 2185 1
2185 6490 1
6490 4885 1
4885 5631 1
2097 2555 1
2555 3789 1
3789 2922 1
2922 5662 1
5662 6252 1
6252 6490 1
6490 439 1
439 6490 1
6490 5610 1
5610 5924 2
5924 5993 1
5131 1744 1
1744 306 1
684 657 1
657 1964 2
1964 4369 3
4369 2817 1
2817 5962 1
5962 6223 1
5681 363 1
363 4360 1
4360 3467 1
3264 742 1
742 609 1
609 5631 1
5631 4274 1
4274 2185 1
2185 1 1
989 3678 1
3678 2922 1
2922 968 1
4386 315 1
315 3526 1
1964 1959 1
1959 5899 1
5899 1964 1
1964 1597 1
1597 1964 1
165 5779 1
1085 1964 1
1964 1184 1
1184 3467 1
3467 5938 2
5938 684 2
684 1403 2
1403 23 1
23 2122 1
2122 7306 3
6506 455 1
4269 3526 1
986 603 2
7297 2770 1
2770 7306 1
3526 1776 1
1776 6251 1
634 940 1
940 3055 1
3055 2338 1
2338 303 2
303 2021 1
303 603 2
7102 1606 1
1606 6464 1
6464 2532 1
2532 105 1
105 6250 1
6250 1322 1
1322 1530 1
1530 4387 1
4387 159 1
159 2517 1
2517 4386 1
2841 1420 1
1420 2025 1
2025 5145 1
5145 2775 1
2775 1928 1
1928 574 1
574 2619 1
2619 1793 1
1793 6082 1
6082 3105 1
3105 6082 1
6082 603 1
603 3786 2
3786 99 1
99 6405 1
6405 1324 1
1324 1964 1
2817 5892 2
5892 6008 1
6008 1922 1
1922 1003 1
1003 7102 1
7102 6661 1
6661 2097 1
2097 109 1
109 1550 1
1550 1064 1
1064 1419 1
1419 6633 1
6633 5304 1
5304 7156 1
1483 5217 1
5217 2440 1
2440 65 1
65 6223 1
6223 6464 1
6464 3323 1
3323 1929 1
1929 5723 1
5723 6482 1
6482 1009 1
1009 5838 1
5838 3595 1
3595 306 1
3462 6558 1
6558 2107 1
2107 4276 1
4276 2236 1
3284 5310 1
5310 2741 1
2741 6269 1
6269 110 1
110 3692 1
3692 3207 1
3207 5001 1
5001 1964 1
922 7046 1
7046 5565 1
5565 4948 1
4948 179 1
179 3925 1
3925 978 1
978 5365 1
5365 1964 1
1964 6631 1
6631 7156 1
7156 2896 3
2896 2407 1
2407 2870 1
2870 6897 1
6897 5937 1
5937 2369 1
2369 306 1
306 4192 1
4192 6718 1
6718 1527 1
1527 6412 1
6412 2084 1
2084 1373 1
1373 1506 1
1506 1497 1
1497 6789 1
6789 6847 1
6847 3302 1
3302 2714 1
2714 3796 1
3796 3302 1
3302 3247 1
3247 6076 1
6076 6633 1
6633 7101 1
7101 6648 1
6648 2107 1
2107 2792 1
2792 1964 1
306 2767 1
2767 6299 1
6299 3290 1
3290 6211 1
6211 7297 1
7253 4547 1
4547 3526 1
5890 881 1
881 3527 1
3527 2931 1
2931 1964 1
7154 6405 1
5937 3013 1
3013 1259 1
1259 7296 2
7296 5592 1
5592 1 1
2236 2849 1
2849 5779 1
5779 5631 4
5380 518 1
518 6490 1
6490 2744 1
303 1706 1
1706 2107 1
4488 2236 1
3526 1184 1
1184 3526 1
3526 5534 1
5534 1964 2
1964 2695 2
2695 5131 1
5131 1981 2
1981 2247 1
2247 2508 1
2508 4832 1
4832 3904 2
1502 6730 1
6730 5955 3
5955 940 1
940 2979 1
2979 6443 1
6443 62 1
6538 6656 2
4093 1195 2
6575 303 1
303 6342 3
6342 3194 1
3194 684 1
7156 6184 1
6184 2841 1
2841 2699 2
2699 1114 1
1114 5557 1
5557 2107 1
2929 6656 1
6656 940 2
940 3476 1
3476 6889 1
6889 2236 1
5676 955 1
955 7252 1
7252 49 1
49 608 1
608 306 1
5547 344 1
344 4389 1
4389 2124 1
2124 1871 1
1871 1019 1
1019 3095 1
3095 1303 1
1303 1263 1
3526 6575 1
6867 2124 1
2124 5561 1
5561 6405 1
1109 3383 1
3383 2196 1
2196 7156 1
3527 4718 1
4718 219 1
2841 6622 1
6622 684 1
2817 2413 1
2413 1233 1
1233 5797 1
5797 306 2
3735 306 5
1018 4187 1
4187 3161 1
2532 6626 2
6626 1141 1
1141 4802 1
4802 2817 1
2817 1910 2
1910 4137 1
4137 3298 1
3298 1195 1
1018 1333 1
303 855 1
855 7069 1
7069 1964 3
1981 1202 4
1202 6740 1
6740 3081 1
3081 6365 1
6365 3011 1
1964 386 1
386 1964 2
3829 1393 1
1393 4161 1
4161 7069 1
7069 1333 1
303 6735 1
6735 2097 3
408 6405 1
7156 3090 2
3090 4802 1
4802 4893 1
4893 2439 1
2439 1964 2
2789 2029 1
2029 6853 1
6853 940 1
6015 1697 1
1697 6313 1
4625 5429 1
5429 62 1
62 603 1
2979 548 1
548 7200 1
7200 2015 1
2015 1956 1
1956 6506 1
3467 6136 2
6136 1942 1
1942 6552 1
6552 1451 2
1451 918 2
918 1981 1
1981 6442 1
306 2575 3
2575 1964 2
1964 7284 3
7284 2194 2
2194 1981 2
1981 2337 2
2337 6442 2
6442 6658 1
6658 5214 1
5214 4038 1
4038 2575 1
6442 306 2
306 1461 3
1461 306 1
5754 3188 1
3188 7201 1
7201 6442 1
6442 4206 1
2923 6351 1
1247 5608 1
5608 2730 1
2730 917 2
917 1247 1
1247 2730 1
2730 2193 1
2193 4832 1
4832 6900 1
6900 401 1
401 6603 1
6603 3263 1
3263 2353 2
2353 3263 1
3263 1186 1
1186 3263 1
3263 4646 1
4646 1 1
6406 1859 1
1859 3183 1
3183 1964 1
1964 4139 1
4139 306 1
306 6737 1
6737 4343 1
4343 2841 1
2699 1981 1
5580 2730 1
917 5581 1
5581 2730 1
2730 2191 1
2191 1 1
6406 4112 1
4112 5143 1
5143 5210 1
5210 147 1
147 2770 1
906 306 1
306 2064 1
2064 1942 1
1942 2097 1
2097 1964 1
1964 2840 1
2840 1 1
1 744 1
744 4802 1
4802 306 1
306 3862 1
3862 6506 1
6136 4112 1
4112 5955 2
5955 3790 1
3790 2841 1
2841 923 1
923 306 2
1461 695 1
695 7059 2
7059 1259 1
1259 5538 1
1964 4956 1
4956 7059 1
7059 2817 1
4625 7192 1
1018 4742 1
684 2476 1
1340 1906 1
6221 5479 1
5479 1964 1
1964 2063 1
2063 354 1
354 3153 1
3153 684 1
7296 1466 1
1466 1207 2
1207 3634 1
3634 407 1
407 1340 1
1340 6263 1
6263 6544 1
6544 2841 1
2841 6998 1
6998 6955 1
6955 2841 1
6575 2841 2
2841 7142 4
7142 3634 2
3634 1920 2
7158 5547 1
3095 1847 1
1847 2236 1
2236 5357 1
5357 4832 1
4832 1340 1
1964 5665 1
5665 6506 1
3095 5506 1
5506 2413 1
2413 1427 1
1427 3828 1
3828 4314 1
4314 1114 1
1114 2841 1
2841 2472 1
2472 1951 5
1951 316 1
316 5532 1
5532 5685 1
1964 93 1
93 164 1
164 287 2
287 6610 1
6610 1964 1
1964 4536 1
4536 5571 1
5571 1521 1
1521 1566 1
1566 5879 1
1981 5368 1
5368 1364 1
1364 2848 1
2848 2107 1
2107 4558 2
4558 3467 2
1403 4421 1
4421 306 1
5372 6259 1
1964 2132 1
2132 306 1
3528 1207 1
1207 401 1
401 2841 3
3467 4023 1
4023 1114 1
303 2248 1
2248 2241 1
2241 3528 1
303 1126 2
1126 703 1
703 459 1
634 2789 1
1482 4832 1
4832 2277 1
2277 2107 1
2107 5848 1
940 3419 1
3419 306 1
306 5665 1
5665 5653 1
5653 5748 1
5748 1 1
1 6999 1
6999 3528 1
3772 734 1
734 684 1
684 1021 1
1021 2476 2
2476 852 1
852 342 1
342 3467 1
3467 6781 1
6781 2896 1
303 6863 1
6863 4478 1
4478 2867 1
2867 2841 2
2841 6247 1
6247 1964 1
1964 4881 1
4881 1981 2
1202 4427 1
4427 4861 1
4861 2097 2
2097 7296 2
7296 6247 1
6247 5754 1
5754 2587 1
2587 4206 1
2841 5223 1
5223 7334 1
7334 2011 1
2011 6491 1
6491 7054 1
1195 5831 1
5831 1907 1
1907 2565 1
2565 6281 1
6281 3843 1
3843 2167 1
2167 3265 1
3265 6933 1
85 1 1
1482 1504 1
1504 6392 1
6392 1915 1
1964 4704 1
4704 5848 1
4763 684 1
303 4822 1
4822 3011 1
3011 684 1
306 1547 1
1547 6069 1
7239 7170 1
5662 1954 1
1954 365 1
365 1844 1
1844 108 1
108 6391 1
6391 1964 1
1964 1531 1
1531 1896 1
1896 1402 1
1402 4582 1
4582 157 1
157 71 1
71 7038 1
7038 1239 1
1239 1964 1
1964 7291 1
7291 981 1
981 2512 1
2512 1964 1
1964 628 1
628 1964 1
2789 3369 2
3369 108 3
108 5625 1
5625 4742 1
2102 6247 1
6247 4289 1
4289 2123 1
2123 2565 1
2565 1829 1
1829 5631 1
2166 7251 1
7251 791 1
791 3526 1
3772 6506 2
6506 1259 1
7158 4734 1
4734 2021 1
2021 3482 1
3482 2293 1
2293 1499 1
1499 6392 1
6392 684 1
1964 5968 1
303 3482 1
3482 7306 1
7306 6394 1
6394 7038 1
7038 3095 1
5676 6506 1
3467 1499 1
1499 3620 1
3620 4581 1
4581 6656 2
6656 157 1
157 2789 1
2789 157 1
157 3526 1
1141 1 4
2789 6043 1
6043 1964 1
3207 295 1
6412 2565 1
2565 7156 1
1550 1435 1
3226 7059 1
7059 1126 1
1126 6392 1
6392 3226 1
3226 2416 1
2416 7297 1
7297 6506 1
1964 5007 1
5007 1894 1
1894 2035 1
2035 3528 1
1964 6392 1
6392 3242 1
453 2565 1
2565 3419 1
3419 981 4
981 5002 1
5002 6633 1
7306 3482 1
3482 6394 2
6394 1229 1
1229 1 1
7156 3665 1
3665 129 1
129 6512 1
6512 4627 1
4627 4613 1
4613 1964 1
1964 347 5
347 640 2
640 630 1
630 5306 1
6506 7166 1
7166 4559 1
4559 293 2
7297 6732 1
6732 3259 1
3259 1229 1
1229 1907 1
1907 1964 1
4688 3652 1
3652 6633 1
1141 6392 1
6392 3213 1
3213 2370 1
2370 67 1
67 3526 1
6633 3665 1
3665 6490 1
7156 240 1
240 6656 1
7306 2509 1
2509 71 1
71 7211 1
7211 6493 1
6493 6405 1
6633 3482 1
3482 6518 1
6518 1144 1
1964 5443 1
5443 5662 1
5287 3665 1
3665 1321 1
1321 1114 1
1114 3665 1
3665 1499 1
1499 7219 1
7219 1738 1
1738 6633 1
7014 6392 1
6392 4429 1
4429 1 1
1 3665 2
3665 5679 1
5679 4429 1
4429 6392 1
7296 4828 1
4828 4091 1
4091 6392 1
6392 3259 1
7297 3860 1
3860 1504 1
1504 219 1
219 5133 1
5133 2545 1
2545 5902 1
5902 306 1
306 1500 1
1500 2364 1
2364 3528 1
3528 1740 1
1740 6392 1
6392 6490 1
3095 3744 1
3744 2107 1
4435 3265 1
3265 1 1
1 240 1
240 401 1
401 3894 1
3894 306 1
306 1959 1
1959 1964 3
1964 1092 1
1092 1964 1
634 5534 1
5534 3527 1
3527 5631 1
5631 1263 2
4387 3894 1
3894 3095 1
3095 3980 1
3980 4569 1
4569 6493 1
6493 487 1
487 3894 1
3894 968 1
968 5662 2
5662 6535 1
6535 2841 1
2841 529 1
529 3526 1
3526 3619 1
3619 981 1
981 2048 1
2048 603 1
7156 1127 1
1127 6633 1
7306 1499 1
1499 1 1
1 5779 1
5779 450 1
450 3894 1
3894 684 1
684 6781 1
6781 1964 4
1964 4007 1
4007 306 1
1018 6152 1
6152 1097 1
1097 3254 1
1403 6420 1
2413 1097 1
1097 7177 1
7177 2107 1
2107 1457 1
1457 2693 1
2693 955 1
955 3095 1
2622 6955 1
6955 1 1
6736 1147 1
1147 1453 1
1453 2864 1
2864 303 1
303 352 1
352 4172 1
4172 306 1
3527 316 1
316 1964 1
1964 7032 1
7032 5748 1
5748 968 1
968 2108 1
2108 5748 1
5748 401 1
1097 247 1
247 2512 1
2512 4112 1
6781 500 1
5754 4604 1
1964 4104 1
4104 2107 1
5287 4642 1
4642 1357 1
7099 2906 1
2906 3404 1
3404 3527 1
3527 2419 1
2505 5515 1
5515 306 1
1255 1658 1
1658 950 1
1964 4751 1
4751 6896 1
6896 1 1
1 4604 1
4604 6100 1
6100 3527 1
452 6656 7
6412 1289 1
1289 269 2
7296 1491 1
1491 4073 1
4073 1 1
1 2565 1
2565 6736 1
3569 306 1
1017 7286 1
7286 5265 1
5265 450 1
450 5748 1
5748 6777 1
6777 5662 1
5662 3440 1
3440 463 1
463 1 1
6575 6017 1
6017 6567 1
6567 3527 1
1964 5825 1
5825 3527 1
3527 1298 1
1298 1482 1
1482 1452 1
1452 6581 1
6581 6626 1
684 2565 2
2565 645 1
645 5662 1
5993 652 1
652 4387 1
4387 6017 2
452 3528 1
3528 5983 1
5983 1964 1
570 3528 1
1289 7156 2
7156 764 2
6412 7255 1
7255 4686 1
6836 1964 1
5831 1263 2
3081 1392 1
1392 3255 1
3255 3161 1
3161 3528 1
6405 5527 1
5527 1964 1
1964 4592 1
4592 2107 1
2107 6019 1
6019 1389 1
1389 5306 1
1479 5971 1
5971 113 1
113 6021 1
6021 5868 1
5868 1964 1
1964 4246 1
4246 3527 1
2021 2878 1
2878 3527 1
2841 6972 2
6972 1521 1
1521 7157 1
3527 96 1
96 4387 1
3095 3505 1
3505 2841 1
5547 3152 1
3152 1343 1
1343 1466 1
1466 2515 1
2515 2896 1
2896 3393 1
3393 684 1
684 2397 1
2397 2350 1
2350 6538 1
968 5638 1
5638 306 1
520 6999 1
6999 1981 1
3528 1121 1
1121 755 1
755 4206 1
131 3304 1
3304 1964 1
1964 6700 1
6700 1340 1
1340 4158 1
4158 306 1
306 533 5
533 7099 1
7099 1482 1
1482 1538 2
1340 3259 1
1287 3536 1
3536 2040 1
2040 344 1
344 5383 1
5383 6157 1
6157 4474 1
4474 1920 1
1920 5662 1
5662 1340 2
1340 7229 1
7229 5958 1
7156 3085 1
3085 3589 1
3589 4474 1
4474 131 1
7054 7140 1
7229 3589 1
3589 1114 1
1114 3589 1
3589 4544 1
4544 4387 1
2942 2115 1
2115 2528 1
2528 401 1
401 3095 2
3095 5707 1
5707 306 1
5547 6412 1
6412 1018 1
1018 2107 1
2107 603 1
7297 4991 1
4991 684 3
634 5252 1
5252 2922 1
2922 1114 1
1114 2922 1
2922 4688 1
7156 5547 1
634 4325 1
4325 7102 1
7102 185 1
2097 4438 2
4438 6447 1
6447 684 1
219 6208 1
6208 2841 3
6781 4226 1
4226 1964 1
2587 5798 1
5798 7099 1
7099 4850 1
4850 5662 1
5779 3315 1
3315 1981 1
1202 1964 1
1964 6363 1
6363 3526 1
2841 4225 1
4225 475 1
475 6494 1
6494 799 1
799 303 1
455 6575 1
6575 1389 1
1389 344 1
2442 1688 1
1688 603 1
603 1979 1
1979 6211 1
6211 193 2
640 4881 1
1202 5287 1
2694 7158 1
7158 2955 1
2955 2107 1
5921 603 1
3526 5536 1
5536 684 1
2565 3378 1
3378 7306 3
303 4856 1
4856 4680 1
4680 2896 1
7296 198 1
198 3467 1
1715 2044 1
2044 2440 1
3526 3298 1
3298 6022 1
6022 2052 1
2052 1964 1
1964 6233 1
6233 306 1
306 4607 1
4607 1479 1
3526 5431 1
5431 401 1
401 6538 2
2440 6022 1
6022 5431 1
5431 1550 1
1550 4627 2
4627 1145 1
985 6539 1
6539 5122 1
5122 293 1
293 1403 1
1403 5848 1
5848 7015 2
293 6211 1
7306 4873 1
4873 6493 1
7156 5058 1
5058 1482 1
985 6638 1
6638 6626 1
6626 7297 1
5681 193 1
193 5085 1
5085 2717 1
2717 2817 1
2817 386 1
386 2841 2
2587 5662 1
1964 576 1
576 2107 1
2036 5181 1
5181 5662 1
1357 7306 1
527 6589 1
6589 5890 1
5890 1064 1
1064 4286 1
4286 3526 1
1910 799 1
799 1964 1
1964 1466 3
306 5785 1
5785 2841 1
452 3526 1
1550 5262 1
1964 2548 3
3808 2381 1
2381 684 1
684 2896 1
3528 5985 1
5985 2403 1
2403 3526 2
1388 3526 2
3526 3750 1
3750 981 1
7156 1310 2
1263 3528 1
3528 3810 1
3810 6493 1
3528 1748 1
1748 1 1
1 5789 1
3526 3150 1
3150 3526 1
3526 4883 5
1018 1259 2
7158 6668 2
6668 4457 1
4457 7213 1
7213 1964 2
1964 1173 1
1173 6656 1
6412 6138 1
6138 1191 1
1 5228 1
5228 4686 1
3526 4340 2
6633 3692 1
3692 2633 1
2633 2097 1
5977 4872 1
4872 2021 1
4686 1158 1
1158 1134 4
2074 3259 1
3259 2124 1
2124 7099 1
7099 5848 2
6405 2236 1
2236 2983 2
2983 3526 1
640 6412 2
6412 3904 2
3904 1422 1
1422 306 3
401 49 1
49 1 1
1 517 1
3095 1931 1
1931 2811 1
2811 3095 1
3324 3226 1
3226 5249 1
5249 3226 1
3226 6566 1
6566 197 1
197 4340 1
4340 2097 2
219 1981 1
1981 1021 1
2476 2885 1
2885 1609 1
1609 4206 1
2867 1964 1
1964 2400 3
2400 883 1
883 6386 1
6386 7212 1
7212 883 1
883 1117 1
1117 672 1
672 2548 1
2548 3347 1
3347 6633 1
3293 6017 1
3095 6735 4
6735 603 1
4386 5626 1
5626 7213 3
7213 2841 1
6245 981 1
6788 421 1
421 1 1
1 401 2
401 6781 1
6781 5962 1
5962 1964 3
1964 4248 1
4248 3526 1
3526 1981 10
1981 2476 1
2476 764 1
764 7099 1
7099 985 1
985 7293 1
7293 5262 1
5262 5261 1
5261 5662 1
5662 1010 1
1010 3581 1
3581 1964 1
7015 7014 1
7014 401 3
1018 6501 1
6501 5496 2
5496 3925 1
3526 5068 1
5068 3526 1
5848 197 1
197 3808 1
3808 6155 2
6155 5662 1
5662 5486 3
5486 7306 1
2909 3259 1
1482 4674 1
4674 1263 1
1263 7077 2
7077 1195 2
1195 1263 2
1195 1715 1
1715 3259 1
3095 1322 1
1322 1479 1
700 3391 1
3391 7306 1
7306 7019 1
293 3467 1
5287 4626 1
700 3794 1
6699 4686 1
3526 4143 2
4143 1964 4
2476 6501 1
6501 459 1
459 6186 1
6186 5156 1
5156 3244 1
3095 7204 1
7204 1964 1
1964 5979 1
5979 219 1
303 193 1
193 5057 1
5057 4112 2
6781 684 1
1502 5626 1
7213 3259 1
5890 4142 1
3385 3617 1
3617 3925 1
2476 1 2
5627 553 1
553 3526 1
3526 6026 1
6026 3011 1
3011 7016 1
3526 6809 1
6809 3259 1
3095 6805 2
6805 3526 1
6740 108 1
108 7140 1
7140 7077 3
1344 1114 2
1114 1527 1
1527 3259 2
6495 1981 1
764 3526 3
1502 5627 1
5627 261 1
7239 306 1
1097 1964 2
1964 5057 1
3565 4623 1
4623 2046 1
2046 6781 1
6781 306 2
401 3551 2
3551 6405 1
7156 5307 1
5307 3526 1
3526 5787 1
5787 1063 1
1063 684 1
6506 2789 1
2789 6209 1
6209 5972 1
5972 3526 1
2587 7158 1
7158 4618 1
1723 1259 1
1259 871 1
871 3259 1
684 5851 1
7213 2942 1
2942 2442 1
5848 6346 1
6346 1550 1
3526 1384 3
1384 5892 1
5892 4847 1
4847 3526 1
1384 2041 1
3527 5963 1
5963 1479 1
2441 2789 1
3526 6696 1
6696 6405 1
7296 6506 6
3527 2442 1
2442 5221 1
98 7306 1
5068 3162 1
3162 1134 1
1134 4112 1
3617 2719 1
1217 193 1
193 7310 1
7310 3565 1
3565 6506 1
6506 6740 3
2587 3526 1
6781 7192 1
7192 5662 1
5662 3185 2
3185 989 2
1 1159 2
1159 5002 1
5002 1206 1
1206 3526 2
1964 4324 1
4324 3526 2
3526 4960 1
4960 1964 2
303 667 1
667 3526 2
7157 6816 1
6816 2973 1
2973 5937 1
5937 5676 1
5779 4324 1
4324 344 1
344 2440 1
2440 6490 2
6490 2400 2
2400 197 2
197 7306 1
7306 3318 1
3318 4187 2
4187 2440 1
7296 2400 1
2400 1 1
5681 4457 1
4457 7212 2
7212 3526 1
6263 3181 1
3181 4642 1
4642 6781 1
303 1167 1
1167 4054 1
4054 5662 1
5662 423 2
423 2462 3
2462 3526 1
3095 7049 1
7049 1 1
6405 1206 1
1416 2185 1
2185 306 1
2817 107 1
107 2755 1
2755 1176 1
1176 1 1
3527 1159 1
2798 193 1
3526 5002 1
5002 3318 1
3318 4636 1
1896 1964 1
6683 4054 1
4054 3303 1
3303 5002 1
5002 3755 1
3755 306 2
1 4054 1
4054 2663 1
2663 3561 1
3561 6405 1
3303 6225 1
6225 5662 1
2462 968 1
306 7055 1
7055 193 1
193 647 1
647 5631 1
5631 2185 1
2185 1964 2
2400 3302 1
3302 1026 1
1026 3095 3
3095 6280 1
6280 90 1
5335 3904 1
3904 848 1
848 1964 2
1964 193 3
193 1879 1
1879 6966 1
6966 5631 1
5631 533 1
533 90 1
90 690 1
690 848 1
3526 5426 1
5426 5631 1
5631 4134 1
1920 6647 1
6647 1964 1
1964 3214 1
3214 2757 1
1176 650 1
650 262 1
2097 3671 1
3526 6445 1
6445 5648 1
5648 1964 3
6668 6501 1
6501 6077 1
6077 553 1
553 3528 1
3528 7099 1
7099 6496 1
6496 1964 1
1964 6468 1
6468 1402 1
1402 876 1
876 7224 2
7224 1964 7
6209 7014 1
7014 684 2
684 5478 1
5478 1 1
1 6263 2
6263 511 1
511 2417 1
2417 3765 1
3765 1964 1
2403 2922 1
2922 4651 1
4651 3526 1
3526 3219 2
3219 1449 1
1449 4457 1
7212 261 1
261 4054 1
4054 2841 1
1920 4143 1
4386 5181 2
5181 197 1
197 4545 1
4545 306 1
306 41 1
41 4123 1
4123 6501 1
6501 684 1
1502 6469 1
6469 553 1
553 401 1
1018 1979 1
7306 5152 1
5152 609 2
1964 1747 1
1747 7014 1
7014 2692 1
2692 4206 1
4206 3501 1
3501 3692 1
3692 7306 2
459 197 1
197 3526 1
3526 4472 3
4432 4322 1
4322 3526 2
989 6504 1
6504 155 1
155 1 1
1403 5436 1
5436 1964 2
1085 6506 1
6506 6006 2
6006 5488 1
5488 3526 1
3526 5619 1
5619 6405 1
455 2446 1
2446 4558 1
3467 5216 1
5216 3526 1
3526 432 1
432 5287 1
5287 1217 1
1217 1964 2
155 6656 1
1085 4272 1
4272 2236 1
3526 345 1
345 533 1
533 1964 1
3565 3559 1
3559 2236 1
2236 752 1
752 1 1
3526 1842 1
1842 6789 1
6789 6493 1
6493 3720 1
3720 3634 1
1384 3527 1
1964 4068 11
1964 6680 1
6680 3527 1
985 7218 1
7218 6412 1
6412 6485 2
6485 1964 1
1964 2414 2
2414 6506 1
6506 3808 1
3808 180 1
180 3634 1
3634 6274 6
6274 3290 2
3290 5890 1
5890 1906 1
1906 6026 1
6026 401 1
1018 6497 1
6497 6469 1
6469 1964 1
1964 5836 1
5836 5016 1
5016 185 1
2097 3501 3
1964 429 3
2841 6445 1
6445 6667 1
6667 3259 1
2440 5418 1
5418 1747 1
1747 2693 1
3095 6865 2
6865 7019 1
7019 7099 1
7099 1550 1
3528 6145 1
6145 6437 1
6437 684 1
634 5960 1
5960 347 1
347 700 4
1502 4636 1
4636 1964 3
7296 3202 1
3202 4772 1
4772 3217 1
700 6420 1
6420 6245 2
6245 684 2
1117 1403 1
1403 429 1
429 1403 1
1403 6494 4
6494 7017 1
7017 3095 1
2622 324 1
324 3528 1
3081 3983 1
3983 1 2
5568 6779 1
6779 1417 2
1417 2107 5
303 4461 2
4461 3011 3
684 459 1
459 3808 2
3808 668 2
668 684 1
2440 455 1
6280 4457 1
4457 5473 1
1191 553 1
553 2102 1
2102 6412 1
6412 5472 1
5472 6026 1
6026 7054 1
6501 1964 2
6263 876 1
4959 3467 1
3467 1325 1
1325 7036 1
7036 7099 1
1257 560 1
125 4106 1
4106 7067 1
7067 5771 1
5771 2841 1
2841 1855 1
1855 3707 1
3707 2841 1
1920 3842 1
5662 1612 1
1612 5642 1
5642 6490 1
6263 193 1
6490 926 1
6263 4457 1
4457 1 1
1 7099 1
7099 6501 1
6501 6996 1
6996 1550 2
2693 2097 1
2097 1403 2
1964 5920 1
1550 401 2
1964 2188 3
306 1938 2
1938 6538 1
7156 637 1
637 4546 1
4546 1964 1
1126 2880 1
2880 6814 1
6814 5631 1
306 202 2
3526 3708 1
3708 7297 1
2693 3842 1
3842 4686 1
3526 808 1
808 1964 2
6223 3181 1
3181 2841 1
6263 7212 1
7212 3074 1
3074 2898 1
2898 7185 1
7185 2841 1
197 1 1
4686 4992 1
4992 3842 1
3842 90 1
90 1964 2
1964 4749 1
4749 1964 1
3565 90 1
6145 6538 1
2358 684 2
684 455 1
455 981 1
3526 2009 1
2009 6543 1
6543 2107 1
7156 2027 1
2027 6405 1
684 1964 4
1964 5064 1
5064 7099 1
1217 861 1
861 5754 1
5754 287 1
287 5662 1
4932 3526 1
3526 6707 1
6707 3290 1
6626 2442 2
2400 7156 2
7156 7213 1
7213 2906 1
293 2541 1
2541 7113 1
2719 684 1
4174 6490 1
1964 6501 3
6501 4133 1
4133 1134 1
1134 5662 1
5662 5661 2
5661 1964 1
2399 3394 1
3394 4112 1
1357 389 1
389 1259 1
1259 128 1
128 7158 1
7158 4148 1
3528 4457 1
4457 3528 1
3528 4133 1
4133 2097 1
1340 7213 1
7213 575 1
575 1964 3
1964 138 3
138 2107 1
2036 1964 1
1964 5701 2
5701 293 1
1964 5510 1
5510 306 1
2516 682 1
2440 4559 1
1357 2634 1
2634 5662 1
5662 463 2
463 2816 1
2816 608 1
608 2051 1
2051 5955 1
5955 5717 1
401 3501 1
3501 840 1
840 1515 1
1515 989 1
401 1203 1
5831 3121 1
3121 2002 1
2002 1566 2
1566 727 1
727 2100 1
2100 1964 1
1964 1174 1
1174 1 1
6506 6501 1
6501 4335 1
4335 185 1
185 3528 1
3528 3811 1
3811 989 1
989 260 1
260 2440 1
2440 2446 2
2446 2735 1
2735 1516 1
1964 1176 1
1176 1400 1
4068 3979 1
3979 7170 1
5977 6501 1
6501 5702 1
5702 306 1
2472 3925 1
3925 1566 1
1566 7213 1
7255 6263 1
6263 6412 1
5779 3161 1
303 5477 2
5477 1163 1
1163 303 1
3100 6955 1
1145 2442 1
2400 2573 1
2573 1566 2
1566 2573 1
1566 4633 1
4633 5898 1
5898 6569 1
6569 1964 1
1964 1077 1
1077 3456 1
3456 5638 1
5638 1964 1
1964 3931 1
3931 5659 2
5659 310 1
310 4133 1
4133 306 1
306 1161 8
1161 6626 1
6626 7212 1
7212 5662 1
5662 1166 1
1166 306 1
5631 764 1
2434 2622 1
2622 369 1
369 1964 1
5938 6412 1
6412 6156 1
6156 5567 1
5567 7255 1
7255 6877 1
6877 1964 1
6501 3777 1
3777 3385 1
3385 7212 1
7212 684 1
684 1482 3
5938 5131 1
5131 6263 1
5993 506 1
506 6489 1
6489 303 1
3808 3192 1
3192 2109 1
2109 1545 1
1545 7212 1
7212 3307 1
3307 6501 1
6501 427 1
427 1964 1
2841 2440 2
7297 427 1
427 3226 1
3226 3617 1
3617 684 1
684 6606 1
6606 3655 1
3655 950 1
950 3226 1
3526 744 1
744 5882 1
3226 6209 3
6209 6493 1
6493 7212 1
7212 1813 1
1813 6506 1
3095 395 2
395 1 2
7156 5966 2
7297 5979 1
5979 303 1
303 3217 1
3217 684 1
1480 6979 1
6979 5662 1
5662 4020 1
5848 5662 2
5486 1964 2
1964 4814 1
4814 4332 1
2789 2240 1
2240 2541 1
2541 7296 1
1502 2458 1
2458 2841 2
5979 5662 1
5662 7156 9
700 569 3
569 269 5
269 6656 2
700 6968 1
6968 1433 2
1433 2541 1
2541 2798 1
2798 6736 1
3095 3769 2
3769 2532 1
700 6966 1
6966 7024 1
7024 714 1
714 306 1
5235 2130 1
2130 3206 1
3206 1651 1
1651 4129 1
4129 700 1
269 2789 1
2841 2798 1
2798 1114 1
1114 3044 1
3044 2798 2
2798 3095 1
3095 4126 2
4126 1964 1
1964 1217 2
1217 6638 1
6638 6412 1
700 4387 1
4387 2841 1
1161 5729 1
5729 1964 1
5204 6656 1
6145 3212 1
2107 5754 1
5754 5261 1
5261 3840 1
3840 7306 1
7306 5592 1
5592 1964 1
1964 815 1
815 2841 1
7301 1538 1
5780 6405 1
7156 6192 1
6192 7099 1
1944 2931 1
2931 6193 1
6193 7099 2
7099 640 1
640 6604 1
6604 2841 1
5780 3526 1
3526 4372 1
4372 682 1
682 4534 1
4534 5779 1
4686 1979 1
1979 1344 2
2753 193 1
193 7158 1
4625 3526 2
3526 6463 1
6463 2841 1
7301 3467 1
7099 108 1
682 4532 2
4532 6190 1
6190 119 1
119 1195 1
1195 3616 1
3616 1250 1
1250 4464 1
4464 3880 1
1964 3455 1
3455 3526 1
324 903 1
903 6405 1
7084 2928 1
2928 700 1
700 7023 1
7023 7156 1
700 6357 1
6357 5779 1
5779 7022 1
7022 401 1
1502 6604 1
6604 3256 1
7014 4729 1
4729 324 1
324 6320 1
6320 3095 1
3095 412 1
412 6664 1
6664 4688 1
7156 233 2
293 5002 1
5002 3632 1
3632 3095 1
5220 3528 1
3528 5216 1
5216 306 1
6145 1114 1
1964 295 1
295 603 1
640 3553 1
3553 6664 1
6493 3044 1
2798 883 1
883 3285 1
3285 4832 1
4832 4236 1
4236 6118 1
6118 1711 1
1711 6604 1
6604 1964 2
1964 2541 1
2541 3115 1
3115 324 1
324 3822 1
3822 306 1
5779 3044 1
3044 7099 1
7099 7296 1
3467 3822 1
3822 1 1
700 4954 2
4954 1195 1
108 2642 1
2642 700 1
700 4847 1
4847 5662 1
5779 4497 1
4497 566 1
3526 71 1
71 912 2
912 1964 1
3095 4248 1
4248 6490 1
6490 700 2
293 4757 1
4757 1964 1
5380 700 1
7017 1979 1
1979 6193 1
2601 6988 2
6988 1964 2
3537 7296 1
3537 3259 1
1479 2123 1
2123 4489 1
4489 635 1
635 71 1
71 911 1
911 2400 1
2400 2541 1
2541 3526 2
3526 2541 1
3526 6493 1
6493 700 3
700 233 1
233 3762 1
3762 233 1
700 2924 1
2924 2107 1
5921 6604 1
700 4271 1
4271 549 1
549 7060 1
1550 6914 1
6914 7296 1
7296 4489 1
4489 1964 1
138 107 1
107 6386 1
6386 1964 1
1964 2224 1
2224 7156 1
7156 6036 1
6036 358 1
358 4223 1
4223 5681 1
5681 1487 1
1487 7156 1
7296 6501 1
6501 603 1
1964 52 1
52 6501 1
6501 1979 1
306 201 1
201 3095 1
3528 661 1
661 7024 1
7024 3528 1
3528 4874 1
4874 7024 1
7024 6053 1
6053 7156 1
3528 2737 1
3528 2281 1
2281 3259 1
3259 6501 1
6501 108 1
108 7099 1
306 946 1
946 3254 1
6245 6456 1
6456 700 1
700 3608 1
3608 6506 2
6506 4245 1
4245 6972 1
6972 1979 1
1964 1560 1
6700 1479 1
1479 303 2
303 3044 3
3044 2540 1
2540 6490 1
6490 3529 1
3529 6114 1
6114 3285 1
3285 2107 2
7301 6501 1
6501 4892 1
306 2642 1
5779 7099 1
6456 6897 1
6897 5181 1
5181 1964 1
1569 324 1
324 4497 1
4497 5662 1
5662 7297 5
7297 5938 1
5938 3526 1
3526 647 1
647 1166 1
1166 1964 1
1964 423 1
2462 6501 1
6501 6186 1
6186 3777 1
3777 1964 1
1964 262 2
262 627 1
627 2440 1
912 6494 1
6494 4564 1
4564 1550 1
1403 4998 1
4998 452 1
1287 1487 1
1487 7306 1
2789 6420 2
6420 3620 1
3620 6506 2
3095 1868 1
1868 7306 1
2097 7069 1
1964 5947 1
5947 6420 1
1631 1 1
2236 6256 1
6256 5068 1
4206 245 1
245 5662 1
303 1953 2
1482 1403 2
1403 1196 1
1196 6506 2
5568 3528 1
3528 133 1
133 4745 1
1944 1196 1
2789 4539 1
4539 6405 1
1340 1114 1
1482 6190 1
6190 7168 1
7168 7099 2
7099 3624 1
3624 3095 1
2701 7306 1
3095 5145 3
5145 6538 1
7158 6556 1
6556 1196 1
2841 7069 1
7069 2236 1
2236 3161 1
3161 5068 1
5068 1626 1
1626 1 1
6506 259 1
259 3528 1
3528 1958 1
1958 6494 1
4991 7069 1
7069 3494 1
6099 5131 1
5131 1608 1
1608 303 1
684 54 1
54 755 1
2587 3857 1
3857 1550 1
1550 3857 1
3857 1025 1
1135 202 1
202 3302 1
3302 202 1
202 2798 2
2798 306 1
306 2133 1
2133 1964 1
1964 3230 1
3230 5619 1
5619 108 1
108 5685 1
108 7248 1
7248 4217 1
4217 7293 1
7293 2502 1
5751 401 1
401 3528 3
7099 1145 5
1 1135 1
1135 6412 1
6412 5637 1
5637 5131 1
5131 2376 1
2376 3226 1
450 3044 1
3044 2336 1
2336 1964 1
401 6412 1
6412 1359 1
1359 4076 1
4076 6153 1
6153 6869 1
6869 251 1
251 6736 1
375 2102 1
2102 6245 1
6245 3095 3
3095 1224 1
1224 2709 1
2709 2605 1
2605 5993 1
5993 1 1
3254 2378 1
2378 455 1
4991 1 1
3528 649 1
2841 5785 4
5785 808 1
808 306 2
401 5614 2
5614 1964 2
4347 371 1
371 2419 1
2419 46 2
46 6486 1
4067 4398 1
4398 1964 1
684 2798 1
2798 6816 1
6816 2841 1
2841 5850 1
5850 989 1
989 7170 1
306 4684 1
4684 2104 1
841 2558 1
2558 1964 1
1964 6284 1
6284 1 1
6656 1141 1
1141 4076 1
4076 7257 1
7257 1964 1
1964 2278 1
2278 2502 1
2502 5937 1
5937 5606 1
5606 2514 1
2514 6405 1
2102 1135 1
1135 4718 1
4718 2841 1
5681 3018 1
3018 1954 1
1954 1 1
3528 4623 1
4623 553 1
553 46 1
46 684 1
684 302 1
302 1964 2
1964 302 1
1964 3733 1
3733 2841 1
5785 6405 2
2559 6490 1
533 6490 1
1 5449 1
5449 5516 1
5516 4643 1
4643 553 1
553 7216 1
7216 7277 1
7277 167 1
167 1964 1
1964 4422 1
4422 943 1
943 1 1
1 2218 1
2218 1550 1
3526 6145 2
6145 3738 1
3738 7261 1
7261 4686 1
4686 684 4
3528 261 1
261 4159 2
4159 1964 2
1135 6815 1
6815 3847 1
3847 306 1
2798 5897 1
5897 5631 2
2587 6656 2
3528 920 1
920 1964 1
1964 6208 2
1403 6105 1
6105 2841 2
4020 3648 1
3648 5681 1
5681 7156 5
2841 1480 6
1480 2019 1
2019 4405 1
6661 1550 3
1550 2454 3
2454 1 2
1 5210 2
5210 6982 1
6982 306 1
306 2483 2
2483 2403 1
2403 5131 1
5131 138 1
138 3290 1
2295 4802 1
4802 3528 1
3528 5050 1
6722 7253 1
7253 1 2
7297 2218 1
2218 684 1
634 6405 5
6405 5981 1
5981 7156 1
7156 5210 1
5210 1466 1
1466 1527 1
1527 3620 1
3620 7156 1
3526 5449 1
5449 3226 1
3226 5848 2
1550 5938 1
2166 3095 1
3095 2508 1
2508 3095 1
6851 2705 1
2705 3651 1
640 7159 1
7159 5681 1
5681 5984 1
5984 1964 1
1964 3692 2
3692 6656 1
7156 241 1
241 1114 2
6405 6186 3
6186 1964 1
6405 5871 1
5871 7306 1
5131 4552 1
4552 3095 1
985 3254 1
4686 2128 1
2128 5249 1
5249 437 1
437 5079 1
5079 2841 1
2841 46 2
46 3526 1
7017 5071 1
5071 1 1
1 1473 1
1473 386 1
386 3526 1
3526 6791 1
6791 3095 1
4098 682 2
3526 6695 1
6695 3095 1
5218 2841 1
46 6506 1
5962 3254 1
7156 4893 4
4893 5773 1
5773 3984 1
3984 6626 1
6626 5210 1
5210 6223 1
3526 2403 3
1964 3032 1
3032 2896 1
3526 5379 1
5379 1964 1
3081 5861 1
5861 1957 1
1957 6493 1
6493 3095 3
866 649 1
649 5662 2
5662 5858 1
5858 1964 2
2097 46 1
46 2735 1
2735 2403 1
2403 6296 1
6296 3526 1
3526 7013 2
7013 888 1
888 3526 1
3526 566 1
566 1 1
1 3475 1
3475 1516 1
1516 424 1
424 6626 1
6626 855 1
855 5449 1
5449 1964 1
5848 3199 1
3199 5938 1
5938 3050 2
3050 6538 5
7156 145 1
145 3241 1
303 5217 1
5217 6506 1
6506 7297 3
7297 1025 1
1025 3319 1
3319 400 1
5779 4915 1
4915 1964 1
3526 5391 1
5391 5071 1
5071 1479 1
7156 6720 1
6720 2841 1
2587 684 1
1964 1688 3
1688 7156 1
6047 1964 2
1964 5249 2
5249 492 1
2587 6506 1
3526 5820 2
5820 2587 1
2587 3079 1
3079 165 1
2315 5535 1
2841 1438 1
1438 1 1
1144 7070 1
7070 5951 2
5951 4158 1
4158 2841 1
2841 4159 1
4159 6209 1
6209 3527 1
3527 6719 1
6719 5249 1
5249 6894 1
1550 1063 1
1063 1964 1
1964 5254 1
5254 6656 1
3526 440 1
440 2185 1
2185 4832 1
2102 5865 1
5865 684 1
684 1957 2
1957 4275 1
2693 2403 1
7021 1263 1
1263 5924 1
5924 3259 1
2295 5882 1
5882 7070 1
5951 3226 1
6209 2587 1
644 819 1
819 1964 2
1964 4533 1
4533 306 1
401 5195 1
5195 2419 1
46 1 1
7297 5248 1
5248 4134 1
1964 1207 1
1550 7224 1
3526 213 1
213 7170 1
1920 6490 1
5210 5131 1
5131 5662 2
5662 6788 2
6788 6346 2
6346 7019 1
7019 2734 1
2734 517 1
303 5983 2
5983 7306 1
401 1400 5
1400 233 1
5959 3477 1
3477 3526 1
3526 4114 1
4114 5820 1
5820 386 1
1964 6894 1
1550 4159 1
4159 1 1
5676 7192 1
7192 1981 1
1981 6259 1
6259 1482 1
1482 2719 1
2719 5993 1
3264 261 1
5785 1 1
1 2588 1
2588 2816 1
2816 306 1
3551 3526 1
6155 1964 2
5751 5937 1
5937 1964 1
5249 517 1
303 4686 1
5993 3081 1
3081 6198 1
6198 5662 1
5779 3462 1
1964 7195 1
7195 3527 1
4020 3467 1
1403 3467 1
1403 1263 1
6538 298 1
298 7156 2
7156 3462 1
3462 6405 1
1964 2676 1
2676 306 1
533 1 1
5705 5801 1
5801 2353 1
2353 1964 1
1964 6245 7
6245 6284 1
6284 1964 1
1964 2378 1
2378 306 1
5676 7330 1
7330 1964 1
1964 3018 1
3018 6578 1
6578 2122 1
2122 2744 1
2744 5779 1
5779 4801 4
4801 4686 1
4686 4317 1
4317 2587 1
2587 6990 1
6990 6405 1
3527 1580 1
1580 4112 1
4112 46 1
46 1964 1
2942 6105 1
4020 5428 1
5428 1964 2
1957 5131 1
5131 549 1
549 4274 1
4274 3634 1
3634 6731 1
6731 1964 1
1964 6724 1
6724 6626 1
6626 5449 1
5449 6683 1
3526 5026 1
5026 1964 1
2747 1910 1
1910 5379 1
5379 3494 1
3526 1502 2
1502 22 1
22 5676 1
684 4878 1
4878 1964 1
3095 3603 2
3603 5003 1
6405 4559 1
7296 5449 1
5449 1126 1
1335 3095 3
2789 927 1
927 1480 1
1480 7069 1
7156 6490 1
5955 4112 1
7297 7014 1
1964 926 1
3226 6683 1
6683 3189 1
3189 4386 1
7297 7069 1
7069 3290 1
409 1964 2
303 4802 1
4802 3259 1
3259 3011 1
3011 4892 1
4892 3162 1
3162 7099 1
7099 1149 1
1149 1478 1
1478 6968 1
6968 3544 1
3544 5518 1
5518 1964 1
634 5985 1
5985 1 1
940 1927 1
1927 5131 1
5779 883 2
883 1 2
1114 6760 1
6760 1482 1
1482 1263 5
2295 6136 1
6136 684 1
2358 1814 1
1814 940 1
7297 50 1
50 3522 1
3522 1482 1
3095 1356 1
1356 1263 1
1263 7200 1
7200 7156 1
3528 3293 1
3293 6506 1
6506 5681 1
5681 4756 1
4756 2284 2
2284 1126 1
1126 4098 1
7102 4756 1
2284 603 1
6740 1944 1
484 2841 1
450 217 1
217 2543 1
2543 3428 1
3428 279 1
279 1964 2
7177 2379 1
2379 2962 1
2962 62 1
1964 5430 1
5430 3528 1
1018 603 1
306 62 1
62 306 1
306 1696 2
1696 6313 1
6313 6506 1
6506 6575 2
6575 6136 1
6136 643 1
918 1964 1
2576 1964 1
1964 1462 1
1462 6442 1
306 1859 1
1859 6551 1
6551 2337 1
2337 1535 5
1535 2021 2
2021 7042 1
7042 6035 1
6035 695 1
507 6263 1
6263 5681 1
5681 2424 1
2424 272 1
272 1516 1
1964 5538 2
5538 3095 2
3095 1353 1
1353 3290 1
3526 1479 1
1479 6736 4
6736 7297 1
7297 6287 1
6287 3528 1
3095 1710 1
1710 6493 1
1944 49 1
49 401 1
1195 940 1
2338 537 1
537 3095 1
3095 4404 1
4404 5631 1
5631 6860 1
6860 6351 1
6351 412 1
412 1733 1
1733 3061 1
3061 5736 1
5736 501 1
501 5413 1
5413 1 1
1964 2705 2
2705 3095 2
6851 2107 2
2107 1696 1
1696 303 3
303 163 1
2848 2798 1
2798 2236 1
2236 219 1
219 6740 1
303 687 2
687 3226 1
940 261 1
261 5025 1
5025 156 1
156 3368 1
3368 1905 1
1905 2419 1
4275 2841 6
6351 6420 1
6223 3925 1
3925 1733 1
1733 1964 2
1964 5063 1
5063 2339 1
2339 5563 1
5563 6006 1
6006 4713 1
4713 6551 1
6551 5848 1
3527 5681 3
1480 1739 1
1739 1964 1
1134 5456 1
5456 3050 2
3050 6551 1
6551 1964 1
7284 2192 1
2192 2358 1
3527 2067 1
2067 5681 1
5681 948 2
948 5607 1
5607 1 1
2236 6656 2
401 1957 1
1957 950 1
950 5331 1
5331 3634 1
2608 940 1
940 4274 1
4274 1733 1
2338 702 1
702 2002 1
2002 2454 1
2454 2841 1
7138 6044 1
6044 998 1
401 2419 1
2419 5362 1
5362 5371 1
5371 4474 1
4474 1964 1
5715 2107 1
2107 5286 1
5286 3290 1
3290 3302 1
3612 1964 3
6245 6342 1
6342 7107 1
7107 1 2
644 3808 1
5983 5210 1
5210 7170 1
7170 3259 1
3259 2911 1
2911 3634 1
3634 5979 2
5979 1 1
2236 2338 3
2338 2305 1
2305 5193 1
5193 1964 1
1964 6841 1
6841 1550 1
2454 1957 1
1957 6982 1
6982 2403 1
2403 7021 1
7021 1964 2
138 1263 1
4112 378 2
1964 3259 1
3259 5049 1
5049 401 2
401 2284 1
2284 6014 1
6014 1114 1
1817 4173 1
4173 684 1
6006 6626 1
3095 6720 2
6720 293 1
293 3634 1
5979 968 1
968 2122 1
7253 3674 1
3674 3090 1
6221 1422 5
1422 4686 1
4686 940 4
940 3560 1
3560 1733 1
1733 5428 1
5428 3925 1
3925 5210 1
5210 1964 1
1964 3413 1
7297 1718 1
1718 6551 1
6551 303 1
303 2066 1
2066 6506 1
6506 1482 1
5955 3175 1
3175 923 1
2575 926 1
926 684 1
684 156 1
156 2841 1
2841 4803 1
4803 6136 1
6136 306 1
306 6442 2
1409 6740 1
6740 1780 1
1780 4686 1
3565 5428 1
1479 4741 1
4741 5210 1
5210 2934 1
2934 4802 1
4802 1745 1
1745 1964 1
1964 4710 1
4710 6490 1
3527 4413 1
4413 5116 1
5116 5548 1
5548 5754 1
5754 1940 1
1940 7158 1
7158 1964 1
4636 7099 1
1145 1688 1
1688 5383 1
5383 2107 1
5306 6740 1
6740 2306 2
2306 5306 1
5306 7296 2
684 940 1
684 6627 1
6627 1964 1
1964 3082 1
3082 5860 1
5860 4274 1
4274 2399 1
2399 2915 1
2915 3365 1
3365 4169 1
4169 5662 2
4448 303 2
303 2573 1
2573 6351 1
6351 1964 2
165 23 1
23 3259 1
6626 2124 1
2124 841 2
841 3580 1
3580 1025 1
1025 649 1
649 3829 1
3829 5858 1
1688 4194 1
4194 6506 1
5938 1232 1
1232 3528 1
3528 3617 1
3617 4631 1
4631 2817 1
700 2915 2
2915 1910 1
1910 2915 1
2915 3259 1
2817 7306 1
1507 303 1
303 4635 1
4635 401 1
1018 7157 1
7157 2896 1
2817 401 3
401 1530 4
1530 2001 1
2001 603 1
7156 1117 1
1117 6760 1
6760 3764 1
3764 6155 1
6155 303 1
303 6964 1
6964 4802 1
4802 1964 1
1964 3346 1
3346 401 1
1018 6493 2
3494 3829 1
3829 5277 1
5277 4772 1
4772 6405 1
6405 2021 2
3207 2296 1
6405 2756 1
2756 6320 1
6320 1688 1
1688 684 2
3467 994 3
994 2481 1
6493 3226 1
2915 6299 1
6299 1344 1
401 6040 1
6040 4386 1
4386 4636 2
4636 4802 1
4802 2841 1
1195 3259 2
3259 401 1
303 5329 1
5329 7156 1
5005 3090 4
3090 1718 1
1718 6136 1
6136 1696 1
3565 163 1
2848 1957 1
1957 1964 1
3565 6405 2
1502 2915 1
2915 1964 2
7297 378 1
378 5662 1
940 2097 1
2817 4708 2
4708 684 1
684 500 4
4686 3506 1
3506 4485 2
4485 3528 1
3528 356 2
1233 720 1
5547 6180 1
6180 2716 1
1144 3229 1
6420 927 1
927 3526 1
6173 2841 2
6572 408 1
408 1696 1
3565 3967 1
3967 1964 1
5287 4954 1
4954 3095 1
3095 3261 1
3261 1 1
684 6538 2
1502 2358 1
2841 3904 1
3904 1144 1
1144 4802 1
4802 7306 1
1152 500 1
1964 1715 1
1981 1957 1
1957 3771 1
3771 2166 1
2166 2021 1
2021 4206 1
4206 4499 1
4499 7159 1
7159 6173 1
6173 7306 2
3095 2108 1
2108 3877 1
3877 1 1
1 6044 2
6044 1126 1
1126 2973 1
2973 3203 1
3203 6629 1
6629 7320 1
7320 2107 1
6118 1964 1
1964 974 1
974 2157 1
2107 3891 1
3891 1379 1
1379 2369 1
5779 5640 1
5640 6490 1
3528 5088 1
5088 2717 1
7306 7220 1
7220 7142 1
7142 7253 1
7306 4682 1
4682 2720 1
2720 306 2
1696 1 1
3095 744 5
744 6736 1
3808 6420 1
6420 2389 1
2389 3891 1
3891 2236 1
2236 5210 1
5210 2850 1
2850 6251 1
6251 7156 2
3244 3161 1
687 940 1
940 1141 1
1141 3467 1
3467 2758 1
2758 1145 1
4387 4655 1
4655 306 1
4386 2419 3
2419 269 1
2817 4142 2
4142 1550 2
1964 3818 1
6452 3526 1
5848 1979 1
1979 6456 1
6456 302 1
302 1 1
1340 107 1
107 2097 2
684 2578 2
2578 269 1
269 1550 1
6633 7178 1
7178 972 1
2817 4836 1
4836 2097 1
1964 2622 1
2622 7102 2
7102 7113 1
1144 5793 2
5793 6740 1
1964 6452 1
6452 4770 1
4770 2933 1
2933 2097 1
7156 103 1
103 2338 2
4376 1 1
1 3494 1
3494 3254 1
4277 5890 1
3526 803 1
803 1981 1
1981 7183 3
6171 3290 2
3290 940 1
940 5882 1
5882 2817 3
2817 1621 1
1621 2841 1
3526 3496 1
3496 517 2
517 1964 1
3095 3732 1
3732 2716 1
2716 3829 1
3829 1217 1
1217 3634 1
1654 5723 1
4708 1 1
940 5131 1
5131 2914 1
2914 5662 1
5979 656 1
656 2107 2
3528 5026 1
5026 5210 1
5210 940 1
5848 5137 1
5137 3522 1
3522 7306 1
3904 3876 1
3876 303 1
303 4508 1
4508 7158 1
7158 3612 1
3612 6494 3
4558 619 2
619 6405 1
306 6572 5
6572 5287 4
5287 3528 3
2817 6022 2
6022 6863 1
6863 6390 1
6390 1417 1
3528 7131 1
7131 7296 1
375 7131 1
7131 3528 1
293 1358 1
1358 1141 1
1141 7158 1
7158 6748 1
6748 2737 1
2737 2532 1
2532 3528 2
7296 5069 1
5069 7017 1
684 6407 6
6407 1944 1
3528 597 1
597 6412 1
6412 5954 1
5954 2789 1
2789 6863 1
6863 4039 1
4039 1479 1
3528 437 1
437 5028 1
5028 6656 1
1287 7297 1
2790 6025 1
6025 306 1
6575 408 1
408 7144 1
7144 7220 1
7220 5261 1
1335 7306 1
7158 1196 1
1196 1619 1
1619 6412 1
2472 3162 1
4195 2236 1
2236 3303 1
3528 6847 1
6847 1964 1
1870 1233 1
981 929 2
3095 6726 4
6726 7156 1
6405 5779 2
400 3207 1
6726 1 1
6726 929 1
1114 4688 3
6412 6736 2
7296 4599 1
4599 7306 1
684 3468 1
3468 929 1
347 7297 1
7297 3090 2
3090 2338 2
2338 6342 1
6342 2790 2
2790 603 2
6412 6342 1
981 4742 1
684 2338 1
2338 2790 1
2790 1191 1
1191 1988 1
1988 1114 1
6633 4737 1
4737 5005 1
3528 603 2
6748 450 1
450 7018 5
7018 935 2
935 602 1
602 3090 1
3090 5145 1
5145 3526 1
3526 5198 1
5198 6904 1
6904 590 1
1 450 1
450 2165 1
2165 690 1
690 2609 1
2609 7145 2
7145 2609 1
2609 5255 1
5255 1966 1
1966 690 1
690 7285 1
7285 690 1
690 5580 1
1482 6097 1
6097 1403 1
303 2338 3
6221 634 2
634 33 1
33 1964 1
1964 5671 1
5671 1964 1
1964 3273 1
3273 6405 1
1741 7156 1
7156 1043 1
1043 1114 1
1114 5296 1
5296 4187 1
4187 293 1
6633 3829 1
3829 6211 1
6211 935 1
935 2236 1
306 7046 1
7046 985 1
985 603 1
303 6952 1
6952 294 1
294 2102 1
1195 1514 1
1514 3829 1
3829 3263 1
3263 1512 1
1512 1 1
3066 361 1
5622 3527 1
3527 989 5
1482 6405 3
6405 5275 1
5275 269 1
269 7319 1
7319 1669 1
1669 4211 1
4211 6386 2
6386 3158 1
3158 924 1
924 981 1
981 4849 1
4849 3527 1
3066 3748 3
3748 3527 3
1964 3747 2
3747 4211 1
6386 1228 1
1228 7245 1
7245 981 1
3527 4990 1
4990 1 2
3747 4369 1
4369 4818 1
4818 5603 1
5603 4818 1
4818 5604 1
5604 7310 1
7310 2841 1
2841 1950 1
1950 1 1
1512 1818 1
1818 5473 1
5473 3526 2
3526 2102 1
3284 4112 1
4112 5849 1
5849 1 1
2236 5849 1
5849 2855 1
2855 6638 1
7253 3526 1
3528 6110 1
6110 2227 1
3527 2226 1
2226 6276 1
6276 6313 1
6313 3254 1
5779 2923 1
2923 3808 1
3808 4336 1
4336 6633 1
6633 2338 1
1233 1844 1
1844 7306 2
1944 7297 1
3090 1573 1
1573 644 1
644 2737 1
2737 7014 2
7014 6538 1
6538 5005 2
306 2082 2
2082 450 1
935 437 1
437 3526 1
3526 1840 2
1840 5711 1
5711 5662 1
5662 29 1
29 2107 1
7296 451 1
451 4805 1
4805 1141 1
1141 6026 1
5662 5835 2
5835 2107 1
6405 3226 4
6538 3226 1
5662 5834 1
5834 450 1
1964 4750 1
4750 1550 1
225 401 1
401 7075 1
7075 306 1
306 227 1
227 898 1
898 1 1
4686 3413 1
3413 1185 1
1185 3139 1
3139 6456 1
6456 981 2
981 526 1
526 640 1
3095 6177 2
6177 303 1
3526 4282 1
4282 3050 1
3050 6028 1
6028 3854 1
3854 940 1
940 366 1
366 6405 1
3526 5773 3
5773 5482 1
5482 3526 1
7013 3207 1
3207 6882 1
6882 306 2
306 231 1
231 2632 1
2632 2107 1
2107 2360 1
2360 294 1
294 1661 1
1661 2441 1
2441 3609 1
3609 1196 1
2841 461 1
461 3526 1
1502 3426 2
3426 4897 1
4897 3320 1
3320 7159 1
5831 6626 3
3095 968 2
968 1550 1
6405 3426 1
3426 2915 1
2973 6245 1
294 6506 1
5615 5436 1
1479 6626 1
3095 1693 1
1693 4420 1
4420 6405 1
6405 3189 2
3189 6043 1
6043 603 1
2122 1541 1
1541 303 1
7297 935 1
935 1964 1
3526 501 1
501 3090 1
293 1482 5
1482 7152 2
7152 3322 1
3322 7297 1
7297 1018 1
3090 2110 1
2110 3105 1
3105 83 1
83 6494 1
1479 5375 1
5375 3290 1
644 3528 2
3528 1263 2
7296 6216 2
6216 1059 1
1059 1130 1
1130 7306 1
5848 2338 5
1480 2338 1
2338 7156 1
1 570 1
3528 1411 1
1411 4617 1
4617 6405 1
6736 595 1
595 6736 1
3808 3634 1
3634 3090 2
3090 6147 1
6147 5352 1
5352 929 1
1483 3528 1
6412 1233 2
401 2338 1
2338 5352 1
5352 5662 1
3095 4239 5
4239 6405 1
2082 982 1
982 1 1
940 4349 1
4349 1482 1
3254 1287 1
4916 7099 1
1114 940 1
940 1403 1
644 5366 1
5366 3100 1
3100 6494 1
3095 3904 1
6099 7018 1
940 2236 1
2983 6405 1
6405 3634 2
3634 2338 3
3095 3700 1
3700 1471 1
1471 6633 1
6633 187 1
187 3290 1
3290 3528 3
6044 929 1
219 6412 1
3095 6563 3
6563 7306 1
1964 7295 1
7295 1466 1
1466 6464 1
6464 1964 2
6494 1233 1
3528 6736 2
6736 5797 1
5797 2817 1
7224 3095 1
2906 1574 1
1574 2440 1
2440 3528 3
6412 1964 4
1964 4926 1
4926 7296 1
306 508 1
508 2296 1
2296 644 1
1944 1480 1
1480 2532 1
2532 927 1
927 6269 1
6269 926 1
2338 6044 1
6044 3916 1
3916 2122 1
6495 303 2
981 1233 3
3095 3044 1
3044 2338 1
940 3254 2
7014 1981 1
2789 764 2
6538 6405 1
3528 3255 1
3095 3699 1
3699 3634 1
3634 3044 1
3044 7306 1
4284 2747 1
2747 3810 1
3810 3526 1
3526 7084 3
1187 2236 3
5462 3526 1
1964 3560 3
3560 989 5
2262 6253 1
6253 1964 2
4068 3419 1
5955 3095 1
508 1126 1
1126 452 2
1944 306 1
3526 656 1
656 5005 4
5005 1512 1
1512 1964 4
6537 4112 1
1340 4688 1
3095 5483 1
5483 5662 1
5662 5805 1
1 5538 1
3526 4525 1
4525 2601 1
2601 3095 1
7102 682 1
682 125 1
125 7099 1
7296 4389 1
4389 6271 1
6271 6506 1
1480 4112 1
7084 294 1
294 6253 1
4068 2236 1
2236 1417 1
7306 6135 1
6135 4068 1
1964 4869 1
4869 104 1
104 2536 1
2536 100 1
100 1243 1
1243 3797 1
3797 2122 1
2122 1003 2
1003 375 1
700 219 2
453 3526 1
3116 7297 1
7297 1233 1
7306 5330 1
5330 5662 1
3528 5005 4
3526 1512 3
1964 5537 1
5537 1964 1
1964 2669 1
5177 3526 1
3786 7306 1
5789 6405 1
6405 6647 1
6647 7306 1
131 7160 1
7160 7242 1
7242 2021 1
2021 6984 1
6984 3634 1
1964 658 1
658 2107 2
3324 3467 1
2747 2622 1
2622 2536 1
2536 3527 1
6493 401 1
985 3527 1
6344 5862 1
5862 1964 1
3808 6647 1
6647 209 1
209 4686 1
4686 4575 1
4575 603 1
2129 5287 1
5287 6245 1
6245 3527 1
3527 5660 1
981 1693 1
1152 3527 1
3095 1690 1
1690 6245 1
6245 5779 1
6245 1114 1
1482 968 1
1964 6785 3
7296 5378 1
5378 7306 1
981 1074 1
1074 6405 2
2532 1693 1
7306 419 1
419 1964 2
1964 4907 1
4907 3290 1
6633 1817 1
1817 1114 1
2107 7242 1
7242 3527 1
1964 4450 1
4450 2841 1
4432 4686 1
4686 6760 1
1403 2286 1
2286 5017 1
5017 6420 1
6420 2719 1
1964 4990 2
4990 3385 1
3385 5993 1
5993 1152 1
1152 684 2
1502 3690 1
3690 3037 1
3037 1175 1
1175 6245 1
6245 3506 1
3506 5676 1
5676 1152 1
1152 3560 1
4068 5924 1
5924 6405 2
1964 6477 3
6477 5379 1
5379 7306 1
5287 1152 1
1152 7297 1
7297 3657 1
3657 3016 1
3016 2952 1
2952 404 1
1964 6559 1
6559 1861 1
1861 3527 1
3095 6588 1
6588 7306 1
1964 3350 1
3350 1 1
6736 7156 3
4743 5131 1
5131 1964 1
2789 4259 1
4259 1 1
5676 401 2
1400 4259 1
4259 2841 1
7074 3690 1
3690 4681 1
4681 1152 1
1152 6656 1
6145 5141 1
5141 3623 1
3623 989 1
2107 2400 1
2400 306 1
1017 3527 1
4754 1114 1
1114 929 1
2107 1770 1
1770 6344 1
6344 3527 1
3797 6633 1
2747 104 1
104 5130 1
5130 1026 1
1026 6211 1
3095 5130 2
5130 347 1
347 3527 2
3527 3438 1
3438 929 1
929 6044 1
6044 3438 1
3438 1 1
3527 3324 1
3324 2841 1
1195 6740 2
6740 4206 1
4206 408 1
1969 3627 1
3627 4643 1
1402 131 2
131 6263 1
6263 1019 1
2338 3081 3
3081 5425 1
6788 2107 1
3528 3359 1
3359 1233 1
940 7156 1
2905 7296 2
3095 1747 1
1747 2737 1
634 6736 1
3526 2909 2
1964 6599 2
6599 2505 1
2505 4112 1
4112 7054 3
1195 5759 2
5759 306 1
7183 4546 1
2817 4991 1
4991 644 1
644 5762 1
5762 1233 1
1233 389 1
389 2236 1
2817 3610 1
3610 3526 1
3467 347 1
293 2441 1
2441 2841 1
3526 3059 1
3244 5662 1
5760 6405 1
4140 293 2
3116 3290 2
7156 2296 1
2296 3157 1
3157 2505 1
2505 7054 1
4878 2123 2
6161 3369 1
1910 6656 1
6656 3090 1
3090 940 1
3526 1526 1
1526 6086 1
6086 2107 2
3526 3464 1
3464 1233 1
1233 306 12
2353 2338 1
2338 2542 2
2542 1257 1
1257 6960 1
6960 1981 1
5843 5787 1
5787 3863 1
3863 1964 1
1964 222 1
222 1981 1
1981 2298 1
2298 560 1
560 4686 1
5754 6443 1
6443 2379 1
2379 1964 1
786 1233 1
1233 7224 1
7224 2548 1
2548 5631 2
1964 6896 1
6896 684 1
684 6153 1
6153 1110 1
1110 5841 1
2379 6412 1
6412 6625 1
6625 1964 1
1964 3136 1
3136 3767 1
3767 7156 1
6223 4721 1
2841 6883 1
6883 5077 1
5077 306 2
520 7054 1
3127 5020 1
6506 6276 1
6276 7296 1
455 4686 1
450 1386 1
1386 1964 1
1964 2982 3
2982 2841 4
3527 154 1
154 43 1
43 2236 1
306 5779 2
2841 7099 2
3095 260 1
260 1964 1
1964 4904 1
4904 7297 1
7297 1386 1
1386 2097 1
2097 3842 1
1 3842 1
3842 4645 1
7183 7179 1
1289 3526 1
7102 2505 1
2505 5759 1
1964 6612 1
6274 2107 2
6506 927 1
927 1887 1
1887 940 1
940 6040 1
6040 3526 1
6237 1964 1
5779 5322 1
5322 1 1
2441 436 1
436 6031 1
5217 1233 2
1233 834 1
1964 4566 2
4566 3163 2
3163 5217 1
5217 426 1
426 5349 1
5349 1144 1
1144 2107 1
2107 1249 2
1249 1899 1
1899 3101 1
3101 6493 1
6493 1526 1
1526 6670 1
6670 1964 1
1964 3609 4
4408 7296 1
3408 5497 1
5497 4767 1
4767 3259 1
3095 682 1
682 6223 1
293 1308 1
4387 1233 1
1233 1598 1
1598 1479 1
5131 4721 1
4409 1 2
6490 2446 1
2446 6420 1
2737 4098 1
4098 3090 1
3090 1543 3
1543 7017 1
7017 3565 1
3565 5220 1
6995 1535 1
1535 6736 1
3808 4841 1
4841 303 1
303 7253 1
3528 4113 1
4113 1 1
344 5953 1
5953 1550 1
634 1310 1
1310 6740 1
6740 1964 3
1964 6386 2
6386 219 1
3254 4336 2
4336 3528 1
4990 1964 1
2295 940 2
7156 4445 1
4445 1964 1
4332 7077 1
1144 3161 1
2532 2115 1
2115 3508 1
3508 50 1
50 1020 1
1020 1 2
5568 1610 1
306 1020 2
1020 2841 2
131 108 1
682 4071 1
4071 5131 1
6405 4473 1
4473 306 1
306 5998 1
5998 4840 1
4840 2841 1
2841 5027 1
5027 1 1
4525 2841 1
2841 5691 1
5691 684 1
2817 2456 1
2456 3263 1
4076 6420 1
926 3614 1
3614 5187 1
5187 5287 2
6456 2338 1
2338 5676 1
5676 3465 1
3465 306 1
6494 356 1
356 3465 1
3465 7306 1
2296 3465 1
3465 2338 1
1964 726 1
726 3808 1
3808 3858 1
3858 1964 1
1964 6530 4
6530 1 1
7306 1263 3
4589 1964 2
7156 4076 1
4076 6405 1
6405 2681 1
2681 7099 1
7099 5418 1
5418 3526 1
1480 5453 1
5453 1573 1
1573 1 1
6456 2107 1
2107 6015 1
6015 3263 1
3263 125 1
125 7239 1
7239 1114 1
1114 5428 1
5428 5662 1
5662 7294 1
7294 6786 1
6786 3290 1
3290 269 1
269 6506 1
1981 2233 1
2233 6412 1
6412 2841 2
452 309 1
309 178 1
178 1964 1
1964 1271 1
1271 3226 1
450 5676 1
6211 3269 1
3269 1233 1
1233 789 1
789 7098 1
5662 397 1
397 2890 1
2890 6656 1
131 7170 1
7170 3235 2
3235 2820 1
2820 2716 1
6575 3634 1
3634 1020 2
1020 6263 1
6263 219 1
219 3871 1
6263 6740 1
6740 7077 1
1144 1087 1
1087 2338 1
981 5287 1
6412 2353 1
2353 6490 1
7306 4349 2
7014 4883 1
4883 1981 2
1981 5807 2
5807 2021 1
2021 7068 1
7068 2021 1
1482 1981 1
1981 2118 1
2118 219 1
219 1018 1
1018 1055 1
3871 930 1
930 2817 1
3164 1304 1
1263 1020 1
1020 3526 1
4893 4174 1
4174 7158 1
4347 2177 1
3871 7306 2
306 4484 2
4484 3634 2
1020 1964 2
4151 2562 1
2562 342 1
342 2426 1
2426 3393 1
3393 4112 1
520 1287 1
2841 7294 1
7294 5916 1
5916 5132 1
5132 5662 1
452 1201 1
1201 3861 1
3861 2358 1
2358 5831 1
243 6875 1
6875 4667 1
4667 5662 1
5662 2548 1
2548 4688 1
1498 5660 1
3528 2505 1
2505 1144 1
1144 2232 1
5670 4141 1
4141 7098 1
131 5848 1
2338 7306 1
4142 2446 1
700 2992 1
2992 2757 1
3573 1501 1
1501 3871 2
3871 5666 1
5666 2097 1
2338 4194 1
2720 2747 1
2747 5948 2
5948 4530 1
4530 700 1
700 505 1
505 414 1
414 778 1
778 4530 1
4530 1232 1
1232 16 1
16 7296 1
7306 4530 3
4530 4686 1
2817 692 1
692 4347 1
1134 2757 1
170 5848 1
5131 3106 1
303 6432 1
6432 414 1
414 4112 1
4112 6412 1
6412 1495 1
1495 3526 1
6171 2338 1
2338 2446 1
7156 1481 1
1481 506 1
5547 3298 1
6889 829 1
829 6656 1
6656 1020 1
7016 4275 1
2841 3199 2
3199 2716 1
2716 331 1
331 4154 1
4154 6420 1
3467 6221 1
6221 1940 1
1940 2841 1
6924 2757 1
700 6683 2
6186 4332 1
4332 7296 1
375 2730 1
2730 6751 2
6751 1964 2
1964 1774 1
1774 3526 1
5681 2629 1
2629 1964 1
1964 3566 2
3566 1417 1
1417 3207 1
3207 1333 1
3526 1874 1
1874 293 1
1481 331 1
5547 293 1
293 347 1
3526 375 1
375 3207 1
1896 188 1
188 25 1
25 188 2
188 2104 1
2104 7306 1
7306 5921 1
5921 4833 1
4833 3526 1
3526 4821 4
4821 25 1
188 347 1
7306 5986 1
5986 5951 1
5951 200 1
200 3259 1
3226 303 5
644 4953 1
4953 5966 1
7156 2730 1
6751 3548 1
3548 1479 1
1479 2002 1
2002 7296 4
3526 2551 1
2551 7092 1
7092 6339 1
6339 2905 1
5959 1114 1
3207 2151 1
2151 3526 1
3095 2551 1
2551 3030 1
3030 3526 1
5274 4490 1
4490 1 1
603 5754 2
5754 236 1
236 4058 3
4058 3526 4
306 1527 4
3095 1819 2
1819 3526 2
3254 2440 1
603 236 1
236 684 1
5723 3665 1
293 2553 1
293 4154 1
4154 5662 5
3528 3925 1
3925 5977 2
5977 103 2
103 3226 1
7102 1402 2
1402 981 2
2789 4627 1
4627 6575 1
6575 3127 1
3127 3528 1
5662 1222 1
1222 3095 1
3095 454 1
454 1 1
1 236 1
236 6754 4
6754 3526 1
517 3242 1
7296 965 1
965 6754 1
6754 401 1
401 985 1
5261 6506 1
6506 4058 2
4058 1964 3
1964 1244 2
1244 6386 1
4883 1244 1
1244 303 1
303 1513 1
1513 3526 1
6789 306 2
306 5187 3
5187 985 2
6494 6456 1
6456 3620 1
1527 6506 1
6506 909 1
909 5662 1
5662 6754 2
6754 1114 1
3528 3548 1
3548 4883 1
4883 1 4
1 2441 2
2441 2982 1
2982 3528 1
1502 2694 1
2694 2021 1
1144 2922 3
2922 2236 1
2236 4058 1
4058 6506 1
7156 1564 1
1564 3526 1
3095 4575 2
4575 455 1
6044 6112 1
6112 1 1
1 1383 1
1383 1244 1
1244 1482 1
1482 2755 1
2755 1964 1
3095 2290 1
2290 2413 1
2413 5306 2
5306 2829 1
2829 7296 1
6538 5649 1
5649 3290 1
2107 6789 1
6789 1244 1
1244 1964 1
1512 6211 1
2440 303 1
303 5938 1
4349 1964 3
1964 1538 2
1538 219 1
5535 4153 1
4153 909 1
909 1964 4
1964 6754 2
6754 6494 1
6494 5676 1
3805 3526 1
1263 1582 1
1582 295 1
3609 909 1
909 4056 1
4056 6420 1
6420 5848 1
6173 5754 1
2107 5340 1
5340 3612 1
3612 2033 2
2033 7158 1
7158 1175 2
1175 1244 1
3095 3291 2
3291 3226 1
7102 5680 1
5680 1244 1
1244 3254 1
3609 1 2
2413 7296 1
7296 4056 3
4056 3526 2
3526 6414 1
6414 3254 1
1817 4729 1
1502 909 1
909 3095 2
3095 4883 3
4883 516 1
516 2107 1
1417 926 1
1538 3302 1
3302 1524 1
1524 3526 1
306 36 14
36 306 1
306 7223 4
7223 3526 1
6420 5103 1
5103 1964 2
29 3242 1
6851 6026 1
6026 1 1
1964 4056 1
4056 3095 4
4490 6044 1
6044 4745 1
1944 1493 1
3095 4154 2
5662 236 4
236 3925 1
103 6405 1
1947 700 1
700 1481 2
3573 1114 1
1114 3259 1
306 6189 1
6189 7306 1
7306 6734 2
6734 2841 1
3871 306 1
306 5573 1
5573 6420 1
6420 6656 1
7306 1456 1
1456 1538 1
1538 1322 1
1322 3808 1
3808 1322 1
1322 5232 1
5232 1844 1
1844 2122 1
2122 5004 1
5676 5662 2
6731 4347 1
4347 6405 1
6405 2829 1
2829 6220 1
1403 5882 1
5882 985 2
985 2829 1
2829 1178 1
1178 985 1
985 6389 1
6389 5256 1
5256 1 1
1 1241 1
1241 1482 1
3207 7146 1
7146 7296 1
5662 1893 2
1893 1099 10
7016 1741 1
1741 1274 1
1191 104 1
104 2117 1
2117 3528 1
3528 3620 2
5723 1114 1
3207 2789 3
1964 4098 4
4098 6656 1
6211 4058 1
4058 1480 1
1480 1402 1
1402 3528 1
1141 1175 1
1175 306 2
306 3323 1
3323 6420 1
1964 979 1
979 80 1
80 5103 1
1964 1450 1
1450 2581 2
2581 6994 2
6994 1964 1
1964 129 1
129 5655 2
5655 1964 1
1964 7281 1
7281 7199 3
7199 1964 1
1964 15 2
15 2500 2
2500 123 5
123 1964 1
1964 1318 4
1318 5582 4
5582 1964 1
3528 1512 2
340 88 3
88 1964 2
1964 1114 1
1114 2737 1
2737 1482 2
1482 6506 1
6506 5662 3
7297 4058 1
4058 303 3
4051 3302 1
5590 6405 1
7156 909 2
909 1944 1
3526 2051 3
2051 1402 1
1402 2236 1
2236 6386 1
684 5480 2
5480 1114 1
1114 5480 1
5480 4387 1
3095 877 1
877 1981 1
1981 3861 1
3861 684 1
1382 5020 1
3095 5399 1
5399 401 1
4273 5005 1
5005 6753 1
6753 6494 1
1964 7102 3
7102 1741 1
1741 4058 1
303 2250 1
2250 1964 1
303 4094 1
1964 909 1
909 1 2
3526 5103 2
5103 306 1
306 2124 1
2124 5792 1
5792 1964 1
700 1979 1
4033 1263 1
5676 3871 2
3871 4688 1
7296 219 2
219 3574 1
3574 3871 1
1906 3095 2
3617 1479 1
1479 3871 1
3871 5831 1
5831 957 1
957 3526 1
3614 4112 1
4112 6561 1
6561 3871 1
3871 1981 1
1981 7068 3
7068 3614 1
3614 1 1
7297 1979 1
1979 1981 3
5807 1 2
7156 4058 1
4058 6751 2
6751 303 1
195 1114 1
1114 3808 1
3808 195 1
195 6656 1
1964 1920 1
1920 981 1
981 4626 1
3620 1482 1
1482 6638 1
6638 6581 1
6581 1196 1
1196 6173 1
6173 928 1
928 2236 1
2236 700 6
1 6789 1
3526 698 1
3285 4724 1
4724 375 1
375 1593 1
1593 1114 1
1114 4626 1
4626 4438 1
4438 970 1
970 684 1
3808 4026 1
4026 3259 1
3259 7156 3
1187 401 1
4893 2237 1
2237 6789 1
2817 3608 1
6506 1036 1
7077 6493 1
303 6156 2
6156 1114 1
6385 7296 2
7014 2656 1
2656 6494 1
981 2236 3
3871 4203 1
4203 6740 1
2306 1964 2
3526 6760 3
6760 2338 2
2338 3254 2
981 3050 3
7158 4275 1
225 6405 1
6715 5071 1
5071 2841 1
3871 6760 1
2338 1817 1
1817 7306 1
1055 1482 1
1482 5662 2
5662 2716 1
6420 779 2
306 5225 1
5225 2693 1
981 4347 1
4347 1527 1
1527 3385 1
3385 1114 3
1114 1368 1
1368 6386 1
6386 940 1
1964 3263 2
3263 7104 1
7104 1 1
3526 4347 1
6259 377 1
377 3526 1
1964 4845 1
4845 6386 1
6386 1114 1
1114 5848 4
3526 7157 1
7157 3465 1
3465 2107 1
2744 7014 2
7014 3290 3
6299 7306 1
6740 4552 1
3526 1837 1
1837 6506 1
6506 5676 1
5779 3254 1
378 500 1
940 2817 1
6173 2562 1
3528 6838 2
684 5470 4
981 2757 1
7099 3634 1
3634 5938 1
5938 1263 1
1263 5938 1
4387 5473 1
6209 731 1
731 2107 2
2107 3044 1
3044 35 1
35 4488 1
4488 3808 2
3808 1126 3
1126 3177 1
3177 1259 1
1259 6412 3
3215 6656 1
5014 3095 1
617 4488 1
7015 4686 3
3050 966 1
966 324 1
5730 940 1
2744 2841 1
3526 4473 1
4473 3526 1
3526 1973 1
1973 966 1
966 2841 1
2841 6443 1
6443 4267 1
4267 1964 1
3871 3506 1
3506 5814 1
1195 5068 1
2622 3871 1
5662 385 2
385 5547 2
4284 219 1
3526 3616 1
3616 1550 1
2817 835 1
835 7322 1
2817 4275 4
225 3494 1
7068 1964 1
2236 2152 1
2152 6748 1
2817 3292 3
3292 5056 1
5056 401 1
7142 2021 1
2021 5261 1
2716 6490 1
6490 5131 1
5131 419 1
5626 2817 1
6245 1068 1
1068 1126 1
1126 7156 2
7156 828 1
828 3259 1
3095 5505 2
5505 3526 1
1479 1232 1
1232 2789 1
2789 1770 1
1770 4112 1
1335 1550 2
1550 2716 1
2716 5662 1
6447 7157 1
450 2841 1
4686 1368 1
1368 2841 1
7322 6490 1
6490 4729 1
1502 3871 1
3095 1278 1
1278 3528 1
375 6493 1
6493 2152 1
2152 6855 1
7156 2481 2
2481 1278 1
1278 1 1
2817 4591 1
5662 1018 1
1018 6490 3
6490 6179 1
6179 7322 1
1964 3972 2
3972 2817 1
2817 6618 1
6618 7099 1
1145 5698 1
5698 2841 1
131 1584 1
1584 7322 1
6171 3095 2
1981 700 3
700 1232 1
1232 4388 1
7306 926 1
1538 2730 1
2730 4058 1
6751 3528 1
6223 3923 1
3923 1964 1
2188 1402 2
1402 989 1
989 5937 1
5937 6169 1
700 981 9
981 4686 1
4686 3467 2
5848 3808 2
3808 2832 1
2832 1964 1
1964 1190 1
1190 7306 1
1493 6385 1
6385 3259 1
6506 4388 1
4388 700 1
700 926 1
1538 698 1
409 3244 1
2107 3114 1
3114 6212 1
6212 6044 1
6044 5427 1
5427 4955 1
4955 2097 1
7099 6815 1
6815 3526 1
3526 4216 1
4216 306 1
1117 4453 1
4453 3526 1
6145 5924 1
981 6689 1
6689 102 1
102 236 5
236 3526 1
3526 5886 1
5886 1 1
3528 3302 1
3302 2107 1
7296 6647 1
6647 2107 1
2107 6647 1
6647 4686 1
4686 3371 1
3371 680 1
680 1964 1
1187 2122 1
2122 6490 2
6490 1976 1
1976 1938 1
1938 940 1
940 4390 1
4390 3526 2
2841 3840 3
6538 6494 2
6494 5610 1
5610 7104 1
7104 1964 1
1117 4068 1
4068 1474 1
1474 7306 4
6412 5067 1
5067 1482 1
462 1964 1
3095 5681 1
5681 3793 1
3793 1543 1
1543 6493 1
2440 1543 1
1543 684 1
684 6026 1
553 6223 1
3528 6127 1
6127 6871 1
6871 3528 1
3528 5372 1
5372 2496 1
2496 5938 1
5938 4669 1
4669 306 1
306 1003 1
1003 3528 1
3528 7104 1
7104 4372 1
4372 3528 1
3528 7060 2
1964 3338 1
3338 5924 1
2338 5473 1
5005 4627 1
4627 2719 3
3526 236 3
684 3990 1
3990 2841 1
3840 940 1
6405 1012 1
1012 3302 1
3302 4410 1
4410 2250 1
2250 269 1
269 4676 1
4676 1149 1
1149 39 1
39 1114 1
1114 303 1
1479 2237 3
455 7018 1
7159 4721 1
4721 5131 2
5131 1188 1
1188 6307 1
6307 1550 1
1550 5592 1
5592 7100 1
7100 306 1
1144 2719 1
2719 3262 1
3262 3337 1
3337 401 1
6259 3558 1
3558 6223 1
6223 5696 1
5696 7099 1
2041 1126 1
1126 2901 1
2901 2841 1
2841 95 1
95 6391 1
6391 5890 1
5676 1113 1
1113 6501 1
6501 1 1
1 7255 1
1964 6525 2
6525 303 1
6412 5937 1
5937 551 1
551 1979 1
1964 1152 1
1152 6534 1
6534 989 1
2719 2441 1
2441 6169 1
6169 857 1
857 2002 1
1566 7296 1
1981 6501 1
6501 3652 1
3652 3528 1
3528 5681 1
5681 2236 1
2817 1310 1
1340 6753 1
6753 6781 1
6781 3925 1
303 4465 1
4465 3011 1
3011 1 1
1 6575 1
6575 1176 1
1176 6263 1
1152 2829 1
2829 1964 2
617 303 1
303 5649 1
5649 6506 1
3095 1948 2
1948 3527 1
3527 644 1
644 303 1
2376 1964 1
1964 950 3
1964 5845 1
5845 3634 2
5284 7156 1
7156 2942 1
2942 4883 1
4883 1455 1
1455 2338 1
2338 5455 1
5455 3418 1
3418 1964 1
1964 2829 2
2829 262 2
262 3526 1
7224 1 1
1 1893 1
1099 262 2
7224 940 1
2122 6626 1
303 5284 1
5284 684 1
2683 1516 1
1516 5124 1
5124 3769 1
7156 1175 2
1175 2942 1
2942 6684 1
6684 5662 3
5662 5595 3
5595 1964 4
306 5805 2
5805 6412 1
6412 5283 2
5283 6029 1
6029 4686 1
4686 2338 4
2338 6498 1
6498 4681 1
4681 940 1
1715 3444 1
6683 1064 1
1064 306 1
6700 2841 1
1144 6297 2
940 3357 1
3357 1402 1
1402 1550 1
1 5752 1
5752 5631 1
5631 6875 1
6875 950 1
950 2663 1
6530 2990 1
5496 7158 1
7158 1141 3
3528 1357 1
1357 682 1
682 7255 2
1964 5329 1
5329 4820 1
4820 684 1
684 7228 1
7228 6615 1
6615 1 1
2798 6015 1
7239 1964 3
989 2811 1
2811 5080 1
5080 1964 1
3528 4284 2
4284 6490 1
6490 2941 1
2941 1964 1
1064 4636 1
4636 3467 1
5287 1 1
4686 6412 1
6412 4274 1
4274 5661 1
5661 7156 1
4686 3358 1
3358 4472 1
4472 1402 1
1402 4216 1
4216 2841 2
1964 2719 1
2719 6575 1
6575 1 2
7142 1702 1
5924 1114 2
7158 2798 1
2798 6405 1
6405 5540 1
5540 1 1
5175 6714 1
6714 306 2
306 5924 2
5924 6412 1
6412 5314 1
5314 6379 1
6379 7156 1
462 4686 1
3467 6223 1
6223 4112 1
4112 3467 3
6259 1064 1
1064 1 1
3303 3561 1
3561 2841 2
1 2555 1
2555 6815 1
6815 306 1
3081 2753 1
3095 653 1
653 1 1
5779 3290 2
6538 5524 1
5524 5131 1
5131 3200 2
3200 1191 1
2789 6720 5
6720 3634 2
3634 5924 2
5924 684 1
1964 1800 1
1800 306 1
401 994 2
994 1964 3
1964 102 1
1175 6494 2
2102 1516 1
1516 4335 1
2097 1175 1
1175 1964 5
5938 7051 1
7051 3528 1
6530 306 1
306 2555 1
2555 4686 1
4686 4472 1
4472 5631 2
2841 989 3
989 4271 1
4271 950 1
950 2097 1
4686 5388 1
5388 5924 1
5924 1964 3
1964 6876 1
6876 4075 1
4075 3778 1
3778 306 1
6259 7158 2
7158 1403 1
1403 2789 1
2789 6494 1
6494 4419 1
4419 2841 1
3527 2693 2
1530 5754 1
5754 3095 1
3254 5148 1
5148 3162 1
4195 2338 1
2338 4275 1
3264 855 1
855 609 1
1964 6026 1
5835 3081 1
3081 2833 1
2833 5563 1
5563 1 1
1 4582 1
4582 981 1
981 2763 1
2763 682 1
682 5925 1
5925 7107 1
7107 3050 1
7296 6648 1
6648 2075 1
2075 1259 1
236 4676 1
4676 4410 1
4410 1964 2
1003 3095 1
1527 5056 1
5056 7142 1
7142 6638 1
6638 2716 1
2716 3259 1
7296 2075 1
2075 3528 1
3528 2614 1
2614 3956 1
3956 455 1
6412 3634 1
401 6126 1
7297 5763 1
5763 5924 1
4688 3526 1
3526 169 1
169 3528 1
401 1435 1
1435 3634 1
401 5811 1
1550 236 1
236 4688 1
7156 5938 1
7296 3161 2
3161 813 1
813 684 1
684 5938 1
5938 5932 1
5932 7005 1
1964 897 1
897 1964 1
1134 3203 1
1502 431 1
431 6405 1
7156 5147 1
5147 303 1
5962 4686 1
4686 1863 1
1863 5924 1
5924 5030 1
5030 5681 1
1480 178 1
178 30 1
30 1964 1
6405 5648 1
5648 269 1
3526 1435 1
1435 5662 1
5662 6445 1
6445 5483 1
5483 1964 1
5848 30 1
30 2442 1
2442 306 1
306 6501 1
6501 1760 1
1760 5205 1
5205 1964 1
3526 4334 1
4334 1073 1
1073 994 1
6186 5774 1
5774 2129 1
2129 392 1
392 1964 1
1964 2614 1
2614 2841 1
1435 6544 1
6544 2236 1
2236 883 1
1981 7066 1
7066 7014 1
7014 7253 1
7253 2801 1
2801 1 2
7296 5224 1
5224 7306 1
1482 3527 1
3095 1183 1
1183 6405 1
6405 3582 1
3582 1964 1
3095 1903 1
1903 6405 1
6405 2056 1
2056 1964 1
2338 6014 1
6014 3081 1
3081 5456 1
5662 4080 1
4080 303 1
303 5003 1
5003 1479 1
1479 5681 1
948 1402 1
1402 5799 1
5799 4708 1
4708 5662 1
3528 3298 1
3298 409 2
1964 4530 1
4530 3528 1
3528 4722 1
4722 3615 1
3615 4410 1
3526 102 1
236 2358 2
2358 2505 6
1064 2789 1
2789 981 3
981 6490 1
6490 1987 1
1987 2440 1
3526 2924 1
2924 7296 1
7296 637 3
637 6412 1
2034 2358 1
3526 1357 3
7084 4520 1
4520 3528 1
5754 4056 2
4056 603 1
3526 5789 3
5789 2924 1
2924 3528 1
401 4112 1
3810 1 2
2027 603 1
603 2440 2
4821 2730 3
2730 979 3
979 1450 1
6994 2730 1
2730 129 1
5655 7281 1
7199 2500 1
123 1318 1
5582 3528 1
88 3526 1
979 1964 1
5582 306 1
634 3804 1
3804 500 1
500 2841 1
1402 2295 1
7156 1318 2
1318 3736 1
3736 215 1
215 2841 1
6538 5723 4
5723 1 2
1 3885 1
3885 4390 1
1357 15 1
15 123 1
123 6735 1
306 2591 2
2591 4112 1
4112 1191 2
1191 1844 1
1844 3612 1
3612 303 1
6626 4123 1
3528 4335 1
4335 4112 1
3810 1964 1
1964 4357 1
4357 5631 2
5631 2338 2
2338 169 1
169 3526 1
1964 135 1
135 5662 1
3528 4686 1
4686 4357 1
5631 940 1
3290 5662 1
5662 3246 1
3246 3528 1
6506 6785 1
1964 2783 1
2783 989 1
2107 207 1
207 1 1
3526 743 1
743 5631 1
682 7253 2
1964 1102 2
1102 684 1
634 6544 1
6544 2731 1
2731 2358 1
2338 684 2
684 212 4
212 1114 2
1114 212 2
212 1964 2
1964 6895 1
6895 5482 1
5482 7170 1
3095 5005 1
5005 401 5
1018 1263 1
1263 4627 3
4627 6017 1
6017 2928 1
2928 2102 1
2102 4112 1
2034 1964 3
1964 6821 1
6821 5372 1
5372 5066 1
5066 2122 1
2122 5958 1
5958 306 1
1018 2021 1
2021 306 3
5805 1244 1
1244 2021 1
1340 6656 1
6656 4058 4
3526 2669 1
5177 640 1
640 1117 1
1117 4552 3
7296 4058 1
3526 4051 3
4051 306 1
306 4056 3
4056 6506 2
303 626 1
626 684 1
7296 1263 3
4627 5936 1
5936 3526 1
3526 879 1
879 6656 1
2757 1423 1
1423 2358 1
2817 4220 1
4220 2097 1
3871 4686 1
4686 2829 1
2829 4925 1
4925 4056 1
4056 2358 1
2358 3609 1
3609 3527 1
1456 1 1
2338 5174 2
5174 3526 1
3526 653 1
653 1964 1
1964 5445 1
5445 4112 1
7297 4056 2
4056 1533 1
1533 1340 1
6575 6638 2
6638 1336 1
1336 1367 1
1367 1175 1
1 2249 1
1587 2358 1
2358 1117 1
1117 7014 1
7014 1380 1
1380 1964 1
1403 1340 1
1920 401 1
401 6638 1
6638 2841 2
5802 1964 1
1335 1952 1
1952 909 1
1964 6755 1
4056 303 2
303 5848 2
7297 7219 2
6638 1801 1
1801 306 1
4200 3303 1
3303 2790 3
2790 5848 1
5789 7313 1
7313 4386 1
1371 7297 1
1964 4240 1
4240 684 1
4435 4112 3
4112 7135 1
7135 1 1
356 3203 1
3203 5737 1
5737 2817 1
2817 1759 1
1759 306 1
4200 1 2
3528 3028 1
3028 2702 1
2702 6490 1
6490 858 1
858 1196 1
1196 6626 2
5003 968 1
2472 1510 1
1510 3797 1
1964 5331 1
5331 1502 1
1502 950 1
6656 2338 3
3526 6984 1
6984 940 1
940 4112 2
4112 4086 2
1910 3207 1
2559 3101 1
3101 7296 1
303 7152 2
7152 1535 1
1535 2107 1
4135 940 1
940 6046 1
3528 6966 1
6966 1952 1
1952 5631 1
5631 5107 1
5107 5867 1
5867 3840 1
3840 5662 1
5662 1900 1
1900 5610 1
5610 2841 1
5848 3302 1
7102 6626 3
6626 5328 1
5328 5287 1
5287 4284 2
4284 6412 1
6412 2539 1
2539 2817 1
2817 6456 3
6456 236 1
236 6790 1
6790 196 1
196 1964 1
1964 4799 1
4799 1527 1
1527 3029 1
3029 603 1
1947 4435 1
4435 640 1
640 2841 1
565 200 1
200 7296 1
2295 5681 1
5723 3975 1
3975 3259 1
3259 7014 1
3254 303 2
2789 682 1
1403 2841 1
2693 303 1
293 1289 1
1198 1964 1
4931 293 1
2841 368 1
368 3095 1
3095 6357 3
6357 6405 1
3528 3189 2
3189 4539 1
4539 4001 1
4001 6223 1
6223 6357 3
6357 3494 1
3095 6966 3
6966 7144 1
7144 5256 2
5256 1335 2
1335 2338 1
3526 4127 1
4127 2044 1
2044 2446 1
2789 1171 1
1171 7297 1
7297 7144 1
1335 3528 1
3528 4198 1
4198 4686 1
2051 3985 1
3985 684 1
2419 4686 1
1483 7099 1
7099 215 1
215 3808 1
3808 2789 1
1964 3821 1
3821 5681 1
7014 5217 1
5217 6405 1
3620 1964 3
108 3528 1
3528 2115 2
2115 3369 1
3369 7107 1
7107 2296 1
2296 3369 1
3369 2841 1
7306 2984 1
2984 6506 1
2107 6456 2
5662 6361 2
6361 603 3
6626 3292 1
3292 400 1
1191 7134 1
7134 1964 2
1964 20 2
20 7156 1
2929 3089 1
3089 2906 1
2906 4979 1
4979 7297 1
5681 1196 1
1196 2865 1
1964 4001 1
4001 4832 1
7158 3241 1
3241 4282 1
4282 3095 1
1479 4409 1
4409 5848 1
6626 7219 1
6638 3161 1
3161 1502 1
2817 4655 1
4655 981 1
940 1116 1
1116 4571 1
4571 1223 3
1223 1964 1
3085 735 2
735 1953 2
1953 1981 1
5754 2166 1
2166 1718 1
1718 2821 2
2821 940 1
700 4772 1
4772 981 1
347 1474 1
1474 3565 1
3565 2817 1
2817 1535 1
1535 4530 1
1953 1964 1
1964 6203 2
6203 3528 2
3528 6247 2
6247 7296 1
3528 7170 2
3095 5386 1
5386 1844 1
1844 684 2
684 7219 1
6638 303 1
303 2957 1
2957 4462 1
4462 4631 1
4631 981 2
940 6656 1
3467 1974 1
1974 1117 1
1117 4275 1
2865 4001 1
4001 7297 1
3665 3528 2
3528 1175 1
1175 3207 1
3207 1474 1
1474 940 1
940 4371 1
4371 700 1
700 3357 1
3357 3808 1
3808 6717 1
6717 1974 1
1974 3244 1
3244 293 1
3095 1302 1
1302 1718 1
700 989 1
989 7306 2
455 3302 1
7296 7253 1
7253 2558 1
2558 6626 1
1964 6078 1
6078 3219 1
3219 5217 1
6456 436 1
436 2817 1
2817 4281 1
4281 7296 1
3528 1843 1
1843 5615 1
5615 2107 1
2865 684 1
684 6249 2
6249 553 2
553 6246 1
3081 6357 1
6357 1196 1
6247 4112 1
4112 6580 1
2102 1145 1
1145 7012 1
7012 2622 1
2622 6247 1
6247 684 1
684 968 2
3528 993 1
993 950 1
1964 3340 1
3340 4686 1
684 1196 2
1196 5766 1
5766 306 1
2702 455 1
2338 3565 2
3565 3802 1
3802 1036 1
1036 5063 1
5063 1482 1
1482 5563 1
5563 1964 2
981 1402 1
1402 2747 2
2505 566 2
566 6420 3
1064 5190 1
5190 7266 2
7266 2097 2
2097 6447 2
6447 2440 1
2440 4403 1
4403 306 1
7297 1922 1
1922 7302 1
7302 3526 1
3526 5190 2
1175 2358 1
2358 4832 1
1530 2601 1
2601 1964 2
1964 131 1
1964 2358 1
2358 3620 2
3620 6456 1
6456 5842 1
5842 108 1
108 3671 1
108 2656 1
2656 1114 1
2817 2358 1
5190 293 1
2097 3528 6
3528 1482 4
1482 219 3
219 359 1
359 1479 1
233 3324 1
3324 5754 1
5754 1359 1
1359 236 1
6754 1 3
6406 1964 1
3095 4763 1
4763 2532 1
2532 2296 1
2296 6656 1
6361 3207 1
3207 3241 3
3241 6079 1
6079 6405 1
293 236 1
236 1479 1
293 4516 1
4516 3526 1
6412 634 2
293 1456 2
1456 1479 1
65 3359 1
3359 1114 1
1114 3359 1
3359 306 1
634 102 1
102 2414 1
2414 3430 1
3430 2358 1
6405 2601 1
2601 3026 1
1944 6754 1
7156 1944 3
3526 620 1
620 7306 2
3526 3371 2
3371 2097 2
2097 940 2
3085 3526 1
1187 1938 1
1938 7160 1
7160 4390 1
4390 2841 1
940 6006 2
6006 5993 1
3526 1422 1
344 260 1
260 2097 1
2097 2338 2
2338 269 1
293 4552 1
1102 518 1
518 3634 1
5284 1964 4
1964 3355 2
3355 3526 1
3095 1145 1
1145 5287 2
5287 4308 1
4308 6626 2
6626 2338 3
2338 3413 1
3413 7306 1
2104 682 1
2789 6660 1
6660 2122 1
3526 2821 1
2821 2841 1
603 2828 1
2828 1228 6
1228 6388 1
6388 1240 1
1240 450 1
450 684 1
7296 1139 1
1139 6538 1
1064 151 1
151 3259 1
3259 4464 1
4464 5284 1
5284 2829 1
3526 6388 1
6388 1964 4
1964 1893 3
3565 4386 1
4386 6412 1
6412 3354 1
3354 1964 1
1964 7050 1
7050 2122 1
462 1 2
5175 6249 1
553 5662 1
7170 5631 1
5631 3095 3
3095 3720 2
3720 7296 1
7296 1144 1
1144 2790 1
2790 637 1
637 4357 1
4357 3528 1
5676 4869 1
4869 64 1
64 2122 1
2122 1273 1
1273 2107 1
4817 3259 1
700 3290 1
3565 5221 2
5221 5328 1
5005 4409 1
4409 2122 1
303 1274 2
7296 6886 1
6886 1964 1
4277 1 1
634 5662 2
5662 6781 1
2286 5154 1
5154 2124 1
841 7099 1
5662 2183 2
2183 7101 2
7101 1964 1
6245 5962 1
5962 3526 1
5938 4688 1
2338 981 3
303 1746 2
1746 6447 1
7156 5962 1
5962 2338 1
981 5662 1
3081 3095 1
4523 1 1
6740 5814 1
5814 347 1
3528 185 1
185 1402 1
1402 4410 1
4410 603 1
3528 4863 1
4863 6386 1
6386 5782 1
5782 409 1
409 1 2
1 1593 2
1593 2817 1
2817 7016 3
7158 4954 2
4954 684 1
1469 3526 1
1018 6672 1
6672 401 1
401 2601 1
4688 2817 1
2817 1507 1
1507 7158 2
7158 2841 3
3526 4723 1
4723 3570 4
3570 303 1
4386 4083 1
4083 1134 1
1134 4688 1
7156 640 1
2601 5676 1
5779 5962 1
1964 3208 2
3208 1114 2
1964 4937 1
4937 3565 1
5754 4723 2
3570 6405 1
744 2982 1
280 4723 1
4723 7063 2
7063 6221 1
6221 700 1
700 1422 1
1422 5939 1
5939 280 1
280 1623 1
1623 1964 1
1964 5158 1
5158 3527 1
3527 2338 1
2338 7113 1
7113 989 2
989 608 1
608 6265 1
6265 1033 1
1033 2338 1
5174 6329 1
6329 280 1
280 306 1
981 102 1
102 6754 1
6754 2107 1
3226 3454 1
3454 1 1
1 5811 1
640 209 1
209 3302 1
3302 1403 1
1403 5116 1
401 4863 1
4863 2841 1
2841 4723 1
7063 3526 1
684 4954 1
4954 6506 1
3526 141 1
5676 6022 1
6022 401 1
401 4369 1
4369 1964 1
1964 5356 1
5356 1134 1
1134 5681 1
5681 4827 1
4827 3379 1
3379 1964 2
1964 664 1
664 5754 1
3570 269 1
269 6405 1
2906 1 2
6506 481 1
481 3527 1
5287 5789 1
1964 3446 1
3446 7306 1
5848 3570 1
3570 3095 1
3095 4688 1
6405 3419 1
981 517 1
517 3207 1
3207 3419 1
981 7063 2
7063 1 1
1 4688 2
7156 3570 1
3570 4768 1
4768 306 1
36 219 1
7063 7296 1
7296 6740 1
3095 4931 2
4931 6656 1
36 6456 1
981 3570 1
3570 1126 1
1126 7014 2
7014 4688 2
7156 379 1
379 3366 1
3366 4790 1
4790 7296 1
7296 5938 1
5938 6113 1
6113 1981 1
1981 1394 1
1394 3571 1
3571 7156 1
1947 3015 1
3015 3689 1
3689 1964 2
1964 1395 1
1395 941 1
941 5667 1
5667 1799 1
1799 3764 1
3764 7011 1
7011 6405 1
455 4723 1
3570 7296 1
7296 3689 1
3689 4724 1
4724 6412 1
2358 4976 1
4976 684 1
1134 4525 1
4525 6740 1
1481 3155 1
3155 6538 1
6538 841 1
841 5662 1
7101 1813 1
1813 5198 1
5198 3526 1
2548 401 1
401 6223 1
3808 3159 2
3159 684 1
684 1883 1
1883 7156 1
700 1318 1
1318 1 2
1 7281 1
7199 5848 1
700 5582 1
5582 5306 1
5306 700 1
7296 909 1
909 6751 2
6751 2338 1
2338 5282 1
5282 1857 1
1857 6634 1
6634 3526 1
5754 2493 1
2493 1964 1
700 1964 8
1480 1357 1
1357 1402 1
1964 633 1
633 2747 1
236 7306 1
7306 6669 1
5631 5182 1
5182 1318 1
1318 7296 1
7296 875 1
875 35 1
35 1114 1
7296 1410 1
1410 4232 1
4232 4098 1
462 700 1
700 236 1
4058 6752 6
6752 2790 1
6412 3797 1
3797 2107 1
2107 684 5
684 3969 1
3969 3517 1
3517 1318 1
1318 6223 1
3526 6804 1
6804 6695 1
6695 6223 1
6223 3417 1
3417 3526 1
909 6244 1
5287 6851 1
6851 1312 1
1312 7156 3
617 909 1
909 7156 2
2034 1944 1
1944 1126 2
1126 2216 1
2216 401 1
401 6017 2
6017 306 2
3526 6827 1
6827 4527 1
4527 7158 1
7158 909 1
1175 3095 2
3325 6506 1
5274 3254 1
764 1318 1
1318 3095 3
6805 1964 1
2358 738 1
1550 35 1
35 1 3
2107 35 2
35 3095 1
6791 5131 1
5131 625 1
625 1964 1
2790 102 1
3095 3778 1
3778 3634 1
4068 3259 1
6626 1318 3
1318 4143 2
4143 2097 8
303 1402 1
324 3671 1
6494 1402 1
1964 4806 1
4806 700 2
700 4304 1
4304 2107 1
2107 7136 1
7136 7099 1
7016 700 2
4530 7158 1
99 1964 1
2921 5779 1
5779 6988 1
6988 3646 1
3646 3634 2
7296 3115 1
3115 3095 1
2029 5662 2
3528 1191 3
256 1964 1
1964 3215 1
3215 1140 1
1140 7156 1
3526 221 1
221 7107 1
7107 4201 1
4201 1964 1
1964 4342 1
4342 6186 1
7296 5677 1
5677 2854 1
2854 928 1
928 3254 1
3095 1945 1
1945 2034 1
1964 6913 1
6913 1964 1
1964 7309 1
6386 1 3
700 684 8
7296 4931 1
4931 1550 1
1550 1311 1
1311 1114 1
1482 700 1
700 335 1
335 306 1
306 3345 1
3345 324 1
324 2503 1
2503 1402 1
1402 7019 1
7019 3528 3
293 5921 1
5921 303 1
303 6795 1
6795 2829 1
2829 6751 1
6751 700 1
700 1944 5
700 1402 1
1964 137 1
137 1402 1
1402 2097 2
603 4631 1
7306 971 1
971 566 1
566 7296 1
7296 4264 1
4264 2790 1
2790 5116 1
5116 700 2
700 6047 1
6047 2829 1
2829 808 1
5774 2378 1
2747 3650 1
3650 3527 1
5662 1196 5
1196 3928 1
3928 3526 2
1981 5631 2
5848 450 1
6638 4512 1
4512 3528 1
3528 1259 1
2747 5818 1
5818 2446 1
2446 7016 1
7016 1964 1
3241 5443 1
5443 2817 1
2906 4686 1
3527 3357 1
3357 2338 1
1 6388 1
1099 4284 1
6494 3357 1
3357 684 1
684 1860 1
1860 306 1
2483 1846 1
1846 3264 1
3264 4275 1
4275 3044 1
3044 285 1
285 1 1
2338 1642 1
1642 989 1
989 2185 1
1964 1008 1
1008 6787 1
6787 1318 1
1318 5848 3
7015 6493 1
7306 6799 1
6799 5631 1
5631 3259 1
3259 4806 1
700 401 2
401 4892 1
4892 634 1
700 6547 1
6547 303 1
303 657 1
657 5005 2
6760 7015 1
7015 1318 1
2338 2107 2
293 3934 1
3934 3526 1
3526 6736 2
6736 6493 2
2817 4647 1
4647 6696 1
6696 3528 1
4625 1550 5
3526 2559 1
2559 4237 1
4237 1318 1
1318 2236 2
5380 2338 1
6171 2829 1
2829 2935 1
2935 2532 1
3528 5752 1
5752 2286 2
3467 5752 1
2286 6656 1
3528 1480 4
1480 3527 1
3527 4284 1
4284 1259 1
1259 1456 1
1456 6754 1
1 1456 3
1456 909 8
909 3527 1
3527 6866 1
6866 5754 1
2358 3163 1
3527 4513 1
4513 5662 1
5662 5818 2
303 6135 3
6135 6420 2
2841 2254 1
2841 7111 3
7111 1480 1
1480 2141 1
2141 5662 1
5662 6069 1
6644 2338 1
7297 2141 1
2141 4870 1
4870 1259 1
3526 2489 1
2489 7296 1
7306 2829 1
2829 4151 1
4151 2817 1
2817 2865 1
4388 1455 1
1455 3528 2
3528 2286 3
3808 5127 1
5127 1844 1
1844 6911 1
6911 3527 1
7156 6669 1
6669 1981 1
684 4076 1
414 1479 1
3528 2701 1
2701 1456 1
909 3259 1
7156 3251 1
2701 4076 1
4076 474 1
474 2841 3
6230 4206 1
4206 5844 1
5844 1734 1
1734 6178 1
6178 1263 1
5676 4432 1
4432 306 2
3467 6700 1
6700 6263 1
6263 6221 1
6327 306 1
1402 6956 1
6956 5662 1
5662 945 1
945 1964 1
303 5372 1
5372 5228 1
5228 1964 3
1964 6931 1
6931 2358 1
2358 1176 1
1176 2601 1
2601 6769 1
6769 5754 1
2286 2338 2
2286 726 1
726 1004 1
1004 6911 1
1964 2716 1
2716 1964 1
356 3528 1
3528 6583 1
6583 6656 1
940 2287 1
2287 303 1
3808 2622 1
2622 1844 1
1844 6730 1
6730 1964 1
2747 2141 1
2141 6494 1
6494 409 1
409 6656 1
303 1895 1
1895 6741 1
3565 4954 1
4954 6538 1
1502 1033 1
1033 7156 1
1964 6889 1
6889 1 1
1550 6297 1
6297 2338 1
1964 4957 1
4957 3528 1
3612 4957 1
4957 3116 1
3116 2829 1
2829 5831 2
2841 7001 1
7001 2693 1
2693 5660 1
5662 6388 2
981 401 2
7156 4030 1
4030 3095 1
6715 1 1
1 6063 1
6063 3245 1
986 1964 1
1964 2458 1
2458 4559 1
4559 4098 1
4098 3808 1
3808 1549 1
1549 5938 1
6538 5228 1
5228 2358 1
2358 3419 1
981 7000 1
7000 2236 1
2236 2995 1
2995 2841 1
2841 2291 1
2291 1 1
1 1033 1
1033 3701 1
684 6715 1
6715 2107 1
3161 7014 2
684 6964 1
6964 6169 1
6169 2996 1
2996 2107 1
700 6710 1
6710 6405 1
6405 4306 1
4306 4030 1
4030 2021 1
2021 5848 1
5848 5280 1
193 926 1
926 700 1
700 1371 1
1371 6412 1
6412 1718 2
1718 4041 1
4041 1964 1
5587 3290 1
3290 1944 2
2107 3419 2
3419 1550 1
1550 6741 3
6741 3947 1
3947 1981 1
1981 5223 1
5223 306 1
306 4602 1
4602 2236 1
7296 2306 1
2306 2817 1
1099 4708 1
4708 306 2
2470 3619 1
3619 4387 1
4387 1403 1
1403 4524 1
4524 3116 1
3116 6665 1
6665 5662 1
1964 2823 1
2823 4663 1
4663 1893 1
1099 3079 1
5480 5005 1
5005 36 1
36 1964 2
1964 1474 1
7306 2102 1
2719 6405 1
968 5034 1
5034 3527 1
6633 2237 1
2338 2122 1
2122 466 1
466 7141 2
7141 3290 1
3526 6996 3
3090 7066 2
7066 7333 1
4510 6506 1
603 4626 1
7066 3527 1
6169 2107 1
2107 4654 1
4654 6996 2
6996 3290 1
1114 4654 1
4654 3526 1
3526 5859 3
5859 2107 1
5287 2998 1
2998 3090 1
3090 4112 1
6259 2180 1
2180 1 1
1417 3526 2
2575 3290 1
1538 1 1
1538 1114 1
7223 3290 1
3290 455 4
455 7306 5
7306 494 1
494 4893 1
4893 1259 1
1259 3079 3
3079 4898 1
4898 269 5
7306 4209 1
4209 2459 1
2459 2352 2
2352 7158 1
7158 725 1
725 634 1
634 2906 1
1502 4878 1
4878 2107 3
7306 717 1
717 4686 1
5848 6490 3
306 2884 1
2884 7066 1
7066 640 1
640 2236 1
7223 7296 1
1502 6506 1
6506 2528 1
2528 2236 1
3526 4881 2
4881 240 2
240 2779 5
2779 317 4
317 7156 1
6633 2763 1
2763 347 1
347 7222 1
7222 3095 1
2841 2775 2
2775 1 1
2440 5848 1
2775 1114 1
3207 5848 1
5848 3207 4
981 5848 3
5848 3254 3
317 603 1
3526 240 2
317 1479 1
1479 6420 1
4024 2775 1
2775 4631 1
6633 453 1
453 2237 1
2237 34 1
34 7288 1
7288 453 1
453 1 2
1 3292 1
3292 1550 1
36 3207 1
3292 3290 1
1964 466 1
7141 3095 1
2906 1473 1
2097 2775 1
2775 7158 1
7158 240 1
317 1 1
2779 520 1
520 3772 1
3772 1502 1
1502 3692 1
3692 7099 1
7099 240 1
240 7288 1
7288 1981 1
1981 231 1
231 306 1
7223 306 1
1162 1480 1
1480 2359 1
2359 1964 1
7297 520 1
520 1056 1
1056 1 1
306 2775 1
2775 6412 1
6759 520 1
520 3095 2
3809 2893 1
2893 3241 1
3241 6420 1
6420 4965 1
4965 1259 2
3207 6456 1
6456 4552 1
4552 4729 1
6633 6186 1
6506 634 1
634 1140 1
1140 6556 1
6556 3290 1
7156 811 1
811 173 1
173 1964 2
1964 392 2
392 1 1
3527 3565 2
3565 4966 1
4966 1 1
6494 6996 1
7066 2296 1
2296 4654 1
6996 1 1
2107 926 1
926 2841 1
3090 5858 1
5858 2841 1
2841 7094 1
7094 2841 1
3090 6490 1
1480 6438 1
6438 1456 6
909 2841 1
5859 1 1
1 1874 3
1874 3526 1
5859 1839 1
1839 7158 1
7158 5831 1
5831 1 1
1417 1874 1
1874 2092 1
2841 2180 1
2180 3797 1
3797 7157 1
4362 7156 4
5103 3290 1
455 3565 1
7306 1831 1
1831 4893 1
4893 1482 1
5287 1118 1
1118 2459 1
2352 1964 1
3565 1417 1
1417 4686 3
1502 4671 2
4671 306 1
7066 295 1
295 6506 1
3467 5103 1
5103 1 1
1502 219 1
219 2107 1
7158 2338 1
2338 5104 1
5104 3290 1
6633 1482 2
462 1114 1
3528 2622 1
2622 5801 1
5801 3095 1
295 5801 1
5801 5103 1
5103 1026 1
1026 1114 1
3095 832 1
832 6251 1
634 1126 1
1259 6130 1
6130 1435 1
1435 7296 1
306 3127 1
3127 401 1
3095 3994 1
3994 5228 1
5228 3528 1
1195 5104 1
5104 1 1
6493 1187 1
1187 3612 1
3612 1114 1
3604 5831 1
5831 3668 1
3668 6996 1
6996 5662 1
5662 2421 1
2421 1114 1
7156 1 4
6493 3293 1
3293 2107 1
7156 1259 4
1259 6920 2
6920 3213 1
7016 5005 1
5005 6412 4
962 1 1
36 3387 1
5662 4956 1
4956 7014 1
3116 2122 1
2122 5948 1
5948 6420 1
6357 3387 1
3387 4098 1
7102 5662 1
6017 1 2
2841 4777 1
4777 5306 1
5306 3528 2
3738 2107 1
2841 5600 2
5600 2841 1
2841 3263 1
3263 985 1
985 2841 3
7141 2093 1
2093 5848 1
5848 6494 3
6494 6186 1
36 3242 1
1114 1944 1
6633 1893 1
1893 1944 1
2532 1240 1
1240 7156 1
3528 3242 1
1964 4778 1
4778 3095 1
295 3528 1
3528 2418 1
985 3245 1
5218 3226 1
306 7069 3
7069 3226 1
6442 3226 1
306 3120 1
3120 73 1
73 3290 1
3290 5131 2
3245 1964 1
7066 6494 1
7066 1 1
6633 6996 2
603 3565 1
7306 1785 1
1785 7306 2
7306 4362 1
7156 5952 1
5952 6656 1
6740 5221 1
5221 3417 1
3417 3527 1
7156 2489 1
2489 6044 1
7156 5133 2
5133 5948 1
5948 1964 1
1964 3427 1
3427 6996 1
7066 7016 1
6420 500 1
5662 6999 1
6999 4688 1
4435 6506 1
6506 4491 1
4491 6656 2
3809 5871 1
5871 2305 1
2305 7306 1
7306 3417 1
3417 1964 1
373 5848 1
5848 981 2
981 7135 1
2037 7156 1
3095 2873 1
2873 7306 1
6575 2331 1
2331 7135 1
2037 3207 1
3095 4853 1
4853 5585 1
3254 2107 3
1469 5936 1
5936 981 1
603 2841 4
5848 1482 1
7296 5134 1
5134 5935 1
5935 4472 1
3527 2107 2
269 4140 1
2481 2246 1
2246 6626 1
6626 2789 2
1964 375 2
375 6506 1
6506 6736 7
6736 1990 1
1990 3242 1
3612 4140 1
4140 7156 3
7016 373 1
373 1239 1
1239 5848 1
5848 2829 1
2829 696 1
696 500 1
6388 3217 1
1964 3104 1
3104 6405 1
6405 5662 2
3528 5328 1
5328 3526 2
1906 7168 1
7168 1964 2
3634 5595 1
5595 1130 1
1130 6633 1
4547 293 1
293 1479 1
6405 3387 1
3387 603 1
6405 2828 1
2828 1826 1
1826 1550 1
401 2236 2
3244 1482 1
1417 3329 1
3329 3254 1
7306 2873 1
2873 4525 1
4525 1 1
3095 3427 2
3427 401 1
401 373 1
373 603 2
1417 6408 1
6408 5228 1
5228 3526 1
2789 6236 1
5274 5228 1
5228 7296 1
3526 1032 1
1032 6656 2
6438 6259 1
6259 3217 1
3217 6405 1
2693 6633 1
6307 603 1
2906 981 1
981 3254 3
7158 7099 3
303 6307 1
6307 1114 1
6633 2828 1
2828 3526 1
307 7156 1
6420 3226 2
6538 1191 2
1191 307 1
307 7158 1
7158 6633 1
3528 2496 1
2496 1964 1
981 2633 1
2633 3254 1
3526 657 1
6626 401 1
401 7168 1
1964 1130 1
3634 5590 1
5590 1 1
1964 6416 1
6416 1176 1
1176 7306 2
7306 4372 3
4372 3310 1
3310 7297 1
6221 2411 1
2411 6626 1
1964 6388 1
6388 502 1
502 6412 1
6412 1627 1
1627 1001 1
1001 1893 1
1099 7156 1
2747 4740 2
4740 1 2
7297 6494 2
4372 3526 2
3526 148 1
148 3310 1
3310 6493 1
6493 2829 1
2829 1614 1
1614 5662 1
6044 4303 2
4303 2415 1
2415 1964 1
1964 2495 1
2495 2107 1
981 6506 2
6506 4626 3
7296 102 1
102 1893 1
1099 6223 1
6223 6485 1
520 3229 1
3229 6549 1
1964 6714 1
5924 3290 1
7015 5848 2
5818 6456 1
6456 4581 1
3526 5189 1
5189 3527 1
1964 5189 1
5189 4581 1
4581 1114 2
1482 2107 7
2107 351 1
351 6405 1
6405 1190 1
1190 7156 1
7156 5003 1
1126 1868 1
219 3527 1
3527 2873 1
2873 7158 1
5287 4581 1
4581 5189 2
5189 1417 1
1417 347 2
3526 3310 1
3310 1 1
3527 4581 2
5189 684 1
4932 6986 1
6986 1964 2
6209 7158 3
4552 293 1
7306 6190 1
6190 1402 1
1402 1 2
6412 1411 1
1411 6412 1
2685 1964 2
1964 3115 3
3115 7156 1
7156 5568 2
5568 6440 1
6440 6768 1
6768 1259 1
3528 7297 1
7306 6760 1
6760 269 1
293 6135 1
6135 1 2
1417 4194 1
4194 1482 1
1482 2566 1
2566 3620 1
6223 7296 1
1191 3351 1
3351 1417 1
5779 4386 2
4386 7156 1
2532 2097 1
7297 1318 2
1318 1114 1
1114 1345 1
2747 2790 1
2790 3207 1
940 6073 1
6073 4893 1
4893 5848 1
5848 4681 1
4681 2829 1
2829 3207 2
2906 4112 2
3527 2548 1
2548 3528 1
3528 2296 3
2296 6186 1
1191 2702 1
5662 1952 5
1952 6656 2
3528 3130 1
3130 1417 1
1417 450 2
4369 2239 1
2239 2841 1
4532 7306 2
6494 306 3
1191 1784 1
1784 2238 1
2238 1482 1
6420 5375 1
5375 3207 1
3207 6506 1
1480 3467 4
3467 379 1
379 6194 1
6194 2906 1
7306 2115 1
2115 6768 1
6768 7297 1
6768 6405 1
4332 6656 1
940 6626 1
6626 733 1
733 1189 2
1189 3528 1
3528 3764 2
6735 4387 1
3095 3359 1
3359 1382 1
1382 1964 2
7297 5842 1
5842 1964 2
1018 6405 3
1482 6324 1
6324 710 1
710 6730 1
6730 634 1
634 6768 1
6768 1196 2
6173 1 2
2236 6735 1
6735 506 1
5547 2982 1
2982 2829 1
2829 4056 1
4056 1964 5
5470 926 1
3528 6173 1
1 2383 1
2383 644 1
644 7014 1
7014 3298 1
3285 4688 1
1318 2863 1
2863 3095 1
3095 6175 2
6175 3290 1
1417 4384 1
4384 3422 1
3422 3528 1
2286 2866 1
2866 306 1
306 2321 1
2321 303 1
6451 3259 1
644 3794 1
3794 2286 1
2286 940 1
3081 6420 1
684 4308 1
4308 3825 1
3825 4686 1
4686 6086 2
2532 2338 1
2338 3665 1
3665 2293 1
2293 7297 1
2841 6121 3
6121 2841 1
3095 4720 1
4720 4386 1
6494 3081 1
3081 7188 1
7188 455 1
455 108 1
108 5737 1
5737 3254 1
1 1654 1
1654 2296 1
2296 233 1
233 6493 1
5568 5773 1
5773 4303 1
4303 1417 1
1417 4319 1
4319 3528 2
1964 4313 1
4313 1964 1
634 344 1
5966 3528 2
7016 1699 1
4206 2404 9
2404 6330 1
6330 1 1
3527 517 1
3095 6420 1
6245 926 1
1417 1844 1
5631 4559 1
4559 1734 1
1734 4206 1
4206 2358 1
2358 474 2
474 4076 1
4076 2828 1
1228 7306 1
5892 3299 1
4206 3527 3
3527 1802 1
1802 306 1
306 4076 1
1449 3528 1
552 1693 1
1693 1550 1
1191 940 1
940 2885 1
2885 1964 1
1610 4206 3
2404 603 1
2934 516 1
516 2404 1
347 2129 1
2129 5676 1
5779 4488 1
4488 7156 1
7156 2508 1
2508 4206 1
2404 2236 1
2236 1191 1
6633 5791 1
5791 3303 1
6838 1964 1
6506 2340 1
2340 4688 1
2906 5892 4
5892 1979 1
506 5648 1
5648 500 1
6420 3081 1
3081 6151 1
6151 2841 1
3090 6361 1
7156 2150 1
2150 7306 1
684 141 1
141 3095 1
883 3526 1
1981 989 4
989 7017 1
1944 2122 4
700 4071 1
4071 6656 1
2821 1964 5
3527 4768 1
4768 7296 1
1502 940 1
940 7015 1
2817 6670 1
6670 3764 1
3764 5418 1
5418 7077 1
2097 6575 1
6575 6888 1
6888 1114 1
1114 5892 1
5892 6733 1
6733 506 1
2817 6740 3
6740 1480 1
1480 1369 1
1369 3529 1
3529 2817 1
3808 2502 1
2502 5676 1
5676 2744 1
5848 3665 1
3665 306 1
5631 1 7
347 2817 3
4893 2383 2
2383 7306 1
7306 6245 2
7158 5973 1
5973 6732 1
1964 6727 2
6727 5892 1
7306 5200 1
5200 6223 1
3217 2123 1
7077 2021 3
2922 303 1
293 6044 1
7306 4985 1
4985 2338 1
2338 822 1
822 1964 1
2033 6405 1
5048 6760 1
6760 2107 1
2841 584 1
584 2841 1
2841 1180 1
1180 6638 1
6638 1270 1
1270 2358 1
2358 6506 2
1308 7158 1
3526 4839 1
4839 2097 1
5631 1114 2
2122 684 1
684 6997 1
6997 6492 1
6492 940 1
940 3081 1
3081 583 1
583 5848 1
7156 1287 1
1287 1964 4
1964 2702 1
1952 1 2
1134 7296 1
4386 3095 1
7016 3711 1
6656 5842 1
5842 4627 1
4627 7156 1
7296 750 1
750 981 1
2817 6656 1
3095 3713 1
3713 2413 1
1196 4657 1
4657 4427 1
4427 2107 1
6506 893 1
7156 2033 1
2033 3095 1
3090 1 1
7296 893 1
893 3808 1
5890 4626 1
2817 6733 1
6733 5046 1
5046 3494 1
3494 3125 1
3125 1964 3
684 2033 1
2033 378 1
2097 487 1
487 603 1
603 324 1
324 5842 1
4490 1340 1
1340 3385 1
1287 5662 1
3528 2757 1
2757 1911 1
1911 7156 1
3528 6245 1
6245 1787 1
1787 5779 1
2841 2466 1
2466 6979 1
6979 3251 1
3251 3528 2
3095 4656 1
4656 1026 1
3528 1492 1
1492 3095 2
3526 1614 1
1614 7156 1
940 5769 1
5769 1964 1
2481 6506 3
6506 1264 1
1264 644 1
644 960 1
960 3608 1
3608 306 2
1018 2236 1
1318 6534 1
6534 6626 1
2107 127 1
127 2841 1
5848 4079 1
4079 2817 1
2841 1318 1
1318 2122 1
2817 1263 3
3526 1191 2
1191 347 1
684 1422 1
2817 6263 1
6263 1 1
1 1422 1
682 1018 1
1018 2446 2
2446 219 3
7102 6795 1
6795 1964 1
6026 3565 1
3565 1979 1
506 940 1
1944 7015 1
7015 2532 3
2532 2817 2
6173 1196 3
1196 2693 1
2693 3168 1
3168 6626 1
6747 1126 1
1964 2971 1
2971 3095 1
6846 2338 1
7296 4729 1
1502 4688 1
7156 2829 2
2829 303 2
6456 3278 2
3278 6557 1
6557 6538 1
968 3527 1
3527 361 1
361 3119 1
2358 6665 1
6665 2286 2
2286 6784 1
6784 684 1
684 7297 6
7297 6609 1
6609 306 1
306 6327 1
6173 2447 1
2447 1134 2
1417 3212 1
3212 3119 1
3119 6683 1
6683 1196 1
3095 4368 1
4368 2841 1
1114 989 1
700 5270 1
1910 981 2
3085 7188 1
7188 4206 1
4206 1734 1
1734 306 1
3634 6538 2
6245 7306 4
7306 4884 1
4884 2097 1
6230 612 1
612 1964 1
1964 1714 1
1714 1 2
1400 1417 1
1417 7160 1
7160 3528 2
4385 7306 2
2906 4878 1
4878 7156 2
644 1187 1
4385 3259 1
7306 1301 1
1301 7297 1
4467 2107 1
2338 2934 1
2934 2702 1
4892 7156 1
6626 6245 1
6245 4686 2
1964 1829 1
1829 2702 1
1952 306 1
6644 2358 1
2505 4206 1
4206 4012 1
4012 1768 1
1768 3526 1
3526 956 1
306 6068 1
6068 1964 2
4615 4688 1
7156 3119 1
3119 420 1
420 3467 1
6506 4012 1
4012 1 1
1 6644 1
6644 3918 1
3918 5287 1
1144 306 1
3095 7086 2
7086 6405 1
6456 1196 1
306 6123 1
6123 3244 1
3244 3528 2
3095 6768 4
6768 3290 2
7306 5497 1
5497 4303 1
4303 3095 1
6851 2338 1
940 6180 1
5662 2522 2
2522 2107 1
861 2702 1
2702 3827 1
3827 1268 1
1263 5754 1
5754 2141 1
2141 1964 1
6420 4387 2
5955 3977 1
3977 306 1
1403 2693 2
401 6173 1
6173 2702 2
2702 926 1
3227 306 1
1161 4688 1
940 2107 1
6506 6969 1
6969 1196 1
1196 4809 1
4809 401 2
401 3422 1
1340 7296 2
1944 4686 2
2531 3095 1
3095 5338 1
5338 6506 1
6506 1814 1
1814 684 1
2789 1263 2
6465 4411 1
4411 5662 2
5890 5966 1
5966 2338 1
940 3565 2
4272 4112 3
2522 7306 1
5662 4649 1
4649 1964 1
1964 1700 1
1700 2841 1
382 7112 1
7112 2522 1
2522 1308 1
1308 7156 1
303 1134 1
1134 6506 1
4280 1964 1
684 3283 1
3283 1902 1
1902 1842 1
1 6887 1
6887 1482 1
3095 3086 1
3086 4681 1
6180 306 4
306 3230 2
3230 7292 1
7292 7306 1
4958 3303 1
3303 7025 1
7025 6493 2
7074 1158 1
1964 173 2
173 6180 1
506 3228 1
1902 7306 1
1610 7113 1
7113 1150 1
1150 7276 1
7276 306 1
6248 1964 2
684 199 1
199 4832 2
4832 1064 2
1064 2389 1
2389 1814 1
1814 5833 1
5833 2841 2
5754 6297 1
6297 1152 1
306 1031 5
1031 926 1
2505 4409 1
4409 303 1
303 3690 1
3690 1964 2
3303 2286 1
2286 1014 1
1014 4112 1
4112 5737 1
2717 3689 1
3689 1152 1
1152 455 1
1029 3244 1
2413 3615 1
3615 4058 1
7306 1158 1
1134 3259 2
3259 3858 1
1152 3494 1
3494 1758 1
1758 1 2
2222 1981 1
3527 792 1
792 1964 1
2442 6178 1
6178 4112 2
2522 1550 1
2747 6145 1
6145 7306 2
5892 306 1
1031 3444 1
6259 455 1
455 2702 1
2702 6173 1
6173 3155 1
3155 2413 1
2413 1064 1
1064 2435 1
2435 3162 1
3162 5772 1
5772 6405 1
7156 459 1
303 2548 1
2548 4409 1
4409 1692 1
1692 2748 1
2748 6609 1
6609 1964 1
1964 5663 1
5663 7306 1
7306 6329 1
6329 2702 2
1064 4206 1
4206 2435 1
2435 7170 1
3235 5897 1
6412 3528 2
303 7004 1
7004 7156 1
1126 2807 3
2807 1554 2
1554 6656 1
4686 834 1
1981 2286 5
1964 6174 3
1152 7296 1
303 2829 1
2829 3527 1
3527 6486 1
6486 4284 1
2097 1064 4
1064 3561 1
4409 4686 1
4686 4270 1
4270 4074 1
4074 2097 2
2097 950 2
3527 4068 2
4068 7019 1
7019 3254 2
6263 3527 1
7306 6145 1
7306 711 2
711 2002 1
2002 1152 1
2236 5167 2
2717 6248 1
6248 1141 1
1141 1417 2
1417 4187 1
7306 2441 2
1981 199 1
199 1610 1
306 7276 2
7276 3259 1
6155 3528 1
3528 1126 4
4754 7306 1
7306 7243 1
7243 2865 1
6778 306 1
306 2404 2
2404 7161 1
1287 3102 2
3102 2002 1
7156 4626 3
2747 6597 1
6597 1964 2
6412 5574 1
5574 764 1
764 6044 1
1417 3290 3
1479 1196 1
1196 3620 1
3620 6420 1
1480 7296 3
1482 6619 2
6619 2107 1
2817 3792 1
3792 2716 1
6244 2841 1
2841 1154 2
1154 506 1
7306 2982 2
2982 2828 1
1228 3527 1
3527 3684 1
3684 4409 1
5779 1196 1
6405 2862 1
4491 1 1
1 4491 1
4491 7156 1
7156 1196 2
1196 2934 1
2934 2236 1
6223 1586 1
1586 2435 1
2435 1964 3
764 7156 4
1196 3565 1
3565 1569 1
1569 2338 1
5955 4349 1
3095 1305 2
1305 7158 1
1141 1482 1
3528 6224 1
6224 7306 1
7017 5075 1
5075 506 1
4634 5662 1
2719 6208 1
684 5728 1
5728 5890 1
5890 1881 1
1881 684 1
7297 199 1
968 4385 1
4385 5662 1
5662 7219 1
347 3244 2
5116 3302 1
3302 7297 1
1196 1568 1
1568 3207 1
3207 6736 3
6736 981 1
5779 7306 2
7306 4947 1
4947 2097 1
2097 6412 2
1191 2236 3
7306 6057 3
6057 506 3
506 6889 1
6889 1152 1
1031 303 1
303 1692 1
1692 1964 1
684 4652 1
4652 6760 1
6760 3620 1
6506 5754 1
5754 1114 2
1114 340 1
1964 3090 2
3090 2290 2
2290 7306 1
5993 2789 1
2789 4112 2
4112 2548 4
2548 1715 1
1715 3095 1
5959 2532 1
7092 3604 1
3604 6506 1
5374 306 1
1195 4892 1
4892 1065 1
1065 5662 1
5754 4531 1
4531 3528 1
3528 4645 1
4645 1064 1
1064 4642 1
2286 2841 2
3612 6297 1
6297 5484 1
5484 5659 1
5659 1114 1
1482 4887 1
4887 6656 1
6101 6405 1
1029 1964 1
306 3931 2
3931 352 1
4461 6297 1
7156 2435 1
2435 1064 1
1064 2505 1
2505 6405 1
2107 698 1
698 6506 1
4634 1610 1
3527 5287 2
5287 2419 1
2419 303 3
3011 4686 1
3081 6347 1
6347 4863 1
4863 1964 1
2790 500 1
5662 1176 1
1176 6838 1
6838 306 1
5659 6656 1
6656 1995 1
1995 1064 1
7054 4495 1
4495 7099 1
7099 371 1
371 2663 1
2663 5167 1
2717 1064 1
1 3152 2
3152 5610 1
6530 6506 1
6506 1176 1
2790 4899 1
4899 4074 1
989 4681 1
4681 680 1
680 3254 1
2413 7189 1
7189 3264 1
4432 1114 1
1114 5990 1
5990 4688 1
4724 640 1
640 5991 1
5991 7086 1
7086 7102 1
7102 926 1
2413 7066 1
7066 2236 1
1340 2850 1
2850 4461 1
3011 1065 1
1065 306 1
7177 4017 1
4017 7294 1
7294 2831 1
2831 1964 1
1964 3403 1
3403 3601 1
3601 684 1
2419 1156 1
1156 3201 1
3201 2107 1
2107 2369 2
1964 4577 1
4577 7160 1
7160 2988 1
2988 7158 1
4464 4615 3
4615 7148 1
7148 1964 1
1964 174 2
174 3526 1
981 5318 1
5318 1033 1
1033 4112 1
4112 2693 1
2693 686 1
686 2447 1
2447 3548 1
3548 5336 1
5336 6501 1
6501 7158 1
1141 5068 1
5068 3828 1
7296 2190 1
2190 1964 1
1964 1938 2
1938 108 1
5938 4686 1
2693 6656 1
6656 6232 1
6232 7306 1
7306 3746 2
3746 3095 3
6485 3141 1
1964 483 1
483 7099 1
1 6785 1
7086 2314 1
2314 3510 1
3510 3528 1
3528 1747 1
1747 6656 1
6656 2240 1
2240 6934 1
6934 6044 1
6044 5494 1
5494 1964 1
1037 2109 1
2109 2757 1
1516 5796 1
5796 1964 1
1964 1663 1
1663 2841 1
3527 7026 1
7026 1964 1
1964 463 1
463 303 1
303 5882 2
6699 1114 1
1482 684 1
684 1760 1
1760 7010 1
7010 6405 1
4525 3467 1
979 4974 1
4974 2097 3
2097 1191 5
1191 2663 1
3081 981 2
981 5563 1
5563 3259 1
3081 2107 1
306 4219 2
4219 4275 1
4275 6276 1
6276 463 1
463 5131 1
3200 7296 1
3467 6017 2
6017 3259 1
3259 7255 1
7255 3527 1
3527 4274 1
4274 3110 1
3110 1964 1
1964 2498 2
2498 3095 2
6797 6405 1
7156 3885 1
3885 4893 1
4893 1724 1
1308 6261 1
6261 538 1
538 1064 2
1064 3254 1
5477 1126 1
1417 4491 1
4491 3808 1
3159 1964 1
3477 1325 1
1325 1065 1
1065 3550 1
3550 3904 1
1964 1676 1
1676 3885 1
3885 5937 1
5937 981 1
4112 6232 3
6232 2097 1
2097 882 1
882 401 1
401 6049 1
6049 6405 1
989 6026 1
6026 460 1
3467 3526 1
3526 4086 2
1 4387 4
3526 5009 1
5009 7255 1
1964 2488 1
2488 6208 1
1964 3148 1
3148 2942 1
2942 3368 1
3368 2286 1
2286 1065 1
1065 5905 1
5905 306 1
4219 5793 1
1144 2817 1
6846 5838 1
5838 6712 1
6712 6017 1
6017 3439 1
3439 426 1
426 1482 1
5287 2021 1
684 6242 1
6242 3047 1
3047 2839 1
1964 3885 1
3885 5053 1
5053 5754 1
5754 6531 1
6531 5563 1
5563 5662 1
5676 2693 3
2358 3617 1
3617 2721 1
2721 6181 1
6181 530 1
530 1065 1
1065 1964 1
3565 3526 3
4086 5009 1
6232 3526 1
3526 3368 1
3368 6575 1
6575 6259 1
6259 2286 1
2286 4686 1
4686 808 1
808 4909 1
4909 5615 1
5615 5631 1
7224 7027 1
7264 6088 1
6088 3885 1
3885 7113 1
989 6501 1
6501 3527 1
4385 2430 1
2430 4626 1
3565 6049 1
6049 1964 1
6232 5016 1
5016 2841 1
2693 1717 1
7296 1368 1
1368 219 1
219 6731 1
6731 3528 1
3528 5676 1
5779 7017 1
6748 306 1
1191 6412 1
6412 5228 3
5228 7099 1
7099 5585 1
6263 1844 1
1844 2107 1
5287 6412 2
1964 4934 1
4934 3408 1
3408 6673 1
6673 1964 1
1964 2604 1
2604 3244 1
3244 1403 2
2601 2107 1
5676 1065 1
1065 2900 1
2900 5938 1
3808 1257 1
1964 5913 1
5913 1 1
2338 4448 1
4448 6618 1
1502 855 1
855 5662 1
5662 5563 1
4545 2107 1
640 7107 1
4686 1065 1
1065 6223 1
4258 2097 1
1064 5662 2
5662 3661 1
3661 7306 1
2841 1971 2
684 950 2
1064 5131 1
5131 2898 1
2898 2435 1
2435 108 1
1964 2391 1
2391 1585 1
1585 3527 1
6748 6420 1
6420 2532 1
2532 1196 1
1196 2021 1
2021 3528 1
6420 3207 1
3528 2440 2
3227 6141 1
6141 4681 1
4681 4745 1
1944 4051 1
4051 6456 1
6456 2829 1
2829 2021 1
3207 344 1
3527 3526 4
3526 3684 1
3684 1 1
1196 3095 1
6493 3302 1
4332 3290 2
3290 3526 1
7125 1417 1
1482 4190 1
6643 7014 1
7306 1206 3
3254 3527 1
3095 4051 3
4051 684 1
684 6456 1
6456 6738 1
6738 1785 1
5773 7014 1
1 764 2
5287 4098 1
4098 3219 1
1964 241 2
241 5020 1
5020 3529 1
6044 4058 1
4058 4722 1
4722 2817 1
1715 2532 1
7092 4112 1
6720 1964 3
6855 6494 1
2548 3254 1
1717 409 1
409 2338 1
2338 6996 1
6996 4112 2
4112 1033 1
1033 1964 1
401 6871 1
6871 1964 2
401 2879 1
2879 5662 1
5754 1404 1
1404 1 1
5177 1117 1
3526 3881 1
3881 6420 1
36 1501 1
1305 6405 1
3292 4693 1
4693 6775 1
6775 684 1
1191 5662 5
5662 2033 1
2033 1114 1
1344 3526 1
4991 6405 1
401 1403 3
1488 3528 1
3528 7017 2
3526 4199 1
4199 1322 1
1322 6506 1
3526 2296 2
2296 981 2
6754 6022 1
6022 450 1
450 1175 1
1175 5662 1
7297 5281 2
7015 6863 1
6863 1175 1
1289 1964 5
6405 7297 1
5754 3205 3
3205 3467 1
981 5217 2
5217 2338 1
2338 5043 1
5043 684 1
684 5892 2
303 6022 1
6022 104 1
104 6405 1
6355 7156 1
7306 5811 1
5396 968 1
3528 3545 1
3545 1964 1
1964 3348 1
3348 3259 1
455 3241 1
541 502 1
1964 7159 1
1191 3952 1
3952 5020 1
1479 2338 1
2338 6626 1
3095 2926 1
2926 1964 1
3116 2097 1
2097 5046 1
5046 5662 1
60 7113 1
4626 4724 2
4724 3259 1
3259 2440 1
2440 7016 1
7016 6538 1
6538 2789 1
2789 2456 1
5418 7083 1
7083 3379 1
4724 7077 1
1149 5284 1
5284 1175 1
5287 3524 1
3524 7309 1
7309 1159 1
1159 6529 1
6529 3116 1
2338 5048 1
5048 3528 2
3528 3116 1
3116 1550 1
7014 7056 1
7056 5662 1
5662 6817 1
6817 4112 1
4112 7096 1
7096 306 2
306 6614 1
6614 6196 1
6196 6405 1
7296 4435 1
4435 1964 2
3528 6674 1
6674 1159 1
1159 6370 1
6370 331 1
306 2680 1
2680 1 1
3528 2656 1
2656 506 1
6656 102 2
6656 3116 3
3116 5811 1
5811 5385 1
5385 3634 1
1011 3528 1
6405 4068 1
6405 3356 1
3356 7156 1
5676 5495 1
5495 2841 1
3528 968 1
968 1175 1
1175 981 1
3095 6013 1
6013 7158 1
7158 5805 1
5805 5340 1
5340 2021 1
2021 5048 1
5048 2447 1
2447 1130 1
1130 3095 2
1502 306 5
1018 3242 1
1575 2107 2
2107 3206 1
3206 1175 1
3116 3355 1
3355 1402 1
4068 684 1
950 7306 2
293 2864 1
2864 3095 1
866 3095 1
293 2766 1
1964 1345 1
7181 1479 1
7156 5046 2
5046 3125 2
3116 7113 1
7113 3127 1
3127 1403 1
1403 378 1
1344 7297 1
7297 5046 1
5046 2903 1
2903 306 1
1018 2737 1
2737 7255 1
7255 218 1
218 303 1
303 5566 2
5566 5145 1
5145 981 1
5131 4378 1
4378 5361 1
5361 2656 1
2656 5662 1
5538 3090 1
3090 2790 3
2790 7296 1
7296 5837 1
5837 4285 1
4285 5559 1
5559 3259 1
3259 6221 1
1422 684 1
5274 976 1
976 5754 1
5754 2539 1
2539 7156 1
940 1 1
459 5837 1
5837 668 1
668 2841 1
303 60 1
60 6889 1
6889 2107 1
5461 2338 1
940 4275 1
7111 1964 2
1964 5304 1
3528 452 1
1191 3156 1
3156 2338 1
2286 4364 1
4364 409 1
409 3207 1
3207 324 4
364 7306 2
640 3526 1
2928 1479 1
1479 3244 2
3244 7168 1
7168 3095 1
1 698 1
409 6633 1
303 3207 1
364 6506 1
6506 4735 1
4735 3095 1
630 4735 1
4735 324 1
700 4763 1
2097 324 1
324 2286 1
2286 4626 1
2107 2725 1
2725 2829 11
2829 4390 1
4390 3527 1
3527 700 2
940 6171 2
455 696 1
696 6618 2
6618 2441 1
2441 2021 1
5730 7160 1
3095 4945 3
4945 6405 1
6405 4332 1
4332 657 1
657 7306 1
7306 1645 1
1645 1964 6
7156 5955 1
5955 4336 2
4336 4686 1
2107 3116 2
3116 6618 1
6618 696 1
696 1964 3
3095 3467 3
5287 3303 1
1964 4312 1
4312 2841 1
303 6006 1
6006 6412 1
6412 269 1
3095 3487 2
3487 1 1
4686 269 1
293 3487 1
3487 2027 1
2027 7296 1
7296 940 2
6186 3207 1
6186 6490 1
2104 3095 1
684 3772 1
3772 883 1
883 603 1
6506 4349 1
4349 3467 1
5287 3296 1
3296 2236 1
2236 1502 1
6538 1195 4
303 4724 1
4724 6889 1
6889 6506 1
3808 5419 2
5419 4688 1
6493 5126 1
5126 7306 1
7016 6057 1
2522 1964 5
3290 1134 1
1187 2107 2
2107 5779 1
5779 1206 1
1206 3254 1
4525 3240 1
3240 3603 1
3603 5779 1
3095 1206 1
764 3772 2
3772 2841 1
7074 1333 1
6996 6665 1
2286 324 1
364 2021 1
1482 1875 1
1875 1417 1
700 6740 4
700 1482 1
1482 6135 1
6135 5568 1
5568 6670 1
6670 5892 1
5892 3634 1
1058 7158 1
5304 700 1
3095 4696 1
4696 64 1
64 7125 1
7125 603 1
6405 7253 1
7253 5848 1
940 5993 1
5993 5503 1
5503 1964 1
1964 1288 1
1288 960 1
960 5662 1
2719 3528 1
306 5347 1
5347 4746 1
4746 989 1
940 1813 1
1813 7294 1
7294 5901 1
5901 5979 1
6506 4332 1
3116 2559 1
2559 5405 1
5405 2284 1
2284 4898 1
3528 1488 2
1488 6734 1
6734 1981 1
6494 4140 1
700 4140 2
4140 1114 1
3116 3207 1
3207 24 1
24 6417 1
6417 347 1
347 603 1
2122 2283 1
2283 5131 1
5131 2440 1
6699 3483 1
3483 293 1
2747 427 1
427 2817 1
3528 1459 1
1459 3665 1
3665 303 1
1964 5754 4
5754 6442 1
6442 7306 1
293 3828 1
2906 7014 1
7014 23 1
23 1 1
3095 1140 1
1140 1550 1
1550 2111 2
2111 1079 1
1079 1114 1
1964 1080 1
1080 4387 1
3090 4631 1
7297 1079 1
1079 926 1
5681 7096 1
77 2505 1
2505 1308 1
1308 6196 1
6196 1 1
4615 5915 1
7306 4898 1
293 3575 2
3575 1 1
5676 6169 1
6169 7159 1
5959 2338 1
2338 2857 1
2857 2841 4
5662 5625 1
5625 3095 1
3095 6438 2
6438 1191 1
1191 1944 1
1944 4508 1
1964 1568 1
3302 5754 1
1191 1479 3
5993 4523 2
4523 7296 1
7296 4387 1
1906 306 4
1018 5966 1
4239 4893 2
4893 6236 1
6236 303 1
1959 603 1
6223 6178 1
981 298 1
298 5048 1
5048 1114 1
2624 2921 1
2921 733 1
1189 3219 2
2338 3459 2
3459 2841 1
1502 6209 1
6209 1417 1
303 5892 1
5892 3528 1
5048 1 1
1479 4840 1
4840 3241 1
3095 3494 4
1964 6671 1
6671 219 1
306 2089 1
2089 3295 1
3295 6490 1
7306 470 1
470 3095 1
219 324 1
324 1114 1
293 4632 1
4632 2747 1
2747 6039 2
6039 6490 1
6490 3116 1
3116 3620 1
3620 293 2
3459 3477 1
3477 6023 1
6023 3624 1
3624 1 1
4686 3952 1
3952 2991 1
2991 1964 1
3565 2857 1
3526 1627 1
1627 7306 1
7014 6613 1
6613 7306 1
3095 1337 1
1337 3526 1
3116 764 1
682 1422 1
1422 2841 1
2693 1291 1
1291 293 1
3221 1 1
6223 1964 3
1964 5779 2
5779 5626 1
5626 269 1
3526 4275 1
6490 6888 1
6888 3226 1
3226 5723 1
5723 3226 1
3226 1803 1
1803 1126 1
3095 3666 1
3666 2107 1
3526 5073 1
5073 1479 1
2237 1482 1
1482 666 1
666 5419 1
5419 1964 1
3528 6760 1
6760 3983 1
7156 6715 1
6715 7296 1
1191 5708 1
5708 2841 1
2841 3116 2
3116 1114 1
2559 7156 1
7296 3251 2
3095 4168 1
4168 1 1
968 4589 1
663 7306 2
7306 6180 2
5662 7111 1
4386 303 1
303 506 1
2717 2286 1
2286 1175 1
1175 6490 1
6490 6683 1
7156 1152 2
3527 3690 1
3690 1 1
1 2829 1
5831 3925 1
3925 5754 2
5754 5435 1
5435 6327 1
1964 6761 1
6761 306 1
3526 414 1
414 6022 1
6022 306 2
36 6506 1
2719 3527 2
3095 6761 1
6761 1 1
1 5831 2
5831 5662 1
5662 5939 1
5939 4076 1
4076 2841 1
4068 1693 1
1693 2548 1
5495 968 1
2693 5495 1
5495 293 1
981 2725 1
2829 700 1
2789 455 1
455 7099 1
306 3205 1
3205 1964 3
6494 2041 1
5959 1964 2
5470 2296 1
2296 7296 1
303 2002 1
2002 3116 1
1944 3527 1
6456 1964 3
1964 4345 1
4345 306 1
36 1259 1
7156 5095 3
5095 2107 1
3527 2789 3
6420 394 1
394 2236 1
2236 1944 1
2656 3242 1
3095 6684 3
4686 5445 1
5445 5238 1
4811 654 1
654 5631 3
981 64 2
64 193 1
193 2747 3
193 4332 1
3242 1402 1
1402 5662 3
5662 1402 3
1402 3095 1
6684 1482 1
5068 7333 1
7333 7296 2
7296 1944 5
2841 6096 1
6096 5662 1
7317 7306 1
4332 3095 3
6851 1964 1
7306 4754 1
4754 2107 1
3527 262 2
981 4173 1
4173 7296 2
1482 455 2
7306 5038 1
5038 5765 1
5765 1114 1
1482 2887 1
2887 2552 1
2107 811 1
811 3095 1
3527 1141 1
4332 2720 1
6465 5831 1
5831 6412 1
6412 425 1
425 2378 1
5283 1964 1
1964 1289 2
3527 1959 1
1959 818 1
818 603 1
4932 5425 1
6788 1417 1
1417 4525 2
4525 7099 1
2358 450 2
5848 4763 4
4763 2236 1
3526 4936 1
6232 1910 1
1910 5576 1
5576 3290 1
3290 5676 2
3095 2076 1
2076 6405 1
7156 2864 1
2864 5848 1
2789 3259 1
6407 4720 1
6490 1 1
5955 7156 1
7156 1474 1
1474 7014 1
7014 5848 2
4763 1114 1
1114 3529 1
6405 3536 1
3536 2107 1
2107 6043 2
6043 2906 1
303 1776 1
1776 7296 1
3313 2115 1
2115 2841 1
5750 7160 1
3808 6599 1
6599 5145 1
5145 682 1
682 4766 1
4766 6412 1
4991 3290 1
303 450 1
5287 4763 1
4763 7019 1
7019 7296 1
7156 5820 1
5662 4605 1
1964 447 1
447 3526 1
1981 2608 1
2608 2446 1
2446 4450 1
4450 1964 1
5848 2725 4
700 1940 1
1940 1550 1
2446 700 1
293 4347 1
4347 4199 1
4199 1199 1
1199 2841 1
7142 1114 1
1114 2097 1
2097 2730 7
2730 2582 6
2582 1 1
1874 4387 1
4387 7296 2
6405 307 1
307 1874 1
1874 1 1
5848 3692 1
7156 324 2
324 3116 2
3116 6684 1
5754 2656 1
2656 3127 1
3127 7113 2
1144 1906 1
5676 1340 1
1964 1312 1
4347 700 1
700 1032 1
1032 2097 1
2582 1195 1
7142 981 1
985 6420 1
6420 5040 1
5040 7015 1
7306 2413 1
2413 324 1
324 5938 2
3292 1403 1
1403 293 1
293 4407 1
4407 2841 1
2841 155 1
6405 4140 1
3467 324 1
3527 6787 1
6787 1964 1
3808 2710 1
2710 4418 1
4418 1 1
324 4370 2
4370 7306 2
7306 1689 1
1689 1152 1
1964 1758 6
1758 3527 2
3527 4686 1
378 3565 1
3095 2403 2
2403 5831 1
1964 837 1
1333 700 2
700 2906 1
2906 450 2
5631 2725 1
2725 2828 8
2828 4688 1
7156 4763 1
4763 7297 1
7297 3192 1
3192 1964 1
5962 3527 2
303 6647 1
6647 3259 1
4239 7297 1
7297 324 3
324 1455 3
1455 517 1
3095 1455 1
1455 1 1
1 2790 1
2790 3044 1
3044 256 1
256 3290 1
603 4098 1
4098 7296 2
303 3612 1
3612 700 1
6740 2502 1
2502 303 2
303 866 1
866 5676 1
1910 4700 1
4700 6506 1
7333 6740 1
6740 6016 1
6016 5662 1
5662 2672 1
2672 1964 1
1134 315 1
315 2999 1
1382 3527 1
3527 784 1
784 6405 1
950 1807 1
1807 684 1
5470 3085 1
3085 5662 1
2817 4170 1
4170 7296 1
7296 2757 1
2757 1426 1
1426 2358 1
2358 6022 1
7224 2338 1
2338 3925 1
5754 1340 1
3526 4725 1
4725 3527 1
1145 4308 1
6626 2548 1
684 661 1
661 5937 1
5937 3099 1
1671 3527 1
3527 649 2
1688 64 1
64 3526 2
3526 5894 1
5894 3290 1
3095 6556 1
6556 219 1
2719 3226 1
3226 5793 1
5793 786 1
786 3528 1
3528 5989 1
5989 3305 1
306 4013 2
3290 2296 3
2296 6506 1
6506 700 3
700 2236 1
2236 7016 1
7016 7296 1
5773 1263 1
700 4347 1
4347 2097 1
2582 2021 1
2021 64 1
64 981 1
3527 3302 1
6506 1417 1
3565 5666 1
5666 3095 1
3095 5962 2
7306 4350 1
1964 2212 2
2212 5754 1
5754 7203 1
7203 5642 1
5642 7306 1
6405 2495 1
2495 7156 1
7306 5502 1
5502 1964 1
6046 7306 1
4332 6405 1
303 425 1
425 981 1
6456 5053 1
5053 7306 1
1964 4660 1
4660 6405 1
603 981 1
2296 3044 1
3044 1544 1
1544 3303 1
7297 5166 1
5166 6506 1
6736 764 1
500 4893 1
4893 1481 1
1134 7016 1
4729 7014 1
5470 6490 1
2296 818 1
3528 1981 1
1981 2493 1
2493 2734 1
2734 303 1
6506 1480 2
7099 700 1
1944 6405 4
3526 4558 1
217 99 1
99 2817 1
3292 3526 2
6132 375 1
5400 6405 1
989 4892 1
4892 3178 1
2821 7306 1
293 1983 1
2790 1806 1
1806 293 1
3528 1906 1
6643 1 2
5676 6661 1
6661 6506 1
7017 4101 1
4101 3467 2
7306 4966 1
4966 5662 1
5662 577 1
577 4760 1
5568 4280 1
4280 5662 2
408 2236 2
2829 7306 3
1323 1032 1
6656 2730 2
2582 7296 1
7296 1130 1
1130 3764 1
303 5789 1
6259 3290 1
1191 4336 2
4336 700 1
5831 6155 1
6155 1263 1
1263 1180 1
1180 408 1
408 2021 2
2021 1263 1
4467 1216 1
1216 1 1
4581 3645 1
3645 700 2
700 1344 1
1344 269 1
293 1575 1
1575 7159 1
7159 1479 1
700 378 1
1344 1263 1
1263 3471 1
3471 4645 1
4645 5737 1
5737 603 1
7296 3501 1
4892 1947 1
173 6735 1
116 6493 1
700 4386 1
1944 5217 1
7297 1543 3
1543 1806 1
1806 306 1
6643 7015 1
1569 500 1
3528 6490 2
700 450 3
684 700 1
1964 1827 1
1827 1550 1
5921 1827 1
1827 2296 1
1827 6633 1
1964 3840 3
3840 3244 1
4634 6587 1
6587 981 1
455 3268 1
5344 1 1
950 6405 2
5715 1479 1
5995 1312 1
1543 700 1
3095 5596 1
5596 1114 1
1114 1479 3
303 1906 2
1906 6490 1
6490 684 1
2789 2296 1
2296 4977 1
4977 7156 1
3528 2790 1
2790 1964 3
1964 256 1
256 603 1
684 7019 1
7296 7092 1
7092 1114 1
1114 6245 1
6245 3290 1
1483 2935 1
2935 1964 1
1403 3528 2
2358 3244 1
3244 4281 1
4281 3095 1
3528 2934 1
2934 1141 1
7306 2161 1
2161 1964 2
1964 2219 1
279 603 1
603 2337 1
1535 250 1
250 6173 1
6173 7297 1
280 1114 2
3095 4676 2
3527 2236 1
2236 6313 1
6313 4539 1
4539 6748 1
6412 7297 1
7297 1159 3
1159 256 1
256 5217 1
5217 4625 2
306 250 1
250 1964 1
7156 4385 1
4385 23 1
23 2358 1
2358 1973 1
1973 2337 1
1535 1964 2
4954 5739 1
5739 401 1
1018 6386 1
7309 2725 1
2828 3095 1
6851 950 1
950 2773 1
2773 1114 1
1482 7312 1
7312 1934 1
1934 7306 1
2817 3302 1
401 1296 1
1296 2107 1
1964 5053 2
5053 5217 1
5217 60 1
60 1979 1
1979 5754 1
5754 4615 1
4615 700 1
141 3244 1
3427 4073 1
4073 1550 1
1550 2456 1
2456 414 1
6022 6734 1
6734 3764 1
3764 4387 1
2817 637 2
637 6405 1
5046 3095 1
303 6358 1
6358 1182 1
1182 1964 1
1196 3528 2
4490 764 1
764 6405 2
3116 5046 1
3116 5890 1
5890 378 1
1550 3116 1
3116 3528 3
4490 603 1
603 497 1
497 3528 1
2828 4098 1
4098 3155 2
3290 7015 4
4386 1595 1
1595 1 1
3772 6736 1
6736 5198 1
2582 3207 1
3095 1191 1
1191 2725 1
2829 981 2
764 4347 1
4347 1263 1
1263 1594 3
1594 4729 1
1502 1 1
4135 2725 1
2828 4729 1
7306 570 1
570 7016 1
7016 7157 1
7157 700 1
700 6735 2
6735 7306 1
4332 1114 1
7156 2110 1
2110 6503 1
6503 6656 1
2548 684 2
684 2744 1
2744 5174 1
5174 2107 1
2107 4112 2
2227 682 1
6186 5374 1
5374 6544 1
6544 2424 1
2424 4029 1
2789 672 1
4284 4354 1
4354 700 1
700 1274 1
6888 4725 1
4725 700 1
700 1 1
700 1287 1
1287 3296 1
3296 3095 1
7306 6735 1
6735 1263 1
1594 5662 1
5662 5284 2
5284 6735 1
7306 3609 2
3609 5662 1
3528 5818 1
5818 3254 1
141 3528 1
4893 4674 1
4674 1482 1
2790 3095 1
3095 5091 1
5091 306 1
6186 6735 1
6735 3095 1
2906 700 1
3528 456 1
456 1964 1
5818 6494 1
6494 1114 1
1479 6102 1
6102 6171 1
2107 324 1
1455 5779 1
7161 3298 1
6889 4112 1
4112 324 1
324 2548 1
459 3207 1
700 6736 2
6736 4347 1
4347 5789 1
5789 2725 1
1228 1 1
2115 6775 1
6775 1191 2
2725 6389 1
6389 7158 1
3527 3634 2
3634 700 1
700 2210 1
2210 1455 1
1455 1964 1
1964 3928 1
3928 7156 2
3167 3666 1
1964 3952 1
3952 3397 1
3397 2021 1
2021 4154 1
5662 4302 2
4302 1 1
1 378 1
2021 1593 1
1593 6889 1
6889 4154 1
4302 7296 1
2744 3259 2
7306 2210 1
2210 3290 1
2906 3786 1
3527 7296 2
4098 6626 1
6626 3207 2
3207 6412 1
5228 5773 1
5773 3209 1
1964 6988 3
6988 3241 1
347 5229 1
5229 1964 1
1964 4524 1
1530 219 1
6156 1964 2
5848 1480 1
3467 1191 2
1191 7297 1
5681 2702 1
1196 1114 1
7306 6738 2
6738 960 1
960 5779 1
7161 2236 1
2236 656 1
4558 3207 1
700 3820 1
3820 2702 1
2702 3095 2
1944 303 1
6768 6656 1
3528 7158 2
7158 3665 1
3665 700 1
1964 2446 1
2702 7296 1
6494 1944 2
6738 1488 1
1488 2725 2
1228 5131 1
5848 1263 1
7156 1488 1
6209 5773 1
2107 7014 1
7014 7135 1
5938 6209 1
6209 7306 1
7306 7171 2
4893 6329 1
2702 306 2
3904 4559 1
4559 2693 1
1 3529 2
986 3290 1
3290 3999 1
3999 5779 1
5779 467 1
467 7296 1
3292 1964 2
4372 6633 1
1502 2035 3
2035 3095 1
470 2446 1
3565 656 1
1964 7317 1
7317 6656 2
3095 4165 2
4165 1417 1
1417 3081 1
3527 4801 1
4801 5779 1
5779 4409 1
4409 2358 1
7296 2702 1
2841 1528 1
1528 1964 1
2766 1 1
7017 981 1
981 2446 1
3526 1171 1
1171 2725 1
700 7014 1
7014 2982 1
280 1 1
1867 5174 1
5174 2747 1
2747 1766 1
1766 4112 1
1357 2097 1
2582 3290 1
2107 6047 1
6047 1114 1
1114 6047 1
2982 7306 1
1064 3526 2
6420 2236 1
700 4068 1
4068 538 1
1064 4374 1
4374 3285 2
6493 6263 1
5676 7170 1
2236 657 1
657 2107 1
4068 6656 1
6656 1064 1
1064 3467 1
3467 4373 1
4373 3285 1
7297 2685 1
2685 6135 1
6135 6626 1
1340 3828 1
3828 3527 1
3527 1502 2
1502 6022 1
6022 3455 1
3455 4686 1
4686 5939 1
5939 1766 1
1766 3665 1
3665 3527 2
455 6656 1
6494 5924 1
950 3527 4
3527 4352 1
4352 7306 1
7306 5631 2
5631 2390 1
2390 1964 1
401 6633 1
6405 3828 2
3828 5773 1
6684 7306 1
6633 3242 1
1575 7085 1
7085 303 1
303 3302 2
3302 6633 1
2753 1550 3
3527 6760 2
6760 2753 1
5921 6405 1
6405 451 1
451 293 1
293 1550 3
1550 7159 1
7159 2614 1
2614 5779 1
5779 4112 2
5274 1333 1
2753 603 1
303 1176 1
1176 6656 1
3527 6968 1
6968 293 4
293 1433 1
1433 2753 1
2753 1964 2
1550 2090 1
2090 1867 1
1867 6405 1
3226 3925 1
3925 7102 1
3095 3762 1
3762 981 1
1417 6962 1
6962 6656 2
6656 2606 1
2606 1403 1
1403 1176 2
1417 4112 1
4112 6962 1
3527 6342 1
6342 2386 1
2386 7296 1
2841 2525 1
2525 6506 1
6506 2525 1
2525 6626 1
3226 2148 2
2148 1 1
7156 2175 1
2175 2382 1
2382 1114 1
1964 1273 1
1273 6494 1
6494 2446 1
2446 1263 2
401 5177 1
5177 2107 1
3527 764 1
6538 1152 1
1152 6405 1
3527 219 2
1 656 1
3527 2738 1
2738 5287 1
5287 2715 1
2715 5287 1
3527 3319 1
3319 2753 1
3634 2747 1
2750 3527 1
303 2123 1
2123 5069 1
5069 6490 1
6490 603 1
700 2394 1
2394 6223 1
3527 2753 1
2753 2829 1
2829 764 1
764 1333 1
7177 6995 3
6995 4688 1
3244 3527 1
453 2107 1
7306 3059 2
2841 6388 1
1099 7306 2
6171 3528 1
2107 6916 2
6916 7297 3
324 1940 1
1940 2097 1
2358 700 1
700 1473 1
1033 1482 1
1482 3528 1
2737 1940 1
1940 1 1
1 7086 1
7086 401 1
2097 5076 1
5076 6916 1
5681 981 1
7170 3527 1
1575 6405 1
603 2725 1
2828 356 1
356 700 1
1964 6275 1
6275 6143 1
6143 6656 1
3528 2442 1
2442 1564 1
1564 2440 1
1944 7160 1
7160 4362 1
4362 3259 1
269 7296 7
7296 1026 1
1026 6736 1
3095 6961 1
6961 2532 1
2532 3808 1
1488 700 1
700 3452 1
3452 981 1
1480 193 1
2747 1 2
347 6506 2
2841 5187 1
3127 3527 1
6044 1911 1
1911 1964 2
1964 3536 1
3536 3527 1
3527 215 1
215 1126 1
3161 603 1
2107 215 1
215 2725 1
7156 5595 1
5595 5831 1
5831 3506 1
3506 3527 2
3284 233 1
1195 3095 1
5058 4332 1
6412 6405 1
4878 3254 1
981 5744 1
5744 6656 1
6656 67 1
67 6438 1
6438 5744 1
5744 1479 1
65 5744 1
5744 6405 2
293 3506 1
3527 5831 1
5831 5848 1
3207 1944 1
2532 5662 2
6412 5744 1
5744 3426 1
3426 5831 1
5831 7297 1
7297 5744 2
5744 6044 1
1403 2725 1
2829 5848 2
5848 2109 1
2109 3263 1
3263 6490 1
7296 3263 2
3263 1114 1
3263 5662 1
682 3599 1
3599 5662 1
1964 2344 1
1964 2256 1
2256 1964 1
1964 5598 1
5598 1964 1
1964 7090 1
7090 1964 1
1964 1509 1
1509 1964 1
1964 591 1
591 2745 2
2745 1114 1
2532 1482 5
7156 3492 1
3492 1026 2
1026 1 1
1 2929 1
2929 5744 2
6405 2725 1
1502 644 3
644 3527 1
3527 2929 1
5744 1114 1
1480 5744 1
5744 5662 1
1964 3086 1
3086 3254 2
4546 7173 1
2109 4471 1
4471 7099 1
7099 6909 1
6909 5779 2
4686 3742 1
3742 1 1
1964 5943 1
5779 7224 1
2441 4892 1
4892 1964 4
6171 3786 1
3786 3526 1
6405 2123 1
2123 1423 1
1423 2789 1
5848 3769 1
7156 6909 1
3840 303 1
7296 2123 1
2123 5998 1
5998 3241 2
6626 6494 1
6494 3241 1
3207 5131 1
5131 7173 2
7173 1 1
3527 1790 1
1790 7296 1
2107 223 1
223 5068 1
6452 6405 1
3189 1873 1
1873 3095 1
3095 1550 2
3467 1959 1
1959 6405 1
1403 347 1
3095 3780 1
3780 3634 1
7296 1959 1
1482 401 1
401 223 1
223 1550 1
5779 4669 1
4669 375 1
5744 2744 1
5848 4098 1
682 223 1
223 4994 1
4994 6405 1
5890 3779 1
3779 7296 1
5131 6737 1
6737 7156 1
6412 981 1
981 1893 1
1964 3290 1
2841 6438 3
6438 2693 3
2693 4386 1
4386 3226 1
293 6467 1
6467 1 1
4386 293 1
4332 2789 1
2789 5676 2
5676 6086 1
6086 347 1
347 6438 1
6438 1455 1
1455 3292 1
3292 6734 1
6734 2097 1
36 2107 1
5889 1 1
5773 6412 1
6412 4263 2
4263 6735 1
6735 108 1
108 700 1
700 7158 1
700 4686 1
4686 401 1
1357 1481 1
1481 3467 1
3467 6633 1
6223 700 1
700 1308 1
1308 6456 1
6456 1134 1
1134 6438 1
909 5103 1
5103 3808 1
7015 6405 1
3212 5103 1
5103 6223 1
6223 3348 2
3348 3873 1
3873 12 1
12 3212 1
3212 3526 2
3348 6318 1
6318 12 1
12 1259 1
5220 2725 1
2828 2841 1
3871 3207 1
5773 5848 1
1493 3259 1
3259 5217 1
5217 7065 1
7065 1191 1
1191 3405 1
3405 2115 1
2115 108 1
108 7306 1
2747 4080 1
4080 1789 1
1789 7297 1
5676 2739 1
2739 5744 1
5744 1964 1
6456 2747 1
2747 5764 1
5764 1321 1
1321 5831 1
5831 1906 1
1906 6575 1
6575 2694 1
2694 1964 1
1308 1564 1
1564 3527 1
3207 3259 2
3259 6633 2
6633 3226 4
508 1479 1
1479 4671 1
4671 2906 1
5848 1456 2
909 1482 1
4686 303 1
1422 1308 1
4387 893 1
893 1564 1
1564 2828 1
1228 2021 1
3207 501 1
7158 401 1
401 500 1
500 394 1
394 306 1
36 962 1
962 2122 1
2122 750 1
750 1 1
644 2789 1
2293 1981 1
1981 6101 1
6101 5848 1
6494 6412 1
6412 1422 1
462 2107 1
637 708 1
708 3467 1
6044 3244 1
6506 644 2
644 4525 1
3527 6735 1
3167 1 1
303 141 2
141 1114 1
1114 2725 1
2829 6405 1
5848 3928 1
3928 3528 1
981 7158 1
7158 2210 1
2210 1456 1
6754 1964 1
1964 4725 1
4725 3528 1
4347 1550 3
5547 2097 1
2730 2097 1
2730 2107 1
7297 196 1
196 1482 1
1482 324 1
324 1456 1
1456 4058 2
4058 3808 1
3528 6672 1
6672 7306 1
5005 42 1
42 1114 1
6044 7297 1
7297 6916 1
6916 3242 1
3242 3528 1
3528 4731 1
3095 657 1
657 516 1
516 6405 1
603 3527 2
356 3928 1
7156 6735 1
2097 42 1
42 4581 1
4581 3528 2
3189 4883 1
2841 60 1
60 1964 3
2456 7297 1
1340 1456 1
4058 6405 1
7158 1340 1
1340 1372 1
1372 3528 1
3095 2293 1
1403 3527 1
3095 3659 1
3659 3634 1
3528 4387 2
3095 6046 1
6046 1 1
6538 1479 2
3095 6858 1
6858 378 1
1479 6858 1
6858 6490 1
6490 4883 1
4883 1344 1
1344 6889 1
6889 3527 1
356 3254 1
3050 5076 1
5076 1 1
6506 42 1
42 1964 1
6342 4763 2
4763 4688 1
1964 6618 1
6618 6494 1
6494 1653 1
1653 5848 1
5848 3050 1
3050 1340 1
1340 7333 1
5848 1175 1
4116 5892 1
5892 2556 1
2556 5754 1
5754 1455 1
1455 1114 1
1114 3926 1
3926 3528 1
3528 4405 1
4405 4726 1
4726 1964 1
682 4611 1
4611 6456 1
4615 1175 1
1175 3254 1
5848 4688 1
7017 306 1
36 1 2
940 303 1
2829 6735 1
6735 6986 1
6986 1259 1
1259 60 1
60 1 1
3620 6626 2
6626 4206 1
6656 1318 1
5582 7306 1
5676 5281 1
5281 603 1
603 1417 2
1417 2559 1
2559 3312 1
3312 1189 1
1189 4349 1
4349 6656 1
5676 6508 1
6055 6405 1
764 293 1
2296 3526 1
7092 4833 1
4833 1259 1
6920 1114 1
7297 7087 1
7087 3095 1
3095 2646 1
2646 3095 1
4490 6412 1
6412 3380 1
3380 3290 1
3290 2097 2
2295 1195 1
1021 4099 1
4099 3082 1
3082 60 1
6650 1326 1
1326 1 1
1 3090 3
3090 6212 1
6212 6494 1
6494 381 1
381 538 1
538 61 1
61 1964 1
1191 665 1
665 2120 1
2120 178 1
178 5938 1
5938 2021 1
2021 7159 1
1981 4049 1
4049 1964 1
6494 1102 1
1102 306 1
1938 6126 1
6126 2107 1
6791 1964 1
570 6209 1
6209 401 1
401 6698 1
6698 3259 1
3259 634 1
634 4507 1
4507 1979 1
1979 60 1
60 6650 1
6650 1114 1
1114 6650 1
6650 1964 1
2295 684 2
303 5454 1
5454 684 1
2413 2622 1
2622 6901 1
6901 1920 1
1920 2841 1
2209 3528 2
3528 6209 2
6209 1964 1
3526 5706 1
7297 2338 1
2338 7017 1
7017 684 1
6186 1607 1
1607 6544 1
6544 2127 1
2127 370 1
370 3290 1
7296 1741 2
1741 4284 1
4284 3871 1
3871 1 2
1144 5993 1
5993 5662 1
4968 312 1
312 6501 2
6501 5662 2
5661 5662 1
5662 7020 1
7020 5662 1
5662 549 1
549 1964 1
1964 2297 1
2297 603 1
700 3828 1
3828 1482 1
1482 3875 1
3875 3029 1
3029 4058 1
6752 4073 1
4073 1196 1
1196 704 1
704 2440 1
2440 219 1
219 3286 1
3286 3528 1
3528 357 1
357 3808 1
3808 5004 2
5004 2841 1
452 6215 1
6215 1964 3
5004 1232 1
1232 2757 1
2757 5662 1
2841 3921 1
3921 1026 1
3528 575 1
570 4680 1
4680 6738 1
6738 7333 1
7333 306 1
3254 5984 1
5984 3095 1
455 1114 2
1263 5979 1
5979 7306 1
7306 4890 2
4890 1417 1
3528 6290 1
6290 3477 1
3477 3095 2
303 3251 1
3095 6290 1
6290 940 1
940 4898 1
1188 5516 1
5516 5779 1
5779 402 1
402 1964 1
1289 1114 1
1114 1102 1
1102 5937 1
5937 2444 1
2444 306 1
306 2358 1
2358 213 1
213 3892 1
3892 1 1
2338 6538 2
6412 5888 1
5888 269 1
269 5811 1
3526 3339 1
3339 2410 1
2410 4832 1
4832 3467 1
5723 2789 1
2789 6341 1
6341 6412 1
3115 7296 1
3526 4488 1
4488 1718 1
1718 684 1
2440 309 1
309 6026 1
553 2338 1
2338 1117 1
6259 7297 1
7297 6215 1
6215 2358 1
7156 4883 1
4883 459 1
459 6044 1
6044 5505 1
5505 4686 1
1502 6683 1
3526 731 1
2338 7019 1
6494 1259 1
1259 4232 1
4232 4488 1
4488 3177 1
3177 6544 1
6544 3928 1
3095 241 1
2097 6501 1
5848 7160 1
7160 4838 1
4838 306 1
5587 7306 1
3095 4787 1
4787 6412 1
6412 3173 1
3173 1964 1
1964 4890 1
4890 5198 1
1964 3685 1
3685 4097 1
4097 2097 1
3527 4229 1
4229 4688 1
236 3808 1
3526 5943 2
5943 5631 1
3090 68 1
68 4112 1
4112 3822 1
3822 736 1
736 5187 1
5187 3285 1
3285 306 1
1402 1018 2
7306 236 1
6752 909 1
6754 966 1
966 3526 1
3526 1183 1
1183 6506 1
2789 1187 1
1938 2817 1
5681 1550 1
2440 5779 1
5779 738 1
7113 1197 1
1197 2236 1
2817 4490 1
4490 68 1
68 7306 1
7306 6324 2
6324 1312 1
1312 7296 1
1 1263 1
5848 3735 1
306 1030 3
1030 1964 2
303 1501 1
1501 6420 1
3263 207 1
207 6760 1
2107 5520 1
5520 1964 1
3081 2001 1
2001 64 1
7156 4720 1
4763 375 1
7156 2439 1
2439 1259 1
1259 3347 1
3347 1479 1
1944 18 1
18 966 1
966 68 1
68 6656 1
3528 5095 1
5095 3532 1
3532 7015 1
1126 2559 1
2559 4832 1
4832 6412 2
6412 3398 1
3398 1964 1
6494 2413 1
2413 6585 1
6585 7139 1
7139 3290 1
2789 5251 1
5251 3467 1
1403 300 1
300 1232 1
5662 6217 1
6217 5670 1
5670 1981 1
1981 2232 1
2232 2651 1
2651 3526 1
7156 6057 1
3871 3528 1
3528 6487 2
6487 5328 1
5662 1318 1
1318 634 1
634 4189 1
2841 2338 4
303 15 1
123 2358 1
2358 1473 1
2591 1 1
1 6572 1
6572 303 1
303 1908 1
1908 7231 1
7231 1218 1
1218 2358 1
2358 4284 1
1964 509 1
509 837 1
837 684 1
981 6215 2
6215 1 2
6456 5962 1
5962 7156 1
2338 1724 1
1724 7297 1
7297 7231 1
7231 1964 1
4630 1479 1
700 909 1
6751 2236 1
700 4883 2
4883 6386 2
1018 2936 1
2936 4724 1
4724 1402 1
2338 7 1
7 2122 1
2122 634 1
634 1195 1
1195 409 1
409 1550 2
1550 7077 2
1263 1671 1
1671 2841 1
7102 700 1
4883 7306 1
7306 4883 2
2841 6384 1
6384 4759 1
4759 1981 1
7068 3290 1
700 3494 1
3494 6889 1
6889 538 2
538 2820 2
2820 306 1
303 6889 1
2820 624 1
624 3199 1
3199 7099 2
7099 4215 1
6223 6827 1
6827 7158 1
303 351 1
351 5662 1
6221 7099 1
5662 5103 1
5103 2122 1
7125 5103 1
5103 3526 1
3526 2790 1
684 630 2
630 3526 1
2841 2820 1
2820 6493 1
6493 6889 1
7306 1538 1
6420 1944 1
1944 3290 2
6494 6420 2
2562 5662 1
5662 6480 1
6480 2270 1
2270 1964 1
5662 2113 1
2113 2634 1
2634 6626 1
1318 344 1
344 1964 2
700 6748 1
6748 293 2
7296 2633 1
2633 6958 1
6958 1479 1
6683 1417 1
7156 6748 1
293 3259 1
6044 6675 1
6675 1114 1
3526 6245 2
3526 6186 1
6186 6748 1
6748 1964 2
4388 2841 1
7306 1318 1
1318 981 1
3290 1402 1
1944 2790 1
2790 3263 1
3263 4882 1
4882 2021 1
1159 3095 3
3095 2790 2
2790 6493 1
7306 1975 1
1975 603 1
684 4525 1
2906 1550 1
3528 4866 1
4866 7158 1
3095 5697 1
5697 4387 1
3095 5375 1
5375 1979 1
1979 6958 1
6958 1964 1
1979 3649 1
3649 7297 1
2758 306 1
6863 3817 1
3817 6204 1
6204 5662 1
6538 1144 1
1144 7306 1
4893 1323 1
1323 5291 1
5291 6186 1
1191 1259 1
1259 6501 1
6501 7296 1
3044 6731 1
6731 7019 1
7019 1402 1
1402 2338 1
2338 2789 1
3620 3095 1
6044 1289 1
1289 634 1
6740 2097 1
2097 1671 1
1671 1318 1
1318 400 1
400 7306 1
1287 2496 1
2496 7019 1
7019 3226 1
3095 809 2
809 2747 1
2747 5631 3
1030 2817 1
684 552 1
217 2286 1
2286 1654 1
1654 5736 1
5736 1964 3
4369 7297 1
7297 3263 1
3263 4809 1
401 1318 1
5934 6333 1
6333 2097 1
6447 1160 1
1160 3259 1
644 1417 1
3528 5677 1
5677 1964 1
1482 6089 1
6089 2358 1
1479 1480 1
1480 6490 1
6490 5306 1
6733 1858 1
1858 2702 1
1952 2358 1
3620 4626 1
4626 4058 1
6752 540 1
540 1 1
2790 6490 1
6490 5217 2
6121 1263 1
3095 893 1
893 2440 1
6412 375 1
375 684 1
684 5662 3
7296 6046 1
3375 3090 1
2290 1114 1
2107 6186 1
6186 2425 1
2425 4142 1
4142 1191 1
2338 6506 1
5662 1090 1
1090 1964 1
981 1025 1
3808 5278 5
5278 1479 1
293 1196 1
1196 303 1
6626 4688 1
1507 4823 1
4823 7135 1
7135 3689 1
1964 3602 1
3602 5475 1
5475 7296 1
7296 4953 1
4953 5955 1
5955 3259 1
3259 6689 1
6689 7297 1
1196 219 1
2789 4625 1
4625 2239 2
2239 5022 1
5022 1479 1
1479 7016 2
7016 926 1
6493 1114 1
2236 4080 1
4080 3665 1
3665 1952 1
1952 7306 2
6121 7306 1
1964 6329 2
6329 3526 2
6644 2841 1
5754 2404 2
2404 3095 1
7017 2212 1
2212 1196 1
77 2841 1
3199 1195 1
7156 2404 1
2404 4387 1
2817 1906 1
1906 2917 1
2917 2693 2
2693 4688 1
2097 3116 2
3116 1417 1
3528 7135 1
7135 6412 1
2107 5948 1
5948 6656 1
1 3116 4
3116 450 1
6768 3528 1
1502 6888 2
6888 4626 1
506 2097 1
5048 3116 1
6851 6969 1
6969 7297 1
6735 5662 1
5948 700 1
5848 1232 2
1232 1318 1
1318 1964 5
2244 5848 1
5848 7107 1
7107 1114 1
3612 455 1
3809 4140 1
4140 2338 1
2338 3467 1
6171 455 1
3116 6768 1
6768 1952 1
455 1844 1
1844 455 1
3528 4681 1
5892 6506 1
1 4332 1
3528 4126 1
4126 5304 1
5304 2747 1
2747 6999 1
7016 6661 1
6661 4387 1
3095 493 1
493 219 1
6494 35 1
35 7306 1
7156 1114 2
1403 1813 1
981 624 1
624 3290 1
3528 451 1
5681 5475 1
5475 1964 1
6412 3082 1
3082 2146 1
2146 7088 1
7088 1979 1
1550 7078 1
7078 1 1
1 3050 1
3050 6741 1
6741 3244 1
3244 3226 1
3526 1575 1
1575 1 1
637 5476 1
5476 1114 1
1114 5476 1
5476 1964 1
2295 6412 1
6412 5230 1
5230 7156 1
3528 1817 1
1817 2338 1
2338 5470 1
4619 1 1
4686 4882 1
4882 6215 3
6215 5470 1
4619 1964 1
6736 682 1
682 2413 1
5676 4804 1
4804 206 1
206 6683 1
6683 293 2
7156 4882 1
6215 981 1
3090 630 1
630 1 1
1944 2338 1
5662 1933 1
1933 4416 1
4416 2841 1
6186 6086 1
2906 1207 1
1207 7306 1
3081 303 2
303 5473 1
5005 7222 1
7222 1964 1
5005 34 1
34 6753 1
6753 1964 1
2737 6851 1
6851 5470 1
5470 2107 2
2107 1318 1
1318 1869 1
1869 1 1
1 2500 1
123 15 1
15 3616 1
7306 5666 1
5666 2633 1
6209 6633 1
4856 630 1
630 7160 1
7160 6656 1
6633 3102 1
3102 4488 1
4488 4779 1
4779 7156 1
6966 6736 1
3808 6633 1
6633 3197 1
3197 630 1
630 1550 1
6412 2291 1
2291 7306 1
3095 972 1
972 1844 1
1844 303 1
5285 7156 1
7306 2942 2
2942 3609 1
4408 1318 1
1318 6026 1
6026 7160 1
5848 4143 1
3081 1479 1
293 700 5
700 2500 1
123 303 1
5662 5676 7
5676 3079 6
3079 3259 1
2338 4824 1
4824 3526 2
3526 5159 1
1480 6221 1
6221 1402 1
236 3302 1
3302 2358 1
7084 4051 1
4051 3528 1
5662 15 1
15 4352 1
4352 1402 1
1402 5631 1
15 6787 1
6787 2107 1
269 303 2
5278 3528 1
3528 4191 1
4191 3162 1
4686 3719 1
3719 306 2
981 7264 1
7264 1 1
2295 15 1
5848 1074 1
450 324 1
324 7096 1
7096 1964 1
5662 7096 1
7096 324 1
324 236 2
4615 3528 1
3528 4925 1
4925 279 1
4013 2338 1
6838 1550 1
6246 5875 1
5875 989 1
2851 4353 1
4353 1099 1
1964 3077 1
3077 7160 1
7160 4686 1
4686 4013 1
4013 1141 1
1141 940 1
459 5505 1
5505 3259 1
644 450 1
450 4013 1
6223 4051 1
4051 4626 1
7296 15 1
15 4143 1
3263 6215 3
981 5116 1
236 2982 1
2982 3480 1
3480 6287 1
1964 4291 1
4291 5754 1
5754 6916 1
6916 6215 1
6215 7160 1
6412 2982 1
2982 6506 1
3526 4732 2
4732 15 1
15 459 1
4546 1371 1
1981 2166 3
2166 3894 1
3894 6221 1
6221 4056 1
4056 5327 1
5327 6006 1
6006 4056 1
4056 4686 2
4686 1766 1
1766 7296 1
7296 6215 1
3565 4056 1
603 4056 1
4056 3634 3
3634 909 1
909 6752 1
6752 1 1
603 3303 1
3303 1766 1
1766 1964 1
682 459 1
7156 4056 2
4056 2982 2
2982 1403 1
1403 4732 1
4732 2338 1
940 4552 1
7156 15 1
15 3528 1
3528 4222 1
4222 1964 1
303 5504 1
5504 1964 1
1964 1425 1
1425 1 1
603 4732 1
4732 7296 1
7296 1232 1
1232 1964 1
682 108 1
108 6597 1
6597 5374 1
4051 7297 1
4056 306 1
306 6343 1
6343 6412 1
6412 2160 1
2160 1126 1
1964 4732 1
4732 2924 1
2924 3161 1
3161 1 1
3634 6626 1
6626 3263 1
6215 5848 1
5848 4371 1
7306 3416 2
3416 4350 1
4350 2747 1
2747 4732 1
4732 3244 1
5374 2413 1
2747 236 2
640 3964 1
3964 2747 1
2747 4056 2
4056 700 1
4732 1 1
3095 2747 1
2747 3094 1
3094 981 1
981 15 1
15 603 1
6405 1628 1
1628 6656 1
1480 4056 1
3634 6754 1
6754 303 1
2600 4581 1
3526 7117 1
7117 6288 1
6288 2817 1
6493 2789 1
293 6183 1
6183 4732 1
4732 2501 1
6215 1479 1
3526 488 1
488 4773 1
5631 700 1
4051 1964 1
4056 429 1
429 4350 1
4350 2841 1
3528 4050 1
4050 3467 1
5631 15 1
15 4636 1
7296 4763 1
1479 3207 1
3207 6490 2
6490 6349 1
6349 219 1
4589 2104 1
2104 7333 1
7333 1417 1
2841 379 1
379 5234 1
5234 1 1
3565 5702 1
5702 3259 1
5955 3467 2
3467 6740 1
6740 1312 1
1312 7297 1
3095 6751 1
3526 2189 1
2189 989 1
6221 3592 1
3592 1964 1
3095 4354 2
4354 5769 1
5769 6414 1
6414 1964 1
4354 5848 1
6412 5023 1
5023 3095 1
986 7156 1
6754 3904 1
3904 7260 1
7260 2841 1
6022 4051 1
4051 4112 1
4112 3044 1
3044 3530 1
3530 4552 1
7156 6754 1
6754 7016 1
7016 4338 1
4338 2107 1
6538 7117 1
7117 4013 1
4013 4112 1
4112 279 1
279 630 1
630 1964 2
6538 6688 2
6688 7156 2
5779 3081 1
3081 373 1
373 2046 1
2046 6626 1
6626 4882 1
6215 4824 1
989 3467 2
2821 3207 1
6626 2239 1
2239 2440 1
2440 4524 1
4524 3395 1
3395 2747 1
236 6490 1
1480 4410 1
4410 4058 1
6752 1114 1
3467 7296 3
5662 7280 1
7280 6460 1
6460 4524 1
4524 2817 1
3303 6626 1
6626 6493 1
6493 6211 2
6211 3387 1
5848 2532 1
7297 1232 1
1232 2122 1
303 6431 2
6431 2841 1
1085 3290 1
2338 2906 1
1527 7159 1
7159 4878 1
6412 7323 1
7323 769 1
769 7156 1
3527 682 1
682 6698 1
6698 293 1
3290 3692 1
6431 3526 1
1126 4121 1
4121 1114 1
3095 4121 1
2286 6223 1
6223 6488 1
6488 684 1
1964 4212 1
4212 609 1
950 5993 1
3526 1781 1
1781 4758 1
4758 7156 1
6495 6816 1
6816 1964 1
1417 4581 1
4581 4140 1
4140 1126 1
1126 6599 1
6599 3207 1
4332 3526 1
5568 1207 1
1207 4387 1
450 401 1
401 2006 1
2006 1 1
684 6858 1
3081 2628 1
2628 5519 1
5519 6627 1
6627 3528 1
6733 6405 2
2021 2035 1
2035 3526 1
3526 5053 1
5053 5831 1
5831 2764 1
2764 1 1
4686 1857 1
1857 1964 1
981 970 1
970 577 1
577 2296 1
2296 6601 1
6601 1114 1
1085 2622 1
2622 6515 1
6515 5840 1
5840 6278 1
6278 603 1
3095 4865 1
4865 2107 1
5921 6490 1
1715 3290 1
6456 5848 1
1 3207 1
7306 3228 1
6412 146 1
146 2881 1
2881 2107 1
6216 7031 1
7031 3263 1
6215 1526 1
1526 4143 1
2097 7282 1
7282 6461 1
6461 5662 1
5662 5002 1
5002 950 1
3526 1808 1
1808 2107 1
269 2841 1
4385 2338 1
700 5966 1
6412 1938 3
1938 2841 1
1085 6656 2
6752 3528 1
3303 3652 1
3652 2817 1
1938 3095 2
455 3701 1
3701 981 1
1232 1 1
455 700 2
700 6656 2
1085 3225 1
3225 2622 1
2622 3828 1
3828 1964 1
1964 65 1
3526 4626 1
4626 3999 1
3999 6203 1
6203 1 1
6656 1964 2
1964 6483 1
6483 2669 1
3828 65 1
65 6656 1
3526 3084 1
3084 684 1
2841 2219 1
279 5848 1
1938 455 1
455 3303 1
3303 3565 1
3565 3651 1
3651 306 1
994 3207 1
455 2817 2
1715 3241 1
3241 1938 2
1938 3290 1
6736 3612 1
3612 3095 1
744 1964 1
6223 2403 1
2403 1114 1
684 2790 1
2790 684 1
3467 7181 1
7181 306 1
3528 6882 1
6882 3528 1
3528 5070 1
5070 2841 1
2841 7216 2
7216 684 1
6626 1604 1
1604 5383 1
5383 1964 1
6412 4275 1
4275 7255 1
3259 15 2
15 649 1
981 1232 1
1232 1141 1
5848 5938 1
5938 4350 1
4350 1480 1
1482 882 1
882 4386 1
4386 826 1
826 6445 1
6445 1964 2
4636 7296 1
401 4547 1
4547 684 1
684 1688 1
1688 6831 1
6831 1964 1
303 6588 1
5234 3259 1
15 1964 1
1318 3616 1
3616 3528 1
3528 4194 1
4194 1208 1
1208 7297 1
7297 7139 1
7139 1964 1
1964 2634 1
2634 3528 2
5773 1688 1
684 1 1
2934 3241 2
1938 6490 1
6490 2541 1
2541 401 1
7181 3290 1
1964 3979 1
3979 1502 1
1 6733 1
541 5676 1
4546 3528 1
3528 6344 1
6344 2817 2
1964 4138 1
4138 1550 1
5779 5198 1
2209 1 2
1550 4482 1
4482 3634 1
1018 506 1
1018 6494 1
6494 1550 1
2817 6690 1
6690 4688 1
7156 7255 1
2817 4274 1
4274 4617 1
4617 1 1
1 634 1
1482 3162 1
3162 401 1
401 1180 3
1180 7077 1
2817 5167 2
2717 3090 1
7306 4348 1
4348 7156 1
7156 6843 1
6843 2829 1
2829 1981 1
1018 4688 1
6456 6245 1
6506 4211 1
4211 3527 1
3527 1938 1
1938 3527 1
3527 702 2
702 293 1
6132 7306 2
1964 6782 1
6782 293 1
293 3090 2
2790 2817 1
401 6501 1
6501 107 1
107 4112 3
1249 2355 1
2355 3099 1
3099 344 1
344 4672 1
4672 3079 1
3079 2704 1
2704 1964 1
1964 4122 1
4122 2754 1
2543 1887 1
1887 3634 1
1 2777 1
2777 1482 1
1482 5238 1
5238 4251 1
4251 4112 1
2247 6412 1
6412 6276 1
6276 99 1
99 5662 1
294 1964 1
2107 3484 1
3484 684 1
684 764 1
4303 501 1
7158 2602 1
7297 4678 1
4678 5662 1
5662 6259 1
437 501 1
501 2829 1
2829 2358 1
2358 4234 1
4234 293 1
7306 6132 1
6132 1964 1
1964 3585 2
3585 293 1
306 5567 1
5567 2719 1
2719 6456 1
6456 3467 1
3467 6431 1
6431 2789 1
2789 6132 1
3634 5977 1
5977 1 1
1479 1938 1
7017 7156 1
7156 6493 3
6494 4731 1
4731 1417 1
2789 6208 1
684 6449 1
6449 1964 1
1964 6449 1
6449 5681 1
4336 303 1
634 6779 1
6779 1114 1
7297 1908 1
1908 1218 1
1218 6958 1
6958 1206 1
1206 7306 1
6412 988 1
988 4580 1
4580 6779 1
6779 3526 1
3526 6432 1
6432 7306 2
5779 559 1
559 1263 1
6538 5404 1
5404 7306 1
7306 7158 3
3095 3757 1
3757 4991 1
4991 107 1
107 98 1
98 1268 1
1263 2693 2
2693 6501 1
6501 579 1
579 2841 1
2209 1964 1
1964 1847 2
1847 3526 1
2107 2872 1
2872 1 1
2236 1268 2
1263 2741 1
2741 6490 1
6490 3494 1
7156 2577 1
2577 6656 1
7102 6563 1
6563 1 1
603 6941 1
6941 3244 1
4332 1858 1
4932 2309 1
2309 4832 1
4832 662 1
662 2754 2
2754 1 1
1550 6941 1
6941 4625 1
306 185 1
185 1340 1
3634 2209 1
3528 2309 1
2309 1964 3
1964 2309 4
2309 5662 1
5662 3621 1
3621 1 1
1 6447 1
634 6223 1
6223 6274 1
2107 6451 1
6451 4454 1
1964 404 1
404 291 1
291 684 1
684 5838 1
1964 5838 1
5838 1 1
1 2754 1
2754 5715 1
5715 684 1
684 7086 1
1964 7086 1
1964 1078 1
1078 1070 1
1070 4112 1
4112 3528 1
1126 508 1
684 6688 1
6688 1191 1
2754 459 1
5566 684 1
684 2102 1
2102 2548 1
2548 306 1
7297 219 1
219 6501 1
6501 2102 1
2102 2577 1
2577 1920 1
1920 2358 1
2358 2526 1
2526 2185 1
2185 1981 1
1981 2741 1
2741 1 2
5923 5793 1
5793 684 1
684 1590 1
6639 1964 1
3565 3254 1
459 2942 1
2942 3528 1
861 1064 1
6223 3654 1
3654 2435 1
6405 6497 1
6497 3828 1
3828 2981 1
2981 7158 1
7158 5152 1
2841 1064 1
1064 3290 1
3290 3166 1
3166 1191 1
6452 1114 1
6412 1119 1
1119 5131 1
5131 6275 1
6275 6208 1
6208 6958 1
6958 6738 1
6738 214 1
214 6649 1
6649 1964 1
1964 1458 1
1458 7306 1
7306 6341 1
6341 2841 1
5723 3526 1
3526 1074 1
1074 6092 1
6092 453 1
453 1910 1
1910 5332 1
5332 344 1
344 2754 1
2754 1703 1
1703 684 1
684 7328 1
7328 5723 1
2400 1474 1
1474 603 1
3526 2702 1
1085 6958 1
6958 1591 1
1591 500 1
401 810 1
810 2747 2
1964 5837 1
5837 5531 1
5531 609 1
609 7158 1
7158 429 1
2841 1952 2
6736 2107 5
3526 6733 1
1357 7296 1
3226 1435 1
2578 2419 1
5222 1479 1
6357 1110 1
1110 2791 1
2791 1472 1
1472 662 1
2754 7255 1
7255 1307 1
1307 5749 1
5749 404 1
1964 5421 1
5421 1070 1
1070 2789 1
303 6676 1
6676 7156 1
7306 2526 1
2526 5945 1
5945 989 2
989 1265 1
1265 7306 2
1018 455 1
455 2841 2
6781 3244 1
3207 2002 1
2002 1066 1
1066 6405 1
6223 3437 1
3437 4007 1
4007 1 1
1 5198 1
5198 2526 1
2526 518 1
518 4112 1
4112 948 1
948 6781 1
6781 1 1
2107 6223 2
6223 4214 1
4214 2097 1
1340 968 1
6259 950 1
6177 3226 1
3449 1340 1
1340 401 1
401 6651 1
6651 7306 1
1126 5495 1
5495 1263 1
6223 1088 1
1088 5676 1
5676 1126 1
4729 3259 1
5681 2719 2
7306 107 1
107 2717 1
2717 5287 1
1964 661 1
661 3449 1
3449 306 1
3501 2829 1
1964 5811 1
2107 1560 1
1560 7171 1
3095 834 1
834 1964 1
1502 5793 1
5173 3620 1
6452 1964 1
3242 3254 4
6683 3527 1
1964 6962 1
303 2446 2
1176 2107 1
3818 1550 1
6412 5490 1
5490 3634 1
303 4332 1
4332 1964 2
3302 3971 1
3971 2841 1
2051 3161 1
926 4366 1
4366 2562 1
6506 2754 1
2754 4388 1
3467 2563 1
2563 3095 1
1723 7306 2
7306 5194 1
5194 306 2
1964 3770 1
3494 7098 1
7098 2242 1
2242 4859 1
4859 389 1
389 3627 1
3627 303 1
3095 186 1
186 2841 1
5676 5814 1
5547 3259 2
2942 4969 1
4093 6490 1
6490 6405 1
6405 707 1
5835 7156 1
303 7018 2
7018 2108 2
2108 541 2
541 2531 1
1964 3669 1
3669 3259 1
3259 926 1
926 6736 1
6626 2505 1
2505 7306 1
7306 3976 1
3976 3829 1
981 5892 2
1233 3660 1
3660 4093 5
4093 5915 1
6633 1026 4
1026 2817 1
3528 1983 1
1983 1233 1
1233 702 1
702 1981 1
1964 5484 1
5631 4448 1
7306 3356 1
3356 6405 1
3526 3378 1
3378 1844 1
1844 6656 2
7306 1435 1
5254 2107 1
2754 7306 1
7306 4588 1
4588 1964 1
1964 5709 1
6044 1575 2
1575 7156 1
1233 2008 1
2008 306 1
3467 2548 2
2542 1964 1
1964 215 1
215 43 1
1964 6883 1
6274 3259 1
3259 1233 1
1233 783 1
783 7306 1
6026 3355 1
1964 177 1
177 7306 1
3095 5789 1
5789 1233 1
1233 3609 1
3609 7296 1
2841 1594 2
1594 3609 1
1594 5892 1
5892 3660 2
1964 3729 1
3729 3634 1
131 7113 1
5793 2817 1
6740 5880 1
303 3818 1
3818 3565 1
3829 5750 1
5750 4101 1
3467 4643 1
4643 7230 1
5547 6405 2
7157 3244 2
1371 7306 1
1126 4583 1
4583 1964 1
3163 3829 1
3829 5284 1
1964 4716 1
4716 5254 1
5254 3302 1
3302 5254 1
5254 3240 1
6506 6296 1
6296 306 1
2107 5966 1
5966 7015 1
7015 1940 1
1940 7306 1
7306 1902 1
1902 1832 1
1832 1448 2
1448 4958 1
1501 6405 1
1480 661 1
661 2896 1
520 2754 1
2754 968 1
968 566 1
566 3528 2
4101 2950 1
2950 2841 1
397 6405 1
7156 225 1
225 6574 1
6574 7296 1
7306 4134 1
4134 5198 1
1964 1467 1
1467 6720 1
6720 7158 1
1769 2107 1
3528 6301 1
6301 2841 1
4093 2338 1
2338 262 1
7306 6893 1
6893 1550 1
7225 1964 4
981 7016 1
7016 6733 1
2817 7270 1
7270 6633 1
6633 7294 2
7294 2290 1
2290 3090 1
3090 6633 1
6633 2909 1
2909 7156 1
364 2817 1
7016 5220 1
5220 324 1
364 1527 1
1527 6493 1
6493 981 1
6633 421 1
421 306 1
306 92 1
92 1 1
6490 1435 1
1435 1981 1
6633 872 1
872 7135 1
303 324 1
364 7297 1
7297 7156 1
1206 303 1
3808 5662 1
7306 2496 1
2496 684 1
603 6412 2
1502 6371 1
6371 4510 1
4510 306 2
5131 1488 1
1488 455 1
2633 4558 1
6412 3935 1
3935 1 1
684 4676 1
4676 989 2
989 6683 1
6683 1952 1
1952 3828 1
3828 262 1
3526 810 1
1964 7209 2
7209 107 1
107 5889 1
5889 3095 1
6633 4148 1
4148 1964 1
3608 2624 1
2624 6495 1
6495 5773 1
1502 1308 1
1308 7157 1
7306 4148 1
4148 2236 1
2744 6733 1
3614 684 1
684 107 1
107 4387 1
6683 7098 1
4093 356 1
5892 3782 1
3782 3095 1
7306 1294 1
4148 1 2
1482 5848 1
940 2862 1
2862 6740 1
6683 603 1
603 6171 1
1233 4763 1
981 2021 1
3526 1724 4
1502 630 1
630 219 1
3565 676 1
676 7306 1
4554 6882 1
5848 5220 1
5220 2634 1
2634 6221 1
1 875 1
875 5676 1
5676 4303 1
4303 7156 1
2532 5779 1
5779 357 1
357 6168 1
6168 5306 1
5306 3302 1
3164 2236 1
2236 819 1
819 2841 1
5750 7306 1
4945 6493 1
6493 2338 1
2338 810 1
810 7306 1
7306 3828 1
3828 3081 1
3081 5626 1
5626 1964 1
1964 1018 1
3526 1536 2
1536 3259 1
293 7014 1
7014 5779 1
5921 3749 1
3749 347 1
347 321 1
321 1964 1
2906 5626 1
5626 219 1
401 700 1
3079 3254 1
3254 6500 1
6500 3095 1
5773 603 4
603 5306 1
5306 7156 1
5505 1964 1
1964 855 1
855 1287 1
1287 2439 1
2439 5662 1
324 5841 1
5841 6278 1
6278 7296 1
764 2559 1
2559 5200 1
5200 1910 1
1910 603 1
5681 7253 1
7253 2817 1
6132 1 1
3095 3527 1
3527 2817 4
2817 1758 1
1758 293 1
293 4387 1
4892 293 1
293 68 1
68 35 1
6643 7296 1
6736 2864 1
2864 1 1
2002 324 1
324 6278 1
6278 3528 1
3528 4670 1
4670 2841 1
6420 1952 1
1952 3493 1
3493 2817 1
2817 6844 1
6844 309 1
309 347 1
7297 3447 1
3447 1422 1
1422 3095 1
262 684 1
1064 968 1
1952 4893 1
2817 5782 1
5782 6135 1
6135 306 2
306 905 1
905 3606 1
3606 5179 1
5179 5662 1
5662 5639 1
5639 2737 1
2737 5180 1
5180 7102 1
700 6563 1
6563 3528 1
3528 2766 1
2766 5662 1
2719 1645 1
1645 4686 1
981 1287 1
1287 5466 1
5466 970 1
970 1 1
6768 7306 1
1964 6368 1
6368 401 1
401 1114 1
1964 3033 1
3033 2817 1
1482 7113 1
7113 4460 1
4460 2338 1
981 7293 1
7293 3007 1
3007 4112 1
2683 7306 2
3526 6544 1
6544 6405 1
1502 2998 1
2998 7296 1
1417 2338 1
2338 3365 1
3365 1964 1
4631 324 1
5730 700 1
7296 2963 1
2963 940 1
5287 2737 1
2737 1527 1
1527 3290 1
3290 2267 1
2267 2841 1
4386 4371 1
4371 1964 1
700 6171 1
6171 2841 1
700 2963 1
2963 6044 1
6044 1592 1
1592 981 1
2338 3808 1
3808 7316 1
7316 1 1
1 620 2
6082 5676 1
1187 940 1
940 6186 1
6186 401 1
401 3824 1
3824 1964 1
1114 261 1
261 6633 1
6633 7107 1
7107 2763 1
2763 1550 1
1550 1422 1
1422 7156 2
7306 6357 2
4671 7306 1
2440 6173 1
1064 1114 1
1114 6315 1
6315 7333 1
1502 5676 1
6173 7296 1
7296 2570 2
2570 1964 1
940 2857 1
6538 2403 1
2403 5631 1
5181 5220 1
5220 2747 1
2747 1017 1
1017 240 1
240 5754 1
3385 940 1
6506 6054 1
6054 6006 1
6006 7156 1
700 6173 2
1196 7016 1
7016 4686 2
4686 6779 1
6779 3634 1
378 3684 1
3684 1196 1
684 5779 1
5779 4194 1
2720 940 1
940 3651 1
3651 7306 2
3467 577 3
577 7134 1
174 1479 1
6173 6618 1
6618 1196 1
684 5754 2
5938 450 1
450 3385 1
3385 64 1
6633 6221 1
6221 1543 1
1543 3254 1
3095 5203 1
5203 5676 1
700 373 1
373 3651 1
577 6506 1
3095 136 1
136 1 1
303 2532 1
2821 4337 1
4337 1194 1
6173 3528 1
1323 3095 2
3095 3652 2
3652 4686 1
1483 1479 1
65 1126 1
303 347 2
7296 644 1
3095 6506 2
6506 2821 1
2821 303 2
1964 4337 1
4337 4510 1
2693 940 1
940 6506 1
240 1964 1
4763 3095 3
6022 3528 1
450 7156 1
7306 3540 1
3540 7296 1
2570 700 1
700 5676 2
5676 3528 2
3528 6768 2
6768 1964 1
1333 6054 1
7156 6768 1
6768 1 2
6490 2338 1
3081 1649 1
1649 1 1
4686 7113 1
7113 5835 1
5835 5169 1
5169 1287 1
1287 6054 1
6054 7306 1
5278 7296 1
2614 1 1
940 810 1
810 3526 2
700 3565 1
3565 436 1
436 3728 1
3728 7306 1
5547 6882 1
6882 700 1
5921 5831 1
1964 6993 1
6993 2107 1
2107 2731 1
2731 5681 1
700 4336 1
4336 4626 1
4626 6412 1
6412 4136 1
4136 5198 1
5198 6273 1
6273 2124 1
2124 6405 1
1964 3274 1
3274 684 1
684 1607 1
1607 3904 1
1482 373 1
373 3526 2
2107 3671 1
3671 5595 1
6307 700 1
700 6245 1
2107 637 1
1191 422 1
422 2841 1
2841 3206 1
3206 3116 1
293 5936 1
5936 5848 1
5848 1827 1
1827 293 1
5779 5983 1
5983 2906 1
1422 7158 1
7158 4140 1
4140 6412 1
962 7125 1
7125 700 1
450 6457 1
7306 4546 3
4546 1259 1
6405 6197 1
6197 4539 1
4539 4571 1
1223 700 1
700 7016 1
7016 4897 1
4897 1964 1
6538 1194 1
1194 7156 1
7306 824 1
824 1550 1
1550 1535 1
1535 1114 1
1964 2624 3
684 5383 1
5383 2338 1
5848 5583 1
5583 994 1
994 684 1
1482 5053 1
5053 680 1
680 1114 1
7296 517 5
5676 5848 2
2906 4571 1
1223 2766 1
219 5966 1
5966 3254 1
6456 455 1
7296 1267 1
1267 3528 1
1196 4490 1
1114 5719 1
5719 6538 1
684 3895 1
3895 1569 1
1569 2413 1
2413 1335 1
1335 2021 1
1144 6299 1
6299 6135 2
219 5005 1
6412 1223 1
1223 4388 1
4388 303 1
303 4523 1
4523 2338 1
2338 4564 1
1964 4918 1
4918 2097 1
288 6872 1
6872 5280 1
6494 451 1
1550 287 1
7113 2110 1
2110 4495 1
4495 3528 1
303 1668 1
1668 1402 1
7102 219 2
219 4060 1
4060 6447 1
6447 2603 1
2603 3387 1
3387 1402 1
1 2988 1
2988 2723 1
2723 1870 1
1870 3358 1
3358 3303 1
3528 1910 1
1910 2955 1
2955 306 1
306 6506 1
2338 7018 1
1964 2955 1
2955 1 1
644 3226 1
3095 1576 1
1576 1964 1
7306 6447 1
6447 7014 1
7014 3634 1
7306 3829 2
3829 1435 1
1435 6506 1
6506 5774 1
5774 2614 1
392 5676 1
5779 4626 1
3528 1870 1
1870 2817 1
1233 2888 1
2888 651 1
651 1964 1
5470 2737 1
2737 1195 1
1195 4308 2
4308 2817 1
2817 233 2
233 3614 1
3614 306 1
684 4101 1
4101 1114 1
1114 4101 1
5547 6456 1
303 3829 1
3829 7301 2
7301 306 1
306 6458 1
6458 2215 1
2215 1964 1
1340 2817 1
6223 4556 1
4556 2876 1
2876 1203 1
1203 3383 1
3383 2059 1
2059 2787 1
2787 5937 1
5937 1257 1
1257 5787 1
5787 222 1
222 7306 1
3526 5506 2
5506 1964 1
2517 3634 1
3634 3898 1
3898 2104 1
2104 2794 1
2794 1964 1
1964 6709 1
6709 3090 1
1543 5568 1
3528 3219 1
4932 3507 1
3507 3867 1
3867 306 1
3079 3528 1
3528 5174 1
2511 3050 1
6565 3259 1
3259 824 1
824 6412 1
6412 1079 1
1079 7156 1
1126 3829 1
3829 797 1
797 4112 1
4112 6968 1
6968 6493 1
3528 5568 1
5568 3690 1
3690 306 1
1018 7237 1
7237 6422 1
6422 1 1
5676 6423 1
6423 3095 1
7014 2187 1
2187 1964 1
3528 765 1
765 3904 1
3904 2263 1
2263 401 1
401 5210 1
5210 2857 1
1964 807 1
807 566 1
566 1981 3
4579 3401 1
3401 3011 1
3011 3568 1
3568 2057 1
2057 6506 1
3130 5324 1
5324 5961 1
5961 3095 1
744 5395 1
5395 3528 1
684 2324 1
2324 1964 1
356 6666 1
6666 1981 1
1018 5014 1
5014 3528 1
1964 5105 1
5105 1964 1
1964 513 1
1964 632 1
632 1964 1
1964 899 1
899 401 1
401 4544 1
4544 6506 1
3528 7160 1
7160 1910 1
353 6405 1
2295 3528 1
3528 5059 1
5059 1382 1
4093 684 1
1417 1114 2
1114 1417 2
1964 1402 3
1402 4742 1
5328 6412 1
303 6992 1
1964 1931 1
1931 1 1
3528 344 1
344 670 1
670 6223 1
6223 6041 1
6041 3302 1
3302 7105 1
7105 306 1
7183 4681 1
4681 3634 1
3634 3879 1
3879 684 1
684 7264 1
7264 1964 1
7077 4112 1
4112 1144 1
1144 4112 1
4112 6575 1
6575 6200 1
6200 2817 1
1233 1557 1
1557 2817 1
4575 1417 1
1417 2862 1
2862 1837 1
2130 3263 1
3263 7127 1
7127 1482 1
7152 4811 1
4811 2817 1
1323 2573 1
2573 5779 1
5779 989 2
2295 5568 2
7016 3370 1
3370 7095 1
7095 1340 1
2021 2476 1
2789 6022 1
1187 6915 1
6915 1196 1
1233 1910 1
1910 6291 1
6291 1964 1
1964 6697 1
6697 6405 1
2817 2097 1
1191 3241 1
3241 2174 1
2174 2029 1
2029 3095 1
6506 672 1
672 7018 1
541 6490 1
3528 6733 2
6733 261 1
261 3528 1
5217 3528 1
3467 3608 1
3608 603 2
2129 5418 1
5418 6889 1
6889 2817 5
2693 1144 1
3229 3467 1
3467 1866 1
1866 1019 1
1019 4112 1
4112 5060 1
5060 3835 1
3835 1964 1
3735 3829 1
2817 356 2
356 5831 1
1964 3276 1
4390 4387 1
3095 4131 1
3095 6167 1
6167 1310 1
1310 6386 1
6386 5953 1
5953 3050 1
3050 2337 1
3207 3101 1
3101 1340 1
1340 3455 1
3455 6022 1
6022 1417 1
378 6386 1
1233 4520 1
4520 2107 1
2107 1896 1
1896 5662 1
6447 1964 2
3608 1 2
4438 4112 1
6494 2906 1
2906 3737 1
3737 306 1
3620 3829 1
634 1927 1
1927 1964 1
1964 5343 1
5343 1964 1
570 303 1
1433 2817 1
684 1367 1
1367 3240 1
3240 2817 1
3526 6698 1
6698 3526 1
3526 4877 1
4877 2097 1
2097 2102 1
2102 5228 1
5228 455 1
455 7160 1
3528 1840 1
1840 7296 1
2107 4060 3
4060 1141 3
1141 3036 1
3036 1964 1
1964 4438 1
4438 1 1
4890 3808 1
3378 1417 1
1417 2942 1
2942 7018 1
7018 2109 1
2109 3951 1
3951 1 1
5959 7156 1
684 4540 1
4540 3953 1
3953 2817 1
940 3735 1
6420 5408 1
5408 2338 1
306 1638 1
1638 2286 1
2286 5440 1
5440 343 1
343 5249 1
5249 2111 1
2111 2565 1
2565 1388 1
3526 1551 1
1551 5280 1
5280 3526 2
3526 5626 1
5626 3528 1
1964 1068 1
1068 1 1
5676 2841 2
3264 1477 1
1477 1207 1
1207 1964 1
3254 5662 3
3528 4239 2
4239 3095 1
2789 940 1
940 821 1
821 3526 1
7296 6221 1
1422 2338 1
1321 3095 1
3528 6353 1
6353 4540 1
4540 7306 1
1964 6776 1
6776 4946 1
4946 107 1
5547 1114 1
6506 5254 1
5254 1807 1
1807 603 1
1417 5957 1
5957 6456 1
3565 6683 1
6683 1265 1
401 1786 1
1786 1844 1
1844 3634 1
5284 3264 1
3264 4206 1
3095 7174 1
7174 1964 1
2403 1233 1
4615 3259 1
3095 3682 1
3682 1964 1
7183 3244 1
1233 5095 1
5095 7306 1
5287 2400 1
6572 96 1
2517 6618 1
6386 1896 1
1896 59 1
59 3241 1
3241 3650 2
3650 5095 1
5095 6211 1
1233 6493 2
1964 1769 2
1769 3240 1
5924 6506 2
1502 6456 1
6456 1187 2
1 2876 1
2876 7306 2
7306 2124 1
2124 2634 1
3526 3144 1
3144 3116 1
3116 3463 1
3463 6415 1
6415 1964 1
1964 6415 1
6415 1 1
981 453 1
926 6169 1
6169 2841 1
2841 4072 2
4072 5669 1
5669 6923 1
6923 3764 1
3764 303 1
1144 7296 1
7296 97 3
6740 4385 1
4385 1 1
2051 1964 1
3526 3008 1
3008 306 1
2517 7077 1
6506 2400 1
2400 3526 1
1981 7306 1
1433 890 1
890 356 1
1156 603 1
6420 233 1
233 764 1
981 2634 1
2634 6633 1
219 3219 2
233 5287 1
6661 3694 1
2000 5662 1
5662 7301 1
7301 7296 1
3526 6350 1
6350 1482 1
3095 7015 1
7015 1550 1
347 4435 1
4435 1154 1
1357 2934 1
293 6494 1
6494 2789 2
2892 1479 1
293 303 2
303 6220 1
6220 347 1
3904 3526 1
6683 1 1
4385 3467 1
3467 6211 1
6211 4882 1
4882 6506 1
5048 5754 1
5754 1339 2
1339 1550 1
1550 6097 1
6097 1335 4
1335 4688 1
2906 6734 1
1 1501 1
2789 4332 2
6506 3207 1
4280 5217 1
5217 293 1
1964 5802 1
5802 985 8
985 4893 2
4893 1501 1
1501 1964 1
6494 3426 1
3426 981 1
1339 219 1
6245 5287 1
5048 6405 1
6405 1459 1
1459 2789 1
2789 1192 1
1192 3095 1
6044 7152 1
7152 3290 1
3095 7152 1
7152 3095 1
295 7306 1
5676 455 2
455 3414 1
3414 6420 1
6420 5005 1
684 2982 1
2982 6543 1
6543 6347 1
6347 7014 1
7014 682 2
682 4609 1
4609 1 1
1 107 1
107 3526 1
3526 2011 1
2011 3263 2
3573 5662 1
4072 3207 1
6626 2282 1
2282 3276 1
3095 4330 1
4330 684 1
684 4767 1
4767 5962 1
3095 3482 1
6394 4353 1
4353 6392 1
6392 6656 1
4093 5820 1
1417 3259 2
4878 1417 1
4387 401 1
3095 5360 1
5360 1964 1
3241 6161 1
6161 1983 1
99 5882 1
5547 5882 1
5882 1187 1
684 1958 1
1958 6405 1
5095 1626 1
1626 2002 1
3528 6968 1
1433 6863 1
6863 1233 1
4263 3565 1
5273 2841 1
1530 1550 1
2111 3878 1
3878 6097 1
1482 7168 1
1126 4332 1
1259 1233 4
306 6638 1
6638 5287 1
5287 7014 1
7014 3608 1
3608 5267 1
5267 6656 1
5779 3829 1
3829 5593 1
5593 926 1
1480 5805 1
5805 1479 1
3829 5587 1
303 5267 1
5267 6736 1
2982 2532 1
7306 4056 1
4056 6538 1
6055 5217 1
6811 926 1
3076 1233 1
2821 3609 1
3609 1964 1
4729 1 1
3527 5465 1
5465 1964 1
5130 3526 1
6412 3097 1
3097 1964 1
1964 4263 1
4263 7156 1
6661 3634 1
1479 1964 1
5048 684 1
5274 1270 1
1270 3095 1
303 4812 1
4812 6412 1
6412 3098 2
3098 3116 2
3116 7296 1
3426 1141 1
1141 1233 1
1233 4743 1
4743 2122 1
3526 4261 1
4261 1964 2
3115 1 1
1 2743 1
2743 4470 1
4470 401 1
303 1987 1
1987 7156 2
7156 929 1
6930 4530 1
4530 3116 2
3116 3586 1
3586 1964 1
6683 2239 1
6490 375 1
6305 1037 1
303 5685 1
5685 3526 1
3526 2537 1
2537 7296 1
6736 640 1
6405 295 3
295 5773 1
5773 7099 1
7099 4263 1
4263 1 1
1 3652 1
3652 1550 2
7016 1417 1
1417 4387 1
1964 6306 1
6306 3219 1
3219 603 1
6405 764 1
764 7102 1
1417 6447 1
6447 5838 1
5838 7306 1
7306 1091 1
1091 6038 1
6038 7306 3
5779 5200 1
5200 1411 1
1411 4627 1
4627 3115 2
3115 1964 1
1964 4261 1
3590 347 1
7296 1417 2
1417 7311 1
7311 1191 1
1191 5631 1
5631 5027 1
5027 1259 1
1964 1673 1
1673 7306 1
6412 3546 1
3546 7158 1
2841 3099 2
3099 5920 1
2747 4136 1
4136 1964 1
6420 6740 1
6740 1987 1
6768 3116 2
3116 6656 2
102 6219 1
6219 2358 1
2358 3254 1
4388 7156 1
6412 639 1
639 3502 1
3502 3529 1
4674 3220 1
3220 4136 1
4136 1 1
1 2706 1
2706 4472 1
3526 2295 1
7296 4552 1
4552 3264 1
7306 4257 1
4257 3634 1
644 4647 1
4647 2934 2
5779 2120 1
2120 3552 1
3552 1417 1
1417 3255 1
3095 6906 3
6906 1947 1
6405 470 1
470 3259 1
3259 7160 1
7160 6437 1
1480 590 1
7237 4729 1
6996 6420 1
6420 293 1
6633 3067 2
3067 7156 1
2440 4530 1
3116 6490 1
303 355 1
355 411 1
411 1014 1
1014 306 2
306 13 3
13 7306 1
1401 261 2
5568 1117 1
1117 4579 1
4579 4526 1
4526 7158 1
5774 3095 1
2107 5789 1
5789 1 1
1 7014 2
2633 2072 1
2072 1964 1
2262 6506 1
6506 2750 1
1979 6656 2
7317 1114 1
2035 3219 1
6209 5904 1
5904 7296 1
3634 193 1
3634 5779 1
5779 5676 1
5676 6494 2
6494 7333 1
4729 6656 1
7306 7317 1
7317 3095 1
4165 2753 1
2753 4688 1
7306 2398 1
2398 1435 1
1435 3095 2
3095 4735 1
4735 4659 1
4659 603 1
4729 4980 1
4980 269 1
7016 2072 1
2072 1 1
5676 948 1
948 1058 1
1058 3095 1
3095 4399 1
4399 653 1
653 981 1
7016 4660 1
4112 6038 1
6038 269 1
7016 4386 2
2982 7000 1
7000 7296 1
3116 926 1
3526 3076 1
3076 1 1
955 1435 1
1435 1944 1
193 7296 1
1944 3161 1
3161 630 1
630 2236 1
2753 7296 1
4552 6626 1
1785 4098 1
3155 1964 1
1187 2942 1
2942 4878 1
7253 981 1
4386 2982 1
2982 7296 1
5681 4056 1
4056 1 3
4636 5995 1
5995 2532 1
1964 6722 1
6722 1191 2
5774 2502 1
2502 2614 1
2614 5264 1
5264 1964 1
684 2129 1
2129 6186 1
6223 7331 1
7331 7306 1
450 279 1
279 2161 1
2982 2725 1
6811 324 1
324 97 2
1233 3076 1
3076 1906 1
3634 3835 1
3835 6656 1
2730 6923 1
6923 3526 2
3665 1233 1
1233 1479 2
4954 2892 1
2892 929 1
929 6932 1
6932 7306 1
4743 7156 1
1530 3812 1
3812 3634 1
1058 1964 1
6456 5995 1
5995 2753 1
644 4280 1
5662 2750 1
2750 1 1
1 6006 2
6006 3703 1
3703 4056 1
5831 3828 1
3828 1417 1
6405 5959 1
5959 1 2
6490 347 1
3095 4205 1
4205 5754 1
5754 1435 2
3095 3735 1
13 4686 1
1417 1134 1
1134 6223 1
6223 656 1
3090 5232 2
5232 4112 1
5779 1233 1
2107 1527 1
1527 6490 1
6490 1195 1
1195 6490 1
6490 3285 1
3285 6490 1
6490 4832 1
4832 2594 1
2594 6490 1
306 1066 1
1066 2107 1
1964 4346 1
5985 3259 1
7306 4731 1
2789 4945 1
4945 3254 1
7158 3046 1
3046 5145 1
5145 1233 1
2973 6490 1
6490 455 2
6245 501 1
323 4626 1
2107 3759 1
3759 5754 1
3095 267 1
7306 846 1
846 6490 1
3526 5281 1
5281 2236 1
634 6621 1
6621 2021 1
2021 2236 1
3565 4171 1
4171 5662 1
210 6420 1
303 2408 1
623 1964 1
640 2928 1
2928 7306 1
7306 997 1
997 1964 2
1964 6372 1
6372 1964 1
1964 75 1
75 7306 1
1274 1 1
7306 658 1
7306 6129 1
6129 3526 1
5473 401 1
6656 3879 2
3879 3829 1
4093 3607 1
3607 1964 1
7306 170 1
170 1964 1
3207 1402 1
3467 6656 1
3620 1402 1
7306 3218 1
3218 3444 1
3444 1964 1
6683 5754 1
4056 3529 1
3529 2505 1
2505 6044 1
186 7306 1
1964 4243 1
4243 306 1
261 4688 1
6626 2906 1
5287 2874 1
2874 5569 1
5569 710 1
710 7159 1
7159 3467 1
4546 7306 2
5662 2720 1
2720 1126 1
1126 2107 1
269 1449 1
1449 3999 1
3999 1964 1
1483 1187 1
1187 4893 1
4893 1014 1
13 450 1
1964 5384 1
5384 4056 1
4056 6275 1
6275 303 3
1417 6275 1
5938 4112 1
644 5848 1
6490 5848 5
5848 219 1
7306 2072 1
2072 5131 1
5131 765 1
765 684 1
1191 1981 1
5848 5779 1
3565 1060 1
1060 4648 1
4648 684 1
5274 6412 1
6736 2747 1
6319 5287 1
7306 3255 1
6906 1964 1
3079 3095 1
3095 4348 2
4348 6597 1
6597 3565 1
3565 770 1
770 1233 2
1233 1981 1
1981 5273 3
5273 1 2
1479 4878 1
4878 1482 2
7159 4098 1
4098 5773 1
5773 5287 1
5274 5092 1
5092 6490 1
5217 6736 1
6736 3124 1
3124 6493 1
2107 451 1
1964 3909 1
3909 306 1
6788 2737 1
682 6161 1
6161 1964 3
2942 3617 1
3617 3829 1
3829 3467 1
3467 5676 1
5676 4336 1
4336 7306 2
7013 1715 1
1715 4470 1
4470 3467 1
3467 2519 1
2519 3626 1
3626 3162 1
1981 6402 1
6402 3973 1
3973 2097 1
6420 1 1
5676 2531 1
3284 4275 1
4275 1482 1
5462 4363 1
4363 1964 2
1964 2904 2
2904 684 1
684 4162 1
4162 2456 1
2456 306 1
306 2616 1
2616 1 1
3612 3485 1
3485 1964 1
1482 2243 1
2243 414 1
414 5760 1
5760 306 1
306 6744 1
6744 5820 1
1964 3973 3
3973 3829 2
4996 3235 1
3235 6538 1
926 4525 1
4525 303 1
303 4072 1
4072 6923 2
6923 6173 1
6173 6744 1
6744 306 1
2517 2956 1
2956 306 1
7098 520 1
520 2856 1
2856 306 1
3526 2136 1
1847 3829 1
3829 7140 1
3229 2521 1
2521 6263 1
6263 2896 1
2896 2622 1
2622 5561 1
7306 2502 1
2934 7098 1
3565 4539 1
4539 4626 1
711 3829 1
3829 1357 1
1964 5167 1
2717 2521 1
2521 6683 1
3527 719 1
719 2521 1
2521 6923 1
6923 1 1
2097 6835 2
6835 3527 1
1154 2021 1
2021 6580 1
6580 7179 1
1134 6490 1
3226 968 1
968 644 1
644 3244 1
6683 7019 1
7019 303 1
6740 125 1
125 1195 1
6022 4387 1
4387 3226 1
2440 5328 2
4636 926 1
7156 3076 1
3076 4112 1
2747 4071 2
4071 7306 2
4892 6618 1
1981 1020 1
5662 5547 1
1964 1158 1
1134 5198 1
1483 700 1
1417 3904 1
3904 7099 1
6420 3059 1
3059 303 1
303 940 2
3526 2938 1
2938 62 1
62 2337 1
1535 6506 1
6575 4802 1
4802 684 1
5287 3290 2
1964 3070 1
3070 1502 1
6656 7297 2
1543 7306 2
3829 3526 1
3172 1964 1
6851 6685 1
6685 3526 1
269 6723 1
6723 3828 1
3828 981 3
981 7283 1
7283 3692 1
3692 7296 1
6633 4686 1
269 1126 1
1126 3378 1
4093 926 2
926 7015 1
6173 603 1
5681 7016 1
7016 6171 1
6171 324 1
5730 6626 1
7160 3999 1
3999 5281 1
5281 1964 1
1502 6223 1
6223 6633 1
7306 436 1
436 6169 1
6169 3290 1
7306 698 1
698 6682 1
6682 2338 1
7297 5440 1
5440 6490 1
6490 4332 1
3526 1834 1
1834 3385 1
3385 2841 2
4093 2238 1
2238 3526 1
1482 5156 1
5156 603 1
303 2447 1
2447 1171 1
1171 634 1
6626 3467 1
7099 4554 1
4554 7306 1
7306 1217 1
3526 3973 1
3829 2562 1
2562 1550 1
5547 3828 1
3828 4845 1
4845 3772 1
3772 81 1
81 603 1
6223 6432 1
6432 81 1
81 306 1
2562 7297 1
7099 1141 1
1206 389 1
389 1 3
6223 4324 1
3526 5825 1
5825 3259 1
6506 81 1
81 3494 1
3494 7306 1
4112 5835 1
5835 3526 1
7306 819 1
6733 1 1
4116 1550 5
3528 6017 1
450 603 1
4893 1002 1
1550 81 1
81 4112 1
131 4387 1
5835 2817 1
2817 1002 1
6452 4686 1
4686 3911 1
3911 3526 1
4093 4990 1
5779 1333 1
764 2108 1
2108 3191 1
3116 2747 1
2747 5662 1
5779 6674 1
6674 1 1
7306 3469 2
3469 1 1
2841 7168 1
7168 6259 1
3241 2033 1
1964 1787 1
1787 2841 1
2841 6979 3
2789 5820 1
1 3281 1
3281 7306 1
2517 3259 3
3259 2446 1
644 1172 1
1172 4093 1
1233 926 1
926 102 1
102 1233 1
1480 3050 1
3050 4093 1
4093 7297 1
1422 6626 1
6626 2246 1
2246 5048 1
5048 1964 2
4490 6097 1
2817 3794 1
3794 3526 1
306 5440 1
5440 6656 1
6740 4177 1
4177 684 1
1196 2413 1
3526 2083 1
2083 2841 1
2841 797 1
797 1 1
7306 4374 1
3285 4851 1
4851 3526 1
3494 2817 1
4332 7297 1
7297 7130 1
7130 1333 1
303 6768 1
6768 3090 1
4093 3828 1
3828 261 1
261 2817 1
2817 6819 1
5547 2107 1
7306 255 1
255 293 1
293 5754 2
3116 347 1
3469 3467 1
3467 2747 1
2747 6027 1
6027 2817 1
1575 4856 1
4856 1417 1
7296 3090 1
3116 603 1
1191 3290 3
1114 6357 1
6357 3526 1
5848 2624 1
2624 7156 1
3528 537 2
537 1 2
4093 5095 1
3879 3254 1
5568 3095 1
3095 4579 1
4579 2532 1
1482 5381 1
5381 1535 1
1535 3254 1
6209 5662 1
5676 6888 1
6888 306 1
5615 2620 1
2620 5612 1
5612 3095 1
303 926 1
6633 7297 2
7297 1217 1
7059 1117 1
1117 3528 1
6386 1196 1
303 4616 1
4616 6405 1
3526 1217 2
7059 6506 1
4581 2083 1
2841 1464 1
1464 1964 2
1141 3163 1
3163 4688 1
940 3226 1
3651 1 2
2107 4671 3
4671 3116 1
3116 2841 3
1345 1 1
6179 2107 1
2789 1345 1
1345 347 1
6661 1114 1
3207 7297 1
6221 206 1
206 3526 1
3095 4241 1
4241 6405 1
6405 1196 1
1958 1964 1
5095 5048 1
5048 981 1
3085 4068 1
4068 2107 1
7296 2747 3
1196 6494 1
2747 926 1
3116 6633 1
3665 1964 1
5662 2295 2
2295 6405 1
7156 3999 1
3999 6993 1
6993 4629 1
4629 6633 1
1417 2532 1
2532 1345 1
2817 1474 1
373 5993 1
5993 4579 1
4579 6506 2
1724 1 1
5676 950 1
950 1931 1
1931 3242 1
455 6993 1
6993 7306 1
3095 3999 1
3999 1 1
7306 1349 1
1349 3095 1
6022 1114 1
1964 3150 1
1741 7306 1
1979 2051 1
2051 5754 1
3116 459 1
4547 6245 1
6245 1645 1
1964 62 1
62 6568 1
6568 6656 1
4686 2968 1
2968 2555 1
2555 1964 1
5848 3848 1
3848 2906 1
2906 1906 1
1906 5017 1
5017 6575 1
3319 5676 1
5676 2766 1
4371 2841 1
1345 7306 1
3067 926 1
7306 4554 1
4554 1 1
6656 3467 2
3467 6925 2
6925 1 2
3526 5669 1
5669 6921 1
6921 1964 1
344 1724 1
1724 4546 1
4546 3526 1
3526 6006 1
6006 7016 1
2236 1724 1
6223 6084 1
6084 1114 1
1964 3936 1
3936 2862 1
2862 6405 2
1964 7017 1
7017 6669 1
6669 7306 1
7306 3764 2
3764 2841 1
7054 6575 1
2701 4527 1
4527 3163 1
981 7099 2
3526 2456 2
2456 1896 1
1896 6 1
6 6943 1
6943 6 1
6 1226 1
1226 6943 1
6943 1 1
1538 3526 1
1357 306 1
306 2497 1
2497 7296 1
2716 6097 1
6097 306 1
6259 7015 1
981 306 3
6618 1310 1
1310 5782 1
5782 1502 2
3735 3207 1
3095 1195 1
1 6299 1
6299 5789 1
3095 212 1
212 1958 1
1958 4112 1
1357 1206 1
1964 7180 1
7180 302 1
302 6493 1
6493 6633 1
6633 3634 2
3191 3095 1
4552 603 1
7296 4894 1
4894 7306 1
1964 1266 1
1266 6506 1
1964 3292 2
3292 303 2
303 5321 1
5321 5779 1
7158 4932 1
1550 1191 2
6405 6299 1
6299 5848 1
2730 6943 1
6943 684 1
437 2789 1
1964 4140 1
1233 6438 1
6438 3116 1
3116 295 1
6412 1975 1
1975 7156 1
3095 6562 1
6562 1319 1
1319 4112 1
1906 3829 1
7301 6412 1
6223 5473 1
5005 6915 1
6915 3414 1
5005 2892 1
2892 6633 1
3526 3416 1
3416 1259 1
7296 4539 2
4539 2789 1
6633 4140 1
4140 6456 1
6456 5018 1
5018 1964 1
7016 1114 1
1114 4112 1
1357 5993 1
5993 1206 1
1959 4387 1
4387 1263 1
3095 1268 2
1268 7306 1
4386 2992 1
2992 3634 1
1964 4035 1
4035 5287 1
3095 3444 1
3444 7306 1
6405 7161 1
7161 7156 1
7306 5920 1
5920 684 1
7296 5890 1
5890 2909 1
7297 2991 1
2991 7054 1
2716 3226 1
3614 4686 1
4686 5773 1
5773 2417 1
2417 4112 1
6835 6923 1
6923 7306 1
5568 4974 1
1191 6186 1
6186 108 1
682 2146 1
2146 4688 1
3095 5038 1
5038 4387 1
4387 7297 2
7297 2756 1
2756 3095 1
3095 6670 1
1482 2921 1
2921 6988 1
6988 5662 3
7297 238 1
238 7306 1
3528 2883 1
2883 1375 1
1375 1964 1
1507 2029 1
3241 1191 1
1263 6835 2
6835 2419 1
589 1498 1
1498 1964 2
1964 6064 1
6064 684 1
684 6760 1
6760 5270 1
5270 306 1
4443 1 3
533 6263 1
6263 1466 1
5968 1103 1
1103 1542 1
1542 1964 1
1964 2811 1
2811 3634 1
3634 2358 1
2358 1188 1
1188 1263 1
6538 6536 1
6536 269 1
269 684 1
2419 4176 1
4176 1114 1
1479 1482 1
1482 4152 1
4152 405 1
1964 1882 1
1882 2544 1
2544 6490 1
517 1435 1
1435 6897 1
6897 306 1
5254 6405 1
7296 7210 1
7210 4848 1
4848 1435 1
1435 6538 1
2358 1123 1
640 7162 1
570 3634 1
640 7017 1
7017 5676 1
5676 4510 1
4510 1417 1
5892 2306 1
2306 6983 1
6983 4072 1
6923 303 1
6538 2622 1
2622 1871 1
1871 4072 1
4072 2358 1
2548 1161 1
1161 21 1
21 306 1
1144 3451 1
3451 1517 1
1517 1 1
7158 3945 1
3945 7113 1
7113 1566 3
1566 1964 2
7157 1516 1
303 2614 1
2614 5666 1
2587 2097 1
3526 4315 1
4315 2518 1
2518 3390 1
3390 243 1
243 6544 1
6544 232 1
232 5372 1
5372 844 1
844 2241 1
2241 306 1
1161 5506 1
5506 6548 1
6548 6550 1
6550 3259 1
3259 219 1
219 998 1
998 1964 1
1964 870 1
870 4088 1
4088 4721 1
5662 867 1
867 582 1
582 1259 1
1259 125 1
125 219 1
219 1340 4
1340 2841 1
1144 4467 1
4467 1981 1
1981 3670 1
3670 243 1
243 7269 1
7269 1707 1
1707 952 1
952 2021 1
2021 1988 1
1988 1 1
1 5720 1
5720 4118 1
4118 6506 1
1121 2470 1
2470 1981 1
1981 3176 1
3176 243 1
243 6050 1
6050 5662 1
1340 1257 1
7230 2867 1
2867 4365 2
4365 2470 1
2470 242 1
242 2313 1
2313 4112 1
6259 2313 1
2313 878 1
878 306 1
306 5659 1
5659 6575 1
6575 3233 1
3233 3120 1
3120 6974 5
6974 3467 1
6973 6245 1
6245 3605 1
3605 4112 1
6259 1161 1
1161 6656 1
5676 1566 1
1566 1 1
6259 5372 1
5372 5950 1
5950 5660 1
5662 6973 1
6973 2472 1
1951 3828 1
3828 219 1
219 2359 1
2359 1259 2
1259 320 2
320 2818 2
2818 538 1
538 2471 1
2471 1152 2
1152 5858 1
5858 5662 1
5662 346 1
346 520 1
1964 6637 1
6637 6938 1
6938 6626 1
1502 5660 1
5660 6135 1
6067 6017 1
6017 1134 1
1482 6017 1
6700 1161 1
1161 6575 1
6575 6454 1
6454 1203 1
2468 5992 1
5992 1964 1
1964 2427 1
2427 6656 1
1566 1550 1
1550 1566 1
1566 3450 1
3450 1964 1
1964 45 1
45 91 1
91 1 1
1134 4072 1
4072 6985 1
6985 1 1
1550 4072 1
4072 2517 1
1964 3946 1
3946 4112 1
4112 3390 2
3390 306 1
1161 5662 1
6259 538 1
538 2472 1
1951 5068 1
5068 3199 1
3199 7179 1
7179 7306 1
6846 1490 1
1490 1103 1
1103 5197 1
5197 3529 1
3529 6490 1
6490 1188 1
1188 1073 1
1073 6490 1
6490 6044 1
6044 1722 1
6736 108 1
682 7259 1
7259 1868 1
1868 6789 1
5681 6536 1
6536 1902 1
1902 2122 1
4386 5198 1
5198 6405 1
6405 3063 1
3063 3095 1
6223 3254 1
3254 4879 1
4879 1 1
1 4473 1
4473 2841 1
2841 193 1
193 8 1
8 5662 1
3526 4532 1
4532 5848 1
7159 2236 1
2236 4539 2
7306 5882 2
5287 1719 1
1719 7156 1
7156 193 1
640 4524 1
4524 5848 1
2701 6506 1
7306 1310 1
1263 5814 2
5814 1161 1
1161 455 1
455 6006 1
6006 3467 2
6017 663 1
7306 2876 1
2876 4686 1
4686 1403 2
2296 3617 2
3095 6584 1
6584 5662 1
2693 3290 1
4274 1502 1
3528 2488 1
2488 3095 1
1964 7140 1
2719 2107 2
5774 7105 1
7105 635 1
635 6302 1
6302 306 1
306 2264 1
2264 1479 1
1479 2744 1
2744 6405 2
6405 814 1
814 1 1
6017 3517 1
3517 7306 1
2107 6149 1
6149 7253 1
7253 5256 2
5256 6058 1
6058 553 1
7306 6471 1
6471 2279 1
2279 877 1
877 2774 1
2774 1 1
1403 4215 1
4215 968 1
968 3991 1
3991 7113 1
1566 701 1
701 2002 1
2002 6700 1
6700 5662 1
5662 2488 1
2488 1964 1
1964 549 1
549 2508 1
2508 3715 1
3715 1981 1
1981 2470 1
2470 834 1
834 3119 1
3119 5662 1
5662 5855 1
5855 306 1
1688 4386 1
5181 6478 1
6478 4386 1
4386 2815 1
2815 6666 1
6666 6385 1
6385 1964 1
1964 6296 1
6296 5855 1
5855 6006 1
3467 4686 1
1403 3303 1
3303 6017 1
463 6661 1
3528 5302 1
5302 1964 1
3612 1 1
5793 4467 1
4467 6017 1
6017 3565 1
6626 6026 1
7306 4155 1
4155 6972 1
6972 1964 2
1964 1664 1
1664 5662 1
7306 6017 2
6017 3242 1
3242 1928 1
1928 3095 1
4523 1964 1
3095 3330 2
3330 1 1
1550 3119 1
3119 834 1
834 6585 1
6585 3121 1
3121 1175 1
1144 2633 1
2633 306 1
7007 5620 1
5620 3528 1
1550 2650 1
2650 7300 1
1964 1822 1
1822 2348 1
2348 2841 1
7306 2002 1
3527 6145 1
3419 521 1
521 6656 1
6656 5536 1
5536 1 1
1 1981 3
1981 219 2
1340 5993 1
5993 107 1
107 125 1
125 1516 1
6097 5261 1
2021 5262 1
5262 5662 1
5662 372 1
372 306 1
702 3527 1
3527 124 1
124 1219 1
1219 1 1
1 357 1
357 3528 1
3528 5779 1
5779 6545 1
6545 6542 1
6542 2107 1
2107 3121 1
3121 3527 1
401 5118 1
5118 3634 1
6633 2942 1
2942 3212 1
3212 4883 1
4883 3095 1
7306 781 1
781 1114 1
1114 2827 3
2827 3527 1
3357 2390 1
2390 1 1
450 1550 1
1550 3303 2
3303 5631 2
1117 4357 2
4357 1 2
5676 4394 1
4394 5924 1
6477 4112 1
7267 3527 1
809 7306 1
7306 4357 1
4357 7306 1
6437 1 1
6633 3496 1
6405 4721 1
2841 2656 1
2656 2107 1
7306 1026 1
5274 1263 1
7306 5279 1
5279 6633 1
3290 5198 1
5198 2104 1
2104 6405 2
6405 293 1
6367 5538 1
5538 347 1
7296 324 1
324 1165 1
236 6538 1
6538 4386 2
4386 4375 1
4375 5662 1
3259 5538 1
5538 3560 1
989 1829 2
1829 3840 1
3840 306 1
6174 6656 1
3527 3204 1
3204 1134 1
1134 2535 1
2535 3095 1
2310 4207 1
3526 1022 1
6633 4363 2
4363 2841 1
7156 4363 1
4363 6493 1
3527 4116 1
1340 6432 1
1964 1219 1
1219 4116 1
1502 5922 1
5922 1550 1
1340 3527 1
3527 6834 1
6834 7306 1
5662 5045 1
5045 5830 1
5830 1 1
5676 6838 1
6838 3925 1
3829 3233 1
3233 5857 1
5857 450 1
603 6456 2
2789 7013 1
7013 2841 1
6633 2883 1
2883 1026 1
193 5882 1
985 7306 1
7296 2700 1
2700 1964 1
603 2942 1
2942 6633 1
1906 2817 1
6633 6740 1
6740 1144 1
1195 1501 1
1501 1126 1
219 3786 1
3786 6633 1
6405 3548 1
3548 3871 1
3871 5820 1
5820 3829 1
3829 2675 1
2675 7156 1
2532 1114 1
2827 3526 1
2827 1896 1
7306 6655 1
6655 5672 53
5672 926 1
2841 2675 2
2675 7306 1
7156 3652 2
3652 347 1
347 3145 1
3145 303 1
3692 1333 1
1333 1979 2
3871 5720 1
5720 2021 1
2021 6010 1
6010 3259 1
640 219 1
219 5634 1
5634 7172 1
7172 1 1
6626 7172 1
7172 4310 1
4310 7306 1
1979 6010 1
6010 3634 1
3634 3573 1
3573 7019 1
306 3238 2
3238 2929 1
2929 2672 1
2672 455 1
455 2906 2
2906 2010 1
2010 3263 1
3263 2675 1
2675 2021 1
2021 4362 1
2107 2929 1
2929 6538 1
6538 2841 2
2817 5797 3
5797 2021 1
2021 344 1
3590 1964 1
7306 795 1
795 7296 1
2002 2672 1
2672 6420 1
6420 2817 4
6044 3167 1
3167 1634 1
1634 6656 1
2817 448 2
448 990 2
990 7067 2
7067 1026 1
4518 2441 1
2441 4656 1
4656 3207 1
3207 2827 1
2827 6668 1
6668 3116 1
700 4137 1
4137 1 1
6490 295 1
1964 5416 1
5416 2239 1
2239 306 1
306 4367 1
4367 985 1
5600 6438 1
1456 5669 18
5669 1481 1
1481 1981 1
1981 3263 1
2841 2490 1
2490 5631 1
1 3874 1
3874 303 1
6221 990 1
7067 448 1
448 1964 1
7099 2017 1
2017 2104 1
3526 4686 2
4686 6789 1
6789 79 1
79 3467 1
3467 6438 1
5669 1944 1
3467 5805 1
5805 306 1
306 89 1
89 6405 1
3528 1940 1
1940 5662 1
5595 7296 1
6211 1114 1
6456 4944 1
4944 3526 1
3526 1181 1
1181 6789 1
6789 3082 1
3082 907 1
907 1964 1
3264 3713 1
3713 6506 1
4530 1114 1
375 7296 1
303 907 1
907 3527 1
5681 3526 1
401 4622 2
4622 1964 1
306 2902 1
2902 2841 1
2841 589 1
1964 1530 1
1530 270 1
270 354 1
354 981 1
6275 1 1
1 6438 3
1456 2102 1
1195 1473 1
1018 673 1
673 6633 1
1964 5782 1
5782 3565 1
3565 4347 1
4347 1482 1
7077 3095 1
5068 5662 1
1333 378 1
378 6633 1
293 1333 1
303 671 1
671 3526 1
3095 671 1
671 6412 1
6412 4356 1
4356 5662 1
5662 3207 1
453 6655 1
5672 3871 1
3871 4892 1
4892 5419 1
5419 2107 1
3609 414 1
4187 1018 1
1134 3163 1
3163 5042 1
5042 7158 1
4892 2097 1
5419 6405 1
1979 1 1
6633 5768 1
5768 414 1
414 3244 1
3244 7156 1
6633 1220 1
1220 347 1
6768 3207 1
3528 7015 1
7015 6173 1
6173 3772 1
6768 981 1
4363 6405 1
6405 5419 1
5419 2841 1
3871 1191 1
1191 6516 1
6516 2107 1
293 1417 1
3095 498 1
498 1 1
981 2152 1
2152 6683 1
2841 3844 2
3844 1964 1
2906 4346 1
4346 1263 1
131 4151 1
4151 7306 1
5674 1964 1
1964 6834 1
6834 1550 1
5754 6246 1
6246 1480 1
1126 5962 1
2789 2107 1
634 1206 1
6788 5537 1
5537 1417 1
7296 3649 1
3649 3528 1
306 6260 3
6260 1964 2
1964 715 1
715 2561 1
2561 2440 1
541 2726 1
2726 6922 4
6922 684 1
684 6426 1
6426 108 1
108 6796 2
6796 344 1
2807 4112 1
6145 1554 1
1554 4688 1
212 1 2
1482 3226 3
3226 5936 1
5936 3095 1
5848 5005 1
5005 5818 1
3612 6456 1
7306 4527 1
6633 5473 1
5473 5470 1
401 2107 1
3528 4355 1
4355 7156 1
7156 4242 1
4242 1964 1
7156 356 1
3928 3290 1
6506 4945 1
4945 3290 1
455 4559 1
4559 7306 1
2107 4557 1
4557 1263 1
4589 193 1
193 2129 1
2129 4524 1
4524 7306 2
375 1844 1
1844 6456 1
7306 5178 1
5178 6838 1
2675 455 1
5014 3219 1
3219 717 1
717 5198 1
7018 883 1
1981 1972 1
1972 1417 1
1417 4349 1
4349 6626 1
3565 4893 1
4893 5575 1
5575 784 1
784 401 1
401 4763 1
303 5436 1
5436 5615 1
5615 3259 1
3527 344 1
344 6344 1
7306 4062 1
4062 1550 1
1550 6146 1
6146 2404 2
1481 2884 1
2884 989 1
989 3235 1
3235 603 1
6456 7015 1
7015 5831 1
4040 7156 1
7306 2896 2
3528 4338 1
4338 5538 1
700 6494 1
6494 2766 1
2766 455 1
455 4558 1
4558 7306 1
306 3966 1
3966 3259 1
3259 141 1
141 684 1
6245 1187 1
6506 5831 1
5987 1114 1
1114 1308 1
4387 1070 1
1070 1098 1
1098 7306 1
6506 2678 1
2678 6683 1
6683 6211 1
6211 2236 1
3526 552 1
2286 1 3
2002 2404 1
2404 3526 1
459 2726 1
6922 262 1
6169 4883 1
4883 3526 2
3207 3652 1
3652 2796 1
2796 1027 1
1027 4519 1
4519 3527 1
6412 2789 1
3528 5959 1
5959 3095 1
2789 5779 2
4801 981 1
6211 4112 1
4763 5848 1
5676 3808 1
3808 141 3
141 6633 1
6633 141 1
141 981 2
6405 5131 3
6346 3526 1
303 4883 1
3526 5061 2
5061 4112 1
7296 4808 1
4808 1114 1
6633 5672 1
5672 7306 3
5061 5676 1
1944 3302 2
3302 193 1
6456 5818 1
5818 5848 1
2862 4883 1
2862 5061 1
3095 5491 1
6405 6740 1
6740 5494 1
5494 3095 1
1417 5131 1
5131 989 1
989 4386 2
2419 4890 1
4890 3685 1
3685 1126 1
1126 3979 1
3979 1964 1
2905 3219 1
3219 7156 2
7156 5061 1
2789 5672 1
5672 7296 2
7296 6738 1
6738 5131 1
5131 6738 1
6738 7159 1
7159 2862 1
2862 5959 1
5959 5662 1
3871 3492 1
3492 5669 1
5669 428 1
428 6618 1
6618 2841 1
1357 2104 1
2104 2442 1
2442 1481 2
1481 3526 1
3526 262 1
3501 1 2
1 2726 1
6922 6506 1
3527 1526 1
1526 2885 1
2885 2097 1
2097 6146 1
2404 4329 1
4329 7306 1
779 2236 1
2236 6211 1
6211 3646 1
3634 3501 1
3501 3527 1
6740 6851 1
6851 808 1
1964 6263 2
6263 401 1
401 5845 2
5845 1964 1
6785 3808 1
1289 1 1
7306 5987 1
5987 6263 1
6263 5660 1
306 4667 1
4667 6211 1
6211 535 1
535 2841 1
7296 2440 2
1 4671 1
4671 2440 1
7296 4549 1
2029 2440 1
6055 603 1
2440 1474 2
3095 5020 1
5020 5867 1
5867 1920 1
1920 3259 1
3259 3603 1
3603 5291 2
5291 303 1
3150 6211 1
6211 6344 1
1512 306 1
1964 5193 1
5193 553 1
553 2817 1
5985 4686 1
4686 3303 1
3528 1830 1
7306 577 1
577 5005 1
5005 5829 1
570 5005 1
401 5595 1
3808 5281 2
5281 3259 1
644 4112 1
2747 5284 1
5228 7306 1
7306 6544 1
6544 1742 1
1742 5592 1
5592 1263 1
303 5278 3
5278 6748 1
7306 7054 1
7077 4966 1
4966 7306 1
401 7317 1
7317 5779 1
5779 3638 1
3638 5473 1
3526 1466 1
1466 581 1
581 1964 1
5805 6490 1
1480 5005 1
5005 5805 1
5805 6055 1
6055 6251 2
7156 6968 1
7054 1214 2
1214 6412 1
6412 5805 1
3416 3528 1
448 7067 1
7067 306 1
6867 6657 1
6657 1964 1
2817 6575 1
3526 7147 1
7147 684 1
7296 6057 2
6057 949 2
1964 4238 1
4238 3701 1
3701 4688 1
4552 6506 1
3467 7156 1
2841 4736 1
4736 6760 1
6760 6575 1
7156 448 1
990 211 1
211 6490 1
6057 293 1
1287 4915 2
4915 5662 1
6259 1844 1
1844 5662 2
1403 1287 1
3102 303 1
303 6508 1
6055 3494 1
3494 2502 1
5003 1964 1
1964 1979 2
1979 2502 1
5003 4426 1
3095 1812 1
1812 5244 1
5244 3871 1
4332 1 1
344 6538 3
6055 1481 1
5789 552 1
2286 1114 1
2924 7306 1
2034 4809 1
3526 4266 1
4266 7296 1
7306 1354 1
1354 3240 1
986 2906 1
2906 1417 1
1417 764 1
1964 4319 1
4319 3526 1
7016 6364 1
5754 414 1
414 6211 1
6494 6026 1
6026 303 2
3526 140 1
140 1 1
6324 4770 1
4770 1964 1
7306 3735 1
2841 6444 2
6444 1 1
2107 5056 1
5056 4467 1
4467 1357 1
1357 455 1
455 2876 1
1481 968 1
1964 4280 2
185 981 1
981 6245 1
6245 6444 1
6444 3617 1
6538 5615 1
5615 5350 1
5350 1 1
1 1693 1
1693 3095 1
4686 954 1
954 5287 1
5287 1147 2
1147 269 1
306 1017 1
1017 6656 1
3526 3996 1
3996 3828 1
6633 3254 2
1187 5676 1
6405 1259 2
6633 7309 1
5723 7156 1
3095 4521 1
4521 517 1
517 3526 1
3526 6846 1
1964 3163 1
3163 4892 1
4112 644 1
644 1482 1
6587 347 1
6583 1 1
5723 7135 1
2037 7135 1
2037 981 1
2296 1479 1
6405 6490 1
644 3254 1
3254 6626 2
4546 5585 1
6668 3244 1
1417 6662 1
6662 7306 1
6863 4250 1
6386 4698 1
4698 7306 2
7306 2267 1
2267 3095 1
3526 4698 1
5284 3095 1
1187 3526 2
1502 1868 1
5005 684 3
5662 3079 1
3079 1263 1
2295 4688 1
3044 4901 1
4901 1114 1
1482 1603 1
1603 603 1
1964 1636 1
1550 1527 1
7296 356 1
3526 2473 1
2473 4280 1
4280 3162 1
3162 2817 1
306 2747 3
2747 6444 1
6444 3792 1
5470 6538 2
6538 306 3
2122 4558 1
4558 2082 1
2082 1964 1
3095 4966 2
4966 293 1
4615 6456 1
6456 4878 1
4878 450 1
450 2747 3
2747 6327 1
6327 2097 1
306 6444 2
6444 1964 2
7296 6438 1
6438 4164 1
1114 6433 1
6433 2664 1
2664 7158 1
4558 1344 1
1344 5418 1
4435 1 5
4142 306 1
3565 5049 1
1357 6006 1
6006 7158 1
7158 4883 1
4883 7113 1
7113 4496 1
4496 4626 1
4626 6633 1
5993 6138 1
6138 3095 1
4390 452 1
452 269 2
6506 4194 1
2720 1480 1
6626 7016 1
7016 770 1
770 3467 1
6811 6538 1
347 1233 1
1233 6626 1
1964 4886 1
4886 7306 1
981 1944 3
7296 3239 1
3239 5200 1
5200 4263 1
4263 3290 1
7306 4261 1
4261 7306 1
6633 4508 1
4508 3095 1
738 7306 2
6047 7156 1
2532 950 1
6656 6508 2
6508 1617 1
1617 1964 1
5676 4530 1
4530 6633 2
1964 4256 1
4256 2841 1
6412 4594 1
4594 7253 1
1530 5966 1
6055 2737 1
4676 306 1
2747 950 1
6223 2622 1
2622 6672 1
6672 4626 1
374 6538 1
6055 1964 2
344 2383 1
2383 3116 1
3116 303 2
303 631 1
631 981 1
981 7258 2
7258 6633 1
1417 7258 1
7258 3290 1
7258 2021 1
1479 6846 1
6846 2123 1
2123 5329 1
5329 5005 1
5005 97 1
4523 7156 2
450 6327 1
6327 4006 1
4006 3526 1
6538 4347 1
1403 6506 1
6506 5400 1
5400 7306 1
2906 4084 1
4084 7179 1
3634 682 1
682 2821 1
1344 6736 1
5890 1259 1
6412 1258 1
1258 5234 1
5234 6211 1
6211 764 1
2429 1964 1
7296 6721 1
6721 2440 1
2747 2229 1
2229 2841 1
7296 6162 1
6162 2906 1
293 1715 1
1715 634 1
659 3226 1
560 3290 1
3290 3226 1
2148 6721 1
6721 1114 1
6244 1335 1
3665 7135 1
5938 1 2
347 7016 1
7016 5048 2
5256 1417 1
1417 3533 1
3533 1359 1
1359 3095 1
5848 5676 1
5676 3105 1
3105 1435 1
1435 303 1
303 6215 1
1274 1269 1
1269 3095 1
295 3529 1
3095 6721 1
6721 347 1
3095 5131 1
5131 6925 1
5103 6656 1
303 2622 1
2622 242 1
242 7066 1
7066 2841 1
1631 4072 1
4072 3526 1
3527 851 1
851 2841 1
5754 6361 1
6361 1964 2
1964 7066 1
7066 1964 1
1964 7237 1
7237 500 1
1 5104 1
5104 3526 1
3526 1140 1
1140 3254 1
240 1114 1
4763 1964 1
7301 2737 1
6412 6926 1
6926 1964 1
3528 5104 1
5104 1140 1
1140 7113 1
7113 4495 1
4495 4090 1
4090 3506 1
6538 4252 1
4252 2097 1
2097 1566 2
1566 6538 1
6444 6655 1
5672 6683 2
6683 3526 1
3501 4688 1
7156 1566 1
1566 303 1
401 7179 1
306 5262 1
981 5993 1
5993 1482 1
1482 2442 1
2442 4883 1
4883 2440 1
303 4525 1
4525 7168 1
7168 2442 1
2442 1235 1
1235 7296 1
1981 5537 2
5537 5695 1
5695 5848 1
5848 2535 1
2535 7158 1
7158 4645 1
4645 1482 2
3467 6428 1
6428 2841 2
6246 684 1
684 5945 1
989 262 1
5848 347 1
2102 985 1
985 4881 1
4881 2441 1
2441 7168 1
7168 1 1
4883 6405 1
6405 3968 1
3968 2903 1
2903 219 1
7102 1547 1
1547 2547 1
2547 6538 1
6538 4112 1
3390 3910 1
1340 6444 1
6444 4393 1
4393 4112 1
1357 3385 1
6249 306 1
1152 6538 1
2353 5961 1
5961 3494 1
3494 2957 1
2957 219 1
6563 1259 1
682 5202 1
5202 306 1
5955 3526 1
3526 2601 1
2601 1624 1
1624 6920 1
6920 2841 1
303 2647 2
2647 3095 1
6410 303 1
303 2633 2
2633 7158 1
7158 6526 1
6526 4642 1
4642 1161 1
1161 2107 1
2107 3433 1
3433 3207 1
1979 609 1
609 307 1
307 1964 1
1964 6155 1
6155 2107 1
2107 81 1
81 4284 1
3526 4941 3
4941 7239 1
7239 7064 1
7064 1964 1
6533 269 1
7296 2435 1
2435 3634 1
3634 2332 1
2332 5662 1
5662 66 1
66 1964 1
3526 233 1
3095 5354 1
5354 1964 1
2730 56 1
56 3243 1
3243 1479 1
3095 3820 1
3820 3207 1
3207 2747 1
2633 3652 1
3652 3526 2
3526 6211 1
2097 6051 1
6051 546 1
546 3346 1
3346 700 1
700 1263 2
6835 3243 1
3243 1482 1
6575 696 1
696 1502 2
1502 696 1
696 6538 1
6538 3318 1
4187 7113 1
981 5934 1
4374 3526 1
453 1114 1
6740 6735 1
6735 6370 1
6370 2747 1
700 696 1
4553 5662 1
2817 4686 2
2817 1782 1
1782 2587 1
1964 3645 1
700 2097 1
2097 3243 1
3243 7306 1
7306 6037 1
6037 6405 1
6405 1853 1
1853 700 1
2744 7306 2
4033 1259 1
7306 6575 1
2716 3254 1
1948 1114 1
1114 2822 1
2822 700 1
4371 2122 1
303 7303 1
7303 1028 1
1028 696 1
6626 1114 2
1114 4350 1
981 6655 5
5672 1259 1
3241 1852 1
1852 5585 1
5585 3241 1
3241 3608 1
3608 3189 1
3189 1357 1
1357 1133 1
1133 1964 1
1964 5242 1
5242 6412 1
6412 3207 3
3207 4033 1
4033 2817 1
2817 700 1
5220 1 2
6740 356 1
356 4645 1
1482 6428 1
6246 2107 1
1481 700 1
6736 2817 1
3095 3452 1
3452 696 1
6538 4120 1
4120 3528 1
5681 2019 1
2019 812 1
812 2942 1
2942 1141 1
5779 6696 1
6696 1964 1
552 6740 1
6740 552 1
3526 4882 1
4882 1981 1
1981 6975 1
6975 7252 1
7252 3435 1
3526 6754 1
6754 6513 1
6513 1964 1
5287 4406 1
4406 3526 1
212 7156 1
989 421 1
421 1964 1
5005 6975 1
6975 1964 1
1536 1 1
3085 3162 1
3162 141 1
141 1417 1
1417 2122 1
3379 684 1
1981 4470 2
4470 1964 1
344 3095 2
3095 3997 1
3997 5328 1
3526 4854 1
4854 1114 1
2107 4725 1
4725 6655 1
5672 5198 1
306 1099 1
1099 1 1
3565 6838 1
5328 4578 1
4578 3527 1
5662 2393 1
2393 865 1
865 1099 1
1099 5631 1
6633 1210 1
1210 7270 1
7270 3526 1
269 3325 1
7306 6725 1
6725 6314 1
6314 7306 1
3526 6725 1
6725 5848 1
4350 1114 1
1114 1550 1
7306 4926 1
4926 603 1
450 5789 2
5789 1114 2
3207 5662 2
700 437 1
437 7306 1
7306 7051 1
3526 269 1
3575 1964 1
5131 7306 1
700 3324 1
3324 7306 1
7296 4547 3
4547 3207 1
7296 5198 1
5198 1975 1
1975 2124 1
2124 3527 1
6344 372 1
372 1964 1
1964 4720 1
1964 604 1
604 6296 1
6296 6508 1
6508 4112 1
989 5662 2
569 7156 2
700 4547 1
4547 64 1
64 700 2
2440 1964 1
1947 6412 1
1502 4479 1
4479 7306 1
4277 306 1
5965 2440 1
1114 684 3
5672 1467 1
1467 5777 1
5777 950 1
3840 7196 1
7196 6538 1
968 697 1
697 306 1
306 6508 1
6508 2440 1
684 1527 1
1896 1 1
3467 1975 1
1975 2622 1
2622 303 1
649 6412 1
452 5494 1
5494 2836 1
2836 306 1
5631 7239 1
981 5130 1
5130 7306 2
3487 7306 1
5848 4726 1
4726 3527 1
3808 5279 1
5279 684 1
5566 5130 1
303 7135 1
303 64 1
2789 4579 1
4579 6314 1
6314 1117 1
1117 700 1
700 7135 1
5938 3242 1
219 700 1
700 7051 1
7051 3095 1
303 4387 1
3095 4581 2
4581 4387 1
4581 3207 1
5964 1114 1
1263 2657 1
2657 985 1
985 1309 1
1309 3095 1
295 7297 1
7297 3242 1
3242 3808 1
3808 3293 1
6412 3522 1
3522 1944 1
6538 7296 4
3808 6725 1
6725 3254 1
4547 1114 1
3307 401 1
401 427 1
427 5937 1
5937 2905 1
2905 671 1
671 306 1
306 2288 1
2288 1406 1
1406 6126 1
6126 3617 1
3617 2841 2
2841 6211 1
6169 347 1
700 6385 1
6385 6494 1
6494 1417 1
5284 4725 1
4725 1114 1
3207 4729 1
1502 3207 1
1502 4381 1
4381 950 1
950 2934 1
6538 1 3
6633 5306 2
7156 6655 4
5672 3357 1
3357 7306 1
5848 5829 1
5829 6055 1
6055 193 1
2747 3527 1
1141 6538 1
6538 1295 1
1295 1964 1
3526 149 1
149 6633 1
6633 7270 1
7270 3290 1
3290 2744 1
2744 2532 1
6405 2778 1
6740 3357 1
3526 3760 1
3760 3527 1
3207 6006 1
6006 4581 1
1502 4581 1
4581 3357 1
7051 108 1
4686 4329 1
4329 2097 1
1456 1964 1
4931 306 1
5754 3418 1
3418 6490 1
5773 2622 1
2622 3937 1
3937 6655 1
5672 5848 1
5848 64 2
1026 603 1
6736 1181 1
1181 6390 1
6390 2817 1
1501 3467 1
3467 6508 1
6508 5818 1
5818 1126 1
4051 7306 2
2441 1482 1
1482 4883 1
4883 7296 1
7296 4688 1
6022 1481 1
1481 2413 1
2413 6508 1
6508 5848 1
4581 7013 1
7013 1964 1
5681 4627 3
6494 5220 1
6508 2236 1
3871 4332 1
7156 603 1
303 6390 1
6390 1479 1
6386 3904 1
3904 1 2
7306 3757 1
3757 3163 1
4883 3162 1
4195 4898 1
7306 7168 1
7168 3259 1
2817 1958 1
1958 1840 1
1840 6655 1
5672 7168 1
7168 1906 1
1906 4097 1
4097 4926 1
4926 6655 1
5672 1114 1
1114 5829 1
5829 6412 1
6412 3491 1
3491 2906 1
293 2897 1
2897 6633 1
6633 4112 1
7267 1126 1
4945 7158 1
3227 6405 1
6405 5810 1
5810 3290 1
700 3226 1
3226 743 1
743 7306 1
6047 6464 1
6464 682 1
682 324 1
324 6940 1
6940 2553 1
6626 4332 1
4332 5405 1
5405 7052 1
7052 4802 1
4802 5848 1
3622 2236 1
7306 7155 1
7155 2817 1
2817 3316 3
3316 2841 1
7230 4529 1
4529 2669 1
2669 2470 1
7156 6263 1
6246 6968 1
1214 5805 1
684 4208 1
4208 1022 1
1022 3095 1
7156 2120 1
2120 6420 1
6420 1549 1
1549 699 1
699 2835 1
2835 2358 1
3284 5077 1
306 6377 1
6377 4200 1
3066 3664 1
3664 2688 1
2688 1964 1
3526 615 1
615 5306 1
5306 2127 1
2127 6221 1
6221 2610 1
2610 1456 1
5669 1287 1
7154 2896 1
2896 401 1
7297 1464 1
1464 2750 1
2750 1114 1
1114 3527 1
3527 6538 2
3259 40 1
40 3526 1
3226 6656 4
3095 3637 1
3637 1 1
7296 295 2
295 2236 2
2236 3808 1
3808 2145 1
2145 7306 1
3315 303 1
682 5329 1
5329 1964 2
6508 4991 1
303 3042 2
3042 1964 1
684 108 1
6495 4688 1
5005 2122 1
2122 97 1
3095 6823 1
6823 1 1
1964 2964 1
2964 3259 1
3259 409 1
6741 3467 1
1981 2631 1
2631 6171 1
6171 3853 1
3853 2744 1
6508 1964 3
5662 5829 7
5829 2841 1
2841 4802 2
4802 3207 1
6211 7306 1
1417 3241 1
3241 4802 1
4802 3095 1
5274 700 1
700 6618 1
6618 3161 1
3161 7297 1
7297 97 2
3116 5470 1
5470 2817 1
5662 305 1
305 7156 1
7156 4802 1
4802 5131 1
5131 543 1
543 1964 1
1964 305 1
305 7016 1
7016 4805 1
4805 401 1
401 6456 1
6456 7297 2
7297 2882 1
2882 5166 1
5166 1333 1
6740 729 1
729 1981 1
2107 3259 1
470 2817 1
6508 1333 1
3467 2286 1
2404 5662 1
1357 2817 2
2817 6858 1
4688 4354 1
4354 401 1
401 6156 1
6156 3284 1
3284 6760 1
6760 6135 2
6135 5789 1
1502 4626 2
779 306 2
3501 6180 1
4112 1075 11
1075 1964 3
374 7158 1
2441 4805 1
4805 2338 1
7306 3548 1
3548 1964 1
6851 2964 1
2964 3528 1
1036 6405 1
3528 2862 1
2862 4558 1
619 4112 1
1357 6538 1
6538 5470 1
2107 2747 1
5591 3565 1
3565 5095 1
2122 4275 1
4275 3968 1
3968 2236 1
1233 5697 1
5697 1 1
1543 1964 1
5005 1535 1
5232 2841 1
4093 5882 1
5882 6851 1
2817 552 1
1964 1310 1
5814 1 1
3095 5419 1
5419 6740 1
4467 1179 1
1179 968 1
968 2876 1
2876 312 1
5662 6912 3
6912 684 1
684 138 1
138 575 1
3569 2275 1
1964 1415 1
1415 306 1
306 5601 2
5601 2817 1
2817 3755 1
7158 5108 1
5108 3528 2
5993 3528 1
3528 6432 1
6432 2338 1
940 386 1
7216 6490 1
6748 2338 1
940 7019 1
306 5989 1
5989 1964 1
3095 4721 1
5131 1144 1
1144 7294 1
7294 1072 1
1072 2289 1
2289 7306 1
7306 3190 1
3190 303 1
7296 968 1
1126 6223 1
1488 3206 1
3206 1543 1
4332 3242 1
3528 1928 1
1928 4520 1
4520 3095 1
303 5198 1
5198 5993 1
7099 295 1
295 3808 1
3808 1519 1
1519 1402 1
2097 1402 1
1402 455 1
2817 3548 1
3548 3255 1
3255 6740 1
6740 4530 1
4530 3161 1
3161 6223 1
6223 5480 1
5480 2371 1
2371 1981 1
1981 3757 1
3757 1964 1
2817 5470 1
1018 4625 1
4802 269 1
269 1944 1
1944 3254 1
5831 4508 1
4508 4387 1
4387 103 1
3081 5193 1
5193 4112 1
4112 6351 1
6351 6626 1
2442 4211 1
4211 1938 1
1938 5210 1
5210 4169 1
1964 6344 1
6344 3528 1
2817 4564 1
4564 1344 1
6405 2502 1
2502 2107 2
5418 2998 1
2998 7306 1
3808 4960 1
4960 2107 1
303 470 1
306 7105 1
7105 7019 1
5773 3259 5
295 3095 1
307 470 1
470 6633 2
6633 2021 1
3207 6038 1
6038 5662 1
3095 6358 1
6358 1964 1
5274 6633 1
6633 1347 1
1347 303 1
6017 6412 1
6412 2927 1
2927 2107 1
2107 6038 1
3527 3741 1
3741 2693 1
2693 3527 1
3527 1740 1
1740 219 1
7102 684 1
5175 510 1
510 1 1
1 6495 2
6495 3634 1
3527 3241 1
6055 6490 1
2817 3999 1
4932 1417 1
981 5962 1
5962 929 1
929 2122 1
2817 1422 2
1291 5418 1
5418 347 1
926 1233 2
5831 1114 2
6633 926 2
5676 5688 1
5688 5660 1
5662 2472 2
1951 6086 1
6086 5676 1
5676 2236 1
3316 6633 1
3116 4545 1
4545 6618 1
6618 2724 1
2724 5662 1
5662 1464 1
1464 455 1
1259 6017 2
6017 2095 1
2095 6494 1
3095 1259 2
6017 4729 1
4729 4688 1
303 44 1
44 375 1
375 303 1
3095 6086 1
7156 6017 1
6017 44 1
44 3095 1
6044 3245 1
2107 295 3
968 1114 1
603 3116 1
3116 3723 1
3723 477 1
477 1723 2
1723 2236 1
552 6618 1
1758 2236 1
2236 764 1
2817 663 1
663 2002 1
2002 6246 1
6246 3526 1
3526 4925 2
4925 1456 1
1456 2222 1
2222 6538 1
5681 2222 1
2222 2862 1
2862 44 1
44 7296 1
1947 7099 1
7099 2222 1
2222 1947 1
6420 1758 1
1 636 1
2532 1159 1
1159 5831 1
5831 4206 1
1723 2841 1
2622 4072 1
4072 926 1
926 3011 1
3011 6412 1
5831 2481 1
5676 1302 1
1302 2107 1
4435 6383 1
6383 1550 1
6161 7306 1
7306 1079 1
1079 2572 1
2572 3095 1
1141 6456 1
6633 4752 1
4752 2745 1
2745 4878 1
4878 4071 1
4071 2107 1
2107 770 1
6494 4878 1
4878 5754 1
4071 1 1
710 2358 1
2358 219 2
219 4547 1
4547 3290 1
989 303 1
6055 7018 1
1964 449 1
449 4112 1
7014 2029 1
2029 6412 1
6412 989 1
989 7102 1
940 2021 1
2021 2152 1
2152 3871 1
3871 2021 1
2021 2218 1
2218 306 1
7069 2021 1
2021 6736 1
4878 2255 1
2255 6405 1
6506 5280 1
5280 3813 1
3813 6038 1
7306 2978 3
2978 1944 4
2440 4878 1
4878 3044 1
3044 4071 1
4071 3162 1
4195 6538 1
5848 1037 1
1037 6656 1
6633 1114 1
2481 766 1
766 603 1
2122 2747 1
4071 981 1
5831 2021 1
2021 2440 1
2440 1403 1
1403 6748 1
6748 3209 1
3209 1 1
1593 3285 1
2817 1371 1
1371 2747 1
3972 4093 1
4093 5662 1
3626 1 1
1502 6651 1
6651 3284 1
3284 861 1
861 2222 1
2222 6656 2
6211 1981 1
2166 2236 2
3526 2531 1
5547 500 1
1233 1195 1
303 5204 1
5204 1 1
3285 4101 1
4101 2107 1
1233 5418 1
5418 1187 2
1187 986 1
986 6412 1
6412 4071 1
4071 986 1
986 2532 1
4729 1483 1
1483 3095 1
986 3808 1
1126 986 1
986 3259 1
3254 306 4
3164 3604 1
3604 3207 1
1550 4071 1
4071 1479 1
3241 547 1
547 3095 1
6563 1084 1
1084 2731 1
2731 1964 1
6538 6167 1
6167 3095 1
3226 7255 1
7255 3226 1
3226 5329 1
5329 684 1
4626 2373 1
2373 2841 1
2841 2819 1
2819 1587 1
1587 7306 1
6160 4688 1
1501 1844 1
1844 2978 1
4071 3526 1
6405 4877 1
4877 3095 1
7102 6113 1
6113 3526 1
3526 4071 1
4071 1964 2
3526 5287 1
5256 7014 1
2747 1234 1
1234 2817 1
5274 3585 1
3585 1844 1
1844 7226 1
7226 303 1
219 1114 1
1482 2789 1
1964 4970 1
4970 4112 1
4112 1463 1
1463 4071 1
4547 1117 1
1117 981 2
303 1183 2
1183 2122 1
303 4071 1
4071 5789 1
5789 981 2
1482 682 1
682 3951 1
3951 7306 1
6538 1482 1
303 2681 1
2681 3526 1
7293 2236 1
2236 4974 1
1964 665 1
665 4832 1
2102 6730 1
5955 682 1
682 3263 2
3263 7253 1
7253 6405 1
764 3467 1
375 6538 2
6055 3095 1
3095 7262 1
7262 451 1
1191 3828 1
3828 6022 1
6022 3431 1
3431 3116 1
5273 603 1
3240 3165 1
3165 4552 1
4552 2107 1
6405 2633 1
1981 7014 1
7014 5805 1
5805 594 1
594 2107 1
269 1360 1
1360 5754 1
5754 5559 1
5559 1964 1
6494 636 1
2532 1867 1
1867 6188 1
6188 2630 1
2630 5662 1
3095 6624 1
6624 6907 1
6907 644 1
3095 112 1
112 2123 1
2123 1964 1
1964 1274 2
1274 3095 1
3095 2925 1
2925 1502 1
603 3062 1
3062 1575 1
1575 1964 2
5005 1009 1
1009 1964 2
5005 5678 1
5678 2508 1
1191 6802 1
6802 6187 1
6187 1964 1
5595 2841 1
401 29 1
29 3240 1
3240 7306 1
2789 450 1
306 6495 1
6495 5131 1
5131 6307 1
6307 1964 1
3526 2999 1
2999 1 1
6490 2122 1
3526 1402 1
1402 5217 1
5217 5789 1
7296 261 2
261 4387 1
5848 3081 1
3526 3372 1
3372 7306 1
7016 2236 1
294 3242 1
3242 5306 1
7156 4530 1
6633 6768 1
6768 7296 1
3116 981 2
2481 219 1
1964 5998 1
303 5328 1
5328 6736 1
5568 6405 2
6405 4645 1
5754 7306 1
3526 3803 1
3803 6032 1
6032 306 1
3528 6160 2
6160 1126 1
3095 4520 1
4520 5005 1
219 5676 1
5676 2508 1
2508 2841 1
2841 5602 1
5602 6405 1
4239 2236 1
6451 1964 1
1964 6486 1
2817 5068 1
5068 306 1
2295 1161 1
1161 3396 1
3396 6973 1
6973 5660 1
1951 2817 1
2817 3368 1
401 1161 1
1161 2419 1
2817 6748 1
7102 3419 1
3419 2498 1
2498 1201 1
1201 6017 1
6017 1812 1
1812 3285 1
3285 5168 1
5168 1268 1
1263 6973 1
6973 2817 1
2817 3601 1
3601 3527 1
3527 6140 1
6140 1964 1
5662 203 1
203 2049 1
2049 6538 1
6538 202 1
202 2358 1
2841 5781 1
6259 3028 1
3028 2183 1
2183 3511 1
3511 1287 1
1287 843 1
843 3634 1
1920 1559 1
1559 3467 1
3467 2388 1
2388 1364 1
1364 7306 1
7015 1445 1
1445 1287 1
1287 217 1
217 1233 1
3527 5079 1
5079 2906 1
6506 3720 1
3720 1364 1
1364 6538 1
1502 5131 1
5131 2107 1
2107 1146 1
1146 1144 1
1144 7142 1
1502 2502 1
6906 6832 1
6832 4525 1
4525 2817 1
4878 6161 2
6161 7018 1
7018 3163 1
3163 5940 1
5940 929 1
1479 798 1
2466 6230 1
6230 2107 1
1964 6398 1
6398 1964 1
547 2737 1
570 7015 1
644 2744 1
2744 4878 1
7159 7158 1
7158 1322 1
1322 4160 1
4160 6143 1
6143 2817 1
2817 3155 1
3155 6405 1
6405 1117 1
1117 1482 1
4636 2669 1
2669 5688 1
5688 1964 2
1964 1566 1
1566 5662 1
5662 1638 1
1638 6259 1
6259 6263 1
6263 4972 1
4972 306 1
306 891 1
891 1381 1
1263 2434 1
2434 1964 1
5701 1981 1
1981 1364 1
1364 3527 1
1502 1255 1
1255 2107 1
1964 5688 1
5688 6506 1
6740 7229 1
7229 6955 1
7219 1152 1
5662 7303 1
7303 6259 1
1758 2841 1
2841 477 1
1723 6538 1
2097 2359 1
2818 4381 1
4381 6420 1
4925 1508 1
1508 7253 1
7253 2358 1
2358 4271 1
4271 2435 1
2435 2359 1
2359 3526 1
1964 785 1
785 3467 1
3467 5006 1
5006 6656 1
6656 1152 1
1152 7062 1
7062 6813 1
6813 2817 1
2817 3656 1
1152 552 1
552 1654 1
1654 6150 1
6506 4972 1
4972 2097 1
2097 5688 2
5688 1 1
1 6087 1
6087 2669 1
306 5687 3
5687 6494 1
2413 5571 1
5571 3244 1
3293 2786 1
2786 1964 6
1964 2577 5
2577 1114 1
1114 5943 1
5943 4100 1
4100 6150 1
6150 4182 1
4182 1964 1
2817 6760 2
6760 605 1
605 5006 1
5006 2841 1
452 1152 1
3565 2107 1
5921 1758 1
1758 6538 1
6538 3378 2
2817 1259 1
3526 6863 1
6863 4255 1
4255 7296 1
2817 1747 1
1747 7054 1
1344 7306 1
6995 3528 1
6420 1152 1
3095 1763 1
1763 2906 1
6506 4705 1
4705 1550 1
1550 2248 1
5553 3259 1
3259 1259 1
1259 6508 1
6055 7296 3
303 3184 1
3184 6399 1
6399 2624 1
2624 3526 1
303 491 1
491 4112 2
1075 5287 1
6575 3526 1
3526 1329 1
1329 1263 1
4467 1964 1
5287 6199 1
6199 1964 1
1964 2988 1
2988 7170 1
3095 5293 1
5293 5779 1
989 3526 1
4686 3666 1
3666 5568 1
5568 4579 1
5287 3064 1
6407 492 1
492 6889 1
4275 7170 1
7170 5723 1
2097 3120 3
6974 7158 1
7158 4988 1
4988 2097 1
1964 4377 1
4377 185 1
185 5662 1
6447 3116 1
2358 2327 1
2327 1233 1
7296 1181 1
1181 1233 1
1233 3278 1
3278 1464 1
1464 3116 1
3116 2107 1
5287 4363 1
3116 2937 1
2937 306 1
306 2724 4
2724 6979 1
6979 2835 1
2835 1964 2
682 1464 1
6490 634 1
2107 3612 1
3612 6897 1
3526 4954 1
4954 2222 1
303 1272 1
1272 961 1
961 2548 1
560 3526 1
3526 3920 1
3920 3252 1
306 5236 1
5236 1259 1
348 3526 1
5473 7156 1
7156 348 1
348 6738 1
6738 1347 1
1347 3526 1
3526 2684 1
2684 682 1
682 7165 1
7165 5967 1
5967 682 1
682 5938 1
1964 1902 1
1902 1964 1
1530 5662 1
294 7158 1
7158 2910 1
2910 4860 1
4860 6412 1
6412 3223 1
3223 3526 1
3526 5330 1
5330 5005 1
5005 1191 1
1191 6538 1
2440 3203 1
3203 1464 1
1464 6017 1
6017 2327 1
2327 6022 1
6022 3116 1
3116 1857 1
1857 6405 1
7156 6786 1
6786 5447 1
5447 6656 1
401 2548 1
2548 635 1
2236 1783 1
1783 2201 1
2201 306 1
306 2590 1
2590 1964 1
1114 2730 1
2730 5829 5
5829 6017 1
1964 1745 1
1745 1502 1
1502 6020 1
6020 3095 1
2532 4187 1
4187 7016 1
7306 6498 1
6498 6508 1
7209 3526 1
3526 1195 1
1195 347 1
4112 4071 1
4071 3095 1
3095 4435 2
4435 6493 1
6456 4435 1
4435 2817 1
4625 5020 1
5020 293 2
4547 696 1
6412 6452 1
6452 1844 1
1844 1233 1
617 6420 1
5831 3530 1
3530 2817 1
5326 1964 1
3378 1114 1
929 1026 1
1964 2730 1
2730 6538 17
6538 1906 1
1501 2107 1
7306 4549 1
2029 1 1
65 1964 1
293 4239 1
4239 4688 1
3116 502 1
502 6626 1
981 193 1
193 6633 4
2747 1114 1
1114 3240 1
3240 3526 1
1944 6456 1
2817 4865 1
4865 1964 1
637 7015 1
7015 455 1
455 6538 2
3116 4967 1
4967 1964 1
269 5662 4
5662 6724 1
6724 1964 1
6169 2440 1
2440 2817 1
2817 1944 2
5681 97 1
1417 7158 1
7158 1944 1
7156 4892 1
4892 1114 1
3526 5788 1
2719 2400 1
1944 6538 2
5662 3132 1
3132 3290 1
7296 7160 1
7160 3808 1
3808 6270 1
6270 2440 1
2440 2403 1
2403 2236 1
2236 2403 1
2403 4686 1
4686 4180 1
4180 2097 2
1964 4826 2
4826 6169 1
6169 6633 3
6633 5964 1
5964 7159 1
7159 5400 1
5400 2841 1
303 3651 1
3651 6506 2
3254 5585 1
5585 3095 1
5964 3244 1
6493 6538 2
6538 3387 1
1233 968 1
269 3904 1
1530 3526 1
6633 7159 1
7159 981 1
6385 3652 1
3652 1233 1
981 6385 1
6385 3226 3
5938 3207 1
2817 5418 1
455 3207 1
6385 5882 1
5882 4945 1
4945 3095 1
453 6538 1
6538 4180 1
3116 1 3
1126 3722 1
3722 1964 1
950 859 1
859 1964 1
981 6282 1
6282 994 1
994 7156 2
6633 6439 1
6439 6412 1
437 269 1
2403 3797 1
3797 6385 1
637 5073 1
5073 348 1
348 7306 1
4589 7296 1
637 3528 1
3528 6385 1
6385 3528 2
1064 6784 1
6784 640 1
640 3000 1
3000 1263 1
5977 3095 1
3244 6385 1
6490 6221 1
2730 5669 1
5669 303 2
7156 3241 2
3241 348 1
348 3210 1
3210 1488 1
1488 1474 1
1474 7156 1
303 2607 1
2607 7156 1
5789 5848 1
5848 3101 1
3101 2841 1
3095 3647 1
3647 293 1
6736 603 1
295 2440 1
2440 4132 1
4132 4060 1
4060 6538 1
3095 5156 1
5156 5676 1
5676 3254 2
1964 6500 1
6500 5374 1
5374 3095 1
6633 6683 1
6683 1114 1
373 6538 1
3095 5846 1
5846 356 1
2456 1482 1
1482 3252 1
3252 7158 1
7158 3920 1
3920 5779 1
5779 560 1
560 1 1
4686 4187 1
981 2044 1
2044 4148 1
4148 1456 1
5669 7296 1
3116 2021 4
3207 1479 2
4385 6412 1
2358 4634 1
4634 6661 1
6661 6405 1
3739 7306 1
3526 4148 1
4387 3116 1
3116 4335 1
1152 5327 1
5327 2768 1
5014 2841 1
2841 1959 1
1959 3095 1
2532 6538 1
7208 1233 1
4207 7156 1
1479 3285 1
3285 6846 1
7156 2309 2
2309 6405 1
5662 929 2
929 2817 1
6633 3585 1
3585 1233 5
1233 6507 1
6507 6851 1
6851 6344 1
4352 3528 1
3116 378 1
4892 1479 1
5848 3786 1
450 3603 1
3603 306 1
306 6651 2
6651 408 1
408 348 1
348 219 1
6452 2097 1
3526 4862 1
4862 6405 1
7296 1126 1
7014 7158 2
7158 219 1
219 303 2
3011 1263 1
1594 3608 1
3608 1333 1
2622 7077 1
2517 6538 1
2309 2906 1
2906 4832 1
3634 6941 1
6941 5723 1
5723 6736 1
3808 7326 1
7326 2107 1
4559 7014 1
7014 2854 1
2854 219 1
219 975 1
975 2358 1
2358 5727 1
5727 4472 1
3528 927 1
6651 2693 1
303 5727 1
5727 4544 1
4544 2817 1
2817 4979 1
4979 7054 1
7054 3798 2
3798 6334 1
6334 975 1
975 6173 1
306 284 2
284 1 1
5676 5797 1
5797 3666 1
3666 6538 1
6538 3128 1
3128 5033 1
5033 1 1
1 1474 1
1474 684 1
6538 2502 1
1964 5131 2
5131 7156 1
1126 5147 1
5147 1188 1
1188 4688 1
6599 4878 1
2123 4071 1
4071 2045 1
2045 1126 1
1126 6256 1
6256 3207 1
3207 3149 1
3149 4382 1
4382 1427 1
1427 1 1
347 6256 1
6256 3426 1
3426 1333 1
1126 6017 1
6017 3207 1
3207 7158 1
1141 3527 1
3527 6083 1
6083 1918 1
1918 7062 1
7062 6656 2
1233 1255 1
1255 306 1
1217 6955 1
6955 6506 1
2841 3267 2
3267 2404 4
2404 401 1
7156 4941 1
4941 7297 1
7297 3267 1
3267 1114 1
6015 7062 4
7062 1 3
5669 682 1
682 373 1
373 3665 1
3665 2222 1
2222 2128 1
2128 114 1
114 3116 1
3244 1550 1
3095 5920 1
5920 1233 1
5418 2789 1
293 780 1
780 306 1
306 3512 1
3512 6506 1
5662 1213 1
1213 7062 1
7062 1130 1
6760 5131 1
5131 1363 1
1363 929 1
347 963 1
963 3254 1
5676 4991 2
4991 751 1
751 682 1
682 6600 1
6600 7156 1
1483 3254 2
4893 2115 1
2115 1992 1
1992 5662 1
1480 4206 1
3467 4103 1
4103 6626 1
1480 1259 1
219 7137 1
7137 823 1
823 3526 1
1981 5372 1
5372 1852 1
1852 1964 1
3537 2236 1
2236 3244 1
3244 7297 2
7297 3537 1
3537 1259 1
3095 4871 1
4871 1964 1
1333 684 1
684 4879 1
4879 1981 1
989 7018 1
7018 7296 1
3090 3425 1
3425 450 1
450 7019 1
293 6941 1
6941 1479 1
1479 981 1
981 5198 1
5198 4991 1
4991 1187 3
1187 452 1
6941 3536 1
3536 1114 1
7054 5172 1
5172 5662 1
6912 6860 1
6860 3244 1
4734 7306 1
1417 2439 1
2439 603 1
989 3904 1
1321 2906 1
2906 5407 1
5407 7159 1
7159 6412 1
6412 1981 1
5773 4042 3
2817 4042 2
4042 2107 1
4042 347 1
347 3292 1
3292 1502 1
1502 3726 1
3726 3267 1
2404 7158 1
7158 6015 1
3527 7062 2
7062 1114 1
7156 7062 1
7062 1964 3
6405 6012 1
6012 2906 1
6506 4941 1
4941 3267 1
3267 603 1
6633 4720 1
4720 929 1
6930 3189 1
3189 710 1
710 5681 1
1480 1221 1
1221 6161 1
6161 7156 1
6633 3212 2
3212 1964 1
1964 2226 1
2226 3241 1
3302 87 1
87 6607 1
6607 3226 1
3302 2103 1
2103 3226 1
3302 130 1
130 7097 1
7097 1 1
1 935 1
935 2860 1
2860 1114 1
1482 1941 1
1941 926 1
5964 7158 2
7158 1680 1
1680 3587 1
3587 6412 1
6412 5128 1
5128 6161 1
6161 3207 2
3207 684 1
684 10 1
10 981 1
2906 3267 1
3267 3963 1
3963 2899 1
2899 1964 1
6405 3609 1
1 3541 2
3541 5036 1
5036 7157 1
1715 1 1
1 3267 1
3267 1707 1
1707 1097 1
5673 7158 1
7158 1126 1
1126 5681 1
5681 1955 1
1955 6642 1
6642 3095 1
5326 926 1
926 4044 1
4044 1964 1
7156 3267 1
3267 6044 1
6044 7054 1
7054 4686 1
6044 4872 1
4872 2097 1
2097 4116 1
4116 4111 1
4111 3527 1
3527 3264 1
3264 3527 1
1964 3698 1
3698 6015 1
7062 603 1
1187 4742 1
4742 3219 1
3219 1677 1
1677 391 1
391 2522 9
2522 2841 1
2841 1963 1
1963 6230 1
6230 6104 1
306 5584 1
5584 5943 1
5779 3264 1
3264 4688 1
7156 2522 1
2522 2340 1
2340 7054 1
7054 1178 1
1178 6955 1
6955 3095 1
6966 1 1
6736 6633 1
6633 1501 1
1501 2587 1
1964 379 1
379 5948 1
5948 6966 1
6966 6633 1
6633 2212 1
2212 4561 1
5785 1964 1
1964 353 1
353 306 1
306 6438 2
5595 2492 1
2492 2021 1
306 2859 1
2859 2021 1
1482 2447 1
2447 603 1
4546 929 1
929 7015 1
7015 1479 1
65 3506 1
7297 6973 1
6973 303 1
303 5584 1
5584 1479 1
3284 4115 1
4115 2817 1
3526 769 1
769 7306 1
2817 5584 1
5584 2236 1
2817 1233 1
1233 770 1
770 7113 1
7113 4255 1
4255 1 2
5962 1575 1
5723 6345 1
6345 5631 1
1550 4216 1
4686 432 1
432 4396 1
4396 989 2
989 3565 1
3565 432 1
432 3828 1
3241 2907 1
2907 3207 1
7156 6169 1
1114 3725 1
3725 1233 1
1233 3264 1
3264 1026 1
4518 981 1
2296 2122 1
7296 2907 1
2907 1 1
7156 644 1
644 6633 1
437 3725 1
3725 3526 1
3264 2735 1
2735 10 1
10 6405 1
2789 6015 1
7062 3747 1
3747 5779 1
6493 107 1
1 3264 1
3264 303 1
3259 4893 1
4893 3369 1
7296 3606 1
3606 3170 1
3170 6656 1
6538 1233 1
4552 1259 1
7296 3292 1
3095 5509 1
5509 7156 1
1461 6405 1
6405 4931 1
4931 3207 1
3207 4893 1
261 3290 1
1 391 2
2522 7296 1
2744 2817 1
2817 5384 1
5384 5754 2
5754 5140 1
6361 5773 1
1233 391 1
2522 1 3
1 3993 1
3993 3527 1
3527 2744 2
306 4048 7
4048 6736 1
4098 295 1
295 4048 1
4048 1114 2
1114 4991 1
4991 1480 1
1480 7156 1
7296 4083 1
4083 6538 1
6055 981 1
3292 1233 1
1233 3241 1
3241 391 1
2522 3207 1
3207 3292 1
3292 6633 1
5676 4083 1
4083 3145 1
3145 7156 2
5999 391 1
2522 3526 2
3293 6656 1
3527 295 2
6173 3527 1
306 6644 4
6644 3095 1
6324 7156 1
2532 684 1
1187 1947 1
2906 929 1
6633 2104 1
2104 3254 1
1187 4112 1
4112 4766 7
4766 2102 1
5287 7159 1
3260 1114 1
1114 4878 1
4878 1479 1
1126 7297 1
7297 2522 1
4870 347 1
1502 3620 1
6644 4626 1
4626 4115 1
4115 347 1
7296 6780 1
6780 6633 1
1417 6780 1
6780 3095 2
3095 4539 1
4539 1482 1
6044 6780 1
3620 603 1
293 7012 1
7012 1189 1
6412 3242 1
5964 3290 1
4766 7157 1
303 2522 1
2522 2481 1
2481 5217 3
5217 303 1
1979 5145 1
5145 4766 3
4766 3467 1
6055 1479 1
2817 4596 1
4596 5140 1
5140 7158 1
7158 5773 1
1233 2522 1
2522 6656 1
303 3191 1
3191 5662 1
5662 6655 1
1417 2522 1
2522 1981 2
1981 3572 2
3572 2316 2
2316 3254 1
6245 1270 1
1270 2841 1
3527 1991 1
1991 3095 1
3292 1 1
4048 3527 2
2744 1761 1
1761 3095 1
7102 6608 1
6608 1964 1
6644 6173 1
6173 6494 1
3808 306 2
7297 1191 1
1191 5291 1
5291 3526 1
2122 3226 1
3226 3290 1
1964 7173 1
7173 6633 1
3203 929 1
6930 1479 1
5999 3254 1
3254 6405 1
6405 4508 1
4508 293 1
293 926 1
926 7296 2
7158 1034 2
1034 4830 2
4830 107 1
2316 1114 1
7296 2458 1
5979 3290 1
2481 6538 1
6538 1187 1
2107 1944 1
6407 1479 1
7016 4631 1
4631 2747 1
6039 7014 1
7014 4366 1
4366 5140 1
5140 5662 1
389 3526 1
6626 6656 3
7309 1482 1
2821 3828 1
3828 3526 1
5848 4366 1
4366 2439 1
5619 1 2
2817 5619 1
5619 6538 1
6538 1259 1
1233 400 1
400 1260 3
1260 2122 1
1482 1260 1
1260 1233 1
1964 4053 1
4053 3095 1
6791 3290 1
3290 4471 1
4471 7156 1
6791 3259 2
3259 347 2
3526 5995 1
5995 6203 1
6203 2110 1
2110 1949 1
1949 1479 1
3526 4013 1
4013 1981 2
1981 3521 2
3521 2567 4
2567 2021 1
2021 1981 1
1981 6216 1
6216 3392 1
3392 5662 1
5662 231 1
231 1114 1
6633 6538 3
6538 2744 1
2744 746 1
746 4013 1
4013 6656 1
6656 1112 1
1112 1964 1
1964 1004 1
1004 5892 1
5892 6656 1
6656 6749 2
6749 1112 1
1112 4112 1
4112 2137 1
2137 3095 1
3095 96 1
96 7158 1
303 4013 1
4013 1458 1
1458 7299 1
7299 6633 1
6633 989 1
989 3528 1
640 1187 1
1187 4013 1
1981 7092 1
7092 5676 1
5676 6441 1
6441 1964 1
1964 3184 1
3184 635 1
635 3342 1
3342 2666 1
2666 4309 3
4309 1114 1
7156 4221 1
4221 4206 1
3528 6897 1
6897 2737 1
634 3127 1
3127 1 3
1964 2694 1
2694 4688 1
7156 4013 1
4013 3528 2
3528 3766 1
3766 3302 1
3302 6232 1
6232 1108 1
1108 4013 1
4051 3226 1
6223 7018 2
293 3529 1
3494 4206 1
5631 7296 1
4931 3290 1
2481 1 1
5773 7119 1
7119 2735 1
2735 1187 1
1187 1981 1
1981 5570 1
5570 5662 1
2440 5133 1
5133 1964 1
1964 1516 1
1 1941 1
1941 4051 1
4051 5754 1
3526 4539 2
4539 1986 1
1986 401 1
2722 7156 1
3526 1680 1
1680 4625 1
4625 5681 1
5681 5133 1
5133 6400 1
6400 6087 1
6087 6405 1
2789 3077 1
3077 3526 1
3526 465 1
465 2841 1
2841 1522 1
1522 6428 5
712 306 2
3501 1508 1
1508 2642 1
2642 640 1
6161 6656 1
1233 3207 1
3207 1522 1
6428 3526 1
3526 2327 1
2327 1981 1
1981 2724 1
2724 7296 1
3526 1371 1
1371 684 1
5274 3244 2
5374 7296 1
307 929 1
6930 3526 1
1191 2982 1
2982 1964 1
712 6428 1
6428 1550 1
1550 3501 1
1 7154 1
7154 3527 1
6633 3142 1
5274 4467 1
4467 5374 1
5374 3161 1
3161 7156 1
6420 4051 1
4051 2841 1
2841 6428 2
6428 2021 2
7102 6493 1
6493 2122 1
1502 5998 1
5998 6428 1
6428 4608 1
4608 603 1
1482 347 1
3526 6428 1
6428 684 1
5274 7176 1
7176 347 1
1483 6750 1
6750 2122 1
1191 7094 1
7094 3528 1
3095 1295 1
1295 2817 1
6846 5601 1
5601 2358 1
1896 2097 1
1594 1964 1
1344 1550 1
7296 6888 2
6715 4366 1
4366 5662 1
389 5140 1
1964 125 1
5619 7306 2
7306 5407 1
5407 1482 1
2702 1964 2
450 975 1
975 1964 2
6494 6618 1
6618 6329 1
6329 7306 1
7306 2928 1
2928 7296 1
7296 1665 1
1665 4688 1
5591 640 1
981 3259 1
3095 1652 1
1652 1 1
1 2373 1
2373 3526 1
2817 4524 1
4524 6749 1
6749 1 2
2107 1276 1
1276 414 1
414 2553 1
293 1276 1
1276 1964 1
3244 3526 1
3095 3632 1
3632 517 1
3095 4829 1
4829 1479 1
1479 6749 1
6749 6768 1
2358 3293 1
3293 3526 1
1259 4115 1
4115 7296 1
4772 1964 1
1259 6749 2
6749 2817 1
2817 2029 1
2029 4464 1
4464 4772 1
4772 2383 1
2383 306 1
7296 1340 1
2817 6506 2
6506 4539 1
4539 1259 1
3526 3588 1
3588 1981 1
3095 6749 1
6749 6493 1
2296 1403 1
1964 5306 1
6736 5681 1
3115 1411 1
1411 2108 1
2108 6223 1
6223 2383 1
2383 1479 1
6643 6405 2
5568 2383 1
2383 684 1
5631 4221 2
4221 1 1
6740 4626 1
1581 7054 1
7054 5329 1
5329 2002 1
2002 5228 1
5228 2002 1
7306 6224 1
6224 44 1
44 5662 1
5662 3450 1
3450 6656 1
7306 1817 1
1817 4386 1
3665 3116 1
3116 1217 1
7059 3095 1
3095 3417 1
3417 1550 1
7156 2383 1
2383 2744 1
2744 6506 1
6506 6490 1
7156 4539 1
4539 7156 1
981 1947 2
1947 44 1
44 7306 2
7306 4539 2
4539 1 1
7156 44 1
4539 517 1
7158 107 1
107 1981 1
6643 603 1
7102 5366 1
5366 981 1
6633 6173 1
3164 3265 1
3265 1259 1
1259 3929 1
3929 1233 1
1233 7158 2
2789 6668 1
6668 6642 1
6642 6493 1
6493 1403 1
1191 684 1
4615 3290 1
6160 7019 1
7019 3095 1
7306 2043 1
2043 6209 1
6209 1259 1
6749 1479 1
2906 5831 1
1114 5346 1
5346 2896 1
2896 682 1
682 6517 1
6517 2102 1
2107 4221 1
5955 6310 1
6310 44 1
44 6405 1
6888 2817 1
2817 4280 2
1161 3244 1
6538 3709 1
306 4972 6
4972 1 3
1161 6257 1
6257 3526 1
5890 764 1
4625 1964 1
5797 2841 1
243 4191 1
4191 3526 1
1037 2413 1
2413 2042 2
2042 3290 2
7296 2502 1
2502 1371 1
1371 2413 1
1502 2042 1
2042 2107 1
7156 7158 1
7158 2309 1
2309 347 1
3095 1959 1
1959 1502 1
2817 1920 1
1920 737 1
737 303 1
6221 2786 1
2577 7156 1
4972 3095 1
986 5306 1
5306 6169 1
6169 3526 2
7306 968 1
6412 6051 1
6051 7156 1
5131 4068 1
4068 7017 1
7017 1964 2
6930 926 1
5966 7157 1
6749 303 1
303 2786 1
2577 1964 3
3263 4965 1
7158 400 2
400 4255 3
4255 7306 1
6169 1479 1
7159 6084 1
3526 5122 1
5122 6736 1
5133 1141 1
3526 2222 1
2222 1964 1
2295 2786 1
2786 2577 1
2577 1482 1
1117 3290 1
2817 2786 1
2577 3095 1
4335 6493 1
3292 3265 1
3265 2107 1
6656 2834 1
2834 7296 1
4255 4206 1
4206 6973 1
6973 3290 1
5131 960 1
960 684 1
5274 960 1
960 4090 1
4090 3112 1
3112 1 1
4435 5681 1
5681 4768 1
4768 6161 1
3241 1403 1
3207 5882 1
5882 7306 1
5966 7158 1
7158 1187 1
1187 4303 1
4303 640 1
640 2309 1
2309 3265 2
3265 1114 1
3095 1920 1
1920 1715 1
1715 5779 2
5779 640 1
640 6656 1
6420 6441 1
6441 5853 1
5853 1964 1
7296 6897 1
6897 3127 1
3127 1550 1
1550 3127 1
637 2309 1
2309 1114 1
603 2996 1
2996 3467 1
3467 6749 2
6749 306 1
306 1723 1
1723 1252 1
1252 306 1
306 2641 1
2641 898 1
898 5650 1
5650 1964 1
565 6412 1
1417 5882 1
3526 2308 1
2308 7306 1
6633 3662 1
3662 3290 1
1944 2694 1
2694 4482 1
4482 6577 1
6577 5802 7
764 2011 1
2011 1920 1
1920 306 1
306 2204 2
2204 603 1
295 1488 1
6626 6643 1
6643 6245 1
2841 5853 1
5853 6656 1
2204 3244 1
1964 1940 1
1940 3207 1
1 4832 1
6626 1940 1
1940 6656 1
6538 6749 1
6749 6494 1
303 1940 1
1940 640 1
640 6633 1
6633 5702 1
6495 1207 1
1207 293 1
293 185 1
5274 926 1
3226 779 1
779 2553 1
293 764 1
5274 6506 1
1233 2757 1
2757 7158 1
3526 3265 1
3265 3675 1
3675 3526 1
3526 4510 1
4510 1263 1
4589 3207 1
4510 3212 1
2817 4539 1
4539 6577 1
985 347 1
347 2311 1
2311 2817 1
2831 1920 1
1920 1 1
5882 4539 1
4539 6538 1
6538 3290 3
347 3161 1
3161 2309 1
2309 6251 1
6251 5882 3
5882 4435 2
5669 3095 1
2982 3772 1
3772 2011 1
3573 2107 1
1233 517 1
3095 3772 1
3772 6493 1
6494 7159 1
7159 2982 1
2982 2789 1
2789 3414 1
3414 5005 2
1944 1947 1
1947 2817 2
2789 5576 1
5576 537 1
537 5662 2
5662 4255 1
4255 6251 1
4766 2906 1
1417 2309 1
2309 1144 1
985 3259 1
7296 3240 1
3161 3145 1
1134 303 2
7306 6040 1
6040 5773 1
6405 2309 1
2309 4540 1
4540 2107 1
1964 569 1
2817 2309 2
2309 6577 1
985 6493 1
6493 2744 1
3526 770 1
770 1964 1
6674 2107 1
6506 4275 1
4275 6564 2
6564 1114 1
2124 5998 1
5998 981 1
981 569 1
569 2817 1
7296 3241 1
3241 1479 1
2906 6405 1
2789 569 1
2817 4483 1
4483 985 1
985 2309 1
2309 7296 1
7306 3209 1
3209 6245 1
6506 4856 1
4856 6405 1
5789 5695 1
5695 1371 1
1371 927 1
927 1144 1
1144 3265 1
3265 1366 1
1366 6575 1
6575 981 1
3467 2817 1
4042 6538 1
1479 6412 1
6412 4788 1
4788 3095 1
4766 1964 1
5145 5550 1
5550 981 1
6405 566 1
6420 4206 1
4365 2313 1
2313 1480 1
1480 5571 1
4042 3526 1
3526 4636 1
5662 1362 1
1362 1964 1
5662 3453 1
3453 1964 1
6633 3255 1
3095 3067 1
3067 929 1
929 3219 1
6209 107 1
107 1366 1
1366 3265 1
3265 6575 1
6575 7253 1
684 6847 1
6847 2817 1
1161 4112 1
1075 1836 1
1836 306 1
306 5688 5
5688 858 1
858 2841 1
4432 2472 1
2472 975 1
5269 2817 1
2817 5522 1
5522 5779 1
5779 2693 1
2693 6955 1
7219 342 1
342 3230 1
243 6538 1
1550 2404 1
2404 1233 1
1233 4206 1
1964 4222 1
4222 4255 1
2236 2305 2
2305 5269 1
5269 3244 1
1480 1445 1
1445 4688 1
7156 3466 1
3466 6656 1
1233 474 1
474 7170 1
5676 1920 1
4941 1964 1
2404 6493 1
3265 7170 1
4485 6858 1
5631 5779 1
5779 3058 1
3058 1263 1
1263 554 1
554 1 1
2624 2942 1
2841 6577 1
985 5269 1
5269 1 1
1 4349 1
684 6577 1
6577 584 1
584 3526 1
6506 432 1
432 1 1
6538 5890 1
5890 261 1
261 2309 1
2309 455 1
455 1645 1
1417 1287 1
1323 4686 1
6209 929 1
929 3254 1
764 1479 1
303 6749 4
6749 3290 1
6405 4688 3
7156 634 1
3528 5882 1
6699 6533 1
6533 3155 1
3155 1114 1
2309 4893 1
293 5261 1
5261 2719 1
2719 306 2
1195 4387 1
4387 5975 1
5975 7080 1
7080 6405 1
1964 554 1
554 2841 2
2309 293 1
293 5779 2
5779 985 1
985 1550 1
1550 985 1
293 4767 1
4767 6405 1
315 3150 2
3150 2906 1
634 2552 1
2552 6656 1
3284 6405 1
6405 5074 1
5074 4893 1
3127 259 1
259 5269 2
5269 4387 1
4387 554 1
554 3095 1
5068 5418 1
5418 4349 1
4349 2817 1
1964 3265 2
3265 306 1
5631 450 1
5995 6405 1
1187 6538 1
1964 3187 1
3187 1964 1
1964 3217 1
1964 5145 2
5145 3287 2
3287 1964 1
7296 3632 2
3632 1479 1
1479 6747 1
6747 3259 1
6161 684 1
5274 3207 1
3207 303 1
303 2309 1
2309 2786 1
2786 1 1
1 568 1
568 269 1
7296 3265 1
3265 603 1
1191 981 2
3290 6538 1
6055 989 1
5418 1910 1
1910 5270 1
6456 1482 1
1482 6538 3
6538 7014 3
7014 2786 1
2786 7296 1
7156 3217 1
3287 6405 1
7296 5586 1
5586 6361 1
6361 2984 1
2984 2236 1
7306 437 1
437 6768 1
2021 44 2
2021 6902 3
6902 1981 1
1981 590 1
7237 7306 1
7306 5291 1
5291 3095 1
6420 4112 1
4766 4435 1
4435 1187 1
1187 2553 1
3292 6405 1
6902 1479 1
1479 2786 1
2786 2561 1
2561 6405 1
7306 2786 1
1964 3684 1
3684 7296 1
2021 6420 1
6420 44 1
6902 1 1
6438 10 1
10 5217 1
5217 1417 1
1964 1379 1
1379 2430 1
2430 3095 2
1141 3290 1
1483 981 1
1191 2744 2
2744 3828 1
3828 569 1
569 7159 1
7159 1964 1
1964 2786 1
2786 5220 1
6995 1 1
3095 7296 1
5676 303 1
293 5145 1
4371 293 1
5779 3017 1
3017 4766 1
4766 7156 1
4435 6490 1
6490 4435 1
6490 3207 1
2440 1944 1
2906 6538 2
6538 3161 1
3161 1183 1
1183 108 1
108 5301 1
5301 2107 1
4558 7296 1
6633 2744 1
2744 3675 1
3675 1233 1
1233 2786 1
2786 5131 1
3095 567 1
567 4688 1
6633 5585 1
5999 1 1
7306 3161 1
4688 3289 1
3289 7306 1
4435 1141 1
1141 6386 2
6386 3265 2
3265 6656 1
303 3266 1
3266 3259 1
644 4211 1
4211 3526 1
5754 3526 1
3526 7194 1
7194 3526 1
981 1141 1
3265 7306 1
6006 3095 1
1187 4686 1
6086 4614 1
2472 6222 1
6222 5407 1
5407 2200 1
2200 1964 2
6344 1964 2
1117 2309 1
6412 4846 1
4846 684 1
684 6656 2
4766 7306 1
450 6493 1
6493 2577 1
3528 1117 1
1117 3576 1
3576 6490 1
6490 2200 1
2200 6490 1
6490 2577 1
2577 6405 1
6506 2280 1
2280 2526 1
2526 2309 1
2309 2817 1
303 4495 1
4495 219 1
2789 3808 1
6490 4491 1
4491 4617 1
4617 1445 1
1445 7306 1
2865 4284 1
6538 6209 1
518 7016 1
7016 492 1
492 4112 1
1075 6506 2
3095 4488 1
4488 5662 1
5662 554 1
883 3240 1
2789 492 2
492 2107 1
4671 7156 1
1187 2789 1
3227 1114 1
4349 5145 1
4766 6299 1
6299 4112 1
1 569 1
7296 1075 1
1075 6405 1
5773 2841 1
1195 6538 1
6538 6224 1
6224 306 1
1340 3521 1
2567 1964 8
1964 2666 1
4309 7158 1
2903 1233 1
1233 4013 1
1482 7219 1
7219 5675 1
5736 1 2
684 5947 1
5947 553 1
553 3120 1
6974 4247 1
4247 6730 1
1964 6224 1
6224 6575 1
6575 1522 2
6428 6538 1
7297 6428 1
6428 3095 1
6683 4688 1
1233 712 1
712 3528 1
3501 3528 1
3528 6813 1
284 3506 1
3506 6019 1
6019 2300 1
2300 2817 1
6493 4278 1
3565 2841 1
3528 4051 1
4051 6538 1
6538 6855 1
2107 3972 1
3972 414 1
414 1233 1
1233 5144 1
5144 3528 1
1445 981 2
2305 2309 1
2309 3526 1
4813 1964 1
1964 814 1
814 306 1
5587 7156 1
7156 269 1
293 3746 1
6412 1977 2
1977 1 1
7156 2966 1
2966 1147 1
1147 6161 1
6161 6506 1
6506 3614 1
2841 2125 1
2125 1981 1
4387 3207 1
3207 2907 1
2907 5848 1
7156 6006 1
6006 2906 1
2906 4191 1
7297 408 1
1075 306 1
3079 3470 1
3470 1858 1
5779 3467 1
3467 5737 1
5737 4655 1
4655 4206 1
4206 3512 1
3512 6656 1
1964 6846 1
3526 7025 1
2817 261 1
261 5737 1
5737 306 3
3501 3259 1
2817 3081 1
3081 2309 1
2309 2200 1
4467 401 1
401 5269 2
5269 303 1
2817 492 2
492 4206 1
2404 2097 2
6973 4747 1
4747 3827 1
3827 3028 1
3028 5737 1
5737 1654 1
1654 3527 1
1964 6006 1
6006 4655 1
4655 3506 1
3506 1233 1
3526 3494 1
7156 2388 1
2388 1964 1
1911 5662 1
452 1 2
267 3526 1
4681 3526 1
1769 2928 1
2928 2817 1
2817 997 1
682 2496 1
2496 2034 1
2034 4686 1
4686 1867 1
1867 7158 1
1502 4925 1
4925 3693 1
3693 1961 1
1961 6015 1
6661 293 1
293 500 1
2719 3259 1
6538 1312 1
1312 3526 1
4766 5820 1
5820 2097 1
5470 2122 1
2817 4071 1
7296 3952 1
3952 306 1
3467 2703 1
2703 1479 1
1479 4275 1
6564 1964 1
233 3526 1
3219 2817 1
3526 3585 3
3585 3426 1
3426 6493 1
1233 6046 1
1482 1323 2
1323 5662 2
3528 5831 2
5831 6006 1
6006 6499 1
5005 6221 1
6538 6223 2
5480 1964 1
7156 1456 1
5669 4990 1
4990 7170 1
2753 500 1
1 6655 6
5672 1554 1
1554 6748 1
6748 7015 1
1964 6381 1
6381 2532 1
3526 1269 1
1269 1964 1
303 3161 2
3161 6490 1
6863 2817 1
6633 2246 1
2246 303 1
303 4665 1
4665 5662 1
6633 2994 1
2994 5005 1
1977 7306 1
7306 3745 1
3745 3095 1
5964 3259 1
3095 3384 1
508 2841 1
5053 5473 1
5473 1134 1
6412 1479 1
1479 7156 1
7156 1644 1
1644 3526 1
2817 1368 1
1368 3526 1
3526 4048 1
4048 5662 1
1403 2424 1
2424 414 1
414 7113 1
7113 3053 1
3053 6538 1
6538 3116 2
2358 3278 1
3278 3526 1
3526 1464 1
3303 3255 1
6726 1964 1
6506 6209 2
7158 3052 1
3052 3095 2
3528 1366 1
1366 1 1
1 414 1
414 2673 1
2673 2817 1
303 2212 2
2212 1456 1
1456 306 1
3772 3140 1
3140 861 1
861 303 1
303 6406 1
6406 4861 1
2097 6474 1
6474 6654 1
6654 6918 1
6918 2021 1
2021 2212 1
2212 3527 1
2236 4221 1
5955 5848 1
3526 6406 1
6406 2122 1
303 414 1
414 1964 2
6538 3067 1
3067 3526 1
2107 400 1
1260 2841 1
2841 5619 1
7156 5921 1
1233 3240 1
4552 1874 1
1874 684 1
2906 3259 1
3259 5568 1
7014 1944 2
1944 5287 1
2817 124 1
124 306 1
3408 3526 1
3620 1289 1
6538 356 2
356 6656 1
2737 6392 1
1964 6595 1
6595 1981 1
1981 2617 1
2617 4727 1
4727 6405 1
3177 5026 1
779 3385 1
4625 6135 1
6135 6506 2
684 3363 1
3363 6538 1
6538 3808 3
5281 981 1
3242 6656 1
6412 402 1
402 1972 1
1972 1964 1
6412 195 1
195 4064 1
4064 1259 1
1259 6788 1
1530 306 1
3527 1973 1
1973 1 1
4686 1583 1
1583 293 1
3090 5538 1
5538 3585 1
1233 4688 2
1233 2296 1
634 4856 1
4856 1964 2
1906 3286 1
3286 3526 1
2744 5514 1
5514 985 1
2841 585 1
585 1964 1
4645 5549 1
5549 1964 1
3164 6899 1
6899 5122 1
5122 1964 1
6494 5122 1
5122 6889 1
2097 4449 1
4449 1964 1
1964 2014 1
2014 4309 1
4309 6523 1
6523 2841 1
2841 2673 1
2673 7087 1
7087 1964 1
6538 4472 1
5662 2567 4
2567 2097 1
2166 4686 2
6974 1964 2
7306 5329 1
5329 3655 1
3655 3116 1
3116 950 1
950 6538 1
6538 1829 1
1829 2466 1
2466 4309 1
4309 306 1
2617 2516 3
2516 2358 1
2724 1259 1
5029 3053 1
3053 2097 1
4491 1964 1
1964 4491 1
4491 1718 1
1718 1233 1
1233 3696 1
3696 2466 1
2466 2516 1
2516 1964 1
3095 3341 1
3341 684 1
684 1959 1
1959 7014 1
2789 6538 1
6055 5676 1
1233 3828 1
3828 452 1
4211 5848 1
303 2138 1
2138 2021 1
7159 4559 1
306 6979 1
6979 7296 1
295 1944 1
2532 6506 1
2464 6405 1
5198 1 3
6006 640 1
640 450 1
1964 4702 1
4702 465 1
465 2693 1
2693 306 1
306 6573 1
6573 1964 1
603 6245 1
6245 2817 1
6452 2107 1
344 2011 1
2011 1237 1
1237 2404 1
2404 833 1
833 1144 1
1144 6017 2
6420 1482 3
3095 2855 1
2855 7253 2
7253 3471 1
3471 6405 1
7156 5200 1
5200 3111 1
3111 303 1
303 4143 1
4143 1474 1
1474 2817 1
2817 1575 1
1575 1758 1
3116 3052 1
3052 2107 1
1750 349 1
349 2841 1
4432 6190 1
6190 6017 1
1964 6253 1
6253 6544 1
6544 4521 1
4521 6026 1
6026 6538 1
6538 5437 1
5437 1152 1
1152 3037 1
765 2841 1
1161 2466 1
2466 2835 1
2835 1981 1
1981 1237 1
1237 2724 1
2724 6017 1
6017 262 1
262 1550 2
1550 2835 1
2835 1 1
3467 5793 2
5793 702 1
702 6626 1
1502 378 1
1964 1861 1
1861 1152 1
5688 3526 1
6494 6851 1
6851 4909 1
4909 1 1
6223 3376 1
3376 3116 1
684 6695 1
6695 3526 1
3526 6871 1
1964 5480 1
5480 6736 1
3095 4511 1
4511 2532 1
7159 3116 1
3116 666 1
666 4528 1
4528 950 1
5829 700 1
700 3101 1
3101 5848 1
6506 4510 1
2693 1479 2
5754 950 2
455 7054 1
7054 2715 1
2715 6017 1
6017 2021 1
2021 7178 1
7178 2021 1
1474 455 1
455 2730 1
5829 7306 2
3528 7161 1
7161 1114 1
401 6445 2
6445 3290 1
3290 4559 1
5631 2122 1
2122 3227 1
3227 348 1
348 5217 1
5217 7018 1
293 3469 1
3469 5381 1
5381 6736 1
4388 1 1
7014 3609 1
4408 219 1
5116 6538 1
1417 4729 1
6386 4835 1
4835 682 1
3116 1595 1
1595 4688 1
1480 7016 1
3528 2060 1
2060 1683 1
1683 4048 2
4048 603 1
6633 2906 3
2906 5773 2
5773 1026 1
1026 2730 1
5829 1114 2
7306 2060 1
2060 6412 1
6412 4048 2
4048 7306 1
3526 4032 1
4032 1126 1
5965 3746 1
3746 5005 1
4048 3290 1
6493 4893 1
5676 4032 1
4032 3213 1
3213 2060 1
2060 997 1
997 2060 1
2060 1114 1
700 1550 1
6699 306 1
306 3267 1
3267 4406 1
4406 603 1
2107 2481 1
6736 2060 1
2060 5287 1
5287 7296 1
347 2097 1
2817 7015 1
7015 3712 1
3712 97 1
3116 2817 1
2817 4388 1
4388 6506 1
6736 5993 1
303 3625 1
3625 2236 1
2817 4892 1
6633 4143 1
2817 6145 2
6145 1964 1
6633 6812 1
6812 968 1
968 7156 1
2212 306 1
2724 1964 1
303 791 1
791 4048 1
4048 6494 1
968 2624 1
947 3095 1
6583 3254 1
3254 1683 1
1683 3095 1
6583 1114 1
700 2730 2
3840 3226 1
3226 1263 1
1376 7018 1
7018 3490 1
3490 7306 1
2817 6775 1
6775 4686 1
4686 4625 1
2841 1638 1
1638 1161 1
1161 2097 1
2097 2809 1
2809 2472 1
2472 926 1
926 316 1
6221 5685 1
5685 6609 1
6609 164 1
287 1447 1
1447 2176 1
5175 6977 1
6977 4412 1
4412 306 1
1964 5407 1
5407 6221 1
1522 6397 1
6397 1843 1
1843 7014 1
7014 1446 1
1446 7158 1
7158 2060 1
2060 306 1
3164 4048 1
4048 6180 1
4200 1964 1
1964 3051 1
3051 4464 1
4464 6397 2
6397 2802 2
2802 1 2
3772 4625 1
4625 1595 1
1595 4112 1
4559 1144 1
1144 3367 1
3367 925 1
925 1964 1
3528 4870 1
4870 6749 1
6749 884 1
884 3528 1
6230 6450 1
6450 5754 1
5754 2034 1
5754 1932 1
1932 3467 1
3467 925 1
925 2817 1
2166 6918 1
6918 6655 1
5672 2358 1
1403 1843 1
1843 1550 1
1550 2513 1
2513 2841 1
7239 1456 1
5669 7156 1
2841 2299 1
2299 3634 1
3634 5538 1
5538 2817 1
7156 3853 1
3853 5662 1
5662 2635 1
2635 6022 1
6022 5782 1
5782 6889 2
6889 4386 1
2097 97 1
3116 4686 1
5797 1550 1
6538 3560 1
3560 3521 1
2567 306 1
306 1454 1
1454 2166 1
2166 6506 1
6506 6655 2
5672 1482 1
303 4893 1
4893 3527 2
3527 1308 1
3527 6057 1
6057 2097 1
1594 6490 1
401 2381 1
1964 5808 1
5808 1964 1
1466 1305 1
1305 2750 1
2750 3467 1
3527 5355 1
5355 2361 1
2361 1 1
634 6295 1
6295 3005 1
3005 4112 1
989 6538 1
6538 1981 1
1981 5536 1
5536 2358 1
2358 4227 1
4227 4206 1
7306 2050 1
2050 401 1
1340 3912 1
3912 1964 1
5131 6788 1
3095 4917 1
4917 2446 1
2446 2789 1
2789 1172 1
1172 6438 1
6438 1403 1
1403 5619 1
5619 5811 1
6813 1964 1
1964 1785 1
1785 306 1
306 2207 1
2207 1964 1
1964 2466 1
2466 2617 1
2516 6223 1
6223 4561 1
4561 1017 1
1017 7306 1
7306 1674 1
1674 2466 1
2466 6656 1
834 4450 1
7113 6246 1
1964 6698 1
6698 306 1
950 3467 1
5537 6405 1
3526 1580 1
1580 2107 1
2107 7110 1
7110 2841 1
2841 2438 1
1964 1750 1
1750 306 1
4622 3634 1
6274 1964 1
2719 2021 1
6538 3090 1
3090 4470 1
4470 303 1
303 3138 1
3138 1964 1
1339 5048 1
1550 4494 1
4494 1479 1
293 2935 1
2935 4427 1
4427 3259 1
2817 5890 1
5890 6855 1
6506 3634 1
3634 3173 1
3173 2817 1
269 890 1
890 1981 1
1981 2266 1
2266 1456 1
5669 5848 1
5848 6722 1
4546 3701 1
3701 4523 1
6015 4688 1
7156 4688 1
6633 2904 1
2904 3467 1
3467 5619 1
3095 1144 1
1144 6633 1
6633 4631 1
4631 6506 1
6405 1181 1
1181 1944 1
6015 7014 1
7014 6633 1
7156 698 1
698 3527 1
3527 6337 1
6337 2841 1
2841 389 3
389 7306 1
3527 455 1
6456 5619 1
5619 5095 2
5095 603 2
3278 2381 1
2381 6936 1
6936 6957 1
6957 4387 1
3095 710 1
710 634 1
634 6362 1
6362 6633 1
6633 3263 1
3263 1550 1
985 7296 1
6736 6572 1
6572 5619 1
5619 6633 1
6633 4991 1
4991 7233 1
7233 1014 1
1014 3528 1
2532 5131 1
6633 5662 1
1187 6506 2
1944 7224 1
7224 6633 1
6633 5619 1
5619 306 1
6438 985 1
985 4589 1
293 3068 1
3068 133 1
133 414 1
414 1944 1
1944 5672 2
6736 6209 1
6209 133 1
133 2107 1
6506 2744 1
3467 470 1
455 4387 1
2789 1502 1
5779 4676 1
4676 5619 1
5619 3290 1
6438 469 1
469 5669 1
293 2744 2
3527 4676 1
4676 7306 1
7297 5619 2
1964 2567 2
2567 6494 1
5095 1114 1
3095 637 1
637 303 1
303 1217 2
1217 2567 1
2567 1 3
6456 6223 1
6223 401 1
1180 3290 1
3290 5619 1
1417 6446 1
6446 5823 1
5823 3259 1
3259 2568 1
2568 3526 1
2789 5036 1
5036 7296 1
5095 5672 1
5672 4442 1
4442 5736 2
5736 5095 1
5095 2789 1
2789 2430 1
2430 3528 1
3528 6367 1
6367 7306 1
3528 6721 1
6721 2107 1
1340 1482 1
3095 1998 1
1998 6633 1
684 6022 1
6022 1633 1
1633 1445 1
2789 6026 1
3528 6976 1
6976 6405 1
6405 6134 1
6134 293 1
293 3254 1
3095 4744 1
4744 3259 1
3095 2430 1
2430 1502 1
1502 6224 1
6224 2567 1
2567 6736 1
6736 7298 1
7298 7306 1
3290 5672 1
5672 470 1
470 6054 1
6054 7296 1
2747 3547 1
3547 1593 1
1593 1502 1
3426 1633 1
1633 684 1
684 1445 2
1445 2446 1
2446 6405 1
306 270 1
270 985 1
985 1482 1
1482 6852 1
6852 2652 1
2652 6922 1
6922 6559 1
6559 3005 1
3005 6296 1
6296 1964 1
1964 1175 1
1175 861 1
861 5631 1
5631 1981 1
1981 5694 1
5694 1964 1
1964 5987 1
5987 6838 1
2693 344 1
344 4835 1
4835 3119 1
981 2726 1
2726 5672 2
5672 6656 1
2817 5140 1
5140 5095 2
5095 5140 1
5095 64 1
1026 7306 1
7306 5782 1
1502 1843 1
1843 684 1
981 1456 2
5669 1 2
5676 459 1
459 5495 1
5495 1724 1
1724 6633 1
6633 4350 1
4350 2430 1
2430 7156 1
2532 6310 1
6310 5140 1
5140 2107 1
3527 5095 1
5095 2535 1
2535 1474 1
5672 698 1
698 474 1
6456 5095 1
5095 3207 1
3207 3527 2
3527 6420 2
6420 3290 1
303 5735 1
5735 3086 1
462 5882 1
5882 1538 1
5723 5619 1
5619 5140 2
5140 2567 2
1964 4442 1
5736 2726 1
2726 327 1
327 2757 1
2757 2805 1
2805 2666 1
4309 2448 1
2448 1172 1
1172 6666 1
6666 566 1
566 3764 1
3764 1411 1
1411 7294 1
7294 1 2
2107 1783 1
6633 2363 1
2363 6655 1
5672 5131 1
5131 401 1
401 2198 1
2198 455 1
2906 6727 1
6727 4832 1
3904 541 1
541 6779 1
1417 4681 1
2517 4387 1
5068 1 2
5672 5319 1
5319 5131 1
5131 6719 1
6719 3207 1
3612 4983 1
1964 4960 1
344 1456 1
5669 880 1
880 1981 1
2166 7297 1
5681 2567 1
1287 963 1
963 6655 1
5672 654 1
1724 5350 1
5615 1 1
6670 2447 1
3167 4688 1
3527 5789 1
1417 1947 2
1947 3527 1
2166 2906 1
4434 1964 1
3527 6618 1
4558 4772 1
5672 981 1
1456 635 1
293 3554 1
3554 1 1
5848 3925 1
7154 1225 1
1225 39 1
39 946 1
946 5800 1
5800 1964 1
303 3218 1
3218 4472 1
2166 2567 2
2567 501 1
501 1460 1
1460 2862 1
7156 1460 1
1460 6656 1
2166 3207 1
3207 5789 1
4636 1479 1
1479 1460 1
1460 6420 1
2505 1947 1
450 2567 1
6538 5280 2
193 1724 1
1724 1141 1
7306 4408 1
4408 6666 1
6666 3764 1
3764 684 1
1469 1964 1
7306 4387 1
3527 6846 1
6846 1126 1
3527 7209 1
7209 5005 1
2403 6405 1
1964 666 1
666 293 1
1964 4632 1
4632 1126 1
293 2505 1
2505 2839 1
2839 2236 1
5167 7113 1
7113 1031 1
1031 6211 1
6211 450 1
925 6813 1
4432 6493 1
5131 4278 1
4278 3526 1
2841 2140 1
2140 4456 1
4456 1964 1
764 1964 2
1126 3254 1
455 657 1
5005 2567 1
3241 414 1
414 4665 1
4665 3161 1
3161 3526 2
3526 3168 1
3168 4686 1
4686 4833 1
4833 1 1
1910 4530 1
4530 5662 1
7297 2567 3
2567 5676 1
5676 6538 1
6494 4530 1
3566 3526 1
303 1117 1
1117 1843 1
1843 7297 1
7297 2431 1
2431 3271 3
3271 507 1
507 306 1
4200 3494 1
3494 5095 1
5095 2431 1
3271 1964 2
2817 537 1
537 7054 1
7077 1844 1
1844 6736 1
684 1633 1
1633 2107 1
5921 5178 1
5178 1964 1
20 4686 1
5966 2841 1
2841 2522 2
2522 7179 1
7179 2817 1
5892 4701 1
4701 5737 1
6174 5993 1
5993 1979 1
1979 3090 1
3090 6211 1
6211 5662 1
5662 5737 3
3798 682 1
683 306 1
6412 5467 1
5467 6635 1
6635 2107 1
6082 6006 1
6006 6330 1
6330 2097 1
2097 3467 1
3467 3271 1
3271 4686 1
4686 2097 1
3810 3368 1
3368 4686 1
4686 1645 2
6263 1333 1
5261 3332 1
3332 5673 1
5673 5662 1
5737 4686 1
1964 4128 1
4128 2097 1
2097 2522 1
2522 1478 1
1478 269 1
269 6083 1
6083 1 1
7018 6668 2
6668 3095 1
4523 2236 1
603 2906 1
293 5848 1
7156 1958 1
1958 3527 2
3527 2002 1
2002 2430 1
2430 7306 2
5626 3290 1
6223 4272 1
5676 221 1
221 7160 1
6760 3808 1
303 6211 1
5789 6412 1
6412 6538 2
141 2107 1
2567 5848 1
108 2567 1
2567 2817 1
2817 3240 1
3161 1964 1
1417 6086 1
6086 684 1
5921 1 3
1187 603 1
637 1964 1
1964 381 1
381 3506 1
3506 2320 1
2320 5662 1
2567 4387 1
5672 1979 1
1979 6493 1
6223 4002 1
4002 2567 1
2212 3528 1
3528 5660 1
5662 2320 1
2320 7306 1
6173 3467 1
3467 306 3
306 5632 2
5632 1 1
1944 6655 2
5672 1 2
644 2567 1
2567 6506 1
6506 1180 1
1180 3527 2
981 6299 1
6299 1973 1
1973 1964 2
3528 6357 1
6357 7306 1
6494 1144 1
5287 4001 1
4001 6655 1
6655 1964 1
644 4488 1
4488 1180 1
3527 459 1
459 1981 1
883 3259 1
2296 6223 1
6357 1114 1
2693 6223 1
293 193 1
4763 401 1
1180 981 1
1 1114 1
5095 3528 1
6044 4893 1
4893 6357 1
6357 1482 1
7306 4322 1
4322 3527 1
6538 2567 1
2567 7156 1
5632 3527 1
3527 4001 1
4001 1964 1
1482 2974 1
2974 3565 1
3528 1217 1
1217 1 1
1964 5810 1
5810 1964 2
3207 6655 1
6655 3095 2
1217 7156 1
6633 206 1
206 3095 1
6357 455 1
6506 3290 1
5287 6356 1
6356 7306 1
3565 6310 1
6310 3467 1
3565 4491 1
4491 1180 1
1180 2107 1
3527 5198 1
5198 5534 1
2695 1126 1
1400 1263 1
6538 418 1
684 6357 1
6357 1964 2
1964 6357 1
6736 1263 1
6538 1785 1
1785 7156 1
7156 2319 1
2319 6223 1
6357 500 1
1964 3769 1
3769 6575 1
4491 4767 1
4767 1 2
1403 6575 1
5287 3187 1
3187 6626 1
2107 6344 1
6344 2320 1
2320 1964 1
1964 7193 1
7193 3527 1
6700 2369 1
2369 7170 1
6668 4686 1
4686 356 1
2817 6666 1
6666 1964 1
2701 3527 1
1263 3315 2
3315 1482 1
5287 4559 1
4559 3527 2
2817 749 1
749 2817 1
7297 2552 1
2552 2567 1
2567 1114 2
6329 3527 1
2166 4387 1
2817 3788 1
3788 1964 1
1233 4490 1
4490 2567 1
2567 500 1
5662 925 2
925 684 1
5921 1482 1
3620 3808 1
1191 6245 1
6245 4699 1
4699 4688 1
2567 3226 1
3095 6116 1
6116 7018 1
6668 684 1
303 5700 1
5700 1964 1
1964 4767 1
4767 6356 1
6356 1114 1
1114 5779 1
4140 1 1
1482 1199 1
1199 6575 1
6575 4664 1
4664 6656 1
6044 989 1
989 2419 1
2419 4386 1
4386 6493 1
3527 261 1
261 6357 1
6357 7297 1
1482 4973 1
4973 2841 1
2693 682 1
3528 6116 1
6116 409 1
3565 4148 1
4148 6538 1
6538 5140 2
5140 2841 2
6768 1403 1
1403 6656 1
6656 6655 3
5672 1981 1
1981 7236 1
7236 1964 1
4308 6506 1
6506 6447 1
1741 6490 1
6490 4148 1
4148 6490 1
3565 6224 1
6224 4387 1
3095 5702 1
3527 2984 1
3527 5140 1
5140 3095 1
3095 1100 1
1100 1502 1
1502 2002 1
2002 3528 2
3528 5754 1
1435 6357 1
6357 3527 1
6223 7014 1
7156 3050 1
3050 5619 1
1964 5736 3
5736 2817 1
2817 3219 2
141 3369 1
3369 6626 1
1964 6446 1
6446 4530 1
1964 2430 2
2430 1964 3
1964 5230 1
5230 306 1
6361 3290 1
5662 4309 1
4309 6494 1
6494 2115 1
2115 1191 1
1191 3369 1
3369 7296 1
307 1844 1
5662 4048 1
4048 303 1
303 547 1
547 2817 1
5131 1728 1
1728 2817 1
3526 2690 1
2690 306 1
1964 4032 1
4032 6420 1
6420 1502 1
684 5773 2
4915 4112 1
4112 3095 1
2817 1985 1
1985 6575 1
6575 4464 1
2802 4387 1
3526 6115 1
6115 3321 1
3321 5779 1
950 5403 1
5403 1440 1
1440 2817 1
2817 4546 1
2532 3293 1
6506 2324 1
2324 1 1
3527 3240 3
3095 1207 1
1207 684 1
684 5019 1
5019 3259 1
2817 644 2
644 4878 1
5773 4472 1
4048 2522 1
2522 1114 1
1964 1761 1
1761 500 1
500 603 1
1403 3284 2
6838 500 1
1233 4596 1
4596 401 1
401 5140 1
2841 6745 1
6745 4476 1
1964 5740 1
5740 3528 1
5462 4491 1
2817 1718 1
1718 389 1
389 7018 1
7018 7099 1
3527 412 1
412 2817 1
2817 569 1
269 1187 1
1187 3527 1
3527 1180 1
1180 2694 1
3925 3315 1
3709 3527 1
3095 492 1
492 1479 1
65 4539 1
4539 7297 1
7297 389 1
389 6968 1
2841 6097 1
6097 4048 1
4048 5287 1
3527 5773 3
1981 7054 1
7054 5140 1
5140 3620 1
2841 6331 1
6331 1964 1
2841 2258 1
2258 1964 1
6699 7054 1
7054 3315 2
3315 2744 1
303 4871 1
4871 3259 1
303 3292 1
3292 5585 1
5585 6251 1
4048 1 1
2817 712 1
306 6798 1
6798 6397 1
6397 2817 1
3241 4048 1
4048 3095 1
3095 4032 1
4032 233 1
7156 1708 1
1708 3644 1
3644 1844 1
6656 1456 1
5669 3494 1
3494 1718 1
1718 2666 1
2666 1051 1
1051 5662 1
1257 1205 1
1205 5642 1
5642 3526 1
3527 3808 1
3808 1360 1
1360 4688 1
7156 2124 1
2124 6420 1
6420 175 1
175 4791 1
4791 4845 1
4845 3527 1
3527 1981 1
1981 36 1
36 500 1
5662 466 1
466 1589 1
1589 2841 1
2841 2670 1
2670 2021 1
2841 2126 1
2126 1981 1
3904 2317 1
2317 1964 1
7111 500 1
682 6222 1
1403 7058 1
7058 414 1
3528 1358 1
1358 6245 1
3528 517 1
517 3254 1
5131 303 1
1357 2107 1
2107 3850 1
3850 6405 1
3527 6224 1
6224 4681 1
3709 306 1
6006 4048 1
4048 306 1
6710 2817 1
6791 3528 1
3528 4032 1
4032 1 1
1 1844 1
1844 306 1
306 4627 1
4627 5287 1
5287 1910 1
1910 4491 1
4491 2817 1
450 1051 1
1051 3344 1
3344 3527 1
3527 511 1
511 6473 1
6473 4645 1
2841 6703 1
6703 1767 1
1767 6618 1
6618 389 1
389 3565 1
3565 3344 1
3344 5720 1
5720 6473 1
6473 2947 1
2947 2435 1
1964 1830 1
1830 1022 1
1022 6703 1
6703 1 1
5676 6263 1
6263 7179 1
5261 1964 1
1206 3527 1
1550 1257 1
1257 5642 1
5642 6405 1
3095 1498 1
6729 1964 1
7077 2061 1
2061 4048 1
1114 6412 1
3467 1608 1
1608 6506 1
293 1480 1
7297 4048 1
4048 2906 1
293 6006 1
6006 1755 1
1755 3894 1
3894 6244 1
6244 1962 1
1962 1114 1
1964 1528 1
1528 293 1
3526 1564 1
1564 3634 1
3634 7297 1
7297 391 1
2522 3101 1
3101 5906 1
5906 293 1
6575 4183 1
4183 3095 1
5890 1781 1
1781 293 1
293 1464 1
1464 7333 1
7333 6736 1
1944 3052 1
2817 2212 1
2212 1683 1
4048 1233 1
2724 1 1
5681 3231 1
3231 4206 1
4206 5028 1
5028 2817 1
2817 6329 1
6329 6575 1
7296 4490 1
4615 1 1
6506 3620 1
3467 5359 1
5359 4048 1
4048 1964 2
6173 391 1
2522 2097 1
6644 1 1
4686 3077 1
3077 2111 1
2111 2160 1
2160 2841 1
712 3527 1
3501 1187 1
1187 7297 1
5681 4013 1
4013 303 1
6342 2812 1
2812 1114 1
1964 4042 3
4042 6494 2
1233 233 1
401 6601 1
6601 303 1
5662 2913 1
2913 5662 1
2358 6749 1
6749 1333 1
1333 885 1
885 2841 1
644 2906 1
3161 3095 1
3467 5955 1
5955 7158 1
4830 3095 1
6230 2913 1
2913 1964 5
5754 937 1
937 450 1
7018 2504 1
2504 1228 1
1228 1093 1
1093 5848 1
2021 942 1
942 1125 1
1125 2021 1
7018 6211 1
6211 3275 1
3275 1 1
929 1479 2
1479 547 1
7296 2737 1
2737 2107 1
2035 303 1
347 108 2
3095 3369 2
3369 684 1
1233 4893 1
4893 1187 2
1964 2913 2
1964 937 1
937 684 1
684 1187 1
3241 937 1
937 3210 1
3210 3254 1
2413 603 1
6221 5618 1
5618 1 1
2906 400 1
1260 5676 1
4546 1233 1
1233 937 1
937 7296 1
644 981 1
1233 375 1
7156 937 1
937 6656 2
3526 3210 1
3210 4688 1
7156 3692 1
3526 937 2
937 7306 1
6494 1987 1
1987 981 1
6506 937 1
1263 4115 1
4115 1479 1
1479 107 1
107 6405 1
6736 107 1
4766 7137 1
7137 4112 1
4112 7137 1
7137 1964 1
1233 6542 1
6542 4013 1
4013 2841 1
2841 2201 1
2201 1233 1
1233 2666 1
2666 1 1
2567 6538 1
6538 4879 1
4879 3526 1
937 2942 1
2942 3526 1
3526 658 1
658 3808 1
7014 938 1
938 6405 1
1944 2358 1
620 1480 1
3467 4336 1
4336 2841 1
3164 3526 1
2841 5654 1
5654 7275 1
7275 6656 1
1953 4762 1
4762 507 1
507 6165 1
6165 2347 1
2347 7109 1
7109 2394 1
2394 1964 1
1964 4178 1
4178 1964 2
2505 6017 1
6017 7296 1
1947 3537 1
3537 1 1
4206 2493 1
2493 6656 1
7062 6767 1
6767 1960 1
1960 7296 1
7296 5273 1
5273 1919 1
1919 7198 1
7198 5662 1
5662 1798 1
1798 306 1
7087 6575 1
6575 519 1
519 2539 1
2539 306 1
306 2486 1
2486 4443 1
5814 7275 1
7275 937 1
937 1964 2
1964 2419 1
2419 1662 1
1662 5720 1
5720 97 1
3116 7123 1
7123 5662 1
5662 6744 1
6744 7113 1
4086 2841 1
4474 5662 2
5662 2501 2
2501 6259 2
507 1144 1
1144 7109 1
7109 4316 1
4316 4235 1
4235 7275 1
7275 7296 1
6633 1173 1
1173 7296 1
2227 450 1
450 1947 1
1947 6485 1
6485 1481 1
1481 1134 1
684 3611 1
3611 7156 1
7296 537 1
537 3150 1
3150 981 1
2906 2301 1
2301 5892 1
6727 3764 1
3764 3290 1
3290 7018 1
1947 4178 1
4178 7296 1
3408 3142 1
3142 6633 1
1188 2236 1
2236 2906 1
6307 981 1
981 2789 1
6407 5848 1
6412 7177 1
6259 7306 1
1233 108 3
108 3527 3
3161 6656 3
401 367 1
367 3527 1
1480 603 1
1867 4730 1
4730 3417 1
3417 6405 1
7018 3127 1
3127 2097 1
3526 4966 1
4966 684 1
5274 6495 1
303 6775 1
5662 937 1
937 3526 1
1550 3612 1
3612 5269 1
5269 6223 1
6223 4879 1
4879 2913 1
2913 1490 1
1490 5848 1
295 3526 1
4878 2737 1
5372 2913 1
2913 2982 1
5174 2817 1
4615 1906 1
1906 5385 1
5385 5811 1
5811 6749 1
6749 1906 1
1906 102 1
102 4081 1
4081 4402 1
4402 401 1
1402 489 1
489 5754 1
5754 4027 1
4027 6340 1
6340 1906 1
1906 5294 1
5294 3472 1
3472 5811 1
1964 6857 1
6857 1433 1
1433 3719 1
3719 2841 1
2841 4408 1
4408 4626 1
4626 6577 2
985 3474 1
3474 1679 1
1679 1906 1
1906 108 1
108 5805 1
1402 4626 2
985 1013 1
1013 1848 1
1848 4184 1
4184 175 1
175 3143 1
3143 4125 1
4125 6370 2
7145 994 1
994 6508 1
6508 1400 1
1400 2236 1
3526 7154 1
2817 7297 1
7297 2913 2
2913 3526 1
4068 4626 1
2789 5568 1
5568 2358 1
2358 2913 1
2913 710 1
710 1259 1
1233 6736 1
3808 684 1
5568 7158 1
1233 884 1
884 2841 1
6232 684 1
2913 1233 1
7054 985 1
4893 537 1
537 885 1
885 6251 1
6251 682 1
682 7107 1
7107 925 1
925 2841 1
243 1114 1
1964 274 1
274 4051 1
6538 3651 1
3526 2966 1
2966 272 1
272 3083 1
3083 1964 1
6506 3307 1
3307 3528 1
684 4686 1
3526 4527 1
4527 3162 2
2107 4332 1
4332 644 1
644 243 1
243 3095 1
986 306 1
6643 3095 1
295 242 1
242 6230 1
6230 2817 1
2906 740 1
740 2913 1
2913 2841 1
2841 2136 1
2136 3290 1
1483 1371 1
1371 2136 1
2136 1233 1
7156 2136 1
2136 303 1
4098 243 1
6760 6412 1
6412 5095 1
5095 634 1
7296 747 1
747 7156 1
7156 7293 1
7293 3526 1
3095 3586 1
3586 3242 1
3242 6538 1
303 4524 1
4524 1964 1
1964 4284 1
4284 4636 1
2817 4224 1
4224 1191 1
5662 4013 1
4013 6738 1
6738 5913 1
5913 1964 2
1964 5148 1
5148 303 1
303 5269 1
5269 6412 1
3527 547 1
547 1964 1
3095 1656 1
1656 4626 1
4626 554 1
554 1964 1
2817 7160 2
7160 4097 1
4097 1156 1
1156 6405 1
7296 6775 1
6775 2817 1
5274 3293 1
3293 2136 1
2136 1259 1
1259 937 1
1259 5887 1
5887 2913 1
2913 603 1
6668 1144 1
1144 1892 1
1892 3467 1
2136 6656 1
6656 2521 1
2521 316 1
316 1911 1
1911 1548 1
1548 2817 1
3526 6224 1
6224 747 1
747 2841 1
1 1749 1
1749 303 1
303 3766 1
3766 2841 1
3164 4013 1
6494 2821 1
3178 1114 1
1964 1548 3
1548 6494 1
303 3254 1
7156 2115 1
2115 6167 1
6167 1482 1
303 4485 1
4485 1964 1
2817 3735 2
2521 1 3
1233 6834 1
6834 5270 1
5270 2817 1
2817 6224 1
6224 7297 1
7297 1548 2
1548 1964 4
1964 4393 2
4393 3526 2
1964 5269 1
5269 1502 1
5131 17 1
17 2107 1
2817 3226 1
6209 1 1
684 313 1
313 2851 1
2817 7171 1
3095 4875 1
4875 6538 1
7156 2239 1
2239 3467 1
3467 3189 1
3189 4875 1
4875 1518 1
1518 4387 1
3526 1314 1
1314 1263 1
1340 1286 1
1286 2817 1
3526 1263 2
1263 4441 1
4441 1964 1
5676 3509 1
3509 748 1
748 3339 1
3339 4686 1
883 450 1
4941 5754 1
2404 6015 1
5662 3267 1
3267 7062 1
7062 3352 1
3352 3527 1
3527 553 1
553 7224 1
5079 306 1
306 4255 2
4255 1964 2
1233 2858 1
2841 1548 4
2107 5264 1
5264 1 1
6538 5451 1
5451 5452 1
5452 3526 1
2647 2446 1
2634 1114 1
570 1944 1
1188 1445 1
1445 2817 1
2817 5074 1
5074 217 1
217 3259 1
644 1548 1
1548 306 1
3095 5078 1
5078 1233 1
6493 450 1
450 2786 1
6361 3527 1
3527 5530 1
5530 6538 1
6538 3077 1
3077 2841 1
1548 925 1
925 7297 1
5681 2913 1
1964 1806 1
1806 1233 1
1233 1550 1
5269 5662 1
925 501 1
501 1961 1
1961 1964 1
5662 1508 1
1508 211 1
211 501 1
501 2762 1
2762 1 1
1 3028 1
3028 2817 1
3526 6190 1
6190 6977 1
6977 306 1
4972 1964 2
3526 1320 1
1320 1548 1
1548 4387 1
4387 5736 1
3095 1300 1
1300 1 1
7296 2566 1
2566 6135 1
6506 6138 1
6138 356 1
6173 1548 1
1548 4206 1
4206 2653 1
2653 1964 1
3164 4686 1
3526 4530 1
4530 2904 1
2904 7062 2
7062 3385 1
6494 5568 1
5568 3735 1
3735 2097 1
2097 6082 1
6082 344 1
6538 7160 1
7160 657 1
1 3889 1
3889 1906 1
1480 3207 2
6385 5915 1
193 3207 1
3207 2730 2
2481 2817 1
6633 1371 3
1371 1114 1
3528 233 1
233 1263 1
5977 6736 1
6736 4112 1
7014 1053 1
1936 6538 1
6538 1645 1
1645 2841 1
981 7014 2
5779 1187 1
1114 5131 1
2821 1 2
1206 2440 1
7296 2730 1
6538 1114 3
1114 1053 1
1936 1026 1
193 2730 1
1479 6386 1
6386 1775 1
1775 1053 1
6661 2021 1
2021 5184 1
5184 989 1
989 7297 1
5681 6232 1
6232 1114 1
3527 4856 1
4856 1 1
233 3999 1
3999 6633 1
3527 4950 2
4950 3290 1
6626 6601 1
6601 682 1
682 1529 1
1529 2601 2
2601 7158 1
3526 4910 1
4910 1964 1
4332 2464 1
2464 7099 1
2358 5662 1
3528 2495 1
2495 3387 1
3387 306 1
7296 982 1
982 6633 1
6633 4579 1
5116 4579 1
4579 1195 1
6575 6633 1
2789 6405 1
6405 4950 1
4950 7156 1
6633 5890 1
5890 4502 1
4502 303 1
6135 5662 2
3226 3829 1
3829 2719 1
2719 5662 1
3095 5487 1
5487 303 1
303 3429 1
3429 553 1
553 6438 1
6438 7224 1
1816 989 1
989 6633 1
5615 3492 1
3492 3095 1
193 5966 1
5966 3095 1
5615 989 1
1829 4332 1
4332 3482 1
3482 3808 1
3808 3292 1
3292 3207 1
3527 1323 1
1323 1501 1
4893 7158 1
1507 1233 1
3095 1430 1
1430 6749 1
6749 4435 1
4435 2029 1
2029 5643 1
5643 1529 1
1529 1 1
1479 1053 1
1936 3226 1
303 6447 1
6447 219 1
6633 7137 1
7137 7156 1
6633 3904 1
3904 3527 1
4950 7014 1
6161 5122 1
5122 3207 1
6412 5915 1
5915 6774 1
6774 7306 1
7306 1936 1
1936 306 3
306 4216 1
1964 5915 1
5915 3207 1
6385 3254 1
1507 1114 1
3212 7018 1
7018 4579 1
4579 3095 1
6506 4579 1
4579 1 1
764 450 1
303 5014 1
5014 1936 1
7306 6774 1
6774 6493 1
6493 6736 1
6736 4374 1
303 2730 2
684 6047 1
6047 1479 1
2906 7156 2
929 4979 1
4979 1053 1
3527 4949 1
4949 7306 1
3764 6661 1
6661 375 1
375 700 1
5217 5287 1
6633 6412 1
6412 6828 1
6828 2817 1
1371 6736 1
6736 1 1
6633 2878 1
2878 3528 1
3528 5213 1
5213 2841 1
6972 269 1
7296 1054 1
1054 6057 1
6057 1964 2
6619 2730 1
7019 5848 1
216 3528 1
3293 603 1
7296 6987 1
6987 1191 1
295 1479 1
684 1188 1
1188 4112 1
4766 2430 1
2430 6626 1
453 3290 1
6633 5342 1
5342 2430 1
2430 1874 1
1874 2730 1
7306 2430 1
2906 4098 1
4098 2430 1
2430 3254 1
3254 2841 1
5723 3207 1
3241 3634 1
3528 4408 1
4408 6405 1
1550 3264 1
3264 2464 1
2464 2236 1
2236 6135 1
6135 7017 1
6385 6736 1
7014 3002 1
3002 7306 1
6736 2267 1
2267 3161 1
3161 108 1
1 2430 3
2906 2841 1
6044 3207 1
108 2430 2
2430 6633 1
6633 3161 1
1964 4350 1
3095 6816 1
6816 6749 1
6749 108 1
2430 3240 1
3095 540 1
540 1126 1
4920 6412 1
3528 596 1
596 4949 1
4949 6906 1
6906 5372 1
5372 6940 1
6940 1964 1
2430 2097 1
3528 4855 1
4855 2508 1
2508 2107 1
2107 2811 1
2811 1 1
3528 4919 1
4919 2801 1
2801 6633 1
6791 1973 1
2841 7103 1
7103 6656 1
3207 5306 1
603 1048 1
1048 5662 1
5662 280 1
1482 1101 1
1101 913 3
913 3528 1
1417 3147 1
3147 303 1
5962 3786 1
1502 3147 1
3147 3528 2
5274 2841 1
7102 3226 1
3226 1973 2
1973 303 1
6506 2801 1
2801 1259 1
1259 2430 2
2430 6057 1
1964 1101 1
913 684 1
684 1529 1
2601 2801 1
1538 108 1
2789 3603 2
3603 1479 1
1089 1 1
2841 1101 1
913 6506 1
6506 6412 1
1964 4488 1
4488 3528 1
295 2607 1
2607 3528 1
3528 840 1
840 4636 1
6633 1188 1
1188 3290 1
4615 3808 1
7015 684 2
684 6864 1
6864 4112 1
4112 408 1
408 3925 1
6082 6633 1
1964 1973 1
4112 6888 1
6888 6494 1
6494 1973 1
1973 2861 1
2861 5487 1
7296 2430 1
2430 5892 1
5892 401 1
401 1333 1
1333 4547 1
4547 4379 1
4379 2719 1
2719 1144 1
1144 5676 1
5676 6683 2
684 2430 1
2430 1936 1
1936 3889 2
3889 1964 2
1403 6435 1
6435 6106 1
6106 1964 1
779 6405 1
3081 4112 1
4112 6633 1
6633 2485 1
2485 684 1
500 2445 1
2445 603 1
603 6683 3
3528 5774 1
3808 395 1
395 1114 1
1114 2032 1
2032 1482 1
395 2730 1
603 2117 1
2117 7306 1
4239 6736 1
303 2430 1
2430 1552 1
1552 6506 1
6506 293 1
3095 4644 1
4644 6538 1
6538 4653 1
4653 1482 1
1482 4332 1
1575 2532 1
3227 1 1
3467 7170 1
1575 2789 1
1906 816 1
816 7048 1
7048 2107 1
4671 3095 1
1964 816 1
816 293 1
293 2730 1
3808 6451 1
6451 6626 1
1964 7048 1
7048 7306 1
7156 6988 1
3360 3207 1
6633 644 1
644 4579 1
4579 1403 1
1403 6749 1
6749 817 1
817 2123 1
2123 5555 1
5555 7294 1
7294 1257 1
1257 635 1
635 5605 1
5605 4349 1
4349 815 1
815 2730 1
6506 6245 1
6245 2532 1
537 5284 1
5284 3100 1
3100 6633 1
1371 6044 1
6044 2622 1
2622 6633 1
3526 4618 1
4618 566 1
566 306 1
6538 6700 1
1964 817 1
817 1114 1
1114 1896 1
3095 5555 1
5555 1 1
1 4063 1
4063 6405 1
4435 1479 1
5506 306 1
1 4453 1
4453 303 1
5754 5924 2
1981 2272 2
2272 2737 1
2737 520 1
520 2730 1
6538 520 1
520 1981 1
2272 6633 1
2906 4453 2
4453 7048 1
7048 5754 1
5924 6736 1
6405 1188 2
1188 2730 1
6538 603 1
6683 6656 2
303 5506 1
5506 7015 1
7015 1403 1
5924 1550 1
3095 6694 1
6694 3095 1
1191 3426 1
3426 2906 1
4453 5924 1
5924 3526 1
7306 1601 1
1601 2730 1
6538 1474 1
1474 1601 1
1601 347 1
3095 4077 1
4077 4742 1
644 4332 1
1964 3651 1
4893 1233 1
1233 2115 1
2115 4647 1
4647 2592 1
2592 7156 1
2532 4673 1
4673 950 1
950 3526 1
3526 4554 1
7156 6889 1
6889 4681 1
4681 5695 1
5695 2097 1
261 2593 1
2593 3526 1
306 2363 1
2363 1233 1
5779 6392 1
6392 306 1
306 2362 1
2362 3051 1
3051 1964 1
570 3808 1
3808 583 1
583 2097 1
401 4877 1
4877 1964 1
1507 1187 1
1187 3226 1
3226 537 1
5662 5556 1
5556 3226 1
1973 1259 1
2430 2841 2
2841 913 1
913 3226 1
3226 1709 1
1709 1964 1
1964 4949 1
4949 1936 1
5175 6435 1
6435 7296 1
7296 2413 1
2413 682 1
1403 5269 1
5269 1997 1
1997 4013 1
4013 2913 1
2913 1260 1
1260 1964 1
6749 2178 1
2178 5269 1
5269 4098 1
4098 401 2
4589 4991 1
684 2906 1
1126 5465 1
5465 2841 1
1718 541 1
541 5122 1
5122 1482 1
6749 3242 1
3095 7057 1
7057 684 1
684 6506 1
6506 5092 1
5092 1140 1
1140 3095 1
306 2307 1
2307 2325 1
2325 6626 1
1233 5424 1
5424 5848 1
3242 6160 1
6508 6760 1
6135 6889 1
2817 6346 1
6346 306 1
2456 5032 1
5032 2432 1
2432 4925 1
4925 3527 1
3527 1344 1
1344 3695 1
3695 5681 1
5681 217 1
217 2431 1
7077 6656 1
2817 2855 1
5256 2430 1
2430 1114 1
1482 2122 1
2122 5681 1
5681 1908 1
1908 2817 1
4645 2432 1
2432 306 1
306 2917 1
2693 4206 2
2097 6475 1
6475 5672 3
5672 3259 1
3259 4392 1
4392 2817 1
2817 6996 1
1550 3889 1
3889 2622 1
2622 6509 1
6509 6945 1
6945 6922 1
6922 2934 1
1964 3690 1
3690 1151 1
1151 4636 1
4636 779 1
779 2532 1
2532 2430 1
2296 779 1
779 1 1
6626 552 1
552 6655 1
5672 1964 3
378 3527 1
1964 464 1
464 306 1
994 1 1
2430 6209 1
6209 2107 1
2107 2789 1
2789 7158 1
303 5912 1
5912 3527 1
6344 3572 1
5191 1964 1
1964 3758 1
3758 2817 1
7156 5242 1
5242 2526 1
2526 1 1
2817 7077 1
1144 2556 1
2556 1482 1
1482 5256 1
5256 7253 1
7253 5020 1
7297 2634 1
2634 352 1
352 2508 1
2508 1114 1
1964 2433 1
2433 4559 1
4559 6405 1
5779 3103 1
3103 4688 1
7156 5681 2
1480 3639 1
3639 303 1
3904 6783 1
6783 7306 1
6412 1908 1
1908 2430 1
2430 2122 1
2817 2960 1
2960 5681 1
5681 3639 1
3639 3889 1
3889 2613 1
2613 1542 1
1542 1107 1
1107 1964 1
1525 7016 1
303 1858 1
5779 3594 1
3594 973 2
973 1 1
4686 5345 1
5345 3579 1
3579 303 1
306 973 1
973 2817 1
6186 261 1
261 7296 1
5831 1308 1
1308 5882 1
2789 866 1
866 1417 1
3528 758 1
758 1 1
2817 758 1
758 2817 1
2817 5342 1
5342 3091 1
3091 3058 1
3058 3528 1
3528 6773 1
6773 1964 1
684 5068 1
5068 6506 1
6506 5666 1
5666 2817 1
1550 1936 1
1964 2960 1
2960 1215 1
1215 1144 1
1144 6736 1
1964 2668 1
2668 4618 1
4618 3528 1
634 4589 1
4589 303 1
303 6742 1
6742 1114 1
1114 2817 3
1964 4590 1
4590 306 1
6038 1 1
6736 5039 1
378 3226 1
3467 1936 2
303 4097 1
4097 1599 1
1599 1964 1
3528 6895 2
6895 2129 1
2129 779 1
684 6820 1
6820 6506 1
307 4688 1
7156 3565 3
3528 3949 1
3949 3259 1
3259 1482 1
1323 4626 1
7296 1936 1
6699 6490 1
1191 3528 1
3528 313 1
313 5662 1
5662 4684 1
4684 2021 1
1482 3693 1
3693 1964 1
1964 3419 1
3419 3274 1
3274 4558 1
4558 2097 1
306 6428 1
3095 516 1
516 3528 1
6412 2378 1
2378 4475 1
4475 1964 1
1187 3259 1
3259 6655 1
5672 306 1
5291 3527 1
3527 6464 1
2789 1936 1
1936 2122 1
2122 293 1
303 4599 1
4599 1964 1
2789 2097 1
3528 4856 1
4856 5882 1
3527 3226 2
3226 4986 1
4986 2102 1
2107 1936 1
1936 2841 2
3527 5707 1
5707 6655 1
5672 259 1
5269 7102 1
1746 1964 1
1964 6659 1
6659 566 1
2286 7306 1
6412 1516 1
1516 1482 1
1 575 1
575 3527 1
306 1980 1
1980 5968 1
3527 1817 1
1817 1376 1
1263 1936 1
1936 1126 1
1126 7274 1
7274 1 1
3527 3075 1
3075 1936 1
1936 6656 1
306 4649 3
4649 6490 1
6490 833 1
833 3772 1
4271 6412 1
2399 269 1
1340 4351 1
4351 3527 1
6405 5512 1
5512 6211 1
6211 7156 1
193 6044 1
6044 3241 2
3095 6052 1
6052 3226 1
1936 6740 1
6538 5068 1
5068 7054 1
5672 684 3
684 3240 1
6855 2122 1
2122 6420 1
5831 294 1
294 1645 1
1645 3302 1
7103 1964 1
6506 1376 1
1376 5264 1
5264 3527 1
3527 1263 1
1263 7224 1
7224 3527 1
1964 649 1
649 968 1
968 5983 1
5983 6538 1
1516 6412 1
6412 3526 1
6736 3528 2
3528 6863 1
4729 2440 1
2817 6226 1
6226 5191 1
5191 2102 1
2107 6475 1
5672 4556 1
4556 2841 1
950 2108 1
2108 1981 1
3090 1936 1
3527 1068 1
1068 7156 1
2817 3758 1
3758 1479 1
3565 3002 1
3002 1936 1
1936 4464 1
4464 1340 2
3330 4688 1
7156 6226 1
6226 3527 1
3095 214 2
214 3326 1
3326 6506 1
303 537 1
537 3565 1
2556 3259 1
6407 2960 1
2960 3828 1
3828 1936 1
682 5175 1
1525 1964 1
1964 6539 1
6539 393 1
393 3086 1
3086 6656 1
6973 2236 1
294 1663 1
1663 1 1
4448 2097 1
2601 3889 1
3889 3828 1
3828 3889 1
3889 6494 1
6494 3526 1
3526 3131 1
3131 6405 1
4991 3634 1
3528 6073 1
6073 1964 1
1126 6135 1
6135 3111 1
3111 2002 1
2002 401 1
7297 2430 1
1936 1114 1
1548 6626 1
303 2693 1
2693 684 1
6847 6412 1
6626 6439 1
6439 1964 1
7297 6435 1
6435 6135 1
6135 4112 1
3810 2236 1
2236 1936 1
1936 6135 1
6135 6493 2
6493 2430 1
3844 1 1
2430 6847 1
6847 6405 1
6405 1936 1
410 3528 1
4206 205 1
205 2701 1
2701 2531 1
2531 2107 1
1403 5851 1
7069 1 1
666 4381 1
4381 5779 1
5779 1403 1
6405 3889 1
3889 1550 1
3526 4927 1
4927 3526 1
2237 764 1
5750 6405 1
6643 1126 1
1550 219 1
219 1491 1
1491 6405 1
603 3127 1
6575 684 1
3701 2948 1
2948 1964 1
1979 2107 1
4112 2643 1
2643 5619 1
5619 2817 1
2817 1121 1
1121 3526 1
3526 1368 1
1368 6494 1
1233 2464 1
2464 2430 1
2430 3526 1
4051 6288 1
6288 306 1
306 1260 1
1260 4387 1
4387 7119 1
7119 1482 1
1482 5714 1
5714 4013 1
4013 6494 1
1037 2913 1
5173 303 1
303 831 1
831 2841 1
1548 3267 1
2404 2817 2
2817 5441 1
5441 2899 1
2899 1 1
3541 6367 1
7296 1528 1
1528 6656 1
2817 5299 1
5299 1263 1
1263 3108 1
3108 6405 1
7156 4510 1
4510 3477 1
4510 3254 1
4098 7297 1
7297 3541 1
3541 7306 1
6538 6490 1
6740 5848 1
5269 6656 1
2295 5773 1
6044 1728 1
1728 3603 1
3603 1233 1
1233 1456 1
5669 4051 1
4051 5287 1
1144 2841 2
4072 4206 1
4206 3263 1
3573 7158 1
3528 4883 1
1569 5754 1
5754 97 1
3116 3259 1
3259 3650 1
4490 4688 2
6412 4072 1
4072 517 1
5568 1141 1
1141 3414 1
306 903 1
903 306 1
3526 4535 1
4535 5005 1
5005 5807 1
5807 6656 1
1554 4112 1
6145 455 1
455 634 1
6467 3219 1
3219 6538 1
6456 4589 1
4589 4051 1
4051 37 2
37 4056 5
6412 6169 1
6169 7296 1
4794 7099 1
3528 7159 2
7159 1067 1
1067 2040 1
2040 1187 1
1187 6405 2
6405 2040 1
2040 4303 1
4303 306 1
3408 640 1
640 2441 1
2441 5920 1
1550 4830 1
4830 1964 1
1117 1944 1
1944 2285 1
2285 2392 1
2392 2236 1
2236 2609 1
7217 6022 1
6022 1141 1
6645 1981 1
1981 6641 1
6641 3467 1
3467 5949 1
5949 3526 1
836 3808 1
6161 3290 1
1964 37 1
4056 6494 1
1183 1964 1
7293 1 1
1482 295 1
295 2656 1
2656 6749 1
6749 2682 1
2682 5662 1
3528 3462 1
3462 3527 1
3527 3608 1
3526 107 2
3527 4076 1
6405 6494 1
6494 2744 1
2744 4629 1
4629 6538 1
6538 1874 1
1874 7296 1
2817 4806 1
4806 3528 1
5217 5676 1
5676 1293 1
1293 7296 1
1191 1114 1
6506 2905 1
2905 2841 1
3528 3161 1
3161 5662 1
3079 6405 2
4386 684 1
6412 1282 1
1282 1964 1
1964 3129 1
3129 5585 1
3095 4805 1
4805 2817 1
1964 2701 1
2701 3095 1
401 3090 1
3090 6597 1
6988 7297 1
7297 4115 1
4115 5068 1
5068 108 1
108 6335 1
6335 108 1
108 1640 1
1640 1964 1
4491 3254 1
303 2045 1
2045 603 1
4284 293 1
293 6538 1
3286 1114 1
5676 2916 1
2916 6493 1
7306 1492 1
6633 4335 1
4335 6490 1
7306 4284 1
4284 1 1
5662 5949 1
5949 6633 1
303 5949 2
5949 5075 1
5075 6190 1
1964 6310 1
6310 4076 1
7297 2805 1
2805 7156 1
347 6889 1
6889 3968 1
3968 4275 1
4275 6656 1
2862 6506 1
7296 4076 1
1944 3259 1
6633 3529 1
3529 401 1
1964 4539 1
4539 7158 1
7158 3709 1
3709 37 1
1964 4322 2
4206 1152 1
1152 3290 1
7306 3709 1
3709 6506 1
5754 3462 1
3462 3709 1
3709 1114 1
6633 6493 1
2841 5949 1
5949 375 1
6683 7296 1
3095 3712 1
3712 2817 1
6506 804 1
804 5754 1
5754 1321 1
1321 1 1
1 6683 1
6683 2440 1
2440 2021 1
6683 3302 1
7296 141 1
141 3219 1
3241 4930 1
4930 3207 1
5949 1 1
2817 1236 1
1236 2656 1
3526 2656 1
2656 6224 1
6224 4076 1
5672 3290 1
1483 6506 1
4893 3620 1
5688 2236 1
1233 6661 2
6661 1482 1
7306 2849 2
2849 4076 1
4076 1233 1
1233 6068 1
1964 6784 1
6784 2841 1
2404 269 1
3526 3959 2
3959 2656 2
2904 4076 2
4076 5662 2
500 5123 1
5123 306 2
306 1993 2
1993 2236 1
2236 107 1
107 2123 1
2123 6749 1
6749 1981 1
1981 175 1
175 6490 1
6490 982 1
3526 5123 1
1993 640 1
6405 982 1
982 2236 1
2236 2996 1
2996 2338 1
2338 6661 1
6661 1964 1
1964 2337 1
2337 6370 1
6370 6490 1
5681 684 1
5274 1686 1
1686 6370 1
6370 2021 1
2021 5149 1
5149 7296 1
7296 1946 1
1946 3095 1
2029 6538 1
6538 2982 1
2982 37 1
3284 6310 1
6310 6656 1
6656 2805 1
2805 4076 1
4076 3961 1
3961 306 1
4322 4056 1
4056 4206 2
4206 3858 1
356 4056 1
6412 134 1
134 700 1
700 1067 1
1067 99 1
99 303 1
3042 3146 1
3146 1402 2
5923 3284 1
2817 2951 1
2951 2841 1
2841 3858 1
1152 2170 1
2358 6538 1
6538 3010 1
3010 2409 1
2409 7114 1
7114 1964 1
1144 5897 1
5897 2352 1
2352 1 1
3284 1482 1
3467 5662 2
5662 1064 1
1064 2841 1
2841 2471 1
1152 7306 2
6405 5212 1
5212 684 1
3090 1263 1
6538 3979 1
3979 269 1
2404 6234 1
6234 4848 1
4848 1964 1
1964 3279 1
3279 306 1
533 1479 1
2441 6982 1
6982 1152 1
1152 6655 1
5672 433 1
433 1964 2
1964 3799 4
3799 1479 2
1479 3830 1
3830 2108 1
2108 414 1
414 3527 1
6494 433 1
294 1376 1
3527 2115 1
2115 3140 1
3140 3527 1
6494 3799 1
3799 2446 1
2446 293 1
3226 3429 1
3429 2548 1
2548 3527 1
2441 6245 1
6245 5825 1
5825 1964 1
3443 1964 2
3799 1964 1
6851 294 1
294 4143 1
4143 2841 1
7140 2107 1
3565 3443 1
3799 3527 1
3527 233 1
4649 2566 1
5831 3527 1
6275 6405 1
4056 4238 1
4238 2107 1
7014 1126 1
7296 459 1
2817 4659 1
4659 4767 1
981 4589 1
4589 2972 1
2972 948 1
948 6712 1
1403 1502 1
6888 1466 1
1466 3079 1
2817 2982 1
2982 1482 1
1482 4056 1
303 4688 2
6741 3090 1
3090 981 1
7156 4645 1
4645 6656 1
6656 3303 1
3303 1152 1
1152 4112 1
4112 3116 1
3284 6538 1
6538 6180 1
1075 2841 1
5308 6683 1
6995 6135 1
6135 1829 1
1829 4056 2
4056 982 1
982 3095 2
7306 324 1
324 1402 1
1402 7054 1
7181 5681 1
5681 3785 1
3785 1930 1
1930 5662 1
5662 2037 2
2037 6466 4
6466 6022 1
6022 3298 1
3285 6768 1
6768 324 1
3528 700 1
700 5211 1
5211 7158 1
700 5831 2
5831 1340 1
6494 1981 1
7181 6506 1
7306 6678 1
6678 306 1
306 193 1
7016 261 1
261 5296 1
5296 1964 1
6223 7135 1
7135 7099 1
7099 603 1
700 738 1
738 3528 1
3528 17 1
17 1730 1
1730 3528 1
3528 4259 2
4259 5662 1
5662 5780 1
5780 342 1
342 1566 1
1566 5585 1
5585 306 1
306 4463 1
4463 6656 1
1480 4233 1
4233 2222 1
2222 3634 1
6538 5687 1
5687 926 1
926 5831 1
5831 97 1
303 1067 1
1067 3537 1
3537 7306 1
1333 5157 1
5157 306 1
5601 3259 1
3259 501 1
501 7296 1
303 184 1
184 3433 1
3433 2236 1
3528 1570 1
1 6594 1
6594 3095 1
6223 4387 1
303 6011 1
3526 7062 1
7062 700 1
700 4259 1
4259 1964 1
1758 3528 2
1723 6493 1
2789 4826 1
4826 6668 1
6668 1187 1
3254 1 1
7159 1773 1
1773 1964 1
4274 7054 1
7054 6425 1
6425 3241 1
3241 2892 1
2892 7306 1
1507 5662 1
7306 4660 1
4660 4735 1
4735 3146 1
5676 3702 1
3702 3045 1
3045 450 1
5547 2556 1
1964 3315 1
3315 5662 1
5779 1858 1
1858 3808 1
7015 5026 1
634 3601 1
3601 4093 1
4093 3028 1
1964 1344 1
1344 378 1
378 4374 1
4374 2097 1
5676 6741 1
6741 5993 1
5993 684 1
684 6996 1
6996 6412 1
6412 3978 1
3978 667 1
667 7156 1
3095 6084 3
6084 2817 1
356 2107 1
2719 1979 1
4729 3095 2
5005 3263 1
3263 4056 1
4056 3226 1
3291 4688 1
4098 2091 1
2091 1 1
1964 6655 2
5672 4143 1
6145 2817 1
1502 7305 1
7305 306 1
4200 2097 1
2097 7236 1
7236 2895 1
2895 5028 1
5028 2841 1
3315 3956 1
3956 684 1
2531 1 1
1 3506 2
4467 1148 1
1148 3565 1
3565 666 1
666 6538 1
6538 2904 1
4076 2358 1
2358 6224 1
6224 6656 1
303 3203 1
3203 5028 1
5028 3259 1
3259 344 1
344 981 1
1502 2643 1
2643 7306 1
4472 2466 1
2466 2841 1
2516 981 1
1947 6420 1
3609 2643 1
2643 1906 1
1906 3207 1
108 2643 1
2643 981 1
5662 2643 2
2643 1482 1
7014 981 1
6538 6298 1
6298 6633 1
4200 1114 2
1114 4925 1
4686 6180 1
4990 5892 1
2849 6068 1
6068 1238 1
1238 4076 1
4076 269 1
7306 5013 1
5013 3433 1
3433 1964 1
2817 6661 1
6661 684 2
4200 2466 1
2466 2643 1
2643 4921 1
4921 5662 1
5662 219 1
219 2453 1
2453 2505 1
2505 6420 1
7306 1858 1
1858 3526 1
5662 2516 1
2516 1648 1
1648 5736 1
6223 3623 1
3623 4272 1
2522 173 1
173 1268 1
1268 1281 1
1281 968 1
968 1979 1
1979 6655 1
5672 5662 2
5892 6329 1
6329 2643 1
2643 306 2
306 7239 2
7239 1 2
1 7239 1
7239 3072 1
3072 2841 1
989 6626 1
7306 6682 1
6682 1964 1
1114 6655 1
6655 7156 2
6420 1187 2
1187 3254 2
2107 3254 1
3254 7156 1
437 6430 1
6430 6618 1
6618 4112 1
3652 6538 1
3292 1944 1
1187 6655 1
5672 603 1
603 1474 1
1474 3254 1
7306 3739 2
3739 1114 1
1114 306 1
306 3420 1
3420 634 1
1964 3739 1
3739 293 1
2737 6656 1
1340 6439 1
6439 6271 1
6271 6405 1
6223 233 1
233 401 1
401 2627 1
2627 4283 1
4283 1126 1
1126 5228 1
4688 3808 1
3808 5566 1
5566 5848 1
5848 6299 1
6299 5788 1
1031 1964 2
6633 7160 1
7160 2104 1
2104 6031 1
3276 2446 1
5921 5993 1
6633 720 1
720 2841 1
2841 7152 1
7152 520 1
141 3527 1
7306 3656 1
552 3492 1
3492 1 1
6420 4461 1
3011 5256 1
5256 6925 1
6925 1964 1
1263 3467 2
1126 3217 1
3217 5774 1
5774 7306 1
7306 4105 1
4105 2841 1
6494 5464 1
5464 4112 1
2286 2253 1
2253 2440 1
5328 4681 1
684 5831 4
1971 401 1
5779 7019 1
6209 7296 1
4390 6506 1
7333 455 1
6490 6015 1
7239 6490 1
6490 2904 1
2904 6490 1
6490 4733 1
4733 306 1
306 1855 1
1855 1964 1
1964 3987 1
3987 684 1
1964 3907 1
3907 5213 1
5213 7306 1
5779 6506 1
6506 7239 1
7239 7306 1
3095 6015 1
7158 6655 1
5672 5892 1
5892 4892 1
1964 5339 1
5339 5662 1
7306 3683 1
3683 293 1
2532 1479 1
3527 437 1
437 1964 1
2817 3998 1
3998 6412 1
6412 3594 1
973 5512 1
5512 7156 1
4740 1964 1
1964 1422 1
315 219 1
3219 2906 1
2906 1527 1
1527 6727 1
1233 4387 1
2758 1263 1
1268 2942 1
2942 6655 1
6655 4892 1
1117 7306 1
5480 6506 1
577 3095 1
2789 3651 1
3651 2107 1
5921 6044 1
6084 4688 1
7156 6925 1
6925 6738 2
6738 558 1
558 3467 1
3467 7016 1
7016 5789 1
1502 1979 2
1979 2841 1
76 981 1
7156 1263 1
4485 3620 1
401 3199 1
3199 2719 1
1403 6695 1
6695 4280 1
4387 76 1
76 3095 1
3095 1561 1
1561 3433 1
3433 1114 1
1482 6626 1
6626 6655 1
5672 4969 1
5754 5481 1
5481 1 1
1466 6245 1
3264 3634 1
6274 1 1
2286 1188 1
1188 684 1
684 1497 1
1497 1964 2
1964 1497 1
1964 2643 1
2643 6656 1
4206 7239 1
7239 3079 1
3079 6434 1
6434 1964 1
1964 4679 1
4679 4112 1
4112 7224 1
4112 476 1
476 1964 1
2236 3467 1
6925 5848 1
2906 5789 1
6973 1809 1
1809 6420 1
1964 6350 1
6350 3528 1
3528 7309 1
7309 7306 1
5709 1 1
6626 2643 1
2643 4679 1
4679 6656 1
4112 2555 1
2555 6655 1
5672 2107 1
2107 6682 1
6682 4117 1
4117 401 1
401 6544 1
6544 5140 1
981 1026 1
4518 7156 1
5538 2862 1
2862 591 1
2745 566 1
3528 6740 3
6477 1981 1
684 4284 1
4284 4187 1
4187 1 1
3527 6095 1
6095 5662 1
7306 7239 1
1 2643 1
2643 1964 1
1964 713 1
713 500 1
6979 6626 1
7306 3357 1
1964 3000 2
3000 1502 1
1482 5915 1
7297 5279 1
5279 4627 1
353 6538 1
3565 99 1
99 5959 1
7253 3290 1
3095 1532 1
1532 3526 1
2817 3529 1
3529 4112 1
4112 7046 1
7046 6546 1
6546 6412 1
2107 1333 1
303 2745 1
2745 1479 1
1479 64 1
5848 1874 1
4200 7306 1
6633 1263 1
6888 3095 1
5793 441 1
441 2865 1
1403 6180 1
1964 6164 1
6164 306 1
6452 4533 1
4533 2097 1
5688 7306 1
1126 981 1
6538 5320 1
5320 3259 1
644 3467 1
3467 1433 1
1433 795 1
795 6538 1
2906 6666 1
6666 1527 1
1527 3226 1
2719 6467 1
6467 3161 1
3161 306 1
1340 4461 1
4461 7099 1
5630 950 1
1964 1807 1
1807 1964 1
1910 3290 1
3290 929 1
293 4893 1
4893 3565 1
3565 3085 1
3085 684 1
293 7099 1
7099 1154 1
1154 6025 1
6025 3095 1
2622 7299 1
7299 1479 1
303 3703 1
3703 3163 1
3163 5892 1
5892 981 1
5892 926 1
603 1502 1
3526 5660 1
5660 5159 1
1964 1376 1
6740 3959 1
3959 1964 1
1037 6456 1
6456 1117 1
1117 711 1
711 3764 1
1964 1561 1
1561 3259 1
6846 6525 1
6525 6925 1
6925 4284 1
3081 1076 1
1076 1723 1
7156 5419 1
5419 883 1
883 3528 1
3207 5676 1
455 1152 1
1152 2841 1
1723 603 1
1758 700 1
6452 4319 1
1964 4000 1
4000 401 1
2236 7309 1
7309 1 1
3612 5217 1
5217 6626 1
303 5501 1
5501 2419 1
1964 5960 1
5960 3095 1
1979 2532 1
3528 3199 1
7099 552 1
6973 3259 1
6452 3528 1
2817 2236 1
2817 4448 1
2817 173 1
173 779 1
4255 298 1
298 3259 1
3259 108 1
7255 1233 1
1233 3904 1
3904 1550 1
6538 1550 1
6405 5450 1
5450 6456 1
6519 306 1
1161 6044 1
5660 2817 1
2817 6487 1
6487 4259 1
1152 3259 1
6538 3616 1
3616 2817 1
7276 6506 1
5374 3808 1
6451 6538 1
5848 7264 1
7264 7156 1
303 4959 1
6506 7179 1
7179 1842 1
1842 3526 1
2817 6498 2
6498 2571 1
2571 6493 1
6493 5217 1
1233 705 1
705 3904 1
764 4627 1
4627 3526 1
3526 4917 1
2097 7269 1
6223 5962 1
1 2419 1
2419 684 1
634 7179 1
7179 3259 1
6498 2817 1
1981 5687 1
5687 2885 1
2885 3235 1
1964 1832 1
1448 6044 1
6044 152 1
152 6223 1
6223 2384 1
2384 2097 1
1566 3467 1
1403 371 1
371 2107 1
2036 1268 1
1263 1566 1
1566 173 1
1233 3946 1
3946 1 1
6538 1873 1
1873 7250 1
7250 1550 1
1550 7271 1
7271 306 1
383 3942 1
3942 1964 1
5966 4335 1
4335 3526 1
3526 5531 1
5531 7271 1
7271 3704 1
3704 1964 1
1964 1850 1
1850 1964 1
2236 6538 2
6538 6172 1
6172 1964 1
2817 2442 1
2400 2440 1
6420 3652 1
3652 1 1
6490 6280 1
6280 303 1
1 4946 1
4946 98 1
1117 6777 1
6777 518 1
518 3528 1
3528 262 2
4686 6559 1
6559 1964 1
1964 5216 2
5216 5113 1
5113 6656 1
2817 2896 1
989 5966 1
5966 2403 1
5547 4116 1
3528 5536 1
5536 6179 1
6179 6017 2
6017 5966 1
5966 972 1
972 1550 2
2817 518 1
518 2970 1
2970 5968 1
306 5685 1
3569 1 1
3095 3569 1
3569 2817 1
2097 2521 1
6223 2889 1
2889 2817 1
2817 5717 2
1964 5108 1
3528 2717 1
2717 5779 2
3565 4116 1
6006 401 1
6017 1758 1
1758 7158 1
6175 76 1
6456 2442 1
2442 3528 1
3528 810 1
810 5966 1
6494 107 1
2817 1 1
1 2498 1
2498 6405 1
3528 7054 1
7054 2709 1
2709 6506 1
6506 6018 1
6018 303 1
5754 2817 1
2817 3617 1
3617 4280 1
4280 3528 1
3528 6682 1
6682 7156 1
6626 2045 1
2045 1259 1
3528 4156 1
4156 6972 1
4116 1134 1
1134 6618 1
303 7255 1
3528 5922 1
5922 1114 1
107 4742 1
4742 1263 1
5676 2521 1
6420 5717 1
5717 1964 1
1964 5016 1
5016 7113 1
7113 2468 1
303 4859 1
4859 2747 1
7098 5194 1
5547 6506 1
7256 4686 1
4142 3095 1
6143 2097 1
6538 3627 1
3627 926 1
6173 2747 1
2747 4093 1
1482 5968 1
6017 2498 1
2498 1402 1
2696 416 1
3732 1134 1
1134 7255 1
7255 5774 1
5774 6485 1
6485 1 1
6044 1714 1
219 6736 2
6736 3242 2
3242 5267 1
5267 3095 1
2107 7015 2
684 892 1
892 929 1
1964 4878 1
4878 303 1
1 5773 1
7014 3244 1
4878 7158 1
7158 6405 1
6405 1682 1
1682 2817 1
684 5281 1
401 5281 1
5281 6538 1
6055 4688 1
3264 1809 1
1809 5216 1
5216 2236 1
7296 6846 1
6846 6490 1
6490 6186 1
6186 3999 1
3999 394 1
394 6538 1
3808 214 1
214 1964 1
1964 2410 1
2410 5837 1
5837 6477 1
6477 2817 1
2817 6784 1
6784 3526 1
7183 5384 1
5384 5619 1
5619 940 1
7016 3919 1
3919 3526 1
3264 3259 1
5848 1128 1
1128 6386 1
6386 6609 1
6609 7296 1
5676 6324 1
6324 3095 1
3095 1635 1
1635 1422 1
3150 5287 1
5287 4115 1
4115 6715 1
6715 360 1
360 6490 1
6490 3660 1
397 5536 1
5536 2817 1
6863 4115 1
4115 1718 1
1718 5131 1
5131 7227 1
7227 7017 1
7158 2609 1
7217 4558 1
4558 2817 1
5631 6493 1
6493 306 1
3526 158 1
158 3095 1
293 2982 1
2982 4687 1
4687 2609 1
2609 5763 1
5763 3737 1
3099 3207 1
3526 3972 1
3972 7113 1
7113 1045 1
1045 603 1
2107 2559 1
2559 241 1
397 241 1
397 3259 1
1233 4638 1
4638 1964 1
1417 4332 1
603 4525 1
883 6405 1
65 7296 1
3585 1 1
1 2239 1
2817 4320 1
4320 5306 1
5848 293 2
293 315 1
315 6129 1
6129 7306 1
7306 4102 1
4102 2841 1
2841 682 1
6420 1318 1
1318 1259 1
1259 5415 1
5415 5306 1
2841 2730 1
2730 6508 1
6508 5306 1
1114 3242 1
1530 3290 1
5306 5848 1
3095 1158 1
1158 4387 1
4387 1318 2
1318 6626 1
7018 6097 1
6097 985 1
985 5115 1
5115 7306 1
640 1944 1
7156 1435 1
5681 5848 1
7306 3413 1
3413 6538 1
1550 1318 1
1318 3526 2
3526 4274 1
4274 2002 1
6276 7255 1
7255 1 2
1233 6263 1
6865 3526 1
3526 7016 2
303 5676 1
5676 4452 1
4452 3660 1
5220 6493 1
3081 5627 1
5627 5662 1
7306 3660 1
3660 7098 1
7017 1481 1
1481 7306 1
2236 4883 2
1018 1758 1
1152 5760 1
5760 1318 1
1318 4112 1
3264 2904 1
2904 3526 1
950 4178 1
1964 5227 1
5227 4407 1
4407 2766 1
2766 2107 1
2107 2741 1
4686 6329 1
5631 2368 1
2368 4464 1
4464 1952 1
3095 5198 2
6452 4112 1
4112 1631 1
1631 4845 1
4845 3526 1
7098 3566 1
1 5231 1
5231 1322 1
1322 6190 1
1575 3422 1
3422 3526 1
1964 3714 1
3714 2674 1
2674 1 1
3665 4626 1
4626 2236 1
2236 3972 1
3972 3385 1
3526 3035 1
3035 2671 1
2671 2394 2
2394 7158 1
2934 3090 1
4093 640 1
684 2066 1
2066 2107 1
361 1964 1
356 6174 1
6683 1318 1
6735 1318 1
5304 3494 1
3494 6215 1
6215 6412 1
6412 5004 1
5004 1964 1
1274 5662 1
236 698 1
698 3804 1
3804 2841 1
2841 2059 1
2059 3626 1
3626 3028 1
6420 4093 1
3164 3281 1
3281 1 1
4485 236 1
236 1333 1
303 6498 1
6498 306 1
6082 5630 1
5630 3529 1
3529 849 1
849 1964 1
4558 3526 1
2817 5116 1
5116 1318 1
1318 4347 1
1964 3919 1
3919 5414 1
5414 6506 1
3254 3244 1
981 4688 1
7016 378 1
1344 3298 1
3090 5595 1
5595 1482 1
2440 324 1
324 5595 1
5595 6169 1
3526 6923 1
6923 3528 1
1018 64 1
2107 981 2
4686 4527 1
6169 6405 1
3526 5417 1
5417 3526 1
7160 4962 1
4962 981 1
1964 5630 1
5630 849 1
849 6271 1
6271 6082 1
6082 981 1
981 1318 2
3526 1654 1
6941 6025 1
6025 7156 1
306 6325 1
6325 1964 1
3735 6506 1
2236 1318 1
1318 6683 1
6683 2747 1
7098 3526 1
4547 1259 1
1259 3467 1
3467 981 1
981 1482 1
1482 6618 1
6618 6386 1
744 7306 1
1114 700 1
233 6385 1
6385 3526 1
1964 6585 1
6585 3701 1
3701 744 1
744 2107 1
7296 6585 1
6585 6405 1
1964 5829 2
5829 1 2
1482 1 1
1482 5630 1
5630 603 1
64 6405 1
644 4645 1
4645 3264 1
225 4579 1
4579 7098 1
4686 4396 1
2934 7159 1
7159 3602 1
3602 6506 1
1403 2562 2
2841 7062 2
356 4280 1
378 2021 1
2021 4381 1
4381 1403 1
1964 4229 1
4229 5595 1
5595 2097 1
6412 6390 1
6390 7306 1
4686 3416 1
2107 2934 1
2934 4093 1
3526 782 1
782 6508 1
6508 6405 1
6186 2107 1
6851 3433 1
3433 6972 1
6972 2659 1
2659 344 1
4539 1195 1
1195 6581 1
6581 2107 1
6626 1308 1
401 5300 1
5300 3207 1
5773 4280 1
4280 3526 2
3526 378 2
5287 3292 1
3292 6618 1
6618 6364 1
6364 7306 1
3735 684 1
5274 7019 1
293 611 1
611 1 1
1964 5760 2
5760 3609 1
4565 4112 1
3293 1141 1
3526 5882 1
5882 7296 1
6245 2021 1
2021 684 1
2817 1480 1
828 2841 1
243 7016 1
7016 846 1
846 1 1
6066 6263 1
843 6656 1
2097 1318 1
1318 3259 1
3259 6656 1
3526 1340 1
2097 215 2
215 1482 1
1482 3285 1
530 3290 1
1947 1191 1
1191 6508 1
6508 4098 1
4098 2906 1
5892 3974 1
3974 2841 1
3626 1979 1
3634 1318 1
6506 4142 1
6700 7171 1
3095 6698 1
6698 989 1
306 1528 1
1528 1456 1
5669 6538 1
634 3114 1
3114 2634 1
2634 981 1
3526 3228 1
981 5131 1
5131 2817 1
2817 2556 1
2556 97 1
3116 500 1
700 644 1
644 5094 1
5094 3526 1
3526 6438 1
6438 6653 1
6653 3808 1
141 1958 1
3527 141 2
6017 6506 1
2817 3361 1
3361 1964 1
4676 1981 1
2817 4389 1
6740 1550 1
5547 2817 1
3244 6420 1
3028 1964 1
4347 5145 1
6476 6006 1
6006 684 1
684 1207 1
1207 3506 1
4686 6858 1
1964 1867 1
1867 6135 1
2817 4859 1
6506 7077 1
2922 5125 1
3973 6386 1
6386 5829 1
5829 4386 1
2841 4739 4
4739 6748 1
6748 3207 1
7156 3263 1
3263 1 1
6506 5407 1
5407 7092 1
7092 2817 1
2817 4346 1
1344 2817 1
5662 1456 2
1456 5668 2
5668 1810 1
1810 2841 1
4739 1550 1
1550 5829 2
5829 3259 1
1964 4434 1
4434 3526 1
3494 6211 1
6211 4490 1
4490 2121 1
2121 4056 1
4280 1482 1
3163 3259 1
3259 5829 1
5829 6405 1
4892 6493 1
5848 4344 1
4344 1344 1
1344 5829 1
5829 378 1
378 4033 1
4033 2021 1
2841 2562 1
2562 2236 1
2909 7192 1
7192 1 1
4371 3620 1
4280 5829 1
5829 981 1
5892 1344 1
1344 5217 1
5217 6655 1
5959 2236 1
1344 6655 1
5672 1263 2
3355 7306 1
1126 4927 1
4927 2275 1
2275 6506 1
214 3319 1
3319 1964 1
5829 6494 1
6494 1627 1
1627 2236 1
378 1 1
4466 1033 1
1033 684 1
684 6925 1
6925 5662 2
5662 1512 1
6412 6570 1
6570 7306 1
5964 4098 1
303 6218 1
6218 1038 1
1038 7317 1
3527 2763 1
2763 108 1
6796 3290 1
981 5818 4
5818 6922 2
6922 455 1
7297 5687 1
3116 4479 1
4479 981 2
5818 1193 2
1193 1 1
1193 347 1
3526 4479 2
4479 6405 1
5938 700 1
5964 3526 1
401 453 1
453 450 1
7018 7297 2
5681 1548 1
306 1914 1
1914 6788 1
6788 1114 1
1114 6223 1
6223 7041 1
7041 682 1
682 7173 1
7173 2841 1
1548 5662 1
981 1906 1
1906 6413 2
6413 5384 1
5754 5811 1
5811 1 1
1 1906 1
6413 6880 1
6880 6577 1
5173 4125 1
6370 2119 1
2119 2609 1
2609 1575 1
3526 6916 1
6916 3290 1
7173 6044 1
6044 5560 1
5560 981 1
3079 1964 1
981 7297 2
6044 4479 1
4479 7152 1
7152 2877 1
2877 981 1
1 2523 1
2523 1981 1
1981 6609 1
6609 5818 1
5818 1039 1
1039 6218 1
6218 1193 1
1193 3290 1
3290 1259 1
4539 5848 1
2713 603 1
981 5788 1
2719 5818 1
5818 3768 2
3768 3527 1
2789 4327 1
4327 1 1
391 6490 1
6490 2522 1
2522 981 1
603 2027 2
2027 2841 1
1 5818 1
3768 1964 1
644 7297 1
1548 6618 1
2440 5074 1
5074 7297 1
5681 1445 1
2440 603 1
981 236 2
236 3901 1
3901 7306 1
5848 3927 1
3927 7306 1
7306 191 1
191 5662 1
5662 3888 1
3888 6506 1
5848 5818 1
5818 1137 2
1137 603 2
6506 5788 1
6895 685 1
685 6618 1
6618 1548 1
1548 981 1
4532 1715 1
1715 3244 1
4524 603 1
2027 1114 1
2744 7158 1
7158 108 1
108 4532 1
4532 981 1
981 2441 2
2441 1114 1
1114 4524 1
4524 981 3
3467 4524 1
3116 7099 1
1145 4524 1
981 1285 1
1285 1263 1
401 3116 1
3116 6626 2
6626 3970 1
3970 1263 1
1469 1 1
6736 5399 1
5399 293 1
293 2440 1
5773 981 1
6538 700 1
1145 1114 1
1964 6097 1
6097 3095 1
3095 6824 1
6824 293 1
4042 4538 1
4538 1981 1
1981 3265 1
347 5882 1
5882 5662 1
7296 547 1
547 347 1
347 6412 1
6412 4042 1
4042 3267 1
3267 6656 1
6656 2404 1
2404 3726 1
3726 1964 1
6490 1212 1
1212 2906 1
2906 7054 1
3127 537 1
1 3118 1
3118 2841 1
2404 455 1
455 1981 1
1981 6068 1
6068 5773 1
236 6959 1
6959 7306 1
5681 236 1
236 6923 1
1417 5818 1
5818 1038 1
1038 3050 1
3050 7297 1
5676 3267 1
3267 2107 1
3527 3963 1
3963 981 1
3095 5676 1
5676 1502 1
3527 3644 1
3644 981 1
2441 3527 1
1114 3726 1
3726 981 1
2747 2733 2
2733 1 1
6420 1417 1
6506 2747 1
2733 603 1
2440 1417 1
1417 4303 1
4303 1964 1
1114 7297 1
303 4464 1
1340 6026 1
2622 2694 1
4112 3270 1
3270 5270 1
5270 7158 1
7158 5662 1
7296 6824 1
6824 5818 1
6922 450 1
401 6153 1
6153 4425 1
4425 6403 1
6403 63 1
63 4055 1
4055 1964 1
4627 1949 1
1949 2982 1
2982 2410 1
2410 1333 1
7181 6626 1
6626 3576 1
3576 1114 1
1482 5882 1
293 1144 1
4348 7158 1
7296 5374 1
5374 1964 1
5174 1 1
293 3758 1
3758 2107 1
5921 700 1
3526 4524 2
4524 236 1
236 2640 1
2640 1482 1
4524 4359 1
4359 293 1
634 5676 1
2817 4668 1
4668 3290 1
684 6432 1
6432 7156 1
4221 1964 1
5779 2817 1
2817 6257 1
6257 684 1
634 7297 1
5681 5619 1
5619 6310 1
6310 5198 1
5198 5662 1
5140 1981 1
1981 2358 1
5773 391 1
2522 3528 1
4523 5882 1
5287 6429 1
6429 1 1
1 2802 1
1 4309 1
4309 1 1
1 2567 1
6221 5878 1
5878 926 1
684 6822 1
6822 1 1
3263 5844 1
5662 5668 1
5668 1964 2
5829 1195 1
3284 1550 2
3528 5920 1
5920 7306 1
3095 836 1
836 1964 1
2719 3057 1
3057 700 1
700 5120 1
5120 6656 1
2817 4206 1
1964 5026 1
5026 2817 1
2817 1114 2
3095 2817 1
7181 76 1
76 5662 1
6466 1964 1
4826 6733 1
347 1550 1
5250 972 1
972 7218 1
7218 7099 1
1964 1145 1
1145 1144 1
6017 5306 1
5306 7178 1
7178 2110 1
2110 2789 1
2559 6824 1
6824 1114 1
6490 1466 1
2532 4525 1
303 7178 1
7178 347 1
1944 3090 1
3090 6017 1
6017 3808 1
7014 6017 1
6017 7014 1
2440 3207 1
2841 5919 1
5919 2974 1
2974 3095 1
1469 5287 1
5287 603 1
1964 3416 1
3416 7306 1
6626 1191 1
1479 2789 1
2532 193 1
2747 603 1
3242 4518 1
4518 1026 1
303 1341 1
1341 578 1
578 1 1
6412 1340 1
1340 4126 1
4126 1538 1
1538 6812 1
6812 7306 1
193 4126 1
4126 293 1
293 1538 1
5676 233 1
6135 2566 1
663 233 1
233 3095 1
3095 5978 1
5978 3226 1
3226 5820 1
5820 3226 1
3226 2531 1
2531 5818 1
5818 5572 1
5572 2107 1
6768 2789 1
4801 2107 1
7306 6611 1
6611 3634 1
6274 698 1
698 2236 1
6223 4335 1
2097 4485 1
4485 603 1
700 193 1
193 5739 1
5739 7306 1
6740 3079 1
3079 233 1
3528 5538 1
6768 603 1
603 1263 1
1310 4627 1
4627 5498 1
5498 4676 1
4676 5789 1
5789 1195 1
2104 1287 1
1287 960 1
6493 1417 1
5829 6135 1
6420 2866 1
2866 3467 1
1964 1026 1
1026 5739 1
5739 1263 1
6538 5513 1
5513 7156 1
7156 4681 1
4681 5016 1
5016 2865 1
2841 2222 1
2222 450 1
1758 1964 1
682 293 1
2693 1758 1
1758 4688 1
2236 603 1
233 7102 1
7102 1134 1
1134 6447 1
4098 7077 1
7077 3634 1
7077 6208 1
6208 3095 1
3095 2614 1
989 684 1
684 5231 1
5231 603 1
1187 193 1
2122 962 1
962 1417 1
2633 1114 1
1114 3608 1
3608 293 1
6420 3467 1
1 1152 2
3527 1724 1
269 1645 1
4686 2663 1
2663 4143 1
4143 306 1
7306 666 1
764 5042 1
5042 981 1
7014 6324 1
6324 3416 1
3416 4729 1
4729 5782 1
2286 1479 1
1479 3719 1
3259 1130 1
1130 6760 1
4634 1 1
1482 4625 1
2239 1550 1
4686 4373 1
4373 2236 1
2236 1033 1
1033 5380 1
5380 7306 1
3527 4892 1
5829 5304 1
5304 6279 1
6279 1964 1
2817 1868 1
1868 4187 1
303 1758 1
1758 603 1
1075 3303 1
3303 6910 1
6910 3163 1
7156 5473 1
5473 1456 1
7156 5188 1
5188 2817 1
3603 1964 1
1964 5188 1
5188 3219 1
3219 1403 1
1403 3634 1
3634 2634 1
2634 1501 1
1501 3095 1
3528 3491 1
3491 4617 1
4617 5882 1
5882 3527 1
3527 1987 1
1987 1964 1
4098 1981 1
764 6490 1
6490 2906 1
2906 3095 1
141 1964 1
3095 5810 1
5810 2841 1
1 169 1
169 193 1
193 1550 1
2817 1527 1
1964 3245 1
3095 5095 1
5095 3527 1
3527 4725 1
4725 7306 1
7306 4185 1
4185 4112 2
6223 2122 1
6490 5913 1
344 2107 1
2107 435 1
435 269 1
269 2074 1
2074 1026 1
4518 3284 1
1161 1 1
1 5829 1
5829 684 1
1482 3210 1
3210 2446 1
2789 5095 1
5095 455 1
455 5955 1
7306 5695 1
5695 306 1
1018 5407 1
981 3608 1
3608 926 1
1480 1287 1
3467 5095 1
5095 1479 1
6741 3095 1
378 4347 1
4347 6438 1
1456 3290 1
1964 1456 2
1456 6735 1
1018 5789 1
6741 7077 1
1217 1456 1
1456 378 1
378 3163 1
3163 667 1
5919 6508 1
6508 3095 1
3794 6655 1
5672 6538 1
668 1 1
1456 5848 1
1482 5419 1
5419 1012 1
1012 2634 1
1480 2634 1
2634 603 1
7297 6889 1
6889 7309 1
7309 1527 1
1911 4893 1
7296 6855 1
6855 3259 1
303 2566 1
2566 4280 1
644 1964 1
5736 921 1
921 3095 1
4649 3527 1
1858 5754 1
5754 5737 1
5737 6772 1
6772 7306 1
1964 6891 1
6891 1550 3
5595 2656 1
1126 6037 1
6037 6223 1
3527 5796 1
5796 2097 1
6437 2122 1
2122 7014 1
2633 3090 1
3090 5829 1
2789 5005 1
3526 2888 1
2888 1964 1
1191 6169 1
3095 1562 1
1562 2532 1
3095 5417 1
5417 2532 1
2532 1 1
2789 6881 1
6881 2789 1
303 2505 1
2719 927 1
927 5415 1
5415 2021 1
2021 6667 1
3527 5924 1
5924 1670 1
1670 1 1
4174 7156 1
5829 3095 1
2097 6888 1
2862 378 1
6490 4185 1
6490 4725 1
4725 361 1
361 4173 1
1482 4688 1
2614 6736 1
3527 6897 1
6897 6490 1
6490 4636 1
6405 4967 1
4967 2495 1
981 1152 1
6223 1763 1
1763 6538 1
6538 2296 1
2296 1480 1
1964 3501 1
1964 1075 1
347 4632 1
4632 3095 1
6760 5280 1
5280 7306 1
6733 4636 1
1188 5662 1
6508 7306 2
6022 5773 1
2789 6760 1
6760 1126 1
1550 4493 1
4493 6655 1
6134 3808 2
3808 4097 2
4097 1144 1
7306 6178 1
6178 3285 1
3285 4112 1
1075 3404 1
3404 1340 1
1340 2419 1
5831 6656 1
3501 5993 1
4068 1 1
1 538 1
538 3527 1
3527 5737 1
7017 7159 1
7159 1259 1
5773 6506 1
303 1141 1
7018 4407 1
3527 3452 1
3452 1 1
5125 6740 1
5462 6180 1
506 968 1
1964 5737 1
5737 6656 1
3527 1299 1
1299 1 1
3527 6833 1
6833 5754 1
5754 5787 1
5787 989 1
6135 3925 1
1594 6211 1
6211 3565 1
3565 1473 1
3095 5407 1
5407 6508 1
6246 1645 1
2766 452 1
303 1089 1
1089 3528 1
2361 3630 1
3630 6656 1
306 7091 1
7091 1964 1
344 6211 1
6211 981 1
981 3665 1
3665 7306 1
6633 4056 1
4056 2021 1
3207 2122 1
2122 4056 2
4056 1114 1
4490 698 1
698 2841 1
4739 3207 1
3241 4056 2
1117 1575 1
1575 1333 1
3081 5653 1
5653 306 1
657 2446 1
4472 4386 1
7296 1981 1
1981 5684 1
5684 3634 1
3634 5818 1
5818 7306 1
303 4446 1
4446 3565 1
3565 5042 1
5042 3259 1
6851 3527 1
3527 5439 1
5439 4056 1
4056 2107 1
2107 261 1
1964 702 1
702 566 1
2286 7160 1
7160 6683 1
6494 6683 1
6683 6508 1
6055 2841 1
2841 3277 1
3277 1964 1
1964 6215 1
6215 1318 3
5662 5759 1
5759 1550 1
6145 5631 1
2737 3011 1
3011 7306 1
5892 1829 1
3904 414 1
4559 2841 1
6494 4116 1
4116 6655 1
5672 262 2
6538 1769 1
7156 6789 1
6538 4142 1
4142 3163 1
3163 989 1
1964 7160 1
7160 221 1
221 6186 1
453 3095 1
5754 6788 2
6788 1 1
3527 654 1
3526 1527 1
1527 5915 1
193 4387 1
4387 1287 1
7296 4725 1
2841 6995 1
6995 1964 1
1340 1035 1
1035 3526 1
3526 4649 1
4649 2841 1
7179 5334 1
5334 682 1
682 4895 1
4895 1964 1
1403 1114 1
1466 7317 1
7317 6850 1
6850 4165 1
4386 1550 1
1550 6501 1
6501 4187 1
1187 5662 1
1 6215 1
5669 4625 1
1550 6508 4
6508 306 1
7297 6925 1
6738 3365 1
3365 1 1
3152 1126 1
1126 7016 1
7016 4148 1
4148 1233 1
4920 401 1
401 1907 1
1907 3116 1
3116 7158 1
303 3179 1
3179 96 1
96 2107 1
6661 6860 1
6860 6412 1
6412 3968 1
3968 1964 1
3284 1206 1
306 6274 1
6274 7054 1
7054 5805 1
3526 412 1
412 6044 1
6044 7296 1
3090 6538 1
968 7309 1
1964 1817 1
1817 4349 1
4349 1550 1
1770 7296 1
7296 3163 1
3163 3800 1
3800 3612 1
3612 347 1
5287 6447 1
6447 7099 1
401 7017 2
7017 4148 1
4148 3116 1
3526 4559 1
4559 3419 1
3419 2622 1
2622 401 1
7017 4073 1
4073 2236 1
2236 4678 1
4678 2306 1
2306 3528 1
3528 1323 1
1323 5626 1
5626 1233 2
1147 6706 1
7014 1851 1
1851 1 1
4211 7156 1
3528 3649 1
3649 3526 1
1502 5687 1
5687 3960 1
3960 306 1
6221 3462 1
3565 4903 1
4903 2841 1
7062 6506 1
2097 2404 1
2097 2279 1
2279 2358 1
2358 334 1
334 306 1
306 6230 1
6230 1 1
5631 6494 1
6494 5876 1
5876 1964 1
3303 3264 1
3264 6494 1
6494 2904 1
356 4618 1
4618 3526 1
520 4387 1
4883 6490 1
6490 1263 1
1964 1577 1
1577 1920 1
1920 3090 1
3090 4255 1
356 1144 1
1144 6925 1
5630 6234 1
6234 5687 1
5687 4112 1
1195 4861 1
4861 3506 1
3506 1152 1
1152 277 1
277 4686 1
6740 4411 1
401 1191 1
1191 6223 1
6223 5626 1
1233 5131 1
3634 3219 1
3219 1187 1
6626 4284 1
4284 6215 1
1318 4631 1
4631 1964 1
3095 3387 1
3528 6282 1
6282 7102 1
5921 4688 1
3526 3178 2
3178 3116 2
4883 6618 1
2505 7297 1
7297 2633 1
2633 7306 1
2789 792 1
792 5216 1
5216 108 1
108 4652 1
4652 4532 1
4532 1 1
1 3609 1
1550 2186 1
2186 6494 1
3526 7161 1
4097 1964 1
3526 6208 1
684 4098 1
4098 1 1
6223 244 1
244 1964 1
3095 4300 1
4300 7306 1
5779 1067 1
1067 7156 1
4645 2671 1
2394 2841 1
4093 5938 1
5938 3203 1
3203 682 1
682 431 1
431 1 1
4239 6626 1
108 7175 1
7175 4532 1
2719 3694 1
3694 778 1
778 7297 1
5773 684 1
2906 3808 1
2559 7306 1
4893 6420 1
5017 401 1
3284 603 1
603 4470 1
4470 5848 1
1018 3620 1
3620 1144 1
1144 3893 1
3893 5662 1
5662 5139 1
5139 1964 1
2296 2906 1
3528 2869 1
2869 3259 1
3095 3642 1
3642 1 1
344 1417 1
3116 6661 1
6661 6493 1
684 1550 1
3632 1 1
5547 3226 1
2562 3095 1
4369 3149 1
3149 6405 1
4893 6534 1
6534 2841 1
3626 1263 1
1263 5783 1
5783 6888 1
7158 3116 1
7015 6891 1
1550 215 1
215 1 2
3526 5576 1
5576 2002 1
7296 5750 1
5750 1114 1
1964 6858 1
6858 3808 1
3808 6494 1
401 455 1
1187 2737 1
2737 6648 1
6648 5269 1
5269 7306 1
3164 4547 1
4547 7306 1
1232 1550 1
1488 1770 1
2906 2495 1
2495 6656 1
5631 303 1
1964 2633 1
2633 6420 1
7102 1340 1
1340 2789 1
6486 3259 1
3259 2734 1
2734 4893 1
4893 2002 1
3528 5115 1
5115 6420 1
6420 1263 1
5462 347 1
347 3303 1
5993 1481 1
1481 2111 1
2111 306 1
3528 6354 1
6354 3116 1
634 2389 1
6847 5833 1
2841 6644 1
6644 1964 1
989 3560 1
3560 2841 1
6487 5773 1
5773 1938 2
1938 3528 1
5760 4809 1
6851 6086 1
1 2633 1
6494 6134 1
6134 7019 1
7019 3808 1
3808 142 1
142 6493 1
2817 3311 1
3311 397 1
397 6609 1
6609 4993 1
4993 4093 1
1964 4681 1
4681 1158 1
1158 2097 1
2097 1018 1
3095 6093 1
6093 1964 1
1126 5938 1
3079 400 1
5779 6486 1
6486 3526 1
3116 1232 1
1232 2442 1
2442 1715 1
1114 2906 1
455 1318 1
1318 6493 1
6494 6002 1
6002 1 1
170 1318 1
1318 1550 1
3526 3493 1
3493 1233 1
6412 6844 1
6844 7306 1
1318 3302 1
3164 1417 1
4525 7306 1
1233 4377 1
4377 6186 1
7156 5811 1
3526 1274 1
3526 400 1
1964 1811 1
1811 7158 1
7296 3384 1
3227 544 1
544 1964 1
3467 6626 1
1502 3319 1
3319 459 1
3634 1435 1
5626 3526 1
219 4686 1
1981 5688 1
1758 3526 1
3526 7018 1
3467 7062 1
7062 4688 1
7297 7062 1
3808 6648 1
6648 2021 1
2021 7156 1
3526 1117 2
1117 3095 1
3467 6979 1
1964 520 1
520 1 1
1482 2835 1
3244 7296 1
4892 1 1
3095 6032 1
6032 1 1
1 5470 1
5470 6475 1
5672 6490 1
1318 2107 1
7306 2718 1
2718 4598 1
4598 1964 1
1964 2672 1
2672 6490 1
1480 3416 1
3416 3527 1
3527 4729 1
7306 1575 1
1575 5848 1
7156 5829 2
5829 303 1
5417 2236 1
7098 972 1
1550 97 1
3116 634 1
2737 6655 1
5672 1195 1
2286 215 2
455 1456 1
5669 7306 1
7306 682 1
6538 1004 1
5672 4386 1
4386 4913 1
4913 7306 1
7306 5120 1
5120 2097 1
215 306 1
2286 1417 1
6135 2817 1
500 2906 1
6043 2561 1
2561 7158 1
7158 6057 1
6057 1259 1
1259 5595 1
5595 3259 1
303 180 1
180 1 1
6412 3445 1
3445 2107 1
2107 2236 1
4925 7306 1
5125 7113 1
7113 2114 1
2114 4495 1
4495 306 1
2286 3201 1
3201 696 1
696 6655 1
3565 4559 1
1938 7158 1
6486 5796 1
5796 5660 1
3079 7264 1
7264 981 1
6456 1333 1
1333 5281 1
7156 5839 1
5839 6656 1
6099 1964 1
6740 6135 1
6135 603 1
684 6208 1
6208 6156 1
1964 1909 1
1909 5662 1
452 1964 1
1217 7184 1
7184 5145 1
5145 3467 1
5125 306 1
6788 2817 1
2817 5831 1
1964 6234 1
6234 3526 1
3526 4753 1
4753 3690 1
950 2107 1
3419 4187 1
981 7279 1
7279 1114 1
7306 1340 1
1340 2107 1
926 4093 1
4615 981 1
6494 981 1
6736 6440 1
6440 3526 1
1715 1964 1
981 3701 1
3701 360 1
360 6456 1
3219 6633 1
5848 6475 1
6475 7306 1
7016 3651 1
3651 1114 1
7296 5829 2
684 1114 1
684 347 1
6508 3585 1
3585 97 1
3116 193 1
193 2712 1
2712 3585 1
3585 95 1
95 3302 1
7102 7296 1
6633 2714 1
2714 1026 1
1026 3565 1
3526 1613 1
1613 3207 1
3095 1613 1
1613 7306 1
7102 981 1
3585 2817 1
6508 5568 1
6405 5773 1
2107 4783 1
4783 3526 1
5473 1 1
3095 3613 1
3613 684 1
3526 2418 1
2418 950 1
1191 6032 1
6032 3219 1
1502 6655 1
6245 5270 1
5270 7054 1
3127 7077 1
7077 1550 1
7077 2102 1
3284 4387 1
4387 700 1
2383 1964 1
324 4076 1
1964 2802 1
2802 1114 1
1114 401 1
3095 4010 1
4010 700 1
700 5779 1
4801 3095 1
2789 7156 1
2817 6245 1
6245 5773 1
303 395 1
4686 2906 1
1482 5577 1
5577 1064 1
1964 2352 1
2352 4051 1
3634 5297 1
5297 778 1
778 1964 1
1964 491 1
1075 400 1
4255 1187 1
1187 391 1
1964 1757 1
1757 3527 1
4048 4003 1
4003 306 1
324 2166 1
2567 1259 1
1259 5269 1
5269 1026 1
4518 3001 1
3001 306 1
5688 1936 1
1936 2430 1
2430 3889 1
3889 7158 1
3095 5909 2
5909 3467 1
1323 5051 1
5051 6508 1
6508 5662 2
7239 7156 1
1466 684 1
3095 2069 1
2069 2817 1
6851 6760 1
1964 6925 1
6925 2817 1
2817 1819 1
1819 1482 1
5688 2817 1
5889 779 1
4197 6626 1
1964 4320 1
4320 1 1
5717 5662 1
1357 1141 1
3528 5008 1
5008 2717 1
700 6179 1
6017 6490 1
3528 107 1
303 3147 1
262 6618 1
926 7255 1
173 3973 1
1910 6652 1
6652 3290 1
5964 5882 1
3226 1538 1
5723 6405 1
700 3491 1
3491 7294 1
7294 6251 1
6251 2903 1
2903 2817 1
2817 6988 1
6988 7156 1
3000 401 1
401 7170 1
5977 7017 1
7017 7306 1
1964 768 1
1430 603 1
603 5788 1
2719 4332 1
6506 1 1
1 7333 2
6135 5831 1
5831 3284 1
1550 3285 1
2107 3290 1
3290 3113 1
3113 7294 1
7294 603 1
6506 760 1
6633 4932 1
4932 4175 1
4175 1981 1
3303 682 1
682 7127 1
7127 3259 1
6538 401 1
3634 1009 1
6720 684 1
1964 212 1
1191 3906 1
3906 3526 1
634 5810 1
500 3569 1
2369 2841 1
2434 1 1
7015 2789 1
2789 5281 1
5281 5882 1
5882 6633 1
6633 6699 1
6699 3259 1
3259 5993 1
5993 1479 1
5287 6330 1
6330 3095 1
6785 459 1
7156 6723 1
6723 2107 1
2122 1114 1
2296 1 1
3808 6332 1
6332 1964 1
6538 347 1
116 5306 1
3095 6661 2
6661 2440 1
2440 981 1
5672 97 1
3116 3245 1
3245 3526 1
6661 3526 1
3565 4385 1
4385 1527 1
1964 3109 1
3109 1964 1
3565 5831 1
1964 1965 1
1965 520 1
306 7062 1
6999 1550 1
7309 6490 1
5048 6538 1
6538 6186 1
6186 5820 1
2404 950 1
1617 1 1
1 3268 1
3268 1629 1
1629 2107 1
2107 1484 1
1484 1964 1
2403 3528 1
2029 3241 1
3241 4772 1
4772 1763 1
1763 3526 1
107 3095 1
2719 810 1
3526 517 1
3095 5267 1
5267 1 1
1502 5752 1
5752 2107 1
684 7099 1
1920 7156 1
7297 5538 1
5538 751 1
751 3254 1
3095 751 1
751 6626 1
6626 2102 1
5938 4763 1
4763 6655 1
5676 6618 1
6618 4386 1
1530 1233 1
1944 6494 1
6494 6221 1
6811 6789 1
6789 1144 1
1144 2694 1
2694 2922 1
2922 3527 1
6223 6307 1
3527 7016 1
5048 1233 1
3238 5547 1
5547 3527 1
5754 1582 1
1582 6405 1
6633 4539 1
4539 3526 1
3526 3587 1
3587 1479 1
6740 5752 1
5752 603 1
7296 577 1
577 7296 1
5287 4720 1
1502 4902 1
4902 1114 1
2410 4112 1
2262 3095 1
4126 3492 1
1026 6655 1
6263 6626 1
1152 1289 1
2414 2107 1
2107 31 1
31 6655 1
3527 1769 1
4932 3527 1
3527 3355 1
3355 1114 1
3720 3527 1
4336 1259 1
7306 2693 1
2404 4720 1
6022 1066 1
1066 7306 1
7306 728 1
728 5993 1
5993 6655 1
4458 830 1
830 1964 1
6245 5993 1
2841 6508 1
6508 4145 1
4145 3816 1
3816 1114 1
1920 6195 1
6195 3526 1
7014 3646 1
3646 306 1
6260 7306 1
2693 6494 1
6494 3646 1
3646 193 1
2747 981 1
5672 3212 1
6405 2005 1
2005 347 1
3095 6538 1
5829 3526 1
1114 926 1
1502 6538 1
6626 5788 1
2719 6633 1
926 929 1
6930 603 1
985 5507 1
5507 7296 1
7296 3491 1
3491 6508 1
7306 2532 1
6748 603 1
293 7015 1
7015 929 1
6930 778 1
778 2011 1
2011 2404 1
2404 5788 1
779 6506 1
6044 3575 1
3575 6655 1
6538 5505 1
5505 7156 1
6736 1134 1
1134 3155 1
3155 5306 1
603 3467 1
6506 1456 1
5669 5505 1
5505 1482 1
219 2236 1
3526 5774 1
5774 2744 1
5848 635 1
635 5249 1
3612 1195 1
6084 1964 1
6412 5848 1
5848 5105 1
5105 306 1
1195 7156 1
1126 3904 1
6538 3254 1
5374 293 1
6223 3712 1
3712 5662 1
5662 4740 1
4458 5470 1
5470 3528 1
3692 451 1
451 1964 2
2107 764 1
4470 2236 1
2236 2726 1
6922 4931 1
4931 7306 2
6055 6626 1
3527 3908 1
3908 7306 1
7306 4648 1
4648 6655 1
6456 2097 1
7297 4856 1
2681 3095 1
2236 6655 2
5672 4931 1
7296 6464 1
6464 1403 1
1403 882 1
882 3095 1
3325 2998 1
2998 303 1
5278 4688 2
4488 6398 1
6398 6656 1
764 7052 1
7052 4901 1
4901 1964 1
1289 6405 1
3494 3526 1
3526 741 1
741 5779 1
6863 6405 1
684 6057 1
949 1 1
4458 5848 1
4763 6221 1
6811 1181 1
1181 3585 1
4112 1582 1
1582 1947 1
1947 375 1
6251 6986 1
1964 537 1
537 1259 1
7158 3585 1
3585 5752 1
5752 3116 1
7333 3240 1
4552 613 1
613 1263 1
1263 7297 1
5676 2719 1
7296 5329 1
5329 2107 1
6412 593 1
593 1964 1
344 4524 1
7306 3585 1
3585 3116 2
3116 6655 1
4458 981 1
5672 2982 1
2982 3527 1
5829 1304 1
1304 173 1
173 3527 1
3527 4332 1
1480 2906 1
7296 3487 1
3487 5287 1
3739 3526 1
1964 4961 1
4961 1550 1
3528 3151 1
3151 603 1
1964 6433 1
6433 6412 1
6412 1132 1
1132 5676 1
3871 1550 1
6638 6244 1
6244 2716 1
2716 6747 1
6747 7156 1
1482 7297 1
7297 1410 1
1410 2634 1
2634 3056 1
3056 2841 1
5287 347 1
347 3634 1
3650 1267 1
6633 3241 1
3095 4487 2
4487 981 1
5672 303 1
6633 1144 1
5287 4051 1
4051 6169 1
6633 4051 1
4051 7156 1
5829 1906 1
1906 7156 1
1947 3290 1
3467 4056 2
4487 6655 1
4458 3095 1
6143 4165 1
4165 1964 1
1964 6283 1
6283 981 1
2916 3095 1
3095 7156 1
7156 3491 1
3491 6633 1
1 4207 1
4207 6386 1
6386 4056 1
4056 2122 1
4056 6412 1
5681 3290 1
455 4893 1
4893 1550 1
451 3528 1
306 6328 1
6328 1964 1
6583 6405 1
2505 5662 1
3528 4490 1
4490 2841 1
4739 7306 1
3528 2903 1
2903 99 1
99 1417 1
5274 6143 1
6143 3155 1
3155 749 1
749 293 1
7156 753 1
753 3526 1
4056 3207 1
3207 3529 1
3529 6506 1
6506 698 1
698 4892 1
7154 3259 1
3259 3529 1
3529 7054 1
7054 2505 1
7016 4641 1
4641 2841 1
1335 7156 1
2505 1 1
4686 4332 1
7306 1819 1
1819 6508 1
6508 3467 1
1840 401 1
7297 2082 1
2082 5662 1
5662 4115 1
4115 7156 1
3526 2965 1
2965 303 1
293 4115 1
4115 3526 1
3526 6715 1
6715 1964 1
3526 6895 1
6895 293 1
293 3585 1
303 1123 1
1123 5752 1
2817 6715 1
6715 173 1
173 6674 1
6674 1233 1
1233 6490 1
2817 5057 1
5057 293 1
293 506 1
5676 6867 1
6867 4901 1
4901 5280 1
6405 1644 1
1644 1 1
3526 5752 1
2817 4137 1
4137 293 1
1344 2841 1
3871 1770 1
1770 293 1
1550 6554 1
6554 634 1
634 4625 1
4625 293 1
609 4056 1
4056 7158 1
3116 6026 1
6026 3526 1
3526 673 1
673 1964 1
1018 293 1
3526 5029 1
5029 5662 1
6912 1964 1
5662 2801 1
2801 1964 1
293 939 1
939 1964 1
2306 3177 1
3177 2817 1
2719 3585 1
3634 7062 1
4458 6748 1
6748 2107 1
4524 1318 1
1318 6891 1
6508 3528 1
3528 6738 1
6738 3279 1
3279 6863 1
7014 1480 1
1117 684 1
1867 6209 1
5909 1964 1
1964 5585 1
1187 2817 1
2817 4369 1
4369 1233 1
215 1259 1
1259 5817 1
5817 5329 1
6538 4210 1
4210 3526 1
3526 6097 1
6749 1964 1
684 6464 1
7015 5779 1
1233 3378 1
2789 219 1
2766 3290 1
603 929 1
929 7156 1
2841 1231 1
1231 3626 1
3626 981 1
7156 1085 1
7306 561 1
561 1964 1
4922 1 1
5287 195 1
3565 5295 2
5295 603 1
764 4525 1
5287 4922 1
4922 3527 1
1480 4922 1
4922 4572 1
5274 1944 1
5295 7296 1
4386 1117 1
981 2115 1
2115 3285 1
3285 6661 1
684 692 1
692 3986 1
3986 1964 1
2841 4380 1
4380 4901 1
4901 2097 1
2097 2036 1
2036 2841 1
2841 2037 3
6466 3126 1
3126 2841 1
4336 6506 1
2037 2353 1
2353 1 1
1340 636 1
6740 378 1
378 1569 1
1964 5099 1
5099 3528 1
3095 5099 1
5099 981 1
684 7054 1
7054 7219 1
530 5662 1
4589 306 1
6734 3526 1
6405 6530 1
6530 3526 1
378 929 1
378 1233 1
1233 4729 1
4729 293 1
5274 929 1
3526 4969 1
3526 4890 1
4890 4523 1
4523 6538 1
1340 7156 1
7156 4101 1
1482 2505 1
7099 4909 1
4909 3466 1
4636 1 1
5220 2097 1
3526 3290 1
1196 6633 1
6633 4490 1
4490 2236 1
4539 4688 1
303 6438 1
3671 6538 1
6538 1121 1
1121 4575 1
3278 5754 1
5754 5216 1
5216 2841 1
7061 501 1
501 246 1
246 1964 1
1191 2508 1
2508 4187 1
4187 2358 1
2358 7077 1
7077 1 1
219 4051 1
7297 3808 1
7296 2146 1
2146 4051 1
2227 6490 1
6490 3250 1
7306 4051 1
4051 3242 1
6733 2841 1
6466 5418 1
5418 6508 1
5672 6022 1
6022 7306 1
7306 6868 1
6868 1964 1
1964 596 1
596 1 1
6736 5014 1
5014 2295 1
2295 5662 1
5662 6034 1
6034 4740 1
4740 929 1
